6545,112747 7204,872213 0,000000
6595,112747 7204,872213 0,000000
6645,112747 7204,872213 0,000000
6695,112747 7204,872213 0,000000
6745,112747 7204,872213 0,000000
6795,112747 7204,872213 0,000000
6845,112747 7204,872213 0,000000
6895,112747 7204,872213 0,000000
6945,112747 7204,872213 0,000000
6995,112747 7204,872213 0,000000
7045,112747 7204,872213 0,000000
7095,112747 7204,872213 0,000000
7145,112747 7204,872213 0,000000
7195,112747 7204,872213 0,000000
7245,112747 7204,872213 0,000000
7295,112747 7204,872213 0,000000
7345,112747 7204,872213 0,000000
7395,112747 7204,872213 0,000000
7445,112747 7204,872213 0,000000
7495,112747 7204,872213 0,000000
7545,112747 7204,872213 0,000000
7595,112747 7204,872213 0,000000
7645,112747 7204,872213 0,000000
7695,112747 7204,872213 0,000000
7745,112747 7204,872213 0,000000
7795,112747 7204,872213 0,000000
7845,112747 7204,872213 0,000000
7895,112747 7204,872213 0,000000
7945,112747 7204,872213 0,000000
7995,112747 7204,872213 0,000000
8045,112747 7204,872213 0,000000
8095,112747 7204,872213 0,000000
8145,112747 7204,872213 0,000000
8195,112747 7204,872213 0,000000
8245,112747 7204,872213 0,000000
8295,112747 7204,872213 0,000000
8345,112747 7204,872213 0,000000
8395,112747 7204,872213 0,000000
8445,112747 7204,872213 0,000000
8495,112747 7204,872213 -0,000007
8545,112747 7204,872213 0,000002
8595,112747 7204,872213 0,000134
8645,112747 7204,872213 0,000016
8695,112747 7204,872213 -0,002780
8745,112747 7204,872213 -0,003372
8795,112747 7204,872213 0,052310
8845,112747 7204,872213 0,152237
8895,112747 7204,872213 -0,721002
8945,112747 7204,872213 -4,132365
8995,112747 7204,872213 4,440594
9045,112747 7204,872213 77,167548
9095,112747 7204,872213 77,167548
9145,112747 7204,872213 4,440594
9195,112747 7204,872213 -4,132365
9245,112747 7204,872213 -0,721002
9295,112747 7204,872213 0,152237
9345,112747 7204,872213 0,052310
9395,112747 7204,872213 -0,003372
9445,112747 7204,872213 -0,002780
9495,112747 7204,872213 0,000016
9545,112747 7204,872213 0,000134
9595,112747 7204,872213 0,000002
9645,112747 7204,872213 -0,000007
9695,112747 7204,872213 0,000000
9745,112747 7204,872213 0,000000
9795,112747 7204,872213 0,000000
9845,112747 7204,872213 0,000000
9895,112747 7204,872213 0,000000
9945,112747 7204,872213 0,000000
9995,112747 7204,872213 0,000000
10045,112747 7204,872213 0,000000
10095,112747 7204,872213 0,000000
10145,112747 7204,872213 0,000000
10195,112747 7204,872213 0,000000
10245,112747 7204,872213 0,000000
10295,112747 7204,872213 0,000000
10345,112747 7204,872213 0,000000
10395,112747 7204,872213 0,000000
10445,112747 7204,872213 0,000000
10495,112747 7204,872213 0,000000
10545,112747 7204,872213 0,000000
10595,112747 7204,872213 0,000000
10645,112747 7204,872213 0,000000
10695,112747 7204,872213 0,000000
10745,112747 7204,872213 0,000000
10795,112747 7204,872213 0,000000
10845,112747 7204,872213 0,000000
10895,112747 7204,872213 0,000000
10945,112747 7204,872213 0,000000
10995,112747 7204,872213 0,000000
11045,112747 7204,872213 0,000000
11095,112747 7204,872213 0,000000
11145,112747 7204,872213 0,000000
11195,112747 7204,872213 0,000000
11245,112747 7204,872213 0,000000
11295,112747 7204,872213 0,000000
11345,112747 7204,872213 0,000000
11395,112747 7204,872213 0,000000
11445,112747 7204,872213 0,000000
11495,112747 7204,872213 0,000000
11545,112747 7204,872213 0,000000
11595,112747 7204,872213 0,000000
11645,112747 7204,872213 0,000000
11695,112747 7204,872213 0,000000
11745,112747 7204,872213 0,000000
11795,112747 7204,872213 0,000000
11845,112747 7204,872213 0,000000
11895,112747 7204,872213 0,000000
11945,112747 7204,872213 0,000000
11995,112747 7204,872213 0,000000
12045,112747 7204,872213 0,000000
12095,112747 7204,872213 0,000000
12145,112747 7204,872213 0,000000
12195,112747 7204,872213 0,000000
12245,112747 7204,872213 0,000000
12295,112747 7204,872213 0,000000
12345,112747 7204,872213 0,000000
12395,112747 7204,872213 0,000000
12445,112747 7204,872213 0,000000
12495,112747 7204,872213 0,000000
12545,112747 7204,872213 0,000000
12595,112747 7204,872213 0,000000
12645,112747 7204,872213 0,000000
12695,112747 7204,872213 0,000000
12745,112747 7204,872213 0,000000
12795,112747 7204,872213 0,000000
12845,112747 7204,872213 0,000000
12895,112747 7204,872213 0,000000
12945,112747 7204,872213 0,000000
12995,112747 7204,872213 0,000000
13045,112747 7204,872213 0,000000
13095,112747 7204,872213 0,000000
13145,112747 7204,872213 0,000000
13195,112747 7204,872213 0,000000
13245,112747 7204,872213 0,000000
13295,112747 7204,872213 0,000000
13345,112747 7204,872213 0,000000
13395,112747 7204,872213 0,000000
13445,112747 7204,872213 0,000000
13495,112747 7204,872213 0,000000
13545,112747 7204,872213 0,000000
13595,112747 7204,872213 0,000000
13645,112747 7204,872213 0,000000
13695,112747 7204,872213 0,000000
13745,112747 7204,872213 0,000000
13795,112747 7204,872213 0,000000
13845,112747 7204,872213 0,000000
13895,112747 7204,872213 0,000000
13945,112747 7204,872213 0,000000
13995,112747 7204,872213 0,000000
6545,112747 7254,872213 0,000000
6595,112747 7254,872213 0,000000
6645,112747 7254,872213 0,000000
6695,112747 7254,872213 0,000000
6745,112747 7254,872213 0,000000
6795,112747 7254,872213 0,000000
6845,112747 7254,872213 0,000000
6895,112747 7254,872213 0,000000
6945,112747 7254,872213 0,000000
6995,112747 7254,872213 0,000000
7045,112747 7254,872213 0,000000
7095,112747 7254,872213 0,000000
7145,112747 7254,872213 0,000000
7195,112747 7254,872213 0,000000
7245,112747 7254,872213 0,000000
7295,112747 7254,872213 0,000000
7345,112747 7254,872213 0,000000
7395,112747 7254,872213 0,000000
7445,112747 7254,872213 0,000000
7495,112747 7254,872213 0,000000
7545,112747 7254,872213 0,000000
7595,112747 7254,872213 0,000000
7645,112747 7254,872213 0,000000
7695,112747 7254,872213 0,000000
7745,112747 7254,872213 0,000000
7795,112747 7254,872213 0,000000
7845,112747 7254,872213 0,000000
7895,112747 7254,872213 0,000000
7945,112747 7254,872213 0,000000
7995,112747 7254,872213 0,000000
8045,112747 7254,872213 0,000000
8095,112747 7254,872213 0,000000
8145,112747 7254,872213 0,000000
8195,112747 7254,872213 0,000000
8245,112747 7254,872213 0,000000
8295,112747 7254,872213 0,000000
8345,112747 7254,872213 0,000000
8395,112747 7254,872213 0,000001
8445,112747 7254,872213 0,000000
8495,112747 7254,872213 -0,000014
8545,112747 7254,872213 -0,000015
8595,112747 7254,872213 0,000235
8645,112747 7254,872213 0,000490
8695,112747 7254,872213 -0,003540
8745,112747 7254,872213 -0,011998
8795,112747 7254,872213 0,044782
8845,112747 7254,872213 0,238644
8895,112747 7254,872213 -0,477428
8945,112747 7254,872213 -4,370413
8995,112747 7254,872213 2,932376
9045,112747 7254,872213 77,167548
9095,112747 7254,872213 77,167548
9145,112747 7254,872213 2,932376
9195,112747 7254,872213 -4,370413
9245,112747 7254,872213 -0,477428
9295,112747 7254,872213 0,238644
9345,112747 7254,872213 0,044782
9395,112747 7254,872213 -0,011998
9445,112747 7254,872213 -0,003540
9495,112747 7254,872213 0,000490
9545,112747 7254,872213 0,000235
9595,112747 7254,872213 -0,000015
9645,112747 7254,872213 -0,000014
9695,112747 7254,872213 0,000000
9745,112747 7254,872213 0,000001
9795,112747 7254,872213 0,000000
9845,112747 7254,872213 0,000000
9895,112747 7254,872213 0,000000
9945,112747 7254,872213 0,000000
9995,112747 7254,872213 0,000000
10045,112747 7254,872213 0,000000
10095,112747 7254,872213 0,000000
10145,112747 7254,872213 0,000000
10195,112747 7254,872213 0,000000
10245,112747 7254,872213 0,000000
10295,112747 7254,872213 0,000000
10345,112747 7254,872213 0,000000
10395,112747 7254,872213 0,000000
10445,112747 7254,872213 0,000000
10495,112747 7254,872213 0,000000
10545,112747 7254,872213 0,000000
10595,112747 7254,872213 0,000000
10645,112747 7254,872213 0,000000
10695,112747 7254,872213 0,000000
10745,112747 7254,872213 0,000000
10795,112747 7254,872213 0,000000
10845,112747 7254,872213 0,000000
10895,112747 7254,872213 0,000000
10945,112747 7254,872213 0,000000
10995,112747 7254,872213 0,000000
11045,112747 7254,872213 0,000000
11095,112747 7254,872213 0,000000
11145,112747 7254,872213 0,000000
11195,112747 7254,872213 0,000000
11245,112747 7254,872213 0,000000
11295,112747 7254,872213 0,000000
11345,112747 7254,872213 0,000000
11395,112747 7254,872213 0,000000
11445,112747 7254,872213 0,000000
11495,112747 7254,872213 0,000000
11545,112747 7254,872213 0,000000
11595,112747 7254,872213 0,000000
11645,112747 7254,872213 0,000000
11695,112747 7254,872213 0,000000
11745,112747 7254,872213 0,000000
11795,112747 7254,872213 0,000000
11845,112747 7254,872213 0,000000
11895,112747 7254,872213 0,000000
11945,112747 7254,872213 0,000000
11995,112747 7254,872213 0,000000
12045,112747 7254,872213 0,000000
12095,112747 7254,872213 0,000000
12145,112747 7254,872213 0,000000
12195,112747 7254,872213 0,000000
12245,112747 7254,872213 0,000000
12295,112747 7254,872213 0,000000
12345,112747 7254,872213 0,000000
12395,112747 7254,872213 0,000000
12445,112747 7254,872213 0,000000
12495,112747 7254,872213 0,000000
12545,112747 7254,872213 0,000000
12595,112747 7254,872213 0,000000
12645,112747 7254,872213 0,000000
12695,112747 7254,872213 0,000000
12745,112747 7254,872213 0,000000
12795,112747 7254,872213 0,000000
12845,112747 7254,872213 0,000000
12895,112747 7254,872213 0,000000
12945,112747 7254,872213 0,000000
12995,112747 7254,872213 0,000000
13045,112747 7254,872213 0,000000
13095,112747 7254,872213 0,000000
13145,112747 7254,872213 0,000000
13195,112747 7254,872213 0,000000
13245,112747 7254,872213 0,000000
13295,112747 7254,872213 0,000000
13345,112747 7254,872213 0,000000
13395,112747 7254,872213 0,000000
13445,112747 7254,872213 0,000000
13495,112747 7254,872213 0,000000
13545,112747 7254,872213 0,000000
13595,112747 7254,872213 0,000000
13645,112747 7254,872213 0,000000
13695,112747 7254,872213 0,000000
13745,112747 7254,872213 0,000000
13795,112747 7254,872213 0,000000
13845,112747 7254,872213 0,000000
13895,112747 7254,872213 0,000000
13945,112747 7254,872213 0,000000
13995,112747 7254,872213 0,000000
6545,112747 7304,872213 0,000000
6595,112747 7304,872213 0,000000
6645,112747 7304,872213 0,000000
6695,112747 7304,872213 0,000000
6745,112747 7304,872213 0,000000
6795,112747 7304,872213 0,000000
6845,112747 7304,872213 0,000000
6895,112747 7304,872213 0,000000
6945,112747 7304,872213 0,000000
6995,112747 7304,872213 0,000000
7045,112747 7304,872213 0,000000
7095,112747 7304,872213 0,000000
7145,112747 7304,872213 0,000000
7195,112747 7304,872213 0,000000
7245,112747 7304,872213 0,000000
7295,112747 7304,872213 0,000000
7345,112747 7304,872213 0,000000
7395,112747 7304,872213 0,000000
7445,112747 7304,872213 0,000000
7495,112747 7304,872213 0,000000
7545,112747 7304,872213 0,000000
7595,112747 7304,872213 0,000000
7645,112747 7304,872213 0,000000
7695,112747 7304,872213 0,000000
7745,112747 7304,872213 0,000000
7795,112747 7304,872213 0,000000
7845,112747 7304,872213 0,000000
7895,112747 7304,872213 0,000000
7945,112747 7304,872213 0,000000
7995,112747 7304,872213 0,000000
8045,112747 7304,872213 0,000000
8095,112747 7304,872213 0,000000
8145,112747 7304,872213 0,000000
8195,112747 7304,872213 0,000000
8245,112747 7304,872213 0,000000
8295,112747 7304,872213 0,000000
8345,112747 7304,872213 0,000000
8395,112747 7304,872213 0,000001
8445,112747 7304,872213 0,000003
8495,112747 7304,872213 -0,000014
8545,112747 7304,872213 -0,000055
8595,112747 7304,872213 0,000170
8645,112747 7304,872213 0,001042
8695,112747 7304,872213 -0,001420
8745,112747 7304,872213 -0,017165
8795,112747 7304,872213 -0,001126
8845,112747 7304,872213 0,236099
8895,112747 7304,872213 0,360448
8945,112747 7304,872213 -2,185666
8995,112747 7304,872213 -6,982459
9045,112747 7304,872213 3,065143
9095,112747 7304,872213 3,065143
9145,112747 7304,872213 -6,982459
9195,112747 7304,872213 -2,185666
9245,112747 7304,872213 0,360448
9295,112747 7304,872213 0,236099
9345,112747 7304,872213 -0,001126
9395,112747 7304,872213 -0,017165
9445,112747 7304,872213 -0,001420
9495,112747 7304,872213 0,001042
9545,112747 7304,872213 0,000170
9595,112747 7304,872213 -0,000055
9645,112747 7304,872213 -0,000014
9695,112747 7304,872213 0,000003
9745,112747 7304,872213 0,000001
9795,112747 7304,872213 0,000000
9845,112747 7304,872213 0,000000
9895,112747 7304,872213 0,000000
9945,112747 7304,872213 0,000000
9995,112747 7304,872213 0,000000
10045,112747 7304,872213 0,000000
10095,112747 7304,872213 0,000000
10145,112747 7304,872213 0,000000
10195,112747 7304,872213 0,000000
10245,112747 7304,872213 0,000000
10295,112747 7304,872213 0,000000
10345,112747 7304,872213 0,000000
10395,112747 7304,872213 0,000000
10445,112747 7304,872213 0,000000
10495,112747 7304,872213 0,000000
10545,112747 7304,872213 0,000000
10595,112747 7304,872213 0,000000
10645,112747 7304,872213 0,000000
10695,112747 7304,872213 0,000000
10745,112747 7304,872213 0,000000
10795,112747 7304,872213 0,000000
10845,112747 7304,872213 0,000000
10895,112747 7304,872213 0,000000
10945,112747 7304,872213 0,000000
10995,112747 7304,872213 0,000000
11045,112747 7304,872213 0,000000
11095,112747 7304,872213 0,000000
11145,112747 7304,872213 0,000000
11195,112747 7304,872213 0,000000
11245,112747 7304,872213 0,000000
11295,112747 7304,872213 0,000000
11345,112747 7304,872213 0,000000
11395,112747 7304,872213 0,000000
11445,112747 7304,872213 0,000000
11495,112747 7304,872213 0,000000
11545,112747 7304,872213 0,000000
11595,112747 7304,872213 0,000000
11645,112747 7304,872213 0,000000
11695,112747 7304,872213 0,000000
11745,112747 7304,872213 0,000000
11795,112747 7304,872213 0,000000
11845,112747 7304,872213 0,000000
11895,112747 7304,872213 0,000000
11945,112747 7304,872213 0,000000
11995,112747 7304,872213 0,000000
12045,112747 7304,872213 0,000000
12095,112747 7304,872213 0,000000
12145,112747 7304,872213 0,000000
12195,112747 7304,872213 0,000000
12245,112747 7304,872213 0,000000
12295,112747 7304,872213 0,000000
12345,112747 7304,872213 0,000000
12395,112747 7304,872213 0,000000
12445,112747 7304,872213 0,000000
12495,112747 7304,872213 0,000000
12545,112747 7304,872213 0,000000
12595,112747 7304,872213 0,000000
12645,112747 7304,872213 0,000000
12695,112747 7304,872213 0,000000
12745,112747 7304,872213 0,000000
12795,112747 7304,872213 0,000000
12845,112747 7304,872213 0,000000
12895,112747 7304,872213 0,000000
12945,112747 7304,872213 0,000000
12995,112747 7304,872213 0,000000
13045,112747 7304,872213 0,000000
13095,112747 7304,872213 0,000000
13145,112747 7304,872213 0,000000
13195,112747 7304,872213 0,000000
13245,112747 7304,872213 0,000000
13295,112747 7304,872213 0,000000
13345,112747 7304,872213 0,000000
13395,112747 7304,872213 0,000000
13445,112747 7304,872213 0,000000
13495,112747 7304,872213 0,000000
13545,112747 7304,872213 0,000000
13595,112747 7304,872213 0,000000
13645,112747 7304,872213 0,000000
13695,112747 7304,872213 0,000000
13745,112747 7304,872213 0,000000
13795,112747 7304,872213 0,000000
13845,112747 7304,872213 0,000000
13895,112747 7304,872213 0,000000
13945,112747 7304,872213 0,000000
13995,112747 7304,872213 0,000000
6545,112747 7354,872213 0,000000
6595,112747 7354,872213 0,000000
6645,112747 7354,872213 0,000000
6695,112747 7354,872213 0,000000
6745,112747 7354,872213 0,000000
6795,112747 7354,872213 0,000000
6845,112747 7354,872213 0,000000
6895,112747 7354,872213 0,000000
6945,112747 7354,872213 0,000000
6995,112747 7354,872213 0,000000
7045,112747 7354,872213 0,000000
7095,112747 7354,872213 0,000000
7145,112747 7354,872213 0,000000
7195,112747 7354,872213 0,000000
7245,112747 7354,872213 0,000000
7295,112747 7354,872213 0,000000
7345,112747 7354,872213 0,000000
7395,112747 7354,872213 0,000000
7445,112747 7354,872213 0,000000
7495,112747 7354,872213 0,000000
7545,112747 7354,872213 0,000000
7595,112747 7354,872213 0,000000
7645,112747 7354,872213 0,000000
7695,112747 7354,872213 0,000000
7745,112747 7354,872213 0,000000
7795,112747 7354,872213 0,000000
7845,112747 7354,872213 0,000000
7895,112747 7354,872213 0,000000
7945,112747 7354,872213 0,000000
7995,112747 7354,872213 0,000000
8045,112747 7354,872213 0,000000
8095,112747 7354,872213 0,000000
8145,112747 7354,872213 0,000000
8195,112747 7354,872213 0,000000
8245,112747 7354,872213 0,000000
8295,112747 7354,872213 0,000000
8345,112747 7354,872213 0,000000
8395,112747 7354,872213 0,000001
8445,112747 7354,872213 0,000005
8495,112747 7354,872213 -0,000004
8545,112747 7354,872213 -0,000076
8595,112747 7354,872213 -0,000038
8645,112747 7354,872213 0,001018
8695,112747 7354,872213 0,001909
8745,112747 7354,872213 -0,010331
8795,112747 7354,872213 -0,038947
8845,112747 7354,872213 0,051034
8895,112747 7354,872213 0,461506
8945,112747 7354,872213 0,354573
8995,112747 7354,872213 -2,145875
9045,112747 7354,872213 -4,096914
9095,112747 7354,872213 -4,096914
9145,112747 7354,872213 -2,145875
9195,112747 7354,872213 0,354573
9245,112747 7354,872213 0,461506
9295,112747 7354,872213 0,051034
9345,112747 7354,872213 -0,038947
9395,112747 7354,872213 -0,010331
9445,112747 7354,872213 0,001909
9495,112747 7354,872213 0,001018
9545,112747 7354,872213 -0,000038
9595,112747 7354,872213 -0,000076
9645,112747 7354,872213 -0,000004
9695,112747 7354,872213 0,000005
9745,112747 7354,872213 0,000001
9795,112747 7354,872213 0,000000
9845,112747 7354,872213 0,000000
9895,112747 7354,872213 0,000000
9945,112747 7354,872213 0,000000
9995,112747 7354,872213 0,000000
10045,112747 7354,872213 0,000000
10095,112747 7354,872213 0,000000
10145,112747 7354,872213 0,000000
10195,112747 7354,872213 0,000000
10245,112747 7354,872213 0,000000
10295,112747 7354,872213 0,000000
10345,112747 7354,872213 0,000000
10395,112747 7354,872213 0,000000
10445,112747 7354,872213 0,000000
10495,112747 7354,872213 0,000000
10545,112747 7354,872213 0,000000
10595,112747 7354,872213 0,000000
10645,112747 7354,872213 0,000000
10695,112747 7354,872213 0,000000
10745,112747 7354,872213 0,000000
10795,112747 7354,872213 0,000000
10845,112747 7354,872213 0,000000
10895,112747 7354,872213 0,000000
10945,112747 7354,872213 0,000000
10995,112747 7354,872213 0,000000
11045,112747 7354,872213 0,000000
11095,112747 7354,872213 0,000000
11145,112747 7354,872213 0,000000
11195,112747 7354,872213 0,000000
11245,112747 7354,872213 0,000000
11295,112747 7354,872213 0,000000
11345,112747 7354,872213 0,000000
11395,112747 7354,872213 0,000000
11445,112747 7354,872213 0,000000
11495,112747 7354,872213 0,000000
11545,112747 7354,872213 0,000000
11595,112747 7354,872213 0,000000
11645,112747 7354,872213 0,000000
11695,112747 7354,872213 0,000000
11745,112747 7354,872213 0,000000
11795,112747 7354,872213 0,000000
11845,112747 7354,872213 0,000000
11895,112747 7354,872213 0,000000
11945,112747 7354,872213 0,000000
11995,112747 7354,872213 0,000000
12045,112747 7354,872213 0,000000
12095,112747 7354,872213 0,000000
12145,112747 7354,872213 0,000000
12195,112747 7354,872213 0,000000
12245,112747 7354,872213 0,000000
12295,112747 7354,872213 0,000000
12345,112747 7354,872213 0,000000
12395,112747 7354,872213 0,000000
12445,112747 7354,872213 0,000000
12495,112747 7354,872213 0,000000
12545,112747 7354,872213 0,000000
12595,112747 7354,872213 0,000000
12645,112747 7354,872213 0,000000
12695,112747 7354,872213 0,000000
12745,112747 7354,872213 0,000000
12795,112747 7354,872213 0,000000
12845,112747 7354,872213 0,000000
12895,112747 7354,872213 0,000000
12945,112747 7354,872213 0,000000
12995,112747 7354,872213 0,000000
13045,112747 7354,872213 0,000000
13095,112747 7354,872213 0,000000
13145,112747 7354,872213 0,000000
13195,112747 7354,872213 0,000000
13245,112747 7354,872213 0,000000
13295,112747 7354,872213 0,000000
13345,112747 7354,872213 0,000000
13395,112747 7354,872213 0,000000
13445,112747 7354,872213 0,000000
13495,112747 7354,872213 0,000000
13545,112747 7354,872213 0,000000
13595,112747 7354,872213 0,000000
13645,112747 7354,872213 0,000000
13695,112747 7354,872213 0,000000
13745,112747 7354,872213 0,000000
13795,112747 7354,872213 0,000000
13845,112747 7354,872213 0,000000
13895,112747 7354,872213 0,000000
13945,112747 7354,872213 0,000000
13995,112747 7354,872213 0,000000
6545,112747 7404,872213 0,000000
6595,112747 7404,872213 0,000000
6645,112747 7404,872213 0,000000
6695,112747 7404,872213 0,000000
6745,112747 7404,872213 0,000000
6795,112747 7404,872213 0,000000
6845,112747 7404,872213 0,000000
6895,112747 7404,872213 0,000000
6945,112747 7404,872213 0,000000
6995,112747 7404,872213 0,000000
7045,112747 7404,872213 0,000000
7095,112747 7404,872213 0,000000
7145,112747 7404,872213 0,000000
7195,112747 7404,872213 0,000000
7245,112747 7404,872213 0,000000
7295,112747 7404,872213 0,000000
7345,112747 7404,872213 0,000000
7395,112747 7404,872213 0,000000
7445,112747 7404,872213 0,000000
7495,112747 7404,872213 0,000000
7545,112747 7404,872213 0,000000
7595,112747 7404,872213 0,000000
7645,112747 7404,872213 0,000000
7695,112747 7404,872213 0,000000
7745,112747 7404,872213 0,000000
7795,112747 7404,872213 0,000000
7845,112747 7404,872213 0,000000
7895,112747 7404,872213 0,000000
7945,112747 7404,872213 0,000000
7995,112747 7404,872213 0,000000
8045,112747 7404,872213 0,000000
8095,112747 7404,872213 0,000000
8145,112747 7404,872213 0,000000
8195,112747 7404,872213 0,000000
8245,112747 7404,872213 0,000000
8295,112747 7404,872213 0,000000
8345,112747 7404,872213 0,000000
8395,112747 7404,872213 0,000000
8445,112747 7404,872213 0,000004
8495,112747 7404,872213 0,000010
8545,112747 7404,872213 -0,000046
8595,112747 7404,872213 -0,000201
8645,112747 7404,872213 0,000266
8695,112747 7404,872213 0,002767
8745,112747 7404,872213 0,001626
8795,112747 7404,872213 -0,024450
8845,112747 7404,872213 -0,055203
8895,112747 7404,872213 0,085990
8945,112747 7404,872213 0,451881
8995,112747 7404,872213 0,337321
9045,112747 7404,872213 -0,403288
9095,112747 7404,872213 -0,403288
9145,112747 7404,872213 0,337321
9195,112747 7404,872213 0,451881
9245,112747 7404,872213 0,085990
9295,112747 7404,872213 -0,055203
9345,112747 7404,872213 -0,024450
9395,112747 7404,872213 0,001626
9445,112747 7404,872213 0,002767
9495,112747 7404,872213 0,000266
9545,112747 7404,872213 -0,000201
9595,112747 7404,872213 -0,000046
9645,112747 7404,872213 0,000010
9695,112747 7404,872213 0,000004
9745,112747 7404,872213 0,000000
9795,112747 7404,872213 0,000000
9845,112747 7404,872213 0,000000
9895,112747 7404,872213 0,000000
9945,112747 7404,872213 0,000000
9995,112747 7404,872213 0,000000
10045,112747 7404,872213 0,000000
10095,112747 7404,872213 0,000000
10145,112747 7404,872213 0,000000
10195,112747 7404,872213 0,000000
10245,112747 7404,872213 0,000000
10295,112747 7404,872213 0,000000
10345,112747 7404,872213 0,000000
10395,112747 7404,872213 0,000000
10445,112747 7404,872213 0,000000
10495,112747 7404,872213 0,000000
10545,112747 7404,872213 0,000000
10595,112747 7404,872213 0,000000
10645,112747 7404,872213 0,000000
10695,112747 7404,872213 0,000000
10745,112747 7404,872213 0,000000
10795,112747 7404,872213 0,000000
10845,112747 7404,872213 0,000000
10895,112747 7404,872213 0,000000
10945,112747 7404,872213 0,000000
10995,112747 7404,872213 0,000000
11045,112747 7404,872213 0,000000
11095,112747 7404,872213 0,000000
11145,112747 7404,872213 0,000000
11195,112747 7404,872213 0,000000
11245,112747 7404,872213 0,000000
11295,112747 7404,872213 0,000000
11345,112747 7404,872213 0,000000
11395,112747 7404,872213 0,000000
11445,112747 7404,872213 0,000000
11495,112747 7404,872213 0,000000
11545,112747 7404,872213 0,000000
11595,112747 7404,872213 0,000000
11645,112747 7404,872213 0,000000
11695,112747 7404,872213 0,000000
11745,112747 7404,872213 0,000000
11795,112747 7404,872213 0,000000
11845,112747 7404,872213 0,000000
11895,112747 7404,872213 0,000000
11945,112747 7404,872213 0,000000
11995,112747 7404,872213 0,000000
12045,112747 7404,872213 0,000000
12095,112747 7404,872213 0,000000
12145,112747 7404,872213 0,000000
12195,112747 7404,872213 0,000000
12245,112747 7404,872213 0,000000
12295,112747 7404,872213 0,000000
12345,112747 7404,872213 0,000000
12395,112747 7404,872213 0,000000
12445,112747 7404,872213 0,000000
12495,112747 7404,872213 0,000000
12545,112747 7404,872213 0,000000
12595,112747 7404,872213 0,000000
12645,112747 7404,872213 0,000000
12695,112747 7404,872213 0,000000
12745,112747 7404,872213 0,000000
12795,112747 7404,872213 0,000000
12845,112747 7404,872213 0,000000
12895,112747 7404,872213 0,000000
12945,112747 7404,872213 0,000000
12995,112747 7404,872213 0,000000
13045,112747 7404,872213 0,000000
13095,112747 7404,872213 0,000000
13145,112747 7404,872213 0,000000
13195,112747 7404,872213 0,000000
13245,112747 7404,872213 0,000000
13295,112747 7404,872213 0,000000
13345,112747 7404,872213 0,000000
13395,112747 7404,872213 0,000000
13445,112747 7404,872213 0,000000
13495,112747 7404,872213 0,000000
13545,112747 7404,872213 0,000000
13595,112747 7404,872213 0,000000
13645,112747 7404,872213 0,000000
13695,112747 7404,872213 0,000000
13745,112747 7404,872213 0,000000
13795,112747 7404,872213 0,000000
13845,112747 7404,872213 0,000000
13895,112747 7404,872213 0,000000
13945,112747 7404,872213 0,000000
13995,112747 7404,872213 0,000000
6545,112747 7454,872213 0,000000
6595,112747 7454,872213 0,000000
6645,112747 7454,872213 0,000000
6695,112747 7454,872213 0,000000
6745,112747 7454,872213 0,000000
6795,112747 7454,872213 0,000000
6845,112747 7454,872213 0,000000
6895,112747 7454,872213 0,000000
6945,112747 7454,872213 0,000000
6995,112747 7454,872213 0,000000
7045,112747 7454,872213 0,000000
7095,112747 7454,872213 0,000000
7145,112747 7454,872213 0,000000
7195,112747 7454,872213 0,000000
7245,112747 7454,872213 0,000000
7295,112747 7454,872213 0,000000
7345,112747 7454,872213 0,000000
7395,112747 7454,872213 0,000000
7445,112747 7454,872213 0,000000
7495,112747 7454,872213 0,000000
7545,112747 7454,872213 0,000000
7595,112747 7454,872213 0,000000
7645,112747 7454,872213 0,000000
7695,112747 7454,872213 0,000000
7745,112747 7454,872213 0,000000
7795,112747 7454,872213 0,000000
7845,112747 7454,872213 0,000000
7895,112747 7454,872213 0,000000
7945,112747 7454,872213 0,000000
7995,112747 7454,872213 0,000000
8045,112747 7454,872213 0,000000
8095,112747 7454,872213 0,000000
8145,112747 7454,872213 0,000000
8195,112747 7454,872213 0,000000
8245,112747 7454,872213 0,000000
8295,112747 7454,872213 0,000000
8345,112747 7454,872213 0,000000
8395,112747 7454,872213 -0,000001
8445,112747 7454,872213 0,000001
8495,112747 7454,872213 0,000015
8545,112747 7454,872213 0,000009
8595,112747 7454,872213 -0,000152
8645,112747 7454,872213 -0,000348
8695,112747 7454,872213 0,000931
8745,112747 7454,872213 0,004719
8795,112747 7454,872213 0,000541
8845,112747 7454,872213 -0,031466
8895,112747 7454,872213 -0,053904
8945,112747 7454,872213 0,049614
8995,112747 7454,872213 0,214470
9045,112747 7454,872213 0,204865
9095,112747 7454,872213 0,204865
9145,112747 7454,872213 0,214470
9195,112747 7454,872213 0,049614
9245,112747 7454,872213 -0,053904
9295,112747 7454,872213 -0,031466
9345,112747 7454,872213 0,000541
9395,112747 7454,872213 0,004719
9445,112747 7454,872213 0,000931
9495,112747 7454,872213 -0,000348
9545,112747 7454,872213 -0,000152
9595,112747 7454,872213 0,000009
9645,112747 7454,872213 0,000015
9695,112747 7454,872213 0,000001
9745,112747 7454,872213 -0,000001
9795,112747 7454,872213 0,000000
9845,112747 7454,872213 0,000000
9895,112747 7454,872213 0,000000
9945,112747 7454,872213 0,000000
9995,112747 7454,872213 0,000000
10045,112747 7454,872213 0,000000
10095,112747 7454,872213 0,000000
10145,112747 7454,872213 0,000000
10195,112747 7454,872213 0,000000
10245,112747 7454,872213 0,000000
10295,112747 7454,872213 0,000000
10345,112747 7454,872213 0,000000
10395,112747 7454,872213 0,000000
10445,112747 7454,872213 0,000000
10495,112747 7454,872213 0,000000
10545,112747 7454,872213 0,000000
10595,112747 7454,872213 0,000000
10645,112747 7454,872213 0,000000
10695,112747 7454,872213 0,000000
10745,112747 7454,872213 0,000000
10795,112747 7454,872213 0,000000
10845,112747 7454,872213 0,000000
10895,112747 7454,872213 0,000000
10945,112747 7454,872213 0,000000
10995,112747 7454,872213 0,000000
11045,112747 7454,872213 0,000000
11095,112747 7454,872213 0,000000
11145,112747 7454,872213 0,000000
11195,112747 7454,872213 0,000000
11245,112747 7454,872213 0,000000
11295,112747 7454,872213 0,000000
11345,112747 7454,872213 0,000000
11395,112747 7454,872213 0,000000
11445,112747 7454,872213 0,000000
11495,112747 7454,872213 0,000000
11545,112747 7454,872213 0,000000
11595,112747 7454,872213 0,000000
11645,112747 7454,872213 0,000000
11695,112747 7454,872213 0,000000
11745,112747 7454,872213 0,000000
11795,112747 7454,872213 0,000000
11845,112747 7454,872213 0,000000
11895,112747 7454,872213 0,000000
11945,112747 7454,872213 0,000000
11995,112747 7454,872213 0,000000
12045,112747 7454,872213 0,000000
12095,112747 7454,872213 0,000000
12145,112747 7454,872213 0,000000
12195,112747 7454,872213 0,000000
12245,112747 7454,872213 0,000000
12295,112747 7454,872213 0,000000
12345,112747 7454,872213 0,000000
12395,112747 7454,872213 0,000000
12445,112747 7454,872213 0,000000
12495,112747 7454,872213 0,000000
12545,112747 7454,872213 0,000000
12595,112747 7454,872213 0,000000
12645,112747 7454,872213 0,000000
12695,112747 7454,872213 0,000000
12745,112747 7454,872213 0,000000
12795,112747 7454,872213 0,000000
12845,112747 7454,872213 0,000000
12895,112747 7454,872213 0,000000
12945,112747 7454,872213 0,000000
12995,112747 7454,872213 0,000000
13045,112747 7454,872213 0,000000
13095,112747 7454,872213 0,000000
13145,112747 7454,872213 0,000000
13195,112747 7454,872213 0,000000
13245,112747 7454,872213 0,000000
13295,112747 7454,872213 0,000000
13345,112747 7454,872213 0,000000
13395,112747 7454,872213 0,000000
13445,112747 7454,872213 0,000000
13495,112747 7454,872213 0,000000
13545,112747 7454,872213 0,000000
13595,112747 7454,872213 0,000000
13645,112747 7454,872213 0,000000
13695,112747 7454,872213 0,000000
13745,112747 7454,872213 0,000000
13795,112747 7454,872213 0,000000
13845,112747 7454,872213 0,000000
13895,112747 7454,872213 0,000000
13945,112747 7454,872213 0,000000
13995,112747 7454,872213 0,000000
6545,112747 7504,872213 0,000000
6595,112747 7504,872213 0,000000
6645,112747 7504,872213 0,000000
6695,112747 7504,872213 0,000000
6745,112747 7504,872213 0,000000
6795,112747 7504,872213 0,000000
6845,112747 7504,872213 0,000000
6895,112747 7504,872213 0,000000
6945,112747 7504,872213 0,000000
6995,112747 7504,872213 0,000000
7045,112747 7504,872213 0,000000
7095,112747 7504,872213 0,000000
7145,112747 7504,872213 0,000000
7195,112747 7504,872213 0,000000
7245,112747 7504,872213 0,000000
7295,112747 7504,872213 0,000000
7345,112747 7504,872213 0,000000
7395,112747 7504,872213 0,000000
7445,112747 7504,872213 0,000000
7495,112747 7504,872213 0,000000
7545,112747 7504,872213 0,000000
7595,112747 7504,872213 0,000000
7645,112747 7504,872213 0,000000
7695,112747 7504,872213 0,000000
7745,112747 7504,872213 0,000000
7795,112747 7504,872213 0,000000
7845,112747 7504,872213 0,000000
7895,112747 7504,872213 0,000000
7945,112747 7504,872213 0,000000
7995,112747 7504,872213 0,000000
8045,112747 7504,872213 0,000000
8095,112747 7504,872213 0,000000
8145,112747 7504,872213 0,000000
8195,112747 7504,872213 0,000000
8245,112747 7504,872213 0,000000
8295,112747 7504,872213 0,000000
8345,112747 7504,872213 0,000000
8395,112747 7504,872213 -0,000001
8445,112747 7504,872213 -0,000002
8495,112747 7504,872213 0,000006
8545,112747 7504,872213 0,000031
8595,112747 7504,872213 -0,000008
8645,112747 7504,872213 -0,000304
8695,112747 7504,872213 -0,000448
8745,112747 7504,872213 0,001538
8795,112747 7504,872213 0,005527
8845,112747 7504,872213 0,000487
8895,112747 7504,872213 -0,023508
8945,112747 7504,872213 -0,035861
8995,112747 7504,872213 -0,002187
9045,112747 7504,872213 0,026251
9095,112747 7504,872213 0,026251
9145,112747 7504,872213 -0,002187
9195,112747 7504,872213 -0,035861
9245,112747 7504,872213 -0,023508
9295,112747 7504,872213 0,000487
9345,112747 7504,872213 0,005527
9395,112747 7504,872213 0,001538
9445,112747 7504,872213 -0,000448
9495,112747 7504,872213 -0,000304
9545,112747 7504,872213 -0,000008
9595,112747 7504,872213 0,000031
9645,112747 7504,872213 0,000006
9695,112747 7504,872213 -0,000002
9745,112747 7504,872213 -0,000001
9795,112747 7504,872213 0,000000
9845,112747 7504,872213 0,000000
9895,112747 7504,872213 0,000000
9945,112747 7504,872213 0,000000
9995,112747 7504,872213 0,000000
10045,112747 7504,872213 0,000000
10095,112747 7504,872213 0,000000
10145,112747 7504,872213 0,000000
10195,112747 7504,872213 0,000000
10245,112747 7504,872213 0,000000
10295,112747 7504,872213 0,000000
10345,112747 7504,872213 0,000000
10395,112747 7504,872213 0,000000
10445,112747 7504,872213 0,000000
10495,112747 7504,872213 0,000000
10545,112747 7504,872213 0,000000
10595,112747 7504,872213 0,000000
10645,112747 7504,872213 0,000000
10695,112747 7504,872213 0,000000
10745,112747 7504,872213 0,000000
10795,112747 7504,872213 0,000000
10845,112747 7504,872213 0,000000
10895,112747 7504,872213 0,000000
10945,112747 7504,872213 0,000000
10995,112747 7504,872213 0,000000
11045,112747 7504,872213 0,000000
11095,112747 7504,872213 0,000000
11145,112747 7504,872213 0,000000
11195,112747 7504,872213 0,000000
11245,112747 7504,872213 0,000000
11295,112747 7504,872213 0,000000
11345,112747 7504,872213 0,000000
11395,112747 7504,872213 0,000000
11445,112747 7504,872213 0,000000
11495,112747 7504,872213 0,000000
11545,112747 7504,872213 0,000000
11595,112747 7504,872213 0,000000
11645,112747 7504,872213 0,000000
11695,112747 7504,872213 0,000000
11745,112747 7504,872213 0,000000
11795,112747 7504,872213 0,000000
11845,112747 7504,872213 0,000000
11895,112747 7504,872213 0,000000
11945,112747 7504,872213 0,000000
11995,112747 7504,872213 0,000000
12045,112747 7504,872213 0,000000
12095,112747 7504,872213 0,000000
12145,112747 7504,872213 0,000000
12195,112747 7504,872213 0,000000
12245,112747 7504,872213 0,000000
12295,112747 7504,872213 0,000000
12345,112747 7504,872213 0,000000
12395,112747 7504,872213 0,000000
12445,112747 7504,872213 0,000000
12495,112747 7504,872213 0,000000
12545,112747 7504,872213 0,000000
12595,112747 7504,872213 0,000000
12645,112747 7504,872213 0,000000
12695,112747 7504,872213 0,000000
12745,112747 7504,872213 0,000000
12795,112747 7504,872213 0,000000
12845,112747 7504,872213 0,000000
12895,112747 7504,872213 0,000000
12945,112747 7504,872213 0,000000
12995,112747 7504,872213 0,000000
13045,112747 7504,872213 0,000000
13095,112747 7504,872213 0,000000
13145,112747 7504,872213 0,000000
13195,112747 7504,872213 0,000000
13245,112747 7504,872213 0,000000
13295,112747 7504,872213 0,000000
13345,112747 7504,872213 0,000000
13395,112747 7504,872213 0,000000
13445,112747 7504,872213 0,000000
13495,112747 7504,872213 0,000000
13545,112747 7504,872213 0,000000
13595,112747 7504,872213 0,000000
13645,112747 7504,872213 0,000000
13695,112747 7504,872213 0,000000
13745,112747 7504,872213 0,000000
13795,112747 7504,872213 0,000000
13845,112747 7504,872213 0,000000
13895,112747 7504,872213 0,000000
13945,112747 7504,872213 0,000000
13995,112747 7504,872213 0,000000
6545,112747 7554,872213 0,000000
6595,112747 7554,872213 0,000000
6645,112747 7554,872213 0,000000
6695,112747 7554,872213 0,000000
6745,112747 7554,872213 0,000000
6795,112747 7554,872213 0,000000
6845,112747 7554,872213 0,000000
6895,112747 7554,872213 0,000000
6945,112747 7554,872213 0,000000
6995,112747 7554,872213 0,000000
7045,112747 7554,872213 0,000000
7095,112747 7554,872213 0,000000
7145,112747 7554,872213 0,000000
7195,112747 7554,872213 0,000000
7245,112747 7554,872213 0,000000
7295,112747 7554,872213 0,000000
7345,112747 7554,872213 0,000000
7395,112747 7554,872213 0,000000
7445,112747 7554,872213 0,000000
7495,112747 7554,872213 0,000000
7545,112747 7554,872213 0,000000
7595,112747 7554,872213 0,000000
7645,112747 7554,872213 0,000000
7695,112747 7554,872213 0,000000
7745,112747 7554,872213 0,000000
7795,112747 7554,872213 0,000000
7845,112747 7554,872213 0,000000
7895,112747 7554,872213 0,000000
7945,112747 7554,872213 0,000000
7995,112747 7554,872213 0,000000
8045,112747 7554,872213 0,000000
8095,112747 7554,872213 0,000000
8145,112747 7554,872213 0,000000
8195,112747 7554,872213 0,000000
8245,112747 7554,872213 0,000000
8295,112747 7554,872213 0,000000
8345,112747 7554,872213 0,000000
8395,112747 7554,872213 0,000000
8445,112747 7554,872213 -0,000002
8495,112747 7554,872213 -0,000003
8545,112747 7554,872213 0,000015
8595,112747 7554,872213 0,000049
8645,112747 7554,872213 -0,000035
8695,112747 7554,872213 -0,000417
8745,112747 7554,872213 -0,000474
8795,112747 7554,872213 0,001516
8845,112747 7554,872213 0,004531
8895,112747 7554,872213 0,001467
8945,112747 7554,872213 -0,009133
8995,112747 7554,872213 -0,014001
9045,112747 7554,872213 -0,011464
9095,112747 7554,872213 -0,011464
9145,112747 7554,872213 -0,014001
9195,112747 7554,872213 -0,009133
9245,112747 7554,872213 0,001467
9295,112747 7554,872213 0,004531
9345,112747 7554,872213 0,001516
9395,112747 7554,872213 -0,000474
9445,112747 7554,872213 -0,000417
9495,112747 7554,872213 -0,000035
9545,112747 7554,872213 0,000049
9595,112747 7554,872213 0,000015
9645,112747 7554,872213 -0,000003
9695,112747 7554,872213 -0,000002
9745,112747 7554,872213 0,000000
9795,112747 7554,872213 0,000000
9845,112747 7554,872213 0,000000
9895,112747 7554,872213 0,000000
9945,112747 7554,872213 0,000000
9995,112747 7554,872213 0,000000
10045,112747 7554,872213 0,000000
10095,112747 7554,872213 0,000000
10145,112747 7554,872213 0,000000
10195,112747 7554,872213 0,000000
10245,112747 7554,872213 0,000000
10295,112747 7554,872213 0,000000
10345,112747 7554,872213 0,000000
10395,112747 7554,872213 0,000000
10445,112747 7554,872213 0,000000
10495,112747 7554,872213 0,000000
10545,112747 7554,872213 0,000000
10595,112747 7554,872213 0,000000
10645,112747 7554,872213 0,000000
10695,112747 7554,872213 0,000000
10745,112747 7554,872213 0,000000
10795,112747 7554,872213 0,000000
10845,112747 7554,872213 0,000000
10895,112747 7554,872213 0,000000
10945,112747 7554,872213 0,000000
10995,112747 7554,872213 0,000000
11045,112747 7554,872213 0,000000
11095,112747 7554,872213 0,000000
11145,112747 7554,872213 0,000000
11195,112747 7554,872213 0,000000
11245,112747 7554,872213 0,000000
11295,112747 7554,872213 0,000000
11345,112747 7554,872213 0,000000
11395,112747 7554,872213 0,000000
11445,112747 7554,872213 0,000000
11495,112747 7554,872213 0,000000
11545,112747 7554,872213 0,000000
11595,112747 7554,872213 0,000000
11645,112747 7554,872213 0,000000
11695,112747 7554,872213 0,000000
11745,112747 7554,872213 0,000000
11795,112747 7554,872213 0,000000
11845,112747 7554,872213 0,000000
11895,112747 7554,872213 0,000000
11945,112747 7554,872213 0,000000
11995,112747 7554,872213 0,000000
12045,112747 7554,872213 0,000000
12095,112747 7554,872213 0,000000
12145,112747 7554,872213 0,000000
12195,112747 7554,872213 0,000000
12245,112747 7554,872213 0,000000
12295,112747 7554,872213 0,000000
12345,112747 7554,872213 0,000000
12395,112747 7554,872213 0,000000
12445,112747 7554,872213 0,000000
12495,112747 7554,872213 0,000000
12545,112747 7554,872213 0,000000
12595,112747 7554,872213 0,000000
12645,112747 7554,872213 0,000000
12695,112747 7554,872213 0,000000
12745,112747 7554,872213 0,000000
12795,112747 7554,872213 0,000000
12845,112747 7554,872213 0,000000
12895,112747 7554,872213 0,000000
12945,112747 7554,872213 0,000000
12995,112747 7554,872213 0,000000
13045,112747 7554,872213 0,000000
13095,112747 7554,872213 0,000000
13145,112747 7554,872213 0,000000
13195,112747 7554,872213 0,000000
13245,112747 7554,872213 0,000000
13295,112747 7554,872213 0,000000
13345,112747 7554,872213 0,000000
13395,112747 7554,872213 0,000000
13445,112747 7554,872213 0,000000
13495,112747 7554,872213 0,000000
13545,112747 7554,872213 0,000000
13595,112747 7554,872213 0,000000
13645,112747 7554,872213 0,000000
13695,112747 7554,872213 0,000000
13745,112747 7554,872213 0,000000
13795,112747 7554,872213 0,000000
13845,112747 7554,872213 0,000000
13895,112747 7554,872213 0,000000
13945,112747 7554,872213 0,000000
13995,112747 7554,872213 0,000000
6545,112747 7604,872213 0,000000
6595,112747 7604,872213 0,000000
6645,112747 7604,872213 0,000000
6695,112747 7604,872213 0,000000
6745,112747 7604,872213 0,000000
6795,112747 7604,872213 0,000000
6845,112747 7604,872213 0,000000
6895,112747 7604,872213 0,000000
6945,112747 7604,872213 0,000000
6995,112747 7604,872213 0,000000
7045,112747 7604,872213 0,000000
7095,112747 7604,872213 0,000000
7145,112747 7604,872213 0,000000
7195,112747 7604,872213 0,000000
7245,112747 7604,872213 0,000000
7295,112747 7604,872213 0,000000
7345,112747 7604,872213 0,000000
7395,112747 7604,872213 0,000000
7445,112747 7604,872213 0,000000
7495,112747 7604,872213 0,000000
7545,112747 7604,872213 0,000000
7595,112747 7604,872213 0,000000
7645,112747 7604,872213 0,000000
7695,112747 7604,872213 0,000000
7745,112747 7604,872213 0,000000
7795,112747 7604,872213 0,000000
7845,112747 7604,872213 0,000000
7895,112747 7604,872213 0,000000
7945,112747 7604,872213 0,000000
7995,112747 7604,872213 0,000000
8045,112747 7604,872213 0,000000
8095,112747 7604,872213 0,000000
8145,112747 7604,872213 0,000000
8195,112747 7604,872213 0,000000
8245,112747 7604,872213 0,000000
8295,112747 7604,872213 0,000000
8345,112747 7604,872213 0,000000
8395,112747 7604,872213 0,000000
8445,112747 7604,872213 0,000000
8495,112747 7604,872213 -0,000004
8545,112747 7604,872213 -0,000003
8595,112747 7604,872213 0,000024
8645,112747 7604,872213 0,000061
8695,112747 7604,872213 -0,000048
8745,112747 7604,872213 -0,000411
8795,112747 7604,872213 -0,000429
8845,112747 7604,872213 0,000884
8895,112747 7604,872213 0,002502
8945,112747 7604,872213 0,001683
8995,112747 7604,872213 -0,000644
9045,112747 7604,872213 -0,001570
9095,112747 7604,872213 -0,001570
9145,112747 7604,872213 -0,000644
9195,112747 7604,872213 0,001683
9245,112747 7604,872213 0,002502
9295,112747 7604,872213 0,000884
9345,112747 7604,872213 -0,000429
9395,112747 7604,872213 -0,000411
9445,112747 7604,872213 -0,000048
9495,112747 7604,872213 0,000061
9545,112747 7604,872213 0,000024
9595,112747 7604,872213 -0,000003
9645,112747 7604,872213 -0,000004
9695,112747 7604,872213 0,000000
9745,112747 7604,872213 0,000000
9795,112747 7604,872213 0,000000
9845,112747 7604,872213 0,000000
9895,112747 7604,872213 0,000000
9945,112747 7604,872213 0,000000
9995,112747 7604,872213 0,000000
10045,112747 7604,872213 0,000000
10095,112747 7604,872213 0,000000
10145,112747 7604,872213 0,000000
10195,112747 7604,872213 0,000000
10245,112747 7604,872213 0,000000
10295,112747 7604,872213 0,000000
10345,112747 7604,872213 0,000000
10395,112747 7604,872213 0,000000
10445,112747 7604,872213 0,000000
10495,112747 7604,872213 0,000000
10545,112747 7604,872213 0,000000
10595,112747 7604,872213 0,000000
10645,112747 7604,872213 0,000000
10695,112747 7604,872213 0,000000
10745,112747 7604,872213 0,000000
10795,112747 7604,872213 0,000000
10845,112747 7604,872213 0,000000
10895,112747 7604,872213 0,000000
10945,112747 7604,872213 0,000000
10995,112747 7604,872213 0,000000
11045,112747 7604,872213 0,000000
11095,112747 7604,872213 0,000000
11145,112747 7604,872213 0,000000
11195,112747 7604,872213 0,000000
11245,112747 7604,872213 0,000000
11295,112747 7604,872213 0,000000
11345,112747 7604,872213 0,000000
11395,112747 7604,872213 0,000000
11445,112747 7604,872213 0,000000
11495,112747 7604,872213 0,000000
11545,112747 7604,872213 0,000000
11595,112747 7604,872213 0,000000
11645,112747 7604,872213 0,000000
11695,112747 7604,872213 0,000000
11745,112747 7604,872213 0,000000
11795,112747 7604,872213 0,000000
11845,112747 7604,872213 0,000000
11895,112747 7604,872213 0,000000
11945,112747 7604,872213 0,000000
11995,112747 7604,872213 0,000000
12045,112747 7604,872213 0,000000
12095,112747 7604,872213 0,000000
12145,112747 7604,872213 0,000000
12195,112747 7604,872213 0,000000
12245,112747 7604,872213 0,000000
12295,112747 7604,872213 0,000000
12345,112747 7604,872213 0,000000
12395,112747 7604,872213 0,000000
12445,112747 7604,872213 0,000000
12495,112747 7604,872213 0,000000
12545,112747 7604,872213 0,000000
12595,112747 7604,872213 0,000000
12645,112747 7604,872213 0,000000
12695,112747 7604,872213 0,000000
12745,112747 7604,872213 0,000000
12795,112747 7604,872213 0,000000
12845,112747 7604,872213 0,000000
12895,112747 7604,872213 0,000000
12945,112747 7604,872213 0,000000
12995,112747 7604,872213 0,000000
13045,112747 7604,872213 0,000000
13095,112747 7604,872213 0,000000
13145,112747 7604,872213 0,000000
13195,112747 7604,872213 0,000000
13245,112747 7604,872213 0,000000
13295,112747 7604,872213 0,000000
13345,112747 7604,872213 0,000000
13395,112747 7604,872213 0,000000
13445,112747 7604,872213 0,000000
13495,112747 7604,872213 0,000000
13545,112747 7604,872213 0,000000
13595,112747 7604,872213 0,000000
13645,112747 7604,872213 0,000000
13695,112747 7604,872213 0,000000
13745,112747 7604,872213 0,000000
13795,112747 7604,872213 0,000000
13845,112747 7604,872213 0,000000
13895,112747 7604,872213 0,000000
13945,112747 7604,872213 0,000000
13995,112747 7604,872213 0,000000
6545,112747 7654,872213 0,000000
6595,112747 7654,872213 0,000000
6645,112747 7654,872213 0,000000
6695,112747 7654,872213 0,000000
6745,112747 7654,872213 0,000000
6795,112747 7654,872213 0,000000
6845,112747 7654,872213 0,000000
6895,112747 7654,872213 0,000000
6945,112747 7654,872213 0,000000
6995,112747 7654,872213 0,000000
7045,112747 7654,872213 0,000000
7095,112747 7654,872213 0,000000
7145,112747 7654,872213 0,000000
7195,112747 7654,872213 0,000000
7245,112747 7654,872213 0,000000
7295,112747 7654,872213 0,000000
7345,112747 7654,872213 0,000000
7395,112747 7654,872213 0,000000
7445,112747 7654,872213 0,000000
7495,112747 7654,872213 0,000000
7545,112747 7654,872213 0,000000
7595,112747 7654,872213 0,000000
7645,112747 7654,872213 0,000000
7695,112747 7654,872213 0,000000
7745,112747 7654,872213 0,000000
7795,112747 7654,872213 0,000000
7845,112747 7654,872213 0,000000
7895,112747 7654,872213 0,000000
7945,112747 7654,872213 0,000000
7995,112747 7654,872213 0,000000
8045,112747 7654,872213 0,000000
8095,112747 7654,872213 0,000000
8145,112747 7654,872213 0,000000
8195,112747 7654,872213 0,000000
8245,112747 7654,872213 0,000000
8295,112747 7654,872213 0,000000
8345,112747 7654,872213 0,000000
8395,112747 7654,872213 0,000000
8445,112747 7654,872213 0,000000
8495,112747 7654,872213 -0,000001
8545,112747 7654,872213 -0,000005
8595,112747 7654,872213 -0,000003
8645,112747 7654,872213 0,000028
8695,112747 7654,872213 0,000060
8745,112747 7654,872213 -0,000035
8795,112747 7654,872213 -0,000288
8845,112747 7654,872213 -0,000317
8895,112747 7654,872213 0,000227
8945,112747 7654,872213 0,000802
8995,112747 7654,872213 0,000825
9045,112747 7654,872213 0,000713
9095,112747 7654,872213 0,000713
9145,112747 7654,872213 0,000825
9195,112747 7654,872213 0,000802
9245,112747 7654,872213 0,000227
9295,112747 7654,872213 -0,000317
9345,112747 7654,872213 -0,000288
9395,112747 7654,872213 -0,000035
9445,112747 7654,872213 0,000060
9495,112747 7654,872213 0,000028
9545,112747 7654,872213 -0,000003
9595,112747 7654,872213 -0,000005
9645,112747 7654,872213 -0,000001
9695,112747 7654,872213 0,000000
9745,112747 7654,872213 0,000000
9795,112747 7654,872213 0,000000
9845,112747 7654,872213 0,000000
9895,112747 7654,872213 0,000000
9945,112747 7654,872213 0,000000
9995,112747 7654,872213 0,000000
10045,112747 7654,872213 0,000000
10095,112747 7654,872213 0,000000
10145,112747 7654,872213 0,000000
10195,112747 7654,872213 0,000000
10245,112747 7654,872213 0,000000
10295,112747 7654,872213 0,000000
10345,112747 7654,872213 0,000000
10395,112747 7654,872213 0,000000
10445,112747 7654,872213 0,000000
10495,112747 7654,872213 0,000000
10545,112747 7654,872213 0,000000
10595,112747 7654,872213 0,000000
10645,112747 7654,872213 0,000000
10695,112747 7654,872213 0,000000
10745,112747 7654,872213 0,000000
10795,112747 7654,872213 0,000000
10845,112747 7654,872213 0,000000
10895,112747 7654,872213 0,000000
10945,112747 7654,872213 0,000000
10995,112747 7654,872213 0,000000
11045,112747 7654,872213 0,000000
11095,112747 7654,872213 0,000000
11145,112747 7654,872213 0,000000
11195,112747 7654,872213 0,000000
11245,112747 7654,872213 0,000000
11295,112747 7654,872213 0,000000
11345,112747 7654,872213 0,000000
11395,112747 7654,872213 0,000000
11445,112747 7654,872213 0,000000
11495,112747 7654,872213 0,000000
11545,112747 7654,872213 0,000000
11595,112747 7654,872213 0,000000
11645,112747 7654,872213 0,000000
11695,112747 7654,872213 0,000000
11745,112747 7654,872213 0,000000
11795,112747 7654,872213 0,000000
11845,112747 7654,872213 0,000000
11895,112747 7654,872213 0,000000
11945,112747 7654,872213 0,000000
11995,112747 7654,872213 0,000000
12045,112747 7654,872213 0,000000
12095,112747 7654,872213 0,000000
12145,112747 7654,872213 0,000000
12195,112747 7654,872213 0,000000
12245,112747 7654,872213 0,000000
12295,112747 7654,872213 0,000000
12345,112747 7654,872213 0,000000
12395,112747 7654,872213 0,000000
12445,112747 7654,872213 0,000000
12495,112747 7654,872213 0,000000
12545,112747 7654,872213 0,000000
12595,112747 7654,872213 0,000000
12645,112747 7654,872213 0,000000
12695,112747 7654,872213 0,000000
12745,112747 7654,872213 0,000000
12795,112747 7654,872213 0,000000
12845,112747 7654,872213 0,000000
12895,112747 7654,872213 0,000000
12945,112747 7654,872213 0,000000
12995,112747 7654,872213 0,000000
13045,112747 7654,872213 0,000000
13095,112747 7654,872213 0,000000
13145,112747 7654,872213 0,000000
13195,112747 7654,872213 0,000000
13245,112747 7654,872213 0,000000
13295,112747 7654,872213 0,000000
13345,112747 7654,872213 0,000000
13395,112747 7654,872213 0,000000
13445,112747 7654,872213 0,000000
13495,112747 7654,872213 0,000000
13545,112747 7654,872213 0,000000
13595,112747 7654,872213 0,000000
13645,112747 7654,872213 0,000000
13695,112747 7654,872213 0,000000
13745,112747 7654,872213 0,000000
13795,112747 7654,872213 0,000000
13845,112747 7654,872213 0,000000
13895,112747 7654,872213 0,000000
13945,112747 7654,872213 0,000000
13995,112747 7654,872213 0,000000
6545,112747 7704,872213 0,000000
6595,112747 7704,872213 0,000000
6645,112747 7704,872213 0,000000
6695,112747 7704,872213 0,000000
6745,112747 7704,872213 0,000000
6795,112747 7704,872213 0,000000
6845,112747 7704,872213 0,000000
6895,112747 7704,872213 0,000000
6945,112747 7704,872213 0,000000
6995,112747 7704,872213 0,000000
7045,112747 7704,872213 0,000000
7095,112747 7704,872213 0,000000
7145,112747 7704,872213 0,000000
7195,112747 7704,872213 0,000000
7245,112747 7704,872213 0,000000
7295,112747 7704,872213 0,000000
7345,112747 7704,872213 0,000000
7395,112747 7704,872213 0,000000
7445,112747 7704,872213 0,000000
7495,112747 7704,872213 0,000000
7545,112747 7704,872213 0,000000
7595,112747 7704,872213 0,000000
7645,112747 7704,872213 0,000000
7695,112747 7704,872213 0,000000
7745,112747 7704,872213 0,000000
7795,112747 7704,872213 0,000000
7845,112747 7704,872213 0,000000
7895,112747 7704,872213 0,000000
7945,112747 7704,872213 0,000000
7995,112747 7704,872213 0,000000
8045,112747 7704,872213 0,000000
8095,112747 7704,872213 0,000000
8145,112747 7704,872213 0,000000
8195,112747 7704,872213 0,000000
8245,112747 7704,872213 0,000000
8295,112747 7704,872213 0,000000
8345,112747 7704,872213 0,000000
8395,112747 7704,872213 0,000000
8445,112747 7704,872213 0,000000
8495,112747 7704,872213 0,000001
8545,112747 7704,872213 -0,000001
8595,112747 7704,872213 -0,000006
8645,112747 7704,872213 -0,000003
8695,112747 7704,872213 0,000023
8745,112747 7704,872213 0,000047
8795,112747 7704,872213 -0,000008
8845,112747 7704,872213 -0,000135
8895,112747 7704,872213 -0,000171
8945,112747 7704,872213 -0,000052
8995,112747 7704,872213 0,000059
9045,112747 7704,872213 0,000099
9095,112747 7704,872213 0,000099
9145,112747 7704,872213 0,000059
9195,112747 7704,872213 -0,000052
9245,112747 7704,872213 -0,000171
9295,112747 7704,872213 -0,000135
9345,112747 7704,872213 -0,000008
9395,112747 7704,872213 0,000047
9445,112747 7704,872213 0,000023
9495,112747 7704,872213 -0,000003
9545,112747 7704,872213 -0,000006
9595,112747 7704,872213 -0,000001
9645,112747 7704,872213 0,000001
9695,112747 7704,872213 0,000000
9745,112747 7704,872213 0,000000
9795,112747 7704,872213 0,000000
9845,112747 7704,872213 0,000000
9895,112747 7704,872213 0,000000
9945,112747 7704,872213 0,000000
9995,112747 7704,872213 0,000000
10045,112747 7704,872213 0,000000
10095,112747 7704,872213 0,000000
10145,112747 7704,872213 0,000000
10195,112747 7704,872213 0,000000
10245,112747 7704,872213 0,000000
10295,112747 7704,872213 0,000000
10345,112747 7704,872213 0,000000
10395,112747 7704,872213 0,000000
10445,112747 7704,872213 0,000000
10495,112747 7704,872213 0,000000
10545,112747 7704,872213 0,000000
10595,112747 7704,872213 0,000000
10645,112747 7704,872213 0,000000
10695,112747 7704,872213 0,000000
10745,112747 7704,872213 0,000000
10795,112747 7704,872213 0,000000
10845,112747 7704,872213 0,000000
10895,112747 7704,872213 0,000000
10945,112747 7704,872213 0,000000
10995,112747 7704,872213 0,000000
11045,112747 7704,872213 0,000000
11095,112747 7704,872213 0,000000
11145,112747 7704,872213 0,000000
11195,112747 7704,872213 0,000000
11245,112747 7704,872213 0,000000
11295,112747 7704,872213 0,000000
11345,112747 7704,872213 0,000000
11395,112747 7704,872213 0,000000
11445,112747 7704,872213 0,000000
11495,112747 7704,872213 0,000000
11545,112747 7704,872213 0,000000
11595,112747 7704,872213 0,000000
11645,112747 7704,872213 0,000000
11695,112747 7704,872213 0,000000
11745,112747 7704,872213 0,000000
11795,112747 7704,872213 0,000000
11845,112747 7704,872213 0,000000
11895,112747 7704,872213 0,000000
11945,112747 7704,872213 0,000000
11995,112747 7704,872213 0,000000
12045,112747 7704,872213 0,000000
12095,112747 7704,872213 0,000000
12145,112747 7704,872213 0,000000
12195,112747 7704,872213 0,000000
12245,112747 7704,872213 0,000000
12295,112747 7704,872213 0,000000
12345,112747 7704,872213 0,000000
12395,112747 7704,872213 0,000000
12445,112747 7704,872213 0,000000
12495,112747 7704,872213 0,000000
12545,112747 7704,872213 0,000000
12595,112747 7704,872213 0,000000
12645,112747 7704,872213 0,000000
12695,112747 7704,872213 0,000000
12745,112747 7704,872213 0,000000
12795,112747 7704,872213 0,000000
12845,112747 7704,872213 0,000000
12895,112747 7704,872213 0,000000
12945,112747 7704,872213 0,000000
12995,112747 7704,872213 0,000000
13045,112747 7704,872213 0,000000
13095,112747 7704,872213 0,000000
13145,112747 7704,872213 0,000000
13195,112747 7704,872213 0,000000
13245,112747 7704,872213 0,000000
13295,112747 7704,872213 0,000000
13345,112747 7704,872213 0,000000
13395,112747 7704,872213 0,000000
13445,112747 7704,872213 0,000000
13495,112747 7704,872213 0,000000
13545,112747 7704,872213 0,000000
13595,112747 7704,872213 0,000000
13645,112747 7704,872213 0,000000
13695,112747 7704,872213 0,000000
13745,112747 7704,872213 0,000000
13795,112747 7704,872213 0,000000
13845,112747 7704,872213 0,000000
13895,112747 7704,872213 0,000000
13945,112747 7704,872213 0,000000
13995,112747 7704,872213 0,000000
6545,112747 7754,872213 0,000000
6595,112747 7754,872213 0,000000
6645,112747 7754,872213 0,000000
6695,112747 7754,872213 0,000000
6745,112747 7754,872213 0,000000
6795,112747 7754,872213 0,000000
6845,112747 7754,872213 0,000000
6895,112747 7754,872213 0,000000
6945,112747 7754,872213 0,000000
6995,112747 7754,872213 0,000000
7045,112747 7754,872213 0,000000
7095,112747 7754,872213 0,000000
7145,112747 7754,872213 0,000000
7195,112747 7754,872213 0,000000
7245,112747 7754,872213 0,000000
7295,112747 7754,872213 0,000000
7345,112747 7754,872213 0,000000
7395,112747 7754,872213 0,000000
7445,112747 7754,872213 0,000000
7495,112747 7754,872213 0,000000
7545,112747 7754,872213 0,000000
7595,112747 7754,872213 0,000000
7645,112747 7754,872213 0,000000
7695,112747 7754,872213 0,000000
7745,112747 7754,872213 0,000000
7795,112747 7754,872213 0,000000
7845,112747 7754,872213 0,000000
7895,112747 7754,872213 0,000000
7945,112747 7754,872213 0,000000
7995,112747 7754,872213 0,000000
8045,112747 7754,872213 0,000000
8095,112747 7754,872213 0,000000
8145,112747 7754,872213 0,000000
8195,112747 7754,872213 0,000000
8245,112747 7754,872213 0,000000
8295,112747 7754,872213 0,000000
8345,112747 7754,872213 0,000000
8395,112747 7754,872213 0,000000
8445,112747 7754,872213 0,000000
8495,112747 7754,872213 0,000000
8545,112747 7754,872213 0,000001
8595,112747 7754,872213 -0,000001
8645,112747 7754,872213 -0,000005
8695,112747 7754,872213 -0,000003
8745,112747 7754,872213 0,000014
8795,112747 7754,872213 0,000028
8845,112747 7754,872213 0,000008
8895,112747 7754,872213 -0,000035
8945,112747 7754,872213 -0,000055
8995,112747 7754,872213 -0,000051
9045,112747 7754,872213 -0,000046
9095,112747 7754,872213 -0,000046
9145,112747 7754,872213 -0,000051
9195,112747 7754,872213 -0,000055
9245,112747 7754,872213 -0,000035
9295,112747 7754,872213 0,000008
9345,112747 7754,872213 0,000028
9395,112747 7754,872213 0,000014
9445,112747 7754,872213 -0,000003
9495,112747 7754,872213 -0,000005
9545,112747 7754,872213 -0,000001
9595,112747 7754,872213 0,000001
9645,112747 7754,872213 0,000000
9695,112747 7754,872213 0,000000
9745,112747 7754,872213 0,000000
9795,112747 7754,872213 0,000000
9845,112747 7754,872213 0,000000
9895,112747 7754,872213 0,000000
9945,112747 7754,872213 0,000000
9995,112747 7754,872213 0,000000
10045,112747 7754,872213 0,000000
10095,112747 7754,872213 0,000000
10145,112747 7754,872213 0,000000
10195,112747 7754,872213 0,000000
10245,112747 7754,872213 0,000000
10295,112747 7754,872213 0,000000
10345,112747 7754,872213 0,000000
10395,112747 7754,872213 0,000000
10445,112747 7754,872213 0,000000
10495,112747 7754,872213 0,000000
10545,112747 7754,872213 0,000000
10595,112747 7754,872213 0,000000
10645,112747 7754,872213 0,000000
10695,112747 7754,872213 0,000000
10745,112747 7754,872213 0,000000
10795,112747 7754,872213 0,000000
10845,112747 7754,872213 0,000000
10895,112747 7754,872213 0,000000
10945,112747 7754,872213 0,000000
10995,112747 7754,872213 0,000000
11045,112747 7754,872213 0,000000
11095,112747 7754,872213 0,000000
11145,112747 7754,872213 0,000000
11195,112747 7754,872213 0,000000
11245,112747 7754,872213 0,000000
11295,112747 7754,872213 0,000000
11345,112747 7754,872213 0,000000
11395,112747 7754,872213 0,000000
11445,112747 7754,872213 0,000000
11495,112747 7754,872213 0,000000
11545,112747 7754,872213 0,000000
11595,112747 7754,872213 0,000000
11645,112747 7754,872213 0,000000
11695,112747 7754,872213 0,000000
11745,112747 7754,872213 0,000000
11795,112747 7754,872213 0,000000
11845,112747 7754,872213 0,000000
11895,112747 7754,872213 0,000000
11945,112747 7754,872213 0,000000
11995,112747 7754,872213 0,000000
12045,112747 7754,872213 0,000000
12095,112747 7754,872213 0,000000
12145,112747 7754,872213 0,000000
12195,112747 7754,872213 0,000000
12245,112747 7754,872213 0,000000
12295,112747 7754,872213 0,000000
12345,112747 7754,872213 0,000000
12395,112747 7754,872213 0,000000
12445,112747 7754,872213 0,000000
12495,112747 7754,872213 0,000000
12545,112747 7754,872213 0,000000
12595,112747 7754,872213 0,000000
12645,112747 7754,872213 0,000000
12695,112747 7754,872213 0,000000
12745,112747 7754,872213 0,000000
12795,112747 7754,872213 0,000000
12845,112747 7754,872213 0,000000
12895,112747 7754,872213 0,000000
12945,112747 7754,872213 0,000000
12995,112747 7754,872213 0,000000
13045,112747 7754,872213 0,000000
13095,112747 7754,872213 0,000000
13145,112747 7754,872213 0,000000
13195,112747 7754,872213 0,000000
13245,112747 7754,872213 0,000000
13295,112747 7754,872213 0,000000
13345,112747 7754,872213 0,000000
13395,112747 7754,872213 0,000000
13445,112747 7754,872213 0,000000
13495,112747 7754,872213 0,000000
13545,112747 7754,872213 0,000000
13595,112747 7754,872213 0,000000
13645,112747 7754,872213 0,000000
13695,112747 7754,872213 0,000000
13745,112747 7754,872213 0,000000
13795,112747 7754,872213 0,000000
13845,112747 7754,872213 0,000000
13895,112747 7754,872213 0,000000
13945,112747 7754,872213 0,000000
13995,112747 7754,872213 0,000000
6545,112747 7804,872213 0,000000
6595,112747 7804,872213 0,000000
6645,112747 7804,872213 0,000000
6695,112747 7804,872213 0,000000
6745,112747 7804,872213 0,000000
6795,112747 7804,872213 0,000000
6845,112747 7804,872213 0,000000
6895,112747 7804,872213 0,000000
6945,112747 7804,872213 0,000000
6995,112747 7804,872213 0,000000
7045,112747 7804,872213 0,000000
7095,112747 7804,872213 0,000000
7145,112747 7804,872213 0,000000
7195,112747 7804,872213 0,000000
7245,112747 7804,872213 0,000000
7295,112747 7804,872213 0,000000
7345,112747 7804,872213 0,000000
7395,112747 7804,872213 0,000000
7445,112747 7804,872213 0,000000
7495,112747 7804,872213 0,000000
7545,112747 7804,872213 0,000000
7595,112747 7804,872213 0,000000
7645,112747 7804,872213 0,000000
7695,112747 7804,872213 0,000000
7745,112747 7804,872213 0,000000
7795,112747 7804,872213 0,000000
7845,112747 7804,872213 0,000000
7895,112747 7804,872213 0,000000
7945,112747 7804,872213 0,000000
7995,112747 7804,872213 0,000000
8045,112747 7804,872213 0,000000
8095,112747 7804,872213 0,000000
8145,112747 7804,872213 0,000000
8195,112747 7804,872213 0,000000
8245,112747 7804,872213 0,000000
8295,112747 7804,872213 0,000000
8345,112747 7804,872213 0,000000
8395,112747 7804,872213 0,000000
8445,112747 7804,872213 0,000000
8495,112747 7804,872213 0,000000
8545,112747 7804,872213 0,000000
8595,112747 7804,872213 0,000001
8645,112747 7804,872213 -0,000001
8695,112747 7804,872213 -0,000003
8745,112747 7804,872213 -0,000002
8795,112747 7804,872213 0,000005
8845,112747 7804,872213 0,000012
8895,112747 7804,872213 0,000009
8945,112747 7804,872213 0,000001
8995,112747 7804,872213 -0,000004
9045,112747 7804,872213 -0,000007
9095,112747 7804,872213 -0,000007
9145,112747 7804,872213 -0,000004
9195,112747 7804,872213 0,000001
9245,112747 7804,872213 0,000009
9295,112747 7804,872213 0,000012
9345,112747 7804,872213 0,000005
9395,112747 7804,872213 -0,000002
9445,112747 7804,872213 -0,000003
9495,112747 7804,872213 -0,000001
9545,112747 7804,872213 0,000001
9595,112747 7804,872213 0,000000
9645,112747 7804,872213 0,000000
9695,112747 7804,872213 0,000000
9745,112747 7804,872213 0,000000
9795,112747 7804,872213 0,000000
9845,112747 7804,872213 0,000000
9895,112747 7804,872213 0,000000
9945,112747 7804,872213 0,000000
9995,112747 7804,872213 0,000000
10045,112747 7804,872213 0,000000
10095,112747 7804,872213 0,000000
10145,112747 7804,872213 0,000000
10195,112747 7804,872213 0,000000
10245,112747 7804,872213 0,000000
10295,112747 7804,872213 0,000000
10345,112747 7804,872213 0,000000
10395,112747 7804,872213 0,000000
10445,112747 7804,872213 0,000000
10495,112747 7804,872213 0,000000
10545,112747 7804,872213 0,000000
10595,112747 7804,872213 0,000000
10645,112747 7804,872213 0,000000
10695,112747 7804,872213 0,000000
10745,112747 7804,872213 0,000000
10795,112747 7804,872213 0,000000
10845,112747 7804,872213 0,000000
10895,112747 7804,872213 0,000000
10945,112747 7804,872213 0,000000
10995,112747 7804,872213 0,000000
11045,112747 7804,872213 0,000000
11095,112747 7804,872213 0,000000
11145,112747 7804,872213 0,000000
11195,112747 7804,872213 0,000000
11245,112747 7804,872213 0,000000
11295,112747 7804,872213 0,000000
11345,112747 7804,872213 0,000000
11395,112747 7804,872213 0,000000
11445,112747 7804,872213 0,000000
11495,112747 7804,872213 0,000000
11545,112747 7804,872213 0,000000
11595,112747 7804,872213 0,000000
11645,112747 7804,872213 0,000000
11695,112747 7804,872213 0,000000
11745,112747 7804,872213 0,000000
11795,112747 7804,872213 0,000000
11845,112747 7804,872213 0,000000
11895,112747 7804,872213 0,000000
11945,112747 7804,872213 0,000000
11995,112747 7804,872213 0,000000
12045,112747 7804,872213 0,000000
12095,112747 7804,872213 0,000000
12145,112747 7804,872213 0,000000
12195,112747 7804,872213 0,000000
12245,112747 7804,872213 0,000000
12295,112747 7804,872213 0,000000
12345,112747 7804,872213 0,000000
12395,112747 7804,872213 0,000000
12445,112747 7804,872213 0,000000
12495,112747 7804,872213 0,000000
12545,112747 7804,872213 0,000000
12595,112747 7804,872213 0,000000
12645,112747 7804,872213 0,000000
12695,112747 7804,872213 0,000000
12745,112747 7804,872213 0,000000
12795,112747 7804,872213 0,000000
12845,112747 7804,872213 0,000000
12895,112747 7804,872213 0,000000
12945,112747 7804,872213 0,000000
12995,112747 7804,872213 0,000000
13045,112747 7804,872213 0,000000
13095,112747 7804,872213 0,000000
13145,112747 7804,872213 0,000000
13195,112747 7804,872213 0,000000
13245,112747 7804,872213 0,000000
13295,112747 7804,872213 0,000000
13345,112747 7804,872213 0,000000
13395,112747 7804,872213 0,000000
13445,112747 7804,872213 0,000000
13495,112747 7804,872213 0,000000
13545,112747 7804,872213 0,000000
13595,112747 7804,872213 0,000000
13645,112747 7804,872213 0,000000
13695,112747 7804,872213 0,000000
13745,112747 7804,872213 0,000000
13795,112747 7804,872213 0,000000
13845,112747 7804,872213 0,000000
13895,112747 7804,872213 0,000000
13945,112747 7804,872213 0,000000
13995,112747 7804,872213 0,000000
6545,112747 7854,872213 0,000000
6595,112747 7854,872213 0,000000
6645,112747 7854,872213 0,000000
6695,112747 7854,872213 0,000000
6745,112747 7854,872213 0,000000
6795,112747 7854,872213 0,000000
6845,112747 7854,872213 0,000000
6895,112747 7854,872213 0,000000
6945,112747 7854,872213 0,000000
6995,112747 7854,872213 0,000000
7045,112747 7854,872213 0,000000
7095,112747 7854,872213 0,000000
7145,112747 7854,872213 0,000000
7195,112747 7854,872213 0,000000
7245,112747 7854,872213 0,000000
7295,112747 7854,872213 0,000000
7345,112747 7854,872213 0,000000
7395,112747 7854,872213 0,000000
7445,112747 7854,872213 0,000000
7495,112747 7854,872213 0,000000
7545,112747 7854,872213 0,000000
7595,112747 7854,872213 0,000000
7645,112747 7854,872213 0,000000
7695,112747 7854,872213 0,000000
7745,112747 7854,872213 0,000000
7795,112747 7854,872213 0,000000
7845,112747 7854,872213 0,000000
7895,112747 7854,872213 0,000000
7945,112747 7854,872213 0,000000
7995,112747 7854,872213 0,000000
8045,112747 7854,872213 0,000000
8095,112747 7854,872213 0,000000
8145,112747 7854,872213 0,000000
8195,112747 7854,872213 0,000000
8245,112747 7854,872213 0,000000
8295,112747 7854,872213 0,000000
8345,112747 7854,872213 0,000000
8395,112747 7854,872213 0,000000
8445,112747 7854,872213 0,000000
8495,112747 7854,872213 0,000000
8545,112747 7854,872213 0,000000
8595,112747 7854,872213 0,000000
8645,112747 7854,872213 0,000000
8695,112747 7854,872213 0,000000
8745,112747 7854,872213 -0,000002
8795,112747 7854,872213 -0,000002
8845,112747 7854,872213 0,000001
8895,112747 7854,872213 0,000003
8945,112747 7854,872213 0,000004
8995,112747 7854,872213 0,000003
9045,112747 7854,872213 0,000003
9095,112747 7854,872213 0,000003
9145,112747 7854,872213 0,000003
9195,112747 7854,872213 0,000004
9245,112747 7854,872213 0,000003
9295,112747 7854,872213 0,000001
9345,112747 7854,872213 -0,000002
9395,112747 7854,872213 -0,000002
9445,112747 7854,872213 0,000000
9495,112747 7854,872213 0,000000
9545,112747 7854,872213 0,000000
9595,112747 7854,872213 0,000000
9645,112747 7854,872213 0,000000
9695,112747 7854,872213 0,000000
9745,112747 7854,872213 0,000000
9795,112747 7854,872213 0,000000
9845,112747 7854,872213 0,000000
9895,112747 7854,872213 0,000000
9945,112747 7854,872213 0,000000
9995,112747 7854,872213 0,000000
10045,112747 7854,872213 0,000000
10095,112747 7854,872213 0,000000
10145,112747 7854,872213 0,000000
10195,112747 7854,872213 0,000000
10245,112747 7854,872213 0,000000
10295,112747 7854,872213 0,000000
10345,112747 7854,872213 0,000000
10395,112747 7854,872213 0,000000
10445,112747 7854,872213 0,000000
10495,112747 7854,872213 0,000000
10545,112747 7854,872213 0,000000
10595,112747 7854,872213 0,000000
10645,112747 7854,872213 0,000000
10695,112747 7854,872213 0,000000
10745,112747 7854,872213 0,000000
10795,112747 7854,872213 0,000000
10845,112747 7854,872213 0,000000
10895,112747 7854,872213 0,000000
10945,112747 7854,872213 0,000000
10995,112747 7854,872213 0,000000
11045,112747 7854,872213 0,000000
11095,112747 7854,872213 0,000000
11145,112747 7854,872213 0,000000
11195,112747 7854,872213 0,000000
11245,112747 7854,872213 0,000000
11295,112747 7854,872213 0,000000
11345,112747 7854,872213 0,000000
11395,112747 7854,872213 0,000000
11445,112747 7854,872213 0,000000
11495,112747 7854,872213 0,000000
11545,112747 7854,872213 0,000000
11595,112747 7854,872213 0,000000
11645,112747 7854,872213 0,000000
11695,112747 7854,872213 0,000000
11745,112747 7854,872213 0,000000
11795,112747 7854,872213 0,000000
11845,112747 7854,872213 0,000000
11895,112747 7854,872213 0,000000
11945,112747 7854,872213 0,000000
11995,112747 7854,872213 0,000000
12045,112747 7854,872213 0,000000
12095,112747 7854,872213 0,000000
12145,112747 7854,872213 0,000000
12195,112747 7854,872213 0,000000
12245,112747 7854,872213 0,000000
12295,112747 7854,872213 0,000000
12345,112747 7854,872213 0,000000
12395,112747 7854,872213 0,000000
12445,112747 7854,872213 0,000000
12495,112747 7854,872213 0,000000
12545,112747 7854,872213 0,000000
12595,112747 7854,872213 0,000000
12645,112747 7854,872213 0,000000
12695,112747 7854,872213 0,000000
12745,112747 7854,872213 0,000000
12795,112747 7854,872213 0,000000
12845,112747 7854,872213 0,000000
12895,112747 7854,872213 0,000000
12945,112747 7854,872213 0,000000
12995,112747 7854,872213 0,000000
13045,112747 7854,872213 0,000000
13095,112747 7854,872213 0,000000
13145,112747 7854,872213 0,000000
13195,112747 7854,872213 0,000000
13245,112747 7854,872213 0,000000
13295,112747 7854,872213 0,000000
13345,112747 7854,872213 0,000000
13395,112747 7854,872213 0,000000
13445,112747 7854,872213 0,000000
13495,112747 7854,872213 0,000000
13545,112747 7854,872213 0,000000
13595,112747 7854,872213 0,000000
13645,112747 7854,872213 0,000000
13695,112747 7854,872213 0,000000
13745,112747 7854,872213 0,000000
13795,112747 7854,872213 0,000000
13845,112747 7854,872213 0,000000
13895,112747 7854,872213 0,000000
13945,112747 7854,872213 0,000000
13995,112747 7854,872213 0,000000
6545,112747 7904,872213 0,000000
6595,112747 7904,872213 0,000000
6645,112747 7904,872213 0,000000
6695,112747 7904,872213 0,000000
6745,112747 7904,872213 0,000000
6795,112747 7904,872213 0,000000
6845,112747 7904,872213 0,000000
6895,112747 7904,872213 0,000000
6945,112747 7904,872213 0,000000
6995,112747 7904,872213 0,000000
7045,112747 7904,872213 0,000000
7095,112747 7904,872213 0,000000
7145,112747 7904,872213 0,000000
7195,112747 7904,872213 0,000000
7245,112747 7904,872213 0,000000
7295,112747 7904,872213 0,000000
7345,112747 7904,872213 0,000000
7395,112747 7904,872213 0,000000
7445,112747 7904,872213 0,000000
7495,112747 7904,872213 0,000000
7545,112747 7904,872213 0,000000
7595,112747 7904,872213 0,000000
7645,112747 7904,872213 0,000000
7695,112747 7904,872213 0,000000
7745,112747 7904,872213 0,000000
7795,112747 7904,872213 0,000000
7845,112747 7904,872213 0,000000
7895,112747 7904,872213 0,000000
7945,112747 7904,872213 0,000000
7995,112747 7904,872213 0,000000
8045,112747 7904,872213 0,000000
8095,112747 7904,872213 0,000000
8145,112747 7904,872213 0,000000
8195,112747 7904,872213 0,000000
8245,112747 7904,872213 0,000000
8295,112747 7904,872213 0,000000
8345,112747 7904,872213 0,000000
8395,112747 7904,872213 0,000000
8445,112747 7904,872213 0,000000
8495,112747 7904,872213 0,000000
8545,112747 7904,872213 0,000000
8595,112747 7904,872213 0,000000
8645,112747 7904,872213 0,000000
8695,112747 7904,872213 0,000000
8745,112747 7904,872213 0,000000
8795,112747 7904,872213 -0,000001
8845,112747 7904,872213 -0,000001
8895,112747 7904,872213 0,000000
8945,112747 7904,872213 0,000000
8995,112747 7904,872213 0,000000
9045,112747 7904,872213 0,000000
9095,112747 7904,872213 0,000000
9145,112747 7904,872213 0,000000
9195,112747 7904,872213 0,000000
9245,112747 7904,872213 0,000000
9295,112747 7904,872213 -0,000001
9345,112747 7904,872213 -0,000001
9395,112747 7904,872213 0,000000
9445,112747 7904,872213 0,000000
9495,112747 7904,872213 0,000000
9545,112747 7904,872213 0,000000
9595,112747 7904,872213 0,000000
9645,112747 7904,872213 0,000000
9695,112747 7904,872213 0,000000
9745,112747 7904,872213 0,000000
9795,112747 7904,872213 0,000000
9845,112747 7904,872213 0,000000
9895,112747 7904,872213 0,000000
9945,112747 7904,872213 0,000000
9995,112747 7904,872213 0,000000
10045,112747 7904,872213 0,000000
10095,112747 7904,872213 0,000000
10145,112747 7904,872213 0,000000
10195,112747 7904,872213 0,000000
10245,112747 7904,872213 0,000000
10295,112747 7904,872213 0,000000
10345,112747 7904,872213 0,000000
10395,112747 7904,872213 0,000000
10445,112747 7904,872213 0,000000
10495,112747 7904,872213 0,000000
10545,112747 7904,872213 0,000000
10595,112747 7904,872213 0,000000
10645,112747 7904,872213 0,000000
10695,112747 7904,872213 0,000000
10745,112747 7904,872213 0,000000
10795,112747 7904,872213 0,000000
10845,112747 7904,872213 0,000000
10895,112747 7904,872213 0,000000
10945,112747 7904,872213 0,000000
10995,112747 7904,872213 0,000000
11045,112747 7904,872213 0,000000
11095,112747 7904,872213 0,000000
11145,112747 7904,872213 0,000000
11195,112747 7904,872213 0,000000
11245,112747 7904,872213 0,000000
11295,112747 7904,872213 0,000000
11345,112747 7904,872213 0,000000
11395,112747 7904,872213 0,000000
11445,112747 7904,872213 0,000000
11495,112747 7904,872213 0,000000
11545,112747 7904,872213 0,000000
11595,112747 7904,872213 0,000000
11645,112747 7904,872213 0,000000
11695,112747 7904,872213 0,000000
11745,112747 7904,872213 0,000000
11795,112747 7904,872213 0,000000
11845,112747 7904,872213 0,000000
11895,112747 7904,872213 0,000000
11945,112747 7904,872213 0,000000
11995,112747 7904,872213 0,000000
12045,112747 7904,872213 0,000000
12095,112747 7904,872213 0,000000
12145,112747 7904,872213 0,000000
12195,112747 7904,872213 0,000000
12245,112747 7904,872213 0,000000
12295,112747 7904,872213 0,000000
12345,112747 7904,872213 0,000000
12395,112747 7904,872213 0,000000
12445,112747 7904,872213 0,000000
12495,112747 7904,872213 0,000000
12545,112747 7904,872213 0,000000
12595,112747 7904,872213 0,000000
12645,112747 7904,872213 0,000000
12695,112747 7904,872213 0,000000
12745,112747 7904,872213 0,000000
12795,112747 7904,872213 0,000000
12845,112747 7904,872213 0,000000
12895,112747 7904,872213 0,000000
12945,112747 7904,872213 0,000000
12995,112747 7904,872213 0,000000
13045,112747 7904,872213 0,000000
13095,112747 7904,872213 0,000000
13145,112747 7904,872213 0,000000
13195,112747 7904,872213 0,000000
13245,112747 7904,872213 0,000000
13295,112747 7904,872213 0,000000
13345,112747 7904,872213 0,000000
13395,112747 7904,872213 0,000000
13445,112747 7904,872213 0,000000
13495,112747 7904,872213 0,000000
13545,112747 7904,872213 0,000000
13595,112747 7904,872213 0,000000
13645,112747 7904,872213 0,000000
13695,112747 7904,872213 0,000000
13745,112747 7904,872213 0,000000
13795,112747 7904,872213 0,000000
13845,112747 7904,872213 0,000000
13895,112747 7904,872213 0,000000
13945,112747 7904,872213 0,000000
13995,112747 7904,872213 0,000000
6545,112747 7954,872213 0,000000
6595,112747 7954,872213 0,000000
6645,112747 7954,872213 0,000000
6695,112747 7954,872213 0,000000
6745,112747 7954,872213 0,000000
6795,112747 7954,872213 0,000000
6845,112747 7954,872213 0,000000
6895,112747 7954,872213 0,000000
6945,112747 7954,872213 0,000000
6995,112747 7954,872213 0,000000
7045,112747 7954,872213 0,000000
7095,112747 7954,872213 0,000000
7145,112747 7954,872213 0,000000
7195,112747 7954,872213 0,000000
7245,112747 7954,872213 0,000000
7295,112747 7954,872213 0,000000
7345,112747 7954,872213 0,000000
7395,112747 7954,872213 0,000000
7445,112747 7954,872213 0,000000
7495,112747 7954,872213 0,000000
7545,112747 7954,872213 0,000000
7595,112747 7954,872213 0,000000
7645,112747 7954,872213 0,000000
7695,112747 7954,872213 0,000000
7745,112747 7954,872213 0,000000
7795,112747 7954,872213 0,000000
7845,112747 7954,872213 0,000000
7895,112747 7954,872213 0,000000
7945,112747 7954,872213 0,000000
7995,112747 7954,872213 0,000000
8045,112747 7954,872213 0,000000
8095,112747 7954,872213 0,000000
8145,112747 7954,872213 0,000000
8195,112747 7954,872213 0,000000
8245,112747 7954,872213 0,000000
8295,112747 7954,872213 0,000000
8345,112747 7954,872213 0,000000
8395,112747 7954,872213 0,000000
8445,112747 7954,872213 0,000000
8495,112747 7954,872213 0,000000
8545,112747 7954,872213 0,000000
8595,112747 7954,872213 0,000000
8645,112747 7954,872213 0,000000
8695,112747 7954,872213 0,000000
8745,112747 7954,872213 0,000000
8795,112747 7954,872213 0,000000
8845,112747 7954,872213 0,000000
8895,112747 7954,872213 0,000000
8945,112747 7954,872213 0,000000
8995,112747 7954,872213 0,000000
9045,112747 7954,872213 0,000000
9095,112747 7954,872213 0,000000
9145,112747 7954,872213 0,000000
9195,112747 7954,872213 0,000000
9245,112747 7954,872213 0,000000
9295,112747 7954,872213 0,000000
9345,112747 7954,872213 0,000000
9395,112747 7954,872213 0,000000
9445,112747 7954,872213 0,000000
9495,112747 7954,872213 0,000000
9545,112747 7954,872213 0,000000
9595,112747 7954,872213 0,000000
9645,112747 7954,872213 0,000000
9695,112747 7954,872213 0,000000
9745,112747 7954,872213 0,000000
9795,112747 7954,872213 0,000000
9845,112747 7954,872213 0,000000
9895,112747 7954,872213 0,000000
9945,112747 7954,872213 0,000000
9995,112747 7954,872213 0,000000
10045,112747 7954,872213 0,000000
10095,112747 7954,872213 0,000000
10145,112747 7954,872213 0,000000
10195,112747 7954,872213 0,000000
10245,112747 7954,872213 0,000000
10295,112747 7954,872213 0,000000
10345,112747 7954,872213 0,000000
10395,112747 7954,872213 0,000000
10445,112747 7954,872213 0,000000
10495,112747 7954,872213 0,000000
10545,112747 7954,872213 0,000000
10595,112747 7954,872213 0,000000
10645,112747 7954,872213 0,000000
10695,112747 7954,872213 0,000000
10745,112747 7954,872213 0,000000
10795,112747 7954,872213 0,000000
10845,112747 7954,872213 0,000000
10895,112747 7954,872213 0,000000
10945,112747 7954,872213 0,000000
10995,112747 7954,872213 0,000000
11045,112747 7954,872213 0,000000
11095,112747 7954,872213 0,000000
11145,112747 7954,872213 0,000000
11195,112747 7954,872213 0,000000
11245,112747 7954,872213 0,000000
11295,112747 7954,872213 0,000000
11345,112747 7954,872213 0,000000
11395,112747 7954,872213 0,000000
11445,112747 7954,872213 0,000000
11495,112747 7954,872213 0,000000
11545,112747 7954,872213 0,000000
11595,112747 7954,872213 0,000000
11645,112747 7954,872213 0,000000
11695,112747 7954,872213 0,000000
11745,112747 7954,872213 0,000000
11795,112747 7954,872213 0,000000
11845,112747 7954,872213 0,000000
11895,112747 7954,872213 0,000000
11945,112747 7954,872213 0,000000
11995,112747 7954,872213 0,000000
12045,112747 7954,872213 0,000000
12095,112747 7954,872213 0,000000
12145,112747 7954,872213 0,000000
12195,112747 7954,872213 0,000000
12245,112747 7954,872213 0,000000
12295,112747 7954,872213 0,000000
12345,112747 7954,872213 0,000000
12395,112747 7954,872213 0,000000
12445,112747 7954,872213 0,000000
12495,112747 7954,872213 0,000000
12545,112747 7954,872213 0,000000
12595,112747 7954,872213 0,000000
12645,112747 7954,872213 0,000000
12695,112747 7954,872213 0,000000
12745,112747 7954,872213 0,000000
12795,112747 7954,872213 0,000000
12845,112747 7954,872213 0,000000
12895,112747 7954,872213 0,000000
12945,112747 7954,872213 0,000000
12995,112747 7954,872213 0,000000
13045,112747 7954,872213 0,000000
13095,112747 7954,872213 0,000000
13145,112747 7954,872213 0,000000
13195,112747 7954,872213 0,000000
13245,112747 7954,872213 0,000000
13295,112747 7954,872213 0,000000
13345,112747 7954,872213 0,000000
13395,112747 7954,872213 0,000000
13445,112747 7954,872213 0,000000
13495,112747 7954,872213 0,000000
13545,112747 7954,872213 0,000000
13595,112747 7954,872213 0,000000
13645,112747 7954,872213 0,000000
13695,112747 7954,872213 0,000000
13745,112747 7954,872213 0,000000
13795,112747 7954,872213 0,000000
13845,112747 7954,872213 0,000000
13895,112747 7954,872213 0,000000
13945,112747 7954,872213 0,000000
13995,112747 7954,872213 0,000000
6545,112747 8004,872213 0,000000
6595,112747 8004,872213 0,000000
6645,112747 8004,872213 0,000000
6695,112747 8004,872213 0,000000
6745,112747 8004,872213 0,000000
6795,112747 8004,872213 0,000000
6845,112747 8004,872213 0,000000
6895,112747 8004,872213 0,000000
6945,112747 8004,872213 0,000000
6995,112747 8004,872213 0,000000
7045,112747 8004,872213 0,000000
7095,112747 8004,872213 0,000000
7145,112747 8004,872213 0,000000
7195,112747 8004,872213 0,000000
7245,112747 8004,872213 0,000000
7295,112747 8004,872213 0,000000
7345,112747 8004,872213 0,000000
7395,112747 8004,872213 0,000000
7445,112747 8004,872213 0,000000
7495,112747 8004,872213 0,000000
7545,112747 8004,872213 0,000000
7595,112747 8004,872213 0,000000
7645,112747 8004,872213 0,000000
7695,112747 8004,872213 0,000000
7745,112747 8004,872213 0,000000
7795,112747 8004,872213 0,000000
7845,112747 8004,872213 0,000000
7895,112747 8004,872213 0,000000
7945,112747 8004,872213 0,000000
7995,112747 8004,872213 0,000000
8045,112747 8004,872213 0,000000
8095,112747 8004,872213 0,000000
8145,112747 8004,872213 0,000000
8195,112747 8004,872213 0,000000
8245,112747 8004,872213 0,000000
8295,112747 8004,872213 0,000000
8345,112747 8004,872213 0,000000
8395,112747 8004,872213 0,000000
8445,112747 8004,872213 0,000000
8495,112747 8004,872213 0,000000
8545,112747 8004,872213 0,000000
8595,112747 8004,872213 0,000000
8645,112747 8004,872213 0,000000
8695,112747 8004,872213 0,000000
8745,112747 8004,872213 0,000000
8795,112747 8004,872213 0,000000
8845,112747 8004,872213 0,000000
8895,112747 8004,872213 0,000000
8945,112747 8004,872213 0,000000
8995,112747 8004,872213 0,000000
9045,112747 8004,872213 0,000000
9095,112747 8004,872213 0,000000
9145,112747 8004,872213 0,000000
9195,112747 8004,872213 0,000000
9245,112747 8004,872213 0,000000
9295,112747 8004,872213 0,000000
9345,112747 8004,872213 0,000000
9395,112747 8004,872213 0,000000
9445,112747 8004,872213 0,000000
9495,112747 8004,872213 0,000000
9545,112747 8004,872213 0,000000
9595,112747 8004,872213 0,000000
9645,112747 8004,872213 0,000000
9695,112747 8004,872213 0,000000
9745,112747 8004,872213 0,000000
9795,112747 8004,872213 0,000000
9845,112747 8004,872213 0,000000
9895,112747 8004,872213 0,000000
9945,112747 8004,872213 0,000000
9995,112747 8004,872213 0,000000
10045,112747 8004,872213 0,000000
10095,112747 8004,872213 0,000000
10145,112747 8004,872213 0,000000
10195,112747 8004,872213 0,000000
10245,112747 8004,872213 0,000000
10295,112747 8004,872213 0,000000
10345,112747 8004,872213 0,000000
10395,112747 8004,872213 0,000000
10445,112747 8004,872213 0,000000
10495,112747 8004,872213 0,000000
10545,112747 8004,872213 0,000000
10595,112747 8004,872213 0,000000
10645,112747 8004,872213 0,000000
10695,112747 8004,872213 0,000000
10745,112747 8004,872213 0,000000
10795,112747 8004,872213 0,000000
10845,112747 8004,872213 0,000000
10895,112747 8004,872213 0,000000
10945,112747 8004,872213 0,000000
10995,112747 8004,872213 0,000000
11045,112747 8004,872213 0,000000
11095,112747 8004,872213 0,000000
11145,112747 8004,872213 0,000000
11195,112747 8004,872213 0,000000
11245,112747 8004,872213 0,000000
11295,112747 8004,872213 0,000000
11345,112747 8004,872213 0,000000
11395,112747 8004,872213 0,000000
11445,112747 8004,872213 0,000000
11495,112747 8004,872213 0,000000
11545,112747 8004,872213 0,000000
11595,112747 8004,872213 0,000000
11645,112747 8004,872213 0,000000
11695,112747 8004,872213 0,000000
11745,112747 8004,872213 0,000000
11795,112747 8004,872213 0,000000
11845,112747 8004,872213 0,000000
11895,112747 8004,872213 0,000000
11945,112747 8004,872213 0,000000
11995,112747 8004,872213 0,000000
12045,112747 8004,872213 0,000000
12095,112747 8004,872213 0,000000
12145,112747 8004,872213 0,000000
12195,112747 8004,872213 0,000000
12245,112747 8004,872213 0,000000
12295,112747 8004,872213 0,000000
12345,112747 8004,872213 0,000000
12395,112747 8004,872213 0,000000
12445,112747 8004,872213 0,000000
12495,112747 8004,872213 0,000000
12545,112747 8004,872213 0,000000
12595,112747 8004,872213 0,000000
12645,112747 8004,872213 0,000000
12695,112747 8004,872213 0,000000
12745,112747 8004,872213 0,000000
12795,112747 8004,872213 0,000000
12845,112747 8004,872213 0,000000
12895,112747 8004,872213 0,000000
12945,112747 8004,872213 0,000000
12995,112747 8004,872213 0,000000
13045,112747 8004,872213 0,000000
13095,112747 8004,872213 0,000000
13145,112747 8004,872213 0,000000
13195,112747 8004,872213 0,000000
13245,112747 8004,872213 0,000000
13295,112747 8004,872213 0,000000
13345,112747 8004,872213 0,000000
13395,112747 8004,872213 0,000000
13445,112747 8004,872213 0,000000
13495,112747 8004,872213 0,000000
13545,112747 8004,872213 0,000000
13595,112747 8004,872213 0,000000
13645,112747 8004,872213 0,000000
13695,112747 8004,872213 0,000000
13745,112747 8004,872213 0,000000
13795,112747 8004,872213 0,000000
13845,112747 8004,872213 0,000000
13895,112747 8004,872213 0,000000
13945,112747 8004,872213 0,000000
13995,112747 8004,872213 0,000000
6545,112747 8054,872213 0,000000
6595,112747 8054,872213 0,000000
6645,112747 8054,872213 0,000000
6695,112747 8054,872213 0,000000
6745,112747 8054,872213 0,000000
6795,112747 8054,872213 0,000000
6845,112747 8054,872213 0,000000
6895,112747 8054,872213 0,000000
6945,112747 8054,872213 0,000000
6995,112747 8054,872213 0,000000
7045,112747 8054,872213 0,000000
7095,112747 8054,872213 0,000000
7145,112747 8054,872213 0,000000
7195,112747 8054,872213 0,000000
7245,112747 8054,872213 0,000000
7295,112747 8054,872213 0,000000
7345,112747 8054,872213 0,000000
7395,112747 8054,872213 0,000000
7445,112747 8054,872213 0,000000
7495,112747 8054,872213 0,000000
7545,112747 8054,872213 0,000000
7595,112747 8054,872213 0,000000
7645,112747 8054,872213 0,000000
7695,112747 8054,872213 0,000000
7745,112747 8054,872213 0,000000
7795,112747 8054,872213 0,000000
7845,112747 8054,872213 0,000000
7895,112747 8054,872213 0,000000
7945,112747 8054,872213 0,000000
7995,112747 8054,872213 0,000000
8045,112747 8054,872213 0,000000
8095,112747 8054,872213 0,000000
8145,112747 8054,872213 0,000000
8195,112747 8054,872213 0,000000
8245,112747 8054,872213 0,000000
8295,112747 8054,872213 0,000000
8345,112747 8054,872213 0,000000
8395,112747 8054,872213 0,000000
8445,112747 8054,872213 0,000000
8495,112747 8054,872213 0,000000
8545,112747 8054,872213 0,000000
8595,112747 8054,872213 0,000000
8645,112747 8054,872213 0,000000
8695,112747 8054,872213 0,000000
8745,112747 8054,872213 0,000000
8795,112747 8054,872213 0,000000
8845,112747 8054,872213 0,000000
8895,112747 8054,872213 0,000000
8945,112747 8054,872213 0,000000
8995,112747 8054,872213 0,000000
9045,112747 8054,872213 0,000000
9095,112747 8054,872213 0,000000
9145,112747 8054,872213 0,000000
9195,112747 8054,872213 0,000000
9245,112747 8054,872213 0,000000
9295,112747 8054,872213 0,000000
9345,112747 8054,872213 0,000000
9395,112747 8054,872213 0,000000
9445,112747 8054,872213 0,000000
9495,112747 8054,872213 0,000000
9545,112747 8054,872213 0,000000
9595,112747 8054,872213 0,000000
9645,112747 8054,872213 0,000000
9695,112747 8054,872213 0,000000
9745,112747 8054,872213 0,000000
9795,112747 8054,872213 0,000000
9845,112747 8054,872213 0,000000
9895,112747 8054,872213 0,000000
9945,112747 8054,872213 0,000000
9995,112747 8054,872213 0,000000
10045,112747 8054,872213 0,000000
10095,112747 8054,872213 0,000000
10145,112747 8054,872213 0,000000
10195,112747 8054,872213 0,000000
10245,112747 8054,872213 0,000000
10295,112747 8054,872213 0,000000
10345,112747 8054,872213 0,000000
10395,112747 8054,872213 0,000000
10445,112747 8054,872213 0,000000
10495,112747 8054,872213 0,000000
10545,112747 8054,872213 0,000000
10595,112747 8054,872213 0,000000
10645,112747 8054,872213 0,000000
10695,112747 8054,872213 0,000000
10745,112747 8054,872213 0,000000
10795,112747 8054,872213 0,000000
10845,112747 8054,872213 0,000000
10895,112747 8054,872213 0,000000
10945,112747 8054,872213 0,000000
10995,112747 8054,872213 0,000000
11045,112747 8054,872213 0,000000
11095,112747 8054,872213 0,000000
11145,112747 8054,872213 0,000000
11195,112747 8054,872213 0,000000
11245,112747 8054,872213 0,000000
11295,112747 8054,872213 0,000000
11345,112747 8054,872213 0,000000
11395,112747 8054,872213 0,000000
11445,112747 8054,872213 0,000000
11495,112747 8054,872213 0,000000
11545,112747 8054,872213 0,000000
11595,112747 8054,872213 0,000000
11645,112747 8054,872213 0,000000
11695,112747 8054,872213 0,000000
11745,112747 8054,872213 0,000000
11795,112747 8054,872213 0,000000
11845,112747 8054,872213 0,000000
11895,112747 8054,872213 0,000000
11945,112747 8054,872213 0,000000
11995,112747 8054,872213 0,000000
12045,112747 8054,872213 0,000000
12095,112747 8054,872213 0,000000
12145,112747 8054,872213 0,000000
12195,112747 8054,872213 0,000000
12245,112747 8054,872213 0,000000
12295,112747 8054,872213 0,000000
12345,112747 8054,872213 0,000000
12395,112747 8054,872213 0,000000
12445,112747 8054,872213 0,000000
12495,112747 8054,872213 0,000000
12545,112747 8054,872213 0,000000
12595,112747 8054,872213 0,000000
12645,112747 8054,872213 0,000000
12695,112747 8054,872213 0,000000
12745,112747 8054,872213 0,000000
12795,112747 8054,872213 0,000000
12845,112747 8054,872213 0,000000
12895,112747 8054,872213 0,000000
12945,112747 8054,872213 0,000000
12995,112747 8054,872213 0,000000
13045,112747 8054,872213 0,000000
13095,112747 8054,872213 0,000000
13145,112747 8054,872213 0,000000
13195,112747 8054,872213 0,000000
13245,112747 8054,872213 0,000000
13295,112747 8054,872213 0,000000
13345,112747 8054,872213 0,000000
13395,112747 8054,872213 0,000000
13445,112747 8054,872213 0,000000
13495,112747 8054,872213 0,000000
13545,112747 8054,872213 0,000000
13595,112747 8054,872213 0,000000
13645,112747 8054,872213 0,000000
13695,112747 8054,872213 0,000000
13745,112747 8054,872213 0,000000
13795,112747 8054,872213 0,000000
13845,112747 8054,872213 0,000000
13895,112747 8054,872213 0,000000
13945,112747 8054,872213 0,000000
13995,112747 8054,872213 0,000000
6545,112747 8104,872213 0,000000
6595,112747 8104,872213 0,000000
6645,112747 8104,872213 0,000000
6695,112747 8104,872213 0,000000
6745,112747 8104,872213 0,000000
6795,112747 8104,872213 0,000000
6845,112747 8104,872213 0,000000
6895,112747 8104,872213 0,000000
6945,112747 8104,872213 0,000000
6995,112747 8104,872213 0,000000
7045,112747 8104,872213 0,000000
7095,112747 8104,872213 0,000000
7145,112747 8104,872213 0,000000
7195,112747 8104,872213 0,000000
7245,112747 8104,872213 0,000000
7295,112747 8104,872213 0,000000
7345,112747 8104,872213 0,000000
7395,112747 8104,872213 0,000000
7445,112747 8104,872213 0,000000
7495,112747 8104,872213 0,000000
7545,112747 8104,872213 0,000000
7595,112747 8104,872213 0,000000
7645,112747 8104,872213 0,000000
7695,112747 8104,872213 0,000000
7745,112747 8104,872213 0,000000
7795,112747 8104,872213 0,000000
7845,112747 8104,872213 0,000000
7895,112747 8104,872213 0,000000
7945,112747 8104,872213 0,000000
7995,112747 8104,872213 0,000000
8045,112747 8104,872213 0,000000
8095,112747 8104,872213 0,000000
8145,112747 8104,872213 0,000000
8195,112747 8104,872213 0,000000
8245,112747 8104,872213 0,000000
8295,112747 8104,872213 0,000000
8345,112747 8104,872213 0,000000
8395,112747 8104,872213 0,000000
8445,112747 8104,872213 0,000000
8495,112747 8104,872213 0,000000
8545,112747 8104,872213 0,000000
8595,112747 8104,872213 0,000000
8645,112747 8104,872213 0,000000
8695,112747 8104,872213 0,000000
8745,112747 8104,872213 0,000000
8795,112747 8104,872213 0,000000
8845,112747 8104,872213 0,000000
8895,112747 8104,872213 0,000000
8945,112747 8104,872213 0,000000
8995,112747 8104,872213 0,000000
9045,112747 8104,872213 0,000000
9095,112747 8104,872213 0,000000
9145,112747 8104,872213 0,000000
9195,112747 8104,872213 0,000000
9245,112747 8104,872213 0,000000
9295,112747 8104,872213 0,000000
9345,112747 8104,872213 0,000000
9395,112747 8104,872213 0,000000
9445,112747 8104,872213 0,000000
9495,112747 8104,872213 0,000000
9545,112747 8104,872213 0,000000
9595,112747 8104,872213 0,000000
9645,112747 8104,872213 0,000000
9695,112747 8104,872213 0,000000
9745,112747 8104,872213 0,000000
9795,112747 8104,872213 0,000000
9845,112747 8104,872213 0,000000
9895,112747 8104,872213 0,000000
9945,112747 8104,872213 0,000000
9995,112747 8104,872213 0,000000
10045,112747 8104,872213 0,000000
10095,112747 8104,872213 0,000000
10145,112747 8104,872213 0,000000
10195,112747 8104,872213 0,000000
10245,112747 8104,872213 0,000000
10295,112747 8104,872213 0,000000
10345,112747 8104,872213 0,000000
10395,112747 8104,872213 0,000000
10445,112747 8104,872213 0,000000
10495,112747 8104,872213 0,000000
10545,112747 8104,872213 0,000000
10595,112747 8104,872213 0,000000
10645,112747 8104,872213 0,000000
10695,112747 8104,872213 0,000000
10745,112747 8104,872213 0,000000
10795,112747 8104,872213 0,000000
10845,112747 8104,872213 0,000000
10895,112747 8104,872213 0,000000
10945,112747 8104,872213 0,000000
10995,112747 8104,872213 0,000000
11045,112747 8104,872213 0,000000
11095,112747 8104,872213 0,000000
11145,112747 8104,872213 0,000000
11195,112747 8104,872213 0,000000
11245,112747 8104,872213 0,000000
11295,112747 8104,872213 0,000000
11345,112747 8104,872213 0,000000
11395,112747 8104,872213 0,000000
11445,112747 8104,872213 0,000000
11495,112747 8104,872213 0,000000
11545,112747 8104,872213 0,000000
11595,112747 8104,872213 0,000000
11645,112747 8104,872213 0,000000
11695,112747 8104,872213 0,000000
11745,112747 8104,872213 0,000000
11795,112747 8104,872213 0,000000
11845,112747 8104,872213 0,000000
11895,112747 8104,872213 0,000000
11945,112747 8104,872213 0,000000
11995,112747 8104,872213 0,000000
12045,112747 8104,872213 0,000000
12095,112747 8104,872213 0,000000
12145,112747 8104,872213 0,000000
12195,112747 8104,872213 0,000000
12245,112747 8104,872213 0,000000
12295,112747 8104,872213 0,000000
12345,112747 8104,872213 0,000000
12395,112747 8104,872213 0,000000
12445,112747 8104,872213 0,000000
12495,112747 8104,872213 0,000000
12545,112747 8104,872213 0,000000
12595,112747 8104,872213 0,000000
12645,112747 8104,872213 0,000000
12695,112747 8104,872213 0,000000
12745,112747 8104,872213 0,000000
12795,112747 8104,872213 0,000000
12845,112747 8104,872213 0,000000
12895,112747 8104,872213 0,000000
12945,112747 8104,872213 0,000000
12995,112747 8104,872213 0,000000
13045,112747 8104,872213 0,000000
13095,112747 8104,872213 0,000000
13145,112747 8104,872213 0,000000
13195,112747 8104,872213 0,000000
13245,112747 8104,872213 0,000000
13295,112747 8104,872213 0,000000
13345,112747 8104,872213 0,000000
13395,112747 8104,872213 0,000000
13445,112747 8104,872213 0,000000
13495,112747 8104,872213 0,000000
13545,112747 8104,872213 0,000000
13595,112747 8104,872213 0,000000
13645,112747 8104,872213 0,000000
13695,112747 8104,872213 0,000000
13745,112747 8104,872213 0,000000
13795,112747 8104,872213 0,000000
13845,112747 8104,872213 0,000000
13895,112747 8104,872213 0,000000
13945,112747 8104,872213 0,000000
13995,112747 8104,872213 0,000000
6545,112747 8154,872213 0,000000
6595,112747 8154,872213 0,000000
6645,112747 8154,872213 0,000000
6695,112747 8154,872213 0,000000
6745,112747 8154,872213 0,000000
6795,112747 8154,872213 0,000000
6845,112747 8154,872213 0,000000
6895,112747 8154,872213 0,000000
6945,112747 8154,872213 0,000000
6995,112747 8154,872213 0,000000
7045,112747 8154,872213 0,000000
7095,112747 8154,872213 0,000000
7145,112747 8154,872213 0,000000
7195,112747 8154,872213 0,000000
7245,112747 8154,872213 0,000000
7295,112747 8154,872213 0,000000
7345,112747 8154,872213 0,000000
7395,112747 8154,872213 0,000000
7445,112747 8154,872213 0,000000
7495,112747 8154,872213 0,000000
7545,112747 8154,872213 0,000000
7595,112747 8154,872213 0,000000
7645,112747 8154,872213 0,000000
7695,112747 8154,872213 0,000000
7745,112747 8154,872213 0,000000
7795,112747 8154,872213 0,000000
7845,112747 8154,872213 0,000000
7895,112747 8154,872213 0,000000
7945,112747 8154,872213 0,000000
7995,112747 8154,872213 0,000000
8045,112747 8154,872213 0,000000
8095,112747 8154,872213 0,000000
8145,112747 8154,872213 0,000000
8195,112747 8154,872213 0,000000
8245,112747 8154,872213 0,000000
8295,112747 8154,872213 0,000000
8345,112747 8154,872213 0,000000
8395,112747 8154,872213 0,000000
8445,112747 8154,872213 0,000000
8495,112747 8154,872213 0,000000
8545,112747 8154,872213 0,000000
8595,112747 8154,872213 0,000000
8645,112747 8154,872213 0,000000
8695,112747 8154,872213 0,000000
8745,112747 8154,872213 0,000000
8795,112747 8154,872213 0,000000
8845,112747 8154,872213 0,000000
8895,112747 8154,872213 0,000000
8945,112747 8154,872213 0,000000
8995,112747 8154,872213 0,000000
9045,112747 8154,872213 0,000000
9095,112747 8154,872213 0,000000
9145,112747 8154,872213 0,000000
9195,112747 8154,872213 0,000000
9245,112747 8154,872213 0,000000
9295,112747 8154,872213 0,000000
9345,112747 8154,872213 0,000000
9395,112747 8154,872213 0,000000
9445,112747 8154,872213 0,000000
9495,112747 8154,872213 0,000000
9545,112747 8154,872213 0,000000
9595,112747 8154,872213 0,000000
9645,112747 8154,872213 0,000000
9695,112747 8154,872213 0,000000
9745,112747 8154,872213 0,000000
9795,112747 8154,872213 0,000000
9845,112747 8154,872213 0,000000
9895,112747 8154,872213 0,000000
9945,112747 8154,872213 0,000000
9995,112747 8154,872213 0,000000
10045,112747 8154,872213 0,000000
10095,112747 8154,872213 0,000000
10145,112747 8154,872213 0,000000
10195,112747 8154,872213 0,000000
10245,112747 8154,872213 0,000000
10295,112747 8154,872213 0,000000
10345,112747 8154,872213 0,000000
10395,112747 8154,872213 0,000000
10445,112747 8154,872213 0,000000
10495,112747 8154,872213 0,000000
10545,112747 8154,872213 0,000000
10595,112747 8154,872213 0,000000
10645,112747 8154,872213 0,000000
10695,112747 8154,872213 0,000000
10745,112747 8154,872213 0,000000
10795,112747 8154,872213 0,000000
10845,112747 8154,872213 0,000000
10895,112747 8154,872213 0,000000
10945,112747 8154,872213 0,000000
10995,112747 8154,872213 0,000000
11045,112747 8154,872213 0,000000
11095,112747 8154,872213 0,000000
11145,112747 8154,872213 0,000000
11195,112747 8154,872213 0,000000
11245,112747 8154,872213 0,000000
11295,112747 8154,872213 0,000000
11345,112747 8154,872213 0,000000
11395,112747 8154,872213 0,000000
11445,112747 8154,872213 0,000000
11495,112747 8154,872213 0,000000
11545,112747 8154,872213 0,000000
11595,112747 8154,872213 0,000000
11645,112747 8154,872213 0,000000
11695,112747 8154,872213 0,000000
11745,112747 8154,872213 0,000000
11795,112747 8154,872213 0,000000
11845,112747 8154,872213 0,000000
11895,112747 8154,872213 0,000000
11945,112747 8154,872213 0,000000
11995,112747 8154,872213 0,000000
12045,112747 8154,872213 0,000000
12095,112747 8154,872213 0,000000
12145,112747 8154,872213 0,000000
12195,112747 8154,872213 0,000000
12245,112747 8154,872213 0,000000
12295,112747 8154,872213 0,000000
12345,112747 8154,872213 0,000000
12395,112747 8154,872213 0,000000
12445,112747 8154,872213 0,000000
12495,112747 8154,872213 0,000000
12545,112747 8154,872213 0,000000
12595,112747 8154,872213 0,000000
12645,112747 8154,872213 0,000000
12695,112747 8154,872213 0,000000
12745,112747 8154,872213 0,000000
12795,112747 8154,872213 0,000000
12845,112747 8154,872213 0,000000
12895,112747 8154,872213 0,000000
12945,112747 8154,872213 0,000000
12995,112747 8154,872213 0,000000
13045,112747 8154,872213 0,000000
13095,112747 8154,872213 0,000000
13145,112747 8154,872213 0,000000
13195,112747 8154,872213 0,000000
13245,112747 8154,872213 0,000000
13295,112747 8154,872213 0,000000
13345,112747 8154,872213 0,000000
13395,112747 8154,872213 0,000000
13445,112747 8154,872213 0,000000
13495,112747 8154,872213 0,000000
13545,112747 8154,872213 0,000000
13595,112747 8154,872213 0,000000
13645,112747 8154,872213 0,000000
13695,112747 8154,872213 0,000000
13745,112747 8154,872213 0,000000
13795,112747 8154,872213 0,000000
13845,112747 8154,872213 0,000000
13895,112747 8154,872213 0,000000
13945,112747 8154,872213 0,000000
13995,112747 8154,872213 0,000000
6545,112747 8204,872213 0,000000
6595,112747 8204,872213 0,000000
6645,112747 8204,872213 0,000000
6695,112747 8204,872213 0,000000
6745,112747 8204,872213 0,000000
6795,112747 8204,872213 0,000000
6845,112747 8204,872213 0,000000
6895,112747 8204,872213 0,000000
6945,112747 8204,872213 0,000000
6995,112747 8204,872213 0,000000
7045,112747 8204,872213 0,000000
7095,112747 8204,872213 0,000000
7145,112747 8204,872213 0,000000
7195,112747 8204,872213 0,000000
7245,112747 8204,872213 0,000000
7295,112747 8204,872213 0,000000
7345,112747 8204,872213 0,000000
7395,112747 8204,872213 0,000000
7445,112747 8204,872213 0,000000
7495,112747 8204,872213 0,000000
7545,112747 8204,872213 0,000000
7595,112747 8204,872213 0,000000
7645,112747 8204,872213 0,000000
7695,112747 8204,872213 0,000000
7745,112747 8204,872213 0,000000
7795,112747 8204,872213 0,000000
7845,112747 8204,872213 0,000000
7895,112747 8204,872213 0,000000
7945,112747 8204,872213 0,000000
7995,112747 8204,872213 0,000000
8045,112747 8204,872213 0,000000
8095,112747 8204,872213 0,000000
8145,112747 8204,872213 0,000000
8195,112747 8204,872213 0,000000
8245,112747 8204,872213 0,000000
8295,112747 8204,872213 0,000000
8345,112747 8204,872213 0,000000
8395,112747 8204,872213 0,000000
8445,112747 8204,872213 0,000000
8495,112747 8204,872213 0,000000
8545,112747 8204,872213 0,000000
8595,112747 8204,872213 0,000000
8645,112747 8204,872213 0,000000
8695,112747 8204,872213 0,000000
8745,112747 8204,872213 0,000000
8795,112747 8204,872213 0,000000
8845,112747 8204,872213 0,000000
8895,112747 8204,872213 0,000000
8945,112747 8204,872213 0,000000
8995,112747 8204,872213 0,000000
9045,112747 8204,872213 0,000000
9095,112747 8204,872213 0,000000
9145,112747 8204,872213 0,000000
9195,112747 8204,872213 0,000000
9245,112747 8204,872213 0,000000
9295,112747 8204,872213 0,000000
9345,112747 8204,872213 0,000000
9395,112747 8204,872213 0,000000
9445,112747 8204,872213 0,000000
9495,112747 8204,872213 0,000000
9545,112747 8204,872213 0,000000
9595,112747 8204,872213 0,000000
9645,112747 8204,872213 0,000000
9695,112747 8204,872213 0,000000
9745,112747 8204,872213 0,000000
9795,112747 8204,872213 0,000000
9845,112747 8204,872213 0,000000
9895,112747 8204,872213 0,000000
9945,112747 8204,872213 0,000000
9995,112747 8204,872213 0,000000
10045,112747 8204,872213 0,000000
10095,112747 8204,872213 0,000000
10145,112747 8204,872213 0,000000
10195,112747 8204,872213 0,000001
10245,112747 8204,872213 0,000000
10295,112747 8204,872213 0,000000
10345,112747 8204,872213 0,000000
10395,112747 8204,872213 0,000000
10445,112747 8204,872213 0,000000
10495,112747 8204,872213 0,000000
10545,112747 8204,872213 0,000000
10595,112747 8204,872213 0,000000
10645,112747 8204,872213 0,000000
10695,112747 8204,872213 0,000000
10745,112747 8204,872213 0,000001
10795,112747 8204,872213 0,000000
10845,112747 8204,872213 0,000000
10895,112747 8204,872213 0,000000
10945,112747 8204,872213 0,000000
10995,112747 8204,872213 0,000000
11045,112747 8204,872213 0,000000
11095,112747 8204,872213 0,000000
11145,112747 8204,872213 0,000000
11195,112747 8204,872213 0,000000
11245,112747 8204,872213 0,000000
11295,112747 8204,872213 0,000000
11345,112747 8204,872213 0,000000
11395,112747 8204,872213 0,000000
11445,112747 8204,872213 0,000000
11495,112747 8204,872213 0,000000
11545,112747 8204,872213 0,000000
11595,112747 8204,872213 0,000000
11645,112747 8204,872213 0,000000
11695,112747 8204,872213 0,000000
11745,112747 8204,872213 0,000000
11795,112747 8204,872213 0,000000
11845,112747 8204,872213 0,000000
11895,112747 8204,872213 0,000000
11945,112747 8204,872213 0,000000
11995,112747 8204,872213 0,000000
12045,112747 8204,872213 0,000000
12095,112747 8204,872213 0,000000
12145,112747 8204,872213 0,000000
12195,112747 8204,872213 0,000000
12245,112747 8204,872213 0,000000
12295,112747 8204,872213 0,000000
12345,112747 8204,872213 0,000000
12395,112747 8204,872213 0,000000
12445,112747 8204,872213 0,000000
12495,112747 8204,872213 0,000000
12545,112747 8204,872213 0,000000
12595,112747 8204,872213 0,000000
12645,112747 8204,872213 0,000000
12695,112747 8204,872213 0,000000
12745,112747 8204,872213 0,000000
12795,112747 8204,872213 0,000000
12845,112747 8204,872213 0,000000
12895,112747 8204,872213 0,000000
12945,112747 8204,872213 0,000000
12995,112747 8204,872213 0,000000
13045,112747 8204,872213 0,000000
13095,112747 8204,872213 0,000000
13145,112747 8204,872213 0,000000
13195,112747 8204,872213 0,000000
13245,112747 8204,872213 0,000000
13295,112747 8204,872213 0,000000
13345,112747 8204,872213 0,000000
13395,112747 8204,872213 0,000000
13445,112747 8204,872213 0,000000
13495,112747 8204,872213 0,000000
13545,112747 8204,872213 0,000000
13595,112747 8204,872213 0,000000
13645,112747 8204,872213 0,000000
13695,112747 8204,872213 0,000000
13745,112747 8204,872213 0,000000
13795,112747 8204,872213 0,000000
13845,112747 8204,872213 0,000000
13895,112747 8204,872213 0,000000
13945,112747 8204,872213 0,000000
13995,112747 8204,872213 0,000000
6545,112747 8254,872213 0,000000
6595,112747 8254,872213 0,000000
6645,112747 8254,872213 0,000000
6695,112747 8254,872213 0,000000
6745,112747 8254,872213 0,000000
6795,112747 8254,872213 0,000000
6845,112747 8254,872213 0,000000
6895,112747 8254,872213 0,000000
6945,112747 8254,872213 0,000000
6995,112747 8254,872213 0,000000
7045,112747 8254,872213 0,000000
7095,112747 8254,872213 0,000000
7145,112747 8254,872213 0,000000
7195,112747 8254,872213 0,000000
7245,112747 8254,872213 0,000000
7295,112747 8254,872213 0,000000
7345,112747 8254,872213 0,000000
7395,112747 8254,872213 0,000000
7445,112747 8254,872213 0,000000
7495,112747 8254,872213 0,000000
7545,112747 8254,872213 0,000000
7595,112747 8254,872213 0,000000
7645,112747 8254,872213 0,000000
7695,112747 8254,872213 0,000000
7745,112747 8254,872213 0,000000
7795,112747 8254,872213 0,000000
7845,112747 8254,872213 0,000000
7895,112747 8254,872213 0,000000
7945,112747 8254,872213 0,000000
7995,112747 8254,872213 0,000000
8045,112747 8254,872213 0,000000
8095,112747 8254,872213 0,000000
8145,112747 8254,872213 0,000000
8195,112747 8254,872213 0,000000
8245,112747 8254,872213 0,000000
8295,112747 8254,872213 0,000000
8345,112747 8254,872213 0,000000
8395,112747 8254,872213 0,000000
8445,112747 8254,872213 0,000000
8495,112747 8254,872213 0,000000
8545,112747 8254,872213 0,000000
8595,112747 8254,872213 0,000000
8645,112747 8254,872213 0,000000
8695,112747 8254,872213 0,000000
8745,112747 8254,872213 0,000000
8795,112747 8254,872213 0,000000
8845,112747 8254,872213 0,000000
8895,112747 8254,872213 0,000000
8945,112747 8254,872213 0,000000
8995,112747 8254,872213 0,000000
9045,112747 8254,872213 0,000000
9095,112747 8254,872213 0,000000
9145,112747 8254,872213 0,000000
9195,112747 8254,872213 0,000000
9245,112747 8254,872213 0,000000
9295,112747 8254,872213 0,000000
9345,112747 8254,872213 0,000000
9395,112747 8254,872213 0,000000
9445,112747 8254,872213 0,000000
9495,112747 8254,872213 0,000000
9545,112747 8254,872213 0,000000
9595,112747 8254,872213 0,000000
9645,112747 8254,872213 0,000000
9695,112747 8254,872213 0,000000
9745,112747 8254,872213 0,000000
9795,112747 8254,872213 0,000000
9845,112747 8254,872213 0,000000
9895,112747 8254,872213 0,000000
9945,112747 8254,872213 0,000000
9995,112747 8254,872213 -0,000001
10045,112747 8254,872213 0,000000
10095,112747 8254,872213 0,000001
10145,112747 8254,872213 0,000002
10195,112747 8254,872213 0,000001
10245,112747 8254,872213 -0,000001
10295,112747 8254,872213 -0,000002
10345,112747 8254,872213 -0,000002
10395,112747 8254,872213 -0,000002
10445,112747 8254,872213 -0,000002
10495,112747 8254,872213 -0,000002
10545,112747 8254,872213 -0,000002
10595,112747 8254,872213 -0,000002
10645,112747 8254,872213 -0,000002
10695,112747 8254,872213 -0,000001
10745,112747 8254,872213 0,000001
10795,112747 8254,872213 0,000002
10845,112747 8254,872213 0,000001
10895,112747 8254,872213 0,000000
10945,112747 8254,872213 0,000000
10995,112747 8254,872213 0,000000
11045,112747 8254,872213 0,000000
11095,112747 8254,872213 0,000000
11145,112747 8254,872213 0,000000
11195,112747 8254,872213 0,000000
11245,112747 8254,872213 0,000000
11295,112747 8254,872213 0,000000
11345,112747 8254,872213 0,000000
11395,112747 8254,872213 0,000000
11445,112747 8254,872213 0,000000
11495,112747 8254,872213 0,000000
11545,112747 8254,872213 0,000000
11595,112747 8254,872213 0,000000
11645,112747 8254,872213 0,000000
11695,112747 8254,872213 0,000000
11745,112747 8254,872213 0,000000
11795,112747 8254,872213 0,000000
11845,112747 8254,872213 0,000000
11895,112747 8254,872213 0,000000
11945,112747 8254,872213 0,000000
11995,112747 8254,872213 0,000000
12045,112747 8254,872213 0,000000
12095,112747 8254,872213 0,000000
12145,112747 8254,872213 0,000000
12195,112747 8254,872213 0,000000
12245,112747 8254,872213 0,000000
12295,112747 8254,872213 0,000000
12345,112747 8254,872213 0,000000
12395,112747 8254,872213 0,000000
12445,112747 8254,872213 0,000000
12495,112747 8254,872213 0,000000
12545,112747 8254,872213 0,000000
12595,112747 8254,872213 0,000000
12645,112747 8254,872213 0,000000
12695,112747 8254,872213 0,000000
12745,112747 8254,872213 0,000000
12795,112747 8254,872213 0,000000
12845,112747 8254,872213 0,000000
12895,112747 8254,872213 0,000000
12945,112747 8254,872213 0,000000
12995,112747 8254,872213 0,000000
13045,112747 8254,872213 0,000000
13095,112747 8254,872213 0,000000
13145,112747 8254,872213 0,000000
13195,112747 8254,872213 0,000000
13245,112747 8254,872213 0,000000
13295,112747 8254,872213 0,000000
13345,112747 8254,872213 0,000000
13395,112747 8254,872213 0,000000
13445,112747 8254,872213 0,000000
13495,112747 8254,872213 0,000000
13545,112747 8254,872213 0,000000
13595,112747 8254,872213 0,000000
13645,112747 8254,872213 0,000000
13695,112747 8254,872213 0,000000
13745,112747 8254,872213 0,000000
13795,112747 8254,872213 0,000000
13845,112747 8254,872213 0,000000
13895,112747 8254,872213 0,000000
13945,112747 8254,872213 0,000000
13995,112747 8254,872213 0,000000
6545,112747 8304,872213 0,000000
6595,112747 8304,872213 0,000000
6645,112747 8304,872213 0,000000
6695,112747 8304,872213 0,000000
6745,112747 8304,872213 0,000000
6795,112747 8304,872213 0,000000
6845,112747 8304,872213 0,000000
6895,112747 8304,872213 0,000000
6945,112747 8304,872213 0,000000
6995,112747 8304,872213 0,000000
7045,112747 8304,872213 0,000000
7095,112747 8304,872213 0,000000
7145,112747 8304,872213 0,000000
7195,112747 8304,872213 0,000000
7245,112747 8304,872213 0,000000
7295,112747 8304,872213 0,000000
7345,112747 8304,872213 0,000000
7395,112747 8304,872213 0,000000
7445,112747 8304,872213 0,000000
7495,112747 8304,872213 0,000000
7545,112747 8304,872213 0,000000
7595,112747 8304,872213 0,000000
7645,112747 8304,872213 0,000000
7695,112747 8304,872213 0,000000
7745,112747 8304,872213 0,000000
7795,112747 8304,872213 0,000000
7845,112747 8304,872213 0,000000
7895,112747 8304,872213 0,000000
7945,112747 8304,872213 0,000000
7995,112747 8304,872213 0,000000
8045,112747 8304,872213 0,000000
8095,112747 8304,872213 0,000000
8145,112747 8304,872213 0,000000
8195,112747 8304,872213 0,000000
8245,112747 8304,872213 0,000000
8295,112747 8304,872213 0,000000
8345,112747 8304,872213 0,000000
8395,112747 8304,872213 0,000000
8445,112747 8304,872213 0,000000
8495,112747 8304,872213 0,000000
8545,112747 8304,872213 0,000000
8595,112747 8304,872213 0,000000
8645,112747 8304,872213 0,000000
8695,112747 8304,872213 0,000000
8745,112747 8304,872213 0,000000
8795,112747 8304,872213 0,000000
8845,112747 8304,872213 0,000000
8895,112747 8304,872213 0,000000
8945,112747 8304,872213 0,000000
8995,112747 8304,872213 0,000000
9045,112747 8304,872213 0,000000
9095,112747 8304,872213 0,000000
9145,112747 8304,872213 0,000000
9195,112747 8304,872213 0,000000
9245,112747 8304,872213 0,000000
9295,112747 8304,872213 0,000000
9345,112747 8304,872213 0,000000
9395,112747 8304,872213 0,000000
9445,112747 8304,872213 0,000000
9495,112747 8304,872213 0,000000
9545,112747 8304,872213 0,000000
9595,112747 8304,872213 0,000000
9645,112747 8304,872213 0,000000
9695,112747 8304,872213 0,000000
9745,112747 8304,872213 0,000000
9795,112747 8304,872213 0,000000
9845,112747 8304,872213 0,000000
9895,112747 8304,872213 -0,000001
9945,112747 8304,872213 -0,000001
9995,112747 8304,872213 0,000000
10045,112747 8304,872213 0,000002
10095,112747 8304,872213 0,000003
10145,112747 8304,872213 -0,000001
10195,112747 8304,872213 -0,000007
10245,112747 8304,872213 -0,000008
10295,112747 8304,872213 -0,000004
10345,112747 8304,872213 0,000000
10395,112747 8304,872213 0,000003
10445,112747 8304,872213 0,000005
10495,112747 8304,872213 0,000005
10545,112747 8304,872213 0,000003
10595,112747 8304,872213 0,000000
10645,112747 8304,872213 -0,000004
10695,112747 8304,872213 -0,000008
10745,112747 8304,872213 -0,000007
10795,112747 8304,872213 -0,000001
10845,112747 8304,872213 0,000003
10895,112747 8304,872213 0,000002
10945,112747 8304,872213 0,000000
10995,112747 8304,872213 -0,000001
11045,112747 8304,872213 0,000000
11095,112747 8304,872213 0,000000
11145,112747 8304,872213 0,000000
11195,112747 8304,872213 0,000000
11245,112747 8304,872213 0,000000
11295,112747 8304,872213 0,000000
11345,112747 8304,872213 0,000000
11395,112747 8304,872213 0,000000
11445,112747 8304,872213 0,000000
11495,112747 8304,872213 0,000000
11545,112747 8304,872213 0,000000
11595,112747 8304,872213 0,000000
11645,112747 8304,872213 0,000000
11695,112747 8304,872213 0,000000
11745,112747 8304,872213 0,000000
11795,112747 8304,872213 0,000000
11845,112747 8304,872213 0,000000
11895,112747 8304,872213 0,000000
11945,112747 8304,872213 0,000000
11995,112747 8304,872213 0,000000
12045,112747 8304,872213 0,000000
12095,112747 8304,872213 0,000000
12145,112747 8304,872213 0,000000
12195,112747 8304,872213 0,000000
12245,112747 8304,872213 0,000000
12295,112747 8304,872213 0,000000
12345,112747 8304,872213 0,000000
12395,112747 8304,872213 0,000000
12445,112747 8304,872213 0,000000
12495,112747 8304,872213 0,000000
12545,112747 8304,872213 0,000000
12595,112747 8304,872213 0,000000
12645,112747 8304,872213 0,000000
12695,112747 8304,872213 0,000000
12745,112747 8304,872213 0,000000
12795,112747 8304,872213 0,000000
12845,112747 8304,872213 0,000000
12895,112747 8304,872213 0,000000
12945,112747 8304,872213 0,000000
12995,112747 8304,872213 0,000000
13045,112747 8304,872213 0,000000
13095,112747 8304,872213 0,000000
13145,112747 8304,872213 0,000000
13195,112747 8304,872213 0,000000
13245,112747 8304,872213 0,000000
13295,112747 8304,872213 0,000000
13345,112747 8304,872213 0,000000
13395,112747 8304,872213 0,000000
13445,112747 8304,872213 0,000000
13495,112747 8304,872213 0,000000
13545,112747 8304,872213 0,000000
13595,112747 8304,872213 0,000000
13645,112747 8304,872213 0,000000
13695,112747 8304,872213 0,000000
13745,112747 8304,872213 0,000000
13795,112747 8304,872213 0,000000
13845,112747 8304,872213 0,000000
13895,112747 8304,872213 0,000000
13945,112747 8304,872213 0,000000
13995,112747 8304,872213 0,000000
6545,112747 8354,872213 0,000000
6595,112747 8354,872213 0,000000
6645,112747 8354,872213 0,000000
6695,112747 8354,872213 0,000000
6745,112747 8354,872213 0,000000
6795,112747 8354,872213 0,000000
6845,112747 8354,872213 0,000000
6895,112747 8354,872213 0,000000
6945,112747 8354,872213 0,000000
6995,112747 8354,872213 0,000000
7045,112747 8354,872213 0,000000
7095,112747 8354,872213 0,000000
7145,112747 8354,872213 0,000000
7195,112747 8354,872213 0,000000
7245,112747 8354,872213 0,000000
7295,112747 8354,872213 0,000000
7345,112747 8354,872213 0,000000
7395,112747 8354,872213 0,000000
7445,112747 8354,872213 0,000000
7495,112747 8354,872213 0,000000
7545,112747 8354,872213 0,000000
7595,112747 8354,872213 0,000000
7645,112747 8354,872213 0,000000
7695,112747 8354,872213 0,000000
7745,112747 8354,872213 0,000000
7795,112747 8354,872213 0,000000
7845,112747 8354,872213 0,000000
7895,112747 8354,872213 0,000000
7945,112747 8354,872213 0,000000
7995,112747 8354,872213 0,000000
8045,112747 8354,872213 0,000000
8095,112747 8354,872213 0,000000
8145,112747 8354,872213 0,000000
8195,112747 8354,872213 0,000000
8245,112747 8354,872213 0,000000
8295,112747 8354,872213 0,000000
8345,112747 8354,872213 0,000000
8395,112747 8354,872213 0,000000
8445,112747 8354,872213 0,000000
8495,112747 8354,872213 0,000000
8545,112747 8354,872213 0,000000
8595,112747 8354,872213 0,000000
8645,112747 8354,872213 0,000000
8695,112747 8354,872213 0,000000
8745,112747 8354,872213 0,000000
8795,112747 8354,872213 0,000000
8845,112747 8354,872213 0,000000
8895,112747 8354,872213 0,000000
8945,112747 8354,872213 0,000000
8995,112747 8354,872213 0,000000
9045,112747 8354,872213 0,000000
9095,112747 8354,872213 0,000000
9145,112747 8354,872213 0,000000
9195,112747 8354,872213 0,000000
9245,112747 8354,872213 0,000000
9295,112747 8354,872213 0,000000
9345,112747 8354,872213 0,000000
9395,112747 8354,872213 0,000000
9445,112747 8354,872213 0,000000
9495,112747 8354,872213 0,000000
9545,112747 8354,872213 0,000000
9595,112747 8354,872213 0,000000
9645,112747 8354,872213 0,000000
9695,112747 8354,872213 0,000000
9745,112747 8354,872213 0,000000
9795,112747 8354,872213 0,000000
9845,112747 8354,872213 -0,000001
9895,112747 8354,872213 0,000000
9945,112747 8354,872213 0,000000
9995,112747 8354,872213 0,000003
10045,112747 8354,872213 0,000004
10095,112747 8354,872213 -0,000004
10145,112747 8354,872213 -0,000019
10195,112747 8354,872213 -0,000018
10245,112747 8354,872213 0,000007
10295,112747 8354,872213 0,000031
10345,112747 8354,872213 0,000037
10395,112747 8354,872213 0,000034
10445,112747 8354,872213 0,000031
10495,112747 8354,872213 0,000031
10545,112747 8354,872213 0,000034
10595,112747 8354,872213 0,000037
10645,112747 8354,872213 0,000031
10695,112747 8354,872213 0,000007
10745,112747 8354,872213 -0,000018
10795,112747 8354,872213 -0,000019
10845,112747 8354,872213 -0,000004
10895,112747 8354,872213 0,000005
10945,112747 8354,872213 0,000003
10995,112747 8354,872213 0,000000
11045,112747 8354,872213 -0,000001
11095,112747 8354,872213 0,000000
11145,112747 8354,872213 0,000000
11195,112747 8354,872213 0,000000
11245,112747 8354,872213 0,000000
11295,112747 8354,872213 0,000000
11345,112747 8354,872213 0,000000
11395,112747 8354,872213 0,000000
11445,112747 8354,872213 0,000000
11495,112747 8354,872213 0,000000
11545,112747 8354,872213 0,000000
11595,112747 8354,872213 0,000000
11645,112747 8354,872213 0,000000
11695,112747 8354,872213 0,000000
11745,112747 8354,872213 0,000000
11795,112747 8354,872213 0,000000
11845,112747 8354,872213 0,000000
11895,112747 8354,872213 0,000000
11945,112747 8354,872213 0,000000
11995,112747 8354,872213 0,000000
12045,112747 8354,872213 0,000000
12095,112747 8354,872213 0,000000
12145,112747 8354,872213 0,000000
12195,112747 8354,872213 0,000000
12245,112747 8354,872213 0,000000
12295,112747 8354,872213 0,000000
12345,112747 8354,872213 0,000000
12395,112747 8354,872213 0,000000
12445,112747 8354,872213 0,000000
12495,112747 8354,872213 0,000000
12545,112747 8354,872213 0,000000
12595,112747 8354,872213 0,000000
12645,112747 8354,872213 0,000000
12695,112747 8354,872213 0,000000
12745,112747 8354,872213 0,000000
12795,112747 8354,872213 0,000000
12845,112747 8354,872213 0,000000
12895,112747 8354,872213 0,000000
12945,112747 8354,872213 0,000000
12995,112747 8354,872213 0,000000
13045,112747 8354,872213 0,000000
13095,112747 8354,872213 0,000000
13145,112747 8354,872213 0,000000
13195,112747 8354,872213 0,000000
13245,112747 8354,872213 0,000000
13295,112747 8354,872213 0,000000
13345,112747 8354,872213 0,000000
13395,112747 8354,872213 0,000000
13445,112747 8354,872213 0,000000
13495,112747 8354,872213 0,000000
13545,112747 8354,872213 0,000000
13595,112747 8354,872213 0,000000
13645,112747 8354,872213 0,000000
13695,112747 8354,872213 0,000000
13745,112747 8354,872213 0,000000
13795,112747 8354,872213 0,000000
13845,112747 8354,872213 0,000000
13895,112747 8354,872213 0,000000
13945,112747 8354,872213 0,000000
13995,112747 8354,872213 0,000000
6545,112747 8404,872213 0,000000
6595,112747 8404,872213 0,000000
6645,112747 8404,872213 0,000000
6695,112747 8404,872213 0,000000
6745,112747 8404,872213 0,000000
6795,112747 8404,872213 0,000000
6845,112747 8404,872213 0,000000
6895,112747 8404,872213 0,000000
6945,112747 8404,872213 0,000000
6995,112747 8404,872213 0,000000
7045,112747 8404,872213 0,000000
7095,112747 8404,872213 0,000000
7145,112747 8404,872213 0,000000
7195,112747 8404,872213 0,000000
7245,112747 8404,872213 0,000000
7295,112747 8404,872213 0,000000
7345,112747 8404,872213 0,000000
7395,112747 8404,872213 0,000000
7445,112747 8404,872213 0,000000
7495,112747 8404,872213 0,000000
7545,112747 8404,872213 0,000000
7595,112747 8404,872213 0,000000
7645,112747 8404,872213 0,000000
7695,112747 8404,872213 0,000000
7745,112747 8404,872213 0,000000
7795,112747 8404,872213 0,000000
7845,112747 8404,872213 0,000000
7895,112747 8404,872213 0,000000
7945,112747 8404,872213 0,000000
7995,112747 8404,872213 0,000000
8045,112747 8404,872213 0,000000
8095,112747 8404,872213 0,000000
8145,112747 8404,872213 0,000000
8195,112747 8404,872213 0,000000
8245,112747 8404,872213 0,000000
8295,112747 8404,872213 0,000001
8345,112747 8404,872213 0,000001
8395,112747 8404,872213 0,000001
8445,112747 8404,872213 0,000000
8495,112747 8404,872213 0,000000
8545,112747 8404,872213 -0,000001
8595,112747 8404,872213 -0,000001
8645,112747 8404,872213 0,000000
8695,112747 8404,872213 0,000000
8745,112747 8404,872213 0,000001
8795,112747 8404,872213 0,000001
8845,112747 8404,872213 0,000001
8895,112747 8404,872213 0,000000
8945,112747 8404,872213 0,000000
8995,112747 8404,872213 0,000000
9045,112747 8404,872213 0,000000
9095,112747 8404,872213 0,000000
9145,112747 8404,872213 0,000000
9195,112747 8404,872213 0,000000
9245,112747 8404,872213 0,000000
9295,112747 8404,872213 0,000000
9345,112747 8404,872213 0,000000
9395,112747 8404,872213 0,000000
9445,112747 8404,872213 0,000000
9495,112747 8404,872213 0,000000
9545,112747 8404,872213 0,000000
9595,112747 8404,872213 0,000000
9645,112747 8404,872213 0,000000
9695,112747 8404,872213 0,000000
9745,112747 8404,872213 0,000000
9795,112747 8404,872213 0,000000
9845,112747 8404,872213 0,000000
9895,112747 8404,872213 0,000000
9945,112747 8404,872213 0,000004
9995,112747 8404,872213 0,000006
10045,112747 8404,872213 -0,000009
10095,112747 8404,872213 -0,000035
10145,112747 8404,872213 -0,000025
10195,112747 8404,872213 0,000054
10245,112747 8404,872213 0,000124
10295,112747 8404,872213 0,000093
10345,112747 8404,872213 0,000009
10395,112747 8404,872213 -0,000045
10445,112747 8404,872213 -0,000068
10495,112747 8404,872213 -0,000068
10545,112747 8404,872213 -0,000045
10595,112747 8404,872213 0,000009
10645,112747 8404,872213 0,000093
10695,112747 8404,872213 0,000124
10745,112747 8404,872213 0,000054
10795,112747 8404,872213 -0,000025
10845,112747 8404,872213 -0,000036
10895,112747 8404,872213 -0,000009
10945,112747 8404,872213 0,000006
10995,112747 8404,872213 0,000004
11045,112747 8404,872213 0,000000
11095,112747 8404,872213 -0,000001
11145,112747 8404,872213 0,000000
11195,112747 8404,872213 0,000000
11245,112747 8404,872213 0,000000
11295,112747 8404,872213 0,000000
11345,112747 8404,872213 0,000000
11395,112747 8404,872213 0,000000
11445,112747 8404,872213 0,000000
11495,112747 8404,872213 0,000000
11545,112747 8404,872213 0,000000
11595,112747 8404,872213 0,000000
11645,112747 8404,872213 0,000000
11695,112747 8404,872213 0,000000
11745,112747 8404,872213 0,000000
11795,112747 8404,872213 0,000000
11845,112747 8404,872213 0,000000
11895,112747 8404,872213 0,000000
11945,112747 8404,872213 0,000000
11995,112747 8404,872213 0,000000
12045,112747 8404,872213 0,000000
12095,112747 8404,872213 0,000000
12145,112747 8404,872213 0,000000
12195,112747 8404,872213 0,000000
12245,112747 8404,872213 0,000000
12295,112747 8404,872213 0,000000
12345,112747 8404,872213 0,000000
12395,112747 8404,872213 0,000000
12445,112747 8404,872213 0,000000
12495,112747 8404,872213 0,000000
12545,112747 8404,872213 0,000000
12595,112747 8404,872213 0,000000
12645,112747 8404,872213 0,000000
12695,112747 8404,872213 0,000000
12745,112747 8404,872213 0,000000
12795,112747 8404,872213 0,000000
12845,112747 8404,872213 0,000000
12895,112747 8404,872213 0,000000
12945,112747 8404,872213 0,000000
12995,112747 8404,872213 0,000000
13045,112747 8404,872213 0,000000
13095,112747 8404,872213 0,000000
13145,112747 8404,872213 0,000000
13195,112747 8404,872213 0,000000
13245,112747 8404,872213 0,000000
13295,112747 8404,872213 0,000000
13345,112747 8404,872213 0,000000
13395,112747 8404,872213 0,000000
13445,112747 8404,872213 0,000000
13495,112747 8404,872213 0,000000
13545,112747 8404,872213 0,000000
13595,112747 8404,872213 0,000000
13645,112747 8404,872213 0,000000
13695,112747 8404,872213 0,000000
13745,112747 8404,872213 0,000000
13795,112747 8404,872213 0,000000
13845,112747 8404,872213 0,000000
13895,112747 8404,872213 0,000000
13945,112747 8404,872213 0,000000
13995,112747 8404,872213 0,000000
6545,112747 8454,872213 0,000000
6595,112747 8454,872213 0,000000
6645,112747 8454,872213 0,000000
6695,112747 8454,872213 0,000000
6745,112747 8454,872213 0,000000
6795,112747 8454,872213 0,000000
6845,112747 8454,872213 0,000000
6895,112747 8454,872213 0,000000
6945,112747 8454,872213 0,000000
6995,112747 8454,872213 0,000000
7045,112747 8454,872213 0,000000
7095,112747 8454,872213 0,000000
7145,112747 8454,872213 0,000000
7195,112747 8454,872213 0,000000
7245,112747 8454,872213 0,000000
7295,112747 8454,872213 0,000000
7345,112747 8454,872213 0,000000
7395,112747 8454,872213 0,000000
7445,112747 8454,872213 0,000000
7495,112747 8454,872213 0,000000
7545,112747 8454,872213 0,000000
7595,112747 8454,872213 0,000000
7645,112747 8454,872213 0,000000
7695,112747 8454,872213 0,000000
7745,112747 8454,872213 0,000000
7795,112747 8454,872213 0,000000
7845,112747 8454,872213 0,000000
7895,112747 8454,872213 0,000000
7945,112747 8454,872213 0,000000
7995,112747 8454,872213 0,000000
8045,112747 8454,872213 0,000000
8095,112747 8454,872213 0,000000
8145,112747 8454,872213 -0,000001
8195,112747 8454,872213 0,000000
8245,112747 8454,872213 0,000002
8295,112747 8454,872213 0,000002
8345,112747 8454,872213 -0,000001
8395,112747 8454,872213 -0,000004
8445,112747 8454,872213 -0,000004
8495,112747 8454,872213 -0,000004
8545,112747 8454,872213 -0,000004
8595,112747 8454,872213 -0,000004
8645,112747 8454,872213 -0,000004
8695,112747 8454,872213 -0,000004
8745,112747 8454,872213 -0,000004
8795,112747 8454,872213 -0,000001
8845,112747 8454,872213 0,000002
8895,112747 8454,872213 0,000002
8945,112747 8454,872213 0,000000
8995,112747 8454,872213 -0,000001
9045,112747 8454,872213 0,000000
9095,112747 8454,872213 0,000000
9145,112747 8454,872213 0,000000
9195,112747 8454,872213 0,000000
9245,112747 8454,872213 0,000000
9295,112747 8454,872213 0,000000
9345,112747 8454,872213 0,000000
9395,112747 8454,872213 0,000000
9445,112747 8454,872213 0,000000
9495,112747 8454,872213 0,000000
9545,112747 8454,872213 0,000000
9595,112747 8454,872213 0,000000
9645,112747 8454,872213 0,000000
9695,112747 8454,872213 0,000000
9745,112747 8454,872213 0,000000
9795,112747 8454,872213 0,000000
9845,112747 8454,872213 0,000000
9895,112747 8454,872213 0,000004
9945,112747 8454,872213 0,000006
9995,112747 8454,872213 -0,000013
10045,112747 8454,872213 -0,000051
10095,112747 8454,872213 -0,000026
10145,112747 8454,872213 0,000142
10195,112747 8454,872213 0,000287
10245,112747 8454,872213 0,000085
10295,112747 8454,872213 -0,000357
10345,112747 8454,872213 -0,000567
10395,112747 8454,872213 -0,000525
10445,112747 8454,872213 -0,000476
10495,112747 8454,872213 -0,000476
10545,112747 8454,872213 -0,000525
10595,112747 8454,872213 -0,000567
10645,112747 8454,872213 -0,000357
10695,112747 8454,872213 0,000085
10745,112747 8454,872213 0,000287
10795,112747 8454,872213 0,000142
10845,112747 8454,872213 -0,000026
10895,112747 8454,872213 -0,000051
10945,112747 8454,872213 -0,000013
10995,112747 8454,872213 0,000006
11045,112747 8454,872213 0,000004
11095,112747 8454,872213 0,000000
11145,112747 8454,872213 -0,000001
11195,112747 8454,872213 0,000000
11245,112747 8454,872213 0,000000
11295,112747 8454,872213 0,000000
11345,112747 8454,872213 0,000000
11395,112747 8454,872213 0,000000
11445,112747 8454,872213 0,000000
11495,112747 8454,872213 0,000000
11545,112747 8454,872213 0,000000
11595,112747 8454,872213 0,000000
11645,112747 8454,872213 0,000000
11695,112747 8454,872213 0,000000
11745,112747 8454,872213 0,000000
11795,112747 8454,872213 0,000000
11845,112747 8454,872213 0,000000
11895,112747 8454,872213 0,000000
11945,112747 8454,872213 0,000000
11995,112747 8454,872213 0,000000
12045,112747 8454,872213 0,000000
12095,112747 8454,872213 0,000000
12145,112747 8454,872213 0,000000
12195,112747 8454,872213 0,000000
12245,112747 8454,872213 0,000000
12295,112747 8454,872213 0,000000
12345,112747 8454,872213 0,000000
12395,112747 8454,872213 0,000000
12445,112747 8454,872213 0,000000
12495,112747 8454,872213 0,000000
12545,112747 8454,872213 0,000000
12595,112747 8454,872213 0,000000
12645,112747 8454,872213 0,000000
12695,112747 8454,872213 0,000000
12745,112747 8454,872213 0,000000
12795,112747 8454,872213 0,000000
12845,112747 8454,872213 0,000000
12895,112747 8454,872213 0,000000
12945,112747 8454,872213 0,000000
12995,112747 8454,872213 0,000000
13045,112747 8454,872213 0,000000
13095,112747 8454,872213 0,000000
13145,112747 8454,872213 0,000000
13195,112747 8454,872213 0,000000
13245,112747 8454,872213 0,000000
13295,112747 8454,872213 0,000000
13345,112747 8454,872213 0,000000
13395,112747 8454,872213 0,000000
13445,112747 8454,872213 0,000000
13495,112747 8454,872213 0,000000
13545,112747 8454,872213 0,000000
13595,112747 8454,872213 0,000000
13645,112747 8454,872213 0,000000
13695,112747 8454,872213 0,000000
13745,112747 8454,872213 0,000000
13795,112747 8454,872213 0,000000
13845,112747 8454,872213 0,000000
13895,112747 8454,872213 0,000000
13945,112747 8454,872213 0,000000
13995,112747 8454,872213 0,000000
6545,112747 8504,872213 0,000000
6595,112747 8504,872213 0,000000
6645,112747 8504,872213 0,000000
6695,112747 8504,872213 0,000000
6745,112747 8504,872213 0,000000
6795,112747 8504,872213 0,000000
6845,112747 8504,872213 0,000000
6895,112747 8504,872213 0,000000
6945,112747 8504,872213 0,000000
6995,112747 8504,872213 0,000000
7045,112747 8504,872213 0,000000
7095,112747 8504,872213 0,000000
7145,112747 8504,872213 0,000000
7195,112747 8504,872213 0,000000
7245,112747 8504,872213 0,000000
7295,112747 8504,872213 0,000000
7345,112747 8504,872213 0,000000
7395,112747 8504,872213 0,000000
7445,112747 8504,872213 0,000000
7495,112747 8504,872213 0,000000
7545,112747 8504,872213 0,000000
7595,112747 8504,872213 0,000000
7645,112747 8504,872213 0,000000
7695,112747 8504,872213 0,000000
7745,112747 8504,872213 0,000000
7795,112747 8504,872213 0,000000
7845,112747 8504,872213 0,000000
7895,112747 8504,872213 0,000000
7945,112747 8504,872213 0,000000
7995,112747 8504,872213 0,000000
8045,112747 8504,872213 0,000000
8095,112747 8504,872213 -0,000001
8145,112747 8504,872213 0,000001
8195,112747 8504,872213 0,000004
8245,112747 8504,872213 0,000003
8295,112747 8504,872213 -0,000006
8345,112747 8504,872213 -0,000014
8395,112747 8504,872213 -0,000011
8445,112747 8504,872213 -0,000001
8495,112747 8504,872213 0,000005
8545,112747 8504,872213 0,000008
8595,112747 8504,872213 0,000008
8645,112747 8504,872213 0,000005
8695,112747 8504,872213 -0,000001
8745,112747 8504,872213 -0,000011
8795,112747 8504,872213 -0,000014
8845,112747 8504,872213 -0,000006
8895,112747 8504,872213 0,000003
8945,112747 8504,872213 0,000004
8995,112747 8504,872213 0,000001
9045,112747 8504,872213 -0,000001
9095,112747 8504,872213 0,000000
9145,112747 8504,872213 0,000000
9195,112747 8504,872213 0,000000
9245,112747 8504,872213 0,000000
9295,112747 8504,872213 0,000000
9345,112747 8504,872213 0,000000
9395,112747 8504,872213 0,000000
9445,112747 8504,872213 0,000000
9495,112747 8504,872213 0,000000
9545,112747 8504,872213 0,000000
9595,112747 8504,872213 0,000000
9645,112747 8504,872213 0,000000
9695,112747 8504,872213 0,000000
9745,112747 8504,872213 0,000000
9795,112747 8504,872213 0,000000
9845,112747 8504,872213 0,000003
9895,112747 8504,872213 0,000006
9945,112747 8504,872213 -0,000013
9995,112747 8504,872213 -0,000057
10045,112747 8504,872213 -0,000024
10095,112747 8504,872213 0,000237
10145,112747 8504,872213 0,000472
10195,112747 8504,872213 -0,000088
10245,112747 8504,872213 -0,001388
10295,112747 8504,872213 -0,001754
10345,112747 8504,872213 -0,000532
10395,112747 8504,872213 0,000615
10445,112747 8504,872213 0,001033
10495,112747 8504,872213 0,001033
10545,112747 8504,872213 0,000615
10595,112747 8504,872213 -0,000532
10645,112747 8504,872213 -0,001754
10695,112747 8504,872213 -0,001388
10745,112747 8504,872213 -0,000088
10795,112747 8504,872213 0,000472
10845,112747 8504,872213 0,000237
10895,112747 8504,872213 -0,000024
10945,112747 8504,872213 -0,000057
10995,112747 8504,872213 -0,000013
11045,112747 8504,872213 0,000006
11095,112747 8504,872213 0,000003
11145,112747 8504,872213 0,000000
11195,112747 8504,872213 0,000000
11245,112747 8504,872213 0,000000
11295,112747 8504,872213 0,000000
11345,112747 8504,872213 0,000000
11395,112747 8504,872213 0,000000
11445,112747 8504,872213 0,000000
11495,112747 8504,872213 0,000000
11545,112747 8504,872213 0,000000
11595,112747 8504,872213 0,000000
11645,112747 8504,872213 0,000000
11695,112747 8504,872213 0,000000
11745,112747 8504,872213 0,000000
11795,112747 8504,872213 0,000000
11845,112747 8504,872213 0,000000
11895,112747 8504,872213 0,000000
11945,112747 8504,872213 0,000000
11995,112747 8504,872213 0,000000
12045,112747 8504,872213 0,000000
12095,112747 8504,872213 0,000000
12145,112747 8504,872213 0,000000
12195,112747 8504,872213 0,000000
12245,112747 8504,872213 0,000000
12295,112747 8504,872213 0,000000
12345,112747 8504,872213 0,000000
12395,112747 8504,872213 0,000000
12445,112747 8504,872213 0,000000
12495,112747 8504,872213 0,000000
12545,112747 8504,872213 0,000000
12595,112747 8504,872213 0,000000
12645,112747 8504,872213 0,000000
12695,112747 8504,872213 0,000000
12745,112747 8504,872213 0,000000
12795,112747 8504,872213 0,000000
12845,112747 8504,872213 0,000000
12895,112747 8504,872213 0,000000
12945,112747 8504,872213 0,000000
12995,112747 8504,872213 0,000000
13045,112747 8504,872213 0,000000
13095,112747 8504,872213 0,000000
13145,112747 8504,872213 0,000000
13195,112747 8504,872213 0,000000
13245,112747 8504,872213 0,000000
13295,112747 8504,872213 0,000000
13345,112747 8504,872213 0,000000
13395,112747 8504,872213 0,000000
13445,112747 8504,872213 0,000000
13495,112747 8504,872213 0,000000
13545,112747 8504,872213 0,000000
13595,112747 8504,872213 0,000000
13645,112747 8504,872213 0,000000
13695,112747 8504,872213 0,000000
13745,112747 8504,872213 0,000000
13795,112747 8504,872213 0,000000
13845,112747 8504,872213 0,000000
13895,112747 8504,872213 0,000000
13945,112747 8504,872213 0,000000
13995,112747 8504,872213 0,000000
6545,112747 8554,872213 0,000000
6595,112747 8554,872213 0,000000
6645,112747 8554,872213 0,000000
6695,112747 8554,872213 0,000000
6745,112747 8554,872213 0,000000
6795,112747 8554,872213 0,000000
6845,112747 8554,872213 0,000000
6895,112747 8554,872213 0,000000
6945,112747 8554,872213 0,000000
6995,112747 8554,872213 0,000000
7045,112747 8554,872213 0,000000
7095,112747 8554,872213 0,000000
7145,112747 8554,872213 0,000000
7195,112747 8554,872213 0,000000
7245,112747 8554,872213 0,000000
7295,112747 8554,872213 0,000000
7345,112747 8554,872213 0,000000
7395,112747 8554,872213 0,000000
7445,112747 8554,872213 0,000000
7495,112747 8554,872213 0,000000
7545,112747 8554,872213 0,000000
7595,112747 8554,872213 0,000000
7645,112747 8554,872213 0,000000
7695,112747 8554,872213 0,000000
7745,112747 8554,872213 0,000000
7795,112747 8554,872213 0,000000
7845,112747 8554,872213 0,000000
7895,112747 8554,872213 0,000000
7945,112747 8554,872213 0,000000
7995,112747 8554,872213 0,000000
8045,112747 8554,872213 -0,000001
8095,112747 8554,872213 0,000001
8145,112747 8554,872213 0,000006
8195,112747 8554,872213 0,000003
8245,112747 8554,872213 -0,000017
8295,112747 8554,872213 -0,000033
8345,112747 8554,872213 -0,000010
8395,112747 8554,872213 0,000042
8445,112747 8554,872213 0,000066
8495,112747 8554,872213 0,000061
8545,112747 8554,872213 0,000055
8595,112747 8554,872213 0,000055
8645,112747 8554,872213 0,000061
8695,112747 8554,872213 0,000066
8745,112747 8554,872213 0,000042
8795,112747 8554,872213 -0,000010
8845,112747 8554,872213 -0,000033
8895,112747 8554,872213 -0,000017
8945,112747 8554,872213 0,000003
8995,112747 8554,872213 0,000006
9045,112747 8554,872213 0,000002
9095,112747 8554,872213 -0,000001
9145,112747 8554,872213 0,000000
9195,112747 8554,872213 0,000000
9245,112747 8554,872213 0,000000
9295,112747 8554,872213 0,000000
9345,112747 8554,872213 0,000000
9395,112747 8554,872213 0,000000
9445,112747 8554,872213 0,000000
9495,112747 8554,872213 0,000000
9545,112747 8554,872213 0,000000
9595,112747 8554,872213 0,000000
9645,112747 8554,872213 0,000000
9695,112747 8554,872213 0,000000
9745,112747 8554,872213 0,000000
9795,112747 8554,872213 0,000002
9845,112747 8554,872213 0,000005
9895,112747 8554,872213 -0,000009
9945,112747 8554,872213 -0,000051
9995,112747 8554,872213 -0,000024
10045,112747 8554,872213 0,000279
10095,112747 8554,872213 0,000597
10145,112747 8554,872213 -0,000362
10195,112747 8554,872213 -0,002931
10245,112747 8554,872213 -0,003226
10295,112747 8554,872213 0,002345
10345,112747 8554,872213 0,008262
10395,112747 8554,872213 0,008519
10445,112747 8554,872213 0,007365
10495,112747 8554,872213 0,007365
10545,112747 8554,872213 0,008519
10595,112747 8554,872213 0,008262
10645,112747 8554,872213 0,002345
10695,112747 8554,872213 -0,003226
10745,112747 8554,872213 -0,002931
10795,112747 8554,872213 -0,000362
10845,112747 8554,872213 0,000596
10895,112747 8554,872213 0,000279
10945,112747 8554,872213 -0,000024
10995,112747 8554,872213 -0,000051
11045,112747 8554,872213 -0,000009
11095,112747 8554,872213 0,000005
11145,112747 8554,872213 0,000002
11195,112747 8554,872213 0,000000
11245,112747 8554,872213 0,000000
11295,112747 8554,872213 0,000000
11345,112747 8554,872213 0,000000
11395,112747 8554,872213 0,000000
11445,112747 8554,872213 0,000000
11495,112747 8554,872213 0,000000
11545,112747 8554,872213 0,000000
11595,112747 8554,872213 0,000000
11645,112747 8554,872213 0,000000
11695,112747 8554,872213 0,000000
11745,112747 8554,872213 0,000000
11795,112747 8554,872213 0,000000
11845,112747 8554,872213 0,000000
11895,112747 8554,872213 0,000000
11945,112747 8554,872213 0,000000
11995,112747 8554,872213 0,000000
12045,112747 8554,872213 0,000000
12095,112747 8554,872213 0,000000
12145,112747 8554,872213 0,000000
12195,112747 8554,872213 0,000000
12245,112747 8554,872213 0,000000
12295,112747 8554,872213 0,000000
12345,112747 8554,872213 0,000000
12395,112747 8554,872213 0,000000
12445,112747 8554,872213 0,000000
12495,112747 8554,872213 0,000000
12545,112747 8554,872213 0,000000
12595,112747 8554,872213 0,000000
12645,112747 8554,872213 0,000000
12695,112747 8554,872213 0,000000
12745,112747 8554,872213 0,000000
12795,112747 8554,872213 0,000000
12845,112747 8554,872213 0,000000
12895,112747 8554,872213 0,000000
12945,112747 8554,872213 0,000000
12995,112747 8554,872213 0,000000
13045,112747 8554,872213 0,000000
13095,112747 8554,872213 0,000000
13145,112747 8554,872213 0,000000
13195,112747 8554,872213 0,000000
13245,112747 8554,872213 0,000000
13295,112747 8554,872213 0,000000
13345,112747 8554,872213 0,000000
13395,112747 8554,872213 0,000000
13445,112747 8554,872213 0,000000
13495,112747 8554,872213 0,000000
13545,112747 8554,872213 0,000000
13595,112747 8554,872213 0,000000
13645,112747 8554,872213 0,000000
13695,112747 8554,872213 0,000000
13745,112747 8554,872213 0,000000
13795,112747 8554,872213 0,000000
13845,112747 8554,872213 0,000000
13895,112747 8554,872213 0,000000
13945,112747 8554,872213 0,000000
13995,112747 8554,872213 0,000000
6545,112747 8604,872213 0,000000
6595,112747 8604,872213 0,000000
6645,112747 8604,872213 0,000000
6695,112747 8604,872213 0,000000
6745,112747 8604,872213 0,000000
6795,112747 8604,872213 0,000000
6845,112747 8604,872213 0,000000
6895,112747 8604,872213 0,000000
6945,112747 8604,872213 0,000000
6995,112747 8604,872213 0,000000
7045,112747 8604,872213 0,000000
7095,112747 8604,872213 0,000000
7145,112747 8604,872213 0,000000
7195,112747 8604,872213 0,000000
7245,112747 8604,872213 0,000000
7295,112747 8604,872213 0,000000
7345,112747 8604,872213 0,000000
7395,112747 8604,872213 0,000000
7445,112747 8604,872213 0,000000
7495,112747 8604,872213 0,000000
7545,112747 8604,872213 0,000000
7595,112747 8604,872213 0,000000
7645,112747 8604,872213 0,000000
7695,112747 8604,872213 0,000000
7745,112747 8604,872213 0,000000
7795,112747 8604,872213 0,000000
7845,112747 8604,872213 0,000000
7895,112747 8604,872213 0,000000
7945,112747 8604,872213 0,000000
7995,112747 8604,872213 -0,000001
8045,112747 8604,872213 0,000001
8095,112747 8604,872213 0,000007
8145,112747 8604,872213 0,000003
8195,112747 8604,872213 -0,000028
8245,112747 8604,872213 -0,000055
8295,112747 8604,872213 0,000010
8345,112747 8604,872213 0,000162
8395,112747 8604,872213 0,000204
8445,112747 8604,872213 0,000062
8495,112747 8604,872213 -0,000072
8545,112747 8604,872213 -0,000120
8595,112747 8604,872213 -0,000120
8645,112747 8604,872213 -0,000072
8695,112747 8604,872213 0,000062
8745,112747 8604,872213 0,000204
8795,112747 8604,872213 0,000162
8845,112747 8604,872213 0,000010
8895,112747 8604,872213 -0,000055
8945,112747 8604,872213 -0,000028
8995,112747 8604,872213 0,000003
9045,112747 8604,872213 0,000007
9095,112747 8604,872213 0,000002
9145,112747 8604,872213 -0,000001
9195,112747 8604,872213 0,000000
9245,112747 8604,872213 0,000000
9295,112747 8604,872213 0,000000
9345,112747 8604,872213 0,000000
9395,112747 8604,872213 0,000000
9445,112747 8604,872213 0,000000
9495,112747 8604,872213 0,000000
9545,112747 8604,872213 0,000000
9595,112747 8604,872213 0,000000
9645,112747 8604,872213 0,000000
9695,112747 8604,872213 0,000000
9745,112747 8604,872213 0,000001
9795,112747 8604,872213 0,000003
9845,112747 8604,872213 -0,000004
9895,112747 8604,872213 -0,000036
9945,112747 8604,872213 -0,000026
9995,112747 8604,872213 0,000237
10045,112747 8604,872213 0,000597
10095,112747 8604,872213 -0,000501
10145,112747 8604,872213 -0,004141
10195,112747 8604,872213 -0,004302
10245,112747 8604,872213 0,009078
10295,112747 8604,872213 0,025624
10345,112747 8604,872213 0,017251
10395,112747 8604,872213 -0,006713
10445,112747 8604,872213 -0,016299
10495,112747 8604,872213 -0,016299
10545,112747 8604,872213 -0,006713
10595,112747 8604,872213 0,017251
10645,112747 8604,872213 0,025624
10695,112747 8604,872213 0,009078
10745,112747 8604,872213 -0,004302
10795,112747 8604,872213 -0,004141
10845,112747 8604,872213 -0,000501
10895,112747 8604,872213 0,000596
10945,112747 8604,872213 0,000237
10995,112747 8604,872213 -0,000026
11045,112747 8604,872213 -0,000036
11095,112747 8604,872213 -0,000004
11145,112747 8604,872213 0,000003
11195,112747 8604,872213 0,000001
11245,112747 8604,872213 0,000000
11295,112747 8604,872213 0,000000
11345,112747 8604,872213 0,000000
11395,112747 8604,872213 0,000000
11445,112747 8604,872213 0,000000
11495,112747 8604,872213 0,000000
11545,112747 8604,872213 0,000000
11595,112747 8604,872213 0,000000
11645,112747 8604,872213 0,000000
11695,112747 8604,872213 0,000000
11745,112747 8604,872213 0,000000
11795,112747 8604,872213 0,000000
11845,112747 8604,872213 0,000000
11895,112747 8604,872213 0,000000
11945,112747 8604,872213 0,000000
11995,112747 8604,872213 0,000000
12045,112747 8604,872213 0,000000
12095,112747 8604,872213 0,000000
12145,112747 8604,872213 0,000000
12195,112747 8604,872213 0,000000
12245,112747 8604,872213 0,000000
12295,112747 8604,872213 0,000000
12345,112747 8604,872213 0,000000
12395,112747 8604,872213 0,000000
12445,112747 8604,872213 0,000000
12495,112747 8604,872213 0,000000
12545,112747 8604,872213 0,000000
12595,112747 8604,872213 0,000000
12645,112747 8604,872213 0,000000
12695,112747 8604,872213 0,000000
12745,112747 8604,872213 0,000000
12795,112747 8604,872213 0,000000
12845,112747 8604,872213 0,000000
12895,112747 8604,872213 0,000000
12945,112747 8604,872213 0,000000
12995,112747 8604,872213 0,000000
13045,112747 8604,872213 0,000000
13095,112747 8604,872213 0,000000
13145,112747 8604,872213 0,000000
13195,112747 8604,872213 0,000000
13245,112747 8604,872213 0,000000
13295,112747 8604,872213 0,000000
13345,112747 8604,872213 0,000000
13395,112747 8604,872213 0,000000
13445,112747 8604,872213 0,000000
13495,112747 8604,872213 0,000000
13545,112747 8604,872213 0,000000
13595,112747 8604,872213 0,000000
13645,112747 8604,872213 0,000000
13695,112747 8604,872213 0,000000
13745,112747 8604,872213 0,000000
13795,112747 8604,872213 0,000000
13845,112747 8604,872213 0,000000
13895,112747 8604,872213 0,000000
13945,112747 8604,872213 0,000000
13995,112747 8604,872213 0,000000
6545,112747 8654,872213 0,000000
6595,112747 8654,872213 0,000000
6645,112747 8654,872213 0,000000
6695,112747 8654,872213 0,000000
6745,112747 8654,872213 0,000000
6795,112747 8654,872213 0,000000
6845,112747 8654,872213 0,000000
6895,112747 8654,872213 0,000000
6945,112747 8654,872213 0,000000
6995,112747 8654,872213 0,000000
7045,112747 8654,872213 0,000000
7095,112747 8654,872213 0,000000
7145,112747 8654,872213 0,000000
7195,112747 8654,872213 0,000000
7245,112747 8654,872213 0,000000
7295,112747 8654,872213 0,000000
7345,112747 8654,872213 0,000000
7395,112747 8654,872213 0,000000
7445,112747 8654,872213 0,000000
7495,112747 8654,872213 0,000000
7545,112747 8654,872213 0,000000
7595,112747 8654,872213 0,000000
7645,112747 8654,872213 0,000000
7695,112747 8654,872213 0,000000
7745,112747 8654,872213 0,000000
7795,112747 8654,872213 0,000000
7845,112747 8654,872213 0,000000
7895,112747 8654,872213 0,000000
7945,112747 8654,872213 -0,000001
7995,112747 8654,872213 0,000001
8045,112747 8654,872213 0,000006
8095,112747 8654,872213 0,000003
8145,112747 8654,872213 -0,000032
8195,112747 8654,872213 -0,000069
8245,112747 8654,872213 0,000042
8295,112747 8654,872213 0,000341
8345,112747 8654,872213 0,000376
8395,112747 8654,872213 -0,000273
8445,112747 8654,872213 -0,000962
8495,112747 8654,872213 -0,000992
8545,112747 8654,872213 -0,000858
8595,112747 8654,872213 -0,000858
8645,112747 8654,872213 -0,000992
8695,112747 8654,872213 -0,000962
8745,112747 8654,872213 -0,000273
8795,112747 8654,872213 0,000376
8845,112747 8654,872213 0,000341
8895,112747 8654,872213 0,000042
8945,112747 8654,872213 -0,000069
8995,112747 8654,872213 -0,000032
9045,112747 8654,872213 0,000003
9095,112747 8654,872213 0,000006
9145,112747 8654,872213 0,000001
9195,112747 8654,872213 -0,000001
9245,112747 8654,872213 0,000000
9295,112747 8654,872213 0,000000
9345,112747 8654,872213 0,000000
9395,112747 8654,872213 0,000000
9445,112747 8654,872213 0,000000
9495,112747 8654,872213 0,000000
9545,112747 8654,872213 0,000000
9595,112747 8654,872213 0,000000
9645,112747 8654,872213 0,000000
9695,112747 8654,872213 0,000000
9745,112747 8654,872213 0,000002
9795,112747 8654,872213 -0,000001
9845,112747 8654,872213 -0,000019
9895,112747 8654,872213 -0,000025
9945,112747 8654,872213 0,000142
9995,112747 8654,872213 0,000472
10045,112747 8654,872213 -0,000362
10095,112747 8654,872213 -0,004141
10145,112747 8654,872213 -0,004662
10195,112747 8654,872213 0,015442
10245,112747 8654,872213 0,045998
10295,112747 8654,872213 0,014674
10345,112747 8654,872213 -0,094026
10395,112747 8654,872213 -0,144359
10445,112747 8654,872213 -0,118400
10495,112747 8654,872213 -0,118400
10545,112747 8654,872213 -0,144359
10595,112747 8654,872213 -0,094026
10645,112747 8654,872213 0,014674
10695,112747 8654,872213 0,045998
10745,112747 8654,872213 0,015442
10795,112747 8654,872213 -0,004662
10845,112747 8654,872213 -0,004141
10895,112747 8654,872213 -0,000362
10945,112747 8654,872213 0,000472
10995,112747 8654,872213 0,000142
11045,112747 8654,872213 -0,000025
11095,112747 8654,872213 -0,000019
11145,112747 8654,872213 -0,000001
11195,112747 8654,872213 0,000002
11245,112747 8654,872213 0,000000
11295,112747 8654,872213 0,000000
11345,112747 8654,872213 0,000000
11395,112747 8654,872213 0,000000
11445,112747 8654,872213 0,000000
11495,112747 8654,872213 0,000000
11545,112747 8654,872213 0,000000
11595,112747 8654,872213 0,000000
11645,112747 8654,872213 0,000000
11695,112747 8654,872213 0,000000
11745,112747 8654,872213 0,000000
11795,112747 8654,872213 0,000000
11845,112747 8654,872213 0,000000
11895,112747 8654,872213 0,000000
11945,112747 8654,872213 0,000000
11995,112747 8654,872213 0,000000
12045,112747 8654,872213 0,000000
12095,112747 8654,872213 0,000000
12145,112747 8654,872213 0,000000
12195,112747 8654,872213 0,000000
12245,112747 8654,872213 0,000000
12295,112747 8654,872213 0,000000
12345,112747 8654,872213 0,000000
12395,112747 8654,872213 0,000000
12445,112747 8654,872213 0,000000
12495,112747 8654,872213 0,000000
12545,112747 8654,872213 0,000000
12595,112747 8654,872213 0,000000
12645,112747 8654,872213 0,000000
12695,112747 8654,872213 0,000000
12745,112747 8654,872213 0,000000
12795,112747 8654,872213 0,000000
12845,112747 8654,872213 0,000000
12895,112747 8654,872213 0,000000
12945,112747 8654,872213 0,000000
12995,112747 8654,872213 0,000000
13045,112747 8654,872213 0,000000
13095,112747 8654,872213 0,000000
13145,112747 8654,872213 0,000000
13195,112747 8654,872213 0,000000
13245,112747 8654,872213 0,000000
13295,112747 8654,872213 0,000000
13345,112747 8654,872213 0,000000
13395,112747 8654,872213 0,000000
13445,112747 8654,872213 0,000000
13495,112747 8654,872213 0,000000
13545,112747 8654,872213 0,000000
13595,112747 8654,872213 0,000000
13645,112747 8654,872213 0,000000
13695,112747 8654,872213 0,000000
13745,112747 8654,872213 0,000000
13795,112747 8654,872213 0,000000
13845,112747 8654,872213 0,000000
13895,112747 8654,872213 0,000000
13945,112747 8654,872213 0,000000
13995,112747 8654,872213 0,000000
6545,112747 8704,872213 0,000000
6595,112747 8704,872213 0,000000
6645,112747 8704,872213 0,000000
6695,112747 8704,872213 0,000000
6745,112747 8704,872213 0,000000
6795,112747 8704,872213 0,000000
6845,112747 8704,872213 0,000000
6895,112747 8704,872213 0,000000
6945,112747 8704,872213 0,000000
6995,112747 8704,872213 0,000000
7045,112747 8704,872213 0,000000
7095,112747 8704,872213 0,000000
7145,112747 8704,872213 0,000000
7195,112747 8704,872213 0,000000
7245,112747 8704,872213 0,000000
7295,112747 8704,872213 0,000000
7345,112747 8704,872213 0,000000
7395,112747 8704,872213 0,000000
7445,112747 8704,872213 0,000000
7495,112747 8704,872213 0,000000
7545,112747 8704,872213 0,000000
7595,112747 8704,872213 0,000000
7645,112747 8704,872213 0,000000
7695,112747 8704,872213 0,000000
7745,112747 8704,872213 0,000000
7795,112747 8704,872213 0,000000
7845,112747 8704,872213 0,000000
7895,112747 8704,872213 0,000000
7945,112747 8704,872213 0,000000
7995,112747 8704,872213 0,000004
8045,112747 8704,872213 0,000003
8095,112747 8704,872213 -0,000028
8145,112747 8704,872213 -0,000069
8195,112747 8704,872213 0,000058
8245,112747 8704,872213 0,000482
8295,112747 8704,872213 0,000501
8345,112747 8704,872213 -0,001057
8395,112747 8704,872213 -0,002984
8445,112747 8704,872213 -0,002009
8495,112747 8704,872213 0,000782
8545,112747 8704,872213 0,001898
8595,112747 8704,872213 0,001898
8645,112747 8704,872213 0,000782
8695,112747 8704,872213 -0,002009
8745,112747 8704,872213 -0,002984
8795,112747 8704,872213 -0,001057
8845,112747 8704,872213 0,000501
8895,112747 8704,872213 0,000482
8945,112747 8704,872213 0,000058
8995,112747 8704,872213 -0,000069
9045,112747 8704,872213 -0,000028
9095,112747 8704,872213 0,000003
9145,112747 8704,872213 0,000004
9195,112747 8704,872213 0,000000
9245,112747 8704,872213 0,000000
9295,112747 8704,872213 0,000000
9345,112747 8704,872213 0,000000
9395,112747 8704,872213 0,000000
9445,112747 8704,872213 0,000000
9495,112747 8704,872213 0,000000
9545,112747 8704,872213 0,000000
9595,112747 8704,872213 0,000000
9645,112747 8704,872213 0,000000
9695,112747 8704,872213 0,000001
9745,112747 8704,872213 0,000000
9795,112747 8704,872213 -0,000007
9845,112747 8704,872213 -0,000017
9895,112747 8704,872213 0,000054
9945,112747 8704,872213 0,000287
9995,112747 8704,872213 -0,000088
10045,112747 8704,872213 -0,002931
10095,112747 8704,872213 -0,004301
10145,112747 8704,872213 0,015442
10195,112747 8704,872213 0,055290
10245,112747 8704,872213 0,004034
10295,112747 8704,872213 -0,240327
10345,112747 8704,872213 -0,367045
10395,112747 8704,872213 -0,021622
10445,112747 8704,872213 0,271966
10495,112747 8704,872213 0,271966
10545,112747 8704,872213 -0,021622
10595,112747 8704,872213 -0,367045
10645,112747 8704,872213 -0,240327
10695,112747 8704,872213 0,004034
10745,112747 8704,872213 0,055290
10795,112747 8704,872213 0,015442
10845,112747 8704,872213 -0,004302
10895,112747 8704,872213 -0,002931
10945,112747 8704,872213 -0,000088
10995,112747 8704,872213 0,000287
11045,112747 8704,872213 0,000054
11095,112747 8704,872213 -0,000018
11145,112747 8704,872213 -0,000007
11195,112747 8704,872213 0,000001
11245,112747 8704,872213 0,000001
11295,112747 8704,872213 0,000000
11345,112747 8704,872213 0,000000
11395,112747 8704,872213 0,000000
11445,112747 8704,872213 0,000000
11495,112747 8704,872213 0,000000
11545,112747 8704,872213 0,000000
11595,112747 8704,872213 0,000000
11645,112747 8704,872213 0,000000
11695,112747 8704,872213 0,000000
11745,112747 8704,872213 0,000000
11795,112747 8704,872213 0,000000
11845,112747 8704,872213 0,000000
11895,112747 8704,872213 0,000000
11945,112747 8704,872213 0,000000
11995,112747 8704,872213 0,000000
12045,112747 8704,872213 0,000000
12095,112747 8704,872213 0,000000
12145,112747 8704,872213 0,000000
12195,112747 8704,872213 0,000000
12245,112747 8704,872213 0,000000
12295,112747 8704,872213 0,000000
12345,112747 8704,872213 0,000000
12395,112747 8704,872213 0,000000
12445,112747 8704,872213 0,000000
12495,112747 8704,872213 0,000000
12545,112747 8704,872213 0,000000
12595,112747 8704,872213 0,000000
12645,112747 8704,872213 0,000000
12695,112747 8704,872213 0,000000
12745,112747 8704,872213 0,000000
12795,112747 8704,872213 0,000000
12845,112747 8704,872213 0,000000
12895,112747 8704,872213 0,000000
12945,112747 8704,872213 0,000000
12995,112747 8704,872213 0,000000
13045,112747 8704,872213 0,000000
13095,112747 8704,872213 0,000000
13145,112747 8704,872213 0,000000
13195,112747 8704,872213 0,000000
13245,112747 8704,872213 0,000000
13295,112747 8704,872213 0,000000
13345,112747 8704,872213 0,000000
13395,112747 8704,872213 0,000000
13445,112747 8704,872213 0,000000
13495,112747 8704,872213 0,000000
13545,112747 8704,872213 0,000000
13595,112747 8704,872213 0,000000
13645,112747 8704,872213 0,000000
13695,112747 8704,872213 0,000000
13745,112747 8704,872213 0,000000
13795,112747 8704,872213 0,000000
13845,112747 8704,872213 0,000000
13895,112747 8704,872213 0,000000
13945,112747 8704,872213 0,000000
13995,112747 8704,872213 0,000000
6545,112747 8754,872213 0,000000
6595,112747 8754,872213 0,000000
6645,112747 8754,872213 0,000000
6695,112747 8754,872213 0,000000
6745,112747 8754,872213 0,000000
6795,112747 8754,872213 0,000000
6845,112747 8754,872213 0,000000
6895,112747 8754,872213 0,000000
6945,112747 8754,872213 0,000000
6995,112747 8754,872213 0,000000
7045,112747 8754,872213 0,000000
7095,112747 8754,872213 0,000000
7145,112747 8754,872213 0,000000
7195,112747 8754,872213 0,000000
7245,112747 8754,872213 0,000000
7295,112747 8754,872213 0,000000
7345,112747 8754,872213 0,000000
7395,112747 8754,872213 0,000000
7445,112747 8754,872213 0,000000
7495,112747 8754,872213 0,000000
7545,112747 8754,872213 0,000000
7595,112747 8754,872213 0,000000
7645,112747 8754,872213 0,000000
7695,112747 8754,872213 0,000000
7745,112747 8754,872213 0,000000
7795,112747 8754,872213 0,000000
7845,112747 8754,872213 0,000000
7895,112747 8754,872213 0,000000
7945,112747 8754,872213 0,000002
7995,112747 8754,872213 0,000003
8045,112747 8754,872213 -0,000017
8095,112747 8754,872213 -0,000055
8145,112747 8754,872213 0,000042
8195,112747 8754,872213 0,000482
8245,112747 8754,872213 0,000543
8295,112747 8754,872213 -0,001798
8345,112747 8754,872213 -0,005357
8395,112747 8754,872213 -0,001709
8445,112747 8754,872213 0,010950
8495,112747 8754,872213 0,016811
8545,112747 8754,872213 0,013788
8595,112747 8754,872213 0,013788
8645,112747 8754,872213 0,016811
8695,112747 8754,872213 0,010950
8745,112747 8754,872213 -0,001709
8795,112747 8754,872213 -0,005357
8845,112747 8754,872213 -0,001798
8895,112747 8754,872213 0,000543
8945,112747 8754,872213 0,000482
8995,112747 8754,872213 0,000042
9045,112747 8754,872213 -0,000055
9095,112747 8754,872213 -0,000017
9145,112747 8754,872213 0,000003
9195,112747 8754,872213 0,000002
9245,112747 8754,872213 0,000000
9295,112747 8754,872213 0,000000
9345,112747 8754,872213 0,000000
9395,112747 8754,872213 0,000000
9445,112747 8754,872213 0,000000
9495,112747 8754,872213 0,000000
9545,112747 8754,872213 0,000000
9595,112747 8754,872213 0,000000
9645,112747 8754,872213 0,000000
9695,112747 8754,872213 0,000000
9745,112747 8754,872213 -0,000001
9795,112747 8754,872213 -0,000008
9845,112747 8754,872213 0,000007
9895,112747 8754,872213 0,000124
9945,112747 8754,872213 0,000085
9995,112747 8754,872213 -0,001388
10045,112747 8754,872213 -0,003226
10095,112747 8754,872213 0,009078
10145,112747 8754,872213 0,045998
10195,112747 8754,872213 0,004034
10245,112747 8754,872213 -0,317704
10295,112747 8754,872213 -0,544474
10345,112747 8754,872213 0,512832
10395,112747 8754,872213 2,207597
10445,112747 8754,872213 2,115996
10495,112747 8754,872213 2,115996
10545,112747 8754,872213 2,207597
10595,112747 8754,872213 0,512832
10645,112747 8754,872213 -0,544474
10695,112747 8754,872213 -0,317704
10745,112747 8754,872213 0,004034
10795,112747 8754,872213 0,045998
10845,112747 8754,872213 0,009078
10895,112747 8754,872213 -0,003226
10945,112747 8754,872213 -0,001388
10995,112747 8754,872213 0,000085
11045,112747 8754,872213 0,000124
11095,112747 8754,872213 0,000007
11145,112747 8754,872213 -0,000008
11195,112747 8754,872213 -0,000001
11245,112747 8754,872213 0,000000
11295,112747 8754,872213 0,000000
11345,112747 8754,872213 0,000000
11395,112747 8754,872213 0,000000
11445,112747 8754,872213 0,000000
11495,112747 8754,872213 0,000000
11545,112747 8754,872213 0,000000
11595,112747 8754,872213 0,000000
11645,112747 8754,872213 0,000000
11695,112747 8754,872213 0,000000
11745,112747 8754,872213 0,000000
11795,112747 8754,872213 0,000000
11845,112747 8754,872213 0,000000
11895,112747 8754,872213 0,000000
11945,112747 8754,872213 0,000000
11995,112747 8754,872213 0,000000
12045,112747 8754,872213 0,000000
12095,112747 8754,872213 0,000000
12145,112747 8754,872213 0,000000
12195,112747 8754,872213 0,000000
12245,112747 8754,872213 0,000000
12295,112747 8754,872213 0,000000
12345,112747 8754,872213 0,000000
12395,112747 8754,872213 0,000000
12445,112747 8754,872213 0,000000
12495,112747 8754,872213 0,000000
12545,112747 8754,872213 0,000000
12595,112747 8754,872213 0,000000
12645,112747 8754,872213 0,000000
12695,112747 8754,872213 0,000000
12745,112747 8754,872213 0,000000
12795,112747 8754,872213 0,000000
12845,112747 8754,872213 0,000000
12895,112747 8754,872213 0,000000
12945,112747 8754,872213 0,000000
12995,112747 8754,872213 0,000000
13045,112747 8754,872213 0,000000
13095,112747 8754,872213 0,000000
13145,112747 8754,872213 0,000000
13195,112747 8754,872213 0,000000
13245,112747 8754,872213 0,000000
13295,112747 8754,872213 0,000000
13345,112747 8754,872213 0,000000
13395,112747 8754,872213 0,000000
13445,112747 8754,872213 0,000000
13495,112747 8754,872213 0,000000
13545,112747 8754,872213 0,000000
13595,112747 8754,872213 0,000000
13645,112747 8754,872213 0,000000
13695,112747 8754,872213 0,000000
13745,112747 8754,872213 0,000000
13795,112747 8754,872213 0,000000
13845,112747 8754,872213 0,000000
13895,112747 8754,872213 0,000000
13945,112747 8754,872213 0,000000
13995,112747 8754,872213 0,000000
6545,112747 8804,872213 0,000000
6595,112747 8804,872213 0,000000
6645,112747 8804,872213 0,000000
6695,112747 8804,872213 0,000000
6745,112747 8804,872213 0,000000
6795,112747 8804,872213 0,000000
6845,112747 8804,872213 0,000000
6895,112747 8804,872213 0,000000
6945,112747 8804,872213 0,000000
6995,112747 8804,872213 0,000000
7045,112747 8804,872213 0,000000
7095,112747 8804,872213 0,000000
7145,112747 8804,872213 0,000000
7195,112747 8804,872213 0,000000
7245,112747 8804,872213 0,000000
7295,112747 8804,872213 0,000000
7345,112747 8804,872213 0,000000
7395,112747 8804,872213 0,000000
7445,112747 8804,872213 0,000000
7495,112747 8804,872213 0,000000
7545,112747 8804,872213 0,000000
7595,112747 8804,872213 0,000000
7645,112747 8804,872213 0,000000
7695,112747 8804,872213 0,000000
7745,112747 8804,872213 0,000000
7795,112747 8804,872213 0,000000
7845,112747 8804,872213 0,000000
7895,112747 8804,872213 0,000001
7945,112747 8804,872213 0,000002
7995,112747 8804,872213 -0,000006
8045,112747 8804,872213 -0,000033
8095,112747 8804,872213 0,000010
8145,112747 8804,872213 0,000341
8195,112747 8804,872213 0,000501
8245,112747 8804,872213 -0,001798
8295,112747 8804,872213 -0,006439
8345,112747 8804,872213 -0,000470
8395,112747 8804,872213 0,027987
8445,112747 8804,872213 0,042744
8495,112747 8804,872213 0,002518
8545,112747 8804,872213 -0,031672
8595,112747 8804,872213 -0,031672
8645,112747 8804,872213 0,002518
8695,112747 8804,872213 0,042744
8745,112747 8804,872213 0,027987
8795,112747 8804,872213 -0,000470
8845,112747 8804,872213 -0,006439
8895,112747 8804,872213 -0,001798
8945,112747 8804,872213 0,000501
8995,112747 8804,872213 0,000341
9045,112747 8804,872213 0,000010
9095,112747 8804,872213 -0,000033
9145,112747 8804,872213 -0,000006
9195,112747 8804,872213 0,000002
9245,112747 8804,872213 0,000001
9295,112747 8804,872213 0,000000
9345,112747 8804,872213 0,000000
9395,112747 8804,872213 0,000000
9445,112747 8804,872213 0,000000
9495,112747 8804,872213 0,000000
9545,112747 8804,872213 0,000000
9595,112747 8804,872213 0,000000
9645,112747 8804,872213 0,000000
9695,112747 8804,872213 0,000000
9745,112747 8804,872213 -0,000002
9795,112747 8804,872213 -0,000004
9845,112747 8804,872213 0,000031
9895,112747 8804,872213 0,000093
9945,112747 8804,872213 -0,000357
9995,112747 8804,872213 -0,001754
10045,112747 8804,872213 0,002345
10095,112747 8804,872213 0,025624
10145,112747 8804,872213 0,014674
10195,112747 8804,872213 -0,240327
10245,112747 8804,872213 -0,544474
10295,112747 8804,872213 0,881814
10345,112747 8804,872213 4,608201
10395,112747 8804,872213 3,447350
10445,112747 8804,872213 -4,164264
10495,112747 8804,872213 -4,164264
10545,112747 8804,872213 3,447350
10595,112747 8804,872213 4,608201
10645,112747 8804,872213 0,881814
10695,112747 8804,872213 -0,544474
10745,112747 8804,872213 -0,240327
10795,112747 8804,872213 0,014674
10845,112747 8804,872213 0,025624
10895,112747 8804,872213 0,002345
10945,112747 8804,872213 -0,001754
10995,112747 8804,872213 -0,000357
11045,112747 8804,872213 0,000093
11095,112747 8804,872213 0,000031
11145,112747 8804,872213 -0,000004
11195,112747 8804,872213 -0,000002
11245,112747 8804,872213 0,000000
11295,112747 8804,872213 0,000000
11345,112747 8804,872213 0,000000
11395,112747 8804,872213 0,000000
11445,112747 8804,872213 0,000000
11495,112747 8804,872213 0,000000
11545,112747 8804,872213 0,000000
11595,112747 8804,872213 0,000000
11645,112747 8804,872213 0,000000
11695,112747 8804,872213 0,000000
11745,112747 8804,872213 0,000000
11795,112747 8804,872213 0,000000
11845,112747 8804,872213 0,000000
11895,112747 8804,872213 0,000000
11945,112747 8804,872213 0,000000
11995,112747 8804,872213 0,000000
12045,112747 8804,872213 0,000000
12095,112747 8804,872213 0,000000
12145,112747 8804,872213 0,000000
12195,112747 8804,872213 0,000000
12245,112747 8804,872213 0,000000
12295,112747 8804,872213 0,000000
12345,112747 8804,872213 0,000000
12395,112747 8804,872213 0,000000
12445,112747 8804,872213 0,000000
12495,112747 8804,872213 0,000000
12545,112747 8804,872213 0,000000
12595,112747 8804,872213 0,000000
12645,112747 8804,872213 0,000000
12695,112747 8804,872213 0,000000
12745,112747 8804,872213 0,000000
12795,112747 8804,872213 0,000000
12845,112747 8804,872213 0,000000
12895,112747 8804,872213 0,000000
12945,112747 8804,872213 0,000000
12995,112747 8804,872213 0,000000
13045,112747 8804,872213 0,000000
13095,112747 8804,872213 0,000000
13145,112747 8804,872213 0,000000
13195,112747 8804,872213 0,000000
13245,112747 8804,872213 0,000000
13295,112747 8804,872213 0,000000
13345,112747 8804,872213 0,000000
13395,112747 8804,872213 0,000000
13445,112747 8804,872213 0,000000
13495,112747 8804,872213 0,000000
13545,112747 8804,872213 0,000000
13595,112747 8804,872213 0,000000
13645,112747 8804,872213 0,000000
13695,112747 8804,872213 0,000000
13745,112747 8804,872213 0,000000
13795,112747 8804,872213 0,000000
13845,112747 8804,872213 0,000000
13895,112747 8804,872213 0,000000
13945,112747 8804,872213 0,000000
13995,112747 8804,872213 0,000000
6545,112747 8854,872213 0,000000
6595,112747 8854,872213 0,000000
6645,112747 8854,872213 0,000000
6695,112747 8854,872213 0,000000
6745,112747 8854,872213 0,000000
6795,112747 8854,872213 0,000000
6845,112747 8854,872213 0,000000
6895,112747 8854,872213 0,000000
6945,112747 8854,872213 0,000000
6995,112747 8854,872213 0,000000
7045,112747 8854,872213 0,000000
7095,112747 8854,872213 0,000000
7145,112747 8854,872213 0,000000
7195,112747 8854,872213 0,000000
7245,112747 8854,872213 0,000000
7295,112747 8854,872213 0,000000
7345,112747 8854,872213 0,000000
7395,112747 8854,872213 0,000000
7445,112747 8854,872213 0,000000
7495,112747 8854,872213 0,000000
7545,112747 8854,872213 0,000000
7595,112747 8854,872213 0,000000
7645,112747 8854,872213 0,000000
7695,112747 8854,872213 0,000000
7745,112747 8854,872213 0,000000
7795,112747 8854,872213 0,000000
7845,112747 8854,872213 0,000000
7895,112747 8854,872213 0,000001
7945,112747 8854,872213 -0,000001
7995,112747 8854,872213 -0,000014
8045,112747 8854,872213 -0,000010
8095,112747 8854,872213 0,000162
8145,112747 8854,872213 0,000376
8195,112747 8854,872213 -0,001057
8245,112747 8854,872213 -0,005357
8295,112747 8854,872213 -0,000470
8345,112747 8854,872213 0,036998
8395,112747 8854,872213 0,063407
8445,112747 8854,872213 -0,059722
8495,112747 8854,872213 -0,257086
8545,112747 8854,872213 -0,246419
8595,112747 8854,872213 -0,246419
8645,112747 8854,872213 -0,257086
8695,112747 8854,872213 -0,059722
8745,112747 8854,872213 0,063407
8795,112747 8854,872213 0,036998
8845,112747 8854,872213 -0,000470
8895,112747 8854,872213 -0,005357
8945,112747 8854,872213 -0,001057
8995,112747 8854,872213 0,000376
9045,112747 8854,872213 0,000162
9095,112747 8854,872213 -0,000010
9145,112747 8854,872213 -0,000014
9195,112747 8854,872213 -0,000001
9245,112747 8854,872213 0,000001
9295,112747 8854,872213 0,000000
9345,112747 8854,872213 0,000000
9395,112747 8854,872213 0,000000
9445,112747 8854,872213 0,000000
9495,112747 8854,872213 0,000000
9545,112747 8854,872213 0,000000
9595,112747 8854,872213 0,000000
9645,112747 8854,872213 0,000000
9695,112747 8854,872213 0,000000
9745,112747 8854,872213 -0,000002
9795,112747 8854,872213 0,000000
9845,112747 8854,872213 0,000037
9895,112747 8854,872213 0,000009
9945,112747 8854,872213 -0,000567
9995,112747 8854,872213 -0,000532
10045,112747 8854,872213 0,008262
10095,112747 8854,872213 0,017251
10145,112747 8854,872213 -0,094026
10195,112747 8854,872213 -0,367045
10245,112747 8854,872213 0,512832
10295,112747 8854,872213 4,608201
10345,112747 8854,872213 3,521785
10395,112747 8854,872213 -22,058585
10445,112747 8854,872213 -42,263635
10495,112747 8854,872213 -42,263635
10545,112747 8854,872213 -22,058585
10595,112747 8854,872213 3,521785
10645,112747 8854,872213 4,608201
10695,112747 8854,872213 0,512832
10745,112747 8854,872213 -0,367045
10795,112747 8854,872213 -0,094026
10845,112747 8854,872213 0,017251
10895,112747 8854,872213 0,008262
10945,112747 8854,872213 -0,000532
10995,112747 8854,872213 -0,000567
11045,112747 8854,872213 0,000009
11095,112747 8854,872213 0,000037
11145,112747 8854,872213 0,000000
11195,112747 8854,872213 -0,000002
11245,112747 8854,872213 0,000000
11295,112747 8854,872213 0,000000
11345,112747 8854,872213 0,000000
11395,112747 8854,872213 0,000000
11445,112747 8854,872213 0,000000
11495,112747 8854,872213 0,000000
11545,112747 8854,872213 0,000000
11595,112747 8854,872213 0,000000
11645,112747 8854,872213 0,000000
11695,112747 8854,872213 0,000000
11745,112747 8854,872213 0,000000
11795,112747 8854,872213 0,000000
11845,112747 8854,872213 0,000000
11895,112747 8854,872213 0,000000
11945,112747 8854,872213 0,000000
11995,112747 8854,872213 0,000000
12045,112747 8854,872213 0,000000
12095,112747 8854,872213 0,000000
12145,112747 8854,872213 0,000000
12195,112747 8854,872213 0,000000
12245,112747 8854,872213 0,000000
12295,112747 8854,872213 0,000000
12345,112747 8854,872213 0,000000
12395,112747 8854,872213 0,000000
12445,112747 8854,872213 0,000000
12495,112747 8854,872213 0,000000
12545,112747 8854,872213 0,000000
12595,112747 8854,872213 0,000000
12645,112747 8854,872213 0,000000
12695,112747 8854,872213 0,000000
12745,112747 8854,872213 0,000000
12795,112747 8854,872213 0,000000
12845,112747 8854,872213 0,000000
12895,112747 8854,872213 0,000000
12945,112747 8854,872213 0,000000
12995,112747 8854,872213 0,000000
13045,112747 8854,872213 0,000000
13095,112747 8854,872213 0,000000
13145,112747 8854,872213 0,000000
13195,112747 8854,872213 0,000000
13245,112747 8854,872213 0,000000
13295,112747 8854,872213 0,000000
13345,112747 8854,872213 0,000000
13395,112747 8854,872213 0,000000
13445,112747 8854,872213 0,000000
13495,112747 8854,872213 0,000000
13545,112747 8854,872213 0,000000
13595,112747 8854,872213 0,000000
13645,112747 8854,872213 0,000000
13695,112747 8854,872213 0,000000
13745,112747 8854,872213 0,000000
13795,112747 8854,872213 0,000000
13845,112747 8854,872213 0,000000
13895,112747 8854,872213 0,000000
13945,112747 8854,872213 0,000000
13995,112747 8854,872213 0,000000
6545,112747 8904,872213 0,000000
6595,112747 8904,872213 0,000000
6645,112747 8904,872213 0,000000
6695,112747 8904,872213 0,000000
6745,112747 8904,872213 0,000000
6795,112747 8904,872213 0,000000
6845,112747 8904,872213 0,000000
6895,112747 8904,872213 0,000000
6945,112747 8904,872213 0,000000
6995,112747 8904,872213 0,000000
7045,112747 8904,872213 0,000000
7095,112747 8904,872213 0,000000
7145,112747 8904,872213 0,000000
7195,112747 8904,872213 0,000000
7245,112747 8904,872213 0,000000
7295,112747 8904,872213 0,000000
7345,112747 8904,872213 0,000000
7395,112747 8904,872213 0,000000
7445,112747 8904,872213 0,000000
7495,112747 8904,872213 0,000000
7545,112747 8904,872213 0,000000
7595,112747 8904,872213 0,000000
7645,112747 8904,872213 0,000000
7695,112747 8904,872213 0,000000
7745,112747 8904,872213 0,000000
7795,112747 8904,872213 0,000000
7845,112747 8904,872213 0,000000
7895,112747 8904,872213 0,000001
7945,112747 8904,872213 -0,000004
7995,112747 8904,872213 -0,000011
8045,112747 8904,872213 0,000042
8095,112747 8904,872213 0,000204
8145,112747 8904,872213 -0,000273
8195,112747 8904,872213 -0,002984
8245,112747 8904,872213 -0,001709
8295,112747 8904,872213 0,027987
8345,112747 8904,872213 0,063407
8395,112747 8904,872213 -0,102692
8445,112747 8904,872213 -0,536649
8495,112747 8904,872213 -0,401462
8545,112747 8904,872213 0,484951
8595,112747 8904,872213 0,484951
8645,112747 8904,872213 -0,401462
8695,112747 8904,872213 -0,536649
8745,112747 8904,872213 -0,102692
8795,112747 8904,872213 0,063407
8845,112747 8904,872213 0,027987
8895,112747 8904,872213 -0,001709
8945,112747 8904,872213 -0,002984
8995,112747 8904,872213 -0,000273
9045,112747 8904,872213 0,000204
9095,112747 8904,872213 0,000042
9145,112747 8904,872213 -0,000011
9195,112747 8904,872213 -0,000004
9245,112747 8904,872213 0,000001
9295,112747 8904,872213 0,000000
9345,112747 8904,872213 0,000000
9395,112747 8904,872213 0,000000
9445,112747 8904,872213 0,000000
9495,112747 8904,872213 0,000000
9545,112747 8904,872213 0,000000
9595,112747 8904,872213 0,000000
9645,112747 8904,872213 0,000000
9695,112747 8904,872213 0,000000
9745,112747 8904,872213 -0,000002
9795,112747 8904,872213 0,000003
9845,112747 8904,872213 0,000034
9895,112747 8904,872213 -0,000045
9945,112747 8904,872213 -0,000525
9995,112747 8904,872213 0,000615
10045,112747 8904,872213 0,008519
10095,112747 8904,872213 -0,006713
10145,112747 8904,872213 -0,144359
10195,112747 8904,872213 -0,021622
10245,112747 8904,872213 2,207597
10295,112747 8904,872213 3,447350
10345,112747 8904,872213 -22,058585
10395,112747 8904,872213 -71,045098
10445,112747 8904,872213 31,496815
10495,112747 8904,872213 31,496815
10545,112747 8904,872213 -71,045098
10595,112747 8904,872213 -22,058585
10645,112747 8904,872213 3,447350
10695,112747 8904,872213 2,207597
10745,112747 8904,872213 -0,021622
10795,112747 8904,872213 -0,144359
10845,112747 8904,872213 -0,006713
10895,112747 8904,872213 0,008519
10945,112747 8904,872213 0,000615
10995,112747 8904,872213 -0,000525
11045,112747 8904,872213 -0,000045
11095,112747 8904,872213 0,000034
11145,112747 8904,872213 0,000003
11195,112747 8904,872213 -0,000002
11245,112747 8904,872213 0,000000
11295,112747 8904,872213 0,000000
11345,112747 8904,872213 0,000000
11395,112747 8904,872213 0,000000
11445,112747 8904,872213 0,000000
11495,112747 8904,872213 0,000000
11545,112747 8904,872213 0,000000
11595,112747 8904,872213 0,000000
11645,112747 8904,872213 0,000000
11695,112747 8904,872213 0,000000
11745,112747 8904,872213 0,000000
11795,112747 8904,872213 0,000000
11845,112747 8904,872213 0,000000
11895,112747 8904,872213 0,000000
11945,112747 8904,872213 0,000000
11995,112747 8904,872213 0,000000
12045,112747 8904,872213 0,000000
12095,112747 8904,872213 0,000000
12145,112747 8904,872213 0,000000
12195,112747 8904,872213 0,000000
12245,112747 8904,872213 0,000000
12295,112747 8904,872213 0,000000
12345,112747 8904,872213 0,000000
12395,112747 8904,872213 0,000000
12445,112747 8904,872213 0,000000
12495,112747 8904,872213 0,000000
12545,112747 8904,872213 0,000000
12595,112747 8904,872213 0,000000
12645,112747 8904,872213 0,000000
12695,112747 8904,872213 0,000000
12745,112747 8904,872213 0,000000
12795,112747 8904,872213 0,000000
12845,112747 8904,872213 0,000000
12895,112747 8904,872213 0,000000
12945,112747 8904,872213 0,000000
12995,112747 8904,872213 0,000000
13045,112747 8904,872213 0,000000
13095,112747 8904,872213 0,000000
13145,112747 8904,872213 0,000000
13195,112747 8904,872213 0,000000
13245,112747 8904,872213 0,000000
13295,112747 8904,872213 0,000000
13345,112747 8904,872213 0,000000
13395,112747 8904,872213 0,000000
13445,112747 8904,872213 0,000000
13495,112747 8904,872213 0,000000
13545,112747 8904,872213 0,000000
13595,112747 8904,872213 0,000000
13645,112747 8904,872213 0,000000
13695,112747 8904,872213 0,000000
13745,112747 8904,872213 0,000000
13795,112747 8904,872213 0,000000
13845,112747 8904,872213 0,000000
13895,112747 8904,872213 0,000000
13945,112747 8904,872213 0,000000
13995,112747 8904,872213 0,000000
6545,112747 8954,872213 0,000000
6595,112747 8954,872213 0,000000
6645,112747 8954,872213 0,000000
6695,112747 8954,872213 0,000000
6745,112747 8954,872213 0,000000
6795,112747 8954,872213 0,000000
6845,112747 8954,872213 0,000000
6895,112747 8954,872213 0,000000
6945,112747 8954,872213 0,000000
6995,112747 8954,872213 0,000000
7045,112747 8954,872213 0,000000
7095,112747 8954,872213 0,000000
7145,112747 8954,872213 0,000000
7195,112747 8954,872213 0,000000
7245,112747 8954,872213 0,000000
7295,112747 8954,872213 0,000000
7345,112747 8954,872213 0,000000
7395,112747 8954,872213 0,000000
7445,112747 8954,872213 0,000000
7495,112747 8954,872213 0,000000
7545,112747 8954,872213 0,000000
7595,112747 8954,872213 0,000000
7645,112747 8954,872213 0,000000
7695,112747 8954,872213 0,000000
7745,112747 8954,872213 0,000000
7795,112747 8954,872213 0,000000
7845,112747 8954,872213 0,000000
7895,112747 8954,872213 0,000000
7945,112747 8954,872213 -0,000004
7995,112747 8954,872213 -0,000001
8045,112747 8954,872213 0,000066
8095,112747 8954,872213 0,000062
8145,112747 8954,872213 -0,000962
8195,112747 8954,872213 -0,002009
8245,112747 8954,872213 0,010950
8295,112747 8954,872213 0,042744
8345,112747 8954,872213 -0,059722
8395,112747 8954,872213 -0,536649
8445,112747 8954,872213 -0,410130
8495,112747 8954,872213 2,568839
8545,112747 8954,872213 4,921824
8595,112747 8954,872213 4,921824
8645,112747 8954,872213 2,568839
8695,112747 8954,872213 -0,410130
8745,112747 8954,872213 -0,536649
8795,112747 8954,872213 -0,059722
8845,112747 8954,872213 0,042744
8895,112747 8954,872213 0,010950
8945,112747 8954,872213 -0,002009
8995,112747 8954,872213 -0,000962
9045,112747 8954,872213 0,000062
9095,112747 8954,872213 0,000066
9145,112747 8954,872213 -0,000001
9195,112747 8954,872213 -0,000004
9245,112747 8954,872213 0,000000
9295,112747 8954,872213 0,000000
9345,112747 8954,872213 0,000000
9395,112747 8954,872213 0,000000
9445,112747 8954,872213 0,000000
9495,112747 8954,872213 0,000000
9545,112747 8954,872213 0,000000
9595,112747 8954,872213 0,000000
9645,112747 8954,872213 0,000000
9695,112747 8954,872213 0,000000
9745,112747 8954,872213 -0,000002
9795,112747 8954,872213 0,000005
9845,112747 8954,872213 0,000031
9895,112747 8954,872213 -0,000068
9945,112747 8954,872213 -0,000476
9995,112747 8954,872213 0,001033
10045,112747 8954,872213 0,007365
10095,112747 8954,872213 -0,016299
10145,112747 8954,872213 -0,118400
10195,112747 8954,872213 0,271966
10245,112747 8954,872213 2,115996
10295,112747 8954,872213 -4,164265
10345,112747 8954,872213 -42,263635
10395,112747 8954,872213 31,496815
10445,112747 8954,872213 794,265224
10495,112747 8954,872213 794,265224
10545,112747 8954,872213 31,496815
10595,112747 8954,872213 -42,263635
10645,112747 8954,872213 -4,164265
10695,112747 8954,872213 2,115996
10745,112747 8954,872213 0,271966
10795,112747 8954,872213 -0,118400
10845,112747 8954,872213 -0,016299
10895,112747 8954,872213 0,007365
10945,112747 8954,872213 0,001033
10995,112747 8954,872213 -0,000476
11045,112747 8954,872213 -0,000068
11095,112747 8954,872213 0,000031
11145,112747 8954,872213 0,000005
11195,112747 8954,872213 -0,000002
11245,112747 8954,872213 0,000000
11295,112747 8954,872213 0,000000
11345,112747 8954,872213 0,000000
11395,112747 8954,872213 0,000000
11445,112747 8954,872213 0,000000
11495,112747 8954,872213 0,000000
11545,112747 8954,872213 0,000000
11595,112747 8954,872213 0,000000
11645,112747 8954,872213 0,000000
11695,112747 8954,872213 0,000000
11745,112747 8954,872213 0,000000
11795,112747 8954,872213 0,000000
11845,112747 8954,872213 0,000000
11895,112747 8954,872213 0,000000
11945,112747 8954,872213 0,000000
11995,112747 8954,872213 0,000000
12045,112747 8954,872213 0,000000
12095,112747 8954,872213 0,000000
12145,112747 8954,872213 0,000000
12195,112747 8954,872213 0,000000
12245,112747 8954,872213 0,000000
12295,112747 8954,872213 0,000000
12345,112747 8954,872213 0,000000
12395,112747 8954,872213 0,000000
12445,112747 8954,872213 0,000000
12495,112747 8954,872213 0,000000
12545,112747 8954,872213 0,000000
12595,112747 8954,872213 0,000000
12645,112747 8954,872213 0,000000
12695,112747 8954,872213 0,000000
12745,112747 8954,872213 0,000000
12795,112747 8954,872213 0,000000
12845,112747 8954,872213 0,000000
12895,112747 8954,872213 0,000000
12945,112747 8954,872213 0,000000
12995,112747 8954,872213 0,000000
13045,112747 8954,872213 0,000000
13095,112747 8954,872213 0,000000
13145,112747 8954,872213 0,000000
13195,112747 8954,872213 0,000000
13245,112747 8954,872213 0,000000
13295,112747 8954,872213 0,000000
13345,112747 8954,872213 0,000000
13395,112747 8954,872213 0,000000
13445,112747 8954,872213 0,000000
13495,112747 8954,872213 0,000000
13545,112747 8954,872213 0,000000
13595,112747 8954,872213 0,000000
13645,112747 8954,872213 0,000000
13695,112747 8954,872213 0,000000
13745,112747 8954,872213 0,000000
13795,112747 8954,872213 0,000000
13845,112747 8954,872213 0,000000
13895,112747 8954,872213 0,000000
13945,112747 8954,872213 0,000000
13995,112747 8954,872213 0,000000
6545,112747 9004,872213 0,000000
6595,112747 9004,872213 -0,000001
6645,112747 9004,872213 -0,000001
6695,112747 9004,872213 -0,000001
6745,112747 9004,872213 0,000000
6795,112747 9004,872213 0,000001
6845,112747 9004,872213 0,000001
6895,112747 9004,872213 0,000000
6945,112747 9004,872213 0,000000
6995,112747 9004,872213 0,000000
7045,112747 9004,872213 0,000000
7095,112747 9004,872213 0,000000
7145,112747 9004,872213 0,000000
7195,112747 9004,872213 0,000000
7245,112747 9004,872213 0,000000
7295,112747 9004,872213 0,000000
7345,112747 9004,872213 0,000000
7395,112747 9004,872213 0,000000
7445,112747 9004,872213 0,000000
7495,112747 9004,872213 0,000000
7545,112747 9004,872213 0,000000
7595,112747 9004,872213 0,000000
7645,112747 9004,872213 0,000000
7695,112747 9004,872213 0,000000
7745,112747 9004,872213 0,000000
7795,112747 9004,872213 0,000000
7845,112747 9004,872213 0,000000
7895,112747 9004,872213 0,000000
7945,112747 9004,872213 -0,000004
7995,112747 9004,872213 0,000005
8045,112747 9004,872213 0,000061
8095,112747 9004,872213 -0,000072
8145,112747 9004,872213 -0,000992
8195,112747 9004,872213 0,000782
8245,112747 9004,872213 0,016811
8295,112747 9004,872213 0,002518
8345,112747 9004,872213 -0,257086
8395,112747 9004,872213 -0,401462
8445,112747 9004,872213 2,568839
8495,112747 9004,872213 8,273578
8545,112747 9004,872213 -3,667971
8595,112747 9004,872213 -3,667971
8645,112747 9004,872213 8,273578
8695,112747 9004,872213 2,568839
8745,112747 9004,872213 -0,401462
8795,112747 9004,872213 -0,257086
8845,112747 9004,872213 0,002518
8895,112747 9004,872213 0,016811
8945,112747 9004,872213 0,000782
8995,112747 9004,872213 -0,000992
9045,112747 9004,872213 -0,000072
9095,112747 9004,872213 0,000061
9145,112747 9004,872213 0,000005
9195,112747 9004,872213 -0,000004
9245,112747 9004,872213 0,000000
9295,112747 9004,872213 0,000000
9345,112747 9004,872213 0,000000
9395,112747 9004,872213 0,000000
9445,112747 9004,872213 0,000000
9495,112747 9004,872213 0,000000
9545,112747 9004,872213 0,000000
9595,112747 9004,872213 0,000000
9645,112747 9004,872213 0,000000
9695,112747 9004,872213 0,000000
9745,112747 9004,872213 -0,000002
9795,112747 9004,872213 0,000005
9845,112747 9004,872213 0,000031
9895,112747 9004,872213 -0,000068
9945,112747 9004,872213 -0,000476
9995,112747 9004,872213 0,001033
10045,112747 9004,872213 0,007365
10095,112747 9004,872213 -0,016299
10145,112747 9004,872213 -0,118400
10195,112747 9004,872213 0,271966
10245,112747 9004,872213 2,115996
10295,112747 9004,872213 -4,164265
10345,112747 9004,872213 -42,263635
10395,112747 9004,872213 31,496815
10445,112747 9004,872213 794,265224
10495,112747 9004,872213 794,265224
10545,112747 9004,872213 31,496815
10595,112747 9004,872213 -42,263635
10645,112747 9004,872213 -4,164265
10695,112747 9004,872213 2,115996
10745,112747 9004,872213 0,271966
10795,112747 9004,872213 -0,118400
10845,112747 9004,872213 -0,016299
10895,112747 9004,872213 0,007365
10945,112747 9004,872213 0,001033
10995,112747 9004,872213 -0,000476
11045,112747 9004,872213 -0,000068
11095,112747 9004,872213 0,000031
11145,112747 9004,872213 0,000005
11195,112747 9004,872213 -0,000002
11245,112747 9004,872213 0,000000
11295,112747 9004,872213 0,000000
11345,112747 9004,872213 0,000000
11395,112747 9004,872213 0,000000
11445,112747 9004,872213 0,000000
11495,112747 9004,872213 0,000000
11545,112747 9004,872213 0,000000
11595,112747 9004,872213 0,000000
11645,112747 9004,872213 0,000000
11695,112747 9004,872213 0,000000
11745,112747 9004,872213 0,000000
11795,112747 9004,872213 0,000000
11845,112747 9004,872213 0,000000
11895,112747 9004,872213 0,000000
11945,112747 9004,872213 0,000000
11995,112747 9004,872213 0,000000
12045,112747 9004,872213 0,000000
12095,112747 9004,872213 0,000000
12145,112747 9004,872213 0,000000
12195,112747 9004,872213 0,000000
12245,112747 9004,872213 0,000000
12295,112747 9004,872213 0,000000
12345,112747 9004,872213 0,000000
12395,112747 9004,872213 0,000000
12445,112747 9004,872213 0,000000
12495,112747 9004,872213 0,000000
12545,112747 9004,872213 0,000000
12595,112747 9004,872213 0,000000
12645,112747 9004,872213 0,000000
12695,112747 9004,872213 0,000000
12745,112747 9004,872213 0,000000
12795,112747 9004,872213 0,000000
12845,112747 9004,872213 0,000000
12895,112747 9004,872213 0,000000
12945,112747 9004,872213 0,000000
12995,112747 9004,872213 0,000000
13045,112747 9004,872213 0,000000
13095,112747 9004,872213 0,000000
13145,112747 9004,872213 0,000000
13195,112747 9004,872213 0,000000
13245,112747 9004,872213 0,000000
13295,112747 9004,872213 0,000000
13345,112747 9004,872213 0,000000
13395,112747 9004,872213 0,000000
13445,112747 9004,872213 0,000000
13495,112747 9004,872213 0,000000
13545,112747 9004,872213 0,000000
13595,112747 9004,872213 0,000000
13645,112747 9004,872213 0,000000
13695,112747 9004,872213 0,000000
13745,112747 9004,872213 0,000000
13795,112747 9004,872213 0,000000
13845,112747 9004,872213 0,000000
13895,112747 9004,872213 0,000000
13945,112747 9004,872213 0,000000
13995,112747 9004,872213 0,000000
6545,112747 9054,872213 0,000000
6595,112747 9054,872213 0,000000
6645,112747 9054,872213 -0,000001
6695,112747 9054,872213 -0,000003
6745,112747 9054,872213 -0,000004
6795,112747 9054,872213 -0,000002
6845,112747 9054,872213 0,000001
6895,112747 9054,872213 0,000002
6945,112747 9054,872213 0,000001
6995,112747 9054,872213 0,000000
7045,112747 9054,872213 -0,000001
7095,112747 9054,872213 0,000000
7145,112747 9054,872213 0,000000
7195,112747 9054,872213 0,000000
7245,112747 9054,872213 0,000000
7295,112747 9054,872213 0,000000
7345,112747 9054,872213 0,000000
7395,112747 9054,872213 0,000000
7445,112747 9054,872213 0,000000
7495,112747 9054,872213 0,000000
7545,112747 9054,872213 0,000000
7595,112747 9054,872213 0,000000
7645,112747 9054,872213 0,000000
7695,112747 9054,872213 0,000000
7745,112747 9054,872213 0,000000
7795,112747 9054,872213 0,000000
7845,112747 9054,872213 0,000000
7895,112747 9054,872213 -0,000001
7945,112747 9054,872213 -0,000004
7995,112747 9054,872213 0,000008
8045,112747 9054,872213 0,000055
8095,112747 9054,872213 -0,000120
8145,112747 9054,872213 -0,000858
8195,112747 9054,872213 0,001898
8245,112747 9054,872213 0,013788
8295,112747 9054,872213 -0,031672
8345,112747 9054,872213 -0,246419
8395,112747 9054,872213 0,484951
8445,112747 9054,872213 4,921824
8495,112747 9054,872213 -3,667971
8545,112747 9054,872213 -92,496387
8595,112747 9054,872213 -92,496387
8645,112747 9054,872213 -3,667971
8695,112747 9054,872213 4,921824
8745,112747 9054,872213 0,484951
8795,112747 9054,872213 -0,246419
8845,112747 9054,872213 -0,031672
8895,112747 9054,872213 0,013788
8945,112747 9054,872213 0,001898
8995,112747 9054,872213 -0,000858
9045,112747 9054,872213 -0,000120
9095,112747 9054,872213 0,000055
9145,112747 9054,872213 0,000008
9195,112747 9054,872213 -0,000004
9245,112747 9054,872213 -0,000001
9295,112747 9054,872213 0,000000
9345,112747 9054,872213 0,000000
9395,112747 9054,872213 0,000000
9445,112747 9054,872213 0,000000
9495,112747 9054,872213 0,000000
9545,112747 9054,872213 0,000000
9595,112747 9054,872213 0,000000
9645,112747 9054,872213 0,000000
9695,112747 9054,872213 0,000000
9745,112747 9054,872213 -0,000002
9795,112747 9054,872213 0,000003
9845,112747 9054,872213 0,000034
9895,112747 9054,872213 -0,000045
9945,112747 9054,872213 -0,000525
9995,112747 9054,872213 0,000615
10045,112747 9054,872213 0,008519
10095,112747 9054,872213 -0,006713
10145,112747 9054,872213 -0,144359
10195,112747 9054,872213 -0,021622
10245,112747 9054,872213 2,207597
10295,112747 9054,872213 3,447350
10345,112747 9054,872213 -22,058585
10395,112747 9054,872213 -71,045098
10445,112747 9054,872213 31,496815
10495,112747 9054,872213 31,496815
10545,112747 9054,872213 -71,045098
10595,112747 9054,872213 -22,058585
10645,112747 9054,872213 3,447350
10695,112747 9054,872213 2,207597
10745,112747 9054,872213 -0,021622
10795,112747 9054,872213 -0,144359
10845,112747 9054,872213 -0,006713
10895,112747 9054,872213 0,008519
10945,112747 9054,872213 0,000615
10995,112747 9054,872213 -0,000525
11045,112747 9054,872213 -0,000045
11095,112747 9054,872213 0,000034
11145,112747 9054,872213 0,000003
11195,112747 9054,872213 -0,000002
11245,112747 9054,872213 0,000000
11295,112747 9054,872213 0,000000
11345,112747 9054,872213 0,000000
11395,112747 9054,872213 0,000000
11445,112747 9054,872213 0,000000
11495,112747 9054,872213 0,000000
11545,112747 9054,872213 0,000000
11595,112747 9054,872213 0,000000
11645,112747 9054,872213 0,000000
11695,112747 9054,872213 0,000000
11745,112747 9054,872213 0,000000
11795,112747 9054,872213 0,000000
11845,112747 9054,872213 0,000000
11895,112747 9054,872213 0,000000
11945,112747 9054,872213 0,000000
11995,112747 9054,872213 0,000000
12045,112747 9054,872213 0,000000
12095,112747 9054,872213 0,000000
12145,112747 9054,872213 0,000000
12195,112747 9054,872213 0,000000
12245,112747 9054,872213 0,000000
12295,112747 9054,872213 0,000000
12345,112747 9054,872213 0,000000
12395,112747 9054,872213 0,000000
12445,112747 9054,872213 0,000000
12495,112747 9054,872213 0,000000
12545,112747 9054,872213 0,000000
12595,112747 9054,872213 0,000000
12645,112747 9054,872213 0,000000
12695,112747 9054,872213 0,000000
12745,112747 9054,872213 0,000000
12795,112747 9054,872213 0,000000
12845,112747 9054,872213 0,000000
12895,112747 9054,872213 0,000000
12945,112747 9054,872213 0,000000
12995,112747 9054,872213 0,000000
13045,112747 9054,872213 0,000000
13095,112747 9054,872213 0,000000
13145,112747 9054,872213 0,000000
13195,112747 9054,872213 0,000000
13245,112747 9054,872213 0,000000
13295,112747 9054,872213 0,000000
13345,112747 9054,872213 0,000000
13395,112747 9054,872213 0,000000
13445,112747 9054,872213 0,000000
13495,112747 9054,872213 0,000000
13545,112747 9054,872213 0,000000
13595,112747 9054,872213 0,000000
13645,112747 9054,872213 0,000000
13695,112747 9054,872213 0,000000
13745,112747 9054,872213 0,000000
13795,112747 9054,872213 0,000000
13845,112747 9054,872213 0,000000
13895,112747 9054,872213 0,000000
13945,112747 9054,872213 0,000000
13995,112747 9054,872213 0,000000
6545,112747 9104,872213 0,000004
6595,112747 9104,872213 0,000009
6645,112747 9104,872213 0,000011
6695,112747 9104,872213 0,000007
6745,112747 9104,872213 -0,000004
6795,112747 9104,872213 -0,000012
6845,112747 9104,872213 -0,000009
6895,112747 9104,872213 -0,000001
6945,112747 9104,872213 0,000004
6995,112747 9104,872213 0,000002
7045,112747 9104,872213 0,000000
7095,112747 9104,872213 -0,000001
7145,112747 9104,872213 0,000000
7195,112747 9104,872213 0,000000
7245,112747 9104,872213 0,000000
7295,112747 9104,872213 0,000000
7345,112747 9104,872213 0,000000
7395,112747 9104,872213 0,000000
7445,112747 9104,872213 0,000000
7495,112747 9104,872213 0,000000
7545,112747 9104,872213 0,000000
7595,112747 9104,872213 0,000000
7645,112747 9104,872213 0,000000
7695,112747 9104,872213 0,000000
7745,112747 9104,872213 0,000000
7795,112747 9104,872213 0,000000
7845,112747 9104,872213 0,000000
7895,112747 9104,872213 -0,000001
7945,112747 9104,872213 -0,000004
7995,112747 9104,872213 0,000008
8045,112747 9104,872213 0,000055
8095,112747 9104,872213 -0,000120
8145,112747 9104,872213 -0,000858
8195,112747 9104,872213 0,001898
8245,112747 9104,872213 0,013788
8295,112747 9104,872213 -0,031672
8345,112747 9104,872213 -0,246419
8395,112747 9104,872213 0,484951
8445,112747 9104,872213 4,921824
8495,112747 9104,872213 -3,667971
8545,112747 9104,872213 -92,496387
8595,112747 9104,872213 -92,496387
8645,112747 9104,872213 -3,667971
8695,112747 9104,872213 4,921824
8745,112747 9104,872213 0,484951
8795,112747 9104,872213 -0,246419
8845,112747 9104,872213 -0,031672
8895,112747 9104,872213 0,013788
8945,112747 9104,872213 0,001898
8995,112747 9104,872213 -0,000858
9045,112747 9104,872213 -0,000120
9095,112747 9104,872213 0,000055
9145,112747 9104,872213 0,000008
9195,112747 9104,872213 -0,000004
9245,112747 9104,872213 -0,000001
9295,112747 9104,872213 0,000000
9345,112747 9104,872213 0,000000
9395,112747 9104,872213 0,000000
9445,112747 9104,872213 0,000000
9495,112747 9104,872213 0,000000
9545,112747 9104,872213 0,000000
9595,112747 9104,872213 0,000000
9645,112747 9104,872213 0,000000
9695,112747 9104,872213 0,000000
9745,112747 9104,872213 -0,000002
9795,112747 9104,872213 0,000000
9845,112747 9104,872213 0,000037
9895,112747 9104,872213 0,000009
9945,112747 9104,872213 -0,000567
9995,112747 9104,872213 -0,000532
10045,112747 9104,872213 0,008262
10095,112747 9104,872213 0,017251
10145,112747 9104,872213 -0,094026
10195,112747 9104,872213 -0,367045
10245,112747 9104,872213 0,512832
10295,112747 9104,872213 4,608201
10345,112747 9104,872213 3,521785
10395,112747 9104,872213 -22,058585
10445,112747 9104,872213 -42,263635
10495,112747 9104,872213 -42,263635
10545,112747 9104,872213 -22,058585
10595,112747 9104,872213 3,521785
10645,112747 9104,872213 4,608201
10695,112747 9104,872213 0,512832
10745,112747 9104,872213 -0,367045
10795,112747 9104,872213 -0,094026
10845,112747 9104,872213 0,017251
10895,112747 9104,872213 0,008262
10945,112747 9104,872213 -0,000532
10995,112747 9104,872213 -0,000567
11045,112747 9104,872213 0,000009
11095,112747 9104,872213 0,000037
11145,112747 9104,872213 0,000000
11195,112747 9104,872213 -0,000002
11245,112747 9104,872213 0,000000
11295,112747 9104,872213 0,000000
11345,112747 9104,872213 0,000000
11395,112747 9104,872213 0,000000
11445,112747 9104,872213 0,000000
11495,112747 9104,872213 0,000000
11545,112747 9104,872213 0,000000
11595,112747 9104,872213 0,000000
11645,112747 9104,872213 0,000000
11695,112747 9104,872213 0,000000
11745,112747 9104,872213 0,000000
11795,112747 9104,872213 0,000000
11845,112747 9104,872213 0,000000
11895,112747 9104,872213 0,000000
11945,112747 9104,872213 0,000000
11995,112747 9104,872213 0,000000
12045,112747 9104,872213 0,000000
12095,112747 9104,872213 0,000000
12145,112747 9104,872213 0,000000
12195,112747 9104,872213 0,000000
12245,112747 9104,872213 0,000000
12295,112747 9104,872213 0,000000
12345,112747 9104,872213 0,000000
12395,112747 9104,872213 0,000000
12445,112747 9104,872213 0,000000
12495,112747 9104,872213 0,000000
12545,112747 9104,872213 0,000000
12595,112747 9104,872213 0,000000
12645,112747 9104,872213 0,000000
12695,112747 9104,872213 0,000000
12745,112747 9104,872213 0,000000
12795,112747 9104,872213 0,000000
12845,112747 9104,872213 0,000000
12895,112747 9104,872213 0,000000
12945,112747 9104,872213 0,000000
12995,112747 9104,872213 0,000000
13045,112747 9104,872213 0,000000
13095,112747 9104,872213 0,000000
13145,112747 9104,872213 0,000000
13195,112747 9104,872213 0,000000
13245,112747 9104,872213 0,000000
13295,112747 9104,872213 0,000000
13345,112747 9104,872213 0,000000
13395,112747 9104,872213 0,000000
13445,112747 9104,872213 0,000000
13495,112747 9104,872213 0,000000
13545,112747 9104,872213 0,000000
13595,112747 9104,872213 0,000000
13645,112747 9104,872213 0,000000
13695,112747 9104,872213 0,000000
13745,112747 9104,872213 0,000000
13795,112747 9104,872213 0,000000
13845,112747 9104,872213 0,000000
13895,112747 9104,872213 0,000000
13945,112747 9104,872213 0,000000
13995,112747 9104,872213 0,000000
6545,112747 9154,872213 -0,000002
6595,112747 9154,872213 0,000004
6645,112747 9154,872213 0,000029
6695,112747 9154,872213 0,000055
6745,112747 9154,872213 0,000051
6795,112747 9154,872213 0,000012
6845,112747 9154,872213 -0,000023
6895,112747 9154,872213 -0,000023
6945,112747 9154,872213 -0,000005
6995,112747 9154,872213 0,000006
7045,112747 9154,872213 0,000004
7095,112747 9154,872213 0,000000
7145,112747 9154,872213 -0,000001
7195,112747 9154,872213 0,000000
7245,112747 9154,872213 0,000000
7295,112747 9154,872213 0,000000
7345,112747 9154,872213 0,000000
7395,112747 9154,872213 0,000000
7445,112747 9154,872213 0,000000
7495,112747 9154,872213 0,000000
7545,112747 9154,872213 0,000000
7595,112747 9154,872213 0,000000
7645,112747 9154,872213 0,000000
7695,112747 9154,872213 0,000000
7745,112747 9154,872213 0,000000
7795,112747 9154,872213 0,000000
7845,112747 9154,872213 0,000000
7895,112747 9154,872213 0,000000
7945,112747 9154,872213 -0,000004
7995,112747 9154,872213 0,000005
8045,112747 9154,872213 0,000061
8095,112747 9154,872213 -0,000072
8145,112747 9154,872213 -0,000992
8195,112747 9154,872213 0,000782
8245,112747 9154,872213 0,016811
8295,112747 9154,872213 0,002518
8345,112747 9154,872213 -0,257086
8395,112747 9154,872213 -0,401462
8445,112747 9154,872213 2,568839
8495,112747 9154,872213 8,273578
8545,112747 9154,872213 -3,667971
8595,112747 9154,872213 -3,667971
8645,112747 9154,872213 8,273578
8695,112747 9154,872213 2,568839
8745,112747 9154,872213 -0,401462
8795,112747 9154,872213 -0,257086
8845,112747 9154,872213 0,002518
8895,112747 9154,872213 0,016811
8945,112747 9154,872213 0,000782
8995,112747 9154,872213 -0,000992
9045,112747 9154,872213 -0,000072
9095,112747 9154,872213 0,000061
9145,112747 9154,872213 0,000005
9195,112747 9154,872213 -0,000004
9245,112747 9154,872213 0,000000
9295,112747 9154,872213 0,000000
9345,112747 9154,872213 0,000000
9395,112747 9154,872213 0,000000
9445,112747 9154,872213 0,000000
9495,112747 9154,872213 0,000000
9545,112747 9154,872213 0,000000
9595,112747 9154,872213 0,000000
9645,112747 9154,872213 0,000000
9695,112747 9154,872213 0,000000
9745,112747 9154,872213 -0,000002
9795,112747 9154,872213 -0,000004
9845,112747 9154,872213 0,000031
9895,112747 9154,872213 0,000093
9945,112747 9154,872213 -0,000357
9995,112747 9154,872213 -0,001754
10045,112747 9154,872213 0,002345
10095,112747 9154,872213 0,025624
10145,112747 9154,872213 0,014674
10195,112747 9154,872213 -0,240327
10245,112747 9154,872213 -0,544474
10295,112747 9154,872213 0,881814
10345,112747 9154,872213 4,608201
10395,112747 9154,872213 3,447350
10445,112747 9154,872213 -4,164265
10495,112747 9154,872213 -4,164265
10545,112747 9154,872213 3,447350
10595,112747 9154,872213 4,608201
10645,112747 9154,872213 0,881814
10695,112747 9154,872213 -0,544474
10745,112747 9154,872213 -0,240327
10795,112747 9154,872213 0,014674
10845,112747 9154,872213 0,025624
10895,112747 9154,872213 0,002345
10945,112747 9154,872213 -0,001754
10995,112747 9154,872213 -0,000357
11045,112747 9154,872213 0,000093
11095,112747 9154,872213 0,000031
11145,112747 9154,872213 -0,000004
11195,112747 9154,872213 -0,000002
11245,112747 9154,872213 0,000000
11295,112747 9154,872213 0,000000
11345,112747 9154,872213 0,000000
11395,112747 9154,872213 0,000000
11445,112747 9154,872213 0,000000
11495,112747 9154,872213 0,000000
11545,112747 9154,872213 0,000000
11595,112747 9154,872213 0,000000
11645,112747 9154,872213 0,000000
11695,112747 9154,872213 0,000000
11745,112747 9154,872213 0,000000
11795,112747 9154,872213 0,000000
11845,112747 9154,872213 0,000000
11895,112747 9154,872213 0,000000
11945,112747 9154,872213 0,000000
11995,112747 9154,872213 0,000000
12045,112747 9154,872213 0,000000
12095,112747 9154,872213 0,000000
12145,112747 9154,872213 0,000000
12195,112747 9154,872213 0,000000
12245,112747 9154,872213 0,000000
12295,112747 9154,872213 0,000000
12345,112747 9154,872213 0,000000
12395,112747 9154,872213 0,000000
12445,112747 9154,872213 0,000000
12495,112747 9154,872213 0,000000
12545,112747 9154,872213 0,000000
12595,112747 9154,872213 0,000000
12645,112747 9154,872213 0,000000
12695,112747 9154,872213 0,000000
12745,112747 9154,872213 0,000000
12795,112747 9154,872213 0,000000
12845,112747 9154,872213 0,000000
12895,112747 9154,872213 0,000000
12945,112747 9154,872213 0,000000
12995,112747 9154,872213 0,000000
13045,112747 9154,872213 0,000000
13095,112747 9154,872213 0,000000
13145,112747 9154,872213 0,000000
13195,112747 9154,872213 0,000000
13245,112747 9154,872213 0,000000
13295,112747 9154,872213 0,000000
13345,112747 9154,872213 0,000000
13395,112747 9154,872213 0,000000
13445,112747 9154,872213 0,000000
13495,112747 9154,872213 0,000000
13545,112747 9154,872213 0,000000
13595,112747 9154,872213 0,000000
13645,112747 9154,872213 0,000000
13695,112747 9154,872213 0,000000
13745,112747 9154,872213 0,000000
13795,112747 9154,872213 0,000000
13845,112747 9154,872213 0,000000
13895,112747 9154,872213 0,000000
13945,112747 9154,872213 0,000000
13995,112747 9154,872213 0,000000
6545,112747 9204,872213 -0,000078
6595,112747 9204,872213 -0,000157
6645,112747 9204,872213 -0,000161
6695,112747 9204,872213 -0,000043
6745,112747 9204,872213 0,000119
6795,112747 9204,872213 0,000167
6845,112747 9204,872213 0,000069
6895,112747 9204,872213 -0,000031
6945,112747 9204,872213 -0,000043
6995,112747 9204,872213 -0,000011
7045,112747 9204,872213 0,000007
7095,112747 9204,872213 0,000005
7145,112747 9204,872213 0,000000
7195,112747 9204,872213 -0,000001
7245,112747 9204,872213 0,000000
7295,112747 9204,872213 0,000000
7345,112747 9204,872213 0,000000
7395,112747 9204,872213 0,000000
7445,112747 9204,872213 0,000000
7495,112747 9204,872213 0,000000
7545,112747 9204,872213 0,000000
7595,112747 9204,872213 0,000000
7645,112747 9204,872213 0,000000
7695,112747 9204,872213 0,000000
7745,112747 9204,872213 0,000000
7795,112747 9204,872213 0,000000
7845,112747 9204,872213 0,000000
7895,112747 9204,872213 0,000000
7945,112747 9204,872213 -0,000004
7995,112747 9204,872213 -0,000001
8045,112747 9204,872213 0,000066
8095,112747 9204,872213 0,000062
8145,112747 9204,872213 -0,000962
8195,112747 9204,872213 -0,002009
8245,112747 9204,872213 0,010950
8295,112747 9204,872213 0,042744
8345,112747 9204,872213 -0,059722
8395,112747 9204,872213 -0,536649
8445,112747 9204,872213 -0,410130
8495,112747 9204,872213 2,568839
8545,112747 9204,872213 4,921824
8595,112747 9204,872213 4,921824
8645,112747 9204,872213 2,568839
8695,112747 9204,872213 -0,410130
8745,112747 9204,872213 -0,536649
8795,112747 9204,872213 -0,059722
8845,112747 9204,872213 0,042744
8895,112747 9204,872213 0,010950
8945,112747 9204,872213 -0,002009
8995,112747 9204,872213 -0,000962
9045,112747 9204,872213 0,000062
9095,112747 9204,872213 0,000066
9145,112747 9204,872213 -0,000001
9195,112747 9204,872213 -0,000004
9245,112747 9204,872213 0,000000
9295,112747 9204,872213 0,000000
9345,112747 9204,872213 0,000000
9395,112747 9204,872213 0,000000
9445,112747 9204,872213 0,000000
9495,112747 9204,872213 0,000000
9545,112747 9204,872213 0,000000
9595,112747 9204,872213 0,000000
9645,112747 9204,872213 0,000000
9695,112747 9204,872213 0,000000
9745,112747 9204,872213 -0,000001
9795,112747 9204,872213 -0,000008
9845,112747 9204,872213 0,000007
9895,112747 9204,872213 0,000124
9945,112747 9204,872213 0,000085
9995,112747 9204,872213 -0,001388
10045,112747 9204,872213 -0,003226
10095,112747 9204,872213 0,009078
10145,112747 9204,872213 0,045998
10195,112747 9204,872213 0,004034
10245,112747 9204,872213 -0,317704
10295,112747 9204,872213 -0,544474
10345,112747 9204,872213 0,512832
10395,112747 9204,872213 2,207597
10445,112747 9204,872213 2,115996
10495,112747 9204,872213 2,115996
10545,112747 9204,872213 2,207597
10595,112747 9204,872213 0,512832
10645,112747 9204,872213 -0,544474
10695,112747 9204,872213 -0,317704
10745,112747 9204,872213 0,004034
10795,112747 9204,872213 0,045998
10845,112747 9204,872213 0,009078
10895,112747 9204,872213 -0,003226
10945,112747 9204,872213 -0,001388
10995,112747 9204,872213 0,000085
11045,112747 9204,872213 0,000124
11095,112747 9204,872213 0,000007
11145,112747 9204,872213 -0,000008
11195,112747 9204,872213 -0,000001
11245,112747 9204,872213 0,000000
11295,112747 9204,872213 0,000000
11345,112747 9204,872213 0,000000
11395,112747 9204,872213 0,000000
11445,112747 9204,872213 0,000000
11495,112747 9204,872213 0,000000
11545,112747 9204,872213 0,000000
11595,112747 9204,872213 0,000000
11645,112747 9204,872213 0,000000
11695,112747 9204,872213 0,000000
11745,112747 9204,872213 0,000000
11795,112747 9204,872213 0,000000
11845,112747 9204,872213 0,000000
11895,112747 9204,872213 0,000000
11945,112747 9204,872213 0,000000
11995,112747 9204,872213 0,000000
12045,112747 9204,872213 0,000000
12095,112747 9204,872213 0,000000
12145,112747 9204,872213 0,000000
12195,112747 9204,872213 0,000000
12245,112747 9204,872213 0,000000
12295,112747 9204,872213 0,000000
12345,112747 9204,872213 0,000000
12395,112747 9204,872213 0,000000
12445,112747 9204,872213 0,000000
12495,112747 9204,872213 0,000000
12545,112747 9204,872213 0,000000
12595,112747 9204,872213 0,000000
12645,112747 9204,872213 0,000000
12695,112747 9204,872213 0,000000
12745,112747 9204,872213 0,000000
12795,112747 9204,872213 0,000000
12845,112747 9204,872213 0,000000
12895,112747 9204,872213 0,000000
12945,112747 9204,872213 0,000000
12995,112747 9204,872213 0,000000
13045,112747 9204,872213 0,000000
13095,112747 9204,872213 0,000000
13145,112747 9204,872213 0,000000
13195,112747 9204,872213 0,000000
13245,112747 9204,872213 0,000000
13295,112747 9204,872213 0,000000
13345,112747 9204,872213 0,000000
13395,112747 9204,872213 0,000000
13445,112747 9204,872213 0,000000
13495,112747 9204,872213 0,000000
13545,112747 9204,872213 0,000000
13595,112747 9204,872213 0,000000
13645,112747 9204,872213 0,000000
13695,112747 9204,872213 0,000000
13745,112747 9204,872213 0,000000
13795,112747 9204,872213 0,000000
13845,112747 9204,872213 0,000000
13895,112747 9204,872213 0,000000
13945,112747 9204,872213 0,000000
13995,112747 9204,872213 0,000000
6545,112747 9254,872213 0,000025
6595,112747 9254,872213 -0,000176
6645,112747 9254,872213 -0,000629
6695,112747 9254,872213 -0,000868
6745,112747 9254,872213 -0,000525
6795,112747 9254,872213 0,000106
6845,112747 9254,872213 0,000357
6895,112747 9254,872213 0,000170
6945,112747 9254,872213 -0,000033
6995,112747 9254,872213 -0,000060
7045,112747 9254,872213 -0,000015
7095,112747 9254,872213 0,000007
7145,112747 9254,872213 0,000005
7195,112747 9254,872213 0,000000
7245,112747 9254,872213 -0,000001
7295,112747 9254,872213 0,000000
7345,112747 9254,872213 0,000000
7395,112747 9254,872213 0,000000
7445,112747 9254,872213 0,000000
7495,112747 9254,872213 0,000000
7545,112747 9254,872213 0,000000
7595,112747 9254,872213 0,000000
7645,112747 9254,872213 0,000000
7695,112747 9254,872213 0,000000
7745,112747 9254,872213 0,000000
7795,112747 9254,872213 0,000000
7845,112747 9254,872213 0,000000
7895,112747 9254,872213 0,000001
7945,112747 9254,872213 -0,000004
7995,112747 9254,872213 -0,000011
8045,112747 9254,872213 0,000042
8095,112747 9254,872213 0,000204
8145,112747 9254,872213 -0,000273
8195,112747 9254,872213 -0,002984
8245,112747 9254,872213 -0,001709
8295,112747 9254,872213 0,027987
8345,112747 9254,872213 0,063407
8395,112747 9254,872213 -0,102692
8445,112747 9254,872213 -0,536649
8495,112747 9254,872213 -0,401462
8545,112747 9254,872213 0,484951
8595,112747 9254,872213 0,484951
8645,112747 9254,872213 -0,401462
8695,112747 9254,872213 -0,536649
8745,112747 9254,872213 -0,102692
8795,112747 9254,872213 0,063407
8845,112747 9254,872213 0,027987
8895,112747 9254,872213 -0,001709
8945,112747 9254,872213 -0,002984
8995,112747 9254,872213 -0,000273
9045,112747 9254,872213 0,000204
9095,112747 9254,872213 0,000042
9145,112747 9254,872213 -0,000011
9195,112747 9254,872213 -0,000004
9245,112747 9254,872213 0,000001
9295,112747 9254,872213 0,000000
9345,112747 9254,872213 0,000000
9395,112747 9254,872213 0,000000
9445,112747 9254,872213 0,000000
9495,112747 9254,872213 0,000000
9545,112747 9254,872213 0,000000
9595,112747 9254,872213 0,000000
9645,112747 9254,872213 0,000000
9695,112747 9254,872213 0,000001
9745,112747 9254,872213 0,000001
9795,112747 9254,872213 -0,000007
9845,112747 9254,872213 -0,000018
9895,112747 9254,872213 0,000054
9945,112747 9254,872213 0,000287
9995,112747 9254,872213 -0,000088
10045,112747 9254,872213 -0,002931
10095,112747 9254,872213 -0,004302
10145,112747 9254,872213 0,015442
10195,112747 9254,872213 0,055290
10245,112747 9254,872213 0,004034
10295,112747 9254,872213 -0,240327
10345,112747 9254,872213 -0,367045
10395,112747 9254,872213 -0,021622
10445,112747 9254,872213 0,271966
10495,112747 9254,872213 0,271966
10545,112747 9254,872213 -0,021622
10595,112747 9254,872213 -0,367045
10645,112747 9254,872213 -0,240327
10695,112747 9254,872213 0,004034
10745,112747 9254,872213 0,055290
10795,112747 9254,872213 0,015442
10845,112747 9254,872213 -0,004302
10895,112747 9254,872213 -0,002931
10945,112747 9254,872213 -0,000088
10995,112747 9254,872213 0,000287
11045,112747 9254,872213 0,000054
11095,112747 9254,872213 -0,000018
11145,112747 9254,872213 -0,000007
11195,112747 9254,872213 0,000001
11245,112747 9254,872213 0,000001
11295,112747 9254,872213 0,000000
11345,112747 9254,872213 0,000000
11395,112747 9254,872213 0,000000
11445,112747 9254,872213 0,000000
11495,112747 9254,872213 0,000000
11545,112747 9254,872213 0,000000
11595,112747 9254,872213 0,000000
11645,112747 9254,872213 0,000000
11695,112747 9254,872213 0,000000
11745,112747 9254,872213 0,000000
11795,112747 9254,872213 0,000000
11845,112747 9254,872213 0,000000
11895,112747 9254,872213 0,000000
11945,112747 9254,872213 0,000000
11995,112747 9254,872213 0,000000
12045,112747 9254,872213 0,000000
12095,112747 9254,872213 0,000000
12145,112747 9254,872213 0,000000
12195,112747 9254,872213 0,000000
12245,112747 9254,872213 0,000000
12295,112747 9254,872213 0,000000
12345,112747 9254,872213 0,000000
12395,112747 9254,872213 0,000000
12445,112747 9254,872213 0,000000
12495,112747 9254,872213 0,000000
12545,112747 9254,872213 0,000000
12595,112747 9254,872213 0,000000
12645,112747 9254,872213 0,000000
12695,112747 9254,872213 0,000000
12745,112747 9254,872213 0,000000
12795,112747 9254,872213 0,000000
12845,112747 9254,872213 0,000000
12895,112747 9254,872213 0,000000
12945,112747 9254,872213 0,000000
12995,112747 9254,872213 0,000000
13045,112747 9254,872213 0,000000
13095,112747 9254,872213 0,000000
13145,112747 9254,872213 0,000000
13195,112747 9254,872213 0,000000
13245,112747 9254,872213 0,000000
13295,112747 9254,872213 0,000000
13345,112747 9254,872213 0,000000
13395,112747 9254,872213 0,000000
13445,112747 9254,872213 0,000000
13495,112747 9254,872213 0,000000
13545,112747 9254,872213 0,000000
13595,112747 9254,872213 0,000000
13645,112747 9254,872213 0,000000
13695,112747 9254,872213 0,000000
13745,112747 9254,872213 0,000000
13795,112747 9254,872213 0,000000
13845,112747 9254,872213 0,000000
13895,112747 9254,872213 0,000000
13945,112747 9254,872213 0,000000
13995,112747 9254,872213 0,000000
6545,112747 9304,872213 0,001532
6595,112747 9304,872213 0,002687
6645,112747 9304,872213 0,001947
6695,112747 9304,872213 -0,000434
6745,112747 9304,872213 -0,002303
6795,112747 9304,872213 -0,001742
6845,112747 9304,872213 -0,000094
6895,112747 9304,872213 0,000564
6945,112747 9304,872213 0,000275
6995,112747 9304,872213 -0,000030
7045,112747 9304,872213 -0,000066
7095,112747 9304,872213 -0,000015
7145,112747 9304,872213 0,000007
7195,112747 9304,872213 0,000004
7245,112747 9304,872213 0,000000
7295,112747 9304,872213 0,000000
7345,112747 9304,872213 0,000000
7395,112747 9304,872213 0,000000
7445,112747 9304,872213 0,000000
7495,112747 9304,872213 0,000000
7545,112747 9304,872213 0,000000
7595,112747 9304,872213 0,000000
7645,112747 9304,872213 0,000000
7695,112747 9304,872213 0,000000
7745,112747 9304,872213 0,000000
7795,112747 9304,872213 0,000000
7845,112747 9304,872213 0,000000
7895,112747 9304,872213 0,000001
7945,112747 9304,872213 -0,000001
7995,112747 9304,872213 -0,000014
8045,112747 9304,872213 -0,000010
8095,112747 9304,872213 0,000162
8145,112747 9304,872213 0,000376
8195,112747 9304,872213 -0,001057
8245,112747 9304,872213 -0,005357
8295,112747 9304,872213 -0,000470
8345,112747 9304,872213 0,036998
8395,112747 9304,872213 0,063407
8445,112747 9304,872213 -0,059722
8495,112747 9304,872213 -0,257086
8545,112747 9304,872213 -0,246419
8595,112747 9304,872213 -0,246419
8645,112747 9304,872213 -0,257086
8695,112747 9304,872213 -0,059722
8745,112747 9304,872213 0,063407
8795,112747 9304,872213 0,036998
8845,112747 9304,872213 -0,000470
8895,112747 9304,872213 -0,005357
8945,112747 9304,872213 -0,001057
8995,112747 9304,872213 0,000376
9045,112747 9304,872213 0,000162
9095,112747 9304,872213 -0,000010
9145,112747 9304,872213 -0,000014
9195,112747 9304,872213 -0,000001
9245,112747 9304,872213 0,000001
9295,112747 9304,872213 0,000000
9345,112747 9304,872213 0,000000
9395,112747 9304,872213 0,000000
9445,112747 9304,872213 0,000000
9495,112747 9304,872213 0,000000
9545,112747 9304,872213 0,000000
9595,112747 9304,872213 0,000000
9645,112747 9304,872213 0,000000
9695,112747 9304,872213 0,000000
9745,112747 9304,872213 0,000002
9795,112747 9304,872213 -0,000001
9845,112747 9304,872213 -0,000019
9895,112747 9304,872213 -0,000025
9945,112747 9304,872213 0,000142
9995,112747 9304,872213 0,000472
10045,112747 9304,872213 -0,000362
10095,112747 9304,872213 -0,004141
10145,112747 9304,872213 -0,004662
10195,112747 9304,872213 0,015442
10245,112747 9304,872213 0,045998
10295,112747 9304,872213 0,014674
10345,112747 9304,872213 -0,094026
10395,112747 9304,872213 -0,144359
10445,112747 9304,872213 -0,118400
10495,112747 9304,872213 -0,118400
10545,112747 9304,872213 -0,144359
10595,112747 9304,872213 -0,094026
10645,112747 9304,872213 0,014674
10695,112747 9304,872213 0,045998
10745,112747 9304,872213 0,015442
10795,112747 9304,872213 -0,004662
10845,112747 9304,872213 -0,004141
10895,112747 9304,872213 -0,000362
10945,112747 9304,872213 0,000472
10995,112747 9304,872213 0,000142
11045,112747 9304,872213 -0,000025
11095,112747 9304,872213 -0,000019
11145,112747 9304,872213 -0,000001
11195,112747 9304,872213 0,000002
11245,112747 9304,872213 0,000000
11295,112747 9304,872213 0,000000
11345,112747 9304,872213 0,000000
11395,112747 9304,872213 0,000000
11445,112747 9304,872213 0,000000
11495,112747 9304,872213 0,000000
11545,112747 9304,872213 0,000000
11595,112747 9304,872213 0,000000
11645,112747 9304,872213 0,000000
11695,112747 9304,872213 0,000000
11745,112747 9304,872213 0,000000
11795,112747 9304,872213 0,000000
11845,112747 9304,872213 0,000000
11895,112747 9304,872213 0,000000
11945,112747 9304,872213 0,000000
11995,112747 9304,872213 0,000000
12045,112747 9304,872213 0,000000
12095,112747 9304,872213 0,000000
12145,112747 9304,872213 0,000000
12195,112747 9304,872213 0,000000
12245,112747 9304,872213 0,000000
12295,112747 9304,872213 0,000000
12345,112747 9304,872213 0,000000
12395,112747 9304,872213 0,000000
12445,112747 9304,872213 0,000000
12495,112747 9304,872213 0,000000
12545,112747 9304,872213 0,000000
12595,112747 9304,872213 0,000000
12645,112747 9304,872213 0,000000
12695,112747 9304,872213 0,000000
12745,112747 9304,872213 0,000000
12795,112747 9304,872213 0,000000
12845,112747 9304,872213 0,000000
12895,112747 9304,872213 0,000000
12945,112747 9304,872213 0,000000
12995,112747 9304,872213 0,000000
13045,112747 9304,872213 0,000000
13095,112747 9304,872213 0,000000
13145,112747 9304,872213 0,000000
13195,112747 9304,872213 0,000000
13245,112747 9304,872213 0,000000
13295,112747 9304,872213 0,000000
13345,112747 9304,872213 0,000000
13395,112747 9304,872213 0,000000
13445,112747 9304,872213 0,000000
13495,112747 9304,872213 0,000000
13545,112747 9304,872213 0,000000
13595,112747 9304,872213 0,000000
13645,112747 9304,872213 0,000000
13695,112747 9304,872213 0,000000
13745,112747 9304,872213 0,000000
13795,112747 9304,872213 0,000000
13845,112747 9304,872213 0,000000
13895,112747 9304,872213 0,000000
13945,112747 9304,872213 0,000000
13995,112747 9304,872213 0,000000
6545,112747 9354,872213 0,000180
6595,112747 9354,872213 0,005604
6645,112747 9354,872213 0,011919
6695,112747 9354,872213 0,011643
6745,112747 9354,872213 0,003044
6795,112747 9354,872213 -0,003984
6845,112747 9354,872213 -0,003477
6895,112747 9354,872213 -0,000402
6945,112747 9354,872213 0,000695
6995,112747 9354,872213 0,000318
7045,112747 9354,872213 -0,000029
7095,112747 9354,872213 -0,000058
7145,112747 9354,872213 -0,000010
7195,112747 9354,872213 0,000005
7245,112747 9354,872213 0,000002
7295,112747 9354,872213 0,000000
7345,112747 9354,872213 0,000000
7395,112747 9354,872213 0,000000
7445,112747 9354,872213 0,000000
7495,112747 9354,872213 0,000000
7545,112747 9354,872213 0,000000
7595,112747 9354,872213 0,000000
7645,112747 9354,872213 0,000000
7695,112747 9354,872213 0,000000
7745,112747 9354,872213 0,000000
7795,112747 9354,872213 0,000000
7845,112747 9354,872213 0,000000
7895,112747 9354,872213 0,000001
7945,112747 9354,872213 0,000002
7995,112747 9354,872213 -0,000006
8045,112747 9354,872213 -0,000033
8095,112747 9354,872213 0,000010
8145,112747 9354,872213 0,000341
8195,112747 9354,872213 0,000501
8245,112747 9354,872213 -0,001798
8295,112747 9354,872213 -0,006439
8345,112747 9354,872213 -0,000470
8395,112747 9354,872213 0,027987
8445,112747 9354,872213 0,042744
8495,112747 9354,872213 0,002518
8545,112747 9354,872213 -0,031672
8595,112747 9354,872213 -0,031672
8645,112747 9354,872213 0,002518
8695,112747 9354,872213 0,042744
8745,112747 9354,872213 0,027987
8795,112747 9354,872213 -0,000470
8845,112747 9354,872213 -0,006439
8895,112747 9354,872213 -0,001798
8945,112747 9354,872213 0,000501
8995,112747 9354,872213 0,000341
9045,112747 9354,872213 0,000010
9095,112747 9354,872213 -0,000033
9145,112747 9354,872213 -0,000006
9195,112747 9354,872213 0,000002
9245,112747 9354,872213 0,000001
9295,112747 9354,872213 0,000000
9345,112747 9354,872213 0,000000
9395,112747 9354,872213 0,000000
9445,112747 9354,872213 0,000000
9495,112747 9354,872213 0,000000
9545,112747 9354,872213 0,000000
9595,112747 9354,872213 0,000000
9645,112747 9354,872213 0,000000
9695,112747 9354,872213 0,000000
9745,112747 9354,872213 0,000001
9795,112747 9354,872213 0,000003
9845,112747 9354,872213 -0,000004
9895,112747 9354,872213 -0,000036
9945,112747 9354,872213 -0,000026
9995,112747 9354,872213 0,000237
10045,112747 9354,872213 0,000596
10095,112747 9354,872213 -0,000501
10145,112747 9354,872213 -0,004141
10195,112747 9354,872213 -0,004302
10245,112747 9354,872213 0,009078
10295,112747 9354,872213 0,025624
10345,112747 9354,872213 0,017251
10395,112747 9354,872213 -0,006713
10445,112747 9354,872213 -0,016299
10495,112747 9354,872213 -0,016299
10545,112747 9354,872213 -0,006713
10595,112747 9354,872213 0,017251
10645,112747 9354,872213 0,025624
10695,112747 9354,872213 0,009078
10745,112747 9354,872213 -0,004302
10795,112747 9354,872213 -0,004141
10845,112747 9354,872213 -0,000501
10895,112747 9354,872213 0,000596
10945,112747 9354,872213 0,000237
10995,112747 9354,872213 -0,000026
11045,112747 9354,872213 -0,000036
11095,112747 9354,872213 -0,000004
11145,112747 9354,872213 0,000003
11195,112747 9354,872213 0,000001
11245,112747 9354,872213 0,000000
11295,112747 9354,872213 0,000000
11345,112747 9354,872213 0,000000
11395,112747 9354,872213 0,000000
11445,112747 9354,872213 0,000000
11495,112747 9354,872213 0,000000
11545,112747 9354,872213 0,000000
11595,112747 9354,872213 0,000000
11645,112747 9354,872213 0,000000
11695,112747 9354,872213 0,000000
11745,112747 9354,872213 0,000000
11795,112747 9354,872213 0,000000
11845,112747 9354,872213 0,000000
11895,112747 9354,872213 0,000000
11945,112747 9354,872213 0,000000
11995,112747 9354,872213 0,000000
12045,112747 9354,872213 0,000000
12095,112747 9354,872213 0,000000
12145,112747 9354,872213 0,000000
12195,112747 9354,872213 0,000000
12245,112747 9354,872213 0,000000
12295,112747 9354,872213 0,000000
12345,112747 9354,872213 0,000000
12395,112747 9354,872213 0,000000
12445,112747 9354,872213 0,000000
12495,112747 9354,872213 0,000000
12545,112747 9354,872213 0,000000
12595,112747 9354,872213 0,000000
12645,112747 9354,872213 0,000000
12695,112747 9354,872213 0,000000
12745,112747 9354,872213 0,000000
12795,112747 9354,872213 0,000000
12845,112747 9354,872213 0,000000
12895,112747 9354,872213 0,000000
12945,112747 9354,872213 0,000000
12995,112747 9354,872213 0,000000
13045,112747 9354,872213 0,000000
13095,112747 9354,872213 0,000000
13145,112747 9354,872213 0,000000
13195,112747 9354,872213 0,000000
13245,112747 9354,872213 0,000000
13295,112747 9354,872213 0,000000
13345,112747 9354,872213 0,000000
13395,112747 9354,872213 0,000000
13445,112747 9354,872213 0,000000
13495,112747 9354,872213 0,000000
13545,112747 9354,872213 0,000000
13595,112747 9354,872213 0,000000
13645,112747 9354,872213 0,000000
13695,112747 9354,872213 0,000000
13745,112747 9354,872213 0,000000
13795,112747 9354,872213 0,000000
13845,112747 9354,872213 0,000000
13895,112747 9354,872213 0,000000
13945,112747 9354,872213 0,000000
13995,112747 9354,872213 0,000000
6545,112747 9404,872213 -0,031803
6595,112747 9404,872213 -0,040501
6645,112747 9404,872213 -0,016249
6695,112747 9404,872213 0,021847
6745,112747 9404,872213 0,031656
6795,112747 9404,872213 0,010653
6845,112747 9404,872213 -0,005131
6895,112747 9404,872213 -0,004776
6945,112747 9404,872213 -0,000554
6995,112747 9404,872213 0,000683
7045,112747 9404,872213 0,000267
7095,112747 9404,872213 -0,000030
7145,112747 9404,872213 -0,000040
7195,112747 9404,872213 -0,000005
7245,112747 9404,872213 0,000003
7295,112747 9404,872213 0,000001
7345,112747 9404,872213 0,000000
7395,112747 9404,872213 0,000000
7445,112747 9404,872213 0,000000
7495,112747 9404,872213 0,000000
7545,112747 9404,872213 0,000000
7595,112747 9404,872213 0,000000
7645,112747 9404,872213 0,000000
7695,112747 9404,872213 0,000000
7745,112747 9404,872213 0,000000
7795,112747 9404,872213 0,000000
7845,112747 9404,872213 0,000000
7895,112747 9404,872213 0,000000
7945,112747 9404,872213 0,000002
7995,112747 9404,872213 0,000003
8045,112747 9404,872213 -0,000017
8095,112747 9404,872213 -0,000055
8145,112747 9404,872213 0,000042
8195,112747 9404,872213 0,000482
8245,112747 9404,872213 0,000543
8295,112747 9404,872213 -0,001798
8345,112747 9404,872213 -0,005357
8395,112747 9404,872213 -0,001709
8445,112747 9404,872213 0,010950
8495,112747 9404,872213 0,016811
8545,112747 9404,872213 0,013788
8595,112747 9404,872213 0,013788
8645,112747 9404,872213 0,016811
8695,112747 9404,872213 0,010950
8745,112747 9404,872213 -0,001709
8795,112747 9404,872213 -0,005357
8845,112747 9404,872213 -0,001798
8895,112747 9404,872213 0,000543
8945,112747 9404,872213 0,000482
8995,112747 9404,872213 0,000042
9045,112747 9404,872213 -0,000055
9095,112747 9404,872213 -0,000017
9145,112747 9404,872213 0,000003
9195,112747 9404,872213 0,000002
9245,112747 9404,872213 0,000000
9295,112747 9404,872213 0,000000
9345,112747 9404,872213 0,000000
9395,112747 9404,872213 0,000000
9445,112747 9404,872213 0,000000
9495,112747 9404,872213 0,000000
9545,112747 9404,872213 0,000000
9595,112747 9404,872213 0,000000
9645,112747 9404,872213 0,000000
9695,112747 9404,872213 0,000000
9745,112747 9404,872213 0,000000
9795,112747 9404,872213 0,000002
9845,112747 9404,872213 0,000005
9895,112747 9404,872213 -0,000009
9945,112747 9404,872213 -0,000051
9995,112747 9404,872213 -0,000024
10045,112747 9404,872213 0,000279
10095,112747 9404,872213 0,000596
10145,112747 9404,872213 -0,000362
10195,112747 9404,872213 -0,002931
10245,112747 9404,872213 -0,003226
10295,112747 9404,872213 0,002345
10345,112747 9404,872213 0,008262
10395,112747 9404,872213 0,008519
10445,112747 9404,872213 0,007365
10495,112747 9404,872213 0,007365
10545,112747 9404,872213 0,008519
10595,112747 9404,872213 0,008262
10645,112747 9404,872213 0,002345
10695,112747 9404,872213 -0,003226
10745,112747 9404,872213 -0,002931
10795,112747 9404,872213 -0,000362
10845,112747 9404,872213 0,000596
10895,112747 9404,872213 0,000279
10945,112747 9404,872213 -0,000024
10995,112747 9404,872213 -0,000051
11045,112747 9404,872213 -0,000009
11095,112747 9404,872213 0,000005
11145,112747 9404,872213 0,000002
11195,112747 9404,872213 0,000000
11245,112747 9404,872213 0,000000
11295,112747 9404,872213 0,000000
11345,112747 9404,872213 0,000000
11395,112747 9404,872213 0,000000
11445,112747 9404,872213 0,000000
11495,112747 9404,872213 0,000000
11545,112747 9404,872213 0,000000
11595,112747 9404,872213 0,000000
11645,112747 9404,872213 0,000000
11695,112747 9404,872213 0,000000
11745,112747 9404,872213 0,000000
11795,112747 9404,872213 0,000000
11845,112747 9404,872213 0,000000
11895,112747 9404,872213 0,000000
11945,112747 9404,872213 0,000000
11995,112747 9404,872213 0,000000
12045,112747 9404,872213 0,000000
12095,112747 9404,872213 0,000000
12145,112747 9404,872213 0,000000
12195,112747 9404,872213 0,000000
12245,112747 9404,872213 0,000000
12295,112747 9404,872213 0,000000
12345,112747 9404,872213 0,000000
12395,112747 9404,872213 0,000000
12445,112747 9404,872213 0,000000
12495,112747 9404,872213 0,000000
12545,112747 9404,872213 0,000000
12595,112747 9404,872213 0,000000
12645,112747 9404,872213 0,000000
12695,112747 9404,872213 0,000000
12745,112747 9404,872213 0,000000
12795,112747 9404,872213 0,000000
12845,112747 9404,872213 0,000000
12895,112747 9404,872213 0,000000
12945,112747 9404,872213 0,000000
12995,112747 9404,872213 0,000000
13045,112747 9404,872213 0,000000
13095,112747 9404,872213 0,000000
13145,112747 9404,872213 0,000000
13195,112747 9404,872213 0,000000
13245,112747 9404,872213 0,000000
13295,112747 9404,872213 0,000000
13345,112747 9404,872213 0,000000
13395,112747 9404,872213 0,000000
13445,112747 9404,872213 0,000000
13495,112747 9404,872213 0,000000
13545,112747 9404,872213 0,000000
13595,112747 9404,872213 0,000000
13645,112747 9404,872213 0,000000
13695,112747 9404,872213 0,000000
13745,112747 9404,872213 0,000000
13795,112747 9404,872213 0,000000
13845,112747 9404,872213 0,000000
13895,112747 9404,872213 0,000000
13945,112747 9404,872213 0,000000
13995,112747 9404,872213 0,000000
6545,112747 9454,872213 -0,038581
6595,112747 9454,872213 -0,137269
6645,112747 9454,872213 -0,196392
6695,112747 9454,872213 -0,118203
6745,112747 9454,872213 0,018599
6795,112747 9454,872213 0,053987
6845,112747 9454,872213 0,017593
6895,112747 9454,872213 -0,005423
6945,112747 9454,872213 -0,004699
6995,112747 9454,872213 -0,000397
7045,112747 9454,872213 0,000534
7095,112747 9454,872213 0,000159
7145,112747 9454,872213 -0,000028
7195,112747 9454,872213 -0,000021
7245,112747 9454,872213 -0,000001
7295,112747 9454,872213 0,000002
7345,112747 9454,872213 0,000000
7395,112747 9454,872213 0,000000
7445,112747 9454,872213 0,000000
7495,112747 9454,872213 0,000000
7545,112747 9454,872213 0,000000
7595,112747 9454,872213 0,000000
7645,112747 9454,872213 0,000000
7695,112747 9454,872213 0,000000
7745,112747 9454,872213 0,000000
7795,112747 9454,872213 0,000000
7845,112747 9454,872213 0,000000
7895,112747 9454,872213 0,000000
7945,112747 9454,872213 0,000000
7995,112747 9454,872213 0,000004
8045,112747 9454,872213 0,000003
8095,112747 9454,872213 -0,000028
8145,112747 9454,872213 -0,000069
8195,112747 9454,872213 0,000058
8245,112747 9454,872213 0,000482
8295,112747 9454,872213 0,000501
8345,112747 9454,872213 -0,001057
8395,112747 9454,872213 -0,002984
8445,112747 9454,872213 -0,002009
8495,112747 9454,872213 0,000782
8545,112747 9454,872213 0,001898
8595,112747 9454,872213 0,001898
8645,112747 9454,872213 0,000782
8695,112747 9454,872213 -0,002009
8745,112747 9454,872213 -0,002984
8795,112747 9454,872213 -0,001057
8845,112747 9454,872213 0,000501
8895,112747 9454,872213 0,000482
8945,112747 9454,872213 0,000058
8995,112747 9454,872213 -0,000069
9045,112747 9454,872213 -0,000028
9095,112747 9454,872213 0,000003
9145,112747 9454,872213 0,000004
9195,112747 9454,872213 0,000000
9245,112747 9454,872213 0,000000
9295,112747 9454,872213 0,000000
9345,112747 9454,872213 0,000000
9395,112747 9454,872213 0,000000
9445,112747 9454,872213 0,000000
9495,112747 9454,872213 0,000000
9545,112747 9454,872213 0,000000
9595,112747 9454,872213 0,000000
9645,112747 9454,872213 0,000000
9695,112747 9454,872213 0,000000
9745,112747 9454,872213 0,000000
9795,112747 9454,872213 0,000000
9845,112747 9454,872213 0,000003
9895,112747 9454,872213 0,000006
9945,112747 9454,872213 -0,000013
9995,112747 9454,872213 -0,000057
10045,112747 9454,872213 -0,000024
10095,112747 9454,872213 0,000237
10145,112747 9454,872213 0,000472
10195,112747 9454,872213 -0,000088
10245,112747 9454,872213 -0,001388
10295,112747 9454,872213 -0,001754
10345,112747 9454,872213 -0,000532
10395,112747 9454,872213 0,000615
10445,112747 9454,872213 0,001033
10495,112747 9454,872213 0,001033
10545,112747 9454,872213 0,000615
10595,112747 9454,872213 -0,000532
10645,112747 9454,872213 -0,001754
10695,112747 9454,872213 -0,001388
10745,112747 9454,872213 -0,000088
10795,112747 9454,872213 0,000472
10845,112747 9454,872213 0,000237
10895,112747 9454,872213 -0,000024
10945,112747 9454,872213 -0,000057
10995,112747 9454,872213 -0,000013
11045,112747 9454,872213 0,000006
11095,112747 9454,872213 0,000003
11145,112747 9454,872213 0,000000
11195,112747 9454,872213 0,000000
11245,112747 9454,872213 0,000000
11295,112747 9454,872213 0,000000
11345,112747 9454,872213 0,000000
11395,112747 9454,872213 0,000000
11445,112747 9454,872213 0,000000
11495,112747 9454,872213 0,000000
11545,112747 9454,872213 0,000000
11595,112747 9454,872213 0,000000
11645,112747 9454,872213 0,000000
11695,112747 9454,872213 0,000000
11745,112747 9454,872213 0,000000
11795,112747 9454,872213 0,000000
11845,112747 9454,872213 0,000000
11895,112747 9454,872213 0,000000
11945,112747 9454,872213 0,000000
11995,112747 9454,872213 0,000000
12045,112747 9454,872213 0,000000
12095,112747 9454,872213 0,000000
12145,112747 9454,872213 0,000000
12195,112747 9454,872213 0,000000
12245,112747 9454,872213 0,000000
12295,112747 9454,872213 0,000000
12345,112747 9454,872213 0,000000
12395,112747 9454,872213 0,000000
12445,112747 9454,872213 0,000000
12495,112747 9454,872213 0,000000
12545,112747 9454,872213 0,000000
12595,112747 9454,872213 0,000000
12645,112747 9454,872213 0,000000
12695,112747 9454,872213 0,000000
12745,112747 9454,872213 0,000000
12795,112747 9454,872213 0,000000
12845,112747 9454,872213 0,000000
12895,112747 9454,872213 0,000000
12945,112747 9454,872213 0,000000
12995,112747 9454,872213 0,000000
13045,112747 9454,872213 0,000000
13095,112747 9454,872213 0,000000
13145,112747 9454,872213 0,000000
13195,112747 9454,872213 0,000000
13245,112747 9454,872213 0,000000
13295,112747 9454,872213 0,000000
13345,112747 9454,872213 0,000000
13395,112747 9454,872213 0,000000
13445,112747 9454,872213 0,000000
13495,112747 9454,872213 0,000000
13545,112747 9454,872213 0,000000
13595,112747 9454,872213 0,000000
13645,112747 9454,872213 0,000000
13695,112747 9454,872213 0,000000
13745,112747 9454,872213 0,000000
13795,112747 9454,872213 0,000000
13845,112747 9454,872213 0,000000
13895,112747 9454,872213 0,000000
13945,112747 9454,872213 0,000000
13995,112747 9454,872213 0,000000
6545,112747 9504,872213 0,598501
6595,112747 9504,872213 0,512369
6645,112747 9504,872213 -0,012878
6695,112747 9504,872213 -0,445610
6745,112747 9504,872213 -0,279742
6795,112747 9504,872213 0,006194
6845,112747 9504,872213 0,063239
6895,112747 9504,872213 0,017347
6945,112747 9504,872213 -0,004906
6995,112747 9504,872213 -0,003292
7045,112747 9504,872213 -0,000093
7095,112747 9504,872213 0,000322
7145,112747 9504,872213 0,000060
7195,112747 9504,872213 -0,000020
7245,112747 9504,872213 -0,000008
7295,112747 9504,872213 0,000001
7345,112747 9504,872213 0,000001
7395,112747 9504,872213 0,000000
7445,112747 9504,872213 0,000000
7495,112747 9504,872213 0,000000
7545,112747 9504,872213 0,000000
7595,112747 9504,872213 0,000000
7645,112747 9504,872213 0,000000
7695,112747 9504,872213 0,000000
7745,112747 9504,872213 0,000000
7795,112747 9504,872213 0,000000
7845,112747 9504,872213 0,000000
7895,112747 9504,872213 0,000000
7945,112747 9504,872213 -0,000001
7995,112747 9504,872213 0,000001
8045,112747 9504,872213 0,000006
8095,112747 9504,872213 0,000003
8145,112747 9504,872213 -0,000032
8195,112747 9504,872213 -0,000069
8245,112747 9504,872213 0,000042
8295,112747 9504,872213 0,000341
8345,112747 9504,872213 0,000376
8395,112747 9504,872213 -0,000273
8445,112747 9504,872213 -0,000962
8495,112747 9504,872213 -0,000992
8545,112747 9504,872213 -0,000858
8595,112747 9504,872213 -0,000858
8645,112747 9504,872213 -0,000992
8695,112747 9504,872213 -0,000962
8745,112747 9504,872213 -0,000273
8795,112747 9504,872213 0,000376
8845,112747 9504,872213 0,000341
8895,112747 9504,872213 0,000042
8945,112747 9504,872213 -0,000069
8995,112747 9504,872213 -0,000032
9045,112747 9504,872213 0,000003
9095,112747 9504,872213 0,000006
9145,112747 9504,872213 0,000001
9195,112747 9504,872213 -0,000001
9245,112747 9504,872213 0,000000
9295,112747 9504,872213 0,000000
9345,112747 9504,872213 0,000000
9395,112747 9504,872213 0,000000
9445,112747 9504,872213 0,000000
9495,112747 9504,872213 0,000000
9545,112747 9504,872213 0,000000
9595,112747 9504,872213 0,000000
9645,112747 9504,872213 0,000000
9695,112747 9504,872213 0,000000
9745,112747 9504,872213 0,000000
9795,112747 9504,872213 -0,000001
9845,112747 9504,872213 0,000000
9895,112747 9504,872213 0,000004
9945,112747 9504,872213 0,000006
9995,112747 9504,872213 -0,000013
10045,112747 9504,872213 -0,000051
10095,112747 9504,872213 -0,000026
10145,112747 9504,872213 0,000142
10195,112747 9504,872213 0,000287
10245,112747 9504,872213 0,000085
10295,112747 9504,872213 -0,000357
10345,112747 9504,872213 -0,000567
10395,112747 9504,872213 -0,000525
10445,112747 9504,872213 -0,000476
10495,112747 9504,872213 -0,000476
10545,112747 9504,872213 -0,000525
10595,112747 9504,872213 -0,000567
10645,112747 9504,872213 -0,000357
10695,112747 9504,872213 0,000085
10745,112747 9504,872213 0,000287
10795,112747 9504,872213 0,000142
10845,112747 9504,872213 -0,000026
10895,112747 9504,872213 -0,000051
10945,112747 9504,872213 -0,000013
10995,112747 9504,872213 0,000006
11045,112747 9504,872213 0,000004
11095,112747 9504,872213 0,000000
11145,112747 9504,872213 -0,000001
11195,112747 9504,872213 0,000000
11245,112747 9504,872213 0,000000
11295,112747 9504,872213 0,000000
11345,112747 9504,872213 0,000000
11395,112747 9504,872213 0,000000
11445,112747 9504,872213 0,000000
11495,112747 9504,872213 0,000000
11545,112747 9504,872213 0,000000
11595,112747 9504,872213 0,000000
11645,112747 9504,872213 0,000000
11695,112747 9504,872213 0,000000
11745,112747 9504,872213 0,000000
11795,112747 9504,872213 0,000000
11845,112747 9504,872213 0,000000
11895,112747 9504,872213 0,000000
11945,112747 9504,872213 0,000000
11995,112747 9504,872213 0,000000
12045,112747 9504,872213 0,000000
12095,112747 9504,872213 0,000000
12145,112747 9504,872213 0,000000
12195,112747 9504,872213 0,000000
12245,112747 9504,872213 0,000000
12295,112747 9504,872213 0,000000
12345,112747 9504,872213 0,000000
12395,112747 9504,872213 0,000000
12445,112747 9504,872213 0,000000
12495,112747 9504,872213 0,000000
12545,112747 9504,872213 0,000000
12595,112747 9504,872213 0,000000
12645,112747 9504,872213 0,000000
12695,112747 9504,872213 0,000000
12745,112747 9504,872213 0,000000
12795,112747 9504,872213 0,000000
12845,112747 9504,872213 0,000000
12895,112747 9504,872213 0,000000
12945,112747 9504,872213 0,000000
12995,112747 9504,872213 0,000000
13045,112747 9504,872213 0,000000
13095,112747 9504,872213 0,000000
13145,112747 9504,872213 0,000000
13195,112747 9504,872213 0,000000
13245,112747 9504,872213 0,000000
13295,112747 9504,872213 0,000000
13345,112747 9504,872213 0,000000
13395,112747 9504,872213 0,000000
13445,112747 9504,872213 0,000000
13495,112747 9504,872213 0,000000
13545,112747 9504,872213 0,000000
13595,112747 9504,872213 0,000000
13645,112747 9504,872213 0,000000
13695,112747 9504,872213 0,000000
13745,112747 9504,872213 0,000000
13795,112747 9504,872213 0,000000
13845,112747 9504,872213 0,000000
13895,112747 9504,872213 0,000000
13945,112747 9504,872213 0,000000
13995,112747 9504,872213 0,000000
6545,112747 9554,872213 1,741803
6595,112747 9554,872213 2,730416
6645,112747 9554,872213 2,701297
6695,112747 9554,872213 0,583896
6745,112747 9554,872213 -0,631596
6795,112747 9554,872213 -0,360020
6845,112747 9554,872213 0,005569
6895,112747 9554,872213 0,051843
6945,112747 9554,872213 0,010113
6995,112747 9554,872213 -0,003629
7045,112747 9554,872213 -0,001548
7095,112747 9554,872213 0,000096
7145,112747 9554,872213 0,000138
7195,112747 9554,872213 0,000008
7245,112747 9554,872213 -0,000009
7295,112747 9554,872213 -0,000001
7345,112747 9554,872213 0,000001
7395,112747 9554,872213 0,000000
7445,112747 9554,872213 0,000000
7495,112747 9554,872213 0,000000
7545,112747 9554,872213 0,000000
7595,112747 9554,872213 0,000000
7645,112747 9554,872213 0,000000
7695,112747 9554,872213 0,000000
7745,112747 9554,872213 0,000000
7795,112747 9554,872213 0,000000
7845,112747 9554,872213 0,000000
7895,112747 9554,872213 0,000000
7945,112747 9554,872213 0,000000
7995,112747 9554,872213 -0,000001
8045,112747 9554,872213 0,000002
8095,112747 9554,872213 0,000007
8145,112747 9554,872213 0,000003
8195,112747 9554,872213 -0,000028
8245,112747 9554,872213 -0,000055
8295,112747 9554,872213 0,000010
8345,112747 9554,872213 0,000162
8395,112747 9554,872213 0,000204
8445,112747 9554,872213 0,000062
8495,112747 9554,872213 -0,000072
8545,112747 9554,872213 -0,000120
8595,112747 9554,872213 -0,000120
8645,112747 9554,872213 -0,000072
8695,112747 9554,872213 0,000062
8745,112747 9554,872213 0,000204
8795,112747 9554,872213 0,000162
8845,112747 9554,872213 0,000010
8895,112747 9554,872213 -0,000055
8945,112747 9554,872213 -0,000028
8995,112747 9554,872213 0,000003
9045,112747 9554,872213 0,000007
9095,112747 9554,872213 0,000002
9145,112747 9554,872213 -0,000001
9195,112747 9554,872213 0,000000
9245,112747 9554,872213 0,000000
9295,112747 9554,872213 0,000000
9345,112747 9554,872213 0,000000
9395,112747 9554,872213 0,000000
9445,112747 9554,872213 0,000000
9495,112747 9554,872213 0,000000
9545,112747 9554,872213 0,000000
9595,112747 9554,872213 0,000000
9645,112747 9554,872213 0,000000
9695,112747 9554,872213 0,000000
9745,112747 9554,872213 0,000000
9795,112747 9554,872213 0,000000
9845,112747 9554,872213 -0,000001
9895,112747 9554,872213 0,000000
9945,112747 9554,872213 0,000004
9995,112747 9554,872213 0,000006
10045,112747 9554,872213 -0,000009
10095,112747 9554,872213 -0,000036
10145,112747 9554,872213 -0,000025
10195,112747 9554,872213 0,000054
10245,112747 9554,872213 0,000124
10295,112747 9554,872213 0,000093
10345,112747 9554,872213 0,000009
10395,112747 9554,872213 -0,000045
10445,112747 9554,872213 -0,000068
10495,112747 9554,872213 -0,000068
10545,112747 9554,872213 -0,000045
10595,112747 9554,872213 0,000009
10645,112747 9554,872213 0,000093
10695,112747 9554,872213 0,000124
10745,112747 9554,872213 0,000054
10795,112747 9554,872213 -0,000025
10845,112747 9554,872213 -0,000036
10895,112747 9554,872213 -0,000009
10945,112747 9554,872213 0,000006
10995,112747 9554,872213 0,000004
11045,112747 9554,872213 0,000000
11095,112747 9554,872213 -0,000001
11145,112747 9554,872213 0,000000
11195,112747 9554,872213 0,000000
11245,112747 9554,872213 0,000000
11295,112747 9554,872213 0,000000
11345,112747 9554,872213 0,000000
11395,112747 9554,872213 0,000000
11445,112747 9554,872213 0,000000
11495,112747 9554,872213 0,000000
11545,112747 9554,872213 0,000000
11595,112747 9554,872213 0,000000
11645,112747 9554,872213 0,000000
11695,112747 9554,872213 0,000000
11745,112747 9554,872213 0,000000
11795,112747 9554,872213 0,000000
11845,112747 9554,872213 0,000000
11895,112747 9554,872213 0,000000
11945,112747 9554,872213 0,000000
11995,112747 9554,872213 0,000000
12045,112747 9554,872213 0,000000
12095,112747 9554,872213 0,000000
12145,112747 9554,872213 0,000000
12195,112747 9554,872213 0,000000
12245,112747 9554,872213 0,000000
12295,112747 9554,872213 0,000000
12345,112747 9554,872213 0,000000
12395,112747 9554,872213 0,000000
12445,112747 9554,872213 0,000000
12495,112747 9554,872213 0,000000
12545,112747 9554,872213 0,000000
12595,112747 9554,872213 0,000000
12645,112747 9554,872213 0,000000
12695,112747 9554,872213 0,000000
12745,112747 9554,872213 0,000000
12795,112747 9554,872213 0,000000
12845,112747 9554,872213 0,000000
12895,112747 9554,872213 0,000000
12945,112747 9554,872213 0,000000
12995,112747 9554,872213 0,000000
13045,112747 9554,872213 0,000000
13095,112747 9554,872213 0,000000
13145,112747 9554,872213 0,000000
13195,112747 9554,872213 0,000000
13245,112747 9554,872213 0,000000
13295,112747 9554,872213 0,000000
13345,112747 9554,872213 0,000000
13395,112747 9554,872213 0,000000
13445,112747 9554,872213 0,000000
13495,112747 9554,872213 0,000000
13545,112747 9554,872213 0,000000
13595,112747 9554,872213 0,000000
13645,112747 9554,872213 0,000000
13695,112747 9554,872213 0,000000
13745,112747 9554,872213 0,000000
13795,112747 9554,872213 0,000000
13845,112747 9554,872213 0,000000
13895,112747 9554,872213 0,000000
13945,112747 9554,872213 0,000000
13995,112747 9554,872213 0,000000
6545,112747 9604,872213 -8,249268
6595,112747 9604,872213 -5,462446
6645,112747 9604,872213 4,124029
6695,112747 9604,872213 5,280268
6745,112747 9604,872213 0,983846
6795,112747 9604,872213 -0,616734
6845,112747 9604,872213 -0,268969
6895,112747 9604,872213 0,016786
6945,112747 9604,872213 0,028621
6995,112747 9604,872213 0,002592
7045,112747 9604,872213 -0,001956
7095,112747 9604,872213 -0,000396
7145,112747 9604,872213 0,000103
7195,112747 9604,872213 0,000034
7245,112747 9604,872213 -0,000005
7295,112747 9604,872213 -0,000003
7345,112747 9604,872213 0,000000
7395,112747 9604,872213 0,000000
7445,112747 9604,872213 0,000000
7495,112747 9604,872213 0,000000
7545,112747 9604,872213 0,000000
7595,112747 9604,872213 0,000000
7645,112747 9604,872213 0,000000
7695,112747 9604,872213 0,000000
7745,112747 9604,872213 0,000000
7795,112747 9604,872213 0,000000
7845,112747 9604,872213 0,000000
7895,112747 9604,872213 0,000000
7945,112747 9604,872213 0,000000
7995,112747 9604,872213 0,000000
8045,112747 9604,872213 -0,000001
8095,112747 9604,872213 0,000002
8145,112747 9604,872213 0,000006
8195,112747 9604,872213 0,000003
8245,112747 9604,872213 -0,000017
8295,112747 9604,872213 -0,000033
8345,112747 9604,872213 -0,000010
8395,112747 9604,872213 0,000042
8445,112747 9604,872213 0,000066
8495,112747 9604,872213 0,000061
8545,112747 9604,872213 0,000055
8595,112747 9604,872213 0,000055
8645,112747 9604,872213 0,000061
8695,112747 9604,872213 0,000066
8745,112747 9604,872213 0,000042
8795,112747 9604,872213 -0,000010
8845,112747 9604,872213 -0,000033
8895,112747 9604,872213 -0,000017
8945,112747 9604,872213 0,000003
8995,112747 9604,872213 0,000006
9045,112747 9604,872213 0,000002
9095,112747 9604,872213 -0,000001
9145,112747 9604,872213 0,000000
9195,112747 9604,872213 0,000000
9245,112747 9604,872213 0,000000
9295,112747 9604,872213 0,000000
9345,112747 9604,872213 0,000000
9395,112747 9604,872213 0,000000
9445,112747 9604,872213 0,000000
9495,112747 9604,872213 0,000000
9545,112747 9604,872213 0,000000
9595,112747 9604,872213 0,000000
9645,112747 9604,872213 0,000000
9695,112747 9604,872213 0,000000
9745,112747 9604,872213 0,000000
9795,112747 9604,872213 0,000000
9845,112747 9604,872213 0,000000
9895,112747 9604,872213 -0,000001
9945,112747 9604,872213 0,000000
9995,112747 9604,872213 0,000003
10045,112747 9604,872213 0,000005
10095,112747 9604,872213 -0,000004
10145,112747 9604,872213 -0,000019
10195,112747 9604,872213 -0,000018
10245,112747 9604,872213 0,000007
10295,112747 9604,872213 0,000031
10345,112747 9604,872213 0,000037
10395,112747 9604,872213 0,000034
10445,112747 9604,872213 0,000031
10495,112747 9604,872213 0,000031
10545,112747 9604,872213 0,000034
10595,112747 9604,872213 0,000037
10645,112747 9604,872213 0,000031
10695,112747 9604,872213 0,000007
10745,112747 9604,872213 -0,000018
10795,112747 9604,872213 -0,000019
10845,112747 9604,872213 -0,000004
10895,112747 9604,872213 0,000005
10945,112747 9604,872213 0,000003
10995,112747 9604,872213 0,000000
11045,112747 9604,872213 -0,000001
11095,112747 9604,872213 0,000000
11145,112747 9604,872213 0,000000
11195,112747 9604,872213 0,000000
11245,112747 9604,872213 0,000000
11295,112747 9604,872213 0,000000
11345,112747 9604,872213 0,000000
11395,112747 9604,872213 0,000000
11445,112747 9604,872213 0,000000
11495,112747 9604,872213 0,000000
11545,112747 9604,872213 0,000000
11595,112747 9604,872213 0,000000
11645,112747 9604,872213 0,000000
11695,112747 9604,872213 0,000000
11745,112747 9604,872213 0,000000
11795,112747 9604,872213 0,000000
11845,112747 9604,872213 0,000000
11895,112747 9604,872213 0,000000
11945,112747 9604,872213 0,000000
11995,112747 9604,872213 0,000000
12045,112747 9604,872213 0,000000
12095,112747 9604,872213 0,000000
12145,112747 9604,872213 0,000000
12195,112747 9604,872213 0,000000
12245,112747 9604,872213 0,000000
12295,112747 9604,872213 0,000000
12345,112747 9604,872213 0,000000
12395,112747 9604,872213 0,000000
12445,112747 9604,872213 0,000000
12495,112747 9604,872213 0,000000
12545,112747 9604,872213 0,000000
12595,112747 9604,872213 0,000000
12645,112747 9604,872213 0,000000
12695,112747 9604,872213 0,000000
12745,112747 9604,872213 0,000000
12795,112747 9604,872213 0,000000
12845,112747 9604,872213 0,000000
12895,112747 9604,872213 0,000000
12945,112747 9604,872213 0,000000
12995,112747 9604,872213 0,000000
13045,112747 9604,872213 0,000000
13095,112747 9604,872213 0,000000
13145,112747 9604,872213 0,000000
13195,112747 9604,872213 0,000000
13245,112747 9604,872213 0,000000
13295,112747 9604,872213 0,000000
13345,112747 9604,872213 0,000000
13395,112747 9604,872213 0,000000
13445,112747 9604,872213 0,000000
13495,112747 9604,872213 0,000000
13545,112747 9604,872213 0,000000
13595,112747 9604,872213 0,000000
13645,112747 9604,872213 0,000000
13695,112747 9604,872213 0,000000
13745,112747 9604,872213 0,000000
13795,112747 9604,872213 0,000000
13845,112747 9604,872213 0,000000
13895,112747 9604,872213 0,000000
13945,112747 9604,872213 0,000000
13995,112747 9604,872213 0,000000
6545,112747 9654,872213 -47,280023
6595,112747 9654,872213 -50,003626
6645,112747 9654,872213 -25,007069
6695,112747 9654,872213 4,056811
6745,112747 9654,872213 5,170147
6795,112747 9654,872213 0,567649
6845,112747 9654,872213 -0,410303
6895,112747 9654,872213 -0,104490
6945,112747 9654,872213 0,019260
6995,112747 9654,872213 0,009173
7045,112747 9654,872213 -0,000596
7095,112747 9654,872213 -0,000629
7145,112747 9654,872213 0,000010
7195,112747 9654,872213 0,000041
7245,112747 9654,872213 0,000000
7295,112747 9654,872213 -0,000003
7345,112747 9654,872213 0,000000
7395,112747 9654,872213 0,000000
7445,112747 9654,872213 0,000000
7495,112747 9654,872213 0,000000
7545,112747 9654,872213 0,000000
7595,112747 9654,872213 0,000000
7645,112747 9654,872213 0,000000
7695,112747 9654,872213 0,000000
7745,112747 9654,872213 0,000000
7795,112747 9654,872213 0,000000
7845,112747 9654,872213 0,000000
7895,112747 9654,872213 0,000000
7945,112747 9654,872213 0,000000
7995,112747 9654,872213 0,000000
8045,112747 9654,872213 0,000000
8095,112747 9654,872213 -0,000001
8145,112747 9654,872213 0,000001
8195,112747 9654,872213 0,000004
8245,112747 9654,872213 0,000003
8295,112747 9654,872213 -0,000006
8345,112747 9654,872213 -0,000014
8395,112747 9654,872213 -0,000011
8445,112747 9654,872213 -0,000001
8495,112747 9654,872213 0,000005
8545,112747 9654,872213 0,000008
8595,112747 9654,872213 0,000008
8645,112747 9654,872213 0,000005
8695,112747 9654,872213 -0,000001
8745,112747 9654,872213 -0,000011
8795,112747 9654,872213 -0,000014
8845,112747 9654,872213 -0,000006
8895,112747 9654,872213 0,000003
8945,112747 9654,872213 0,000004
8995,112747 9654,872213 0,000001
9045,112747 9654,872213 -0,000001
9095,112747 9654,872213 0,000000
9145,112747 9654,872213 0,000000
9195,112747 9654,872213 0,000000
9245,112747 9654,872213 0,000000
9295,112747 9654,872213 0,000000
9345,112747 9654,872213 0,000000
9395,112747 9654,872213 0,000000
9445,112747 9654,872213 0,000000
9495,112747 9654,872213 0,000000
9545,112747 9654,872213 0,000000
9595,112747 9654,872213 0,000000
9645,112747 9654,872213 0,000000
9695,112747 9654,872213 0,000000
9745,112747 9654,872213 0,000000
9795,112747 9654,872213 0,000000
9845,112747 9654,872213 0,000000
9895,112747 9654,872213 0,000000
9945,112747 9654,872213 -0,000001
9995,112747 9654,872213 0,000000
10045,112747 9654,872213 0,000002
10095,112747 9654,872213 0,000003
10145,112747 9654,872213 -0,000001
10195,112747 9654,872213 -0,000007
10245,112747 9654,872213 -0,000008
10295,112747 9654,872213 -0,000004
10345,112747 9654,872213 0,000000
10395,112747 9654,872213 0,000003
10445,112747 9654,872213 0,000005
10495,112747 9654,872213 0,000005
10545,112747 9654,872213 0,000003
10595,112747 9654,872213 0,000000
10645,112747 9654,872213 -0,000004
10695,112747 9654,872213 -0,000008
10745,112747 9654,872213 -0,000007
10795,112747 9654,872213 -0,000001
10845,112747 9654,872213 0,000003
10895,112747 9654,872213 0,000002
10945,112747 9654,872213 0,000000
10995,112747 9654,872213 -0,000001
11045,112747 9654,872213 0,000000
11095,112747 9654,872213 0,000000
11145,112747 9654,872213 0,000000
11195,112747 9654,872213 0,000000
11245,112747 9654,872213 0,000000
11295,112747 9654,872213 0,000000
11345,112747 9654,872213 0,000000
11395,112747 9654,872213 0,000000
11445,112747 9654,872213 0,000000
11495,112747 9654,872213 0,000000
11545,112747 9654,872213 0,000000
11595,112747 9654,872213 0,000000
11645,112747 9654,872213 0,000000
11695,112747 9654,872213 0,000000
11745,112747 9654,872213 0,000000
11795,112747 9654,872213 0,000000
11845,112747 9654,872213 0,000000
11895,112747 9654,872213 0,000000
11945,112747 9654,872213 0,000000
11995,112747 9654,872213 0,000000
12045,112747 9654,872213 0,000000
12095,112747 9654,872213 0,000000
12145,112747 9654,872213 0,000000
12195,112747 9654,872213 0,000000
12245,112747 9654,872213 0,000000
12295,112747 9654,872213 0,000000
12345,112747 9654,872213 0,000000
12395,112747 9654,872213 0,000000
12445,112747 9654,872213 0,000000
12495,112747 9654,872213 0,000000
12545,112747 9654,872213 0,000000
12595,112747 9654,872213 0,000000
12645,112747 9654,872213 0,000000
12695,112747 9654,872213 0,000000
12745,112747 9654,872213 0,000000
12795,112747 9654,872213 0,000000
12845,112747 9654,872213 0,000000
12895,112747 9654,872213 0,000000
12945,112747 9654,872213 0,000000
12995,112747 9654,872213 0,000000
13045,112747 9654,872213 0,000000
13095,112747 9654,872213 0,000000
13145,112747 9654,872213 0,000000
13195,112747 9654,872213 0,000000
13245,112747 9654,872213 0,000000
13295,112747 9654,872213 0,000000
13345,112747 9654,872213 0,000000
13395,112747 9654,872213 0,000000
13445,112747 9654,872213 0,000000
13495,112747 9654,872213 0,000000
13545,112747 9654,872213 0,000000
13595,112747 9654,872213 0,000000
13645,112747 9654,872213 0,000000
13695,112747 9654,872213 0,000000
13745,112747 9654,872213 0,000000
13795,112747 9654,872213 0,000000
13845,112747 9654,872213 0,000000
13895,112747 9654,872213 0,000000
13945,112747 9654,872213 0,000000
13995,112747 9654,872213 0,000000
6545,112747 9704,872213 50,806593
6595,112747 9704,872213 33,550471
6645,112747 9704,872213 -79,889079
6695,112747 9704,872213 -24,551802
6745,112747 9704,872213 3,859425
6795,112747 9704,872213 2,453834
6845,112747 9704,872213 -0,025027
6895,112747 9704,872213 -0,160190
6945,112747 9704,872213 -0,007373
6995,112747 9704,872213 0,009444
7045,112747 9704,872213 0,000675
7095,112747 9704,872213 -0,000582
7145,112747 9704,872213 -0,000049
7195,112747 9704,872213 0,000038
7245,112747 9704,872213 0,000004
7295,112747 9704,872213 -0,000002
7345,112747 9704,872213 0,000000
7395,112747 9704,872213 0,000000
7445,112747 9704,872213 0,000000
7495,112747 9704,872213 0,000000
7545,112747 9704,872213 0,000000
7595,112747 9704,872213 0,000000
7645,112747 9704,872213 0,000000
7695,112747 9704,872213 0,000000
7745,112747 9704,872213 0,000000
7795,112747 9704,872213 0,000000
7845,112747 9704,872213 0,000000
7895,112747 9704,872213 0,000000
7945,112747 9704,872213 0,000000
7995,112747 9704,872213 0,000000
8045,112747 9704,872213 0,000000
8095,112747 9704,872213 0,000000
8145,112747 9704,872213 -0,000001
8195,112747 9704,872213 0,000000
8245,112747 9704,872213 0,000002
8295,112747 9704,872213 0,000002
8345,112747 9704,872213 -0,000001
8395,112747 9704,872213 -0,000004
8445,112747 9704,872213 -0,000004
8495,112747 9704,872213 -0,000004
8545,112747 9704,872213 -0,000004
8595,112747 9704,872213 -0,000004
8645,112747 9704,872213 -0,000004
8695,112747 9704,872213 -0,000004
8745,112747 9704,872213 -0,000004
8795,112747 9704,872213 -0,000001
8845,112747 9704,872213 0,000002
8895,112747 9704,872213 0,000002
8945,112747 9704,872213 0,000000
8995,112747 9704,872213 -0,000001
9045,112747 9704,872213 0,000000
9095,112747 9704,872213 0,000000
9145,112747 9704,872213 0,000000
9195,112747 9704,872213 0,000000
9245,112747 9704,872213 0,000000
9295,112747 9704,872213 0,000000
9345,112747 9704,872213 0,000000
9395,112747 9704,872213 0,000000
9445,112747 9704,872213 0,000000
9495,112747 9704,872213 0,000000
9545,112747 9704,872213 0,000000
9595,112747 9704,872213 0,000000
9645,112747 9704,872213 0,000000
9695,112747 9704,872213 0,000000
9745,112747 9704,872213 0,000000
9795,112747 9704,872213 0,000000
9845,112747 9704,872213 0,000000
9895,112747 9704,872213 0,000000
9945,112747 9704,872213 0,000000
9995,112747 9704,872213 0,000000
10045,112747 9704,872213 0,000000
10095,112747 9704,872213 0,000001
10145,112747 9704,872213 0,000002
10195,112747 9704,872213 0,000001
10245,112747 9704,872213 -0,000001
10295,112747 9704,872213 -0,000002
10345,112747 9704,872213 -0,000002
10395,112747 9704,872213 -0,000002
10445,112747 9704,872213 -0,000002
10495,112747 9704,872213 -0,000002
10545,112747 9704,872213 -0,000002
10595,112747 9704,872213 -0,000002
10645,112747 9704,872213 -0,000002
10695,112747 9704,872213 -0,000001
10745,112747 9704,872213 0,000001
10795,112747 9704,872213 0,000002
10845,112747 9704,872213 0,000001
10895,112747 9704,872213 0,000000
10945,112747 9704,872213 0,000000
10995,112747 9704,872213 0,000000
11045,112747 9704,872213 0,000000
11095,112747 9704,872213 0,000000
11145,112747 9704,872213 0,000000
11195,112747 9704,872213 0,000000
11245,112747 9704,872213 0,000000
11295,112747 9704,872213 -0,000001
11345,112747 9704,872213 0,000000
11395,112747 9704,872213 0,000000
11445,112747 9704,872213 0,000001
11495,112747 9704,872213 0,000001
11545,112747 9704,872213 0,000001
11595,112747 9704,872213 0,000001
11645,112747 9704,872213 0,000001
11695,112747 9704,872213 0,000001
11745,112747 9704,872213 0,000001
11795,112747 9704,872213 0,000001
11845,112747 9704,872213 0,000000
11895,112747 9704,872213 0,000000
11945,112747 9704,872213 -0,000001
11995,112747 9704,872213 0,000000
12045,112747 9704,872213 0,000000
12095,112747 9704,872213 0,000000
12145,112747 9704,872213 0,000000
12195,112747 9704,872213 0,000000
12245,112747 9704,872213 0,000000
12295,112747 9704,872213 0,000000
12345,112747 9704,872213 0,000000
12395,112747 9704,872213 0,000000
12445,112747 9704,872213 0,000000
12495,112747 9704,872213 0,000000
12545,112747 9704,872213 0,000000
12595,112747 9704,872213 0,000000
12645,112747 9704,872213 0,000000
12695,112747 9704,872213 0,000000
12745,112747 9704,872213 0,000000
12795,112747 9704,872213 0,000000
12845,112747 9704,872213 0,000000
12895,112747 9704,872213 0,000000
12945,112747 9704,872213 0,000000
12995,112747 9704,872213 0,000000
13045,112747 9704,872213 0,000000
13095,112747 9704,872213 0,000000
13145,112747 9704,872213 0,000000
13195,112747 9704,872213 0,000000
13245,112747 9704,872213 0,000000
13295,112747 9704,872213 0,000000
13345,112747 9704,872213 0,000000
13395,112747 9704,872213 0,000000
13445,112747 9704,872213 0,000000
13495,112747 9704,872213 0,000000
13545,112747 9704,872213 0,000000
13595,112747 9704,872213 0,000000
13645,112747 9704,872213 0,000000
13695,112747 9704,872213 0,000000
13745,112747 9704,872213 0,000000
13795,112747 9704,872213 0,000000
13845,112747 9704,872213 0,000000
13895,112747 9704,872213 0,000000
13945,112747 9704,872213 0,000000
13995,112747 9704,872213 0,000000
6545,112747 9754,872213 882,904476
6595,112747 9754,872213 882,904476
6645,112747 9754,872213 35,069520
6695,112747 9754,872213 -46,874414
6745,112747 9754,872213 -4,614173
6795,112747 9754,872213 2,343937
6845,112747 9754,872213 0,300351
6895,112747 9754,872213 -0,131163
6945,112747 9754,872213 -0,017961
6995,112747 9754,872213 0,008162
7045,112747 9754,872213 0,001138
7095,112747 9754,872213 -0,000527
7145,112747 9754,872213 -0,000075
7195,112747 9754,872213 0,000035
7245,112747 9754,872213 0,000005
7295,112747 9754,872213 -0,000002
7345,112747 9754,872213 0,000000
7395,112747 9754,872213 0,000000
7445,112747 9754,872213 0,000000
7495,112747 9754,872213 0,000000
7545,112747 9754,872213 0,000000
7595,112747 9754,872213 0,000000
7645,112747 9754,872213 0,000000
7695,112747 9754,872213 0,000000
7745,112747 9754,872213 0,000000
7795,112747 9754,872213 0,000000
7845,112747 9754,872213 0,000000
7895,112747 9754,872213 0,000000
7945,112747 9754,872213 0,000000
7995,112747 9754,872213 0,000000
8045,112747 9754,872213 0,000000
8095,112747 9754,872213 0,000000
8145,112747 9754,872213 0,000000
8195,112747 9754,872213 0,000000
8245,112747 9754,872213 0,000000
8295,112747 9754,872213 0,000001
8345,112747 9754,872213 0,000001
8395,112747 9754,872213 0,000001
8445,112747 9754,872213 0,000000
8495,112747 9754,872213 0,000000
8545,112747 9754,872213 -0,000001
8595,112747 9754,872213 -0,000001
8645,112747 9754,872213 0,000000
8695,112747 9754,872213 0,000000
8745,112747 9754,872213 0,000001
8795,112747 9754,872213 0,000001
8845,112747 9754,872213 0,000001
8895,112747 9754,872213 0,000000
8945,112747 9754,872213 0,000000
8995,112747 9754,872213 0,000000
9045,112747 9754,872213 0,000000
9095,112747 9754,872213 0,000000
9145,112747 9754,872213 0,000000
9195,112747 9754,872213 0,000000
9245,112747 9754,872213 0,000000
9295,112747 9754,872213 0,000000
9345,112747 9754,872213 0,000000
9395,112747 9754,872213 0,000000
9445,112747 9754,872213 0,000000
9495,112747 9754,872213 0,000000
9545,112747 9754,872213 0,000000
9595,112747 9754,872213 0,000000
9645,112747 9754,872213 0,000000
9695,112747 9754,872213 0,000000
9745,112747 9754,872213 0,000000
9795,112747 9754,872213 0,000000
9845,112747 9754,872213 0,000000
9895,112747 9754,872213 0,000000
9945,112747 9754,872213 0,000000
9995,112747 9754,872213 0,000000
10045,112747 9754,872213 0,000000
10095,112747 9754,872213 0,000000
10145,112747 9754,872213 0,000000
10195,112747 9754,872213 0,000001
10245,112747 9754,872213 0,000000
10295,112747 9754,872213 0,000000
10345,112747 9754,872213 0,000000
10395,112747 9754,872213 0,000000
10445,112747 9754,872213 0,000000
10495,112747 9754,872213 0,000000
10545,112747 9754,872213 0,000000
10595,112747 9754,872213 0,000000
10645,112747 9754,872213 0,000000
10695,112747 9754,872213 0,000001
10745,112747 9754,872213 0,000001
10795,112747 9754,872213 0,000000
10845,112747 9754,872213 0,000000
10895,112747 9754,872213 0,000000
10945,112747 9754,872213 0,000000
10995,112747 9754,872213 0,000000
11045,112747 9754,872213 0,000000
11095,112747 9754,872213 0,000000
11145,112747 9754,872213 0,000000
11195,112747 9754,872213 -0,000001
11245,112747 9754,872213 -0,000001
11295,112747 9754,872213 0,000000
11345,112747 9754,872213 0,000002
11395,112747 9754,872213 0,000003
11445,112747 9754,872213 0,000002
11495,112747 9754,872213 0,000000
11545,112747 9754,872213 -0,000001
11595,112747 9754,872213 -0,000002
11645,112747 9754,872213 -0,000002
11695,112747 9754,872213 -0,000001
11745,112747 9754,872213 0,000000
11795,112747 9754,872213 0,000002
11845,112747 9754,872213 0,000003
11895,112747 9754,872213 0,000002
11945,112747 9754,872213 0,000000
11995,112747 9754,872213 -0,000001
12045,112747 9754,872213 -0,000001
12095,112747 9754,872213 0,000000
12145,112747 9754,872213 0,000000
12195,112747 9754,872213 0,000000
12245,112747 9754,872213 0,000000
12295,112747 9754,872213 0,000000
12345,112747 9754,872213 0,000000
12395,112747 9754,872213 0,000000
12445,112747 9754,872213 0,000000
12495,112747 9754,872213 0,000000
12545,112747 9754,872213 0,000000
12595,112747 9754,872213 0,000000
12645,112747 9754,872213 0,000000
12695,112747 9754,872213 0,000000
12745,112747 9754,872213 0,000000
12795,112747 9754,872213 0,000000
12845,112747 9754,872213 0,000000
12895,112747 9754,872213 0,000000
12945,112747 9754,872213 0,000000
12995,112747 9754,872213 0,000000
13045,112747 9754,872213 0,000000
13095,112747 9754,872213 0,000000
13145,112747 9754,872213 0,000000
13195,112747 9754,872213 0,000000
13245,112747 9754,872213 0,000000
13295,112747 9754,872213 0,000000
13345,112747 9754,872213 0,000000
13395,112747 9754,872213 0,000000
13445,112747 9754,872213 0,000000
13495,112747 9754,872213 0,000000
13545,112747 9754,872213 0,000000
13595,112747 9754,872213 0,000000
13645,112747 9754,872213 0,000000
13695,112747 9754,872213 0,000000
13745,112747 9754,872213 0,000000
13795,112747 9754,872213 0,000000
13845,112747 9754,872213 0,000000
13895,112747 9754,872213 0,000000
13945,112747 9754,872213 0,000000
13995,112747 9754,872213 0,000000
6545,112747 9804,872213 882,904476
6595,112747 9804,872213 882,904476
6645,112747 9804,872213 35,069520
6695,112747 9804,872213 -46,874414
6745,112747 9804,872213 -4,614173
6795,112747 9804,872213 2,343937
6845,112747 9804,872213 0,300351
6895,112747 9804,872213 -0,131163
6945,112747 9804,872213 -0,017961
6995,112747 9804,872213 0,008162
7045,112747 9804,872213 0,001138
7095,112747 9804,872213 -0,000527
7145,112747 9804,872213 -0,000075
7195,112747 9804,872213 0,000035
7245,112747 9804,872213 0,000005
7295,112747 9804,872213 -0,000002
7345,112747 9804,872213 0,000000
7395,112747 9804,872213 0,000000
7445,112747 9804,872213 0,000000
7495,112747 9804,872213 0,000000
7545,112747 9804,872213 0,000000
7595,112747 9804,872213 0,000000
7645,112747 9804,872213 0,000000
7695,112747 9804,872213 0,000000
7745,112747 9804,872213 0,000000
7795,112747 9804,872213 0,000000
7845,112747 9804,872213 0,000000
7895,112747 9804,872213 0,000000
7945,112747 9804,872213 0,000000
7995,112747 9804,872213 0,000000
8045,112747 9804,872213 0,000000
8095,112747 9804,872213 0,000000
8145,112747 9804,872213 0,000000
8195,112747 9804,872213 0,000000
8245,112747 9804,872213 0,000000
8295,112747 9804,872213 0,000000
8345,112747 9804,872213 0,000000
8395,112747 9804,872213 0,000000
8445,112747 9804,872213 0,000000
8495,112747 9804,872213 0,000000
8545,112747 9804,872213 0,000000
8595,112747 9804,872213 0,000000
8645,112747 9804,872213 0,000000
8695,112747 9804,872213 0,000000
8745,112747 9804,872213 0,000000
8795,112747 9804,872213 0,000000
8845,112747 9804,872213 0,000000
8895,112747 9804,872213 0,000000
8945,112747 9804,872213 0,000000
8995,112747 9804,872213 0,000000
9045,112747 9804,872213 0,000000
9095,112747 9804,872213 0,000000
9145,112747 9804,872213 0,000000
9195,112747 9804,872213 0,000000
9245,112747 9804,872213 0,000000
9295,112747 9804,872213 0,000000
9345,112747 9804,872213 0,000000
9395,112747 9804,872213 0,000000
9445,112747 9804,872213 0,000000
9495,112747 9804,872213 0,000000
9545,112747 9804,872213 0,000000
9595,112747 9804,872213 0,000000
9645,112747 9804,872213 0,000000
9695,112747 9804,872213 0,000000
9745,112747 9804,872213 0,000000
9795,112747 9804,872213 0,000000
9845,112747 9804,872213 0,000000
9895,112747 9804,872213 0,000000
9945,112747 9804,872213 0,000000
9995,112747 9804,872213 0,000000
10045,112747 9804,872213 0,000000
10095,112747 9804,872213 0,000000
10145,112747 9804,872213 0,000000
10195,112747 9804,872213 0,000000
10245,112747 9804,872213 0,000000
10295,112747 9804,872213 0,000000
10345,112747 9804,872213 0,000000
10395,112747 9804,872213 0,000000
10445,112747 9804,872213 0,000000
10495,112747 9804,872213 0,000000
10545,112747 9804,872213 0,000000
10595,112747 9804,872213 0,000000
10645,112747 9804,872213 0,000000
10695,112747 9804,872213 0,000000
10745,112747 9804,872213 0,000000
10795,112747 9804,872213 0,000000
10845,112747 9804,872213 0,000000
10895,112747 9804,872213 0,000000
10945,112747 9804,872213 0,000000
10995,112747 9804,872213 0,000000
11045,112747 9804,872213 0,000000
11095,112747 9804,872213 0,000000
11145,112747 9804,872213 -0,000001
11195,112747 9804,872213 -0,000002
11245,112747 9804,872213 0,000002
11295,112747 9804,872213 0,000007
11345,112747 9804,872213 0,000006
11395,112747 9804,872213 -0,000003
11445,112747 9804,872213 -0,000011
11495,112747 9804,872213 -0,000013
11545,112747 9804,872213 -0,000012
11595,112747 9804,872213 -0,000011
11645,112747 9804,872213 -0,000011
11695,112747 9804,872213 -0,000012
11745,112747 9804,872213 -0,000013
11795,112747 9804,872213 -0,000011
11845,112747 9804,872213 -0,000003
11895,112747 9804,872213 0,000006
11945,112747 9804,872213 0,000007
11995,112747 9804,872213 0,000002
12045,112747 9804,872213 -0,000002
12095,112747 9804,872213 -0,000001
12145,112747 9804,872213 0,000000
12195,112747 9804,872213 0,000000
12245,112747 9804,872213 0,000000
12295,112747 9804,872213 0,000000
12345,112747 9804,872213 0,000000
12395,112747 9804,872213 0,000000
12445,112747 9804,872213 0,000000
12495,112747 9804,872213 0,000000
12545,112747 9804,872213 0,000000
12595,112747 9804,872213 0,000000
12645,112747 9804,872213 0,000000
12695,112747 9804,872213 0,000000
12745,112747 9804,872213 0,000000
12795,112747 9804,872213 0,000000
12845,112747 9804,872213 0,000000
12895,112747 9804,872213 0,000000
12945,112747 9804,872213 0,000000
12995,112747 9804,872213 0,000000
13045,112747 9804,872213 0,000000
13095,112747 9804,872213 0,000000
13145,112747 9804,872213 0,000000
13195,112747 9804,872213 0,000000
13245,112747 9804,872213 0,000000
13295,112747 9804,872213 0,000000
13345,112747 9804,872213 0,000000
13395,112747 9804,872213 0,000000
13445,112747 9804,872213 0,000000
13495,112747 9804,872213 0,000000
13545,112747 9804,872213 0,000000
13595,112747 9804,872213 0,000000
13645,112747 9804,872213 0,000000
13695,112747 9804,872213 0,000000
13745,112747 9804,872213 0,000000
13795,112747 9804,872213 0,000000
13845,112747 9804,872213 0,000000
13895,112747 9804,872213 0,000000
13945,112747 9804,872213 0,000000
13995,112747 9804,872213 0,000000
6545,112747 9854,872213 50,806593
6595,112747 9854,872213 33,550471
6645,112747 9854,872213 -79,889079
6695,112747 9854,872213 -24,551802
6745,112747 9854,872213 3,859425
6795,112747 9854,872213 2,453834
6845,112747 9854,872213 -0,025027
6895,112747 9854,872213 -0,160190
6945,112747 9854,872213 -0,007373
6995,112747 9854,872213 0,009444
7045,112747 9854,872213 0,000675
7095,112747 9854,872213 -0,000582
7145,112747 9854,872213 -0,000049
7195,112747 9854,872213 0,000038
7245,112747 9854,872213 0,000004
7295,112747 9854,872213 -0,000002
7345,112747 9854,872213 0,000000
7395,112747 9854,872213 0,000000
7445,112747 9854,872213 0,000000
7495,112747 9854,872213 0,000000
7545,112747 9854,872213 0,000000
7595,112747 9854,872213 0,000000
7645,112747 9854,872213 0,000000
7695,112747 9854,872213 0,000000
7745,112747 9854,872213 0,000000
7795,112747 9854,872213 0,000000
7845,112747 9854,872213 0,000000
7895,112747 9854,872213 0,000000
7945,112747 9854,872213 0,000000
7995,112747 9854,872213 0,000000
8045,112747 9854,872213 0,000000
8095,112747 9854,872213 0,000000
8145,112747 9854,872213 0,000000
8195,112747 9854,872213 0,000000
8245,112747 9854,872213 0,000000
8295,112747 9854,872213 0,000000
8345,112747 9854,872213 0,000000
8395,112747 9854,872213 0,000000
8445,112747 9854,872213 0,000000
8495,112747 9854,872213 0,000000
8545,112747 9854,872213 0,000000
8595,112747 9854,872213 0,000000
8645,112747 9854,872213 0,000000
8695,112747 9854,872213 0,000000
8745,112747 9854,872213 0,000000
8795,112747 9854,872213 0,000000
8845,112747 9854,872213 0,000000
8895,112747 9854,872213 0,000000
8945,112747 9854,872213 0,000000
8995,112747 9854,872213 0,000000
9045,112747 9854,872213 0,000000
9095,112747 9854,872213 0,000000
9145,112747 9854,872213 0,000000
9195,112747 9854,872213 0,000000
9245,112747 9854,872213 0,000000
9295,112747 9854,872213 0,000000
9345,112747 9854,872213 0,000000
9395,112747 9854,872213 0,000000
9445,112747 9854,872213 0,000000
9495,112747 9854,872213 0,000000
9545,112747 9854,872213 0,000000
9595,112747 9854,872213 0,000000
9645,112747 9854,872213 0,000000
9695,112747 9854,872213 0,000000
9745,112747 9854,872213 0,000000
9795,112747 9854,872213 0,000000
9845,112747 9854,872213 0,000000
9895,112747 9854,872213 0,000000
9945,112747 9854,872213 0,000000
9995,112747 9854,872213 0,000000
10045,112747 9854,872213 0,000000
10095,112747 9854,872213 0,000000
10145,112747 9854,872213 0,000000
10195,112747 9854,872213 0,000000
10245,112747 9854,872213 0,000000
10295,112747 9854,872213 0,000000
10345,112747 9854,872213 0,000000
10395,112747 9854,872213 0,000000
10445,112747 9854,872213 0,000000
10495,112747 9854,872213 0,000000
10545,112747 9854,872213 0,000000
10595,112747 9854,872213 0,000000
10645,112747 9854,872213 0,000000
10695,112747 9854,872213 0,000000
10745,112747 9854,872213 0,000000
10795,112747 9854,872213 0,000000
10845,112747 9854,872213 0,000000
10895,112747 9854,872213 0,000000
10945,112747 9854,872213 0,000000
10995,112747 9854,872213 0,000000
11045,112747 9854,872213 0,000000
11095,112747 9854,872213 -0,000001
11145,112747 9854,872213 -0,000002
11195,112747 9854,872213 0,000003
11245,112747 9854,872213 0,000013
11295,112747 9854,872213 0,000009
11345,112747 9854,872213 -0,000020
11395,112747 9854,872213 -0,000046
11445,112747 9854,872213 -0,000034
11495,112747 9854,872213 -0,000003
11545,112747 9854,872213 0,000016
11595,112747 9854,872213 0,000025
11645,112747 9854,872213 0,000025
11695,112747 9854,872213 0,000016
11745,112747 9854,872213 -0,000003
11795,112747 9854,872213 -0,000034
11845,112747 9854,872213 -0,000046
11895,112747 9854,872213 -0,000020
11945,112747 9854,872213 0,000009
11995,112747 9854,872213 0,000013
12045,112747 9854,872213 0,000003
12095,112747 9854,872213 -0,000002
12145,112747 9854,872213 -0,000002
12195,112747 9854,872213 0,000000
12245,112747 9854,872213 0,000000
12295,112747 9854,872213 0,000000
12345,112747 9854,872213 0,000000
12395,112747 9854,872213 0,000000
12445,112747 9854,872213 0,000000
12495,112747 9854,872213 0,000000
12545,112747 9854,872213 0,000000
12595,112747 9854,872213 0,000000
12645,112747 9854,872213 0,000000
12695,112747 9854,872213 0,000000
12745,112747 9854,872213 0,000000
12795,112747 9854,872213 0,000000
12845,112747 9854,872213 0,000000
12895,112747 9854,872213 0,000000
12945,112747 9854,872213 0,000000
12995,112747 9854,872213 0,000000
13045,112747 9854,872213 0,000000
13095,112747 9854,872213 0,000000
13145,112747 9854,872213 0,000000
13195,112747 9854,872213 0,000000
13245,112747 9854,872213 0,000000
13295,112747 9854,872213 0,000000
13345,112747 9854,872213 0,000000
13395,112747 9854,872213 0,000000
13445,112747 9854,872213 0,000000
13495,112747 9854,872213 0,000000
13545,112747 9854,872213 0,000000
13595,112747 9854,872213 0,000000
13645,112747 9854,872213 0,000000
13695,112747 9854,872213 0,000000
13745,112747 9854,872213 0,000000
13795,112747 9854,872213 0,000000
13845,112747 9854,872213 0,000000
13895,112747 9854,872213 0,000000
13945,112747 9854,872213 0,000000
13995,112747 9854,872213 0,000000
6545,112747 9904,872213 -47,280023
6595,112747 9904,872213 -50,003626
6645,112747 9904,872213 -25,007069
6695,112747 9904,872213 4,056811
6745,112747 9904,872213 5,170147
6795,112747 9904,872213 0,567649
6845,112747 9904,872213 -0,410303
6895,112747 9904,872213 -0,104490
6945,112747 9904,872213 0,019260
6995,112747 9904,872213 0,009173
7045,112747 9904,872213 -0,000596
7095,112747 9904,872213 -0,000629
7145,112747 9904,872213 0,000010
7195,112747 9904,872213 0,000041
7245,112747 9904,872213 0,000000
7295,112747 9904,872213 -0,000003
7345,112747 9904,872213 0,000000
7395,112747 9904,872213 0,000000
7445,112747 9904,872213 0,000000
7495,112747 9904,872213 0,000000
7545,112747 9904,872213 0,000000
7595,112747 9904,872213 0,000000
7645,112747 9904,872213 0,000000
7695,112747 9904,872213 0,000000
7745,112747 9904,872213 0,000000
7795,112747 9904,872213 0,000000
7845,112747 9904,872213 0,000000
7895,112747 9904,872213 0,000000
7945,112747 9904,872213 0,000000
7995,112747 9904,872213 0,000000
8045,112747 9904,872213 0,000000
8095,112747 9904,872213 0,000000
8145,112747 9904,872213 0,000000
8195,112747 9904,872213 0,000000
8245,112747 9904,872213 0,000000
8295,112747 9904,872213 0,000000
8345,112747 9904,872213 0,000000
8395,112747 9904,872213 0,000000
8445,112747 9904,872213 0,000000
8495,112747 9904,872213 0,000000
8545,112747 9904,872213 0,000000
8595,112747 9904,872213 0,000000
8645,112747 9904,872213 0,000000
8695,112747 9904,872213 0,000000
8745,112747 9904,872213 0,000000
8795,112747 9904,872213 0,000000
8845,112747 9904,872213 0,000000
8895,112747 9904,872213 0,000000
8945,112747 9904,872213 0,000000
8995,112747 9904,872213 0,000000
9045,112747 9904,872213 0,000000
9095,112747 9904,872213 0,000000
9145,112747 9904,872213 0,000000
9195,112747 9904,872213 0,000000
9245,112747 9904,872213 0,000000
9295,112747 9904,872213 0,000000
9345,112747 9904,872213 0,000000
9395,112747 9904,872213 0,000000
9445,112747 9904,872213 0,000000
9495,112747 9904,872213 0,000000
9545,112747 9904,872213 0,000000
9595,112747 9904,872213 0,000000
9645,112747 9904,872213 0,000000
9695,112747 9904,872213 0,000000
9745,112747 9904,872213 0,000000
9795,112747 9904,872213 0,000000
9845,112747 9904,872213 0,000000
9895,112747 9904,872213 0,000000
9945,112747 9904,872213 0,000000
9995,112747 9904,872213 0,000000
10045,112747 9904,872213 0,000000
10095,112747 9904,872213 0,000000
10145,112747 9904,872213 0,000000
10195,112747 9904,872213 0,000000
10245,112747 9904,872213 0,000000
10295,112747 9904,872213 0,000000
10345,112747 9904,872213 0,000000
10395,112747 9904,872213 0,000000
10445,112747 9904,872213 0,000000
10495,112747 9904,872213 0,000000
10545,112747 9904,872213 0,000000
10595,112747 9904,872213 0,000000
10645,112747 9904,872213 0,000000
10695,112747 9904,872213 0,000000
10745,112747 9904,872213 0,000000
10795,112747 9904,872213 0,000000
10845,112747 9904,872213 0,000000
10895,112747 9904,872213 0,000000
10945,112747 9904,872213 0,000000
10995,112747 9904,872213 0,000000
11045,112747 9904,872213 -0,000001
11095,112747 9904,872213 -0,000002
11145,112747 9904,872213 0,000005
11195,112747 9904,872213 0,000019
11245,112747 9904,872213 0,000010
11295,112747 9904,872213 -0,000052
11345,112747 9904,872213 -0,000105
11395,112747 9904,872213 -0,000031
11445,112747 9904,872213 0,000131
11495,112747 9904,872213 0,000208
11545,112747 9904,872213 0,000193
11595,112747 9904,872213 0,000175
11645,112747 9904,872213 0,000175
11695,112747 9904,872213 0,000193
11745,112747 9904,872213 0,000208
11795,112747 9904,872213 0,000131
11845,112747 9904,872213 -0,000031
11895,112747 9904,872213 -0,000105
11945,112747 9904,872213 -0,000052
11995,112747 9904,872213 0,000010
12045,112747 9904,872213 0,000019
12095,112747 9904,872213 0,000005
12145,112747 9904,872213 -0,000002
12195,112747 9904,872213 -0,000002
12245,112747 9904,872213 0,000000
12295,112747 9904,872213 0,000000
12345,112747 9904,872213 0,000000
12395,112747 9904,872213 0,000000
12445,112747 9904,872213 0,000000
12495,112747 9904,872213 0,000000
12545,112747 9904,872213 0,000000
12595,112747 9904,872213 0,000000
12645,112747 9904,872213 0,000000
12695,112747 9904,872213 0,000000
12745,112747 9904,872213 0,000000
12795,112747 9904,872213 0,000000
12845,112747 9904,872213 0,000000
12895,112747 9904,872213 0,000000
12945,112747 9904,872213 0,000000
12995,112747 9904,872213 0,000000
13045,112747 9904,872213 0,000000
13095,112747 9904,872213 0,000000
13145,112747 9904,872213 0,000000
13195,112747 9904,872213 0,000000
13245,112747 9904,872213 0,000000
13295,112747 9904,872213 0,000000
13345,112747 9904,872213 0,000000
13395,112747 9904,872213 0,000000
13445,112747 9904,872213 0,000000
13495,112747 9904,872213 0,000000
13545,112747 9904,872213 0,000000
13595,112747 9904,872213 0,000000
13645,112747 9904,872213 0,000000
13695,112747 9904,872213 0,000000
13745,112747 9904,872213 0,000000
13795,112747 9904,872213 0,000000
13845,112747 9904,872213 0,000000
13895,112747 9904,872213 0,000000
13945,112747 9904,872213 0,000000
13995,112747 9904,872213 0,000000
6545,112747 9954,872213 -8,249268
6595,112747 9954,872213 -5,462446
6645,112747 9954,872213 4,124029
6695,112747 9954,872213 5,280268
6745,112747 9954,872213 0,983846
6795,112747 9954,872213 -0,616734
6845,112747 9954,872213 -0,268969
6895,112747 9954,872213 0,016786
6945,112747 9954,872213 0,028621
6995,112747 9954,872213 0,002592
7045,112747 9954,872213 -0,001956
7095,112747 9954,872213 -0,000396
7145,112747 9954,872213 0,000103
7195,112747 9954,872213 0,000034
7245,112747 9954,872213 -0,000005
7295,112747 9954,872213 -0,000003
7345,112747 9954,872213 0,000000
7395,112747 9954,872213 0,000000
7445,112747 9954,872213 0,000000
7495,112747 9954,872213 0,000000
7545,112747 9954,872213 0,000000
7595,112747 9954,872213 0,000000
7645,112747 9954,872213 0,000000
7695,112747 9954,872213 0,000000
7745,112747 9954,872213 0,000000
7795,112747 9954,872213 0,000000
7845,112747 9954,872213 0,000000
7895,112747 9954,872213 0,000000
7945,112747 9954,872213 0,000000
7995,112747 9954,872213 0,000000
8045,112747 9954,872213 0,000000
8095,112747 9954,872213 0,000000
8145,112747 9954,872213 0,000000
8195,112747 9954,872213 0,000000
8245,112747 9954,872213 0,000000
8295,112747 9954,872213 0,000000
8345,112747 9954,872213 0,000000
8395,112747 9954,872213 0,000000
8445,112747 9954,872213 0,000000
8495,112747 9954,872213 0,000000
8545,112747 9954,872213 0,000000
8595,112747 9954,872213 0,000000
8645,112747 9954,872213 0,000000
8695,112747 9954,872213 0,000000
8745,112747 9954,872213 0,000000
8795,112747 9954,872213 0,000000
8845,112747 9954,872213 0,000000
8895,112747 9954,872213 0,000000
8945,112747 9954,872213 0,000000
8995,112747 9954,872213 0,000000
9045,112747 9954,872213 0,000000
9095,112747 9954,872213 0,000000
9145,112747 9954,872213 0,000000
9195,112747 9954,872213 0,000000
9245,112747 9954,872213 0,000000
9295,112747 9954,872213 0,000000
9345,112747 9954,872213 0,000000
9395,112747 9954,872213 0,000000
9445,112747 9954,872213 0,000000
9495,112747 9954,872213 0,000000
9545,112747 9954,872213 0,000000
9595,112747 9954,872213 0,000000
9645,112747 9954,872213 0,000000
9695,112747 9954,872213 0,000000
9745,112747 9954,872213 0,000000
9795,112747 9954,872213 0,000000
9845,112747 9954,872213 0,000000
9895,112747 9954,872213 0,000000
9945,112747 9954,872213 0,000000
9995,112747 9954,872213 0,000000
10045,112747 9954,872213 0,000000
10095,112747 9954,872213 0,000000
10145,112747 9954,872213 0,000000
10195,112747 9954,872213 0,000000
10245,112747 9954,872213 0,000000
10295,112747 9954,872213 0,000000
10345,112747 9954,872213 0,000000
10395,112747 9954,872213 0,000000
10445,112747 9954,872213 0,000000
10495,112747 9954,872213 0,000000
10545,112747 9954,872213 0,000000
10595,112747 9954,872213 0,000000
10645,112747 9954,872213 0,000000
10695,112747 9954,872213 0,000000
10745,112747 9954,872213 0,000000
10795,112747 9954,872213 0,000000
10845,112747 9954,872213 0,000000
10895,112747 9954,872213 0,000000
10945,112747 9954,872213 0,000000
10995,112747 9954,872213 -0,000001
11045,112747 9954,872213 -0,000002
11095,112747 9954,872213 0,000005
11145,112747 9954,872213 0,000021
11195,112747 9954,872213 0,000009
11245,112747 9954,872213 -0,000087
11295,112747 9954,872213 -0,000173
11345,112747 9954,872213 0,000032
11395,112747 9954,872213 0,000510
11445,112747 9954,872213 0,000644
11495,112747 9954,872213 0,000195
11545,112747 9954,872213 -0,000226
11595,112747 9954,872213 -0,000379
11645,112747 9954,872213 -0,000379
11695,112747 9954,872213 -0,000226
11745,112747 9954,872213 0,000195
11795,112747 9954,872213 0,000644
11845,112747 9954,872213 0,000510
11895,112747 9954,872213 0,000032
11945,112747 9954,872213 -0,000173
11995,112747 9954,872213 -0,000087
12045,112747 9954,872213 0,000009
12095,112747 9954,872213 0,000021
12145,112747 9954,872213 0,000005
12195,112747 9954,872213 -0,000002
12245,112747 9954,872213 -0,000001
12295,112747 9954,872213 0,000000
12345,112747 9954,872213 0,000000
12395,112747 9954,872213 0,000000
12445,112747 9954,872213 0,000000
12495,112747 9954,872213 0,000000
12545,112747 9954,872213 0,000000
12595,112747 9954,872213 0,000000
12645,112747 9954,872213 0,000000
12695,112747 9954,872213 0,000000
12745,112747 9954,872213 0,000000
12795,112747 9954,872213 0,000000
12845,112747 9954,872213 0,000000
12895,112747 9954,872213 0,000000
12945,112747 9954,872213 0,000000
12995,112747 9954,872213 0,000000
13045,112747 9954,872213 0,000000
13095,112747 9954,872213 0,000000
13145,112747 9954,872213 0,000000
13195,112747 9954,872213 0,000000
13245,112747 9954,872213 0,000000
13295,112747 9954,872213 0,000000
13345,112747 9954,872213 0,000000
13395,112747 9954,872213 0,000000
13445,112747 9954,872213 0,000000
13495,112747 9954,872213 0,000000
13545,112747 9954,872213 0,000000
13595,112747 9954,872213 0,000000
13645,112747 9954,872213 0,000000
13695,112747 9954,872213 0,000000
13745,112747 9954,872213 0,000000
13795,112747 9954,872213 0,000000
13845,112747 9954,872213 0,000000
13895,112747 9954,872213 0,000000
13945,112747 9954,872213 0,000000
13995,112747 9954,872213 0,000000
6545,112747 10004,872213 1,741803
6595,112747 10004,872213 2,730416
6645,112747 10004,872213 2,701297
6695,112747 10004,872213 0,583896
6745,112747 10004,872213 -0,631596
6795,112747 10004,872213 -0,360020
6845,112747 10004,872213 0,005569
6895,112747 10004,872213 0,051843
6945,112747 10004,872213 0,010113
6995,112747 10004,872213 -0,003629
7045,112747 10004,872213 -0,001548
7095,112747 10004,872213 0,000096
7145,112747 10004,872213 0,000138
7195,112747 10004,872213 0,000008
7245,112747 10004,872213 -0,000009
7295,112747 10004,872213 -0,000001
7345,112747 10004,872213 0,000001
7395,112747 10004,872213 0,000000
7445,112747 10004,872213 0,000000
7495,112747 10004,872213 0,000000
7545,112747 10004,872213 0,000000
7595,112747 10004,872213 0,000000
7645,112747 10004,872213 0,000000
7695,112747 10004,872213 0,000000
7745,112747 10004,872213 0,000000
7795,112747 10004,872213 0,000000
7845,112747 10004,872213 0,000000
7895,112747 10004,872213 0,000000
7945,112747 10004,872213 0,000000
7995,112747 10004,872213 0,000000
8045,112747 10004,872213 0,000000
8095,112747 10004,872213 0,000000
8145,112747 10004,872213 0,000000
8195,112747 10004,872213 0,000000
8245,112747 10004,872213 0,000000
8295,112747 10004,872213 0,000000
8345,112747 10004,872213 0,000000
8395,112747 10004,872213 0,000000
8445,112747 10004,872213 0,000000
8495,112747 10004,872213 0,000000
8545,112747 10004,872213 0,000000
8595,112747 10004,872213 0,000000
8645,112747 10004,872213 0,000000
8695,112747 10004,872213 0,000000
8745,112747 10004,872213 0,000000
8795,112747 10004,872213 0,000000
8845,112747 10004,872213 0,000000
8895,112747 10004,872213 0,000000
8945,112747 10004,872213 0,000000
8995,112747 10004,872213 0,000000
9045,112747 10004,872213 0,000000
9095,112747 10004,872213 0,000000
9145,112747 10004,872213 0,000000
9195,112747 10004,872213 0,000000
9245,112747 10004,872213 0,000000
9295,112747 10004,872213 0,000000
9345,112747 10004,872213 0,000000
9395,112747 10004,872213 0,000000
9445,112747 10004,872213 0,000000
9495,112747 10004,872213 0,000000
9545,112747 10004,872213 0,000000
9595,112747 10004,872213 0,000000
9645,112747 10004,872213 0,000000
9695,112747 10004,872213 0,000000
9745,112747 10004,872213 0,000000
9795,112747 10004,872213 0,000000
9845,112747 10004,872213 0,000000
9895,112747 10004,872213 0,000000
9945,112747 10004,872213 0,000000
9995,112747 10004,872213 0,000000
10045,112747 10004,872213 0,000000
10095,112747 10004,872213 0,000000
10145,112747 10004,872213 0,000000
10195,112747 10004,872213 0,000000
10245,112747 10004,872213 0,000000
10295,112747 10004,872213 0,000000
10345,112747 10004,872213 0,000000
10395,112747 10004,872213 0,000000
10445,112747 10004,872213 0,000000
10495,112747 10004,872213 0,000000
10545,112747 10004,872213 0,000000
10595,112747 10004,872213 0,000000
10645,112747 10004,872213 0,000000
10695,112747 10004,872213 0,000000
10745,112747 10004,872213 0,000000
10795,112747 10004,872213 0,000000
10845,112747 10004,872213 0,000000
10895,112747 10004,872213 0,000000
10945,112747 10004,872213 -0,000001
10995,112747 10004,872213 -0,000002
11045,112747 10004,872213 0,000003
11095,112747 10004,872213 0,000019
11145,112747 10004,872213 0,000009
11195,112747 10004,872213 -0,000102
11245,112747 10004,872213 -0,000219
11295,112747 10004,872213 0,000133
11345,112747 10004,872213 0,001076
11395,112747 10004,872213 0,001185
11445,112747 10004,872213 -0,000861
11495,112747 10004,872213 -0,003033
11545,112747 10004,872213 -0,003128
11595,112747 10004,872213 -0,002704
11645,112747 10004,872213 -0,002704
11695,112747 10004,872213 -0,003128
11745,112747 10004,872213 -0,003033
11795,112747 10004,872213 -0,000861
11845,112747 10004,872213 0,001185
11895,112747 10004,872213 0,001076
11945,112747 10004,872213 0,000133
11995,112747 10004,872213 -0,000219
12045,112747 10004,872213 -0,000102
12095,112747 10004,872213 0,000009
12145,112747 10004,872213 0,000019
12195,112747 10004,872213 0,000003
12245,112747 10004,872213 -0,000002
12295,112747 10004,872213 -0,000001
12345,112747 10004,872213 0,000000
12395,112747 10004,872213 0,000000
12445,112747 10004,872213 0,000000
12495,112747 10004,872213 0,000000
12545,112747 10004,872213 0,000000
12595,112747 10004,872213 0,000000
12645,112747 10004,872213 0,000000
12695,112747 10004,872213 0,000000
12745,112747 10004,872213 0,000000
12795,112747 10004,872213 0,000000
12845,112747 10004,872213 0,000000
12895,112747 10004,872213 0,000000
12945,112747 10004,872213 0,000000
12995,112747 10004,872213 0,000000
13045,112747 10004,872213 0,000000
13095,112747 10004,872213 0,000000
13145,112747 10004,872213 0,000000
13195,112747 10004,872213 0,000000
13245,112747 10004,872213 0,000000
13295,112747 10004,872213 0,000000
13345,112747 10004,872213 0,000000
13395,112747 10004,872213 0,000000
13445,112747 10004,872213 0,000000
13495,112747 10004,872213 0,000000
13545,112747 10004,872213 0,000000
13595,112747 10004,872213 0,000000
13645,112747 10004,872213 0,000000
13695,112747 10004,872213 0,000000
13745,112747 10004,872213 0,000000
13795,112747 10004,872213 0,000000
13845,112747 10004,872213 0,000000
13895,112747 10004,872213 0,000000
13945,112747 10004,872213 0,000000
13995,112747 10004,872213 0,000000
6545,112747 10054,872213 0,598501
6595,112747 10054,872213 0,512369
6645,112747 10054,872213 -0,012878
6695,112747 10054,872213 -0,445610
6745,112747 10054,872213 -0,279742
6795,112747 10054,872213 0,006194
6845,112747 10054,872213 0,063239
6895,112747 10054,872213 0,017347
6945,112747 10054,872213 -0,004906
6995,112747 10054,872213 -0,003292
7045,112747 10054,872213 -0,000093
7095,112747 10054,872213 0,000322
7145,112747 10054,872213 0,000060
7195,112747 10054,872213 -0,000020
7245,112747 10054,872213 -0,000008
7295,112747 10054,872213 0,000001
7345,112747 10054,872213 0,000001
7395,112747 10054,872213 0,000000
7445,112747 10054,872213 0,000000
7495,112747 10054,872213 0,000000
7545,112747 10054,872213 0,000000
7595,112747 10054,872213 0,000000
7645,112747 10054,872213 0,000000
7695,112747 10054,872213 0,000000
7745,112747 10054,872213 0,000000
7795,112747 10054,872213 0,000000
7845,112747 10054,872213 0,000000
7895,112747 10054,872213 0,000000
7945,112747 10054,872213 0,000000
7995,112747 10054,872213 0,000000
8045,112747 10054,872213 0,000000
8095,112747 10054,872213 0,000000
8145,112747 10054,872213 0,000000
8195,112747 10054,872213 0,000000
8245,112747 10054,872213 0,000000
8295,112747 10054,872213 0,000000
8345,112747 10054,872213 0,000000
8395,112747 10054,872213 0,000000
8445,112747 10054,872213 0,000000
8495,112747 10054,872213 0,000000
8545,112747 10054,872213 0,000000
8595,112747 10054,872213 0,000000
8645,112747 10054,872213 0,000000
8695,112747 10054,872213 0,000000
8745,112747 10054,872213 0,000000
8795,112747 10054,872213 0,000000
8845,112747 10054,872213 0,000000
8895,112747 10054,872213 0,000000
8945,112747 10054,872213 0,000000
8995,112747 10054,872213 0,000000
9045,112747 10054,872213 0,000000
9095,112747 10054,872213 0,000000
9145,112747 10054,872213 0,000000
9195,112747 10054,872213 0,000000
9245,112747 10054,872213 0,000000
9295,112747 10054,872213 0,000000
9345,112747 10054,872213 0,000000
9395,112747 10054,872213 0,000000
9445,112747 10054,872213 0,000000
9495,112747 10054,872213 0,000000
9545,112747 10054,872213 0,000000
9595,112747 10054,872213 0,000000
9645,112747 10054,872213 0,000000
9695,112747 10054,872213 0,000000
9745,112747 10054,872213 0,000000
9795,112747 10054,872213 0,000000
9845,112747 10054,872213 0,000000
9895,112747 10054,872213 0,000000
9945,112747 10054,872213 0,000000
9995,112747 10054,872213 0,000000
10045,112747 10054,872213 0,000000
10095,112747 10054,872213 0,000000
10145,112747 10054,872213 0,000000
10195,112747 10054,872213 0,000000
10245,112747 10054,872213 0,000000
10295,112747 10054,872213 0,000000
10345,112747 10054,872213 0,000000
10395,112747 10054,872213 0,000000
10445,112747 10054,872213 0,000000
10495,112747 10054,872213 0,000000
10545,112747 10054,872213 0,000000
10595,112747 10054,872213 0,000000
10645,112747 10054,872213 0,000000
10695,112747 10054,872213 0,000000
10745,112747 10054,872213 0,000000
10795,112747 10054,872213 0,000000
10845,112747 10054,872213 0,000000
10895,112747 10054,872213 0,000000
10945,112747 10054,872213 -0,000001
10995,112747 10054,872213 0,000002
11045,112747 10054,872213 0,000013
11095,112747 10054,872213 0,000010
11145,112747 10054,872213 -0,000087
11195,112747 10054,872213 -0,000219
11245,112747 10054,872213 0,000184
11295,112747 10054,872213 0,001520
11345,112747 10054,872213 0,001579
11395,112747 10054,872213 -0,003333
11445,112747 10054,872213 -0,009407
11495,112747 10054,872213 -0,006334
11545,112747 10054,872213 0,002465
11595,112747 10054,872213 0,005984
11645,112747 10054,872213 0,005984
11695,112747 10054,872213 0,002465
11745,112747 10054,872213 -0,006334
11795,112747 10054,872213 -0,009407
11845,112747 10054,872213 -0,003333
11895,112747 10054,872213 0,001579
11945,112747 10054,872213 0,001520
11995,112747 10054,872213 0,000184
12045,112747 10054,872213 -0,000219
12095,112747 10054,872213 -0,000087
12145,112747 10054,872213 0,000010
12195,112747 10054,872213 0,000013
12245,112747 10054,872213 0,000002
12295,112747 10054,872213 -0,000001
12345,112747 10054,872213 0,000000
12395,112747 10054,872213 0,000000
12445,112747 10054,872213 0,000000
12495,112747 10054,872213 0,000000
12545,112747 10054,872213 0,000000
12595,112747 10054,872213 0,000000
12645,112747 10054,872213 0,000000
12695,112747 10054,872213 0,000000
12745,112747 10054,872213 0,000000
12795,112747 10054,872213 0,000000
12845,112747 10054,872213 0,000000
12895,112747 10054,872213 0,000000
12945,112747 10054,872213 0,000000
12995,112747 10054,872213 0,000000
13045,112747 10054,872213 0,000000
13095,112747 10054,872213 0,000000
13145,112747 10054,872213 0,000000
13195,112747 10054,872213 0,000000
13245,112747 10054,872213 0,000000
13295,112747 10054,872213 0,000000
13345,112747 10054,872213 0,000000
13395,112747 10054,872213 0,000000
13445,112747 10054,872213 0,000000
13495,112747 10054,872213 0,000000
13545,112747 10054,872213 0,000000
13595,112747 10054,872213 0,000000
13645,112747 10054,872213 0,000000
13695,112747 10054,872213 0,000000
13745,112747 10054,872213 0,000000
13795,112747 10054,872213 0,000000
13845,112747 10054,872213 0,000000
13895,112747 10054,872213 0,000000
13945,112747 10054,872213 0,000000
13995,112747 10054,872213 0,000000
6545,112747 10104,872213 -0,038581
6595,112747 10104,872213 -0,137269
6645,112747 10104,872213 -0,196392
6695,112747 10104,872213 -0,118203
6745,112747 10104,872213 0,018599
6795,112747 10104,872213 0,053987
6845,112747 10104,872213 0,017593
6895,112747 10104,872213 -0,005423
6945,112747 10104,872213 -0,004699
6995,112747 10104,872213 -0,000397
7045,112747 10104,872213 0,000534
7095,112747 10104,872213 0,000159
7145,112747 10104,872213 -0,000028
7195,112747 10104,872213 -0,000021
7245,112747 10104,872213 -0,000001
7295,112747 10104,872213 0,000002
7345,112747 10104,872213 0,000000
7395,112747 10104,872213 0,000000
7445,112747 10104,872213 0,000000
7495,112747 10104,872213 0,000000
7545,112747 10104,872213 0,000000
7595,112747 10104,872213 0,000000
7645,112747 10104,872213 0,000000
7695,112747 10104,872213 0,000000
7745,112747 10104,872213 0,000000
7795,112747 10104,872213 0,000000
7845,112747 10104,872213 0,000000
7895,112747 10104,872213 0,000000
7945,112747 10104,872213 0,000000
7995,112747 10104,872213 0,000000
8045,112747 10104,872213 0,000000
8095,112747 10104,872213 0,000000
8145,112747 10104,872213 0,000000
8195,112747 10104,872213 0,000000
8245,112747 10104,872213 0,000000
8295,112747 10104,872213 0,000000
8345,112747 10104,872213 0,000000
8395,112747 10104,872213 0,000000
8445,112747 10104,872213 0,000000
8495,112747 10104,872213 0,000000
8545,112747 10104,872213 0,000000
8595,112747 10104,872213 0,000000
8645,112747 10104,872213 0,000000
8695,112747 10104,872213 0,000000
8745,112747 10104,872213 0,000000
8795,112747 10104,872213 0,000000
8845,112747 10104,872213 0,000000
8895,112747 10104,872213 0,000000
8945,112747 10104,872213 0,000000
8995,112747 10104,872213 0,000000
9045,112747 10104,872213 0,000000
9095,112747 10104,872213 0,000000
9145,112747 10104,872213 0,000000
9195,112747 10104,872213 0,000000
9245,112747 10104,872213 0,000000
9295,112747 10104,872213 0,000000
9345,112747 10104,872213 0,000000
9395,112747 10104,872213 0,000000
9445,112747 10104,872213 0,000000
9495,112747 10104,872213 0,000000
9545,112747 10104,872213 0,000000
9595,112747 10104,872213 0,000000
9645,112747 10104,872213 0,000000
9695,112747 10104,872213 0,000000
9745,112747 10104,872213 0,000000
9795,112747 10104,872213 0,000000
9845,112747 10104,872213 0,000000
9895,112747 10104,872213 0,000000
9945,112747 10104,872213 0,000000
9995,112747 10104,872213 0,000000
10045,112747 10104,872213 0,000000
10095,112747 10104,872213 0,000000
10145,112747 10104,872213 0,000000
10195,112747 10104,872213 0,000000
10245,112747 10104,872213 0,000000
10295,112747 10104,872213 0,000000
10345,112747 10104,872213 0,000000
10395,112747 10104,872213 0,000000
10445,112747 10104,872213 0,000000
10495,112747 10104,872213 0,000000
10545,112747 10104,872213 0,000000
10595,112747 10104,872213 0,000000
10645,112747 10104,872213 0,000000
10695,112747 10104,872213 0,000000
10745,112747 10104,872213 0,000000
10795,112747 10104,872213 0,000000
10845,112747 10104,872213 0,000000
10895,112747 10104,872213 -0,000001
10945,112747 10104,872213 0,000000
10995,112747 10104,872213 0,000007
11045,112747 10104,872213 0,000009
11095,112747 10104,872213 -0,000052
11145,112747 10104,872213 -0,000173
11195,112747 10104,872213 0,000133
11245,112747 10104,872213 0,001520
11295,112747 10104,872213 0,001712
11345,112747 10104,872213 -0,005669
11395,112747 10104,872213 -0,016887
11445,112747 10104,872213 -0,005387
11495,112747 10104,872213 0,034520
11545,112747 10104,872213 0,052999
11595,112747 10104,872213 0,043469
11645,112747 10104,872213 0,043469
11695,112747 10104,872213 0,052999
11745,112747 10104,872213 0,034520
11795,112747 10104,872213 -0,005387
11845,112747 10104,872213 -0,016887
11895,112747 10104,872213 -0,005669
11945,112747 10104,872213 0,001712
11995,112747 10104,872213 0,001520
12045,112747 10104,872213 0,000133
12095,112747 10104,872213 -0,000173
12145,112747 10104,872213 -0,000052
12195,112747 10104,872213 0,000009
12245,112747 10104,872213 0,000007
12295,112747 10104,872213 0,000000
12345,112747 10104,872213 -0,000001
12395,112747 10104,872213 0,000000
12445,112747 10104,872213 0,000000
12495,112747 10104,872213 0,000000
12545,112747 10104,872213 0,000000
12595,112747 10104,872213 0,000000
12645,112747 10104,872213 0,000000
12695,112747 10104,872213 0,000000
12745,112747 10104,872213 0,000000
12795,112747 10104,872213 0,000000
12845,112747 10104,872213 0,000000
12895,112747 10104,872213 0,000000
12945,112747 10104,872213 0,000000
12995,112747 10104,872213 0,000000
13045,112747 10104,872213 0,000000
13095,112747 10104,872213 0,000000
13145,112747 10104,872213 0,000000
13195,112747 10104,872213 0,000000
13245,112747 10104,872213 0,000000
13295,112747 10104,872213 0,000000
13345,112747 10104,872213 0,000000
13395,112747 10104,872213 0,000000
13445,112747 10104,872213 0,000000
13495,112747 10104,872213 0,000000
13545,112747 10104,872213 0,000000
13595,112747 10104,872213 0,000000
13645,112747 10104,872213 0,000000
13695,112747 10104,872213 0,000000
13745,112747 10104,872213 0,000000
13795,112747 10104,872213 0,000000
13845,112747 10104,872213 0,000000
13895,112747 10104,872213 0,000000
13945,112747 10104,872213 0,000000
13995,112747 10104,872213 0,000000
6545,112747 10154,872213 -0,031803
6595,112747 10154,872213 -0,040501
6645,112747 10154,872213 -0,016249
6695,112747 10154,872213 0,021847
6745,112747 10154,872213 0,031656
6795,112747 10154,872213 0,010653
6845,112747 10154,872213 -0,005131
6895,112747 10154,872213 -0,004776
6945,112747 10154,872213 -0,000554
6995,112747 10154,872213 0,000683
7045,112747 10154,872213 0,000267
7095,112747 10154,872213 -0,000030
7145,112747 10154,872213 -0,000040
7195,112747 10154,872213 -0,000005
7245,112747 10154,872213 0,000003
7295,112747 10154,872213 0,000001
7345,112747 10154,872213 0,000000
7395,112747 10154,872213 0,000000
7445,112747 10154,872213 0,000000
7495,112747 10154,872213 0,000000
7545,112747 10154,872213 0,000000
7595,112747 10154,872213 0,000000
7645,112747 10154,872213 0,000000
7695,112747 10154,872213 0,000000
7745,112747 10154,872213 0,000000
7795,112747 10154,872213 0,000000
7845,112747 10154,872213 0,000000
7895,112747 10154,872213 0,000000
7945,112747 10154,872213 0,000000
7995,112747 10154,872213 0,000000
8045,112747 10154,872213 0,000000
8095,112747 10154,872213 0,000000
8145,112747 10154,872213 0,000000
8195,112747 10154,872213 0,000000
8245,112747 10154,872213 0,000000
8295,112747 10154,872213 0,000000
8345,112747 10154,872213 0,000000
8395,112747 10154,872213 0,000000
8445,112747 10154,872213 0,000000
8495,112747 10154,872213 0,000000
8545,112747 10154,872213 0,000000
8595,112747 10154,872213 0,000000
8645,112747 10154,872213 0,000000
8695,112747 10154,872213 0,000000
8745,112747 10154,872213 0,000000
8795,112747 10154,872213 0,000000
8845,112747 10154,872213 0,000000
8895,112747 10154,872213 0,000000
8945,112747 10154,872213 0,000000
8995,112747 10154,872213 0,000000
9045,112747 10154,872213 0,000000
9095,112747 10154,872213 0,000000
9145,112747 10154,872213 0,000000
9195,112747 10154,872213 0,000000
9245,112747 10154,872213 0,000000
9295,112747 10154,872213 0,000000
9345,112747 10154,872213 0,000000
9395,112747 10154,872213 0,000000
9445,112747 10154,872213 0,000000
9495,112747 10154,872213 0,000000
9545,112747 10154,872213 0,000000
9595,112747 10154,872213 0,000000
9645,112747 10154,872213 0,000000
9695,112747 10154,872213 0,000000
9745,112747 10154,872213 0,000000
9795,112747 10154,872213 0,000000
9845,112747 10154,872213 0,000000
9895,112747 10154,872213 0,000000
9945,112747 10154,872213 0,000000
9995,112747 10154,872213 0,000000
10045,112747 10154,872213 0,000000
10095,112747 10154,872213 0,000000
10145,112747 10154,872213 0,000000
10195,112747 10154,872213 0,000000
10245,112747 10154,872213 0,000000
10295,112747 10154,872213 0,000000
10345,112747 10154,872213 0,000000
10395,112747 10154,872213 0,000000
10445,112747 10154,872213 0,000000
10495,112747 10154,872213 0,000000
10545,112747 10154,872213 0,000000
10595,112747 10154,872213 0,000000
10645,112747 10154,872213 0,000000
10695,112747 10154,872213 0,000000
10745,112747 10154,872213 0,000000
10795,112747 10154,872213 0,000000
10845,112747 10154,872213 0,000000
10895,112747 10154,872213 0,000000
10945,112747 10154,872213 0,000002
10995,112747 10154,872213 0,000006
11045,112747 10154,872213 -0,000020
11095,112747 10154,872213 -0,000105
11145,112747 10154,872213 0,000032
11195,112747 10154,872213 0,001076
11245,112747 10154,872213 0,001579
11295,112747 10154,872213 -0,005669
11345,112747 10154,872213 -0,020299
11395,112747 10154,872213 -0,001481
11445,112747 10154,872213 0,088233
11495,112747 10154,872213 0,134755
11545,112747 10154,872213 0,007938
11595,112747 10154,872213 -0,099848
11645,112747 10154,872213 -0,099848
11695,112747 10154,872213 0,007938
11745,112747 10154,872213 0,134755
11795,112747 10154,872213 0,088233
11845,112747 10154,872213 -0,001481
11895,112747 10154,872213 -0,020299
11945,112747 10154,872213 -0,005669
11995,112747 10154,872213 0,001579
12045,112747 10154,872213 0,001076
12095,112747 10154,872213 0,000032
12145,112747 10154,872213 -0,000105
12195,112747 10154,872213 -0,000020
12245,112747 10154,872213 0,000006
12295,112747 10154,872213 0,000002
12345,112747 10154,872213 0,000000
12395,112747 10154,872213 0,000000
12445,112747 10154,872213 0,000000
12495,112747 10154,872213 0,000000
12545,112747 10154,872213 0,000000
12595,112747 10154,872213 0,000000
12645,112747 10154,872213 0,000000
12695,112747 10154,872213 0,000000
12745,112747 10154,872213 0,000000
12795,112747 10154,872213 0,000000
12845,112747 10154,872213 0,000000
12895,112747 10154,872213 0,000000
12945,112747 10154,872213 0,000000
12995,112747 10154,872213 0,000000
13045,112747 10154,872213 0,000000
13095,112747 10154,872213 0,000000
13145,112747 10154,872213 0,000000
13195,112747 10154,872213 0,000000
13245,112747 10154,872213 0,000000
13295,112747 10154,872213 0,000000
13345,112747 10154,872213 0,000000
13395,112747 10154,872213 0,000000
13445,112747 10154,872213 0,000000
13495,112747 10154,872213 0,000000
13545,112747 10154,872213 0,000000
13595,112747 10154,872213 0,000000
13645,112747 10154,872213 0,000000
13695,112747 10154,872213 0,000000
13745,112747 10154,872213 0,000000
13795,112747 10154,872213 0,000000
13845,112747 10154,872213 0,000000
13895,112747 10154,872213 0,000000
13945,112747 10154,872213 0,000000
13995,112747 10154,872213 0,000000
6545,112747 10204,872213 0,000180
6595,112747 10204,872213 0,005604
6645,112747 10204,872213 0,011919
6695,112747 10204,872213 0,011643
6745,112747 10204,872213 0,003044
6795,112747 10204,872213 -0,003984
6845,112747 10204,872213 -0,003477
6895,112747 10204,872213 -0,000402
6945,112747 10204,872213 0,000695
6995,112747 10204,872213 0,000318
7045,112747 10204,872213 -0,000029
7095,112747 10204,872213 -0,000058
7145,112747 10204,872213 -0,000010
7195,112747 10204,872213 0,000005
7245,112747 10204,872213 0,000002
7295,112747 10204,872213 0,000000
7345,112747 10204,872213 0,000000
7395,112747 10204,872213 0,000000
7445,112747 10204,872213 0,000000
7495,112747 10204,872213 0,000000
7545,112747 10204,872213 0,000000
7595,112747 10204,872213 0,000000
7645,112747 10204,872213 0,000000
7695,112747 10204,872213 0,000000
7745,112747 10204,872213 0,000000
7795,112747 10204,872213 0,000000
7845,112747 10204,872213 0,000000
7895,112747 10204,872213 0,000000
7945,112747 10204,872213 0,000000
7995,112747 10204,872213 0,000000
8045,112747 10204,872213 0,000000
8095,112747 10204,872213 0,000000
8145,112747 10204,872213 0,000000
8195,112747 10204,872213 0,000000
8245,112747 10204,872213 0,000000
8295,112747 10204,872213 0,000000
8345,112747 10204,872213 0,000000
8395,112747 10204,872213 0,000000
8445,112747 10204,872213 0,000000
8495,112747 10204,872213 0,000000
8545,112747 10204,872213 0,000000
8595,112747 10204,872213 0,000000
8645,112747 10204,872213 0,000000
8695,112747 10204,872213 0,000000
8745,112747 10204,872213 0,000000
8795,112747 10204,872213 0,000000
8845,112747 10204,872213 0,000000
8895,112747 10204,872213 0,000000
8945,112747 10204,872213 0,000000
8995,112747 10204,872213 0,000000
9045,112747 10204,872213 0,000000
9095,112747 10204,872213 0,000000
9145,112747 10204,872213 0,000000
9195,112747 10204,872213 0,000000
9245,112747 10204,872213 0,000000
9295,112747 10204,872213 0,000000
9345,112747 10204,872213 0,000000
9395,112747 10204,872213 0,000000
9445,112747 10204,872213 0,000000
9495,112747 10204,872213 0,000000
9545,112747 10204,872213 0,000000
9595,112747 10204,872213 0,000000
9645,112747 10204,872213 0,000000
9695,112747 10204,872213 0,000000
9745,112747 10204,872213 0,000000
9795,112747 10204,872213 0,000000
9845,112747 10204,872213 0,000000
9895,112747 10204,872213 0,000000
9945,112747 10204,872213 0,000000
9995,112747 10204,872213 0,000000
10045,112747 10204,872213 0,000000
10095,112747 10204,872213 0,000000
10145,112747 10204,872213 0,000000
10195,112747 10204,872213 0,000000
10245,112747 10204,872213 0,000000
10295,112747 10204,872213 0,000000
10345,112747 10204,872213 0,000000
10395,112747 10204,872213 0,000000
10445,112747 10204,872213 0,000000
10495,112747 10204,872213 0,000000
10545,112747 10204,872213 0,000000
10595,112747 10204,872213 0,000000
10645,112747 10204,872213 0,000000
10695,112747 10204,872213 0,000000
10745,112747 10204,872213 0,000000
10795,112747 10204,872213 0,000000
10845,112747 10204,872213 0,000000
10895,112747 10204,872213 0,000000
10945,112747 10204,872213 0,000003
10995,112747 10204,872213 -0,000003
11045,112747 10204,872213 -0,000045
11095,112747 10204,872213 -0,000031
11145,112747 10204,872213 0,000510
11195,112747 10204,872213 0,001185
11245,112747 10204,872213 -0,003333
11295,112747 10204,872213 -0,016887
11345,112747 10204,872213 -0,001481
11395,112747 10204,872213 0,116640
11445,112747 10204,872213 0,199895
11495,112747 10204,872213 -0,188278
11545,112747 10204,872213 -0,810485
11595,112747 10204,872213 -0,776856
11645,112747 10204,872213 -0,776856
11695,112747 10204,872213 -0,810485
11745,112747 10204,872213 -0,188278
11795,112747 10204,872213 0,199895
11845,112747 10204,872213 0,116640
11895,112747 10204,872213 -0,001481
11945,112747 10204,872213 -0,016887
11995,112747 10204,872213 -0,003333
12045,112747 10204,872213 0,001185
12095,112747 10204,872213 0,000510
12145,112747 10204,872213 -0,000031
12195,112747 10204,872213 -0,000046
12245,112747 10204,872213 -0,000003
12295,112747 10204,872213 0,000003
12345,112747 10204,872213 0,000000
12395,112747 10204,872213 0,000000
12445,112747 10204,872213 0,000000
12495,112747 10204,872213 0,000000
12545,112747 10204,872213 0,000000
12595,112747 10204,872213 0,000000
12645,112747 10204,872213 0,000000
12695,112747 10204,872213 0,000000
12745,112747 10204,872213 0,000000
12795,112747 10204,872213 0,000000
12845,112747 10204,872213 0,000000
12895,112747 10204,872213 0,000000
12945,112747 10204,872213 0,000000
12995,112747 10204,872213 0,000000
13045,112747 10204,872213 0,000000
13095,112747 10204,872213 0,000000
13145,112747 10204,872213 0,000000
13195,112747 10204,872213 0,000000
13245,112747 10204,872213 0,000000
13295,112747 10204,872213 0,000000
13345,112747 10204,872213 0,000000
13395,112747 10204,872213 0,000000
13445,112747 10204,872213 0,000000
13495,112747 10204,872213 0,000000
13545,112747 10204,872213 0,000000
13595,112747 10204,872213 0,000000
13645,112747 10204,872213 0,000000
13695,112747 10204,872213 0,000000
13745,112747 10204,872213 0,000000
13795,112747 10204,872213 0,000000
13845,112747 10204,872213 0,000000
13895,112747 10204,872213 0,000000
13945,112747 10204,872213 0,000000
13995,112747 10204,872213 0,000000
6545,112747 10254,872213 0,001532
6595,112747 10254,872213 0,002687
6645,112747 10254,872213 0,001947
6695,112747 10254,872213 -0,000434
6745,112747 10254,872213 -0,002303
6795,112747 10254,872213 -0,001742
6845,112747 10254,872213 -0,000094
6895,112747 10254,872213 0,000564
6945,112747 10254,872213 0,000275
6995,112747 10254,872213 -0,000030
7045,112747 10254,872213 -0,000066
7095,112747 10254,872213 -0,000015
7145,112747 10254,872213 0,000007
7195,112747 10254,872213 0,000004
7245,112747 10254,872213 0,000000
7295,112747 10254,872213 0,000000
7345,112747 10254,872213 0,000000
7395,112747 10254,872213 0,000000
7445,112747 10254,872213 0,000000
7495,112747 10254,872213 0,000000
7545,112747 10254,872213 0,000000
7595,112747 10254,872213 0,000000
7645,112747 10254,872213 0,000000
7695,112747 10254,872213 0,000000
7745,112747 10254,872213 0,000000
7795,112747 10254,872213 0,000000
7845,112747 10254,872213 0,000000
7895,112747 10254,872213 0,000000
7945,112747 10254,872213 0,000000
7995,112747 10254,872213 0,000000
8045,112747 10254,872213 0,000000
8095,112747 10254,872213 0,000000
8145,112747 10254,872213 0,000000
8195,112747 10254,872213 0,000000
8245,112747 10254,872213 0,000000
8295,112747 10254,872213 0,000000
8345,112747 10254,872213 0,000000
8395,112747 10254,872213 0,000000
8445,112747 10254,872213 0,000000
8495,112747 10254,872213 0,000000
8545,112747 10254,872213 0,000000
8595,112747 10254,872213 0,000000
8645,112747 10254,872213 0,000000
8695,112747 10254,872213 0,000000
8745,112747 10254,872213 0,000000
8795,112747 10254,872213 0,000000
8845,112747 10254,872213 0,000000
8895,112747 10254,872213 0,000000
8945,112747 10254,872213 0,000000
8995,112747 10254,872213 0,000000
9045,112747 10254,872213 0,000000
9095,112747 10254,872213 0,000000
9145,112747 10254,872213 0,000000
9195,112747 10254,872213 0,000000
9245,112747 10254,872213 0,000000
9295,112747 10254,872213 0,000000
9345,112747 10254,872213 0,000000
9395,112747 10254,872213 0,000000
9445,112747 10254,872213 0,000000
9495,112747 10254,872213 0,000000
9545,112747 10254,872213 0,000000
9595,112747 10254,872213 0,000000
9645,112747 10254,872213 0,000000
9695,112747 10254,872213 0,000000
9745,112747 10254,872213 0,000000
9795,112747 10254,872213 0,000000
9845,112747 10254,872213 0,000000
9895,112747 10254,872213 0,000000
9945,112747 10254,872213 0,000000
9995,112747 10254,872213 0,000000
10045,112747 10254,872213 0,000000
10095,112747 10254,872213 0,000000
10145,112747 10254,872213 0,000000
10195,112747 10254,872213 0,000000
10245,112747 10254,872213 0,000000
10295,112747 10254,872213 0,000000
10345,112747 10254,872213 0,000000
10395,112747 10254,872213 0,000000
10445,112747 10254,872213 0,000000
10495,112747 10254,872213 0,000000
10545,112747 10254,872213 0,000000
10595,112747 10254,872213 0,000000
10645,112747 10254,872213 0,000000
10695,112747 10254,872213 0,000000
10745,112747 10254,872213 0,000000
10795,112747 10254,872213 0,000000
10845,112747 10254,872213 0,000000
10895,112747 10254,872213 0,000001
10945,112747 10254,872213 0,000002
10995,112747 10254,872213 -0,000011
11045,112747 10254,872213 -0,000034
11095,112747 10254,872213 0,000131
11145,112747 10254,872213 0,000644
11195,112747 10254,872213 -0,000861
11245,112747 10254,872213 -0,009407
11295,112747 10254,872213 -0,005387
11345,112747 10254,872213 0,088233
11395,112747 10254,872213 0,199895
11445,112747 10254,872213 -0,323744
11495,112747 10254,872213 -1,691830
11545,112747 10254,872213 -1,265642
11595,112747 10254,872213 1,528846
11645,112747 10254,872213 1,528846
11695,112747 10254,872213 -1,265642
11745,112747 10254,872213 -1,691830
11795,112747 10254,872213 -0,323744
11845,112747 10254,872213 0,199895
11895,112747 10254,872213 0,088233
11945,112747 10254,872213 -0,005387
11995,112747 10254,872213 -0,009407
12045,112747 10254,872213 -0,000861
12095,112747 10254,872213 0,000644
12145,112747 10254,872213 0,000131
12195,112747 10254,872213 -0,000034
12245,112747 10254,872213 -0,000011
12295,112747 10254,872213 0,000002
12345,112747 10254,872213 0,000001
12395,112747 10254,872213 0,000000
12445,112747 10254,872213 0,000000
12495,112747 10254,872213 0,000000
12545,112747 10254,872213 0,000000
12595,112747 10254,872213 0,000000
12645,112747 10254,872213 0,000000
12695,112747 10254,872213 0,000000
12745,112747 10254,872213 0,000000
12795,112747 10254,872213 0,000000
12845,112747 10254,872213 0,000000
12895,112747 10254,872213 0,000000
12945,112747 10254,872213 0,000000
12995,112747 10254,872213 0,000000
13045,112747 10254,872213 0,000000
13095,112747 10254,872213 0,000000
13145,112747 10254,872213 0,000000
13195,112747 10254,872213 0,000000
13245,112747 10254,872213 0,000000
13295,112747 10254,872213 0,000000
13345,112747 10254,872213 0,000000
13395,112747 10254,872213 0,000000
13445,112747 10254,872213 0,000000
13495,112747 10254,872213 0,000000
13545,112747 10254,872213 0,000000
13595,112747 10254,872213 0,000000
13645,112747 10254,872213 0,000000
13695,112747 10254,872213 0,000000
13745,112747 10254,872213 0,000000
13795,112747 10254,872213 0,000000
13845,112747 10254,872213 0,000000
13895,112747 10254,872213 0,000000
13945,112747 10254,872213 0,000000
13995,112747 10254,872213 0,000000
6545,112747 10304,872213 0,000025
6595,112747 10304,872213 -0,000176
6645,112747 10304,872213 -0,000629
6695,112747 10304,872213 -0,000868
6745,112747 10304,872213 -0,000525
6795,112747 10304,872213 0,000106
6845,112747 10304,872213 0,000357
6895,112747 10304,872213 0,000170
6945,112747 10304,872213 -0,000033
6995,112747 10304,872213 -0,000060
7045,112747 10304,872213 -0,000015
7095,112747 10304,872213 0,000007
7145,112747 10304,872213 0,000005
7195,112747 10304,872213 0,000000
7245,112747 10304,872213 -0,000001
7295,112747 10304,872213 0,000000
7345,112747 10304,872213 0,000000
7395,112747 10304,872213 0,000000
7445,112747 10304,872213 0,000000
7495,112747 10304,872213 0,000000
7545,112747 10304,872213 0,000000
7595,112747 10304,872213 0,000000
7645,112747 10304,872213 0,000000
7695,112747 10304,872213 0,000000
7745,112747 10304,872213 0,000000
7795,112747 10304,872213 0,000000
7845,112747 10304,872213 0,000000
7895,112747 10304,872213 0,000000
7945,112747 10304,872213 0,000000
7995,112747 10304,872213 0,000000
8045,112747 10304,872213 0,000000
8095,112747 10304,872213 0,000000
8145,112747 10304,872213 0,000000
8195,112747 10304,872213 0,000000
8245,112747 10304,872213 0,000000
8295,112747 10304,872213 0,000000
8345,112747 10304,872213 0,000000
8395,112747 10304,872213 0,000000
8445,112747 10304,872213 0,000000
8495,112747 10304,872213 0,000000
8545,112747 10304,872213 0,000000
8595,112747 10304,872213 0,000000
8645,112747 10304,872213 0,000000
8695,112747 10304,872213 0,000000
8745,112747 10304,872213 0,000000
8795,112747 10304,872213 0,000000
8845,112747 10304,872213 0,000000
8895,112747 10304,872213 0,000000
8945,112747 10304,872213 0,000000
8995,112747 10304,872213 0,000000
9045,112747 10304,872213 0,000000
9095,112747 10304,872213 0,000000
9145,112747 10304,872213 0,000000
9195,112747 10304,872213 0,000000
9245,112747 10304,872213 0,000000
9295,112747 10304,872213 0,000000
9345,112747 10304,872213 0,000000
9395,112747 10304,872213 0,000000
9445,112747 10304,872213 0,000000
9495,112747 10304,872213 0,000000
9545,112747 10304,872213 0,000000
9595,112747 10304,872213 0,000000
9645,112747 10304,872213 0,000000
9695,112747 10304,872213 0,000000
9745,112747 10304,872213 0,000000
9795,112747 10304,872213 0,000000
9845,112747 10304,872213 0,000000
9895,112747 10304,872213 0,000000
9945,112747 10304,872213 0,000000
9995,112747 10304,872213 0,000000
10045,112747 10304,872213 0,000000
10095,112747 10304,872213 0,000000
10145,112747 10304,872213 0,000000
10195,112747 10304,872213 0,000000
10245,112747 10304,872213 0,000000
10295,112747 10304,872213 0,000000
10345,112747 10304,872213 0,000000
10395,112747 10304,872213 0,000000
10445,112747 10304,872213 0,000000
10495,112747 10304,872213 0,000000
10545,112747 10304,872213 0,000000
10595,112747 10304,872213 0,000000
10645,112747 10304,872213 0,000000
10695,112747 10304,872213 0,000000
10745,112747 10304,872213 0,000000
10795,112747 10304,872213 0,000000
10845,112747 10304,872213 0,000000
10895,112747 10304,872213 0,000001
10945,112747 10304,872213 0,000000
10995,112747 10304,872213 -0,000014
11045,112747 10304,872213 -0,000003
11095,112747 10304,872213 0,000208
11145,112747 10304,872213 0,000195
11195,112747 10304,872213 -0,003033
11245,112747 10304,872213 -0,006334
11295,112747 10304,872213 0,034520
11345,112747 10304,872213 0,134755
11395,112747 10304,872213 -0,188278
11445,112747 10304,872213 -1,691830
11495,112747 10304,872213 -1,292969
11545,112747 10304,872213 8,098471
11595,112747 10304,872213 15,516444
11645,112747 10304,872213 15,516444
11695,112747 10304,872213 8,098471
11745,112747 10304,872213 -1,292969
11795,112747 10304,872213 -1,691830
11845,112747 10304,872213 -0,188278
11895,112747 10304,872213 0,134755
11945,112747 10304,872213 0,034520
11995,112747 10304,872213 -0,006334
12045,112747 10304,872213 -0,003033
12095,112747 10304,872213 0,000195
12145,112747 10304,872213 0,000208
12195,112747 10304,872213 -0,000003
12245,112747 10304,872213 -0,000013
12295,112747 10304,872213 0,000000
12345,112747 10304,872213 0,000001
12395,112747 10304,872213 0,000000
12445,112747 10304,872213 0,000000
12495,112747 10304,872213 0,000000
12545,112747 10304,872213 0,000000
12595,112747 10304,872213 0,000000
12645,112747 10304,872213 0,000000
12695,112747 10304,872213 0,000000
12745,112747 10304,872213 0,000000
12795,112747 10304,872213 0,000000
12845,112747 10304,872213 0,000000
12895,112747 10304,872213 0,000000
12945,112747 10304,872213 0,000000
12995,112747 10304,872213 0,000000
13045,112747 10304,872213 0,000000
13095,112747 10304,872213 0,000000
13145,112747 10304,872213 0,000000
13195,112747 10304,872213 0,000000
13245,112747 10304,872213 0,000000
13295,112747 10304,872213 0,000000
13345,112747 10304,872213 0,000000
13395,112747 10304,872213 0,000000
13445,112747 10304,872213 0,000000
13495,112747 10304,872213 0,000000
13545,112747 10304,872213 0,000000
13595,112747 10304,872213 0,000000
13645,112747 10304,872213 0,000000
13695,112747 10304,872213 0,000000
13745,112747 10304,872213 0,000000
13795,112747 10304,872213 0,000000
13845,112747 10304,872213 0,000000
13895,112747 10304,872213 0,000000
13945,112747 10304,872213 0,000000
13995,112747 10304,872213 0,000000
6545,112747 10354,872213 -0,000078
6595,112747 10354,872213 -0,000157
6645,112747 10354,872213 -0,000162
6695,112747 10354,872213 -0,000043
6745,112747 10354,872213 0,000119
6795,112747 10354,872213 0,000167
6845,112747 10354,872213 0,000069
6895,112747 10354,872213 -0,000031
6945,112747 10354,872213 -0,000043
6995,112747 10354,872213 -0,000011
7045,112747 10354,872213 0,000007
7095,112747 10354,872213 0,000005
7145,112747 10354,872213 0,000000
7195,112747 10354,872213 -0,000001
7245,112747 10354,872213 0,000000
7295,112747 10354,872213 0,000000
7345,112747 10354,872213 0,000000
7395,112747 10354,872213 0,000000
7445,112747 10354,872213 0,000000
7495,112747 10354,872213 0,000000
7545,112747 10354,872213 0,000000
7595,112747 10354,872213 0,000000
7645,112747 10354,872213 0,000000
7695,112747 10354,872213 0,000000
7745,112747 10354,872213 0,000000
7795,112747 10354,872213 0,000000
7845,112747 10354,872213 0,000000
7895,112747 10354,872213 0,000000
7945,112747 10354,872213 0,000000
7995,112747 10354,872213 0,000000
8045,112747 10354,872213 0,000000
8095,112747 10354,872213 0,000000
8145,112747 10354,872213 0,000000
8195,112747 10354,872213 0,000000
8245,112747 10354,872213 0,000000
8295,112747 10354,872213 0,000000
8345,112747 10354,872213 0,000000
8395,112747 10354,872213 0,000000
8445,112747 10354,872213 0,000000
8495,112747 10354,872213 0,000000
8545,112747 10354,872213 0,000000
8595,112747 10354,872213 0,000000
8645,112747 10354,872213 0,000000
8695,112747 10354,872213 0,000000
8745,112747 10354,872213 0,000000
8795,112747 10354,872213 0,000000
8845,112747 10354,872213 0,000000
8895,112747 10354,872213 0,000000
8945,112747 10354,872213 0,000000
8995,112747 10354,872213 0,000000
9045,112747 10354,872213 0,000000
9095,112747 10354,872213 0,000000
9145,112747 10354,872213 0,000000
9195,112747 10354,872213 0,000000
9245,112747 10354,872213 0,000000
9295,112747 10354,872213 0,000000
9345,112747 10354,872213 0,000000
9395,112747 10354,872213 0,000000
9445,112747 10354,872213 0,000000
9495,112747 10354,872213 0,000000
9545,112747 10354,872213 0,000000
9595,112747 10354,872213 0,000000
9645,112747 10354,872213 0,000000
9695,112747 10354,872213 0,000000
9745,112747 10354,872213 0,000000
9795,112747 10354,872213 0,000000
9845,112747 10354,872213 0,000000
9895,112747 10354,872213 0,000000
9945,112747 10354,872213 0,000000
9995,112747 10354,872213 0,000000
10045,112747 10354,872213 0,000000
10095,112747 10354,872213 0,000000
10145,112747 10354,872213 0,000000
10195,112747 10354,872213 0,000000
10245,112747 10354,872213 0,000000
10295,112747 10354,872213 0,000000
10345,112747 10354,872213 0,000000
10395,112747 10354,872213 0,000000
10445,112747 10354,872213 0,000000
10495,112747 10354,872213 0,000000
10545,112747 10354,872213 0,000000
10595,112747 10354,872213 0,000000
10645,112747 10354,872213 0,000000
10695,112747 10354,872213 0,000000
10745,112747 10354,872213 0,000000
10795,112747 10354,872213 0,000000
10845,112747 10354,872213 0,000000
10895,112747 10354,872213 0,000001
10945,112747 10354,872213 -0,000001
10995,112747 10354,872213 -0,000012
11045,112747 10354,872213 0,000016
11095,112747 10354,872213 0,000193
11145,112747 10354,872213 -0,000226
11195,112747 10354,872213 -0,003128
11245,112747 10354,872213 0,002465
11295,112747 10354,872213 0,052999
11345,112747 10354,872213 0,007938
11395,112747 10354,872213 -0,810485
11445,112747 10354,872213 -1,265642
11495,112747 10354,872213 8,098471
11545,112747 10354,872213 26,083116
11595,112747 10354,872213 -11,563572
11645,112747 10354,872213 -11,563572
11695,112747 10354,872213 26,083116
11745,112747 10354,872213 8,098471
11795,112747 10354,872213 -1,265642
11845,112747 10354,872213 -0,810485
11895,112747 10354,872213 0,007938
11945,112747 10354,872213 0,052999
11995,112747 10354,872213 0,002465
12045,112747 10354,872213 -0,003128
12095,112747 10354,872213 -0,000226
12145,112747 10354,872213 0,000193
12195,112747 10354,872213 0,000016
12245,112747 10354,872213 -0,000012
12295,112747 10354,872213 -0,000001
12345,112747 10354,872213 0,000001
12395,112747 10354,872213 0,000000
12445,112747 10354,872213 0,000000
12495,112747 10354,872213 0,000000
12545,112747 10354,872213 0,000000
12595,112747 10354,872213 0,000000
12645,112747 10354,872213 0,000000
12695,112747 10354,872213 0,000000
12745,112747 10354,872213 0,000000
12795,112747 10354,872213 0,000000
12845,112747 10354,872213 0,000000
12895,112747 10354,872213 0,000000
12945,112747 10354,872213 0,000000
12995,112747 10354,872213 0,000000
13045,112747 10354,872213 0,000000
13095,112747 10354,872213 0,000000
13145,112747 10354,872213 0,000000
13195,112747 10354,872213 0,000000
13245,112747 10354,872213 0,000000
13295,112747 10354,872213 0,000000
13345,112747 10354,872213 0,000000
13395,112747 10354,872213 0,000000
13445,112747 10354,872213 0,000000
13495,112747 10354,872213 0,000000
13545,112747 10354,872213 0,000000
13595,112747 10354,872213 0,000000
13645,112747 10354,872213 0,000000
13695,112747 10354,872213 0,000000
13745,112747 10354,872213 0,000000
13795,112747 10354,872213 0,000000
13845,112747 10354,872213 0,000000
13895,112747 10354,872213 0,000000
13945,112747 10354,872213 0,000000
13995,112747 10354,872213 0,000000
6545,112747 10404,872213 -0,000002
6595,112747 10404,872213 0,000004
6645,112747 10404,872213 0,000029
6695,112747 10404,872213 0,000055
6745,112747 10404,872213 0,000051
6795,112747 10404,872213 0,000012
6845,112747 10404,872213 -0,000023
6895,112747 10404,872213 -0,000023
6945,112747 10404,872213 -0,000005
6995,112747 10404,872213 0,000006
7045,112747 10404,872213 0,000004
7095,112747 10404,872213 0,000000
7145,112747 10404,872213 -0,000001
7195,112747 10404,872213 0,000000
7245,112747 10404,872213 0,000000
7295,112747 10404,872213 0,000000
7345,112747 10404,872213 0,000000
7395,112747 10404,872213 0,000000
7445,112747 10404,872213 0,000000
7495,112747 10404,872213 0,000000
7545,112747 10404,872213 0,000000
7595,112747 10404,872213 0,000000
7645,112747 10404,872213 0,000000
7695,112747 10404,872213 0,000000
7745,112747 10404,872213 0,000000
7795,112747 10404,872213 0,000000
7845,112747 10404,872213 0,000000
7895,112747 10404,872213 0,000000
7945,112747 10404,872213 0,000000
7995,112747 10404,872213 0,000000
8045,112747 10404,872213 0,000000
8095,112747 10404,872213 0,000000
8145,112747 10404,872213 0,000000
8195,112747 10404,872213 0,000000
8245,112747 10404,872213 0,000000
8295,112747 10404,872213 0,000000
8345,112747 10404,872213 0,000000
8395,112747 10404,872213 0,000000
8445,112747 10404,872213 0,000000
8495,112747 10404,872213 0,000000
8545,112747 10404,872213 0,000000
8595,112747 10404,872213 0,000000
8645,112747 10404,872213 0,000000
8695,112747 10404,872213 0,000000
8745,112747 10404,872213 0,000000
8795,112747 10404,872213 0,000000
8845,112747 10404,872213 0,000000
8895,112747 10404,872213 0,000000
8945,112747 10404,872213 0,000000
8995,112747 10404,872213 0,000000
9045,112747 10404,872213 0,000000
9095,112747 10404,872213 0,000000
9145,112747 10404,872213 0,000000
9195,112747 10404,872213 0,000000
9245,112747 10404,872213 0,000000
9295,112747 10404,872213 0,000000
9345,112747 10404,872213 0,000000
9395,112747 10404,872213 0,000000
9445,112747 10404,872213 0,000000
9495,112747 10404,872213 0,000000
9545,112747 10404,872213 0,000000
9595,112747 10404,872213 0,000000
9645,112747 10404,872213 0,000000
9695,112747 10404,872213 0,000000
9745,112747 10404,872213 0,000000
9795,112747 10404,872213 0,000000
9845,112747 10404,872213 0,000000
9895,112747 10404,872213 0,000000
9945,112747 10404,872213 0,000000
9995,112747 10404,872213 0,000000
10045,112747 10404,872213 0,000000
10095,112747 10404,872213 0,000000
10145,112747 10404,872213 0,000000
10195,112747 10404,872213 0,000000
10245,112747 10404,872213 0,000000
10295,112747 10404,872213 0,000000
10345,112747 10404,872213 0,000000
10395,112747 10404,872213 0,000000
10445,112747 10404,872213 0,000000
10495,112747 10404,872213 0,000000
10545,112747 10404,872213 0,000000
10595,112747 10404,872213 0,000000
10645,112747 10404,872213 0,000000
10695,112747 10404,872213 0,000000
10745,112747 10404,872213 0,000000
10795,112747 10404,872213 0,000000
10845,112747 10404,872213 0,000000
10895,112747 10404,872213 0,000001
10945,112747 10404,872213 -0,000002
10995,112747 10404,872213 -0,000011
11045,112747 10404,872213 0,000025
11095,112747 10404,872213 0,000175
11145,112747 10404,872213 -0,000379
11195,112747 10404,872213 -0,002704
11245,112747 10404,872213 0,005984
11295,112747 10404,872213 0,043469
11345,112747 10404,872213 -0,099848
11395,112747 10404,872213 -0,776856
11445,112747 10404,872213 1,528846
11495,112747 10404,872213 15,516444
11545,112747 10404,872213 -11,563572
11595,112747 10404,872213 -291,602275
11645,112747 10404,872213 -291,602275
11695,112747 10404,872213 -11,563572
11745,112747 10404,872213 15,516444
11795,112747 10404,872213 1,528846
11845,112747 10404,872213 -0,776856
11895,112747 10404,872213 -0,099848
11945,112747 10404,872213 0,043469
11995,112747 10404,872213 0,005984
12045,112747 10404,872213 -0,002704
12095,112747 10404,872213 -0,000379
12145,112747 10404,872213 0,000175
12195,112747 10404,872213 0,000025
12245,112747 10404,872213 -0,000011
12295,112747 10404,872213 -0,000002
12345,112747 10404,872213 0,000001
12395,112747 10404,872213 0,000000
12445,112747 10404,872213 0,000000
12495,112747 10404,872213 0,000000
12545,112747 10404,872213 0,000000
12595,112747 10404,872213 0,000000
12645,112747 10404,872213 0,000000
12695,112747 10404,872213 0,000000
12745,112747 10404,872213 0,000000
12795,112747 10404,872213 0,000000
12845,112747 10404,872213 0,000000
12895,112747 10404,872213 0,000000
12945,112747 10404,872213 0,000000
12995,112747 10404,872213 0,000000
13045,112747 10404,872213 0,000000
13095,112747 10404,872213 0,000000
13145,112747 10404,872213 0,000000
13195,112747 10404,872213 0,000000
13245,112747 10404,872213 0,000000
13295,112747 10404,872213 0,000000
13345,112747 10404,872213 0,000000
13395,112747 10404,872213 0,000000
13445,112747 10404,872213 0,000000
13495,112747 10404,872213 0,000000
13545,112747 10404,872213 0,000000
13595,112747 10404,872213 0,000000
13645,112747 10404,872213 0,000000
13695,112747 10404,872213 0,000000
13745,112747 10404,872213 0,000000
13795,112747 10404,872213 0,000000
13845,112747 10404,872213 0,000000
13895,112747 10404,872213 0,000000
13945,112747 10404,872213 0,000000
13995,112747 10404,872213 0,000000
6545,112747 10454,872213 0,000004
6595,112747 10454,872213 0,000009
6645,112747 10454,872213 0,000011
6695,112747 10454,872213 0,000007
6745,112747 10454,872213 -0,000004
6795,112747 10454,872213 -0,000012
6845,112747 10454,872213 -0,000009
6895,112747 10454,872213 -0,000001
6945,112747 10454,872213 0,000004
6995,112747 10454,872213 0,000002
7045,112747 10454,872213 0,000000
7095,112747 10454,872213 -0,000001
7145,112747 10454,872213 0,000000
7195,112747 10454,872213 0,000000
7245,112747 10454,872213 0,000000
7295,112747 10454,872213 0,000000
7345,112747 10454,872213 0,000000
7395,112747 10454,872213 0,000000
7445,112747 10454,872213 0,000000
7495,112747 10454,872213 0,000000
7545,112747 10454,872213 0,000000
7595,112747 10454,872213 0,000000
7645,112747 10454,872213 0,000000
7695,112747 10454,872213 0,000000
7745,112747 10454,872213 0,000000
7795,112747 10454,872213 0,000000
7845,112747 10454,872213 0,000000
7895,112747 10454,872213 0,000000
7945,112747 10454,872213 0,000000
7995,112747 10454,872213 0,000000
8045,112747 10454,872213 0,000000
8095,112747 10454,872213 0,000000
8145,112747 10454,872213 0,000000
8195,112747 10454,872213 0,000000
8245,112747 10454,872213 0,000000
8295,112747 10454,872213 0,000000
8345,112747 10454,872213 0,000000
8395,112747 10454,872213 0,000000
8445,112747 10454,872213 0,000000
8495,112747 10454,872213 0,000000
8545,112747 10454,872213 0,000000
8595,112747 10454,872213 0,000000
8645,112747 10454,872213 0,000000
8695,112747 10454,872213 0,000000
8745,112747 10454,872213 0,000000
8795,112747 10454,872213 0,000000
8845,112747 10454,872213 0,000000
8895,112747 10454,872213 0,000000
8945,112747 10454,872213 0,000000
8995,112747 10454,872213 0,000000
9045,112747 10454,872213 0,000000
9095,112747 10454,872213 0,000000
9145,112747 10454,872213 0,000000
9195,112747 10454,872213 0,000000
9245,112747 10454,872213 0,000000
9295,112747 10454,872213 0,000000
9345,112747 10454,872213 0,000000
9395,112747 10454,872213 0,000000
9445,112747 10454,872213 0,000000
9495,112747 10454,872213 0,000000
9545,112747 10454,872213 0,000000
9595,112747 10454,872213 0,000000
9645,112747 10454,872213 0,000000
9695,112747 10454,872213 0,000000
9745,112747 10454,872213 0,000000
9795,112747 10454,872213 0,000000
9845,112747 10454,872213 0,000000
9895,112747 10454,872213 0,000000
9945,112747 10454,872213 0,000000
9995,112747 10454,872213 0,000000
10045,112747 10454,872213 0,000000
10095,112747 10454,872213 0,000000
10145,112747 10454,872213 0,000000
10195,112747 10454,872213 0,000000
10245,112747 10454,872213 0,000000
10295,112747 10454,872213 0,000000
10345,112747 10454,872213 0,000000
10395,112747 10454,872213 0,000000
10445,112747 10454,872213 0,000000
10495,112747 10454,872213 0,000000
10545,112747 10454,872213 0,000000
10595,112747 10454,872213 0,000000
10645,112747 10454,872213 0,000000
10695,112747 10454,872213 0,000000
10745,112747 10454,872213 0,000000
10795,112747 10454,872213 0,000000
10845,112747 10454,872213 0,000000
10895,112747 10454,872213 0,000001
10945,112747 10454,872213 -0,000002
10995,112747 10454,872213 -0,000011
11045,112747 10454,872213 0,000025
11095,112747 10454,872213 0,000175
11145,112747 10454,872213 -0,000379
11195,112747 10454,872213 -0,002704
11245,112747 10454,872213 0,005984
11295,112747 10454,872213 0,043469
11345,112747 10454,872213 -0,099848
11395,112747 10454,872213 -0,776856
11445,112747 10454,872213 1,528846
11495,112747 10454,872213 15,516444
11545,112747 10454,872213 -11,563572
11595,112747 10454,872213 -291,602275
11645,112747 10454,872213 -291,602275
11695,112747 10454,872213 -11,563572
11745,112747 10454,872213 15,516444
11795,112747 10454,872213 1,528846
11845,112747 10454,872213 -0,776856
11895,112747 10454,872213 -0,099848
11945,112747 10454,872213 0,043469
11995,112747 10454,872213 0,005984
12045,112747 10454,872213 -0,002704
12095,112747 10454,872213 -0,000379
12145,112747 10454,872213 0,000175
12195,112747 10454,872213 0,000025
12245,112747 10454,872213 -0,000011
12295,112747 10454,872213 -0,000002
12345,112747 10454,872213 0,000001
12395,112747 10454,872213 0,000000
12445,112747 10454,872213 0,000000
12495,112747 10454,872213 0,000000
12545,112747 10454,872213 0,000000
12595,112747 10454,872213 0,000000
12645,112747 10454,872213 0,000000
12695,112747 10454,872213 0,000000
12745,112747 10454,872213 0,000000
12795,112747 10454,872213 0,000000
12845,112747 10454,872213 0,000000
12895,112747 10454,872213 0,000000
12945,112747 10454,872213 0,000000
12995,112747 10454,872213 0,000000
13045,112747 10454,872213 0,000000
13095,112747 10454,872213 0,000000
13145,112747 10454,872213 0,000000
13195,112747 10454,872213 0,000000
13245,112747 10454,872213 0,000000
13295,112747 10454,872213 0,000000
13345,112747 10454,872213 0,000000
13395,112747 10454,872213 0,000000
13445,112747 10454,872213 0,000000
13495,112747 10454,872213 0,000000
13545,112747 10454,872213 0,000000
13595,112747 10454,872213 0,000000
13645,112747 10454,872213 0,000000
13695,112747 10454,872213 0,000000
13745,112747 10454,872213 0,000000
13795,112747 10454,872213 0,000000
13845,112747 10454,872213 0,000000
13895,112747 10454,872213 0,000000
13945,112747 10454,872213 0,000000
13995,112747 10454,872213 0,000000
6545,112747 10504,872213 0,000000
6595,112747 10504,872213 0,000000
6645,112747 10504,872213 -0,000001
6695,112747 10504,872213 -0,000003
6745,112747 10504,872213 -0,000004
6795,112747 10504,872213 -0,000002
6845,112747 10504,872213 0,000001
6895,112747 10504,872213 0,000002
6945,112747 10504,872213 0,000001
6995,112747 10504,872213 0,000000
7045,112747 10504,872213 -0,000001
7095,112747 10504,872213 0,000000
7145,112747 10504,872213 0,000000
7195,112747 10504,872213 0,000000
7245,112747 10504,872213 0,000000
7295,112747 10504,872213 0,000000
7345,112747 10504,872213 0,000000
7395,112747 10504,872213 0,000000
7445,112747 10504,872213 0,000000
7495,112747 10504,872213 0,000000
7545,112747 10504,872213 0,000000
7595,112747 10504,872213 0,000000
7645,112747 10504,872213 0,000000
7695,112747 10504,872213 0,000000
7745,112747 10504,872213 0,000000
7795,112747 10504,872213 0,000000
7845,112747 10504,872213 0,000000
7895,112747 10504,872213 0,000000
7945,112747 10504,872213 0,000000
7995,112747 10504,872213 0,000000
8045,112747 10504,872213 0,000000
8095,112747 10504,872213 0,000000
8145,112747 10504,872213 0,000000
8195,112747 10504,872213 0,000000
8245,112747 10504,872213 0,000000
8295,112747 10504,872213 0,000000
8345,112747 10504,872213 0,000000
8395,112747 10504,872213 0,000000
8445,112747 10504,872213 0,000000
8495,112747 10504,872213 0,000000
8545,112747 10504,872213 0,000000
8595,112747 10504,872213 0,000000
8645,112747 10504,872213 0,000000
8695,112747 10504,872213 0,000000
8745,112747 10504,872213 0,000000
8795,112747 10504,872213 0,000000
8845,112747 10504,872213 0,000000
8895,112747 10504,872213 0,000000
8945,112747 10504,872213 0,000000
8995,112747 10504,872213 0,000000
9045,112747 10504,872213 0,000000
9095,112747 10504,872213 0,000000
9145,112747 10504,872213 0,000000
9195,112747 10504,872213 0,000000
9245,112747 10504,872213 0,000000
9295,112747 10504,872213 0,000000
9345,112747 10504,872213 0,000000
9395,112747 10504,872213 0,000000
9445,112747 10504,872213 0,000000
9495,112747 10504,872213 0,000000
9545,112747 10504,872213 0,000000
9595,112747 10504,872213 0,000000
9645,112747 10504,872213 0,000000
9695,112747 10504,872213 0,000000
9745,112747 10504,872213 0,000000
9795,112747 10504,872213 0,000000
9845,112747 10504,872213 0,000000
9895,112747 10504,872213 0,000000
9945,112747 10504,872213 0,000000
9995,112747 10504,872213 0,000000
10045,112747 10504,872213 0,000000
10095,112747 10504,872213 0,000000
10145,112747 10504,872213 0,000000
10195,112747 10504,872213 0,000000
10245,112747 10504,872213 0,000000
10295,112747 10504,872213 0,000000
10345,112747 10504,872213 0,000000
10395,112747 10504,872213 0,000000
10445,112747 10504,872213 0,000000
10495,112747 10504,872213 0,000000
10545,112747 10504,872213 0,000000
10595,112747 10504,872213 0,000000
10645,112747 10504,872213 0,000000
10695,112747 10504,872213 0,000000
10745,112747 10504,872213 0,000000
10795,112747 10504,872213 0,000000
10845,112747 10504,872213 0,000000
10895,112747 10504,872213 0,000001
10945,112747 10504,872213 -0,000001
10995,112747 10504,872213 -0,000012
11045,112747 10504,872213 0,000016
11095,112747 10504,872213 0,000193
11145,112747 10504,872213 -0,000226
11195,112747 10504,872213 -0,003128
11245,112747 10504,872213 0,002465
11295,112747 10504,872213 0,052999
11345,112747 10504,872213 0,007938
11395,112747 10504,872213 -0,810485
11445,112747 10504,872213 -1,265642
11495,112747 10504,872213 8,098471
11545,112747 10504,872213 26,083116
11595,112747 10504,872213 -11,563572
11645,112747 10504,872213 -11,563572
11695,112747 10504,872213 26,083116
11745,112747 10504,872213 8,098471
11795,112747 10504,872213 -1,265642
11845,112747 10504,872213 -0,810485
11895,112747 10504,872213 0,007938
11945,112747 10504,872213 0,052999
11995,112747 10504,872213 0,002465
12045,112747 10504,872213 -0,003128
12095,112747 10504,872213 -0,000226
12145,112747 10504,872213 0,000193
12195,112747 10504,872213 0,000016
12245,112747 10504,872213 -0,000012
12295,112747 10504,872213 -0,000001
12345,112747 10504,872213 0,000001
12395,112747 10504,872213 0,000000
12445,112747 10504,872213 0,000000
12495,112747 10504,872213 0,000000
12545,112747 10504,872213 0,000000
12595,112747 10504,872213 0,000000
12645,112747 10504,872213 0,000000
12695,112747 10504,872213 0,000000
12745,112747 10504,872213 0,000000
12795,112747 10504,872213 0,000000
12845,112747 10504,872213 0,000000
12895,112747 10504,872213 0,000000
12945,112747 10504,872213 0,000000
12995,112747 10504,872213 0,000000
13045,112747 10504,872213 0,000000
13095,112747 10504,872213 0,000000
13145,112747 10504,872213 0,000000
13195,112747 10504,872213 0,000000
13245,112747 10504,872213 0,000000
13295,112747 10504,872213 0,000000
13345,112747 10504,872213 0,000000
13395,112747 10504,872213 0,000000
13445,112747 10504,872213 0,000000
13495,112747 10504,872213 0,000000
13545,112747 10504,872213 0,000000
13595,112747 10504,872213 0,000000
13645,112747 10504,872213 0,000000
13695,112747 10504,872213 0,000000
13745,112747 10504,872213 0,000000
13795,112747 10504,872213 0,000000
13845,112747 10504,872213 0,000000
13895,112747 10504,872213 0,000000
13945,112747 10504,872213 0,000000
13995,112747 10504,872213 0,000000
6545,112747 10554,872213 0,000000
6595,112747 10554,872213 -0,000001
6645,112747 10554,872213 -0,000001
6695,112747 10554,872213 -0,000001
6745,112747 10554,872213 0,000000
6795,112747 10554,872213 0,000001
6845,112747 10554,872213 0,000001
6895,112747 10554,872213 0,000000
6945,112747 10554,872213 0,000000
6995,112747 10554,872213 0,000000
7045,112747 10554,872213 0,000000
7095,112747 10554,872213 0,000000
7145,112747 10554,872213 0,000000
7195,112747 10554,872213 0,000000
7245,112747 10554,872213 0,000000
7295,112747 10554,872213 0,000000
7345,112747 10554,872213 0,000000
7395,112747 10554,872213 0,000000
7445,112747 10554,872213 0,000000
7495,112747 10554,872213 0,000000
7545,112747 10554,872213 0,000000
7595,112747 10554,872213 0,000000
7645,112747 10554,872213 0,000000
7695,112747 10554,872213 0,000000
7745,112747 10554,872213 0,000000
7795,112747 10554,872213 0,000000
7845,112747 10554,872213 0,000000
7895,112747 10554,872213 0,000000
7945,112747 10554,872213 0,000000
7995,112747 10554,872213 0,000000
8045,112747 10554,872213 0,000000
8095,112747 10554,872213 0,000000
8145,112747 10554,872213 0,000000
8195,112747 10554,872213 0,000000
8245,112747 10554,872213 0,000000
8295,112747 10554,872213 0,000000
8345,112747 10554,872213 0,000000
8395,112747 10554,872213 0,000000
8445,112747 10554,872213 0,000000
8495,112747 10554,872213 0,000000
8545,112747 10554,872213 0,000000
8595,112747 10554,872213 0,000000
8645,112747 10554,872213 0,000000
8695,112747 10554,872213 0,000000
8745,112747 10554,872213 0,000000
8795,112747 10554,872213 0,000000
8845,112747 10554,872213 0,000000
8895,112747 10554,872213 0,000000
8945,112747 10554,872213 0,000000
8995,112747 10554,872213 0,000000
9045,112747 10554,872213 0,000000
9095,112747 10554,872213 0,000000
9145,112747 10554,872213 0,000000
9195,112747 10554,872213 0,000000
9245,112747 10554,872213 0,000000
9295,112747 10554,872213 0,000000
9345,112747 10554,872213 0,000000
9395,112747 10554,872213 0,000000
9445,112747 10554,872213 0,000000
9495,112747 10554,872213 0,000000
9545,112747 10554,872213 0,000000
9595,112747 10554,872213 0,000000
9645,112747 10554,872213 0,000000
9695,112747 10554,872213 0,000000
9745,112747 10554,872213 0,000000
9795,112747 10554,872213 0,000000
9845,112747 10554,872213 0,000000
9895,112747 10554,872213 0,000000
9945,112747 10554,872213 0,000000
9995,112747 10554,872213 0,000000
10045,112747 10554,872213 0,000000
10095,112747 10554,872213 0,000000
10145,112747 10554,872213 0,000000
10195,112747 10554,872213 0,000000
10245,112747 10554,872213 0,000000
10295,112747 10554,872213 0,000000
10345,112747 10554,872213 0,000000
10395,112747 10554,872213 0,000000
10445,112747 10554,872213 0,000000
10495,112747 10554,872213 0,000000
10545,112747 10554,872213 0,000000
10595,112747 10554,872213 0,000000
10645,112747 10554,872213 0,000000
10695,112747 10554,872213 0,000000
10745,112747 10554,872213 0,000000
10795,112747 10554,872213 0,000000
10845,112747 10554,872213 0,000000
10895,112747 10554,872213 0,000001
10945,112747 10554,872213 0,000000
10995,112747 10554,872213 -0,000013
11045,112747 10554,872213 -0,000003
11095,112747 10554,872213 0,000208
11145,112747 10554,872213 0,000195
11195,112747 10554,872213 -0,003033
11245,112747 10554,872213 -0,006334
11295,112747 10554,872213 0,034520
11345,112747 10554,872213 0,134755
11395,112747 10554,872213 -0,188278
11445,112747 10554,872213 -1,691830
11495,112747 10554,872213 -1,292969
11545,112747 10554,872213 8,098471
11595,112747 10554,872213 15,516444
11645,112747 10554,872213 15,516444
11695,112747 10554,872213 8,098471
11745,112747 10554,872213 -1,292969
11795,112747 10554,872213 -1,691830
11845,112747 10554,872213 -0,188278
11895,112747 10554,872213 0,134755
11945,112747 10554,872213 0,034520
11995,112747 10554,872213 -0,006334
12045,112747 10554,872213 -0,003033
12095,112747 10554,872213 0,000195
12145,112747 10554,872213 0,000208
12195,112747 10554,872213 -0,000003
12245,112747 10554,872213 -0,000013
12295,112747 10554,872213 0,000000
12345,112747 10554,872213 0,000001
12395,112747 10554,872213 0,000000
12445,112747 10554,872213 0,000000
12495,112747 10554,872213 0,000000
12545,112747 10554,872213 0,000000
12595,112747 10554,872213 0,000000
12645,112747 10554,872213 0,000000
12695,112747 10554,872213 0,000000
12745,112747 10554,872213 0,000000
12795,112747 10554,872213 0,000000
12845,112747 10554,872213 0,000000
12895,112747 10554,872213 0,000000
12945,112747 10554,872213 0,000000
12995,112747 10554,872213 0,000000
13045,112747 10554,872213 0,000000
13095,112747 10554,872213 0,000000
13145,112747 10554,872213 0,000000
13195,112747 10554,872213 0,000000
13245,112747 10554,872213 0,000000
13295,112747 10554,872213 0,000000
13345,112747 10554,872213 0,000000
13395,112747 10554,872213 0,000000
13445,112747 10554,872213 0,000000
13495,112747 10554,872213 0,000000
13545,112747 10554,872213 0,000000
13595,112747 10554,872213 0,000000
13645,112747 10554,872213 0,000000
13695,112747 10554,872213 0,000000
13745,112747 10554,872213 0,000000
13795,112747 10554,872213 0,000000
13845,112747 10554,872213 0,000000
13895,112747 10554,872213 0,000000
13945,112747 10554,872213 0,000000
13995,112747 10554,872213 0,000000
6545,112747 10604,872213 0,000000
6595,112747 10604,872213 0,000000
6645,112747 10604,872213 0,000000
6695,112747 10604,872213 0,000000
6745,112747 10604,872213 0,000000
6795,112747 10604,872213 0,000000
6845,112747 10604,872213 0,000000
6895,112747 10604,872213 0,000000
6945,112747 10604,872213 0,000000
6995,112747 10604,872213 0,000000
7045,112747 10604,872213 0,000000
7095,112747 10604,872213 0,000000
7145,112747 10604,872213 0,000000
7195,112747 10604,872213 0,000000
7245,112747 10604,872213 0,000000
7295,112747 10604,872213 0,000000
7345,112747 10604,872213 0,000000
7395,112747 10604,872213 0,000000
7445,112747 10604,872213 0,000000
7495,112747 10604,872213 0,000000
7545,112747 10604,872213 0,000000
7595,112747 10604,872213 0,000000
7645,112747 10604,872213 0,000000
7695,112747 10604,872213 0,000000
7745,112747 10604,872213 0,000000
7795,112747 10604,872213 0,000000
7845,112747 10604,872213 0,000000
7895,112747 10604,872213 0,000000
7945,112747 10604,872213 0,000000
7995,112747 10604,872213 0,000000
8045,112747 10604,872213 0,000000
8095,112747 10604,872213 0,000000
8145,112747 10604,872213 0,000000
8195,112747 10604,872213 0,000000
8245,112747 10604,872213 0,000000
8295,112747 10604,872213 0,000000
8345,112747 10604,872213 0,000000
8395,112747 10604,872213 0,000000
8445,112747 10604,872213 0,000000
8495,112747 10604,872213 0,000000
8545,112747 10604,872213 0,000000
8595,112747 10604,872213 0,000000
8645,112747 10604,872213 0,000000
8695,112747 10604,872213 0,000000
8745,112747 10604,872213 0,000000
8795,112747 10604,872213 0,000000
8845,112747 10604,872213 0,000000
8895,112747 10604,872213 0,000000
8945,112747 10604,872213 0,000000
8995,112747 10604,872213 0,000000
9045,112747 10604,872213 0,000000
9095,112747 10604,872213 0,000000
9145,112747 10604,872213 0,000000
9195,112747 10604,872213 0,000000
9245,112747 10604,872213 0,000000
9295,112747 10604,872213 0,000000
9345,112747 10604,872213 0,000000
9395,112747 10604,872213 0,000000
9445,112747 10604,872213 0,000000
9495,112747 10604,872213 0,000000
9545,112747 10604,872213 0,000000
9595,112747 10604,872213 0,000000
9645,112747 10604,872213 0,000000
9695,112747 10604,872213 0,000000
9745,112747 10604,872213 0,000000
9795,112747 10604,872213 0,000000
9845,112747 10604,872213 0,000000
9895,112747 10604,872213 0,000000
9945,112747 10604,872213 0,000000
9995,112747 10604,872213 0,000000
10045,112747 10604,872213 0,000000
10095,112747 10604,872213 0,000000
10145,112747 10604,872213 0,000000
10195,112747 10604,872213 0,000000
10245,112747 10604,872213 0,000000
10295,112747 10604,872213 0,000000
10345,112747 10604,872213 0,000000
10395,112747 10604,872213 0,000000
10445,112747 10604,872213 0,000000
10495,112747 10604,872213 0,000000
10545,112747 10604,872213 0,000000
10595,112747 10604,872213 0,000000
10645,112747 10604,872213 0,000000
10695,112747 10604,872213 0,000000
10745,112747 10604,872213 0,000000
10795,112747 10604,872213 0,000000
10845,112747 10604,872213 0,000000
10895,112747 10604,872213 0,000001
10945,112747 10604,872213 0,000002
10995,112747 10604,872213 -0,000011
11045,112747 10604,872213 -0,000034
11095,112747 10604,872213 0,000131
11145,112747 10604,872213 0,000644
11195,112747 10604,872213 -0,000861
11245,112747 10604,872213 -0,009407
11295,112747 10604,872213 -0,005387
11345,112747 10604,872213 0,088233
11395,112747 10604,872213 0,199895
11445,112747 10604,872213 -0,323744
11495,112747 10604,872213 -1,691830
11545,112747 10604,872213 -1,265642
11595,112747 10604,872213 1,528846
11645,112747 10604,872213 1,528846
11695,112747 10604,872213 -1,265642
11745,112747 10604,872213 -1,691830
11795,112747 10604,872213 -0,323744
11845,112747 10604,872213 0,199895
11895,112747 10604,872213 0,088233
11945,112747 10604,872213 -0,005387
11995,112747 10604,872213 -0,009407
12045,112747 10604,872213 -0,000861
12095,112747 10604,872213 0,000644
12145,112747 10604,872213 0,000131
12195,112747 10604,872213 -0,000034
12245,112747 10604,872213 -0,000011
12295,112747 10604,872213 0,000002
12345,112747 10604,872213 0,000001
12395,112747 10604,872213 0,000000
12445,112747 10604,872213 0,000000
12495,112747 10604,872213 0,000000
12545,112747 10604,872213 0,000000
12595,112747 10604,872213 0,000000
12645,112747 10604,872213 0,000000
12695,112747 10604,872213 0,000000
12745,112747 10604,872213 0,000000
12795,112747 10604,872213 0,000000
12845,112747 10604,872213 0,000000
12895,112747 10604,872213 0,000000
12945,112747 10604,872213 0,000000
12995,112747 10604,872213 0,000000
13045,112747 10604,872213 0,000000
13095,112747 10604,872213 0,000000
13145,112747 10604,872213 0,000000
13195,112747 10604,872213 0,000000
13245,112747 10604,872213 0,000000
13295,112747 10604,872213 0,000000
13345,112747 10604,872213 0,000000
13395,112747 10604,872213 0,000000
13445,112747 10604,872213 0,000000
13495,112747 10604,872213 0,000000
13545,112747 10604,872213 0,000000
13595,112747 10604,872213 0,000000
13645,112747 10604,872213 0,000000
13695,112747 10604,872213 0,000000
13745,112747 10604,872213 0,000000
13795,112747 10604,872213 0,000000
13845,112747 10604,872213 0,000000
13895,112747 10604,872213 0,000000
13945,112747 10604,872213 0,000000
13995,112747 10604,872213 0,000000
6545,112747 10654,872213 0,000000
6595,112747 10654,872213 0,000000
6645,112747 10654,872213 0,000000
6695,112747 10654,872213 0,000000
6745,112747 10654,872213 0,000000
6795,112747 10654,872213 0,000000
6845,112747 10654,872213 0,000000
6895,112747 10654,872213 0,000000
6945,112747 10654,872213 0,000000
6995,112747 10654,872213 0,000000
7045,112747 10654,872213 0,000000
7095,112747 10654,872213 0,000000
7145,112747 10654,872213 0,000000
7195,112747 10654,872213 0,000000
7245,112747 10654,872213 0,000000
7295,112747 10654,872213 0,000000
7345,112747 10654,872213 0,000000
7395,112747 10654,872213 0,000000
7445,112747 10654,872213 0,000000
7495,112747 10654,872213 0,000000
7545,112747 10654,872213 0,000000
7595,112747 10654,872213 0,000000
7645,112747 10654,872213 0,000000
7695,112747 10654,872213 0,000000
7745,112747 10654,872213 0,000000
7795,112747 10654,872213 0,000000
7845,112747 10654,872213 0,000000
7895,112747 10654,872213 0,000000
7945,112747 10654,872213 0,000000
7995,112747 10654,872213 0,000000
8045,112747 10654,872213 0,000000
8095,112747 10654,872213 0,000000
8145,112747 10654,872213 0,000000
8195,112747 10654,872213 0,000000
8245,112747 10654,872213 0,000000
8295,112747 10654,872213 0,000000
8345,112747 10654,872213 0,000000
8395,112747 10654,872213 0,000000
8445,112747 10654,872213 0,000000
8495,112747 10654,872213 0,000000
8545,112747 10654,872213 0,000000
8595,112747 10654,872213 0,000000
8645,112747 10654,872213 0,000000
8695,112747 10654,872213 0,000000
8745,112747 10654,872213 0,000000
8795,112747 10654,872213 0,000000
8845,112747 10654,872213 0,000000
8895,112747 10654,872213 0,000000
8945,112747 10654,872213 0,000000
8995,112747 10654,872213 0,000000
9045,112747 10654,872213 0,000000
9095,112747 10654,872213 0,000000
9145,112747 10654,872213 0,000000
9195,112747 10654,872213 0,000000
9245,112747 10654,872213 0,000000
9295,112747 10654,872213 0,000000
9345,112747 10654,872213 0,000000
9395,112747 10654,872213 0,000000
9445,112747 10654,872213 0,000000
9495,112747 10654,872213 0,000000
9545,112747 10654,872213 0,000000
9595,112747 10654,872213 0,000000
9645,112747 10654,872213 0,000000
9695,112747 10654,872213 0,000000
9745,112747 10654,872213 0,000000
9795,112747 10654,872213 0,000000
9845,112747 10654,872213 0,000000
9895,112747 10654,872213 0,000000
9945,112747 10654,872213 0,000000
9995,112747 10654,872213 0,000000
10045,112747 10654,872213 0,000000
10095,112747 10654,872213 0,000000
10145,112747 10654,872213 0,000000
10195,112747 10654,872213 0,000000
10245,112747 10654,872213 0,000000
10295,112747 10654,872213 0,000000
10345,112747 10654,872213 0,000000
10395,112747 10654,872213 0,000000
10445,112747 10654,872213 0,000000
10495,112747 10654,872213 0,000000
10545,112747 10654,872213 0,000000
10595,112747 10654,872213 0,000000
10645,112747 10654,872213 0,000000
10695,112747 10654,872213 0,000000
10745,112747 10654,872213 0,000000
10795,112747 10654,872213 0,000000
10845,112747 10654,872213 0,000000
10895,112747 10654,872213 0,000000
10945,112747 10654,872213 0,000003
10995,112747 10654,872213 -0,000003
11045,112747 10654,872213 -0,000046
11095,112747 10654,872213 -0,000031
11145,112747 10654,872213 0,000510
11195,112747 10654,872213 0,001185
11245,112747 10654,872213 -0,003333
11295,112747 10654,872213 -0,016887
11345,112747 10654,872213 -0,001481
11395,112747 10654,872213 0,116640
11445,112747 10654,872213 0,199895
11495,112747 10654,872213 -0,188278
11545,112747 10654,872213 -0,810485
11595,112747 10654,872213 -0,776856
11645,112747 10654,872213 -0,776856
11695,112747 10654,872213 -0,810485
11745,112747 10654,872213 -0,188278
11795,112747 10654,872213 0,199895
11845,112747 10654,872213 0,116640
11895,112747 10654,872213 -0,001481
11945,112747 10654,872213 -0,016887
11995,112747 10654,872213 -0,003333
12045,112747 10654,872213 0,001185
12095,112747 10654,872213 0,000510
12145,112747 10654,872213 -0,000031
12195,112747 10654,872213 -0,000046
12245,112747 10654,872213 -0,000003
12295,112747 10654,872213 0,000003
12345,112747 10654,872213 0,000000
12395,112747 10654,872213 0,000000
12445,112747 10654,872213 0,000000
12495,112747 10654,872213 0,000000
12545,112747 10654,872213 0,000000
12595,112747 10654,872213 0,000000
12645,112747 10654,872213 0,000000
12695,112747 10654,872213 0,000000
12745,112747 10654,872213 0,000000
12795,112747 10654,872213 0,000000
12845,112747 10654,872213 0,000000
12895,112747 10654,872213 0,000000
12945,112747 10654,872213 0,000000
12995,112747 10654,872213 0,000000
13045,112747 10654,872213 0,000000
13095,112747 10654,872213 0,000000
13145,112747 10654,872213 0,000000
13195,112747 10654,872213 0,000000
13245,112747 10654,872213 0,000000
13295,112747 10654,872213 0,000000
13345,112747 10654,872213 0,000000
13395,112747 10654,872213 0,000000
13445,112747 10654,872213 0,000000
13495,112747 10654,872213 0,000000
13545,112747 10654,872213 0,000000
13595,112747 10654,872213 0,000000
13645,112747 10654,872213 0,000000
13695,112747 10654,872213 0,000000
13745,112747 10654,872213 0,000000
13795,112747 10654,872213 0,000000
13845,112747 10654,872213 0,000000
13895,112747 10654,872213 0,000000
13945,112747 10654,872213 0,000000
13995,112747 10654,872213 0,000000
6545,112747 10704,872213 0,000000
6595,112747 10704,872213 0,000000
6645,112747 10704,872213 0,000000
6695,112747 10704,872213 0,000000
6745,112747 10704,872213 0,000000
6795,112747 10704,872213 0,000000
6845,112747 10704,872213 0,000000
6895,112747 10704,872213 0,000000
6945,112747 10704,872213 0,000000
6995,112747 10704,872213 0,000000
7045,112747 10704,872213 0,000000
7095,112747 10704,872213 0,000000
7145,112747 10704,872213 0,000000
7195,112747 10704,872213 0,000000
7245,112747 10704,872213 0,000000
7295,112747 10704,872213 0,000000
7345,112747 10704,872213 0,000000
7395,112747 10704,872213 0,000000
7445,112747 10704,872213 0,000000
7495,112747 10704,872213 0,000000
7545,112747 10704,872213 0,000000
7595,112747 10704,872213 0,000000
7645,112747 10704,872213 0,000000
7695,112747 10704,872213 0,000000
7745,112747 10704,872213 0,000000
7795,112747 10704,872213 0,000000
7845,112747 10704,872213 0,000000
7895,112747 10704,872213 0,000000
7945,112747 10704,872213 0,000000
7995,112747 10704,872213 0,000000
8045,112747 10704,872213 0,000000
8095,112747 10704,872213 0,000000
8145,112747 10704,872213 0,000000
8195,112747 10704,872213 0,000000
8245,112747 10704,872213 0,000000
8295,112747 10704,872213 0,000000
8345,112747 10704,872213 0,000000
8395,112747 10704,872213 0,000000
8445,112747 10704,872213 0,000000
8495,112747 10704,872213 0,000000
8545,112747 10704,872213 0,000000
8595,112747 10704,872213 0,000000
8645,112747 10704,872213 0,000000
8695,112747 10704,872213 0,000000
8745,112747 10704,872213 0,000000
8795,112747 10704,872213 0,000000
8845,112747 10704,872213 0,000000
8895,112747 10704,872213 0,000000
8945,112747 10704,872213 0,000000
8995,112747 10704,872213 0,000000
9045,112747 10704,872213 0,000000
9095,112747 10704,872213 0,000000
9145,112747 10704,872213 0,000000
9195,112747 10704,872213 0,000000
9245,112747 10704,872213 0,000000
9295,112747 10704,872213 0,000000
9345,112747 10704,872213 0,000000
9395,112747 10704,872213 0,000000
9445,112747 10704,872213 0,000000
9495,112747 10704,872213 0,000000
9545,112747 10704,872213 0,000000
9595,112747 10704,872213 0,000000
9645,112747 10704,872213 0,000000
9695,112747 10704,872213 0,000000
9745,112747 10704,872213 0,000000
9795,112747 10704,872213 0,000000
9845,112747 10704,872213 0,000000
9895,112747 10704,872213 0,000000
9945,112747 10704,872213 0,000000
9995,112747 10704,872213 0,000000
10045,112747 10704,872213 0,000000
10095,112747 10704,872213 0,000000
10145,112747 10704,872213 0,000000
10195,112747 10704,872213 0,000000
10245,112747 10704,872213 0,000000
10295,112747 10704,872213 0,000000
10345,112747 10704,872213 0,000000
10395,112747 10704,872213 0,000000
10445,112747 10704,872213 0,000000
10495,112747 10704,872213 0,000000
10545,112747 10704,872213 0,000000
10595,112747 10704,872213 0,000000
10645,112747 10704,872213 0,000000
10695,112747 10704,872213 0,000000
10745,112747 10704,872213 0,000000
10795,112747 10704,872213 0,000000
10845,112747 10704,872213 0,000000
10895,112747 10704,872213 0,000000
10945,112747 10704,872213 0,000002
10995,112747 10704,872213 0,000006
11045,112747 10704,872213 -0,000020
11095,112747 10704,872213 -0,000105
11145,112747 10704,872213 0,000032
11195,112747 10704,872213 0,001076
11245,112747 10704,872213 0,001579
11295,112747 10704,872213 -0,005669
11345,112747 10704,872213 -0,020299
11395,112747 10704,872213 -0,001481
11445,112747 10704,872213 0,088233
11495,112747 10704,872213 0,134755
11545,112747 10704,872213 0,007938
11595,112747 10704,872213 -0,099848
11645,112747 10704,872213 -0,099848
11695,112747 10704,872213 0,007938
11745,112747 10704,872213 0,134755
11795,112747 10704,872213 0,088233
11845,112747 10704,872213 -0,001481
11895,112747 10704,872213 -0,020299
11945,112747 10704,872213 -0,005669
11995,112747 10704,872213 0,001579
12045,112747 10704,872213 0,001076
12095,112747 10704,872213 0,000032
12145,112747 10704,872213 -0,000105
12195,112747 10704,872213 -0,000020
12245,112747 10704,872213 0,000006
12295,112747 10704,872213 0,000002
12345,112747 10704,872213 0,000000
12395,112747 10704,872213 0,000000
12445,112747 10704,872213 0,000000
12495,112747 10704,872213 0,000000
12545,112747 10704,872213 0,000000
12595,112747 10704,872213 0,000000
12645,112747 10704,872213 0,000000
12695,112747 10704,872213 0,000000
12745,112747 10704,872213 0,000000
12795,112747 10704,872213 0,000000
12845,112747 10704,872213 0,000000
12895,112747 10704,872213 0,000000
12945,112747 10704,872213 0,000000
12995,112747 10704,872213 0,000000
13045,112747 10704,872213 0,000000
13095,112747 10704,872213 0,000000
13145,112747 10704,872213 0,000000
13195,112747 10704,872213 0,000000
13245,112747 10704,872213 0,000000
13295,112747 10704,872213 0,000000
13345,112747 10704,872213 0,000000
13395,112747 10704,872213 0,000000
13445,112747 10704,872213 0,000000
13495,112747 10704,872213 0,000000
13545,112747 10704,872213 0,000000
13595,112747 10704,872213 0,000000
13645,112747 10704,872213 0,000000
13695,112747 10704,872213 0,000000
13745,112747 10704,872213 0,000000
13795,112747 10704,872213 0,000000
13845,112747 10704,872213 0,000000
13895,112747 10704,872213 0,000000
13945,112747 10704,872213 0,000000
13995,112747 10704,872213 0,000000
6545,112747 10754,872213 0,000000
6595,112747 10754,872213 0,000000
6645,112747 10754,872213 0,000000
6695,112747 10754,872213 0,000000
6745,112747 10754,872213 0,000000
6795,112747 10754,872213 0,000000
6845,112747 10754,872213 0,000000
6895,112747 10754,872213 0,000000
6945,112747 10754,872213 0,000000
6995,112747 10754,872213 0,000000
7045,112747 10754,872213 0,000000
7095,112747 10754,872213 0,000000
7145,112747 10754,872213 0,000000
7195,112747 10754,872213 0,000000
7245,112747 10754,872213 0,000000
7295,112747 10754,872213 0,000000
7345,112747 10754,872213 0,000000
7395,112747 10754,872213 0,000000
7445,112747 10754,872213 0,000000
7495,112747 10754,872213 0,000000
7545,112747 10754,872213 0,000000
7595,112747 10754,872213 0,000000
7645,112747 10754,872213 0,000000
7695,112747 10754,872213 0,000000
7745,112747 10754,872213 0,000000
7795,112747 10754,872213 0,000000
7845,112747 10754,872213 0,000000
7895,112747 10754,872213 0,000000
7945,112747 10754,872213 0,000000
7995,112747 10754,872213 0,000000
8045,112747 10754,872213 0,000000
8095,112747 10754,872213 0,000000
8145,112747 10754,872213 0,000000
8195,112747 10754,872213 0,000000
8245,112747 10754,872213 0,000000
8295,112747 10754,872213 0,000000
8345,112747 10754,872213 0,000000
8395,112747 10754,872213 0,000000
8445,112747 10754,872213 0,000000
8495,112747 10754,872213 0,000000
8545,112747 10754,872213 0,000000
8595,112747 10754,872213 0,000000
8645,112747 10754,872213 0,000000
8695,112747 10754,872213 0,000000
8745,112747 10754,872213 0,000000
8795,112747 10754,872213 0,000000
8845,112747 10754,872213 0,000000
8895,112747 10754,872213 0,000000
8945,112747 10754,872213 0,000000
8995,112747 10754,872213 0,000000
9045,112747 10754,872213 0,000000
9095,112747 10754,872213 0,000000
9145,112747 10754,872213 0,000000
9195,112747 10754,872213 0,000000
9245,112747 10754,872213 0,000000
9295,112747 10754,872213 0,000000
9345,112747 10754,872213 0,000000
9395,112747 10754,872213 0,000000
9445,112747 10754,872213 0,000000
9495,112747 10754,872213 0,000000
9545,112747 10754,872213 0,000000
9595,112747 10754,872213 0,000000
9645,112747 10754,872213 0,000000
9695,112747 10754,872213 0,000000
9745,112747 10754,872213 0,000000
9795,112747 10754,872213 0,000000
9845,112747 10754,872213 0,000000
9895,112747 10754,872213 0,000000
9945,112747 10754,872213 0,000000
9995,112747 10754,872213 0,000000
10045,112747 10754,872213 0,000000
10095,112747 10754,872213 0,000000
10145,112747 10754,872213 0,000000
10195,112747 10754,872213 0,000000
10245,112747 10754,872213 0,000000
10295,112747 10754,872213 0,000000
10345,112747 10754,872213 0,000000
10395,112747 10754,872213 0,000000
10445,112747 10754,872213 0,000000
10495,112747 10754,872213 0,000000
10545,112747 10754,872213 0,000000
10595,112747 10754,872213 0,000000
10645,112747 10754,872213 0,000000
10695,112747 10754,872213 0,000000
10745,112747 10754,872213 0,000000
10795,112747 10754,872213 0,000000
10845,112747 10754,872213 0,000000
10895,112747 10754,872213 -0,000001
10945,112747 10754,872213 0,000000
10995,112747 10754,872213 0,000007
11045,112747 10754,872213 0,000009
11095,112747 10754,872213 -0,000052
11145,112747 10754,872213 -0,000173
11195,112747 10754,872213 0,000133
11245,112747 10754,872213 0,001520
11295,112747 10754,872213 0,001712
11345,112747 10754,872213 -0,005669
11395,112747 10754,872213 -0,016887
11445,112747 10754,872213 -0,005387
11495,112747 10754,872213 0,034520
11545,112747 10754,872213 0,052999
11595,112747 10754,872213 0,043469
11645,112747 10754,872213 0,043469
11695,112747 10754,872213 0,052999
11745,112747 10754,872213 0,034520
11795,112747 10754,872213 -0,005387
11845,112747 10754,872213 -0,016887
11895,112747 10754,872213 -0,005669
11945,112747 10754,872213 0,001712
11995,112747 10754,872213 0,001520
12045,112747 10754,872213 0,000133
12095,112747 10754,872213 -0,000173
12145,112747 10754,872213 -0,000052
12195,112747 10754,872213 0,000009
12245,112747 10754,872213 0,000007
12295,112747 10754,872213 0,000000
12345,112747 10754,872213 -0,000001
12395,112747 10754,872213 0,000000
12445,112747 10754,872213 0,000000
12495,112747 10754,872213 0,000000
12545,112747 10754,872213 0,000000
12595,112747 10754,872213 0,000000
12645,112747 10754,872213 0,000000
12695,112747 10754,872213 0,000000
12745,112747 10754,872213 0,000000
12795,112747 10754,872213 0,000000
12845,112747 10754,872213 0,000000
12895,112747 10754,872213 0,000000
12945,112747 10754,872213 0,000000
12995,112747 10754,872213 0,000000
13045,112747 10754,872213 0,000000
13095,112747 10754,872213 0,000000
13145,112747 10754,872213 0,000000
13195,112747 10754,872213 0,000000
13245,112747 10754,872213 0,000000
13295,112747 10754,872213 0,000000
13345,112747 10754,872213 0,000000
13395,112747 10754,872213 0,000000
13445,112747 10754,872213 0,000000
13495,112747 10754,872213 0,000000
13545,112747 10754,872213 0,000000
13595,112747 10754,872213 0,000000
13645,112747 10754,872213 0,000000
13695,112747 10754,872213 0,000000
13745,112747 10754,872213 0,000000
13795,112747 10754,872213 0,000000
13845,112747 10754,872213 0,000000
13895,112747 10754,872213 0,000000
13945,112747 10754,872213 0,000000
13995,112747 10754,872213 0,000000
6545,112747 10804,872213 0,000000
6595,112747 10804,872213 0,000000
6645,112747 10804,872213 0,000000
6695,112747 10804,872213 0,000000
6745,112747 10804,872213 0,000000
6795,112747 10804,872213 0,000000
6845,112747 10804,872213 0,000000
6895,112747 10804,872213 0,000000
6945,112747 10804,872213 0,000000
6995,112747 10804,872213 0,000000
7045,112747 10804,872213 0,000000
7095,112747 10804,872213 0,000000
7145,112747 10804,872213 0,000000
7195,112747 10804,872213 0,000000
7245,112747 10804,872213 0,000000
7295,112747 10804,872213 0,000000
7345,112747 10804,872213 0,000000
7395,112747 10804,872213 0,000000
7445,112747 10804,872213 0,000000
7495,112747 10804,872213 0,000000
7545,112747 10804,872213 0,000000
7595,112747 10804,872213 0,000000
7645,112747 10804,872213 0,000000
7695,112747 10804,872213 0,000000
7745,112747 10804,872213 0,000000
7795,112747 10804,872213 0,000000
7845,112747 10804,872213 0,000000
7895,112747 10804,872213 0,000000
7945,112747 10804,872213 0,000000
7995,112747 10804,872213 0,000000
8045,112747 10804,872213 0,000000
8095,112747 10804,872213 0,000000
8145,112747 10804,872213 0,000000
8195,112747 10804,872213 0,000000
8245,112747 10804,872213 0,000000
8295,112747 10804,872213 0,000000
8345,112747 10804,872213 0,000000
8395,112747 10804,872213 0,000000
8445,112747 10804,872213 0,000000
8495,112747 10804,872213 0,000000
8545,112747 10804,872213 0,000000
8595,112747 10804,872213 0,000000
8645,112747 10804,872213 0,000000
8695,112747 10804,872213 0,000000
8745,112747 10804,872213 0,000000
8795,112747 10804,872213 0,000000
8845,112747 10804,872213 0,000000
8895,112747 10804,872213 0,000000
8945,112747 10804,872213 0,000000
8995,112747 10804,872213 0,000000
9045,112747 10804,872213 0,000000
9095,112747 10804,872213 0,000000
9145,112747 10804,872213 0,000000
9195,112747 10804,872213 0,000000
9245,112747 10804,872213 0,000000
9295,112747 10804,872213 0,000000
9345,112747 10804,872213 0,000000
9395,112747 10804,872213 0,000000
9445,112747 10804,872213 0,000000
9495,112747 10804,872213 0,000000
9545,112747 10804,872213 0,000000
9595,112747 10804,872213 0,000000
9645,112747 10804,872213 0,000000
9695,112747 10804,872213 0,000000
9745,112747 10804,872213 0,000000
9795,112747 10804,872213 0,000000
9845,112747 10804,872213 0,000000
9895,112747 10804,872213 0,000000
9945,112747 10804,872213 0,000000
9995,112747 10804,872213 0,000000
10045,112747 10804,872213 0,000000
10095,112747 10804,872213 0,000000
10145,112747 10804,872213 0,000000
10195,112747 10804,872213 0,000000
10245,112747 10804,872213 0,000000
10295,112747 10804,872213 0,000000
10345,112747 10804,872213 0,000000
10395,112747 10804,872213 0,000000
10445,112747 10804,872213 0,000000
10495,112747 10804,872213 0,000000
10545,112747 10804,872213 0,000000
10595,112747 10804,872213 0,000000
10645,112747 10804,872213 0,000000
10695,112747 10804,872213 0,000000
10745,112747 10804,872213 0,000000
10795,112747 10804,872213 0,000000
10845,112747 10804,872213 0,000000
10895,112747 10804,872213 0,000000
10945,112747 10804,872213 -0,000001
10995,112747 10804,872213 0,000002
11045,112747 10804,872213 0,000013
11095,112747 10804,872213 0,000010
11145,112747 10804,872213 -0,000087
11195,112747 10804,872213 -0,000219
11245,112747 10804,872213 0,000184
11295,112747 10804,872213 0,001520
11345,112747 10804,872213 0,001579
11395,112747 10804,872213 -0,003333
11445,112747 10804,872213 -0,009407
11495,112747 10804,872213 -0,006334
11545,112747 10804,872213 0,002465
11595,112747 10804,872213 0,005984
11645,112747 10804,872213 0,005984
11695,112747 10804,872213 0,002465
11745,112747 10804,872213 -0,006334
11795,112747 10804,872213 -0,009407
11845,112747 10804,872213 -0,003333
11895,112747 10804,872213 0,001579
11945,112747 10804,872213 0,001520
11995,112747 10804,872213 0,000184
12045,112747 10804,872213 -0,000219
12095,112747 10804,872213 -0,000087
12145,112747 10804,872213 0,000010
12195,112747 10804,872213 0,000013
12245,112747 10804,872213 0,000002
12295,112747 10804,872213 -0,000001
12345,112747 10804,872213 0,000000
12395,112747 10804,872213 0,000000
12445,112747 10804,872213 0,000000
12495,112747 10804,872213 0,000000
12545,112747 10804,872213 0,000000
12595,112747 10804,872213 0,000000
12645,112747 10804,872213 0,000000
12695,112747 10804,872213 0,000000
12745,112747 10804,872213 0,000000
12795,112747 10804,872213 0,000000
12845,112747 10804,872213 0,000000
12895,112747 10804,872213 0,000000
12945,112747 10804,872213 0,000000
12995,112747 10804,872213 0,000000
13045,112747 10804,872213 0,000000
13095,112747 10804,872213 0,000000
13145,112747 10804,872213 0,000000
13195,112747 10804,872213 0,000000
13245,112747 10804,872213 0,000000
13295,112747 10804,872213 0,000000
13345,112747 10804,872213 0,000000
13395,112747 10804,872213 0,000000
13445,112747 10804,872213 0,000000
13495,112747 10804,872213 0,000000
13545,112747 10804,872213 0,000000
13595,112747 10804,872213 0,000000
13645,112747 10804,872213 0,000000
13695,112747 10804,872213 0,000000
13745,112747 10804,872213 0,000000
13795,112747 10804,872213 0,000000
13845,112747 10804,872213 0,000000
13895,112747 10804,872213 0,000000
13945,112747 10804,872213 0,000000
13995,112747 10804,872213 0,000000
6545,112747 10854,872213 0,000000
6595,112747 10854,872213 0,000000
6645,112747 10854,872213 0,000000
6695,112747 10854,872213 0,000000
6745,112747 10854,872213 0,000000
6795,112747 10854,872213 0,000000
6845,112747 10854,872213 0,000000
6895,112747 10854,872213 0,000000
6945,112747 10854,872213 0,000000
6995,112747 10854,872213 0,000000
7045,112747 10854,872213 0,000000
7095,112747 10854,872213 0,000000
7145,112747 10854,872213 0,000000
7195,112747 10854,872213 0,000000
7245,112747 10854,872213 0,000000
7295,112747 10854,872213 0,000000
7345,112747 10854,872213 0,000000
7395,112747 10854,872213 0,000000
7445,112747 10854,872213 0,000000
7495,112747 10854,872213 0,000000
7545,112747 10854,872213 0,000000
7595,112747 10854,872213 0,000000
7645,112747 10854,872213 0,000000
7695,112747 10854,872213 0,000000
7745,112747 10854,872213 0,000000
7795,112747 10854,872213 0,000000
7845,112747 10854,872213 0,000000
7895,112747 10854,872213 0,000000
7945,112747 10854,872213 0,000000
7995,112747 10854,872213 0,000000
8045,112747 10854,872213 0,000000
8095,112747 10854,872213 0,000000
8145,112747 10854,872213 0,000000
8195,112747 10854,872213 0,000000
8245,112747 10854,872213 0,000000
8295,112747 10854,872213 0,000000
8345,112747 10854,872213 0,000000
8395,112747 10854,872213 0,000000
8445,112747 10854,872213 0,000000
8495,112747 10854,872213 0,000000
8545,112747 10854,872213 0,000000
8595,112747 10854,872213 0,000000
8645,112747 10854,872213 0,000000
8695,112747 10854,872213 0,000000
8745,112747 10854,872213 0,000000
8795,112747 10854,872213 0,000000
8845,112747 10854,872213 0,000000
8895,112747 10854,872213 0,000000
8945,112747 10854,872213 0,000000
8995,112747 10854,872213 0,000000
9045,112747 10854,872213 0,000000
9095,112747 10854,872213 0,000000
9145,112747 10854,872213 0,000000
9195,112747 10854,872213 0,000000
9245,112747 10854,872213 0,000000
9295,112747 10854,872213 0,000000
9345,112747 10854,872213 0,000000
9395,112747 10854,872213 0,000000
9445,112747 10854,872213 0,000000
9495,112747 10854,872213 0,000000
9545,112747 10854,872213 0,000000
9595,112747 10854,872213 0,000000
9645,112747 10854,872213 0,000000
9695,112747 10854,872213 0,000000
9745,112747 10854,872213 0,000000
9795,112747 10854,872213 0,000000
9845,112747 10854,872213 0,000000
9895,112747 10854,872213 0,000000
9945,112747 10854,872213 0,000000
9995,112747 10854,872213 0,000000
10045,112747 10854,872213 0,000000
10095,112747 10854,872213 0,000000
10145,112747 10854,872213 0,000000
10195,112747 10854,872213 0,000000
10245,112747 10854,872213 0,000000
10295,112747 10854,872213 0,000000
10345,112747 10854,872213 0,000000
10395,112747 10854,872213 0,000000
10445,112747 10854,872213 0,000000
10495,112747 10854,872213 0,000000
10545,112747 10854,872213 0,000000
10595,112747 10854,872213 0,000000
10645,112747 10854,872213 0,000000
10695,112747 10854,872213 0,000000
10745,112747 10854,872213 0,000000
10795,112747 10854,872213 0,000000
10845,112747 10854,872213 0,000000
10895,112747 10854,872213 0,000000
10945,112747 10854,872213 -0,000001
10995,112747 10854,872213 -0,000002
11045,112747 10854,872213 0,000003
11095,112747 10854,872213 0,000019
11145,112747 10854,872213 0,000009
11195,112747 10854,872213 -0,000102
11245,112747 10854,872213 -0,000219
11295,112747 10854,872213 0,000133
11345,112747 10854,872213 0,001076
11395,112747 10854,872213 0,001185
11445,112747 10854,872213 -0,000861
11495,112747 10854,872213 -0,003033
11545,112747 10854,872213 -0,003128
11595,112747 10854,872213 -0,002704
11645,112747 10854,872213 -0,002704
11695,112747 10854,872213 -0,003128
11745,112747 10854,872213 -0,003033
11795,112747 10854,872213 -0,000861
11845,112747 10854,872213 0,001185
11895,112747 10854,872213 0,001076
11945,112747 10854,872213 0,000133
11995,112747 10854,872213 -0,000219
12045,112747 10854,872213 -0,000102
12095,112747 10854,872213 0,000009
12145,112747 10854,872213 0,000019
12195,112747 10854,872213 0,000003
12245,112747 10854,872213 -0,000002
12295,112747 10854,872213 -0,000001
12345,112747 10854,872213 0,000000
12395,112747 10854,872213 0,000000
12445,112747 10854,872213 0,000000
12495,112747 10854,872213 0,000000
12545,112747 10854,872213 0,000000
12595,112747 10854,872213 0,000000
12645,112747 10854,872213 0,000000
12695,112747 10854,872213 0,000000
12745,112747 10854,872213 0,000000
12795,112747 10854,872213 0,000000
12845,112747 10854,872213 0,000000
12895,112747 10854,872213 0,000000
12945,112747 10854,872213 0,000000
12995,112747 10854,872213 0,000000
13045,112747 10854,872213 0,000000
13095,112747 10854,872213 0,000000
13145,112747 10854,872213 0,000000
13195,112747 10854,872213 0,000000
13245,112747 10854,872213 0,000000
13295,112747 10854,872213 0,000000
13345,112747 10854,872213 0,000000
13395,112747 10854,872213 0,000000
13445,112747 10854,872213 0,000000
13495,112747 10854,872213 0,000000
13545,112747 10854,872213 0,000000
13595,112747 10854,872213 0,000000
13645,112747 10854,872213 0,000000
13695,112747 10854,872213 0,000000
13745,112747 10854,872213 0,000000
13795,112747 10854,872213 0,000000
13845,112747 10854,872213 0,000000
13895,112747 10854,872213 0,000000
13945,112747 10854,872213 0,000000
13995,112747 10854,872213 0,000000
6545,112747 10904,872213 0,000000
6595,112747 10904,872213 0,000000
6645,112747 10904,872213 0,000000
6695,112747 10904,872213 0,000000
6745,112747 10904,872213 0,000000
6795,112747 10904,872213 0,000000
6845,112747 10904,872213 0,000000
6895,112747 10904,872213 0,000000
6945,112747 10904,872213 0,000000
6995,112747 10904,872213 0,000000
7045,112747 10904,872213 0,000000
7095,112747 10904,872213 0,000000
7145,112747 10904,872213 0,000000
7195,112747 10904,872213 0,000000
7245,112747 10904,872213 0,000000
7295,112747 10904,872213 0,000000
7345,112747 10904,872213 0,000000
7395,112747 10904,872213 0,000000
7445,112747 10904,872213 0,000000
7495,112747 10904,872213 0,000000
7545,112747 10904,872213 0,000000
7595,112747 10904,872213 0,000000
7645,112747 10904,872213 0,000000
7695,112747 10904,872213 0,000000
7745,112747 10904,872213 0,000000
7795,112747 10904,872213 0,000000
7845,112747 10904,872213 0,000000
7895,112747 10904,872213 0,000000
7945,112747 10904,872213 0,000000
7995,112747 10904,872213 0,000000
8045,112747 10904,872213 0,000000
8095,112747 10904,872213 0,000000
8145,112747 10904,872213 0,000000
8195,112747 10904,872213 0,000000
8245,112747 10904,872213 0,000000
8295,112747 10904,872213 0,000000
8345,112747 10904,872213 0,000000
8395,112747 10904,872213 0,000000
8445,112747 10904,872213 0,000000
8495,112747 10904,872213 0,000000
8545,112747 10904,872213 0,000000
8595,112747 10904,872213 0,000000
8645,112747 10904,872213 0,000000
8695,112747 10904,872213 0,000000
8745,112747 10904,872213 0,000000
8795,112747 10904,872213 0,000000
8845,112747 10904,872213 0,000000
8895,112747 10904,872213 0,000000
8945,112747 10904,872213 0,000000
8995,112747 10904,872213 0,000000
9045,112747 10904,872213 0,000000
9095,112747 10904,872213 0,000000
9145,112747 10904,872213 0,000000
9195,112747 10904,872213 0,000000
9245,112747 10904,872213 0,000000
9295,112747 10904,872213 0,000000
9345,112747 10904,872213 0,000000
9395,112747 10904,872213 0,000000
9445,112747 10904,872213 0,000000
9495,112747 10904,872213 0,000000
9545,112747 10904,872213 0,000000
9595,112747 10904,872213 0,000000
9645,112747 10904,872213 0,000000
9695,112747 10904,872213 0,000000
9745,112747 10904,872213 0,000000
9795,112747 10904,872213 0,000000
9845,112747 10904,872213 0,000000
9895,112747 10904,872213 0,000000
9945,112747 10904,872213 0,000000
9995,112747 10904,872213 0,000000
10045,112747 10904,872213 0,000000
10095,112747 10904,872213 0,000000
10145,112747 10904,872213 0,000000
10195,112747 10904,872213 0,000000
10245,112747 10904,872213 0,000000
10295,112747 10904,872213 0,000000
10345,112747 10904,872213 0,000000
10395,112747 10904,872213 0,000000
10445,112747 10904,872213 0,000000
10495,112747 10904,872213 0,000000
10545,112747 10904,872213 0,000000
10595,112747 10904,872213 0,000000
10645,112747 10904,872213 0,000000
10695,112747 10904,872213 0,000000
10745,112747 10904,872213 0,000000
10795,112747 10904,872213 0,000000
10845,112747 10904,872213 0,000000
10895,112747 10904,872213 0,000000
10945,112747 10904,872213 0,000000
10995,112747 10904,872213 -0,000001
11045,112747 10904,872213 -0,000002
11095,112747 10904,872213 0,000005
11145,112747 10904,872213 0,000021
11195,112747 10904,872213 0,000009
11245,112747 10904,872213 -0,000087
11295,112747 10904,872213 -0,000173
11345,112747 10904,872213 0,000032
11395,112747 10904,872213 0,000510
11445,112747 10904,872213 0,000644
11495,112747 10904,872213 0,000195
11545,112747 10904,872213 -0,000226
11595,112747 10904,872213 -0,000379
11645,112747 10904,872213 -0,000379
11695,112747 10904,872213 -0,000226
11745,112747 10904,872213 0,000195
11795,112747 10904,872213 0,000644
11845,112747 10904,872213 0,000510
11895,112747 10904,872213 0,000032
11945,112747 10904,872213 -0,000173
11995,112747 10904,872213 -0,000087
12045,112747 10904,872213 0,000009
12095,112747 10904,872213 0,000021
12145,112747 10904,872213 0,000005
12195,112747 10904,872213 -0,000002
12245,112747 10904,872213 -0,000001
12295,112747 10904,872213 0,000000
12345,112747 10904,872213 0,000000
12395,112747 10904,872213 0,000000
12445,112747 10904,872213 0,000000
12495,112747 10904,872213 0,000000
12545,112747 10904,872213 0,000000
12595,112747 10904,872213 0,000000
12645,112747 10904,872213 0,000000
12695,112747 10904,872213 0,000000
12745,112747 10904,872213 0,000000
12795,112747 10904,872213 0,000000
12845,112747 10904,872213 0,000000
12895,112747 10904,872213 0,000000
12945,112747 10904,872213 0,000000
12995,112747 10904,872213 0,000000
13045,112747 10904,872213 0,000000
13095,112747 10904,872213 0,000000
13145,112747 10904,872213 0,000000
13195,112747 10904,872213 0,000000
13245,112747 10904,872213 0,000000
13295,112747 10904,872213 0,000000
13345,112747 10904,872213 0,000000
13395,112747 10904,872213 0,000000
13445,112747 10904,872213 0,000000
13495,112747 10904,872213 0,000000
13545,112747 10904,872213 0,000000
13595,112747 10904,872213 0,000000
13645,112747 10904,872213 0,000000
13695,112747 10904,872213 0,000000
13745,112747 10904,872213 0,000000
13795,112747 10904,872213 0,000000
13845,112747 10904,872213 0,000000
13895,112747 10904,872213 0,000000
13945,112747 10904,872213 0,000000
13995,112747 10904,872213 0,000000
6545,112747 10954,872213 0,000000
6595,112747 10954,872213 0,000000
6645,112747 10954,872213 0,000000
6695,112747 10954,872213 0,000000
6745,112747 10954,872213 0,000000
6795,112747 10954,872213 0,000000
6845,112747 10954,872213 0,000000
6895,112747 10954,872213 0,000000
6945,112747 10954,872213 0,000000
6995,112747 10954,872213 0,000000
7045,112747 10954,872213 0,000000
7095,112747 10954,872213 0,000000
7145,112747 10954,872213 0,000000
7195,112747 10954,872213 0,000000
7245,112747 10954,872213 0,000000
7295,112747 10954,872213 0,000000
7345,112747 10954,872213 0,000000
7395,112747 10954,872213 0,000000
7445,112747 10954,872213 0,000000
7495,112747 10954,872213 0,000000
7545,112747 10954,872213 0,000000
7595,112747 10954,872213 0,000000
7645,112747 10954,872213 0,000000
7695,112747 10954,872213 0,000000
7745,112747 10954,872213 0,000000
7795,112747 10954,872213 0,000000
7845,112747 10954,872213 0,000000
7895,112747 10954,872213 0,000000
7945,112747 10954,872213 0,000000
7995,112747 10954,872213 0,000000
8045,112747 10954,872213 0,000000
8095,112747 10954,872213 0,000000
8145,112747 10954,872213 0,000000
8195,112747 10954,872213 0,000000
8245,112747 10954,872213 0,000000
8295,112747 10954,872213 0,000000
8345,112747 10954,872213 0,000000
8395,112747 10954,872213 0,000000
8445,112747 10954,872213 0,000000
8495,112747 10954,872213 0,000000
8545,112747 10954,872213 0,000000
8595,112747 10954,872213 0,000000
8645,112747 10954,872213 0,000000
8695,112747 10954,872213 0,000000
8745,112747 10954,872213 0,000000
8795,112747 10954,872213 0,000000
8845,112747 10954,872213 0,000000
8895,112747 10954,872213 0,000000
8945,112747 10954,872213 0,000000
8995,112747 10954,872213 0,000000
9045,112747 10954,872213 0,000000
9095,112747 10954,872213 0,000000
9145,112747 10954,872213 0,000000
9195,112747 10954,872213 0,000000
9245,112747 10954,872213 0,000000
9295,112747 10954,872213 0,000000
9345,112747 10954,872213 0,000000
9395,112747 10954,872213 0,000000
9445,112747 10954,872213 0,000000
9495,112747 10954,872213 0,000000
9545,112747 10954,872213 0,000000
9595,112747 10954,872213 0,000000
9645,112747 10954,872213 0,000000
9695,112747 10954,872213 0,000000
9745,112747 10954,872213 0,000000
9795,112747 10954,872213 0,000000
9845,112747 10954,872213 0,000000
9895,112747 10954,872213 0,000000
9945,112747 10954,872213 0,000000
9995,112747 10954,872213 0,000000
10045,112747 10954,872213 0,000000
10095,112747 10954,872213 0,000000
10145,112747 10954,872213 0,000000
10195,112747 10954,872213 0,000000
10245,112747 10954,872213 0,000000
10295,112747 10954,872213 0,000000
10345,112747 10954,872213 0,000000
10395,112747 10954,872213 0,000000
10445,112747 10954,872213 0,000000
10495,112747 10954,872213 0,000000
10545,112747 10954,872213 0,000000
10595,112747 10954,872213 0,000000
10645,112747 10954,872213 0,000000
10695,112747 10954,872213 0,000000
10745,112747 10954,872213 0,000000
10795,112747 10954,872213 0,000000
10845,112747 10954,872213 0,000000
10895,112747 10954,872213 0,000000
10945,112747 10954,872213 0,000000
10995,112747 10954,872213 0,000000
11045,112747 10954,872213 -0,000002
11095,112747 10954,872213 -0,000002
11145,112747 10954,872213 0,000005
11195,112747 10954,872213 0,000019
11245,112747 10954,872213 0,000010
11295,112747 10954,872213 -0,000052
11345,112747 10954,872213 -0,000105
11395,112747 10954,872213 -0,000031
11445,112747 10954,872213 0,000131
11495,112747 10954,872213 0,000208
11545,112747 10954,872213 0,000193
11595,112747 10954,872213 0,000175
11645,112747 10954,872213 0,000175
11695,112747 10954,872213 0,000193
11745,112747 10954,872213 0,000208
11795,112747 10954,872213 0,000131
11845,112747 10954,872213 -0,000031
11895,112747 10954,872213 -0,000105
11945,112747 10954,872213 -0,000052
11995,112747 10954,872213 0,000010
12045,112747 10954,872213 0,000019
12095,112747 10954,872213 0,000005
12145,112747 10954,872213 -0,000002
12195,112747 10954,872213 -0,000002
12245,112747 10954,872213 0,000000
12295,112747 10954,872213 0,000000
12345,112747 10954,872213 0,000000
12395,112747 10954,872213 0,000000
12445,112747 10954,872213 0,000000
12495,112747 10954,872213 0,000000
12545,112747 10954,872213 0,000000
12595,112747 10954,872213 0,000000
12645,112747 10954,872213 0,000000
12695,112747 10954,872213 0,000000
12745,112747 10954,872213 0,000000
12795,112747 10954,872213 0,000000
12845,112747 10954,872213 0,000000
12895,112747 10954,872213 0,000000
12945,112747 10954,872213 0,000000
12995,112747 10954,872213 0,000000
13045,112747 10954,872213 0,000000
13095,112747 10954,872213 0,000000
13145,112747 10954,872213 0,000000
13195,112747 10954,872213 0,000000
13245,112747 10954,872213 0,000000
13295,112747 10954,872213 0,000000
13345,112747 10954,872213 0,000000
13395,112747 10954,872213 0,000000
13445,112747 10954,872213 0,000000
13495,112747 10954,872213 0,000000
13545,112747 10954,872213 0,000000
13595,112747 10954,872213 0,000000
13645,112747 10954,872213 0,000000
13695,112747 10954,872213 0,000000
13745,112747 10954,872213 0,000000
13795,112747 10954,872213 0,000000
13845,112747 10954,872213 0,000000
13895,112747 10954,872213 0,000000
13945,112747 10954,872213 0,000000
13995,112747 10954,872213 0,000000
6545,112747 11004,872213 0,000000
6595,112747 11004,872213 0,000000
6645,112747 11004,872213 0,000000
6695,112747 11004,872213 0,000000
6745,112747 11004,872213 0,000000
6795,112747 11004,872213 0,000000
6845,112747 11004,872213 0,000000
6895,112747 11004,872213 0,000000
6945,112747 11004,872213 0,000000
6995,112747 11004,872213 0,000000
7045,112747 11004,872213 0,000000
7095,112747 11004,872213 0,000000
7145,112747 11004,872213 0,000000
7195,112747 11004,872213 0,000000
7245,112747 11004,872213 0,000000
7295,112747 11004,872213 0,000000
7345,112747 11004,872213 0,000000
7395,112747 11004,872213 0,000000
7445,112747 11004,872213 0,000000
7495,112747 11004,872213 0,000000
7545,112747 11004,872213 0,000000
7595,112747 11004,872213 0,000000
7645,112747 11004,872213 0,000000
7695,112747 11004,872213 0,000000
7745,112747 11004,872213 0,000000
7795,112747 11004,872213 0,000000
7845,112747 11004,872213 0,000000
7895,112747 11004,872213 0,000000
7945,112747 11004,872213 0,000000
7995,112747 11004,872213 0,000000
8045,112747 11004,872213 0,000000
8095,112747 11004,872213 0,000000
8145,112747 11004,872213 0,000000
8195,112747 11004,872213 0,000000
8245,112747 11004,872213 0,000000
8295,112747 11004,872213 0,000000
8345,112747 11004,872213 0,000000
8395,112747 11004,872213 0,000000
8445,112747 11004,872213 0,000000
8495,112747 11004,872213 0,000000
8545,112747 11004,872213 0,000000
8595,112747 11004,872213 0,000000
8645,112747 11004,872213 0,000000
8695,112747 11004,872213 0,000000
8745,112747 11004,872213 0,000000
8795,112747 11004,872213 0,000000
8845,112747 11004,872213 0,000000
8895,112747 11004,872213 0,000000
8945,112747 11004,872213 0,000000
8995,112747 11004,872213 0,000000
9045,112747 11004,872213 0,000000
9095,112747 11004,872213 0,000000
9145,112747 11004,872213 0,000000
9195,112747 11004,872213 0,000000
9245,112747 11004,872213 0,000000
9295,112747 11004,872213 0,000000
9345,112747 11004,872213 0,000000
9395,112747 11004,872213 0,000000
9445,112747 11004,872213 0,000000
9495,112747 11004,872213 -0,000001
9545,112747 11004,872213 -0,000001
9595,112747 11004,872213 -0,000001
9645,112747 11004,872213 -0,000001
9695,112747 11004,872213 -0,000001
9745,112747 11004,872213 -0,000001
9795,112747 11004,872213 -0,000001
9845,112747 11004,872213 -0,000001
9895,112747 11004,872213 0,000000
9945,112747 11004,872213 0,000000
9995,112747 11004,872213 0,000000
10045,112747 11004,872213 0,000000
10095,112747 11004,872213 0,000000
10145,112747 11004,872213 0,000000
10195,112747 11004,872213 0,000000
10245,112747 11004,872213 0,000000
10295,112747 11004,872213 0,000000
10345,112747 11004,872213 0,000000
10395,112747 11004,872213 0,000000
10445,112747 11004,872213 0,000000
10495,112747 11004,872213 0,000000
10545,112747 11004,872213 0,000000
10595,112747 11004,872213 0,000000
10645,112747 11004,872213 0,000000
10695,112747 11004,872213 0,000000
10745,112747 11004,872213 0,000000
10795,112747 11004,872213 0,000000
10845,112747 11004,872213 0,000000
10895,112747 11004,872213 0,000000
10945,112747 11004,872213 0,000000
10995,112747 11004,872213 0,000000
11045,112747 11004,872213 0,000000
11095,112747 11004,872213 -0,000002
11145,112747 11004,872213 -0,000002
11195,112747 11004,872213 0,000003
11245,112747 11004,872213 0,000013
11295,112747 11004,872213 0,000009
11345,112747 11004,872213 -0,000020
11395,112747 11004,872213 -0,000046
11445,112747 11004,872213 -0,000034
11495,112747 11004,872213 -0,000003
11545,112747 11004,872213 0,000016
11595,112747 11004,872213 0,000025
11645,112747 11004,872213 0,000025
11695,112747 11004,872213 0,000016
11745,112747 11004,872213 -0,000003
11795,112747 11004,872213 -0,000034
11845,112747 11004,872213 -0,000046
11895,112747 11004,872213 -0,000020
11945,112747 11004,872213 0,000009
11995,112747 11004,872213 0,000013
12045,112747 11004,872213 0,000003
12095,112747 11004,872213 -0,000002
12145,112747 11004,872213 -0,000002
12195,112747 11004,872213 0,000000
12245,112747 11004,872213 0,000000
12295,112747 11004,872213 0,000000
12345,112747 11004,872213 0,000000
12395,112747 11004,872213 0,000000
12445,112747 11004,872213 0,000000
12495,112747 11004,872213 0,000000
12545,112747 11004,872213 0,000000
12595,112747 11004,872213 0,000000
12645,112747 11004,872213 0,000000
12695,112747 11004,872213 0,000000
12745,112747 11004,872213 0,000000
12795,112747 11004,872213 0,000000
12845,112747 11004,872213 0,000000
12895,112747 11004,872213 0,000000
12945,112747 11004,872213 0,000000
12995,112747 11004,872213 0,000000
13045,112747 11004,872213 0,000000
13095,112747 11004,872213 0,000000
13145,112747 11004,872213 0,000000
13195,112747 11004,872213 0,000000
13245,112747 11004,872213 0,000000
13295,112747 11004,872213 0,000000
13345,112747 11004,872213 0,000000
13395,112747 11004,872213 0,000000
13445,112747 11004,872213 0,000000
13495,112747 11004,872213 0,000000
13545,112747 11004,872213 0,000000
13595,112747 11004,872213 0,000000
13645,112747 11004,872213 0,000000
13695,112747 11004,872213 0,000000
13745,112747 11004,872213 0,000000
13795,112747 11004,872213 0,000000
13845,112747 11004,872213 0,000000
13895,112747 11004,872213 0,000000
13945,112747 11004,872213 0,000000
13995,112747 11004,872213 0,000000
6545,112747 11054,872213 0,000000
6595,112747 11054,872213 0,000000
6645,112747 11054,872213 0,000000
6695,112747 11054,872213 0,000000
6745,112747 11054,872213 0,000000
6795,112747 11054,872213 0,000000
6845,112747 11054,872213 0,000000
6895,112747 11054,872213 0,000000
6945,112747 11054,872213 0,000000
6995,112747 11054,872213 0,000000
7045,112747 11054,872213 0,000000
7095,112747 11054,872213 0,000000
7145,112747 11054,872213 0,000000
7195,112747 11054,872213 0,000000
7245,112747 11054,872213 0,000000
7295,112747 11054,872213 0,000000
7345,112747 11054,872213 0,000000
7395,112747 11054,872213 0,000000
7445,112747 11054,872213 0,000000
7495,112747 11054,872213 0,000000
7545,112747 11054,872213 0,000000
7595,112747 11054,872213 0,000000
7645,112747 11054,872213 0,000000
7695,112747 11054,872213 0,000000
7745,112747 11054,872213 0,000000
7795,112747 11054,872213 0,000000
7845,112747 11054,872213 0,000000
7895,112747 11054,872213 0,000000
7945,112747 11054,872213 0,000000
7995,112747 11054,872213 0,000000
8045,112747 11054,872213 0,000000
8095,112747 11054,872213 0,000000
8145,112747 11054,872213 0,000000
8195,112747 11054,872213 0,000000
8245,112747 11054,872213 0,000000
8295,112747 11054,872213 0,000000
8345,112747 11054,872213 0,000000
8395,112747 11054,872213 0,000000
8445,112747 11054,872213 0,000000
8495,112747 11054,872213 0,000000
8545,112747 11054,872213 0,000000
8595,112747 11054,872213 0,000000
8645,112747 11054,872213 0,000000
8695,112747 11054,872213 0,000000
8745,112747 11054,872213 0,000000
8795,112747 11054,872213 0,000000
8845,112747 11054,872213 0,000000
8895,112747 11054,872213 0,000000
8945,112747 11054,872213 0,000000
8995,112747 11054,872213 0,000000
9045,112747 11054,872213 0,000000
9095,112747 11054,872213 0,000000
9145,112747 11054,872213 0,000000
9195,112747 11054,872213 0,000000
9245,112747 11054,872213 0,000001
9295,112747 11054,872213 0,000001
9345,112747 11054,872213 0,000000
9395,112747 11054,872213 -0,000002
9445,112747 11054,872213 -0,000002
9495,112747 11054,872213 -0,000001
9545,112747 11054,872213 0,000000
9595,112747 11054,872213 0,000001
9645,112747 11054,872213 0,000001
9695,112747 11054,872213 0,000001
9745,112747 11054,872213 0,000001
9795,112747 11054,872213 0,000000
9845,112747 11054,872213 -0,000001
9895,112747 11054,872213 -0,000002
9945,112747 11054,872213 -0,000002
9995,112747 11054,872213 0,000000
10045,112747 11054,872213 0,000001
10095,112747 11054,872213 0,000001
10145,112747 11054,872213 0,000000
10195,112747 11054,872213 0,000000
10245,112747 11054,872213 0,000000
10295,112747 11054,872213 0,000000
10345,112747 11054,872213 0,000000
10395,112747 11054,872213 0,000000
10445,112747 11054,872213 0,000000
10495,112747 11054,872213 0,000000
10545,112747 11054,872213 0,000000
10595,112747 11054,872213 0,000000
10645,112747 11054,872213 0,000000
10695,112747 11054,872213 0,000000
10745,112747 11054,872213 0,000000
10795,112747 11054,872213 0,000000
10845,112747 11054,872213 0,000000
10895,112747 11054,872213 0,000000
10945,112747 11054,872213 0,000000
10995,112747 11054,872213 0,000000
11045,112747 11054,872213 0,000000
11095,112747 11054,872213 0,000000
11145,112747 11054,872213 -0,000001
11195,112747 11054,872213 -0,000002
11245,112747 11054,872213 0,000002
11295,112747 11054,872213 0,000007
11345,112747 11054,872213 0,000006
11395,112747 11054,872213 -0,000003
11445,112747 11054,872213 -0,000011
11495,112747 11054,872213 -0,000013
11545,112747 11054,872213 -0,000012
11595,112747 11054,872213 -0,000011
11645,112747 11054,872213 -0,000011
11695,112747 11054,872213 -0,000012
11745,112747 11054,872213 -0,000013
11795,112747 11054,872213 -0,000011
11845,112747 11054,872213 -0,000003
11895,112747 11054,872213 0,000006
11945,112747 11054,872213 0,000007
11995,112747 11054,872213 0,000002
12045,112747 11054,872213 -0,000002
12095,112747 11054,872213 -0,000001
12145,112747 11054,872213 0,000000
12195,112747 11054,872213 0,000000
12245,112747 11054,872213 0,000000
12295,112747 11054,872213 0,000000
12345,112747 11054,872213 0,000000
12395,112747 11054,872213 0,000000
12445,112747 11054,872213 0,000000
12495,112747 11054,872213 0,000000
12545,112747 11054,872213 0,000000
12595,112747 11054,872213 0,000000
12645,112747 11054,872213 0,000000
12695,112747 11054,872213 0,000000
12745,112747 11054,872213 0,000000
12795,112747 11054,872213 0,000000
12845,112747 11054,872213 0,000000
12895,112747 11054,872213 0,000000
12945,112747 11054,872213 0,000000
12995,112747 11054,872213 0,000000
13045,112747 11054,872213 0,000000
13095,112747 11054,872213 0,000000
13145,112747 11054,872213 0,000000
13195,112747 11054,872213 0,000000
13245,112747 11054,872213 0,000000
13295,112747 11054,872213 0,000000
13345,112747 11054,872213 0,000000
13395,112747 11054,872213 0,000000
13445,112747 11054,872213 0,000000
13495,112747 11054,872213 0,000000
13545,112747 11054,872213 0,000000
13595,112747 11054,872213 0,000000
13645,112747 11054,872213 0,000000
13695,112747 11054,872213 0,000000
13745,112747 11054,872213 0,000000
13795,112747 11054,872213 0,000000
13845,112747 11054,872213 0,000000
13895,112747 11054,872213 0,000000
13945,112747 11054,872213 0,000000
13995,112747 11054,872213 0,000000
6545,112747 11104,872213 0,000000
6595,112747 11104,872213 0,000000
6645,112747 11104,872213 0,000000
6695,112747 11104,872213 0,000000
6745,112747 11104,872213 0,000000
6795,112747 11104,872213 0,000000
6845,112747 11104,872213 0,000000
6895,112747 11104,872213 0,000000
6945,112747 11104,872213 0,000000
6995,112747 11104,872213 0,000000
7045,112747 11104,872213 0,000000
7095,112747 11104,872213 0,000000
7145,112747 11104,872213 0,000000
7195,112747 11104,872213 0,000000
7245,112747 11104,872213 0,000000
7295,112747 11104,872213 0,000000
7345,112747 11104,872213 0,000000
7395,112747 11104,872213 0,000000
7445,112747 11104,872213 0,000000
7495,112747 11104,872213 0,000000
7545,112747 11104,872213 0,000000
7595,112747 11104,872213 0,000000
7645,112747 11104,872213 0,000000
7695,112747 11104,872213 0,000000
7745,112747 11104,872213 0,000000
7795,112747 11104,872213 0,000000
7845,112747 11104,872213 0,000000
7895,112747 11104,872213 0,000000
7945,112747 11104,872213 0,000000
7995,112747 11104,872213 0,000000
8045,112747 11104,872213 0,000000
8095,112747 11104,872213 0,000000
8145,112747 11104,872213 0,000000
8195,112747 11104,872213 0,000000
8245,112747 11104,872213 0,000000
8295,112747 11104,872213 0,000000
8345,112747 11104,872213 0,000000
8395,112747 11104,872213 0,000000
8445,112747 11104,872213 0,000000
8495,112747 11104,872213 0,000000
8545,112747 11104,872213 0,000000
8595,112747 11104,872213 0,000000
8645,112747 11104,872213 0,000000
8695,112747 11104,872213 0,000000
8745,112747 11104,872213 0,000000
8795,112747 11104,872213 0,000000
8845,112747 11104,872213 0,000000
8895,112747 11104,872213 0,000000
8945,112747 11104,872213 0,000000
8995,112747 11104,872213 0,000000
9045,112747 11104,872213 0,000000
9095,112747 11104,872213 0,000000
9145,112747 11104,872213 0,000000
9195,112747 11104,872213 0,000001
9245,112747 11104,872213 0,000001
9295,112747 11104,872213 -0,000001
9345,112747 11104,872213 -0,000005
9395,112747 11104,872213 -0,000005
9445,112747 11104,872213 0,000002
9495,112747 11104,872213 0,000009
9545,112747 11104,872213 0,000010
9595,112747 11104,872213 0,000009
9645,112747 11104,872213 0,000009
9695,112747 11104,872213 0,000009
9745,112747 11104,872213 0,000009
9795,112747 11104,872213 0,000010
9845,112747 11104,872213 0,000009
9895,112747 11104,872213 0,000002
9945,112747 11104,872213 -0,000005
9995,112747 11104,872213 -0,000005
10045,112747 11104,872213 -0,000001
10095,112747 11104,872213 0,000001
10145,112747 11104,872213 0,000001
10195,112747 11104,872213 0,000000
10245,112747 11104,872213 0,000000
10295,112747 11104,872213 0,000000
10345,112747 11104,872213 0,000000
10395,112747 11104,872213 0,000000
10445,112747 11104,872213 0,000000
10495,112747 11104,872213 0,000000
10545,112747 11104,872213 0,000000
10595,112747 11104,872213 0,000000
10645,112747 11104,872213 0,000000
10695,112747 11104,872213 0,000000
10745,112747 11104,872213 0,000000
10795,112747 11104,872213 0,000000
10845,112747 11104,872213 0,000000
10895,112747 11104,872213 0,000000
10945,112747 11104,872213 0,000000
10995,112747 11104,872213 0,000000
11045,112747 11104,872213 0,000000
11095,112747 11104,872213 0,000000
11145,112747 11104,872213 0,000000
11195,112747 11104,872213 -0,000001
11245,112747 11104,872213 -0,000001
11295,112747 11104,872213 0,000000
11345,112747 11104,872213 0,000002
11395,112747 11104,872213 0,000003
11445,112747 11104,872213 0,000002
11495,112747 11104,872213 0,000000
11545,112747 11104,872213 -0,000001
11595,112747 11104,872213 -0,000002
11645,112747 11104,872213 -0,000002
11695,112747 11104,872213 -0,000001
11745,112747 11104,872213 0,000000
11795,112747 11104,872213 0,000002
11845,112747 11104,872213 0,000003
11895,112747 11104,872213 0,000002
11945,112747 11104,872213 0,000000
11995,112747 11104,872213 -0,000001
12045,112747 11104,872213 -0,000001
12095,112747 11104,872213 0,000000
12145,112747 11104,872213 0,000000
12195,112747 11104,872213 0,000000
12245,112747 11104,872213 0,000000
12295,112747 11104,872213 0,000000
12345,112747 11104,872213 0,000000
12395,112747 11104,872213 0,000000
12445,112747 11104,872213 0,000000
12495,112747 11104,872213 0,000000
12545,112747 11104,872213 0,000000
12595,112747 11104,872213 0,000000
12645,112747 11104,872213 0,000000
12695,112747 11104,872213 0,000000
12745,112747 11104,872213 0,000000
12795,112747 11104,872213 0,000000
12845,112747 11104,872213 0,000000
12895,112747 11104,872213 0,000000
12945,112747 11104,872213 0,000000
12995,112747 11104,872213 0,000000
13045,112747 11104,872213 0,000000
13095,112747 11104,872213 0,000000
13145,112747 11104,872213 0,000000
13195,112747 11104,872213 0,000000
13245,112747 11104,872213 0,000000
13295,112747 11104,872213 0,000000
13345,112747 11104,872213 0,000000
13395,112747 11104,872213 0,000000
13445,112747 11104,872213 0,000000
13495,112747 11104,872213 0,000000
13545,112747 11104,872213 0,000000
13595,112747 11104,872213 0,000000
13645,112747 11104,872213 0,000000
13695,112747 11104,872213 0,000000
13745,112747 11104,872213 0,000000
13795,112747 11104,872213 0,000000
13845,112747 11104,872213 0,000000
13895,112747 11104,872213 0,000000
13945,112747 11104,872213 0,000000
13995,112747 11104,872213 0,000000
6545,112747 11154,872213 0,000000
6595,112747 11154,872213 0,000000
6645,112747 11154,872213 0,000000
6695,112747 11154,872213 0,000000
6745,112747 11154,872213 0,000000
6795,112747 11154,872213 0,000000
6845,112747 11154,872213 0,000000
6895,112747 11154,872213 0,000000
6945,112747 11154,872213 0,000000
6995,112747 11154,872213 0,000000
7045,112747 11154,872213 0,000000
7095,112747 11154,872213 0,000000
7145,112747 11154,872213 0,000000
7195,112747 11154,872213 0,000000
7245,112747 11154,872213 0,000000
7295,112747 11154,872213 0,000000
7345,112747 11154,872213 0,000000
7395,112747 11154,872213 0,000000
7445,112747 11154,872213 0,000000
7495,112747 11154,872213 0,000000
7545,112747 11154,872213 0,000000
7595,112747 11154,872213 0,000000
7645,112747 11154,872213 0,000000
7695,112747 11154,872213 0,000000
7745,112747 11154,872213 0,000000
7795,112747 11154,872213 0,000000
7845,112747 11154,872213 0,000000
7895,112747 11154,872213 0,000000
7945,112747 11154,872213 0,000000
7995,112747 11154,872213 0,000000
8045,112747 11154,872213 0,000000
8095,112747 11154,872213 0,000000
8145,112747 11154,872213 0,000000
8195,112747 11154,872213 0,000000
8245,112747 11154,872213 0,000000
8295,112747 11154,872213 0,000000
8345,112747 11154,872213 0,000000
8395,112747 11154,872213 0,000000
8445,112747 11154,872213 0,000000
8495,112747 11154,872213 0,000000
8545,112747 11154,872213 0,000000
8595,112747 11154,872213 0,000000
8645,112747 11154,872213 0,000000
8695,112747 11154,872213 0,000000
8745,112747 11154,872213 0,000000
8795,112747 11154,872213 0,000000
8845,112747 11154,872213 0,000000
8895,112747 11154,872213 0,000000
8945,112747 11154,872213 0,000000
8995,112747 11154,872213 0,000000
9045,112747 11154,872213 0,000000
9095,112747 11154,872213 0,000000
9145,112747 11154,872213 0,000001
9195,112747 11154,872213 0,000002
9245,112747 11154,872213 -0,000002
9295,112747 11154,872213 -0,000010
9345,112747 11154,872213 -0,000007
9395,112747 11154,872213 0,000015
9445,112747 11154,872213 0,000034
9495,112747 11154,872213 0,000025
9545,112747 11154,872213 0,000002
9595,112747 11154,872213 -0,000012
9645,112747 11154,872213 -0,000019
9695,112747 11154,872213 -0,000019
9745,112747 11154,872213 -0,000012
9795,112747 11154,872213 0,000002
9845,112747 11154,872213 0,000025
9895,112747 11154,872213 0,000034
9945,112747 11154,872213 0,000015
9995,112747 11154,872213 -0,000007
10045,112747 11154,872213 -0,000010
10095,112747 11154,872213 -0,000002
10145,112747 11154,872213 0,000002
10195,112747 11154,872213 0,000001
10245,112747 11154,872213 0,000000
10295,112747 11154,872213 0,000000
10345,112747 11154,872213 0,000000
10395,112747 11154,872213 0,000000
10445,112747 11154,872213 0,000000
10495,112747 11154,872213 0,000000
10545,112747 11154,872213 0,000000
10595,112747 11154,872213 0,000000
10645,112747 11154,872213 0,000000
10695,112747 11154,872213 0,000000
10745,112747 11154,872213 0,000000
10795,112747 11154,872213 0,000000
10845,112747 11154,872213 0,000000
10895,112747 11154,872213 0,000000
10945,112747 11154,872213 0,000000
10995,112747 11154,872213 0,000000
11045,112747 11154,872213 0,000000
11095,112747 11154,872213 0,000000
11145,112747 11154,872213 0,000000
11195,112747 11154,872213 0,000000
11245,112747 11154,872213 0,000000
11295,112747 11154,872213 -0,000001
11345,112747 11154,872213 0,000000
11395,112747 11154,872213 0,000000
11445,112747 11154,872213 0,000001
11495,112747 11154,872213 0,000001
11545,112747 11154,872213 0,000001
11595,112747 11154,872213 0,000001
11645,112747 11154,872213 0,000001
11695,112747 11154,872213 0,000001
11745,112747 11154,872213 0,000001
11795,112747 11154,872213 0,000001
11845,112747 11154,872213 0,000000
11895,112747 11154,872213 0,000000
11945,112747 11154,872213 -0,000001
11995,112747 11154,872213 0,000000
12045,112747 11154,872213 0,000000
12095,112747 11154,872213 0,000000
12145,112747 11154,872213 0,000000
12195,112747 11154,872213 0,000000
12245,112747 11154,872213 0,000000
12295,112747 11154,872213 0,000000
12345,112747 11154,872213 0,000000
12395,112747 11154,872213 0,000000
12445,112747 11154,872213 0,000000
12495,112747 11154,872213 0,000000
12545,112747 11154,872213 0,000000
12595,112747 11154,872213 0,000000
12645,112747 11154,872213 0,000000
12695,112747 11154,872213 0,000000
12745,112747 11154,872213 0,000000
12795,112747 11154,872213 0,000000
12845,112747 11154,872213 0,000000
12895,112747 11154,872213 0,000000
12945,112747 11154,872213 0,000000
12995,112747 11154,872213 0,000000
13045,112747 11154,872213 0,000000
13095,112747 11154,872213 0,000000
13145,112747 11154,872213 0,000000
13195,112747 11154,872213 0,000000
13245,112747 11154,872213 0,000000
13295,112747 11154,872213 0,000000
13345,112747 11154,872213 0,000000
13395,112747 11154,872213 0,000000
13445,112747 11154,872213 0,000000
13495,112747 11154,872213 0,000000
13545,112747 11154,872213 0,000000
13595,112747 11154,872213 0,000000
13645,112747 11154,872213 0,000000
13695,112747 11154,872213 0,000000
13745,112747 11154,872213 0,000000
13795,112747 11154,872213 0,000000
13845,112747 11154,872213 0,000000
13895,112747 11154,872213 0,000000
13945,112747 11154,872213 0,000000
13995,112747 11154,872213 0,000000
6545,112747 11204,872213 0,000000
6595,112747 11204,872213 0,000000
6645,112747 11204,872213 0,000000
6695,112747 11204,872213 0,000000
6745,112747 11204,872213 0,000000
6795,112747 11204,872213 0,000000
6845,112747 11204,872213 0,000000
6895,112747 11204,872213 0,000000
6945,112747 11204,872213 0,000000
6995,112747 11204,872213 0,000000
7045,112747 11204,872213 0,000000
7095,112747 11204,872213 0,000000
7145,112747 11204,872213 0,000000
7195,112747 11204,872213 0,000000
7245,112747 11204,872213 0,000000
7295,112747 11204,872213 0,000000
7345,112747 11204,872213 0,000000
7395,112747 11204,872213 0,000000
7445,112747 11204,872213 0,000000
7495,112747 11204,872213 0,000000
7545,112747 11204,872213 0,000000
7595,112747 11204,872213 0,000000
7645,112747 11204,872213 0,000000
7695,112747 11204,872213 0,000000
7745,112747 11204,872213 0,000000
7795,112747 11204,872213 0,000000
7845,112747 11204,872213 0,000000
7895,112747 11204,872213 0,000000
7945,112747 11204,872213 0,000000
7995,112747 11204,872213 0,000000
8045,112747 11204,872213 0,000000
8095,112747 11204,872213 0,000000
8145,112747 11204,872213 0,000000
8195,112747 11204,872213 0,000000
8245,112747 11204,872213 0,000000
8295,112747 11204,872213 0,000000
8345,112747 11204,872213 0,000000
8395,112747 11204,872213 0,000000
8445,112747 11204,872213 0,000000
8495,112747 11204,872213 0,000000
8545,112747 11204,872213 0,000000
8595,112747 11204,872213 0,000000
8645,112747 11204,872213 0,000000
8695,112747 11204,872213 0,000000
8745,112747 11204,872213 0,000000
8795,112747 11204,872213 0,000000
8845,112747 11204,872213 0,000000
8895,112747 11204,872213 0,000000
8945,112747 11204,872213 0,000000
8995,112747 11204,872213 0,000000
9045,112747 11204,872213 0,000000
9095,112747 11204,872213 0,000001
9145,112747 11204,872213 0,000002
9195,112747 11204,872213 -0,000003
9245,112747 11204,872213 -0,000014
9295,112747 11204,872213 -0,000007
9345,112747 11204,872213 0,000039
9395,112747 11204,872213 0,000078
9445,112747 11204,872213 0,000023
9495,112747 11204,872213 -0,000098
9545,112747 11204,872213 -0,000155
9595,112747 11204,872213 -0,000144
9645,112747 11204,872213 -0,000130
9695,112747 11204,872213 -0,000130
9745,112747 11204,872213 -0,000144
9795,112747 11204,872213 -0,000155
9845,112747 11204,872213 -0,000098
9895,112747 11204,872213 0,000023
9945,112747 11204,872213 0,000079
9995,112747 11204,872213 0,000039
10045,112747 11204,872213 -0,000007
10095,112747 11204,872213 -0,000014
10145,112747 11204,872213 -0,000004
10195,112747 11204,872213 0,000002
10245,112747 11204,872213 0,000001
10295,112747 11204,872213 0,000000
10345,112747 11204,872213 0,000000
10395,112747 11204,872213 0,000000
10445,112747 11204,872213 0,000000
10495,112747 11204,872213 0,000000
10545,112747 11204,872213 0,000000
10595,112747 11204,872213 0,000000
10645,112747 11204,872213 0,000000
10695,112747 11204,872213 0,000000
10745,112747 11204,872213 0,000000
10795,112747 11204,872213 0,000000
10845,112747 11204,872213 0,000000
10895,112747 11204,872213 0,000000
10945,112747 11204,872213 0,000000
10995,112747 11204,872213 0,000000
11045,112747 11204,872213 0,000000
11095,112747 11204,872213 0,000000
11145,112747 11204,872213 0,000000
11195,112747 11204,872213 0,000000
11245,112747 11204,872213 0,000000
11295,112747 11204,872213 0,000000
11345,112747 11204,872213 0,000000
11395,112747 11204,872213 0,000000
11445,112747 11204,872213 0,000000
11495,112747 11204,872213 0,000000
11545,112747 11204,872213 0,000000
11595,112747 11204,872213 0,000000
11645,112747 11204,872213 0,000000
11695,112747 11204,872213 0,000000
11745,112747 11204,872213 0,000000
11795,112747 11204,872213 0,000000
11845,112747 11204,872213 0,000000
11895,112747 11204,872213 0,000000
11945,112747 11204,872213 0,000000
11995,112747 11204,872213 0,000000
12045,112747 11204,872213 0,000000
12095,112747 11204,872213 0,000000
12145,112747 11204,872213 0,000000
12195,112747 11204,872213 0,000000
12245,112747 11204,872213 0,000000
12295,112747 11204,872213 0,000000
12345,112747 11204,872213 0,000000
12395,112747 11204,872213 0,000000
12445,112747 11204,872213 0,000000
12495,112747 11204,872213 0,000000
12545,112747 11204,872213 0,000000
12595,112747 11204,872213 0,000000
12645,112747 11204,872213 0,000000
12695,112747 11204,872213 0,000000
12745,112747 11204,872213 0,000000
12795,112747 11204,872213 0,000000
12845,112747 11204,872213 0,000000
12895,112747 11204,872213 0,000000
12945,112747 11204,872213 0,000000
12995,112747 11204,872213 0,000000
13045,112747 11204,872213 0,000000
13095,112747 11204,872213 0,000000
13145,112747 11204,872213 0,000000
13195,112747 11204,872213 0,000000
13245,112747 11204,872213 0,000000
13295,112747 11204,872213 0,000000
13345,112747 11204,872213 0,000000
13395,112747 11204,872213 0,000000
13445,112747 11204,872213 0,000000
13495,112747 11204,872213 0,000000
13545,112747 11204,872213 0,000000
13595,112747 11204,872213 0,000000
13645,112747 11204,872213 0,000000
13695,112747 11204,872213 0,000000
13745,112747 11204,872213 0,000000
13795,112747 11204,872213 0,000000
13845,112747 11204,872213 0,000000
13895,112747 11204,872213 0,000000
13945,112747 11204,872213 0,000000
13995,112747 11204,872213 0,000000
6545,112747 11254,872213 0,000000
6595,112747 11254,872213 0,000000
6645,112747 11254,872213 0,000000
6695,112747 11254,872213 0,000000
6745,112747 11254,872213 0,000000
6795,112747 11254,872213 0,000000
6845,112747 11254,872213 0,000000
6895,112747 11254,872213 0,000000
6945,112747 11254,872213 0,000000
6995,112747 11254,872213 0,000000
7045,112747 11254,872213 0,000000
7095,112747 11254,872213 0,000000
7145,112747 11254,872213 0,000000
7195,112747 11254,872213 0,000000
7245,112747 11254,872213 0,000000
7295,112747 11254,872213 0,000000
7345,112747 11254,872213 0,000000
7395,112747 11254,872213 0,000000
7445,112747 11254,872213 0,000000
7495,112747 11254,872213 0,000000
7545,112747 11254,872213 0,000000
7595,112747 11254,872213 0,000000
7645,112747 11254,872213 0,000000
7695,112747 11254,872213 0,000000
7745,112747 11254,872213 0,000000
7795,112747 11254,872213 0,000000
7845,112747 11254,872213 0,000000
7895,112747 11254,872213 0,000000
7945,112747 11254,872213 0,000000
7995,112747 11254,872213 0,000000
8045,112747 11254,872213 0,000000
8095,112747 11254,872213 0,000000
8145,112747 11254,872213 0,000000
8195,112747 11254,872213 0,000000
8245,112747 11254,872213 0,000000
8295,112747 11254,872213 0,000000
8345,112747 11254,872213 0,000000
8395,112747 11254,872213 0,000000
8445,112747 11254,872213 0,000000
8495,112747 11254,872213 0,000000
8545,112747 11254,872213 0,000000
8595,112747 11254,872213 0,000000
8645,112747 11254,872213 0,000000
8695,112747 11254,872213 0,000000
8745,112747 11254,872213 0,000000
8795,112747 11254,872213 0,000000
8845,112747 11254,872213 0,000000
8895,112747 11254,872213 0,000000
8945,112747 11254,872213 0,000000
8995,112747 11254,872213 0,000000
9045,112747 11254,872213 0,000001
9095,112747 11254,872213 0,000002
9145,112747 11254,872213 -0,000003
9195,112747 11254,872213 -0,000016
9245,112747 11254,872213 -0,000007
9295,112747 11254,872213 0,000065
9345,112747 11254,872213 0,000129
9395,112747 11254,872213 -0,000024
9445,112747 11254,872213 -0,000380
9495,112747 11254,872213 -0,000480
9545,112747 11254,872213 -0,000146
9595,112747 11254,872213 0,000168
9645,112747 11254,872213 0,000283
9695,112747 11254,872213 0,000283
9745,112747 11254,872213 0,000168
9795,112747 11254,872213 -0,000146
9845,112747 11254,872213 -0,000480
9895,112747 11254,872213 -0,000380
9945,112747 11254,872213 -0,000024
9995,112747 11254,872213 0,000129
10045,112747 11254,872213 0,000065
10095,112747 11254,872213 -0,000007
10145,112747 11254,872213 -0,000016
10195,112747 11254,872213 -0,000004
10245,112747 11254,872213 0,000002
10295,112747 11254,872213 0,000001
10345,112747 11254,872213 0,000000
10395,112747 11254,872213 0,000000
10445,112747 11254,872213 0,000000
10495,112747 11254,872213 0,000000
10545,112747 11254,872213 0,000000
10595,112747 11254,872213 0,000000
10645,112747 11254,872213 0,000000
10695,112747 11254,872213 0,000000
10745,112747 11254,872213 0,000000
10795,112747 11254,872213 0,000000
10845,112747 11254,872213 0,000000
10895,112747 11254,872213 0,000000
10945,112747 11254,872213 0,000000
10995,112747 11254,872213 0,000000
11045,112747 11254,872213 0,000000
11095,112747 11254,872213 0,000000
11145,112747 11254,872213 0,000000
11195,112747 11254,872213 0,000000
11245,112747 11254,872213 0,000000
11295,112747 11254,872213 0,000000
11345,112747 11254,872213 0,000000
11395,112747 11254,872213 0,000000
11445,112747 11254,872213 0,000000
11495,112747 11254,872213 0,000000
11545,112747 11254,872213 0,000000
11595,112747 11254,872213 0,000000
11645,112747 11254,872213 0,000000
11695,112747 11254,872213 0,000000
11745,112747 11254,872213 0,000000
11795,112747 11254,872213 0,000000
11845,112747 11254,872213 0,000000
11895,112747 11254,872213 0,000000
11945,112747 11254,872213 0,000000
11995,112747 11254,872213 0,000000
12045,112747 11254,872213 0,000000
12095,112747 11254,872213 0,000000
12145,112747 11254,872213 0,000000
12195,112747 11254,872213 0,000000
12245,112747 11254,872213 0,000000
12295,112747 11254,872213 0,000000
12345,112747 11254,872213 0,000000
12395,112747 11254,872213 0,000000
12445,112747 11254,872213 0,000000
12495,112747 11254,872213 0,000000
12545,112747 11254,872213 0,000000
12595,112747 11254,872213 0,000000
12645,112747 11254,872213 0,000000
12695,112747 11254,872213 0,000000
12745,112747 11254,872213 0,000000
12795,112747 11254,872213 0,000000
12845,112747 11254,872213 0,000000
12895,112747 11254,872213 0,000000
12945,112747 11254,872213 0,000000
12995,112747 11254,872213 0,000000
13045,112747 11254,872213 0,000000
13095,112747 11254,872213 0,000000
13145,112747 11254,872213 0,000000
13195,112747 11254,872213 0,000000
13245,112747 11254,872213 0,000000
13295,112747 11254,872213 0,000000
13345,112747 11254,872213 0,000000
13395,112747 11254,872213 0,000000
13445,112747 11254,872213 0,000000
13495,112747 11254,872213 0,000000
13545,112747 11254,872213 0,000000
13595,112747 11254,872213 0,000000
13645,112747 11254,872213 0,000000
13695,112747 11254,872213 0,000000
13745,112747 11254,872213 0,000000
13795,112747 11254,872213 0,000000
13845,112747 11254,872213 0,000000
13895,112747 11254,872213 0,000000
13945,112747 11254,872213 0,000000
13995,112747 11254,872213 0,000000
6545,112747 11304,872213 0,000000
6595,112747 11304,872213 0,000000
6645,112747 11304,872213 0,000000
6695,112747 11304,872213 0,000000
6745,112747 11304,872213 0,000000
6795,112747 11304,872213 0,000000
6845,112747 11304,872213 0,000000
6895,112747 11304,872213 0,000000
6945,112747 11304,872213 0,000000
6995,112747 11304,872213 0,000000
7045,112747 11304,872213 0,000000
7095,112747 11304,872213 0,000000
7145,112747 11304,872213 0,000000
7195,112747 11304,872213 0,000000
7245,112747 11304,872213 0,000000
7295,112747 11304,872213 0,000000
7345,112747 11304,872213 0,000000
7395,112747 11304,872213 0,000000
7445,112747 11304,872213 0,000000
7495,112747 11304,872213 0,000000
7545,112747 11304,872213 0,000000
7595,112747 11304,872213 0,000000
7645,112747 11304,872213 0,000000
7695,112747 11304,872213 0,000000
7745,112747 11304,872213 0,000000
7795,112747 11304,872213 0,000000
7845,112747 11304,872213 0,000000
7895,112747 11304,872213 0,000000
7945,112747 11304,872213 0,000000
7995,112747 11304,872213 0,000000
8045,112747 11304,872213 0,000000
8095,112747 11304,872213 0,000000
8145,112747 11304,872213 0,000000
8195,112747 11304,872213 0,000000
8245,112747 11304,872213 0,000000
8295,112747 11304,872213 0,000000
8345,112747 11304,872213 0,000000
8395,112747 11304,872213 0,000000
8445,112747 11304,872213 0,000000
8495,112747 11304,872213 0,000000
8545,112747 11304,872213 0,000000
8595,112747 11304,872213 0,000000
8645,112747 11304,872213 0,000000
8695,112747 11304,872213 0,000000
8745,112747 11304,872213 0,000000
8795,112747 11304,872213 0,000000
8845,112747 11304,872213 0,000000
8895,112747 11304,872213 0,000000
8945,112747 11304,872213 0,000000
8995,112747 11304,872213 0,000001
9045,112747 11304,872213 0,000001
9095,112747 11304,872213 -0,000002
9145,112747 11304,872213 -0,000014
9195,112747 11304,872213 -0,000007
9245,112747 11304,872213 0,000076
9295,112747 11304,872213 0,000163
9345,112747 11304,872213 -0,000099
9395,112747 11304,872213 -0,000802
9445,112747 11304,872213 -0,000883
9495,112747 11304,872213 0,000641
9545,112747 11304,872213 0,002260
9595,112747 11304,872213 0,002330
9645,112747 11304,872213 0,002015
9695,112747 11304,872213 0,002015
9745,112747 11304,872213 0,002330
9795,112747 11304,872213 0,002260
9845,112747 11304,872213 0,000641
9895,112747 11304,872213 -0,000883
9945,112747 11304,872213 -0,000802
9995,112747 11304,872213 -0,000099
10045,112747 11304,872213 0,000163
10095,112747 11304,872213 0,000076
10145,112747 11304,872213 -0,000007
10195,112747 11304,872213 -0,000014
10245,112747 11304,872213 -0,000002
10295,112747 11304,872213 0,000001
10345,112747 11304,872213 0,000001
10395,112747 11304,872213 0,000000
10445,112747 11304,872213 0,000000
10495,112747 11304,872213 0,000000
10545,112747 11304,872213 0,000000
10595,112747 11304,872213 0,000000
10645,112747 11304,872213 0,000000
10695,112747 11304,872213 0,000000
10745,112747 11304,872213 0,000000
10795,112747 11304,872213 0,000000
10845,112747 11304,872213 0,000000
10895,112747 11304,872213 0,000000
10945,112747 11304,872213 0,000000
10995,112747 11304,872213 0,000000
11045,112747 11304,872213 0,000000
11095,112747 11304,872213 0,000000
11145,112747 11304,872213 0,000000
11195,112747 11304,872213 0,000000
11245,112747 11304,872213 0,000000
11295,112747 11304,872213 0,000000
11345,112747 11304,872213 0,000000
11395,112747 11304,872213 0,000000
11445,112747 11304,872213 0,000000
11495,112747 11304,872213 0,000000
11545,112747 11304,872213 0,000000
11595,112747 11304,872213 0,000000
11645,112747 11304,872213 0,000000
11695,112747 11304,872213 0,000000
11745,112747 11304,872213 0,000000
11795,112747 11304,872213 0,000000
11845,112747 11304,872213 0,000000
11895,112747 11304,872213 0,000000
11945,112747 11304,872213 0,000000
11995,112747 11304,872213 0,000000
12045,112747 11304,872213 0,000000
12095,112747 11304,872213 0,000000
12145,112747 11304,872213 0,000000
12195,112747 11304,872213 0,000000
12245,112747 11304,872213 0,000000
12295,112747 11304,872213 0,000000
12345,112747 11304,872213 0,000000
12395,112747 11304,872213 0,000000
12445,112747 11304,872213 0,000000
12495,112747 11304,872213 0,000000
12545,112747 11304,872213 0,000000
12595,112747 11304,872213 0,000000
12645,112747 11304,872213 0,000000
12695,112747 11304,872213 0,000000
12745,112747 11304,872213 0,000000
12795,112747 11304,872213 0,000000
12845,112747 11304,872213 0,000000
12895,112747 11304,872213 0,000000
12945,112747 11304,872213 0,000000
12995,112747 11304,872213 0,000000
13045,112747 11304,872213 0,000000
13095,112747 11304,872213 0,000000
13145,112747 11304,872213 0,000000
13195,112747 11304,872213 0,000000
13245,112747 11304,872213 0,000000
13295,112747 11304,872213 0,000000
13345,112747 11304,872213 0,000000
13395,112747 11304,872213 0,000000
13445,112747 11304,872213 0,000000
13495,112747 11304,872213 0,000000
13545,112747 11304,872213 0,000000
13595,112747 11304,872213 0,000000
13645,112747 11304,872213 0,000000
13695,112747 11304,872213 0,000000
13745,112747 11304,872213 0,000000
13795,112747 11304,872213 0,000000
13845,112747 11304,872213 0,000000
13895,112747 11304,872213 0,000000
13945,112747 11304,872213 0,000000
13995,112747 11304,872213 0,000000
6545,112747 11354,872213 0,000000
6595,112747 11354,872213 0,000000
6645,112747 11354,872213 0,000000
6695,112747 11354,872213 0,000000
6745,112747 11354,872213 0,000000
6795,112747 11354,872213 0,000000
6845,112747 11354,872213 0,000000
6895,112747 11354,872213 0,000000
6945,112747 11354,872213 0,000000
6995,112747 11354,872213 0,000000
7045,112747 11354,872213 0,000000
7095,112747 11354,872213 0,000000
7145,112747 11354,872213 0,000000
7195,112747 11354,872213 0,000000
7245,112747 11354,872213 0,000000
7295,112747 11354,872213 0,000000
7345,112747 11354,872213 0,000000
7395,112747 11354,872213 0,000000
7445,112747 11354,872213 0,000000
7495,112747 11354,872213 0,000000
7545,112747 11354,872213 0,000000
7595,112747 11354,872213 0,000000
7645,112747 11354,872213 0,000000
7695,112747 11354,872213 0,000000
7745,112747 11354,872213 0,000000
7795,112747 11354,872213 0,000000
7845,112747 11354,872213 0,000000
7895,112747 11354,872213 0,000000
7945,112747 11354,872213 0,000000
7995,112747 11354,872213 0,000000
8045,112747 11354,872213 0,000000
8095,112747 11354,872213 0,000000
8145,112747 11354,872213 0,000000
8195,112747 11354,872213 0,000000
8245,112747 11354,872213 0,000000
8295,112747 11354,872213 0,000000
8345,112747 11354,872213 0,000000
8395,112747 11354,872213 0,000000
8445,112747 11354,872213 0,000000
8495,112747 11354,872213 0,000000
8545,112747 11354,872213 0,000000
8595,112747 11354,872213 0,000000
8645,112747 11354,872213 0,000000
8695,112747 11354,872213 0,000000
8745,112747 11354,872213 0,000000
8795,112747 11354,872213 0,000000
8845,112747 11354,872213 0,000000
8895,112747 11354,872213 0,000000
8945,112747 11354,872213 0,000000
8995,112747 11354,872213 0,000001
9045,112747 11354,872213 -0,000001
9095,112747 11354,872213 -0,000010
9145,112747 11354,872213 -0,000007
9195,112747 11354,872213 0,000065
9245,112747 11354,872213 0,000163
9295,112747 11354,872213 -0,000137
9345,112747 11354,872213 -0,001133
9395,112747 11354,872213 -0,001177
9445,112747 11354,872213 0,002483
9495,112747 11354,872213 0,007010
9545,112747 11354,872213 0,004719
9595,112747 11354,872213 -0,001837
9645,112747 11354,872213 -0,004459
9695,112747 11354,872213 -0,004459
9745,112747 11354,872213 -0,001837
9795,112747 11354,872213 0,004719
9845,112747 11354,872213 0,007010
9895,112747 11354,872213 0,002483
9945,112747 11354,872213 -0,001177
9995,112747 11354,872213 -0,001133
10045,112747 11354,872213 -0,000137
10095,112747 11354,872213 0,000163
10145,112747 11354,872213 0,000065
10195,112747 11354,872213 -0,000007
10245,112747 11354,872213 -0,000010
10295,112747 11354,872213 -0,000001
10345,112747 11354,872213 0,000001
10395,112747 11354,872213 0,000000
10445,112747 11354,872213 0,000000
10495,112747 11354,872213 0,000000
10545,112747 11354,872213 0,000000
10595,112747 11354,872213 0,000000
10645,112747 11354,872213 0,000000
10695,112747 11354,872213 0,000000
10745,112747 11354,872213 0,000000
10795,112747 11354,872213 0,000000
10845,112747 11354,872213 0,000000
10895,112747 11354,872213 0,000000
10945,112747 11354,872213 0,000000
10995,112747 11354,872213 0,000000
11045,112747 11354,872213 0,000000
11095,112747 11354,872213 0,000000
11145,112747 11354,872213 0,000000
11195,112747 11354,872213 0,000000
11245,112747 11354,872213 0,000000
11295,112747 11354,872213 0,000000
11345,112747 11354,872213 0,000000
11395,112747 11354,872213 0,000000
11445,112747 11354,872213 0,000000
11495,112747 11354,872213 0,000000
11545,112747 11354,872213 0,000000
11595,112747 11354,872213 0,000000
11645,112747 11354,872213 0,000000
11695,112747 11354,872213 0,000000
11745,112747 11354,872213 0,000000
11795,112747 11354,872213 0,000000
11845,112747 11354,872213 0,000000
11895,112747 11354,872213 0,000000
11945,112747 11354,872213 0,000000
11995,112747 11354,872213 0,000000
12045,112747 11354,872213 0,000000
12095,112747 11354,872213 0,000000
12145,112747 11354,872213 0,000000
12195,112747 11354,872213 0,000000
12245,112747 11354,872213 0,000000
12295,112747 11354,872213 0,000000
12345,112747 11354,872213 0,000000
12395,112747 11354,872213 0,000000
12445,112747 11354,872213 0,000000
12495,112747 11354,872213 0,000000
12545,112747 11354,872213 0,000000
12595,112747 11354,872213 0,000000
12645,112747 11354,872213 0,000000
12695,112747 11354,872213 0,000000
12745,112747 11354,872213 0,000000
12795,112747 11354,872213 0,000000
12845,112747 11354,872213 0,000000
12895,112747 11354,872213 0,000000
12945,112747 11354,872213 0,000000
12995,112747 11354,872213 0,000000
13045,112747 11354,872213 0,000000
13095,112747 11354,872213 0,000000
13145,112747 11354,872213 0,000000
13195,112747 11354,872213 0,000000
13245,112747 11354,872213 0,000000
13295,112747 11354,872213 0,000000
13345,112747 11354,872213 0,000000
13395,112747 11354,872213 0,000000
13445,112747 11354,872213 0,000000
13495,112747 11354,872213 0,000000
13545,112747 11354,872213 0,000000
13595,112747 11354,872213 0,000000
13645,112747 11354,872213 0,000000
13695,112747 11354,872213 0,000000
13745,112747 11354,872213 0,000000
13795,112747 11354,872213 0,000000
13845,112747 11354,872213 0,000000
13895,112747 11354,872213 0,000000
13945,112747 11354,872213 0,000000
13995,112747 11354,872213 0,000000
6545,112747 11404,872213 0,000000
6595,112747 11404,872213 0,000000
6645,112747 11404,872213 0,000000
6695,112747 11404,872213 0,000000
6745,112747 11404,872213 0,000000
6795,112747 11404,872213 0,000000
6845,112747 11404,872213 0,000000
6895,112747 11404,872213 0,000000
6945,112747 11404,872213 0,000000
6995,112747 11404,872213 0,000000
7045,112747 11404,872213 0,000000
7095,112747 11404,872213 0,000000
7145,112747 11404,872213 0,000000
7195,112747 11404,872213 0,000000
7245,112747 11404,872213 0,000000
7295,112747 11404,872213 0,000000
7345,112747 11404,872213 0,000000
7395,112747 11404,872213 0,000000
7445,112747 11404,872213 0,000000
7495,112747 11404,872213 0,000000
7545,112747 11404,872213 0,000000
7595,112747 11404,872213 0,000000
7645,112747 11404,872213 0,000000
7695,112747 11404,872213 0,000000
7745,112747 11404,872213 0,000000
7795,112747 11404,872213 0,000000
7845,112747 11404,872213 0,000000
7895,112747 11404,872213 0,000000
7945,112747 11404,872213 0,000000
7995,112747 11404,872213 0,000000
8045,112747 11404,872213 0,000000
8095,112747 11404,872213 0,000000
8145,112747 11404,872213 0,000000
8195,112747 11404,872213 0,000000
8245,112747 11404,872213 0,000000
8295,112747 11404,872213 0,000000
8345,112747 11404,872213 0,000000
8395,112747 11404,872213 0,000000
8445,112747 11404,872213 0,000000
8495,112747 11404,872213 0,000000
8545,112747 11404,872213 0,000000
8595,112747 11404,872213 0,000000
8645,112747 11404,872213 0,000000
8695,112747 11404,872213 0,000000
8745,112747 11404,872213 0,000000
8795,112747 11404,872213 0,000000
8845,112747 11404,872213 0,000000
8895,112747 11404,872213 0,000000
8945,112747 11404,872213 0,000000
8995,112747 11404,872213 0,000000
9045,112747 11404,872213 -0,000005
9095,112747 11404,872213 -0,000007
9145,112747 11404,872213 0,000039
9195,112747 11404,872213 0,000129
9245,112747 11404,872213 -0,000099
9295,112747 11404,872213 -0,001133
9345,112747 11404,872213 -0,001275
9395,112747 11404,872213 0,004224
9445,112747 11404,872213 0,012583
9495,112747 11404,872213 0,004014
9545,112747 11404,872213 -0,025722
9595,112747 11404,872213 -0,039491
9645,112747 11404,872213 -0,032390
9695,112747 11404,872213 -0,032390
9745,112747 11404,872213 -0,039491
9795,112747 11404,872213 -0,025722
9845,112747 11404,872213 0,004014
9895,112747 11404,872213 0,012583
9945,112747 11404,872213 0,004224
9995,112747 11404,872213 -0,001275
10045,112747 11404,872213 -0,001133
10095,112747 11404,872213 -0,000099
10145,112747 11404,872213 0,000129
10195,112747 11404,872213 0,000039
10245,112747 11404,872213 -0,000007
10295,112747 11404,872213 -0,000005
10345,112747 11404,872213 0,000000
10395,112747 11404,872213 0,000000
10445,112747 11404,872213 0,000000
10495,112747 11404,872213 0,000000
10545,112747 11404,872213 0,000000
10595,112747 11404,872213 0,000000
10645,112747 11404,872213 0,000000
10695,112747 11404,872213 0,000000
10745,112747 11404,872213 0,000000
10795,112747 11404,872213 0,000000
10845,112747 11404,872213 0,000000
10895,112747 11404,872213 0,000000
10945,112747 11404,872213 0,000000
10995,112747 11404,872213 0,000000
11045,112747 11404,872213 0,000000
11095,112747 11404,872213 0,000000
11145,112747 11404,872213 0,000000
11195,112747 11404,872213 0,000000
11245,112747 11404,872213 0,000000
11295,112747 11404,872213 0,000000
11345,112747 11404,872213 0,000000
11395,112747 11404,872213 0,000000
11445,112747 11404,872213 0,000000
11495,112747 11404,872213 0,000000
11545,112747 11404,872213 0,000000
11595,112747 11404,872213 0,000000
11645,112747 11404,872213 0,000000
11695,112747 11404,872213 0,000000
11745,112747 11404,872213 0,000000
11795,112747 11404,872213 0,000000
11845,112747 11404,872213 0,000000
11895,112747 11404,872213 0,000000
11945,112747 11404,872213 0,000000
11995,112747 11404,872213 0,000000
12045,112747 11404,872213 0,000000
12095,112747 11404,872213 0,000000
12145,112747 11404,872213 0,000000
12195,112747 11404,872213 0,000000
12245,112747 11404,872213 0,000000
12295,112747 11404,872213 0,000000
12345,112747 11404,872213 0,000000
12395,112747 11404,872213 0,000000
12445,112747 11404,872213 0,000000
12495,112747 11404,872213 0,000000
12545,112747 11404,872213 0,000000
12595,112747 11404,872213 0,000000
12645,112747 11404,872213 0,000000
12695,112747 11404,872213 0,000000
12745,112747 11404,872213 0,000000
12795,112747 11404,872213 0,000000
12845,112747 11404,872213 0,000000
12895,112747 11404,872213 0,000000
12945,112747 11404,872213 0,000000
12995,112747 11404,872213 0,000000
13045,112747 11404,872213 0,000000
13095,112747 11404,872213 0,000000
13145,112747 11404,872213 0,000000
13195,112747 11404,872213 0,000000
13245,112747 11404,872213 0,000000
13295,112747 11404,872213 0,000000
13345,112747 11404,872213 0,000000
13395,112747 11404,872213 0,000000
13445,112747 11404,872213 0,000000
13495,112747 11404,872213 0,000000
13545,112747 11404,872213 0,000000
13595,112747 11404,872213 0,000000
13645,112747 11404,872213 0,000000
13695,112747 11404,872213 0,000000
13745,112747 11404,872213 0,000000
13795,112747 11404,872213 0,000000
13845,112747 11404,872213 0,000000
13895,112747 11404,872213 0,000000
13945,112747 11404,872213 0,000000
13995,112747 11404,872213 0,000000
6545,112747 11454,872213 0,000000
6595,112747 11454,872213 0,000000
6645,112747 11454,872213 0,000000
6695,112747 11454,872213 0,000000
6745,112747 11454,872213 0,000000
6795,112747 11454,872213 0,000000
6845,112747 11454,872213 0,000000
6895,112747 11454,872213 0,000000
6945,112747 11454,872213 0,000000
6995,112747 11454,872213 0,000000
7045,112747 11454,872213 0,000000
7095,112747 11454,872213 0,000000
7145,112747 11454,872213 0,000000
7195,112747 11454,872213 0,000000
7245,112747 11454,872213 0,000000
7295,112747 11454,872213 0,000000
7345,112747 11454,872213 0,000000
7395,112747 11454,872213 0,000000
7445,112747 11454,872213 0,000000
7495,112747 11454,872213 0,000000
7545,112747 11454,872213 0,000000
7595,112747 11454,872213 0,000000
7645,112747 11454,872213 0,000000
7695,112747 11454,872213 0,000000
7745,112747 11454,872213 0,000000
7795,112747 11454,872213 0,000000
7845,112747 11454,872213 0,000000
7895,112747 11454,872213 0,000000
7945,112747 11454,872213 0,000000
7995,112747 11454,872213 0,000000
8045,112747 11454,872213 0,000000
8095,112747 11454,872213 0,000000
8145,112747 11454,872213 0,000000
8195,112747 11454,872213 0,000000
8245,112747 11454,872213 0,000000
8295,112747 11454,872213 0,000000
8345,112747 11454,872213 0,000000
8395,112747 11454,872213 0,000000
8445,112747 11454,872213 0,000000
8495,112747 11454,872213 0,000000
8545,112747 11454,872213 0,000000
8595,112747 11454,872213 0,000000
8645,112747 11454,872213 0,000000
8695,112747 11454,872213 0,000000
8745,112747 11454,872213 0,000000
8795,112747 11454,872213 0,000000
8845,112747 11454,872213 0,000000
8895,112747 11454,872213 0,000000
8945,112747 11454,872213 0,000000
8995,112747 11454,872213 -0,000002
9045,112747 11454,872213 -0,000005
9095,112747 11454,872213 0,000015
9145,112747 11454,872213 0,000078
9195,112747 11454,872213 -0,000024
9245,112747 11454,872213 -0,000802
9295,112747 11454,872213 -0,001177
9345,112747 11454,872213 0,004224
9395,112747 11454,872213 0,015125
9445,112747 11454,872213 0,001103
9495,112747 11454,872213 -0,065744
9545,112747 11454,872213 -0,100409
9595,112747 11454,872213 -0,005915
9645,112747 11454,872213 0,074399
9695,112747 11454,872213 0,074399
9745,112747 11454,872213 -0,005915
9795,112747 11454,872213 -0,100409
9845,112747 11454,872213 -0,065744
9895,112747 11454,872213 0,001103
9945,112747 11454,872213 0,015125
9995,112747 11454,872213 0,004224
10045,112747 11454,872213 -0,001177
10095,112747 11454,872213 -0,000802
10145,112747 11454,872213 -0,000024
10195,112747 11454,872213 0,000079
10245,112747 11454,872213 0,000015
10295,112747 11454,872213 -0,000005
10345,112747 11454,872213 -0,000002
10395,112747 11454,872213 0,000000
10445,112747 11454,872213 0,000000
10495,112747 11454,872213 0,000000
10545,112747 11454,872213 0,000000
10595,112747 11454,872213 0,000000
10645,112747 11454,872213 0,000000
10695,112747 11454,872213 0,000000
10745,112747 11454,872213 0,000000
10795,112747 11454,872213 0,000000
10845,112747 11454,872213 0,000000
10895,112747 11454,872213 0,000000
10945,112747 11454,872213 0,000000
10995,112747 11454,872213 0,000000
11045,112747 11454,872213 0,000000
11095,112747 11454,872213 0,000000
11145,112747 11454,872213 0,000000
11195,112747 11454,872213 0,000000
11245,112747 11454,872213 0,000000
11295,112747 11454,872213 0,000000
11345,112747 11454,872213 0,000000
11395,112747 11454,872213 0,000000
11445,112747 11454,872213 0,000000
11495,112747 11454,872213 0,000000
11545,112747 11454,872213 0,000000
11595,112747 11454,872213 0,000000
11645,112747 11454,872213 0,000000
11695,112747 11454,872213 0,000000
11745,112747 11454,872213 0,000000
11795,112747 11454,872213 0,000000
11845,112747 11454,872213 0,000000
11895,112747 11454,872213 0,000000
11945,112747 11454,872213 0,000000
11995,112747 11454,872213 0,000000
12045,112747 11454,872213 0,000000
12095,112747 11454,872213 0,000000
12145,112747 11454,872213 0,000000
12195,112747 11454,872213 0,000000
12245,112747 11454,872213 0,000000
12295,112747 11454,872213 0,000000
12345,112747 11454,872213 0,000000
12395,112747 11454,872213 0,000000
12445,112747 11454,872213 0,000000
12495,112747 11454,872213 0,000000
12545,112747 11454,872213 0,000000
12595,112747 11454,872213 0,000000
12645,112747 11454,872213 0,000000
12695,112747 11454,872213 0,000000
12745,112747 11454,872213 0,000000
12795,112747 11454,872213 0,000000
12845,112747 11454,872213 0,000000
12895,112747 11454,872213 0,000000
12945,112747 11454,872213 0,000000
12995,112747 11454,872213 0,000000
13045,112747 11454,872213 0,000000
13095,112747 11454,872213 0,000000
13145,112747 11454,872213 0,000000
13195,112747 11454,872213 0,000000
13245,112747 11454,872213 0,000000
13295,112747 11454,872213 0,000000
13345,112747 11454,872213 0,000000
13395,112747 11454,872213 0,000000
13445,112747 11454,872213 0,000000
13495,112747 11454,872213 0,000000
13545,112747 11454,872213 0,000000
13595,112747 11454,872213 0,000000
13645,112747 11454,872213 0,000000
13695,112747 11454,872213 0,000000
13745,112747 11454,872213 0,000000
13795,112747 11454,872213 0,000000
13845,112747 11454,872213 0,000000
13895,112747 11454,872213 0,000000
13945,112747 11454,872213 0,000000
13995,112747 11454,872213 0,000000
6545,112747 11504,872213 0,000000
6595,112747 11504,872213 0,000000
6645,112747 11504,872213 0,000000
6695,112747 11504,872213 0,000000
6745,112747 11504,872213 0,000000
6795,112747 11504,872213 0,000000
6845,112747 11504,872213 0,000000
6895,112747 11504,872213 0,000000
6945,112747 11504,872213 0,000000
6995,112747 11504,872213 0,000000
7045,112747 11504,872213 0,000000
7095,112747 11504,872213 0,000000
7145,112747 11504,872213 0,000000
7195,112747 11504,872213 0,000000
7245,112747 11504,872213 0,000000
7295,112747 11504,872213 0,000000
7345,112747 11504,872213 0,000000
7395,112747 11504,872213 0,000000
7445,112747 11504,872213 0,000000
7495,112747 11504,872213 0,000000
7545,112747 11504,872213 0,000000
7595,112747 11504,872213 0,000000
7645,112747 11504,872213 0,000000
7695,112747 11504,872213 0,000000
7745,112747 11504,872213 0,000000
7795,112747 11504,872213 0,000000
7845,112747 11504,872213 0,000000
7895,112747 11504,872213 0,000000
7945,112747 11504,872213 0,000000
7995,112747 11504,872213 0,000000
8045,112747 11504,872213 0,000000
8095,112747 11504,872213 0,000000
8145,112747 11504,872213 0,000000
8195,112747 11504,872213 0,000000
8245,112747 11504,872213 0,000000
8295,112747 11504,872213 0,000000
8345,112747 11504,872213 0,000000
8395,112747 11504,872213 0,000000
8445,112747 11504,872213 0,000000
8495,112747 11504,872213 0,000000
8545,112747 11504,872213 0,000000
8595,112747 11504,872213 0,000000
8645,112747 11504,872213 0,000000
8695,112747 11504,872213 0,000000
8745,112747 11504,872213 0,000000
8795,112747 11504,872213 0,000000
8845,112747 11504,872213 0,000000
8895,112747 11504,872213 0,000000
8945,112747 11504,872213 0,000000
8995,112747 11504,872213 -0,000002
9045,112747 11504,872213 0,000002
9095,112747 11504,872213 0,000034
9145,112747 11504,872213 0,000023
9195,112747 11504,872213 -0,000380
9245,112747 11504,872213 -0,000883
9295,112747 11504,872213 0,002483
9345,112747 11504,872213 0,012583
9395,112747 11504,872213 0,001103
9445,112747 11504,872213 -0,086911
9495,112747 11504,872213 -0,148947
9545,112747 11504,872213 0,140291
9595,112747 11504,872213 0,603913
9645,112747 11504,872213 0,578854
9695,112747 11504,872213 0,578854
9745,112747 11504,872213 0,603913
9795,112747 11504,872213 0,140291
9845,112747 11504,872213 -0,148947
9895,112747 11504,872213 -0,086911
9945,112747 11504,872213 0,001103
9995,112747 11504,872213 0,012583
10045,112747 11504,872213 0,002483
10095,112747 11504,872213 -0,000883
10145,112747 11504,872213 -0,000380
10195,112747 11504,872213 0,000023
10245,112747 11504,872213 0,000034
10295,112747 11504,872213 0,000002
10345,112747 11504,872213 -0,000002
10395,112747 11504,872213 0,000000
10445,112747 11504,872213 0,000000
10495,112747 11504,872213 0,000000
10545,112747 11504,872213 0,000000
10595,112747 11504,872213 0,000000
10645,112747 11504,872213 0,000000
10695,112747 11504,872213 0,000000
10745,112747 11504,872213 0,000000
10795,112747 11504,872213 0,000000
10845,112747 11504,872213 0,000000
10895,112747 11504,872213 0,000000
10945,112747 11504,872213 0,000000
10995,112747 11504,872213 0,000000
11045,112747 11504,872213 0,000000
11095,112747 11504,872213 0,000000
11145,112747 11504,872213 0,000000
11195,112747 11504,872213 0,000000
11245,112747 11504,872213 0,000000
11295,112747 11504,872213 0,000000
11345,112747 11504,872213 0,000000
11395,112747 11504,872213 0,000000
11445,112747 11504,872213 0,000000
11495,112747 11504,872213 0,000000
11545,112747 11504,872213 0,000000
11595,112747 11504,872213 0,000000
11645,112747 11504,872213 0,000000
11695,112747 11504,872213 0,000000
11745,112747 11504,872213 0,000000
11795,112747 11504,872213 0,000000
11845,112747 11504,872213 0,000000
11895,112747 11504,872213 0,000000
11945,112747 11504,872213 0,000000
11995,112747 11504,872213 0,000000
12045,112747 11504,872213 0,000000
12095,112747 11504,872213 0,000000
12145,112747 11504,872213 0,000000
12195,112747 11504,872213 0,000000
12245,112747 11504,872213 0,000000
12295,112747 11504,872213 0,000000
12345,112747 11504,872213 0,000000
12395,112747 11504,872213 0,000000
12445,112747 11504,872213 0,000000
12495,112747 11504,872213 0,000000
12545,112747 11504,872213 0,000000
12595,112747 11504,872213 0,000000
12645,112747 11504,872213 0,000000
12695,112747 11504,872213 0,000000
12745,112747 11504,872213 0,000000
12795,112747 11504,872213 0,000000
12845,112747 11504,872213 0,000000
12895,112747 11504,872213 0,000000
12945,112747 11504,872213 0,000000
12995,112747 11504,872213 0,000000
13045,112747 11504,872213 0,000000
13095,112747 11504,872213 0,000000
13145,112747 11504,872213 0,000000
13195,112747 11504,872213 0,000000
13245,112747 11504,872213 0,000000
13295,112747 11504,872213 0,000000
13345,112747 11504,872213 0,000000
13395,112747 11504,872213 0,000000
13445,112747 11504,872213 0,000000
13495,112747 11504,872213 0,000000
13545,112747 11504,872213 0,000000
13595,112747 11504,872213 0,000000
13645,112747 11504,872213 0,000000
13695,112747 11504,872213 0,000000
13745,112747 11504,872213 0,000000
13795,112747 11504,872213 0,000000
13845,112747 11504,872213 0,000000
13895,112747 11504,872213 0,000000
13945,112747 11504,872213 0,000000
13995,112747 11504,872213 0,000000
6545,112747 11554,872213 0,000000
6595,112747 11554,872213 0,000000
6645,112747 11554,872213 0,000000
6695,112747 11554,872213 0,000000
6745,112747 11554,872213 0,000000
6795,112747 11554,872213 0,000000
6845,112747 11554,872213 0,000000
6895,112747 11554,872213 0,000000
6945,112747 11554,872213 0,000000
6995,112747 11554,872213 0,000000
7045,112747 11554,872213 0,000000
7095,112747 11554,872213 0,000000
7145,112747 11554,872213 0,000000
7195,112747 11554,872213 0,000000
7245,112747 11554,872213 0,000000
7295,112747 11554,872213 0,000000
7345,112747 11554,872213 0,000000
7395,112747 11554,872213 0,000000
7445,112747 11554,872213 0,000000
7495,112747 11554,872213 0,000000
7545,112747 11554,872213 0,000000
7595,112747 11554,872213 0,000000
7645,112747 11554,872213 0,000000
7695,112747 11554,872213 0,000000
7745,112747 11554,872213 0,000000
7795,112747 11554,872213 0,000000
7845,112747 11554,872213 0,000000
7895,112747 11554,872213 0,000000
7945,112747 11554,872213 0,000000
7995,112747 11554,872213 0,000000
8045,112747 11554,872213 0,000000
8095,112747 11554,872213 0,000000
8145,112747 11554,872213 0,000000
8195,112747 11554,872213 0,000000
8245,112747 11554,872213 0,000000
8295,112747 11554,872213 0,000000
8345,112747 11554,872213 0,000000
8395,112747 11554,872213 0,000000
8445,112747 11554,872213 0,000000
8495,112747 11554,872213 0,000000
8545,112747 11554,872213 0,000000
8595,112747 11554,872213 0,000000
8645,112747 11554,872213 0,000000
8695,112747 11554,872213 0,000000
8745,112747 11554,872213 0,000000
8795,112747 11554,872213 0,000000
8845,112747 11554,872213 0,000000
8895,112747 11554,872213 0,000000
8945,112747 11554,872213 -0,000001
8995,112747 11554,872213 -0,000001
9045,112747 11554,872213 0,000008
9095,112747 11554,872213 0,000025
9145,112747 11554,872213 -0,000098
9195,112747 11554,872213 -0,000480
9245,112747 11554,872213 0,000641
9295,112747 11554,872213 0,007010
9345,112747 11554,872213 0,004014
9395,112747 11554,872213 -0,065744
9445,112747 11554,872213 -0,148947
9495,112747 11554,872213 0,241230
9545,112747 11554,872213 1,260624
9595,112747 11554,872213 0,943061
9645,112747 11554,872213 -1,139181
9695,112747 11554,872213 -1,139181
9745,112747 11554,872213 0,943061
9795,112747 11554,872213 1,260624
9845,112747 11554,872213 0,241230
9895,112747 11554,872213 -0,148947
9945,112747 11554,872213 -0,065744
9995,112747 11554,872213 0,004014
10045,112747 11554,872213 0,007010
10095,112747 11554,872213 0,000641
10145,112747 11554,872213 -0,000480
10195,112747 11554,872213 -0,000098
10245,112747 11554,872213 0,000025
10295,112747 11554,872213 0,000009
10345,112747 11554,872213 -0,000001
10395,112747 11554,872213 -0,000001
10445,112747 11554,872213 0,000000
10495,112747 11554,872213 0,000000
10545,112747 11554,872213 0,000000
10595,112747 11554,872213 0,000000
10645,112747 11554,872213 0,000000
10695,112747 11554,872213 0,000000
10745,112747 11554,872213 0,000000
10795,112747 11554,872213 0,000000
10845,112747 11554,872213 0,000000
10895,112747 11554,872213 0,000000
10945,112747 11554,872213 0,000000
10995,112747 11554,872213 0,000000
11045,112747 11554,872213 0,000000
11095,112747 11554,872213 0,000000
11145,112747 11554,872213 0,000000
11195,112747 11554,872213 0,000000
11245,112747 11554,872213 0,000000
11295,112747 11554,872213 0,000000
11345,112747 11554,872213 0,000000
11395,112747 11554,872213 0,000000
11445,112747 11554,872213 0,000000
11495,112747 11554,872213 0,000000
11545,112747 11554,872213 0,000000
11595,112747 11554,872213 0,000000
11645,112747 11554,872213 0,000000
11695,112747 11554,872213 0,000000
11745,112747 11554,872213 0,000000
11795,112747 11554,872213 0,000000
11845,112747 11554,872213 0,000000
11895,112747 11554,872213 0,000000
11945,112747 11554,872213 0,000000
11995,112747 11554,872213 0,000000
12045,112747 11554,872213 0,000000
12095,112747 11554,872213 0,000000
12145,112747 11554,872213 0,000000
12195,112747 11554,872213 0,000000
12245,112747 11554,872213 0,000000
12295,112747 11554,872213 0,000000
12345,112747 11554,872213 0,000000
12395,112747 11554,872213 0,000000
12445,112747 11554,872213 0,000000
12495,112747 11554,872213 0,000000
12545,112747 11554,872213 0,000000
12595,112747 11554,872213 0,000000
12645,112747 11554,872213 0,000000
12695,112747 11554,872213 0,000000
12745,112747 11554,872213 0,000000
12795,112747 11554,872213 0,000000
12845,112747 11554,872213 0,000000
12895,112747 11554,872213 0,000000
12945,112747 11554,872213 0,000000
12995,112747 11554,872213 0,000000
13045,112747 11554,872213 0,000000
13095,112747 11554,872213 0,000000
13145,112747 11554,872213 0,000000
13195,112747 11554,872213 0,000000
13245,112747 11554,872213 0,000000
13295,112747 11554,872213 0,000000
13345,112747 11554,872213 0,000000
13395,112747 11554,872213 0,000000
13445,112747 11554,872213 0,000000
13495,112747 11554,872213 0,000000
13545,112747 11554,872213 0,000000
13595,112747 11554,872213 0,000000
13645,112747 11554,872213 0,000000
13695,112747 11554,872213 0,000000
13745,112747 11554,872213 0,000000
13795,112747 11554,872213 0,000000
13845,112747 11554,872213 0,000000
13895,112747 11554,872213 0,000000
13945,112747 11554,872213 0,000000
13995,112747 11554,872213 0,000000
6545,112747 11604,872213 0,000000
6595,112747 11604,872213 0,000000
6645,112747 11604,872213 0,000000
6695,112747 11604,872213 0,000000
6745,112747 11604,872213 0,000000
6795,112747 11604,872213 0,000000
6845,112747 11604,872213 0,000000
6895,112747 11604,872213 0,000000
6945,112747 11604,872213 0,000000
6995,112747 11604,872213 0,000000
7045,112747 11604,872213 0,000000
7095,112747 11604,872213 0,000000
7145,112747 11604,872213 0,000000
7195,112747 11604,872213 0,000000
7245,112747 11604,872213 0,000000
7295,112747 11604,872213 0,000000
7345,112747 11604,872213 0,000000
7395,112747 11604,872213 0,000000
7445,112747 11604,872213 0,000000
7495,112747 11604,872213 0,000000
7545,112747 11604,872213 0,000000
7595,112747 11604,872213 0,000000
7645,112747 11604,872213 0,000000
7695,112747 11604,872213 0,000000
7745,112747 11604,872213 0,000000
7795,112747 11604,872213 0,000000
7845,112747 11604,872213 0,000000
7895,112747 11604,872213 0,000000
7945,112747 11604,872213 0,000000
7995,112747 11604,872213 0,000000
8045,112747 11604,872213 0,000000
8095,112747 11604,872213 0,000000
8145,112747 11604,872213 0,000000
8195,112747 11604,872213 0,000000
8245,112747 11604,872213 0,000000
8295,112747 11604,872213 0,000000
8345,112747 11604,872213 0,000000
8395,112747 11604,872213 0,000000
8445,112747 11604,872213 0,000000
8495,112747 11604,872213 0,000000
8545,112747 11604,872213 0,000000
8595,112747 11604,872213 0,000000
8645,112747 11604,872213 0,000000
8695,112747 11604,872213 0,000000
8745,112747 11604,872213 0,000000
8795,112747 11604,872213 0,000000
8845,112747 11604,872213 0,000000
8895,112747 11604,872213 0,000000
8945,112747 11604,872213 -0,000001
8995,112747 11604,872213 0,000000
9045,112747 11604,872213 0,000010
9095,112747 11604,872213 0,000002
9145,112747 11604,872213 -0,000155
9195,112747 11604,872213 -0,000146
9245,112747 11604,872213 0,002260
9295,112747 11604,872213 0,004719
9345,112747 11604,872213 -0,025722
9395,112747 11604,872213 -0,100409
9445,112747 11604,872213 0,140291
9495,112747 11604,872213 1,260624
9545,112747 11604,872213 0,963423
9595,112747 11604,872213 -6,034371
9645,112747 11604,872213 -11,561686
9695,112747 11604,872213 -11,561686
9745,112747 11604,872213 -6,034371
9795,112747 11604,872213 0,963423
9845,112747 11604,872213 1,260624
9895,112747 11604,872213 0,140291
9945,112747 11604,872213 -0,100409
9995,112747 11604,872213 -0,025722
10045,112747 11604,872213 0,004719
10095,112747 11604,872213 0,002260
10145,112747 11604,872213 -0,000146
10195,112747 11604,872213 -0,000155
10245,112747 11604,872213 0,000002
10295,112747 11604,872213 0,000010
10345,112747 11604,872213 0,000000
10395,112747 11604,872213 -0,000001
10445,112747 11604,872213 0,000000
10495,112747 11604,872213 0,000000
10545,112747 11604,872213 0,000000
10595,112747 11604,872213 0,000000
10645,112747 11604,872213 0,000000
10695,112747 11604,872213 0,000000
10745,112747 11604,872213 0,000000
10795,112747 11604,872213 0,000000
10845,112747 11604,872213 0,000000
10895,112747 11604,872213 0,000000
10945,112747 11604,872213 0,000000
10995,112747 11604,872213 0,000000
11045,112747 11604,872213 0,000000
11095,112747 11604,872213 0,000000
11145,112747 11604,872213 0,000000
11195,112747 11604,872213 0,000000
11245,112747 11604,872213 0,000000
11295,112747 11604,872213 0,000000
11345,112747 11604,872213 0,000000
11395,112747 11604,872213 0,000000
11445,112747 11604,872213 0,000000
11495,112747 11604,872213 0,000000
11545,112747 11604,872213 0,000000
11595,112747 11604,872213 0,000000
11645,112747 11604,872213 0,000000
11695,112747 11604,872213 0,000000
11745,112747 11604,872213 0,000000
11795,112747 11604,872213 0,000000
11845,112747 11604,872213 0,000000
11895,112747 11604,872213 0,000000
11945,112747 11604,872213 0,000000
11995,112747 11604,872213 0,000000
12045,112747 11604,872213 0,000000
12095,112747 11604,872213 0,000000
12145,112747 11604,872213 0,000000
12195,112747 11604,872213 0,000000
12245,112747 11604,872213 0,000000
12295,112747 11604,872213 0,000000
12345,112747 11604,872213 0,000000
12395,112747 11604,872213 0,000000
12445,112747 11604,872213 0,000000
12495,112747 11604,872213 0,000000
12545,112747 11604,872213 0,000000
12595,112747 11604,872213 0,000000
12645,112747 11604,872213 0,000000
12695,112747 11604,872213 0,000000
12745,112747 11604,872213 0,000000
12795,112747 11604,872213 0,000000
12845,112747 11604,872213 0,000000
12895,112747 11604,872213 0,000000
12945,112747 11604,872213 0,000000
12995,112747 11604,872213 0,000000
13045,112747 11604,872213 0,000000
13095,112747 11604,872213 0,000000
13145,112747 11604,872213 0,000000
13195,112747 11604,872213 0,000000
13245,112747 11604,872213 0,000000
13295,112747 11604,872213 0,000000
13345,112747 11604,872213 0,000000
13395,112747 11604,872213 0,000000
13445,112747 11604,872213 0,000000
13495,112747 11604,872213 0,000000
13545,112747 11604,872213 0,000000
13595,112747 11604,872213 0,000000
13645,112747 11604,872213 0,000000
13695,112747 11604,872213 0,000000
13745,112747 11604,872213 0,000000
13795,112747 11604,872213 0,000000
13845,112747 11604,872213 0,000000
13895,112747 11604,872213 0,000000
13945,112747 11604,872213 0,000000
13995,112747 11604,872213 0,000000
6545,112747 11654,872213 0,000000
6595,112747 11654,872213 0,000000
6645,112747 11654,872213 0,000000
6695,112747 11654,872213 0,000000
6745,112747 11654,872213 0,000000
6795,112747 11654,872213 0,000000
6845,112747 11654,872213 0,000000
6895,112747 11654,872213 0,000000
6945,112747 11654,872213 0,000000
6995,112747 11654,872213 0,000000
7045,112747 11654,872213 0,000000
7095,112747 11654,872213 0,000000
7145,112747 11654,872213 0,000000
7195,112747 11654,872213 0,000000
7245,112747 11654,872213 0,000000
7295,112747 11654,872213 0,000000
7345,112747 11654,872213 0,000000
7395,112747 11654,872213 0,000000
7445,112747 11654,872213 0,000000
7495,112747 11654,872213 0,000000
7545,112747 11654,872213 0,000000
7595,112747 11654,872213 0,000000
7645,112747 11654,872213 0,000000
7695,112747 11654,872213 0,000000
7745,112747 11654,872213 0,000000
7795,112747 11654,872213 0,000000
7845,112747 11654,872213 0,000000
7895,112747 11654,872213 0,000000
7945,112747 11654,872213 0,000000
7995,112747 11654,872213 0,000000
8045,112747 11654,872213 0,000000
8095,112747 11654,872213 0,000000
8145,112747 11654,872213 0,000000
8195,112747 11654,872213 0,000000
8245,112747 11654,872213 0,000000
8295,112747 11654,872213 0,000000
8345,112747 11654,872213 0,000000
8395,112747 11654,872213 0,000000
8445,112747 11654,872213 0,000000
8495,112747 11654,872213 0,000000
8545,112747 11654,872213 0,000000
8595,112747 11654,872213 0,000000
8645,112747 11654,872213 0,000000
8695,112747 11654,872213 0,000000
8745,112747 11654,872213 0,000000
8795,112747 11654,872213 0,000000
8845,112747 11654,872213 0,000000
8895,112747 11654,872213 0,000000
8945,112747 11654,872213 -0,000001
8995,112747 11654,872213 0,000001
9045,112747 11654,872213 0,000009
9095,112747 11654,872213 -0,000012
9145,112747 11654,872213 -0,000144
9195,112747 11654,872213 0,000168
9245,112747 11654,872213 0,002330
9295,112747 11654,872213 -0,001837
9345,112747 11654,872213 -0,039491
9395,112747 11654,872213 -0,005915
9445,112747 11654,872213 0,603913
9495,112747 11654,872213 0,943061
9545,112747 11654,872213 -6,034371
9595,112747 11654,872213 -19,435174
9645,112747 11654,872213 8,616303
9695,112747 11654,872213 8,616303
9745,112747 11654,872213 -19,435174
9795,112747 11654,872213 -6,034371
9845,112747 11654,872213 0,943061
9895,112747 11654,872213 0,603913
9945,112747 11654,872213 -0,005915
9995,112747 11654,872213 -0,039491
10045,112747 11654,872213 -0,001837
10095,112747 11654,872213 0,002330
10145,112747 11654,872213 0,000168
10195,112747 11654,872213 -0,000144
10245,112747 11654,872213 -0,000012
10295,112747 11654,872213 0,000009
10345,112747 11654,872213 0,000001
10395,112747 11654,872213 -0,000001
10445,112747 11654,872213 0,000000
10495,112747 11654,872213 0,000000
10545,112747 11654,872213 0,000000
10595,112747 11654,872213 0,000000
10645,112747 11654,872213 0,000000
10695,112747 11654,872213 0,000000
10745,112747 11654,872213 0,000000
10795,112747 11654,872213 0,000000
10845,112747 11654,872213 0,000000
10895,112747 11654,872213 0,000000
10945,112747 11654,872213 0,000000
10995,112747 11654,872213 0,000000
11045,112747 11654,872213 0,000000
11095,112747 11654,872213 0,000000
11145,112747 11654,872213 0,000000
11195,112747 11654,872213 0,000000
11245,112747 11654,872213 0,000000
11295,112747 11654,872213 0,000000
11345,112747 11654,872213 0,000000
11395,112747 11654,872213 0,000000
11445,112747 11654,872213 0,000000
11495,112747 11654,872213 0,000000
11545,112747 11654,872213 0,000000
11595,112747 11654,872213 0,000000
11645,112747 11654,872213 0,000000
11695,112747 11654,872213 0,000000
11745,112747 11654,872213 0,000000
11795,112747 11654,872213 0,000000
11845,112747 11654,872213 0,000000
11895,112747 11654,872213 0,000000
11945,112747 11654,872213 0,000000
11995,112747 11654,872213 0,000000
12045,112747 11654,872213 0,000000
12095,112747 11654,872213 0,000000
12145,112747 11654,872213 0,000000
12195,112747 11654,872213 0,000000
12245,112747 11654,872213 0,000000
12295,112747 11654,872213 0,000000
12345,112747 11654,872213 0,000000
12395,112747 11654,872213 0,000000
12445,112747 11654,872213 0,000000
12495,112747 11654,872213 0,000000
12545,112747 11654,872213 0,000000
12595,112747 11654,872213 0,000000
12645,112747 11654,872213 0,000000
12695,112747 11654,872213 0,000000
12745,112747 11654,872213 0,000000
12795,112747 11654,872213 0,000000
12845,112747 11654,872213 0,000000
12895,112747 11654,872213 0,000000
12945,112747 11654,872213 0,000000
12995,112747 11654,872213 0,000000
13045,112747 11654,872213 0,000000
13095,112747 11654,872213 0,000000
13145,112747 11654,872213 0,000000
13195,112747 11654,872213 0,000000
13245,112747 11654,872213 0,000000
13295,112747 11654,872213 0,000000
13345,112747 11654,872213 0,000000
13395,112747 11654,872213 0,000000
13445,112747 11654,872213 0,000000
13495,112747 11654,872213 0,000000
13545,112747 11654,872213 0,000000
13595,112747 11654,872213 0,000000
13645,112747 11654,872213 0,000000
13695,112747 11654,872213 0,000000
13745,112747 11654,872213 0,000000
13795,112747 11654,872213 0,000000
13845,112747 11654,872213 0,000000
13895,112747 11654,872213 0,000000
13945,112747 11654,872213 0,000000
13995,112747 11654,872213 0,000000
6545,112747 11704,872213 0,000000
6595,112747 11704,872213 0,000000
6645,112747 11704,872213 0,000000
6695,112747 11704,872213 0,000000
6745,112747 11704,872213 0,000000
6795,112747 11704,872213 0,000000
6845,112747 11704,872213 0,000000
6895,112747 11704,872213 0,000000
6945,112747 11704,872213 0,000000
6995,112747 11704,872213 0,000000
7045,112747 11704,872213 0,000000
7095,112747 11704,872213 0,000000
7145,112747 11704,872213 0,000000
7195,112747 11704,872213 0,000000
7245,112747 11704,872213 0,000000
7295,112747 11704,872213 0,000000
7345,112747 11704,872213 0,000000
7395,112747 11704,872213 0,000000
7445,112747 11704,872213 0,000000
7495,112747 11704,872213 0,000000
7545,112747 11704,872213 0,000000
7595,112747 11704,872213 0,000000
7645,112747 11704,872213 0,000000
7695,112747 11704,872213 0,000000
7745,112747 11704,872213 0,000000
7795,112747 11704,872213 0,000000
7845,112747 11704,872213 0,000000
7895,112747 11704,872213 0,000000
7945,112747 11704,872213 0,000000
7995,112747 11704,872213 0,000000
8045,112747 11704,872213 0,000000
8095,112747 11704,872213 0,000000
8145,112747 11704,872213 0,000000
8195,112747 11704,872213 0,000000
8245,112747 11704,872213 0,000000
8295,112747 11704,872213 0,000000
8345,112747 11704,872213 0,000000
8395,112747 11704,872213 0,000000
8445,112747 11704,872213 0,000000
8495,112747 11704,872213 0,000000
8545,112747 11704,872213 0,000000
8595,112747 11704,872213 0,000000
8645,112747 11704,872213 0,000000
8695,112747 11704,872213 0,000000
8745,112747 11704,872213 0,000000
8795,112747 11704,872213 0,000000
8845,112747 11704,872213 0,000000
8895,112747 11704,872213 0,000000
8945,112747 11704,872213 -0,000001
8995,112747 11704,872213 0,000001
9045,112747 11704,872213 0,000009
9095,112747 11704,872213 -0,000019
9145,112747 11704,872213 -0,000130
9195,112747 11704,872213 0,000283
9245,112747 11704,872213 0,002015
9295,112747 11704,872213 -0,004459
9345,112747 11704,872213 -0,032390
9395,112747 11704,872213 0,074399
9445,112747 11704,872213 0,578854
9495,112747 11704,872213 -1,139181
9545,112747 11704,872213 -11,561686
9595,112747 11704,872213 8,616303
9645,112747 11704,872213 217,280060
9695,112747 11704,872213 217,280060
9745,112747 11704,872213 8,616303
9795,112747 11704,872213 -11,561686
9845,112747 11704,872213 -1,139181
9895,112747 11704,872213 0,578854
9945,112747 11704,872213 0,074399
9995,112747 11704,872213 -0,032390
10045,112747 11704,872213 -0,004459
10095,112747 11704,872213 0,002015
10145,112747 11704,872213 0,000283
10195,112747 11704,872213 -0,000130
10245,112747 11704,872213 -0,000019
10295,112747 11704,872213 0,000009
10345,112747 11704,872213 0,000001
10395,112747 11704,872213 -0,000001
10445,112747 11704,872213 0,000000
10495,112747 11704,872213 0,000000
10545,112747 11704,872213 0,000000
10595,112747 11704,872213 0,000000
10645,112747 11704,872213 0,000000
10695,112747 11704,872213 0,000000
10745,112747 11704,872213 0,000000
10795,112747 11704,872213 0,000000
10845,112747 11704,872213 0,000000
10895,112747 11704,872213 0,000000
10945,112747 11704,872213 0,000000
10995,112747 11704,872213 0,000000
11045,112747 11704,872213 0,000000
11095,112747 11704,872213 0,000000
11145,112747 11704,872213 0,000000
11195,112747 11704,872213 0,000000
11245,112747 11704,872213 0,000000
11295,112747 11704,872213 0,000000
11345,112747 11704,872213 0,000000
11395,112747 11704,872213 0,000000
11445,112747 11704,872213 0,000000
11495,112747 11704,872213 0,000000
11545,112747 11704,872213 0,000000
11595,112747 11704,872213 0,000000
11645,112747 11704,872213 0,000000
11695,112747 11704,872213 0,000000
11745,112747 11704,872213 0,000000
11795,112747 11704,872213 0,000000
11845,112747 11704,872213 0,000000
11895,112747 11704,872213 0,000000
11945,112747 11704,872213 0,000000
11995,112747 11704,872213 0,000000
12045,112747 11704,872213 0,000000
12095,112747 11704,872213 0,000000
12145,112747 11704,872213 0,000000
12195,112747 11704,872213 0,000000
12245,112747 11704,872213 0,000000
12295,112747 11704,872213 0,000000
12345,112747 11704,872213 0,000000
12395,112747 11704,872213 0,000000
12445,112747 11704,872213 0,000000
12495,112747 11704,872213 0,000000
12545,112747 11704,872213 0,000000
12595,112747 11704,872213 0,000000
12645,112747 11704,872213 0,000000
12695,112747 11704,872213 0,000000
12745,112747 11704,872213 0,000000
12795,112747 11704,872213 0,000000
12845,112747 11704,872213 0,000000
12895,112747 11704,872213 0,000000
12945,112747 11704,872213 0,000000
12995,112747 11704,872213 0,000000
13045,112747 11704,872213 0,000000
13095,112747 11704,872213 0,000000
13145,112747 11704,872213 0,000000
13195,112747 11704,872213 0,000000
13245,112747 11704,872213 0,000000
13295,112747 11704,872213 0,000000
13345,112747 11704,872213 0,000000
13395,112747 11704,872213 0,000000
13445,112747 11704,872213 0,000000
13495,112747 11704,872213 0,000000
13545,112747 11704,872213 0,000000
13595,112747 11704,872213 0,000000
13645,112747 11704,872213 0,000000
13695,112747 11704,872213 0,000000
13745,112747 11704,872213 0,000000
13795,112747 11704,872213 0,000000
13845,112747 11704,872213 0,000000
13895,112747 11704,872213 0,000000
13945,112747 11704,872213 0,000000
13995,112747 11704,872213 0,000000
6545,112747 11754,872213 0,000000
6595,112747 11754,872213 0,000000
6645,112747 11754,872213 0,000000
6695,112747 11754,872213 0,000000
6745,112747 11754,872213 0,000000
6795,112747 11754,872213 0,000000
6845,112747 11754,872213 0,000000
6895,112747 11754,872213 0,000000
6945,112747 11754,872213 0,000000
6995,112747 11754,872213 0,000000
7045,112747 11754,872213 0,000000
7095,112747 11754,872213 0,000000
7145,112747 11754,872213 0,000000
7195,112747 11754,872213 0,000000
7245,112747 11754,872213 0,000000
7295,112747 11754,872213 0,000000
7345,112747 11754,872213 0,000000
7395,112747 11754,872213 0,000000
7445,112747 11754,872213 0,000000
7495,112747 11754,872213 0,000000
7545,112747 11754,872213 0,000000
7595,112747 11754,872213 0,000000
7645,112747 11754,872213 0,000000
7695,112747 11754,872213 0,000000
7745,112747 11754,872213 0,000000
7795,112747 11754,872213 0,000000
7845,112747 11754,872213 0,000000
7895,112747 11754,872213 0,000000
7945,112747 11754,872213 0,000000
7995,112747 11754,872213 0,000000
8045,112747 11754,872213 0,000000
8095,112747 11754,872213 0,000000
8145,112747 11754,872213 0,000000
8195,112747 11754,872213 0,000000
8245,112747 11754,872213 0,000000
8295,112747 11754,872213 0,000000
8345,112747 11754,872213 0,000000
8395,112747 11754,872213 0,000000
8445,112747 11754,872213 0,000000
8495,112747 11754,872213 0,000000
8545,112747 11754,872213 0,000000
8595,112747 11754,872213 0,000000
8645,112747 11754,872213 0,000000
8695,112747 11754,872213 0,000000
8745,112747 11754,872213 0,000000
8795,112747 11754,872213 0,000000
8845,112747 11754,872213 0,000000
8895,112747 11754,872213 0,000000
8945,112747 11754,872213 -0,000001
8995,112747 11754,872213 0,000001
9045,112747 11754,872213 0,000009
9095,112747 11754,872213 -0,000019
9145,112747 11754,872213 -0,000130
9195,112747 11754,872213 0,000283
9245,112747 11754,872213 0,002015
9295,112747 11754,872213 -0,004459
9345,112747 11754,872213 -0,032390
9395,112747 11754,872213 0,074399
9445,112747 11754,872213 0,578854
9495,112747 11754,872213 -1,139181
9545,112747 11754,872213 -11,561686
9595,112747 11754,872213 8,616303
9645,112747 11754,872213 217,280060
9695,112747 11754,872213 217,280060
9745,112747 11754,872213 8,616303
9795,112747 11754,872213 -11,561686
9845,112747 11754,872213 -1,139181
9895,112747 11754,872213 0,578854
9945,112747 11754,872213 0,074399
9995,112747 11754,872213 -0,032390
10045,112747 11754,872213 -0,004459
10095,112747 11754,872213 0,002015
10145,112747 11754,872213 0,000283
10195,112747 11754,872213 -0,000130
10245,112747 11754,872213 -0,000019
10295,112747 11754,872213 0,000009
10345,112747 11754,872213 0,000001
10395,112747 11754,872213 -0,000001
10445,112747 11754,872213 0,000000
10495,112747 11754,872213 0,000000
10545,112747 11754,872213 0,000000
10595,112747 11754,872213 0,000000
10645,112747 11754,872213 0,000000
10695,112747 11754,872213 0,000000
10745,112747 11754,872213 0,000000
10795,112747 11754,872213 0,000000
10845,112747 11754,872213 0,000000
10895,112747 11754,872213 0,000000
10945,112747 11754,872213 0,000000
10995,112747 11754,872213 0,000000
11045,112747 11754,872213 0,000000
11095,112747 11754,872213 0,000000
11145,112747 11754,872213 0,000000
11195,112747 11754,872213 0,000000
11245,112747 11754,872213 0,000000
11295,112747 11754,872213 0,000000
11345,112747 11754,872213 0,000000
11395,112747 11754,872213 0,000000
11445,112747 11754,872213 0,000000
11495,112747 11754,872213 0,000000
11545,112747 11754,872213 0,000000
11595,112747 11754,872213 0,000000
11645,112747 11754,872213 0,000000
11695,112747 11754,872213 0,000000
11745,112747 11754,872213 0,000000
11795,112747 11754,872213 0,000000
11845,112747 11754,872213 0,000000
11895,112747 11754,872213 0,000000
11945,112747 11754,872213 0,000000
11995,112747 11754,872213 0,000000
12045,112747 11754,872213 0,000000
12095,112747 11754,872213 0,000000
12145,112747 11754,872213 0,000000
12195,112747 11754,872213 0,000000
12245,112747 11754,872213 0,000000
12295,112747 11754,872213 0,000000
12345,112747 11754,872213 0,000000
12395,112747 11754,872213 0,000000
12445,112747 11754,872213 0,000000
12495,112747 11754,872213 0,000000
12545,112747 11754,872213 0,000000
12595,112747 11754,872213 0,000000
12645,112747 11754,872213 0,000000
12695,112747 11754,872213 0,000000
12745,112747 11754,872213 0,000000
12795,112747 11754,872213 0,000000
12845,112747 11754,872213 0,000000
12895,112747 11754,872213 0,000000
12945,112747 11754,872213 0,000000
12995,112747 11754,872213 0,000000
13045,112747 11754,872213 0,000000
13095,112747 11754,872213 0,000000
13145,112747 11754,872213 0,000000
13195,112747 11754,872213 0,000000
13245,112747 11754,872213 0,000000
13295,112747 11754,872213 0,000000
13345,112747 11754,872213 0,000000
13395,112747 11754,872213 0,000000
13445,112747 11754,872213 0,000000
13495,112747 11754,872213 0,000000
13545,112747 11754,872213 0,000000
13595,112747 11754,872213 0,000000
13645,112747 11754,872213 0,000000
13695,112747 11754,872213 0,000000
13745,112747 11754,872213 0,000000
13795,112747 11754,872213 0,000000
13845,112747 11754,872213 0,000000
13895,112747 11754,872213 0,000000
13945,112747 11754,872213 0,000000
13995,112747 11754,872213 0,000000
6545,112747 11804,872213 0,000000
6595,112747 11804,872213 0,000000
6645,112747 11804,872213 0,000000
6695,112747 11804,872213 0,000000
6745,112747 11804,872213 0,000000
6795,112747 11804,872213 0,000000
6845,112747 11804,872213 0,000000
6895,112747 11804,872213 0,000000
6945,112747 11804,872213 0,000000
6995,112747 11804,872213 0,000000
7045,112747 11804,872213 0,000000
7095,112747 11804,872213 0,000000
7145,112747 11804,872213 0,000000
7195,112747 11804,872213 0,000000
7245,112747 11804,872213 0,000000
7295,112747 11804,872213 0,000000
7345,112747 11804,872213 0,000000
7395,112747 11804,872213 0,000000
7445,112747 11804,872213 0,000000
7495,112747 11804,872213 0,000000
7545,112747 11804,872213 0,000000
7595,112747 11804,872213 0,000000
7645,112747 11804,872213 0,000000
7695,112747 11804,872213 0,000000
7745,112747 11804,872213 0,000000
7795,112747 11804,872213 0,000000
7845,112747 11804,872213 0,000000
7895,112747 11804,872213 0,000000
7945,112747 11804,872213 0,000000
7995,112747 11804,872213 0,000000
8045,112747 11804,872213 0,000000
8095,112747 11804,872213 0,000000
8145,112747 11804,872213 0,000000
8195,112747 11804,872213 0,000000
8245,112747 11804,872213 0,000000
8295,112747 11804,872213 0,000000
8345,112747 11804,872213 0,000000
8395,112747 11804,872213 0,000000
8445,112747 11804,872213 0,000000
8495,112747 11804,872213 0,000000
8545,112747 11804,872213 0,000000
8595,112747 11804,872213 0,000000
8645,112747 11804,872213 0,000000
8695,112747 11804,872213 0,000000
8745,112747 11804,872213 0,000000
8795,112747 11804,872213 0,000000
8845,112747 11804,872213 0,000000
8895,112747 11804,872213 0,000000
8945,112747 11804,872213 -0,000001
8995,112747 11804,872213 0,000001
9045,112747 11804,872213 0,000009
9095,112747 11804,872213 -0,000012
9145,112747 11804,872213 -0,000144
9195,112747 11804,872213 0,000168
9245,112747 11804,872213 0,002330
9295,112747 11804,872213 -0,001837
9345,112747 11804,872213 -0,039491
9395,112747 11804,872213 -0,005915
9445,112747 11804,872213 0,603913
9495,112747 11804,872213 0,943061
9545,112747 11804,872213 -6,034371
9595,112747 11804,872213 -19,435174
9645,112747 11804,872213 8,616303
9695,112747 11804,872213 8,616303
9745,112747 11804,872213 -19,435174
9795,112747 11804,872213 -6,034371
9845,112747 11804,872213 0,943061
9895,112747 11804,872213 0,603913
9945,112747 11804,872213 -0,005915
9995,112747 11804,872213 -0,039491
10045,112747 11804,872213 -0,001837
10095,112747 11804,872213 0,002330
10145,112747 11804,872213 0,000168
10195,112747 11804,872213 -0,000144
10245,112747 11804,872213 -0,000012
10295,112747 11804,872213 0,000009
10345,112747 11804,872213 0,000001
10395,112747 11804,872213 -0,000001
10445,112747 11804,872213 0,000000
10495,112747 11804,872213 0,000000
10545,112747 11804,872213 0,000000
10595,112747 11804,872213 0,000000
10645,112747 11804,872213 0,000000
10695,112747 11804,872213 0,000000
10745,112747 11804,872213 0,000000
10795,112747 11804,872213 0,000000
10845,112747 11804,872213 0,000000
10895,112747 11804,872213 0,000000
10945,112747 11804,872213 0,000000
10995,112747 11804,872213 0,000000
11045,112747 11804,872213 0,000000
11095,112747 11804,872213 0,000000
11145,112747 11804,872213 0,000000
11195,112747 11804,872213 0,000000
11245,112747 11804,872213 0,000000
11295,112747 11804,872213 0,000000
11345,112747 11804,872213 0,000000
11395,112747 11804,872213 0,000000
11445,112747 11804,872213 0,000000
11495,112747 11804,872213 0,000000
11545,112747 11804,872213 0,000000
11595,112747 11804,872213 0,000000
11645,112747 11804,872213 0,000000
11695,112747 11804,872213 0,000000
11745,112747 11804,872213 0,000000
11795,112747 11804,872213 0,000000
11845,112747 11804,872213 0,000000
11895,112747 11804,872213 0,000000
11945,112747 11804,872213 0,000000
11995,112747 11804,872213 0,000000
12045,112747 11804,872213 0,000000
12095,112747 11804,872213 0,000000
12145,112747 11804,872213 0,000000
12195,112747 11804,872213 0,000000
12245,112747 11804,872213 0,000000
12295,112747 11804,872213 0,000000
12345,112747 11804,872213 0,000000
12395,112747 11804,872213 0,000000
12445,112747 11804,872213 0,000000
12495,112747 11804,872213 0,000000
12545,112747 11804,872213 0,000000
12595,112747 11804,872213 0,000000
12645,112747 11804,872213 0,000000
12695,112747 11804,872213 0,000000
12745,112747 11804,872213 0,000000
12795,112747 11804,872213 0,000000
12845,112747 11804,872213 0,000000
12895,112747 11804,872213 0,000000
12945,112747 11804,872213 0,000000
12995,112747 11804,872213 0,000000
13045,112747 11804,872213 0,000000
13095,112747 11804,872213 0,000000
13145,112747 11804,872213 0,000000
13195,112747 11804,872213 0,000000
13245,112747 11804,872213 0,000000
13295,112747 11804,872213 0,000000
13345,112747 11804,872213 0,000000
13395,112747 11804,872213 0,000000
13445,112747 11804,872213 0,000000
13495,112747 11804,872213 0,000000
13545,112747 11804,872213 0,000000
13595,112747 11804,872213 0,000000
13645,112747 11804,872213 0,000000
13695,112747 11804,872213 0,000000
13745,112747 11804,872213 0,000000
13795,112747 11804,872213 0,000000
13845,112747 11804,872213 0,000000
13895,112747 11804,872213 0,000000
13945,112747 11804,872213 0,000000
13995,112747 11804,872213 0,000000
6545,112747 11854,872213 0,000000
6595,112747 11854,872213 0,000000
6645,112747 11854,872213 0,000000
6695,112747 11854,872213 0,000000
6745,112747 11854,872213 0,000000
6795,112747 11854,872213 0,000000
6845,112747 11854,872213 0,000000
6895,112747 11854,872213 0,000000
6945,112747 11854,872213 0,000000
6995,112747 11854,872213 0,000000
7045,112747 11854,872213 0,000000
7095,112747 11854,872213 0,000000
7145,112747 11854,872213 0,000000
7195,112747 11854,872213 0,000000
7245,112747 11854,872213 0,000000
7295,112747 11854,872213 0,000000
7345,112747 11854,872213 0,000000
7395,112747 11854,872213 0,000000
7445,112747 11854,872213 0,000000
7495,112747 11854,872213 0,000000
7545,112747 11854,872213 0,000000
7595,112747 11854,872213 0,000000
7645,112747 11854,872213 0,000000
7695,112747 11854,872213 0,000000
7745,112747 11854,872213 0,000000
7795,112747 11854,872213 0,000000
7845,112747 11854,872213 0,000000
7895,112747 11854,872213 0,000000
7945,112747 11854,872213 0,000000
7995,112747 11854,872213 0,000000
8045,112747 11854,872213 0,000000
8095,112747 11854,872213 0,000000
8145,112747 11854,872213 0,000000
8195,112747 11854,872213 0,000000
8245,112747 11854,872213 0,000000
8295,112747 11854,872213 0,000000
8345,112747 11854,872213 0,000000
8395,112747 11854,872213 0,000000
8445,112747 11854,872213 0,000000
8495,112747 11854,872213 0,000000
8545,112747 11854,872213 0,000000
8595,112747 11854,872213 0,000000
8645,112747 11854,872213 0,000000
8695,112747 11854,872213 0,000000
8745,112747 11854,872213 0,000000
8795,112747 11854,872213 0,000000
8845,112747 11854,872213 0,000000
8895,112747 11854,872213 0,000000
8945,112747 11854,872213 -0,000001
8995,112747 11854,872213 0,000000
9045,112747 11854,872213 0,000010
9095,112747 11854,872213 0,000002
9145,112747 11854,872213 -0,000155
9195,112747 11854,872213 -0,000146
9245,112747 11854,872213 0,002260
9295,112747 11854,872213 0,004719
9345,112747 11854,872213 -0,025722
9395,112747 11854,872213 -0,100409
9445,112747 11854,872213 0,140291
9495,112747 11854,872213 1,260624
9545,112747 11854,872213 0,963423
9595,112747 11854,872213 -6,034371
9645,112747 11854,872213 -11,561686
9695,112747 11854,872213 -11,561686
9745,112747 11854,872213 -6,034371
9795,112747 11854,872213 0,963423
9845,112747 11854,872213 1,260624
9895,112747 11854,872213 0,140291
9945,112747 11854,872213 -0,100409
9995,112747 11854,872213 -0,025722
10045,112747 11854,872213 0,004719
10095,112747 11854,872213 0,002260
10145,112747 11854,872213 -0,000146
10195,112747 11854,872213 -0,000155
10245,112747 11854,872213 0,000002
10295,112747 11854,872213 0,000010
10345,112747 11854,872213 0,000000
10395,112747 11854,872213 -0,000001
10445,112747 11854,872213 0,000000
10495,112747 11854,872213 0,000000
10545,112747 11854,872213 0,000000
10595,112747 11854,872213 0,000000
10645,112747 11854,872213 0,000000
10695,112747 11854,872213 0,000000
10745,112747 11854,872213 0,000000
10795,112747 11854,872213 0,000000
10845,112747 11854,872213 0,000000
10895,112747 11854,872213 0,000000
10945,112747 11854,872213 0,000000
10995,112747 11854,872213 0,000000
11045,112747 11854,872213 0,000000
11095,112747 11854,872213 0,000000
11145,112747 11854,872213 0,000000
11195,112747 11854,872213 0,000000
11245,112747 11854,872213 0,000000
11295,112747 11854,872213 0,000000
11345,112747 11854,872213 0,000000
11395,112747 11854,872213 0,000000
11445,112747 11854,872213 0,000000
11495,112747 11854,872213 0,000000
11545,112747 11854,872213 0,000000
11595,112747 11854,872213 0,000000
11645,112747 11854,872213 0,000000
11695,112747 11854,872213 0,000000
11745,112747 11854,872213 0,000000
11795,112747 11854,872213 0,000000
11845,112747 11854,872213 0,000000
11895,112747 11854,872213 0,000000
11945,112747 11854,872213 0,000000
11995,112747 11854,872213 0,000000
12045,112747 11854,872213 0,000000
12095,112747 11854,872213 0,000000
12145,112747 11854,872213 0,000000
12195,112747 11854,872213 0,000000
12245,112747 11854,872213 0,000000
12295,112747 11854,872213 0,000000
12345,112747 11854,872213 0,000000
12395,112747 11854,872213 0,000000
12445,112747 11854,872213 0,000000
12495,112747 11854,872213 0,000000
12545,112747 11854,872213 0,000000
12595,112747 11854,872213 0,000000
12645,112747 11854,872213 0,000000
12695,112747 11854,872213 0,000000
12745,112747 11854,872213 0,000000
12795,112747 11854,872213 0,000000
12845,112747 11854,872213 0,000000
12895,112747 11854,872213 0,000000
12945,112747 11854,872213 0,000000
12995,112747 11854,872213 0,000000
13045,112747 11854,872213 0,000000
13095,112747 11854,872213 0,000000
13145,112747 11854,872213 0,000000
13195,112747 11854,872213 0,000000
13245,112747 11854,872213 0,000000
13295,112747 11854,872213 0,000000
13345,112747 11854,872213 0,000000
13395,112747 11854,872213 0,000000
13445,112747 11854,872213 0,000000
13495,112747 11854,872213 0,000000
13545,112747 11854,872213 0,000000
13595,112747 11854,872213 0,000000
13645,112747 11854,872213 0,000000
13695,112747 11854,872213 0,000000
13745,112747 11854,872213 0,000000
13795,112747 11854,872213 0,000000
13845,112747 11854,872213 0,000000
13895,112747 11854,872213 0,000000
13945,112747 11854,872213 0,000000
13995,112747 11854,872213 0,000000
6545,112747 11904,872213 0,000000
6595,112747 11904,872213 0,000000
6645,112747 11904,872213 0,000000
6695,112747 11904,872213 0,000000
6745,112747 11904,872213 0,000000
6795,112747 11904,872213 0,000000
6845,112747 11904,872213 0,000000
6895,112747 11904,872213 0,000000
6945,112747 11904,872213 0,000000
6995,112747 11904,872213 0,000000
7045,112747 11904,872213 0,000000
7095,112747 11904,872213 0,000000
7145,112747 11904,872213 0,000000
7195,112747 11904,872213 0,000000
7245,112747 11904,872213 0,000000
7295,112747 11904,872213 0,000000
7345,112747 11904,872213 0,000000
7395,112747 11904,872213 0,000000
7445,112747 11904,872213 0,000000
7495,112747 11904,872213 0,000000
7545,112747 11904,872213 0,000000
7595,112747 11904,872213 0,000000
7645,112747 11904,872213 0,000000
7695,112747 11904,872213 0,000000
7745,112747 11904,872213 0,000000
7795,112747 11904,872213 0,000000
7845,112747 11904,872213 0,000000
7895,112747 11904,872213 0,000000
7945,112747 11904,872213 0,000000
7995,112747 11904,872213 0,000000
8045,112747 11904,872213 0,000000
8095,112747 11904,872213 0,000000
8145,112747 11904,872213 0,000000
8195,112747 11904,872213 0,000000
8245,112747 11904,872213 0,000000
8295,112747 11904,872213 0,000000
8345,112747 11904,872213 0,000000
8395,112747 11904,872213 0,000000
8445,112747 11904,872213 0,000000
8495,112747 11904,872213 0,000000
8545,112747 11904,872213 0,000000
8595,112747 11904,872213 0,000000
8645,112747 11904,872213 0,000000
8695,112747 11904,872213 0,000000
8745,112747 11904,872213 0,000000
8795,112747 11904,872213 0,000000
8845,112747 11904,872213 0,000000
8895,112747 11904,872213 0,000000
8945,112747 11904,872213 -0,000001
8995,112747 11904,872213 -0,000001
9045,112747 11904,872213 0,000009
9095,112747 11904,872213 0,000025
9145,112747 11904,872213 -0,000098
9195,112747 11904,872213 -0,000480
9245,112747 11904,872213 0,000641
9295,112747 11904,872213 0,007010
9345,112747 11904,872213 0,004014
9395,112747 11904,872213 -0,065744
9445,112747 11904,872213 -0,148947
9495,112747 11904,872213 0,241230
9545,112747 11904,872213 1,260624
9595,112747 11904,872213 0,943061
9645,112747 11904,872213 -1,139181
9695,112747 11904,872213 -1,139181
9745,112747 11904,872213 0,943061
9795,112747 11904,872213 1,260624
9845,112747 11904,872213 0,241230
9895,112747 11904,872213 -0,148947
9945,112747 11904,872213 -0,065744
9995,112747 11904,872213 0,004014
10045,112747 11904,872213 0,007010
10095,112747 11904,872213 0,000641
10145,112747 11904,872213 -0,000480
10195,112747 11904,872213 -0,000098
10245,112747 11904,872213 0,000025
10295,112747 11904,872213 0,000009
10345,112747 11904,872213 -0,000001
10395,112747 11904,872213 -0,000001
10445,112747 11904,872213 0,000000
10495,112747 11904,872213 0,000000
10545,112747 11904,872213 0,000000
10595,112747 11904,872213 0,000000
10645,112747 11904,872213 0,000000
10695,112747 11904,872213 0,000000
10745,112747 11904,872213 0,000000
10795,112747 11904,872213 0,000000
10845,112747 11904,872213 0,000000
10895,112747 11904,872213 0,000000
10945,112747 11904,872213 0,000000
10995,112747 11904,872213 0,000000
11045,112747 11904,872213 0,000000
11095,112747 11904,872213 0,000000
11145,112747 11904,872213 0,000000
11195,112747 11904,872213 0,000000
11245,112747 11904,872213 0,000000
11295,112747 11904,872213 0,000000
11345,112747 11904,872213 0,000000
11395,112747 11904,872213 0,000000
11445,112747 11904,872213 0,000000
11495,112747 11904,872213 0,000000
11545,112747 11904,872213 0,000000
11595,112747 11904,872213 0,000000
11645,112747 11904,872213 0,000000
11695,112747 11904,872213 0,000000
11745,112747 11904,872213 0,000000
11795,112747 11904,872213 0,000000
11845,112747 11904,872213 0,000000
11895,112747 11904,872213 0,000000
11945,112747 11904,872213 0,000000
11995,112747 11904,872213 0,000000
12045,112747 11904,872213 0,000000
12095,112747 11904,872213 0,000000
12145,112747 11904,872213 0,000000
12195,112747 11904,872213 0,000000
12245,112747 11904,872213 0,000000
12295,112747 11904,872213 0,000000
12345,112747 11904,872213 0,000000
12395,112747 11904,872213 0,000000
12445,112747 11904,872213 0,000000
12495,112747 11904,872213 0,000000
12545,112747 11904,872213 0,000000
12595,112747 11904,872213 0,000000
12645,112747 11904,872213 0,000000
12695,112747 11904,872213 0,000000
12745,112747 11904,872213 0,000000
12795,112747 11904,872213 0,000000
12845,112747 11904,872213 0,000000
12895,112747 11904,872213 0,000000
12945,112747 11904,872213 0,000000
12995,112747 11904,872213 0,000000
13045,112747 11904,872213 0,000000
13095,112747 11904,872213 0,000000
13145,112747 11904,872213 0,000000
13195,112747 11904,872213 0,000000
13245,112747 11904,872213 0,000000
13295,112747 11904,872213 0,000000
13345,112747 11904,872213 0,000000
13395,112747 11904,872213 0,000000
13445,112747 11904,872213 0,000000
13495,112747 11904,872213 0,000000
13545,112747 11904,872213 0,000000
13595,112747 11904,872213 0,000000
13645,112747 11904,872213 0,000000
13695,112747 11904,872213 0,000000
13745,112747 11904,872213 0,000000
13795,112747 11904,872213 0,000000
13845,112747 11904,872213 0,000000
13895,112747 11904,872213 0,000000
13945,112747 11904,872213 0,000000
13995,112747 11904,872213 0,000000
6545,112747 11954,872213 0,000000
6595,112747 11954,872213 0,000000
6645,112747 11954,872213 0,000000
6695,112747 11954,872213 0,000000
6745,112747 11954,872213 0,000000
6795,112747 11954,872213 0,000000
6845,112747 11954,872213 0,000000
6895,112747 11954,872213 0,000000
6945,112747 11954,872213 0,000000
6995,112747 11954,872213 0,000000
7045,112747 11954,872213 0,000000
7095,112747 11954,872213 0,000000
7145,112747 11954,872213 0,000000
7195,112747 11954,872213 0,000000
7245,112747 11954,872213 0,000000
7295,112747 11954,872213 0,000000
7345,112747 11954,872213 0,000000
7395,112747 11954,872213 0,000000
7445,112747 11954,872213 0,000000
7495,112747 11954,872213 0,000000
7545,112747 11954,872213 0,000000
7595,112747 11954,872213 0,000000
7645,112747 11954,872213 0,000000
7695,112747 11954,872213 0,000000
7745,112747 11954,872213 0,000000
7795,112747 11954,872213 0,000000
7845,112747 11954,872213 0,000000
7895,112747 11954,872213 0,000000
7945,112747 11954,872213 0,000000
7995,112747 11954,872213 0,000000
8045,112747 11954,872213 0,000000
8095,112747 11954,872213 0,000000
8145,112747 11954,872213 0,000000
8195,112747 11954,872213 0,000000
8245,112747 11954,872213 0,000000
8295,112747 11954,872213 0,000000
8345,112747 11954,872213 0,000000
8395,112747 11954,872213 0,000000
8445,112747 11954,872213 0,000000
8495,112747 11954,872213 0,000000
8545,112747 11954,872213 0,000000
8595,112747 11954,872213 0,000000
8645,112747 11954,872213 0,000000
8695,112747 11954,872213 0,000000
8745,112747 11954,872213 0,000000
8795,112747 11954,872213 0,000000
8845,112747 11954,872213 0,000000
8895,112747 11954,872213 0,000000
8945,112747 11954,872213 0,000000
8995,112747 11954,872213 -0,000002
9045,112747 11954,872213 0,000002
9095,112747 11954,872213 0,000034
9145,112747 11954,872213 0,000023
9195,112747 11954,872213 -0,000380
9245,112747 11954,872213 -0,000883
9295,112747 11954,872213 0,002483
9345,112747 11954,872213 0,012583
9395,112747 11954,872213 0,001103
9445,112747 11954,872213 -0,086911
9495,112747 11954,872213 -0,148947
9545,112747 11954,872213 0,140291
9595,112747 11954,872213 0,603913
9645,112747 11954,872213 0,578854
9695,112747 11954,872213 0,578854
9745,112747 11954,872213 0,603913
9795,112747 11954,872213 0,140291
9845,112747 11954,872213 -0,148947
9895,112747 11954,872213 -0,086911
9945,112747 11954,872213 0,001103
9995,112747 11954,872213 0,012583
10045,112747 11954,872213 0,002483
10095,112747 11954,872213 -0,000883
10145,112747 11954,872213 -0,000380
10195,112747 11954,872213 0,000023
10245,112747 11954,872213 0,000034
10295,112747 11954,872213 0,000002
10345,112747 11954,872213 -0,000002
10395,112747 11954,872213 0,000000
10445,112747 11954,872213 0,000000
10495,112747 11954,872213 0,000000
10545,112747 11954,872213 0,000000
10595,112747 11954,872213 0,000000
10645,112747 11954,872213 0,000000
10695,112747 11954,872213 0,000000
10745,112747 11954,872213 0,000000
10795,112747 11954,872213 0,000000
10845,112747 11954,872213 0,000000
10895,112747 11954,872213 0,000000
10945,112747 11954,872213 0,000000
10995,112747 11954,872213 0,000000
11045,112747 11954,872213 0,000000
11095,112747 11954,872213 0,000000
11145,112747 11954,872213 0,000000
11195,112747 11954,872213 0,000000
11245,112747 11954,872213 0,000000
11295,112747 11954,872213 0,000000
11345,112747 11954,872213 0,000000
11395,112747 11954,872213 0,000000
11445,112747 11954,872213 0,000000
11495,112747 11954,872213 0,000000
11545,112747 11954,872213 0,000000
11595,112747 11954,872213 0,000000
11645,112747 11954,872213 0,000000
11695,112747 11954,872213 0,000000
11745,112747 11954,872213 0,000000
11795,112747 11954,872213 0,000000
11845,112747 11954,872213 0,000000
11895,112747 11954,872213 0,000000
11945,112747 11954,872213 0,000000
11995,112747 11954,872213 0,000000
12045,112747 11954,872213 0,000000
12095,112747 11954,872213 0,000000
12145,112747 11954,872213 0,000000
12195,112747 11954,872213 0,000000
12245,112747 11954,872213 0,000000
12295,112747 11954,872213 0,000000
12345,112747 11954,872213 0,000000
12395,112747 11954,872213 0,000000
12445,112747 11954,872213 0,000000
12495,112747 11954,872213 0,000000
12545,112747 11954,872213 0,000000
12595,112747 11954,872213 0,000000
12645,112747 11954,872213 0,000000
12695,112747 11954,872213 0,000000
12745,112747 11954,872213 0,000000
12795,112747 11954,872213 0,000000
12845,112747 11954,872213 0,000000
12895,112747 11954,872213 0,000000
12945,112747 11954,872213 0,000000
12995,112747 11954,872213 0,000000
13045,112747 11954,872213 0,000000
13095,112747 11954,872213 0,000000
13145,112747 11954,872213 0,000000
13195,112747 11954,872213 0,000000
13245,112747 11954,872213 0,000000
13295,112747 11954,872213 0,000000
13345,112747 11954,872213 0,000000
13395,112747 11954,872213 0,000000
13445,112747 11954,872213 0,000000
13495,112747 11954,872213 0,000000
13545,112747 11954,872213 0,000000
13595,112747 11954,872213 0,000000
13645,112747 11954,872213 0,000000
13695,112747 11954,872213 0,000000
13745,112747 11954,872213 0,000000
13795,112747 11954,872213 0,000000
13845,112747 11954,872213 0,000000
13895,112747 11954,872213 0,000000
13945,112747 11954,872213 0,000000
13995,112747 11954,872213 0,000000
6545,112747 12004,872213 0,000000
6595,112747 12004,872213 0,000000
6645,112747 12004,872213 0,000000
6695,112747 12004,872213 0,000000
6745,112747 12004,872213 0,000000
6795,112747 12004,872213 0,000000
6845,112747 12004,872213 0,000000
6895,112747 12004,872213 0,000000
6945,112747 12004,872213 0,000000
6995,112747 12004,872213 0,000000
7045,112747 12004,872213 0,000000
7095,112747 12004,872213 0,000000
7145,112747 12004,872213 0,000000
7195,112747 12004,872213 0,000000
7245,112747 12004,872213 0,000000
7295,112747 12004,872213 0,000000
7345,112747 12004,872213 0,000000
7395,112747 12004,872213 0,000000
7445,112747 12004,872213 0,000000
7495,112747 12004,872213 0,000000
7545,112747 12004,872213 0,000000
7595,112747 12004,872213 0,000000
7645,112747 12004,872213 0,000000
7695,112747 12004,872213 0,000000
7745,112747 12004,872213 0,000000
7795,112747 12004,872213 0,000000
7845,112747 12004,872213 0,000000
7895,112747 12004,872213 0,000000
7945,112747 12004,872213 0,000000
7995,112747 12004,872213 0,000000
8045,112747 12004,872213 0,000000
8095,112747 12004,872213 0,000000
8145,112747 12004,872213 0,000000
8195,112747 12004,872213 0,000000
8245,112747 12004,872213 0,000000
8295,112747 12004,872213 0,000000
8345,112747 12004,872213 0,000000
8395,112747 12004,872213 0,000000
8445,112747 12004,872213 0,000000
8495,112747 12004,872213 0,000000
8545,112747 12004,872213 0,000000
8595,112747 12004,872213 0,000000
8645,112747 12004,872213 0,000000
8695,112747 12004,872213 0,000000
8745,112747 12004,872213 0,000000
8795,112747 12004,872213 0,000000
8845,112747 12004,872213 0,000000
8895,112747 12004,872213 0,000000
8945,112747 12004,872213 0,000000
8995,112747 12004,872213 -0,000002
9045,112747 12004,872213 -0,000005
9095,112747 12004,872213 0,000015
9145,112747 12004,872213 0,000079
9195,112747 12004,872213 -0,000024
9245,112747 12004,872213 -0,000802
9295,112747 12004,872213 -0,001177
9345,112747 12004,872213 0,004224
9395,112747 12004,872213 0,015125
9445,112747 12004,872213 0,001103
9495,112747 12004,872213 -0,065744
9545,112747 12004,872213 -0,100409
9595,112747 12004,872213 -0,005915
9645,112747 12004,872213 0,074399
9695,112747 12004,872213 0,074399
9745,112747 12004,872213 -0,005915
9795,112747 12004,872213 -0,100409
9845,112747 12004,872213 -0,065744
9895,112747 12004,872213 0,001103
9945,112747 12004,872213 0,015125
9995,112747 12004,872213 0,004224
10045,112747 12004,872213 -0,001177
10095,112747 12004,872213 -0,000802
10145,112747 12004,872213 -0,000024
10195,112747 12004,872213 0,000079
10245,112747 12004,872213 0,000015
10295,112747 12004,872213 -0,000005
10345,112747 12004,872213 -0,000002
10395,112747 12004,872213 0,000000
10445,112747 12004,872213 0,000000
10495,112747 12004,872213 0,000000
10545,112747 12004,872213 0,000000
10595,112747 12004,872213 0,000000
10645,112747 12004,872213 0,000000
10695,112747 12004,872213 0,000000
10745,112747 12004,872213 0,000000
10795,112747 12004,872213 0,000000
10845,112747 12004,872213 0,000000
10895,112747 12004,872213 0,000000
10945,112747 12004,872213 0,000000
10995,112747 12004,872213 0,000000
11045,112747 12004,872213 0,000000
11095,112747 12004,872213 0,000000
11145,112747 12004,872213 0,000000
11195,112747 12004,872213 0,000000
11245,112747 12004,872213 0,000000
11295,112747 12004,872213 0,000000
11345,112747 12004,872213 0,000000
11395,112747 12004,872213 0,000000
11445,112747 12004,872213 0,000000
11495,112747 12004,872213 0,000000
11545,112747 12004,872213 0,000000
11595,112747 12004,872213 0,000000
11645,112747 12004,872213 0,000000
11695,112747 12004,872213 0,000000
11745,112747 12004,872213 0,000000
11795,112747 12004,872213 0,000000
11845,112747 12004,872213 0,000000
11895,112747 12004,872213 0,000000
11945,112747 12004,872213 0,000000
11995,112747 12004,872213 0,000000
12045,112747 12004,872213 0,000000
12095,112747 12004,872213 0,000000
12145,112747 12004,872213 0,000000
12195,112747 12004,872213 0,000000
12245,112747 12004,872213 0,000000
12295,112747 12004,872213 0,000000
12345,112747 12004,872213 0,000000
12395,112747 12004,872213 0,000000
12445,112747 12004,872213 0,000000
12495,112747 12004,872213 0,000000
12545,112747 12004,872213 0,000000
12595,112747 12004,872213 0,000000
12645,112747 12004,872213 0,000000
12695,112747 12004,872213 0,000000
12745,112747 12004,872213 0,000000
12795,112747 12004,872213 0,000000
12845,112747 12004,872213 0,000000
12895,112747 12004,872213 0,000000
12945,112747 12004,872213 0,000000
12995,112747 12004,872213 0,000000
13045,112747 12004,872213 0,000000
13095,112747 12004,872213 0,000000
13145,112747 12004,872213 0,000000
13195,112747 12004,872213 0,000000
13245,112747 12004,872213 0,000000
13295,112747 12004,872213 0,000000
13345,112747 12004,872213 0,000000
13395,112747 12004,872213 0,000000
13445,112747 12004,872213 0,000000
13495,112747 12004,872213 0,000000
13545,112747 12004,872213 0,000000
13595,112747 12004,872213 0,000000
13645,112747 12004,872213 0,000000
13695,112747 12004,872213 0,000000
13745,112747 12004,872213 0,000000
13795,112747 12004,872213 0,000000
13845,112747 12004,872213 0,000000
13895,112747 12004,872213 0,000000
13945,112747 12004,872213 0,000000
13995,112747 12004,872213 0,000000
6545,112747 12054,872213 0,000000
6595,112747 12054,872213 0,000000
6645,112747 12054,872213 0,000000
6695,112747 12054,872213 0,000000
6745,112747 12054,872213 0,000000
6795,112747 12054,872213 0,000000
6845,112747 12054,872213 0,000000
6895,112747 12054,872213 0,000000
6945,112747 12054,872213 0,000000
6995,112747 12054,872213 0,000000
7045,112747 12054,872213 0,000000
7095,112747 12054,872213 0,000000
7145,112747 12054,872213 0,000000
7195,112747 12054,872213 0,000000
7245,112747 12054,872213 0,000000
7295,112747 12054,872213 0,000000
7345,112747 12054,872213 0,000000
7395,112747 12054,872213 0,000000
7445,112747 12054,872213 0,000000
7495,112747 12054,872213 0,000000
7545,112747 12054,872213 0,000000
7595,112747 12054,872213 0,000000
7645,112747 12054,872213 0,000000
7695,112747 12054,872213 0,000000
7745,112747 12054,872213 0,000000
7795,112747 12054,872213 0,000000
7845,112747 12054,872213 0,000000
7895,112747 12054,872213 0,000000
7945,112747 12054,872213 0,000000
7995,112747 12054,872213 0,000000
8045,112747 12054,872213 0,000000
8095,112747 12054,872213 0,000000
8145,112747 12054,872213 0,000000
8195,112747 12054,872213 0,000000
8245,112747 12054,872213 0,000000
8295,112747 12054,872213 0,000000
8345,112747 12054,872213 0,000000
8395,112747 12054,872213 0,000000
8445,112747 12054,872213 0,000000
8495,112747 12054,872213 0,000000
8545,112747 12054,872213 0,000000
8595,112747 12054,872213 0,000000
8645,112747 12054,872213 0,000000
8695,112747 12054,872213 0,000000
8745,112747 12054,872213 0,000000
8795,112747 12054,872213 0,000000
8845,112747 12054,872213 0,000000
8895,112747 12054,872213 0,000000
8945,112747 12054,872213 0,000000
8995,112747 12054,872213 0,000000
9045,112747 12054,872213 -0,000005
9095,112747 12054,872213 -0,000007
9145,112747 12054,872213 0,000039
9195,112747 12054,872213 0,000129
9245,112747 12054,872213 -0,000099
9295,112747 12054,872213 -0,001133
9345,112747 12054,872213 -0,001275
9395,112747 12054,872213 0,004224
9445,112747 12054,872213 0,012583
9495,112747 12054,872213 0,004014
9545,112747 12054,872213 -0,025722
9595,112747 12054,872213 -0,039491
9645,112747 12054,872213 -0,032390
9695,112747 12054,872213 -0,032390
9745,112747 12054,872213 -0,039491
9795,112747 12054,872213 -0,025722
9845,112747 12054,872213 0,004014
9895,112747 12054,872213 0,012583
9945,112747 12054,872213 0,004224
9995,112747 12054,872213 -0,001275
10045,112747 12054,872213 -0,001133
10095,112747 12054,872213 -0,000099
10145,112747 12054,872213 0,000129
10195,112747 12054,872213 0,000039
10245,112747 12054,872213 -0,000007
10295,112747 12054,872213 -0,000005
10345,112747 12054,872213 0,000000
10395,112747 12054,872213 0,000000
10445,112747 12054,872213 0,000000
10495,112747 12054,872213 0,000000
10545,112747 12054,872213 0,000000
10595,112747 12054,872213 0,000000
10645,112747 12054,872213 0,000000
10695,112747 12054,872213 0,000000
10745,112747 12054,872213 0,000000
10795,112747 12054,872213 0,000000
10845,112747 12054,872213 0,000000
10895,112747 12054,872213 0,000000
10945,112747 12054,872213 0,000000
10995,112747 12054,872213 0,000000
11045,112747 12054,872213 0,000000
11095,112747 12054,872213 0,000000
11145,112747 12054,872213 0,000000
11195,112747 12054,872213 0,000000
11245,112747 12054,872213 0,000000
11295,112747 12054,872213 0,000000
11345,112747 12054,872213 0,000000
11395,112747 12054,872213 0,000000
11445,112747 12054,872213 0,000000
11495,112747 12054,872213 0,000000
11545,112747 12054,872213 0,000000
11595,112747 12054,872213 0,000000
11645,112747 12054,872213 0,000000
11695,112747 12054,872213 0,000000
11745,112747 12054,872213 0,000000
11795,112747 12054,872213 0,000000
11845,112747 12054,872213 0,000000
11895,112747 12054,872213 0,000000
11945,112747 12054,872213 0,000000
11995,112747 12054,872213 0,000000
12045,112747 12054,872213 0,000000
12095,112747 12054,872213 0,000000
12145,112747 12054,872213 0,000000
12195,112747 12054,872213 0,000000
12245,112747 12054,872213 0,000000
12295,112747 12054,872213 0,000000
12345,112747 12054,872213 0,000000
12395,112747 12054,872213 0,000000
12445,112747 12054,872213 0,000000
12495,112747 12054,872213 0,000000
12545,112747 12054,872213 0,000000
12595,112747 12054,872213 0,000000
12645,112747 12054,872213 0,000000
12695,112747 12054,872213 0,000000
12745,112747 12054,872213 0,000000
12795,112747 12054,872213 0,000000
12845,112747 12054,872213 0,000000
12895,112747 12054,872213 0,000000
12945,112747 12054,872213 0,000000
12995,112747 12054,872213 0,000000
13045,112747 12054,872213 0,000000
13095,112747 12054,872213 0,000000
13145,112747 12054,872213 0,000000
13195,112747 12054,872213 0,000000
13245,112747 12054,872213 0,000000
13295,112747 12054,872213 0,000000
13345,112747 12054,872213 0,000000
13395,112747 12054,872213 0,000000
13445,112747 12054,872213 0,000000
13495,112747 12054,872213 0,000000
13545,112747 12054,872213 0,000000
13595,112747 12054,872213 0,000000
13645,112747 12054,872213 0,000000
13695,112747 12054,872213 0,000000
13745,112747 12054,872213 0,000000
13795,112747 12054,872213 0,000000
13845,112747 12054,872213 0,000000
13895,112747 12054,872213 0,000000
13945,112747 12054,872213 0,000000
13995,112747 12054,872213 0,000000
6545,112747 12104,872213 0,000000
6595,112747 12104,872213 0,000000
6645,112747 12104,872213 0,000000
6695,112747 12104,872213 0,000000
6745,112747 12104,872213 0,000000
6795,112747 12104,872213 0,000000
6845,112747 12104,872213 0,000000
6895,112747 12104,872213 0,000000
6945,112747 12104,872213 0,000000
6995,112747 12104,872213 0,000000
7045,112747 12104,872213 0,000000
7095,112747 12104,872213 0,000000
7145,112747 12104,872213 0,000000
7195,112747 12104,872213 0,000000
7245,112747 12104,872213 0,000000
7295,112747 12104,872213 0,000000
7345,112747 12104,872213 0,000000
7395,112747 12104,872213 0,000000
7445,112747 12104,872213 0,000000
7495,112747 12104,872213 0,000000
7545,112747 12104,872213 0,000000
7595,112747 12104,872213 0,000000
7645,112747 12104,872213 0,000000
7695,112747 12104,872213 0,000000
7745,112747 12104,872213 0,000000
7795,112747 12104,872213 0,000000
7845,112747 12104,872213 0,000000
7895,112747 12104,872213 0,000000
7945,112747 12104,872213 0,000000
7995,112747 12104,872213 0,000000
8045,112747 12104,872213 0,000000
8095,112747 12104,872213 0,000000
8145,112747 12104,872213 0,000000
8195,112747 12104,872213 0,000000
8245,112747 12104,872213 0,000000
8295,112747 12104,872213 0,000000
8345,112747 12104,872213 0,000000
8395,112747 12104,872213 0,000000
8445,112747 12104,872213 0,000000
8495,112747 12104,872213 0,000000
8545,112747 12104,872213 0,000000
8595,112747 12104,872213 0,000000
8645,112747 12104,872213 0,000000
8695,112747 12104,872213 0,000000
8745,112747 12104,872213 0,000000
8795,112747 12104,872213 0,000000
8845,112747 12104,872213 0,000000
8895,112747 12104,872213 0,000000
8945,112747 12104,872213 0,000000
8995,112747 12104,872213 0,000001
9045,112747 12104,872213 -0,000001
9095,112747 12104,872213 -0,000010
9145,112747 12104,872213 -0,000007
9195,112747 12104,872213 0,000065
9245,112747 12104,872213 0,000163
9295,112747 12104,872213 -0,000137
9345,112747 12104,872213 -0,001133
9395,112747 12104,872213 -0,001177
9445,112747 12104,872213 0,002483
9495,112747 12104,872213 0,007010
9545,112747 12104,872213 0,004719
9595,112747 12104,872213 -0,001837
9645,112747 12104,872213 -0,004459
9695,112747 12104,872213 -0,004459
9745,112747 12104,872213 -0,001837
9795,112747 12104,872213 0,004719
9845,112747 12104,872213 0,007010
9895,112747 12104,872213 0,002483
9945,112747 12104,872213 -0,001177
9995,112747 12104,872213 -0,001133
10045,112747 12104,872213 -0,000137
10095,112747 12104,872213 0,000163
10145,112747 12104,872213 0,000065
10195,112747 12104,872213 -0,000007
10245,112747 12104,872213 -0,000010
10295,112747 12104,872213 -0,000001
10345,112747 12104,872213 0,000001
10395,112747 12104,872213 0,000000
10445,112747 12104,872213 0,000000
10495,112747 12104,872213 0,000000
10545,112747 12104,872213 0,000000
10595,112747 12104,872213 0,000000
10645,112747 12104,872213 0,000000
10695,112747 12104,872213 0,000000
10745,112747 12104,872213 0,000000
10795,112747 12104,872213 0,000000
10845,112747 12104,872213 0,000000
10895,112747 12104,872213 0,000000
10945,112747 12104,872213 0,000000
10995,112747 12104,872213 0,000000
11045,112747 12104,872213 0,000000
11095,112747 12104,872213 0,000000
11145,112747 12104,872213 0,000000
11195,112747 12104,872213 0,000000
11245,112747 12104,872213 0,000000
11295,112747 12104,872213 0,000000
11345,112747 12104,872213 0,000000
11395,112747 12104,872213 0,000000
11445,112747 12104,872213 0,000000
11495,112747 12104,872213 0,000000
11545,112747 12104,872213 0,000000
11595,112747 12104,872213 0,000000
11645,112747 12104,872213 0,000000
11695,112747 12104,872213 0,000000
11745,112747 12104,872213 0,000000
11795,112747 12104,872213 0,000000
11845,112747 12104,872213 0,000000
11895,112747 12104,872213 0,000000
11945,112747 12104,872213 0,000000
11995,112747 12104,872213 0,000000
12045,112747 12104,872213 0,000000
12095,112747 12104,872213 0,000000
12145,112747 12104,872213 0,000000
12195,112747 12104,872213 0,000000
12245,112747 12104,872213 0,000000
12295,112747 12104,872213 0,000000
12345,112747 12104,872213 0,000000
12395,112747 12104,872213 0,000000
12445,112747 12104,872213 0,000000
12495,112747 12104,872213 0,000000
12545,112747 12104,872213 0,000000
12595,112747 12104,872213 0,000000
12645,112747 12104,872213 0,000000
12695,112747 12104,872213 0,000000
12745,112747 12104,872213 0,000000
12795,112747 12104,872213 0,000000
12845,112747 12104,872213 0,000000
12895,112747 12104,872213 0,000000
12945,112747 12104,872213 0,000000
12995,112747 12104,872213 0,000000
13045,112747 12104,872213 0,000000
13095,112747 12104,872213 0,000000
13145,112747 12104,872213 0,000000
13195,112747 12104,872213 0,000000
13245,112747 12104,872213 0,000000
13295,112747 12104,872213 0,000000
13345,112747 12104,872213 0,000000
13395,112747 12104,872213 0,000000
13445,112747 12104,872213 0,000000
13495,112747 12104,872213 0,000000
13545,112747 12104,872213 0,000000
13595,112747 12104,872213 0,000000
13645,112747 12104,872213 0,000000
13695,112747 12104,872213 0,000000
13745,112747 12104,872213 0,000000
13795,112747 12104,872213 0,000000
13845,112747 12104,872213 0,000000
13895,112747 12104,872213 0,000000
13945,112747 12104,872213 0,000000
13995,112747 12104,872213 0,000000
6545,112747 12154,872213 0,000000
6595,112747 12154,872213 0,000000
6645,112747 12154,872213 0,000000
6695,112747 12154,872213 0,000000
6745,112747 12154,872213 0,000000
6795,112747 12154,872213 0,000000
6845,112747 12154,872213 0,000000
6895,112747 12154,872213 0,000000
6945,112747 12154,872213 0,000000
6995,112747 12154,872213 0,000000
7045,112747 12154,872213 0,000000
7095,112747 12154,872213 0,000000
7145,112747 12154,872213 0,000000
7195,112747 12154,872213 0,000000
7245,112747 12154,872213 0,000000
7295,112747 12154,872213 0,000000
7345,112747 12154,872213 0,000000
7395,112747 12154,872213 0,000000
7445,112747 12154,872213 0,000000
7495,112747 12154,872213 0,000000
7545,112747 12154,872213 0,000000
7595,112747 12154,872213 0,000000
7645,112747 12154,872213 0,000000
7695,112747 12154,872213 0,000000
7745,112747 12154,872213 0,000000
7795,112747 12154,872213 0,000000
7845,112747 12154,872213 0,000000
7895,112747 12154,872213 0,000000
7945,112747 12154,872213 0,000000
7995,112747 12154,872213 0,000000
8045,112747 12154,872213 0,000000
8095,112747 12154,872213 0,000000
8145,112747 12154,872213 0,000000
8195,112747 12154,872213 0,000000
8245,112747 12154,872213 0,000000
8295,112747 12154,872213 0,000000
8345,112747 12154,872213 0,000000
8395,112747 12154,872213 0,000000
8445,112747 12154,872213 0,000000
8495,112747 12154,872213 0,000000
8545,112747 12154,872213 0,000000
8595,112747 12154,872213 0,000000
8645,112747 12154,872213 0,000000
8695,112747 12154,872213 0,000000
8745,112747 12154,872213 0,000000
8795,112747 12154,872213 0,000000
8845,112747 12154,872213 0,000000
8895,112747 12154,872213 0,000000
8945,112747 12154,872213 0,000000
8995,112747 12154,872213 0,000001
9045,112747 12154,872213 0,000001
9095,112747 12154,872213 -0,000002
9145,112747 12154,872213 -0,000014
9195,112747 12154,872213 -0,000007
9245,112747 12154,872213 0,000076
9295,112747 12154,872213 0,000163
9345,112747 12154,872213 -0,000099
9395,112747 12154,872213 -0,000802
9445,112747 12154,872213 -0,000883
9495,112747 12154,872213 0,000641
9545,112747 12154,872213 0,002260
9595,112747 12154,872213 0,002330
9645,112747 12154,872213 0,002015
9695,112747 12154,872213 0,002015
9745,112747 12154,872213 0,002330
9795,112747 12154,872213 0,002260
9845,112747 12154,872213 0,000641
9895,112747 12154,872213 -0,000883
9945,112747 12154,872213 -0,000802
9995,112747 12154,872213 -0,000099
10045,112747 12154,872213 0,000163
10095,112747 12154,872213 0,000076
10145,112747 12154,872213 -0,000007
10195,112747 12154,872213 -0,000014
10245,112747 12154,872213 -0,000002
10295,112747 12154,872213 0,000001
10345,112747 12154,872213 0,000001
10395,112747 12154,872213 0,000000
10445,112747 12154,872213 0,000000
10495,112747 12154,872213 0,000000
10545,112747 12154,872213 0,000000
10595,112747 12154,872213 0,000000
10645,112747 12154,872213 0,000000
10695,112747 12154,872213 0,000000
10745,112747 12154,872213 0,000000
10795,112747 12154,872213 0,000000
10845,112747 12154,872213 0,000000
10895,112747 12154,872213 0,000000
10945,112747 12154,872213 0,000000
10995,112747 12154,872213 0,000000
11045,112747 12154,872213 0,000000
11095,112747 12154,872213 0,000000
11145,112747 12154,872213 0,000000
11195,112747 12154,872213 0,000000
11245,112747 12154,872213 0,000000
11295,112747 12154,872213 0,000000
11345,112747 12154,872213 0,000000
11395,112747 12154,872213 0,000000
11445,112747 12154,872213 0,000000
11495,112747 12154,872213 0,000000
11545,112747 12154,872213 0,000000
11595,112747 12154,872213 0,000000
11645,112747 12154,872213 0,000000
11695,112747 12154,872213 0,000000
11745,112747 12154,872213 0,000000
11795,112747 12154,872213 0,000000
11845,112747 12154,872213 0,000000
11895,112747 12154,872213 0,000000
11945,112747 12154,872213 0,000000
11995,112747 12154,872213 0,000000
12045,112747 12154,872213 0,000000
12095,112747 12154,872213 0,000000
12145,112747 12154,872213 0,000000
12195,112747 12154,872213 0,000000
12245,112747 12154,872213 0,000000
12295,112747 12154,872213 0,000000
12345,112747 12154,872213 0,000000
12395,112747 12154,872213 0,000000
12445,112747 12154,872213 0,000000
12495,112747 12154,872213 0,000000
12545,112747 12154,872213 0,000000
12595,112747 12154,872213 0,000000
12645,112747 12154,872213 0,000000
12695,112747 12154,872213 0,000000
12745,112747 12154,872213 0,000000
12795,112747 12154,872213 0,000000
12845,112747 12154,872213 0,000000
12895,112747 12154,872213 0,000000
12945,112747 12154,872213 0,000000
12995,112747 12154,872213 0,000000
13045,112747 12154,872213 0,000000
13095,112747 12154,872213 0,000000
13145,112747 12154,872213 0,000000
13195,112747 12154,872213 0,000000
13245,112747 12154,872213 0,000000
13295,112747 12154,872213 0,000000
13345,112747 12154,872213 0,000000
13395,112747 12154,872213 0,000000
13445,112747 12154,872213 0,000000
13495,112747 12154,872213 0,000000
13545,112747 12154,872213 0,000000
13595,112747 12154,872213 0,000000
13645,112747 12154,872213 0,000000
13695,112747 12154,872213 0,000000
13745,112747 12154,872213 0,000000
13795,112747 12154,872213 0,000000
13845,112747 12154,872213 0,000000
13895,112747 12154,872213 0,000000
13945,112747 12154,872213 0,000000
13995,112747 12154,872213 0,000000
6545,112747 12204,872213 0,000000
6595,112747 12204,872213 0,000000
6645,112747 12204,872213 0,000000
6695,112747 12204,872213 0,000000
6745,112747 12204,872213 0,000000
6795,112747 12204,872213 0,000000
6845,112747 12204,872213 0,000000
6895,112747 12204,872213 0,000000
6945,112747 12204,872213 0,000000
6995,112747 12204,872213 0,000000
7045,112747 12204,872213 0,000000
7095,112747 12204,872213 0,000000
7145,112747 12204,872213 0,000000
7195,112747 12204,872213 0,000000
7245,112747 12204,872213 0,000000
7295,112747 12204,872213 0,000000
7345,112747 12204,872213 0,000000
7395,112747 12204,872213 0,000000
7445,112747 12204,872213 0,000000
7495,112747 12204,872213 0,000000
7545,112747 12204,872213 0,000000
7595,112747 12204,872213 0,000000
7645,112747 12204,872213 0,000000
7695,112747 12204,872213 0,000000
7745,112747 12204,872213 0,000000
7795,112747 12204,872213 0,000000
7845,112747 12204,872213 0,000000
7895,112747 12204,872213 0,000000
7945,112747 12204,872213 0,000000
7995,112747 12204,872213 0,000000
8045,112747 12204,872213 0,000000
8095,112747 12204,872213 0,000000
8145,112747 12204,872213 0,000000
8195,112747 12204,872213 0,000000
8245,112747 12204,872213 0,000000
8295,112747 12204,872213 0,000000
8345,112747 12204,872213 0,000000
8395,112747 12204,872213 0,000000
8445,112747 12204,872213 0,000000
8495,112747 12204,872213 0,000000
8545,112747 12204,872213 0,000000
8595,112747 12204,872213 0,000000
8645,112747 12204,872213 0,000000
8695,112747 12204,872213 0,000000
8745,112747 12204,872213 0,000000
8795,112747 12204,872213 0,000000
8845,112747 12204,872213 0,000000
8895,112747 12204,872213 0,000000
8945,112747 12204,872213 0,000000
8995,112747 12204,872213 0,000000
9045,112747 12204,872213 0,000001
9095,112747 12204,872213 0,000002
9145,112747 12204,872213 -0,000004
9195,112747 12204,872213 -0,000016
9245,112747 12204,872213 -0,000007
9295,112747 12204,872213 0,000065
9345,112747 12204,872213 0,000129
9395,112747 12204,872213 -0,000024
9445,112747 12204,872213 -0,000380
9495,112747 12204,872213 -0,000480
9545,112747 12204,872213 -0,000146
9595,112747 12204,872213 0,000168
9645,112747 12204,872213 0,000283
9695,112747 12204,872213 0,000283
9745,112747 12204,872213 0,000168
9795,112747 12204,872213 -0,000146
9845,112747 12204,872213 -0,000480
9895,112747 12204,872213 -0,000380
9945,112747 12204,872213 -0,000024
9995,112747 12204,872213 0,000129
10045,112747 12204,872213 0,000065
10095,112747 12204,872213 -0,000007
10145,112747 12204,872213 -0,000016
10195,112747 12204,872213 -0,000004
10245,112747 12204,872213 0,000002
10295,112747 12204,872213 0,000001
10345,112747 12204,872213 0,000000
10395,112747 12204,872213 0,000000
10445,112747 12204,872213 0,000000
10495,112747 12204,872213 0,000000
10545,112747 12204,872213 0,000000
10595,112747 12204,872213 0,000000
10645,112747 12204,872213 0,000000
10695,112747 12204,872213 0,000000
10745,112747 12204,872213 0,000000
10795,112747 12204,872213 0,000000
10845,112747 12204,872213 0,000000
10895,112747 12204,872213 0,000000
10945,112747 12204,872213 0,000000
10995,112747 12204,872213 0,000000
11045,112747 12204,872213 0,000000
11095,112747 12204,872213 0,000000
11145,112747 12204,872213 0,000000
11195,112747 12204,872213 0,000000
11245,112747 12204,872213 0,000000
11295,112747 12204,872213 0,000000
11345,112747 12204,872213 0,000000
11395,112747 12204,872213 0,000000
11445,112747 12204,872213 0,000000
11495,112747 12204,872213 0,000000
11545,112747 12204,872213 0,000000
11595,112747 12204,872213 0,000000
11645,112747 12204,872213 0,000000
11695,112747 12204,872213 0,000000
11745,112747 12204,872213 0,000000
11795,112747 12204,872213 0,000000
11845,112747 12204,872213 0,000000
11895,112747 12204,872213 0,000000
11945,112747 12204,872213 0,000000
11995,112747 12204,872213 0,000000
12045,112747 12204,872213 0,000000
12095,112747 12204,872213 0,000000
12145,112747 12204,872213 0,000000
12195,112747 12204,872213 0,000000
12245,112747 12204,872213 0,000000
12295,112747 12204,872213 0,000000
12345,112747 12204,872213 0,000000
12395,112747 12204,872213 0,000000
12445,112747 12204,872213 0,000000
12495,112747 12204,872213 0,000000
12545,112747 12204,872213 0,000000
12595,112747 12204,872213 0,000000
12645,112747 12204,872213 0,000000
12695,112747 12204,872213 0,000000
12745,112747 12204,872213 0,000000
12795,112747 12204,872213 0,000000
12845,112747 12204,872213 0,000000
12895,112747 12204,872213 0,000000
12945,112747 12204,872213 0,000000
12995,112747 12204,872213 0,000000
13045,112747 12204,872213 0,000000
13095,112747 12204,872213 0,000000
13145,112747 12204,872213 0,000000
13195,112747 12204,872213 0,000000
13245,112747 12204,872213 0,000000
13295,112747 12204,872213 0,000000
13345,112747 12204,872213 0,000000
13395,112747 12204,872213 0,000000
13445,112747 12204,872213 0,000000
13495,112747 12204,872213 0,000000
13545,112747 12204,872213 0,000000
13595,112747 12204,872213 0,000000
13645,112747 12204,872213 0,000000
13695,112747 12204,872213 0,000000
13745,112747 12204,872213 0,000000
13795,112747 12204,872213 0,000000
13845,112747 12204,872213 0,000000
13895,112747 12204,872213 0,000000
13945,112747 12204,872213 0,000000
13995,112747 12204,872213 0,000000
6545,112747 12254,872213 0,000000
6595,112747 12254,872213 0,000000
6645,112747 12254,872213 0,000000
6695,112747 12254,872213 0,000000
6745,112747 12254,872213 0,000000
6795,112747 12254,872213 0,000000
6845,112747 12254,872213 0,000000
6895,112747 12254,872213 0,000000
6945,112747 12254,872213 0,000000
6995,112747 12254,872213 0,000000
7045,112747 12254,872213 0,000000
7095,112747 12254,872213 0,000000
7145,112747 12254,872213 0,000000
7195,112747 12254,872213 0,000000
7245,112747 12254,872213 0,000000
7295,112747 12254,872213 0,000000
7345,112747 12254,872213 0,000000
7395,112747 12254,872213 0,000000
7445,112747 12254,872213 0,000000
7495,112747 12254,872213 0,000000
7545,112747 12254,872213 0,000000
7595,112747 12254,872213 0,000000
7645,112747 12254,872213 0,000000
7695,112747 12254,872213 0,000000
7745,112747 12254,872213 0,000000
7795,112747 12254,872213 0,000000
7845,112747 12254,872213 0,000000
7895,112747 12254,872213 0,000000
7945,112747 12254,872213 0,000000
7995,112747 12254,872213 0,000000
8045,112747 12254,872213 0,000000
8095,112747 12254,872213 0,000000
8145,112747 12254,872213 0,000000
8195,112747 12254,872213 0,000000
8245,112747 12254,872213 0,000000
8295,112747 12254,872213 0,000000
8345,112747 12254,872213 0,000000
8395,112747 12254,872213 0,000000
8445,112747 12254,872213 0,000000
8495,112747 12254,872213 0,000000
8545,112747 12254,872213 0,000000
8595,112747 12254,872213 0,000000
8645,112747 12254,872213 0,000000
8695,112747 12254,872213 0,000000
8745,112747 12254,872213 0,000000
8795,112747 12254,872213 0,000000
8845,112747 12254,872213 0,000000
8895,112747 12254,872213 0,000000
8945,112747 12254,872213 0,000000
8995,112747 12254,872213 0,000000
9045,112747 12254,872213 0,000000
9095,112747 12254,872213 0,000001
9145,112747 12254,872213 0,000002
9195,112747 12254,872213 -0,000004
9245,112747 12254,872213 -0,000014
9295,112747 12254,872213 -0,000007
9345,112747 12254,872213 0,000039
9395,112747 12254,872213 0,000079
9445,112747 12254,872213 0,000023
9495,112747 12254,872213 -0,000098
9545,112747 12254,872213 -0,000155
9595,112747 12254,872213 -0,000144
9645,112747 12254,872213 -0,000130
9695,112747 12254,872213 -0,000130
9745,112747 12254,872213 -0,000144
9795,112747 12254,872213 -0,000155
9845,112747 12254,872213 -0,000098
9895,112747 12254,872213 0,000023
9945,112747 12254,872213 0,000079
9995,112747 12254,872213 0,000039
10045,112747 12254,872213 -0,000007
10095,112747 12254,872213 -0,000014
10145,112747 12254,872213 -0,000004
10195,112747 12254,872213 0,000002
10245,112747 12254,872213 0,000001
10295,112747 12254,872213 0,000000
10345,112747 12254,872213 0,000000
10395,112747 12254,872213 0,000000
10445,112747 12254,872213 0,000000
10495,112747 12254,872213 0,000000
10545,112747 12254,872213 0,000000
10595,112747 12254,872213 0,000000
10645,112747 12254,872213 0,000000
10695,112747 12254,872213 0,000000
10745,112747 12254,872213 0,000000
10795,112747 12254,872213 0,000000
10845,112747 12254,872213 0,000000
10895,112747 12254,872213 0,000000
10945,112747 12254,872213 0,000000
10995,112747 12254,872213 0,000000
11045,112747 12254,872213 0,000000
11095,112747 12254,872213 0,000000
11145,112747 12254,872213 0,000000
11195,112747 12254,872213 0,000000
11245,112747 12254,872213 0,000000
11295,112747 12254,872213 0,000000
11345,112747 12254,872213 0,000000
11395,112747 12254,872213 0,000000
11445,112747 12254,872213 0,000000
11495,112747 12254,872213 0,000000
11545,112747 12254,872213 0,000000
11595,112747 12254,872213 0,000000
11645,112747 12254,872213 0,000000
11695,112747 12254,872213 0,000000
11745,112747 12254,872213 0,000000
11795,112747 12254,872213 0,000000
11845,112747 12254,872213 0,000000
11895,112747 12254,872213 0,000000
11945,112747 12254,872213 0,000000
11995,112747 12254,872213 0,000000
12045,112747 12254,872213 0,000000
12095,112747 12254,872213 0,000000
12145,112747 12254,872213 0,000000
12195,112747 12254,872213 0,000000
12245,112747 12254,872213 0,000000
12295,112747 12254,872213 0,000000
12345,112747 12254,872213 0,000000
12395,112747 12254,872213 0,000000
12445,112747 12254,872213 0,000000
12495,112747 12254,872213 0,000000
12545,112747 12254,872213 0,000000
12595,112747 12254,872213 0,000000
12645,112747 12254,872213 0,000000
12695,112747 12254,872213 0,000000
12745,112747 12254,872213 0,000000
12795,112747 12254,872213 0,000000
12845,112747 12254,872213 0,000000
12895,112747 12254,872213 0,000000
12945,112747 12254,872213 0,000000
12995,112747 12254,872213 0,000000
13045,112747 12254,872213 0,000000
13095,112747 12254,872213 0,000000
13145,112747 12254,872213 0,000000
13195,112747 12254,872213 0,000000
13245,112747 12254,872213 0,000000
13295,112747 12254,872213 0,000000
13345,112747 12254,872213 0,000000
13395,112747 12254,872213 0,000000
13445,112747 12254,872213 0,000000
13495,112747 12254,872213 0,000000
13545,112747 12254,872213 0,000000
13595,112747 12254,872213 0,000000
13645,112747 12254,872213 0,000000
13695,112747 12254,872213 0,000000
13745,112747 12254,872213 0,000000
13795,112747 12254,872213 0,000000
13845,112747 12254,872213 0,000000
13895,112747 12254,872213 0,000000
13945,112747 12254,872213 0,000000
13995,112747 12254,872213 0,000000
6545,112747 12304,872213 0,000000
6595,112747 12304,872213 0,000000
6645,112747 12304,872213 0,000000
6695,112747 12304,872213 0,000000
6745,112747 12304,872213 0,000000
6795,112747 12304,872213 0,000000
6845,112747 12304,872213 0,000000
6895,112747 12304,872213 0,000000
6945,112747 12304,872213 0,000000
6995,112747 12304,872213 0,000000
7045,112747 12304,872213 0,000000
7095,112747 12304,872213 0,000000
7145,112747 12304,872213 0,000000
7195,112747 12304,872213 0,000000
7245,112747 12304,872213 0,000000
7295,112747 12304,872213 0,000000
7345,112747 12304,872213 0,000000
7395,112747 12304,872213 0,000000
7445,112747 12304,872213 0,000000
7495,112747 12304,872213 0,000000
7545,112747 12304,872213 0,000000
7595,112747 12304,872213 0,000000
7645,112747 12304,872213 0,000000
7695,112747 12304,872213 0,000000
7745,112747 12304,872213 0,000000
7795,112747 12304,872213 0,000000
7845,112747 12304,872213 0,000000
7895,112747 12304,872213 0,000000
7945,112747 12304,872213 0,000000
7995,112747 12304,872213 0,000000
8045,112747 12304,872213 0,000000
8095,112747 12304,872213 0,000000
8145,112747 12304,872213 0,000000
8195,112747 12304,872213 0,000000
8245,112747 12304,872213 0,000000
8295,112747 12304,872213 0,000000
8345,112747 12304,872213 0,000000
8395,112747 12304,872213 0,000000
8445,112747 12304,872213 0,000000
8495,112747 12304,872213 0,000000
8545,112747 12304,872213 0,000000
8595,112747 12304,872213 0,000000
8645,112747 12304,872213 0,000000
8695,112747 12304,872213 0,000000
8745,112747 12304,872213 0,000000
8795,112747 12304,872213 0,000000
8845,112747 12304,872213 0,000000
8895,112747 12304,872213 0,000000
8945,112747 12304,872213 0,000000
8995,112747 12304,872213 0,000000
9045,112747 12304,872213 0,000000
9095,112747 12304,872213 0,000000
9145,112747 12304,872213 0,000001
9195,112747 12304,872213 0,000002
9245,112747 12304,872213 -0,000002
9295,112747 12304,872213 -0,000010
9345,112747 12304,872213 -0,000007
9395,112747 12304,872213 0,000015
9445,112747 12304,872213 0,000034
9495,112747 12304,872213 0,000025
9545,112747 12304,872213 0,000002
9595,112747 12304,872213 -0,000012
9645,112747 12304,872213 -0,000019
9695,112747 12304,872213 -0,000019
9745,112747 12304,872213 -0,000012
9795,112747 12304,872213 0,000002
9845,112747 12304,872213 0,000025
9895,112747 12304,872213 0,000034
9945,112747 12304,872213 0,000015
9995,112747 12304,872213 -0,000007
10045,112747 12304,872213 -0,000010
10095,112747 12304,872213 -0,000002
10145,112747 12304,872213 0,000002
10195,112747 12304,872213 0,000001
10245,112747 12304,872213 0,000000
10295,112747 12304,872213 0,000000
10345,112747 12304,872213 0,000000
10395,112747 12304,872213 0,000000
10445,112747 12304,872213 0,000000
10495,112747 12304,872213 0,000000
10545,112747 12304,872213 0,000000
10595,112747 12304,872213 0,000000
10645,112747 12304,872213 0,000000
10695,112747 12304,872213 0,000000
10745,112747 12304,872213 0,000000
10795,112747 12304,872213 0,000000
10845,112747 12304,872213 0,000000
10895,112747 12304,872213 0,000000
10945,112747 12304,872213 0,000000
10995,112747 12304,872213 0,000000
11045,112747 12304,872213 0,000000
11095,112747 12304,872213 0,000000
11145,112747 12304,872213 0,000000
11195,112747 12304,872213 0,000000
11245,112747 12304,872213 0,000000
11295,112747 12304,872213 0,000000
11345,112747 12304,872213 0,000000
11395,112747 12304,872213 0,000000
11445,112747 12304,872213 0,000000
11495,112747 12304,872213 0,000000
11545,112747 12304,872213 0,000000
11595,112747 12304,872213 0,000000
11645,112747 12304,872213 0,000000
11695,112747 12304,872213 0,000000
11745,112747 12304,872213 0,000000
11795,112747 12304,872213 0,000000
11845,112747 12304,872213 0,000000
11895,112747 12304,872213 0,000000
11945,112747 12304,872213 0,000000
11995,112747 12304,872213 0,000000
12045,112747 12304,872213 0,000000
12095,112747 12304,872213 0,000000
12145,112747 12304,872213 0,000000
12195,112747 12304,872213 0,000000
12245,112747 12304,872213 0,000000
12295,112747 12304,872213 0,000000
12345,112747 12304,872213 0,000000
12395,112747 12304,872213 0,000000
12445,112747 12304,872213 0,000000
12495,112747 12304,872213 0,000000
12545,112747 12304,872213 0,000000
12595,112747 12304,872213 0,000000
12645,112747 12304,872213 0,000000
12695,112747 12304,872213 0,000000
12745,112747 12304,872213 0,000000
12795,112747 12304,872213 0,000000
12845,112747 12304,872213 0,000000
12895,112747 12304,872213 0,000000
12945,112747 12304,872213 0,000000
12995,112747 12304,872213 0,000000
13045,112747 12304,872213 0,000000
13095,112747 12304,872213 0,000000
13145,112747 12304,872213 0,000000
13195,112747 12304,872213 0,000000
13245,112747 12304,872213 0,000000
13295,112747 12304,872213 0,000000
13345,112747 12304,872213 0,000000
13395,112747 12304,872213 0,000000
13445,112747 12304,872213 0,000000
13495,112747 12304,872213 0,000000
13545,112747 12304,872213 0,000000
13595,112747 12304,872213 0,000000
13645,112747 12304,872213 0,000000
13695,112747 12304,872213 0,000000
13745,112747 12304,872213 0,000000
13795,112747 12304,872213 0,000000
13845,112747 12304,872213 0,000000
13895,112747 12304,872213 0,000000
13945,112747 12304,872213 0,000000
13995,112747 12304,872213 0,000000
6545,112747 12354,872213 0,000000
6595,112747 12354,872213 0,000000
6645,112747 12354,872213 0,000000
6695,112747 12354,872213 0,000000
6745,112747 12354,872213 0,000000
6795,112747 12354,872213 0,000000
6845,112747 12354,872213 0,000000
6895,112747 12354,872213 0,000000
6945,112747 12354,872213 0,000000
6995,112747 12354,872213 0,000000
7045,112747 12354,872213 0,000000
7095,112747 12354,872213 0,000000
7145,112747 12354,872213 0,000000
7195,112747 12354,872213 0,000000
7245,112747 12354,872213 0,000000
7295,112747 12354,872213 0,000000
7345,112747 12354,872213 0,000000
7395,112747 12354,872213 0,000000
7445,112747 12354,872213 0,000000
7495,112747 12354,872213 0,000000
7545,112747 12354,872213 0,000000
7595,112747 12354,872213 0,000000
7645,112747 12354,872213 0,000000
7695,112747 12354,872213 0,000000
7745,112747 12354,872213 0,000000
7795,112747 12354,872213 0,000000
7845,112747 12354,872213 0,000000
7895,112747 12354,872213 0,000000
7945,112747 12354,872213 0,000000
7995,112747 12354,872213 0,000000
8045,112747 12354,872213 0,000000
8095,112747 12354,872213 0,000000
8145,112747 12354,872213 0,000000
8195,112747 12354,872213 0,000000
8245,112747 12354,872213 0,000000
8295,112747 12354,872213 0,000000
8345,112747 12354,872213 0,000000
8395,112747 12354,872213 0,000000
8445,112747 12354,872213 0,000000
8495,112747 12354,872213 0,000000
8545,112747 12354,872213 0,000000
8595,112747 12354,872213 0,000000
8645,112747 12354,872213 0,000000
8695,112747 12354,872213 0,000000
8745,112747 12354,872213 0,000000
8795,112747 12354,872213 0,000000
8845,112747 12354,872213 0,000000
8895,112747 12354,872213 0,000000
8945,112747 12354,872213 0,000000
8995,112747 12354,872213 0,000000
9045,112747 12354,872213 0,000000
9095,112747 12354,872213 0,000000
9145,112747 12354,872213 0,000000
9195,112747 12354,872213 0,000001
9245,112747 12354,872213 0,000001
9295,112747 12354,872213 -0,000001
9345,112747 12354,872213 -0,000005
9395,112747 12354,872213 -0,000005
9445,112747 12354,872213 0,000002
9495,112747 12354,872213 0,000009
9545,112747 12354,872213 0,000010
9595,112747 12354,872213 0,000009
9645,112747 12354,872213 0,000009
9695,112747 12354,872213 0,000009
9745,112747 12354,872213 0,000009
9795,112747 12354,872213 0,000010
9845,112747 12354,872213 0,000009
9895,112747 12354,872213 0,000002
9945,112747 12354,872213 -0,000005
9995,112747 12354,872213 -0,000005
10045,112747 12354,872213 -0,000001
10095,112747 12354,872213 0,000001
10145,112747 12354,872213 0,000001
10195,112747 12354,872213 0,000000
10245,112747 12354,872213 0,000000
10295,112747 12354,872213 0,000000
10345,112747 12354,872213 0,000000
10395,112747 12354,872213 0,000000
10445,112747 12354,872213 0,000000
10495,112747 12354,872213 0,000000
10545,112747 12354,872213 0,000000
10595,112747 12354,872213 0,000000
10645,112747 12354,872213 0,000000
10695,112747 12354,872213 0,000000
10745,112747 12354,872213 0,000000
10795,112747 12354,872213 0,000000
10845,112747 12354,872213 0,000000
10895,112747 12354,872213 0,000000
10945,112747 12354,872213 0,000000
10995,112747 12354,872213 0,000000
11045,112747 12354,872213 0,000000
11095,112747 12354,872213 0,000000
11145,112747 12354,872213 0,000000
11195,112747 12354,872213 0,000000
11245,112747 12354,872213 0,000000
11295,112747 12354,872213 0,000000
11345,112747 12354,872213 0,000000
11395,112747 12354,872213 0,000000
11445,112747 12354,872213 0,000000
11495,112747 12354,872213 0,000000
11545,112747 12354,872213 0,000000
11595,112747 12354,872213 0,000000
11645,112747 12354,872213 0,000000
11695,112747 12354,872213 0,000000
11745,112747 12354,872213 0,000000
11795,112747 12354,872213 0,000000
11845,112747 12354,872213 0,000000
11895,112747 12354,872213 0,000000
11945,112747 12354,872213 0,000000
11995,112747 12354,872213 0,000000
12045,112747 12354,872213 0,000000
12095,112747 12354,872213 0,000000
12145,112747 12354,872213 0,000000
12195,112747 12354,872213 0,000000
12245,112747 12354,872213 0,000000
12295,112747 12354,872213 0,000000
12345,112747 12354,872213 0,000000
12395,112747 12354,872213 0,000000
12445,112747 12354,872213 0,000000
12495,112747 12354,872213 0,000000
12545,112747 12354,872213 0,000000
12595,112747 12354,872213 0,000000
12645,112747 12354,872213 0,000000
12695,112747 12354,872213 0,000000
12745,112747 12354,872213 0,000000
12795,112747 12354,872213 0,000000
12845,112747 12354,872213 0,000000
12895,112747 12354,872213 0,000000
12945,112747 12354,872213 0,000000
12995,112747 12354,872213 0,000000
13045,112747 12354,872213 0,000000
13095,112747 12354,872213 0,000000
13145,112747 12354,872213 0,000000
13195,112747 12354,872213 0,000000
13245,112747 12354,872213 0,000000
13295,112747 12354,872213 0,000000
13345,112747 12354,872213 0,000000
13395,112747 12354,872213 0,000000
13445,112747 12354,872213 0,000000
13495,112747 12354,872213 0,000000
13545,112747 12354,872213 0,000000
13595,112747 12354,872213 0,000000
13645,112747 12354,872213 0,000000
13695,112747 12354,872213 0,000000
13745,112747 12354,872213 0,000000
13795,112747 12354,872213 0,000000
13845,112747 12354,872213 0,000000
13895,112747 12354,872213 0,000000
13945,112747 12354,872213 0,000000
13995,112747 12354,872213 0,000000
6545,112747 12404,872213 0,000000
6595,112747 12404,872213 0,000000
6645,112747 12404,872213 0,000000
6695,112747 12404,872213 0,000000
6745,112747 12404,872213 0,000000
6795,112747 12404,872213 0,000000
6845,112747 12404,872213 0,000000
6895,112747 12404,872213 0,000000
6945,112747 12404,872213 0,000000
6995,112747 12404,872213 0,000000
7045,112747 12404,872213 0,000000
7095,112747 12404,872213 0,000000
7145,112747 12404,872213 0,000000
7195,112747 12404,872213 0,000000
7245,112747 12404,872213 0,000000
7295,112747 12404,872213 0,000000
7345,112747 12404,872213 0,000000
7395,112747 12404,872213 0,000000
7445,112747 12404,872213 0,000000
7495,112747 12404,872213 0,000000
7545,112747 12404,872213 0,000000
7595,112747 12404,872213 0,000000
7645,112747 12404,872213 0,000000
7695,112747 12404,872213 0,000000
7745,112747 12404,872213 0,000000
7795,112747 12404,872213 0,000000
7845,112747 12404,872213 0,000000
7895,112747 12404,872213 0,000000
7945,112747 12404,872213 0,000000
7995,112747 12404,872213 0,000000
8045,112747 12404,872213 0,000000
8095,112747 12404,872213 0,000000
8145,112747 12404,872213 0,000000
8195,112747 12404,872213 0,000000
8245,112747 12404,872213 0,000000
8295,112747 12404,872213 0,000000
8345,112747 12404,872213 0,000000
8395,112747 12404,872213 0,000000
8445,112747 12404,872213 0,000000
8495,112747 12404,872213 0,000000
8545,112747 12404,872213 0,000000
8595,112747 12404,872213 0,000000
8645,112747 12404,872213 0,000000
8695,112747 12404,872213 0,000000
8745,112747 12404,872213 0,000000
8795,112747 12404,872213 0,000000
8845,112747 12404,872213 0,000000
8895,112747 12404,872213 0,000000
8945,112747 12404,872213 0,000000
8995,112747 12404,872213 0,000000
9045,112747 12404,872213 0,000000
9095,112747 12404,872213 0,000000
9145,112747 12404,872213 0,000000
9195,112747 12404,872213 0,000000
9245,112747 12404,872213 0,000001
9295,112747 12404,872213 0,000001
9345,112747 12404,872213 0,000000
9395,112747 12404,872213 -0,000002
9445,112747 12404,872213 -0,000002
9495,112747 12404,872213 -0,000001
9545,112747 12404,872213 0,000000
9595,112747 12404,872213 0,000001
9645,112747 12404,872213 0,000001
9695,112747 12404,872213 0,000001
9745,112747 12404,872213 0,000001
9795,112747 12404,872213 0,000000
9845,112747 12404,872213 -0,000001
9895,112747 12404,872213 -0,000002
9945,112747 12404,872213 -0,000002
9995,112747 12404,872213 0,000000
10045,112747 12404,872213 0,000001
10095,112747 12404,872213 0,000001
10145,112747 12404,872213 0,000000
10195,112747 12404,872213 0,000000
10245,112747 12404,872213 0,000000
10295,112747 12404,872213 0,000000
10345,112747 12404,872213 0,000000
10395,112747 12404,872213 0,000000
10445,112747 12404,872213 0,000000
10495,112747 12404,872213 0,000000
10545,112747 12404,872213 0,000000
10595,112747 12404,872213 0,000000
10645,112747 12404,872213 0,000000
10695,112747 12404,872213 0,000000
10745,112747 12404,872213 0,000000
10795,112747 12404,872213 0,000000
10845,112747 12404,872213 0,000000
10895,112747 12404,872213 0,000000
10945,112747 12404,872213 0,000000
10995,112747 12404,872213 0,000000
11045,112747 12404,872213 0,000000
11095,112747 12404,872213 0,000000
11145,112747 12404,872213 0,000000
11195,112747 12404,872213 0,000000
11245,112747 12404,872213 0,000000
11295,112747 12404,872213 0,000000
11345,112747 12404,872213 0,000000
11395,112747 12404,872213 0,000000
11445,112747 12404,872213 0,000000
11495,112747 12404,872213 0,000000
11545,112747 12404,872213 0,000000
11595,112747 12404,872213 0,000000
11645,112747 12404,872213 0,000000
11695,112747 12404,872213 0,000000
11745,112747 12404,872213 0,000000
11795,112747 12404,872213 0,000000
11845,112747 12404,872213 0,000000
11895,112747 12404,872213 0,000000
11945,112747 12404,872213 0,000000
11995,112747 12404,872213 0,000000
12045,112747 12404,872213 0,000000
12095,112747 12404,872213 0,000000
12145,112747 12404,872213 0,000000
12195,112747 12404,872213 0,000000
12245,112747 12404,872213 0,000000
12295,112747 12404,872213 0,000000
12345,112747 12404,872213 0,000000
12395,112747 12404,872213 0,000000
12445,112747 12404,872213 0,000000
12495,112747 12404,872213 0,000000
12545,112747 12404,872213 0,000000
12595,112747 12404,872213 0,000000
12645,112747 12404,872213 0,000000
12695,112747 12404,872213 0,000000
12745,112747 12404,872213 0,000000
12795,112747 12404,872213 0,000000
12845,112747 12404,872213 0,000000
12895,112747 12404,872213 0,000000
12945,112747 12404,872213 0,000000
12995,112747 12404,872213 0,000000
13045,112747 12404,872213 0,000000
13095,112747 12404,872213 0,000000
13145,112747 12404,872213 0,000000
13195,112747 12404,872213 0,000000
13245,112747 12404,872213 0,000000
13295,112747 12404,872213 0,000000
13345,112747 12404,872213 0,000000
13395,112747 12404,872213 0,000000
13445,112747 12404,872213 0,000000
13495,112747 12404,872213 0,000000
13545,112747 12404,872213 0,000000
13595,112747 12404,872213 0,000000
13645,112747 12404,872213 0,000000
13695,112747 12404,872213 0,000000
13745,112747 12404,872213 0,000000
13795,112747 12404,872213 0,000000
13845,112747 12404,872213 0,000000
13895,112747 12404,872213 0,000000
13945,112747 12404,872213 0,000000
13995,112747 12404,872213 0,000000
6545,112747 12454,872213 0,000000
6595,112747 12454,872213 0,000000
6645,112747 12454,872213 0,000000
6695,112747 12454,872213 0,000000
6745,112747 12454,872213 0,000000
6795,112747 12454,872213 0,000000
6845,112747 12454,872213 0,000000
6895,112747 12454,872213 0,000000
6945,112747 12454,872213 0,000000
6995,112747 12454,872213 0,000000
7045,112747 12454,872213 0,000000
7095,112747 12454,872213 0,000000
7145,112747 12454,872213 0,000000
7195,112747 12454,872213 0,000000
7245,112747 12454,872213 0,000000
7295,112747 12454,872213 0,000000
7345,112747 12454,872213 0,000000
7395,112747 12454,872213 0,000000
7445,112747 12454,872213 0,000000
7495,112747 12454,872213 0,000000
7545,112747 12454,872213 0,000000
7595,112747 12454,872213 0,000000
7645,112747 12454,872213 0,000000
7695,112747 12454,872213 0,000000
7745,112747 12454,872213 0,000000
7795,112747 12454,872213 0,000000
7845,112747 12454,872213 0,000000
7895,112747 12454,872213 0,000000
7945,112747 12454,872213 0,000000
7995,112747 12454,872213 0,000000
8045,112747 12454,872213 0,000000
8095,112747 12454,872213 0,000000
8145,112747 12454,872213 0,000000
8195,112747 12454,872213 0,000000
8245,112747 12454,872213 0,000000
8295,112747 12454,872213 0,000000
8345,112747 12454,872213 0,000000
8395,112747 12454,872213 0,000000
8445,112747 12454,872213 0,000000
8495,112747 12454,872213 0,000000
8545,112747 12454,872213 0,000000
8595,112747 12454,872213 0,000000
8645,112747 12454,872213 0,000000
8695,112747 12454,872213 0,000000
8745,112747 12454,872213 0,000000
8795,112747 12454,872213 0,000000
8845,112747 12454,872213 0,000000
8895,112747 12454,872213 0,000000
8945,112747 12454,872213 0,000000
8995,112747 12454,872213 0,000000
9045,112747 12454,872213 0,000000
9095,112747 12454,872213 0,000000
9145,112747 12454,872213 0,000000
9195,112747 12454,872213 0,000000
9245,112747 12454,872213 0,000000
9295,112747 12454,872213 0,000000
9345,112747 12454,872213 0,000000
9395,112747 12454,872213 0,000000
9445,112747 12454,872213 0,000000
9495,112747 12454,872213 -0,000001
9545,112747 12454,872213 -0,000001
9595,112747 12454,872213 -0,000001
9645,112747 12454,872213 -0,000001
9695,112747 12454,872213 -0,000001
9745,112747 12454,872213 -0,000001
9795,112747 12454,872213 -0,000001
9845,112747 12454,872213 -0,000001
9895,112747 12454,872213 0,000000
9945,112747 12454,872213 0,000000
9995,112747 12454,872213 0,000000
10045,112747 12454,872213 0,000000
10095,112747 12454,872213 0,000000
10145,112747 12454,872213 0,000000
10195,112747 12454,872213 0,000000
10245,112747 12454,872213 0,000000
10295,112747 12454,872213 0,000000
10345,112747 12454,872213 0,000000
10395,112747 12454,872213 0,000000
10445,112747 12454,872213 0,000000
10495,112747 12454,872213 0,000000
10545,112747 12454,872213 0,000000
10595,112747 12454,872213 0,000000
10645,112747 12454,872213 0,000000
10695,112747 12454,872213 0,000000
10745,112747 12454,872213 0,000000
10795,112747 12454,872213 0,000000
10845,112747 12454,872213 0,000000
10895,112747 12454,872213 0,000000
10945,112747 12454,872213 0,000000
10995,112747 12454,872213 0,000000
11045,112747 12454,872213 0,000000
11095,112747 12454,872213 0,000000
11145,112747 12454,872213 0,000000
11195,112747 12454,872213 0,000000
11245,112747 12454,872213 0,000000
11295,112747 12454,872213 0,000000
11345,112747 12454,872213 0,000000
11395,112747 12454,872213 0,000000
11445,112747 12454,872213 0,000000
11495,112747 12454,872213 0,000000
11545,112747 12454,872213 0,000000
11595,112747 12454,872213 0,000000
11645,112747 12454,872213 0,000000
11695,112747 12454,872213 0,000000
11745,112747 12454,872213 0,000000
11795,112747 12454,872213 0,000000
11845,112747 12454,872213 0,000000
11895,112747 12454,872213 0,000000
11945,112747 12454,872213 0,000000
11995,112747 12454,872213 0,000000
12045,112747 12454,872213 0,000000
12095,112747 12454,872213 0,000000
12145,112747 12454,872213 0,000000
12195,112747 12454,872213 0,000000
12245,112747 12454,872213 0,000000
12295,112747 12454,872213 0,000000
12345,112747 12454,872213 0,000000
12395,112747 12454,872213 0,000000
12445,112747 12454,872213 0,000000
12495,112747 12454,872213 0,000000
12545,112747 12454,872213 0,000000
12595,112747 12454,872213 0,000000
12645,112747 12454,872213 0,000000
12695,112747 12454,872213 0,000000
12745,112747 12454,872213 0,000000
12795,112747 12454,872213 0,000000
12845,112747 12454,872213 0,000000
12895,112747 12454,872213 0,000000
12945,112747 12454,872213 0,000000
12995,112747 12454,872213 0,000000
13045,112747 12454,872213 0,000000
13095,112747 12454,872213 0,000000
13145,112747 12454,872213 0,000000
13195,112747 12454,872213 0,000000
13245,112747 12454,872213 0,000000
13295,112747 12454,872213 0,000000
13345,112747 12454,872213 0,000000
13395,112747 12454,872213 0,000000
13445,112747 12454,872213 0,000000
13495,112747 12454,872213 0,000000
13545,112747 12454,872213 0,000000
13595,112747 12454,872213 0,000000
13645,112747 12454,872213 0,000000
13695,112747 12454,872213 0,000000
13745,112747 12454,872213 0,000000
13795,112747 12454,872213 0,000000
13845,112747 12454,872213 0,000000
13895,112747 12454,872213 0,000000
13945,112747 12454,872213 0,000000
13995,112747 12454,872213 0,000000
6545,112747 12504,872213 0,000000
6595,112747 12504,872213 0,000000
6645,112747 12504,872213 0,000000
6695,112747 12504,872213 0,000000
6745,112747 12504,872213 0,000000
6795,112747 12504,872213 0,000000
6845,112747 12504,872213 0,000000
6895,112747 12504,872213 0,000000
6945,112747 12504,872213 0,000000
6995,112747 12504,872213 0,000000
7045,112747 12504,872213 0,000000
7095,112747 12504,872213 0,000000
7145,112747 12504,872213 0,000000
7195,112747 12504,872213 0,000000
7245,112747 12504,872213 0,000000
7295,112747 12504,872213 0,000000
7345,112747 12504,872213 0,000000
7395,112747 12504,872213 0,000000
7445,112747 12504,872213 0,000000
7495,112747 12504,872213 0,000000
7545,112747 12504,872213 0,000000
7595,112747 12504,872213 0,000000
7645,112747 12504,872213 0,000000
7695,112747 12504,872213 0,000000
7745,112747 12504,872213 0,000000
7795,112747 12504,872213 0,000000
7845,112747 12504,872213 0,000000
7895,112747 12504,872213 0,000000
7945,112747 12504,872213 0,000000
7995,112747 12504,872213 0,000000
8045,112747 12504,872213 0,000000
8095,112747 12504,872213 0,000000
8145,112747 12504,872213 0,000000
8195,112747 12504,872213 0,000000
8245,112747 12504,872213 0,000000
8295,112747 12504,872213 0,000000
8345,112747 12504,872213 0,000000
8395,112747 12504,872213 0,000000
8445,112747 12504,872213 0,000000
8495,112747 12504,872213 0,000000
8545,112747 12504,872213 0,000000
8595,112747 12504,872213 0,000000
8645,112747 12504,872213 0,000000
8695,112747 12504,872213 0,000000
8745,112747 12504,872213 0,000000
8795,112747 12504,872213 0,000000
8845,112747 12504,872213 0,000000
8895,112747 12504,872213 0,000000
8945,112747 12504,872213 0,000000
8995,112747 12504,872213 0,000000
9045,112747 12504,872213 0,000000
9095,112747 12504,872213 0,000000
9145,112747 12504,872213 0,000000
9195,112747 12504,872213 0,000000
9245,112747 12504,872213 0,000000
9295,112747 12504,872213 0,000000
9345,112747 12504,872213 0,000000
9395,112747 12504,872213 0,000000
9445,112747 12504,872213 0,000000
9495,112747 12504,872213 0,000000
9545,112747 12504,872213 0,000000
9595,112747 12504,872213 0,000000
9645,112747 12504,872213 0,000000
9695,112747 12504,872213 0,000000
9745,112747 12504,872213 0,000000
9795,112747 12504,872213 0,000000
9845,112747 12504,872213 0,000000
9895,112747 12504,872213 0,000000
9945,112747 12504,872213 0,000000
9995,112747 12504,872213 0,000000
10045,112747 12504,872213 0,000000
10095,112747 12504,872213 0,000000
10145,112747 12504,872213 0,000000
10195,112747 12504,872213 0,000000
10245,112747 12504,872213 0,000000
10295,112747 12504,872213 0,000000
10345,112747 12504,872213 0,000000
10395,112747 12504,872213 0,000000
10445,112747 12504,872213 0,000000
10495,112747 12504,872213 0,000000
10545,112747 12504,872213 0,000000
10595,112747 12504,872213 0,000000
10645,112747 12504,872213 0,000000
10695,112747 12504,872213 0,000000
10745,112747 12504,872213 0,000000
10795,112747 12504,872213 0,000000
10845,112747 12504,872213 0,000000
10895,112747 12504,872213 0,000000
10945,112747 12504,872213 0,000000
10995,112747 12504,872213 0,000000
11045,112747 12504,872213 0,000000
11095,112747 12504,872213 0,000000
11145,112747 12504,872213 0,000000
11195,112747 12504,872213 0,000000
11245,112747 12504,872213 0,000000
11295,112747 12504,872213 0,000000
11345,112747 12504,872213 0,000000
11395,112747 12504,872213 0,000000
11445,112747 12504,872213 0,000000
11495,112747 12504,872213 0,000000
11545,112747 12504,872213 0,000000
11595,112747 12504,872213 0,000000
11645,112747 12504,872213 0,000000
11695,112747 12504,872213 0,000000
11745,112747 12504,872213 0,000000
11795,112747 12504,872213 0,000000
11845,112747 12504,872213 0,000000
11895,112747 12504,872213 0,000000
11945,112747 12504,872213 0,000000
11995,112747 12504,872213 0,000000
12045,112747 12504,872213 0,000000
12095,112747 12504,872213 0,000000
12145,112747 12504,872213 0,000000
12195,112747 12504,872213 0,000000
12245,112747 12504,872213 0,000000
12295,112747 12504,872213 0,000000
12345,112747 12504,872213 0,000000
12395,112747 12504,872213 0,000000
12445,112747 12504,872213 0,000000
12495,112747 12504,872213 0,000000
12545,112747 12504,872213 0,000000
12595,112747 12504,872213 0,000000
12645,112747 12504,872213 0,000000
12695,112747 12504,872213 0,000000
12745,112747 12504,872213 0,000000
12795,112747 12504,872213 0,000000
12845,112747 12504,872213 0,000000
12895,112747 12504,872213 0,000000
12945,112747 12504,872213 0,000000
12995,112747 12504,872213 0,000000
13045,112747 12504,872213 0,000000
13095,112747 12504,872213 0,000000
13145,112747 12504,872213 0,000000
13195,112747 12504,872213 0,000000
13245,112747 12504,872213 0,000000
13295,112747 12504,872213 0,000000
13345,112747 12504,872213 0,000000
13395,112747 12504,872213 0,000000
13445,112747 12504,872213 0,000000
13495,112747 12504,872213 0,000000
13545,112747 12504,872213 0,000000
13595,112747 12504,872213 0,000000
13645,112747 12504,872213 0,000000
13695,112747 12504,872213 0,000000
13745,112747 12504,872213 0,000000
13795,112747 12504,872213 0,000000
13845,112747 12504,872213 0,000000
13895,112747 12504,872213 0,000000
13945,112747 12504,872213 0,000000
13995,112747 12504,872213 0,000000
6545,112747 12554,872213 0,000000
6595,112747 12554,872213 0,000000
6645,112747 12554,872213 0,000000
6695,112747 12554,872213 0,000000
6745,112747 12554,872213 0,000000
6795,112747 12554,872213 0,000000
6845,112747 12554,872213 0,000000
6895,112747 12554,872213 0,000000
6945,112747 12554,872213 0,000000
6995,112747 12554,872213 0,000000
7045,112747 12554,872213 0,000000
7095,112747 12554,872213 0,000000
7145,112747 12554,872213 0,000000
7195,112747 12554,872213 0,000000
7245,112747 12554,872213 0,000000
7295,112747 12554,872213 0,000000
7345,112747 12554,872213 0,000000
7395,112747 12554,872213 0,000000
7445,112747 12554,872213 0,000000
7495,112747 12554,872213 0,000000
7545,112747 12554,872213 0,000000
7595,112747 12554,872213 0,000000
7645,112747 12554,872213 0,000000
7695,112747 12554,872213 0,000000
7745,112747 12554,872213 0,000000
7795,112747 12554,872213 0,000000
7845,112747 12554,872213 0,000000
7895,112747 12554,872213 0,000000
7945,112747 12554,872213 0,000000
7995,112747 12554,872213 0,000000
8045,112747 12554,872213 0,000000
8095,112747 12554,872213 0,000000
8145,112747 12554,872213 0,000000
8195,112747 12554,872213 0,000000
8245,112747 12554,872213 0,000000
8295,112747 12554,872213 0,000000
8345,112747 12554,872213 0,000000
8395,112747 12554,872213 0,000000
8445,112747 12554,872213 0,000000
8495,112747 12554,872213 0,000000
8545,112747 12554,872213 0,000000
8595,112747 12554,872213 0,000000
8645,112747 12554,872213 0,000000
8695,112747 12554,872213 0,000000
8745,112747 12554,872213 0,000000
8795,112747 12554,872213 0,000000
8845,112747 12554,872213 0,000000
8895,112747 12554,872213 0,000000
8945,112747 12554,872213 0,000000
8995,112747 12554,872213 0,000000
9045,112747 12554,872213 0,000000
9095,112747 12554,872213 0,000000
9145,112747 12554,872213 0,000000
9195,112747 12554,872213 0,000000
9245,112747 12554,872213 0,000000
9295,112747 12554,872213 0,000000
9345,112747 12554,872213 0,000000
9395,112747 12554,872213 0,000000
9445,112747 12554,872213 0,000000
9495,112747 12554,872213 0,000000
9545,112747 12554,872213 0,000000
9595,112747 12554,872213 0,000000
9645,112747 12554,872213 0,000000
9695,112747 12554,872213 0,000000
9745,112747 12554,872213 0,000000
9795,112747 12554,872213 0,000000
9845,112747 12554,872213 0,000000
9895,112747 12554,872213 0,000000
9945,112747 12554,872213 0,000000
9995,112747 12554,872213 0,000000
10045,112747 12554,872213 0,000000
10095,112747 12554,872213 0,000000
10145,112747 12554,872213 0,000000
10195,112747 12554,872213 0,000000
10245,112747 12554,872213 0,000000
10295,112747 12554,872213 0,000000
10345,112747 12554,872213 0,000000
10395,112747 12554,872213 0,000000
10445,112747 12554,872213 0,000000
10495,112747 12554,872213 0,000000
10545,112747 12554,872213 0,000000
10595,112747 12554,872213 0,000000
10645,112747 12554,872213 0,000000
10695,112747 12554,872213 0,000000
10745,112747 12554,872213 0,000000
10795,112747 12554,872213 0,000000
10845,112747 12554,872213 0,000000
10895,112747 12554,872213 0,000000
10945,112747 12554,872213 0,000000
10995,112747 12554,872213 0,000000
11045,112747 12554,872213 0,000000
11095,112747 12554,872213 0,000000
11145,112747 12554,872213 0,000000
11195,112747 12554,872213 0,000000
11245,112747 12554,872213 0,000000
11295,112747 12554,872213 0,000000
11345,112747 12554,872213 0,000000
11395,112747 12554,872213 0,000000
11445,112747 12554,872213 0,000000
11495,112747 12554,872213 0,000000
11545,112747 12554,872213 0,000000
11595,112747 12554,872213 0,000000
11645,112747 12554,872213 0,000000
11695,112747 12554,872213 0,000000
11745,112747 12554,872213 0,000000
11795,112747 12554,872213 0,000000
11845,112747 12554,872213 0,000000
11895,112747 12554,872213 0,000000
11945,112747 12554,872213 0,000000
11995,112747 12554,872213 0,000000
12045,112747 12554,872213 0,000000
12095,112747 12554,872213 0,000000
12145,112747 12554,872213 0,000000
12195,112747 12554,872213 0,000000
12245,112747 12554,872213 0,000000
12295,112747 12554,872213 0,000000
12345,112747 12554,872213 0,000000
12395,112747 12554,872213 0,000000
12445,112747 12554,872213 0,000000
12495,112747 12554,872213 0,000000
12545,112747 12554,872213 0,000000
12595,112747 12554,872213 0,000000
12645,112747 12554,872213 0,000000
12695,112747 12554,872213 0,000000
12745,112747 12554,872213 0,000000
12795,112747 12554,872213 0,000000
12845,112747 12554,872213 0,000000
12895,112747 12554,872213 0,000000
12945,112747 12554,872213 0,000000
12995,112747 12554,872213 0,000000
13045,112747 12554,872213 0,000000
13095,112747 12554,872213 0,000000
13145,112747 12554,872213 0,000000
13195,112747 12554,872213 0,000000
13245,112747 12554,872213 0,000000
13295,112747 12554,872213 0,000000
13345,112747 12554,872213 0,000000
13395,112747 12554,872213 0,000000
13445,112747 12554,872213 0,000000
13495,112747 12554,872213 0,000000
13545,112747 12554,872213 0,000000
13595,112747 12554,872213 0,000000
13645,112747 12554,872213 0,000000
13695,112747 12554,872213 0,000000
13745,112747 12554,872213 0,000000
13795,112747 12554,872213 0,000000
13845,112747 12554,872213 0,000000
13895,112747 12554,872213 0,000000
13945,112747 12554,872213 0,000000
13995,112747 12554,872213 0,000000
6545,112747 12604,872213 0,000000
6595,112747 12604,872213 0,000000
6645,112747 12604,872213 0,000000
6695,112747 12604,872213 0,000000
6745,112747 12604,872213 0,000000
6795,112747 12604,872213 0,000000
6845,112747 12604,872213 0,000000
6895,112747 12604,872213 0,000000
6945,112747 12604,872213 0,000000
6995,112747 12604,872213 0,000000
7045,112747 12604,872213 0,000000
7095,112747 12604,872213 0,000000
7145,112747 12604,872213 0,000000
7195,112747 12604,872213 0,000000
7245,112747 12604,872213 0,000000
7295,112747 12604,872213 0,000000
7345,112747 12604,872213 0,000000
7395,112747 12604,872213 0,000000
7445,112747 12604,872213 0,000000
7495,112747 12604,872213 0,000000
7545,112747 12604,872213 0,000000
7595,112747 12604,872213 0,000000
7645,112747 12604,872213 0,000000
7695,112747 12604,872213 0,000000
7745,112747 12604,872213 0,000000
7795,112747 12604,872213 0,000000
7845,112747 12604,872213 0,000000
7895,112747 12604,872213 0,000000
7945,112747 12604,872213 0,000000
7995,112747 12604,872213 0,000000
8045,112747 12604,872213 0,000000
8095,112747 12604,872213 0,000000
8145,112747 12604,872213 0,000000
8195,112747 12604,872213 0,000000
8245,112747 12604,872213 0,000000
8295,112747 12604,872213 0,000000
8345,112747 12604,872213 0,000000
8395,112747 12604,872213 0,000000
8445,112747 12604,872213 0,000000
8495,112747 12604,872213 0,000000
8545,112747 12604,872213 0,000000
8595,112747 12604,872213 0,000000
8645,112747 12604,872213 0,000000
8695,112747 12604,872213 0,000000
8745,112747 12604,872213 0,000000
8795,112747 12604,872213 0,000000
8845,112747 12604,872213 0,000000
8895,112747 12604,872213 0,000000
8945,112747 12604,872213 0,000000
8995,112747 12604,872213 0,000000
9045,112747 12604,872213 0,000000
9095,112747 12604,872213 0,000000
9145,112747 12604,872213 0,000000
9195,112747 12604,872213 0,000000
9245,112747 12604,872213 0,000000
9295,112747 12604,872213 0,000000
9345,112747 12604,872213 0,000000
9395,112747 12604,872213 0,000000
9445,112747 12604,872213 0,000000
9495,112747 12604,872213 0,000000
9545,112747 12604,872213 0,000000
9595,112747 12604,872213 0,000000
9645,112747 12604,872213 0,000000
9695,112747 12604,872213 0,000000
9745,112747 12604,872213 0,000000
9795,112747 12604,872213 0,000000
9845,112747 12604,872213 0,000000
9895,112747 12604,872213 0,000000
9945,112747 12604,872213 0,000000
9995,112747 12604,872213 0,000000
10045,112747 12604,872213 0,000000
10095,112747 12604,872213 0,000000
10145,112747 12604,872213 0,000000
10195,112747 12604,872213 0,000000
10245,112747 12604,872213 0,000000
10295,112747 12604,872213 0,000000
10345,112747 12604,872213 0,000000
10395,112747 12604,872213 0,000000
10445,112747 12604,872213 0,000000
10495,112747 12604,872213 0,000000
10545,112747 12604,872213 0,000000
10595,112747 12604,872213 0,000000
10645,112747 12604,872213 0,000000
10695,112747 12604,872213 0,000000
10745,112747 12604,872213 0,000000
10795,112747 12604,872213 0,000000
10845,112747 12604,872213 0,000000
10895,112747 12604,872213 0,000000
10945,112747 12604,872213 0,000000
10995,112747 12604,872213 0,000000
11045,112747 12604,872213 0,000000
11095,112747 12604,872213 0,000000
11145,112747 12604,872213 0,000000
11195,112747 12604,872213 0,000000
11245,112747 12604,872213 0,000000
11295,112747 12604,872213 0,000000
11345,112747 12604,872213 0,000000
11395,112747 12604,872213 0,000000
11445,112747 12604,872213 0,000000
11495,112747 12604,872213 0,000000
11545,112747 12604,872213 0,000000
11595,112747 12604,872213 0,000000
11645,112747 12604,872213 0,000000
11695,112747 12604,872213 0,000000
11745,112747 12604,872213 0,000000
11795,112747 12604,872213 0,000000
11845,112747 12604,872213 0,000000
11895,112747 12604,872213 0,000000
11945,112747 12604,872213 0,000000
11995,112747 12604,872213 0,000000
12045,112747 12604,872213 0,000000
12095,112747 12604,872213 0,000000
12145,112747 12604,872213 0,000000
12195,112747 12604,872213 0,000000
12245,112747 12604,872213 0,000000
12295,112747 12604,872213 0,000000
12345,112747 12604,872213 0,000000
12395,112747 12604,872213 0,000000
12445,112747 12604,872213 0,000000
12495,112747 12604,872213 0,000000
12545,112747 12604,872213 0,000000
12595,112747 12604,872213 0,000000
12645,112747 12604,872213 0,000000
12695,112747 12604,872213 0,000000
12745,112747 12604,872213 0,000000
12795,112747 12604,872213 0,000000
12845,112747 12604,872213 0,000000
12895,112747 12604,872213 0,000000
12945,112747 12604,872213 0,000000
12995,112747 12604,872213 0,000000
13045,112747 12604,872213 0,000000
13095,112747 12604,872213 0,000000
13145,112747 12604,872213 0,000000
13195,112747 12604,872213 0,000000
13245,112747 12604,872213 0,000000
13295,112747 12604,872213 0,000000
13345,112747 12604,872213 0,000000
13395,112747 12604,872213 0,000000
13445,112747 12604,872213 0,000000
13495,112747 12604,872213 0,000000
13545,112747 12604,872213 0,000000
13595,112747 12604,872213 0,000000
13645,112747 12604,872213 0,000000
13695,112747 12604,872213 0,000000
13745,112747 12604,872213 0,000000
13795,112747 12604,872213 0,000000
13845,112747 12604,872213 0,000000
13895,112747 12604,872213 0,000000
13945,112747 12604,872213 0,000000
13995,112747 12604,872213 0,000000
6545,112747 12654,872213 0,000000
6595,112747 12654,872213 0,000000
6645,112747 12654,872213 0,000000
6695,112747 12654,872213 0,000000
6745,112747 12654,872213 0,000000
6795,112747 12654,872213 0,000000
6845,112747 12654,872213 0,000000
6895,112747 12654,872213 0,000000
6945,112747 12654,872213 0,000000
6995,112747 12654,872213 0,000000
7045,112747 12654,872213 0,000000
7095,112747 12654,872213 0,000000
7145,112747 12654,872213 0,000000
7195,112747 12654,872213 0,000000
7245,112747 12654,872213 0,000000
7295,112747 12654,872213 0,000000
7345,112747 12654,872213 0,000000
7395,112747 12654,872213 0,000000
7445,112747 12654,872213 0,000000
7495,112747 12654,872213 0,000000
7545,112747 12654,872213 0,000000
7595,112747 12654,872213 0,000000
7645,112747 12654,872213 0,000000
7695,112747 12654,872213 0,000000
7745,112747 12654,872213 0,000000
7795,112747 12654,872213 0,000000
7845,112747 12654,872213 0,000000
7895,112747 12654,872213 0,000000
7945,112747 12654,872213 0,000000
7995,112747 12654,872213 0,000000
8045,112747 12654,872213 0,000000
8095,112747 12654,872213 0,000000
8145,112747 12654,872213 0,000000
8195,112747 12654,872213 0,000000
8245,112747 12654,872213 0,000000
8295,112747 12654,872213 0,000000
8345,112747 12654,872213 0,000000
8395,112747 12654,872213 0,000000
8445,112747 12654,872213 0,000000
8495,112747 12654,872213 0,000000
8545,112747 12654,872213 0,000000
8595,112747 12654,872213 0,000000
8645,112747 12654,872213 0,000000
8695,112747 12654,872213 0,000000
8745,112747 12654,872213 0,000000
8795,112747 12654,872213 0,000000
8845,112747 12654,872213 0,000000
8895,112747 12654,872213 0,000000
8945,112747 12654,872213 0,000000
8995,112747 12654,872213 0,000000
9045,112747 12654,872213 0,000000
9095,112747 12654,872213 0,000000
9145,112747 12654,872213 0,000000
9195,112747 12654,872213 0,000000
9245,112747 12654,872213 0,000000
9295,112747 12654,872213 0,000000
9345,112747 12654,872213 0,000000
9395,112747 12654,872213 0,000000
9445,112747 12654,872213 0,000000
9495,112747 12654,872213 0,000000
9545,112747 12654,872213 0,000000
9595,112747 12654,872213 0,000000
9645,112747 12654,872213 0,000000
9695,112747 12654,872213 0,000000
9745,112747 12654,872213 0,000000
9795,112747 12654,872213 0,000000
9845,112747 12654,872213 0,000000
9895,112747 12654,872213 0,000000
9945,112747 12654,872213 0,000000
9995,112747 12654,872213 0,000000
10045,112747 12654,872213 0,000000
10095,112747 12654,872213 0,000000
10145,112747 12654,872213 0,000000
10195,112747 12654,872213 0,000000
10245,112747 12654,872213 0,000000
10295,112747 12654,872213 0,000000
10345,112747 12654,872213 0,000000
10395,112747 12654,872213 0,000000
10445,112747 12654,872213 0,000000
10495,112747 12654,872213 0,000000
10545,112747 12654,872213 0,000000
10595,112747 12654,872213 0,000000
10645,112747 12654,872213 0,000000
10695,112747 12654,872213 0,000000
10745,112747 12654,872213 0,000000
10795,112747 12654,872213 0,000000
10845,112747 12654,872213 0,000000
10895,112747 12654,872213 0,000000
10945,112747 12654,872213 0,000000
10995,112747 12654,872213 0,000000
11045,112747 12654,872213 0,000000
11095,112747 12654,872213 0,000000
11145,112747 12654,872213 0,000000
11195,112747 12654,872213 0,000000
11245,112747 12654,872213 0,000000
11295,112747 12654,872213 0,000000
11345,112747 12654,872213 0,000000
11395,112747 12654,872213 0,000000
11445,112747 12654,872213 0,000000
11495,112747 12654,872213 0,000000
11545,112747 12654,872213 0,000000
11595,112747 12654,872213 0,000000
11645,112747 12654,872213 0,000000
11695,112747 12654,872213 0,000000
11745,112747 12654,872213 0,000000
11795,112747 12654,872213 0,000000
11845,112747 12654,872213 0,000000
11895,112747 12654,872213 0,000000
11945,112747 12654,872213 0,000000
11995,112747 12654,872213 0,000000
12045,112747 12654,872213 0,000000
12095,112747 12654,872213 0,000000
12145,112747 12654,872213 0,000000
12195,112747 12654,872213 0,000000
12245,112747 12654,872213 0,000000
12295,112747 12654,872213 0,000000
12345,112747 12654,872213 0,000000
12395,112747 12654,872213 0,000000
12445,112747 12654,872213 0,000000
12495,112747 12654,872213 0,000000
12545,112747 12654,872213 0,000000
12595,112747 12654,872213 0,000000
12645,112747 12654,872213 0,000000
12695,112747 12654,872213 0,000000
12745,112747 12654,872213 0,000000
12795,112747 12654,872213 0,000000
12845,112747 12654,872213 0,000000
12895,112747 12654,872213 0,000000
12945,112747 12654,872213 0,000000
12995,112747 12654,872213 0,000000
13045,112747 12654,872213 0,000000
13095,112747 12654,872213 0,000000
13145,112747 12654,872213 0,000000
13195,112747 12654,872213 0,000000
13245,112747 12654,872213 0,000000
13295,112747 12654,872213 0,000000
13345,112747 12654,872213 0,000000
13395,112747 12654,872213 0,000000
13445,112747 12654,872213 0,000000
13495,112747 12654,872213 0,000000
13545,112747 12654,872213 0,000000
13595,112747 12654,872213 0,000000
13645,112747 12654,872213 0,000000
13695,112747 12654,872213 0,000000
13745,112747 12654,872213 0,000000
13795,112747 12654,872213 0,000000
13845,112747 12654,872213 0,000000
13895,112747 12654,872213 0,000000
13945,112747 12654,872213 0,000000
13995,112747 12654,872213 0,000000
6545,112747 12704,872213 0,000000
6595,112747 12704,872213 0,000000
6645,112747 12704,872213 0,000000
6695,112747 12704,872213 0,000000
6745,112747 12704,872213 0,000000
6795,112747 12704,872213 0,000000
6845,112747 12704,872213 0,000000
6895,112747 12704,872213 0,000000
6945,112747 12704,872213 0,000000
6995,112747 12704,872213 0,000000
7045,112747 12704,872213 0,000000
7095,112747 12704,872213 0,000000
7145,112747 12704,872213 0,000000
7195,112747 12704,872213 0,000000
7245,112747 12704,872213 0,000000
7295,112747 12704,872213 0,000000
7345,112747 12704,872213 0,000000
7395,112747 12704,872213 0,000000
7445,112747 12704,872213 0,000000
7495,112747 12704,872213 0,000000
7545,112747 12704,872213 0,000000
7595,112747 12704,872213 0,000000
7645,112747 12704,872213 0,000000
7695,112747 12704,872213 0,000000
7745,112747 12704,872213 0,000000
7795,112747 12704,872213 0,000000
7845,112747 12704,872213 0,000000
7895,112747 12704,872213 0,000000
7945,112747 12704,872213 0,000000
7995,112747 12704,872213 0,000000
8045,112747 12704,872213 0,000000
8095,112747 12704,872213 0,000000
8145,112747 12704,872213 0,000000
8195,112747 12704,872213 0,000000
8245,112747 12704,872213 0,000000
8295,112747 12704,872213 0,000000
8345,112747 12704,872213 0,000000
8395,112747 12704,872213 0,000000
8445,112747 12704,872213 0,000000
8495,112747 12704,872213 0,000000
8545,112747 12704,872213 0,000000
8595,112747 12704,872213 0,000000
8645,112747 12704,872213 0,000000
8695,112747 12704,872213 0,000000
8745,112747 12704,872213 0,000000
8795,112747 12704,872213 0,000000
8845,112747 12704,872213 0,000000
8895,112747 12704,872213 0,000000
8945,112747 12704,872213 0,000000
8995,112747 12704,872213 0,000000
9045,112747 12704,872213 0,000000
9095,112747 12704,872213 0,000000
9145,112747 12704,872213 0,000000
9195,112747 12704,872213 0,000000
9245,112747 12704,872213 0,000000
9295,112747 12704,872213 0,000000
9345,112747 12704,872213 0,000000
9395,112747 12704,872213 0,000000
9445,112747 12704,872213 0,000000
9495,112747 12704,872213 0,000000
9545,112747 12704,872213 0,000000
9595,112747 12704,872213 0,000000
9645,112747 12704,872213 0,000000
9695,112747 12704,872213 0,000000
9745,112747 12704,872213 0,000000
9795,112747 12704,872213 0,000000
9845,112747 12704,872213 0,000000
9895,112747 12704,872213 0,000000
9945,112747 12704,872213 0,000000
9995,112747 12704,872213 0,000000
10045,112747 12704,872213 0,000000
10095,112747 12704,872213 0,000000
10145,112747 12704,872213 0,000000
10195,112747 12704,872213 0,000000
10245,112747 12704,872213 0,000000
10295,112747 12704,872213 0,000000
10345,112747 12704,872213 0,000000
10395,112747 12704,872213 0,000000
10445,112747 12704,872213 0,000000
10495,112747 12704,872213 0,000000
10545,112747 12704,872213 0,000000
10595,112747 12704,872213 0,000000
10645,112747 12704,872213 0,000000
10695,112747 12704,872213 0,000000
10745,112747 12704,872213 0,000000
10795,112747 12704,872213 0,000000
10845,112747 12704,872213 0,000000
10895,112747 12704,872213 0,000000
10945,112747 12704,872213 0,000000
10995,112747 12704,872213 0,000001
11045,112747 12704,872213 0,000001
11095,112747 12704,872213 0,000000
11145,112747 12704,872213 0,000000
11195,112747 12704,872213 0,000000
11245,112747 12704,872213 -0,000001
11295,112747 12704,872213 -0,000001
11345,112747 12704,872213 0,000000
11395,112747 12704,872213 0,000000
11445,112747 12704,872213 0,000000
11495,112747 12704,872213 0,000001
11545,112747 12704,872213 0,000001
11595,112747 12704,872213 0,000000
11645,112747 12704,872213 0,000000
11695,112747 12704,872213 0,000000
11745,112747 12704,872213 0,000000
11795,112747 12704,872213 0,000000
11845,112747 12704,872213 0,000000
11895,112747 12704,872213 0,000000
11945,112747 12704,872213 0,000000
11995,112747 12704,872213 0,000000
12045,112747 12704,872213 0,000000
12095,112747 12704,872213 0,000000
12145,112747 12704,872213 0,000000
12195,112747 12704,872213 0,000000
12245,112747 12704,872213 0,000000
12295,112747 12704,872213 0,000000
12345,112747 12704,872213 0,000000
12395,112747 12704,872213 0,000000
12445,112747 12704,872213 0,000000
12495,112747 12704,872213 0,000000
12545,112747 12704,872213 0,000000
12595,112747 12704,872213 0,000000
12645,112747 12704,872213 0,000000
12695,112747 12704,872213 0,000000
12745,112747 12704,872213 0,000000
12795,112747 12704,872213 0,000000
12845,112747 12704,872213 0,000000
12895,112747 12704,872213 0,000000
12945,112747 12704,872213 0,000000
12995,112747 12704,872213 0,000000
13045,112747 12704,872213 0,000000
13095,112747 12704,872213 0,000000
13145,112747 12704,872213 0,000000
13195,112747 12704,872213 0,000000
13245,112747 12704,872213 0,000000
13295,112747 12704,872213 0,000000
13345,112747 12704,872213 0,000000
13395,112747 12704,872213 0,000000
13445,112747 12704,872213 0,000000
13495,112747 12704,872213 0,000000
13545,112747 12704,872213 0,000000
13595,112747 12704,872213 0,000000
13645,112747 12704,872213 0,000000
13695,112747 12704,872213 0,000000
13745,112747 12704,872213 0,000000
13795,112747 12704,872213 0,000000
13845,112747 12704,872213 0,000000
13895,112747 12704,872213 0,000000
13945,112747 12704,872213 0,000000
13995,112747 12704,872213 0,000000
6545,112747 12754,872213 0,000000
6595,112747 12754,872213 0,000000
6645,112747 12754,872213 0,000000
6695,112747 12754,872213 0,000000
6745,112747 12754,872213 0,000000
6795,112747 12754,872213 0,000000
6845,112747 12754,872213 0,000000
6895,112747 12754,872213 0,000000
6945,112747 12754,872213 0,000000
6995,112747 12754,872213 0,000000
7045,112747 12754,872213 0,000000
7095,112747 12754,872213 0,000000
7145,112747 12754,872213 0,000000
7195,112747 12754,872213 0,000000
7245,112747 12754,872213 0,000000
7295,112747 12754,872213 0,000000
7345,112747 12754,872213 0,000000
7395,112747 12754,872213 0,000000
7445,112747 12754,872213 0,000000
7495,112747 12754,872213 0,000000
7545,112747 12754,872213 0,000000
7595,112747 12754,872213 0,000000
7645,112747 12754,872213 0,000000
7695,112747 12754,872213 0,000000
7745,112747 12754,872213 0,000000
7795,112747 12754,872213 0,000000
7845,112747 12754,872213 0,000000
7895,112747 12754,872213 0,000000
7945,112747 12754,872213 0,000000
7995,112747 12754,872213 0,000000
8045,112747 12754,872213 0,000000
8095,112747 12754,872213 0,000000
8145,112747 12754,872213 0,000000
8195,112747 12754,872213 0,000000
8245,112747 12754,872213 0,000000
8295,112747 12754,872213 0,000000
8345,112747 12754,872213 0,000000
8395,112747 12754,872213 0,000000
8445,112747 12754,872213 0,000000
8495,112747 12754,872213 0,000000
8545,112747 12754,872213 0,000000
8595,112747 12754,872213 0,000000
8645,112747 12754,872213 0,000000
8695,112747 12754,872213 0,000000
8745,112747 12754,872213 0,000000
8795,112747 12754,872213 0,000000
8845,112747 12754,872213 0,000000
8895,112747 12754,872213 0,000000
8945,112747 12754,872213 0,000000
8995,112747 12754,872213 0,000000
9045,112747 12754,872213 0,000000
9095,112747 12754,872213 0,000000
9145,112747 12754,872213 0,000000
9195,112747 12754,872213 0,000000
9245,112747 12754,872213 0,000000
9295,112747 12754,872213 0,000000
9345,112747 12754,872213 0,000000
9395,112747 12754,872213 0,000000
9445,112747 12754,872213 0,000000
9495,112747 12754,872213 0,000000
9545,112747 12754,872213 0,000000
9595,112747 12754,872213 0,000000
9645,112747 12754,872213 0,000000
9695,112747 12754,872213 0,000000
9745,112747 12754,872213 0,000000
9795,112747 12754,872213 0,000000
9845,112747 12754,872213 0,000000
9895,112747 12754,872213 0,000000
9945,112747 12754,872213 0,000000
9995,112747 12754,872213 0,000000
10045,112747 12754,872213 0,000000
10095,112747 12754,872213 0,000000
10145,112747 12754,872213 0,000000
10195,112747 12754,872213 0,000000
10245,112747 12754,872213 0,000000
10295,112747 12754,872213 0,000000
10345,112747 12754,872213 0,000000
10395,112747 12754,872213 0,000000
10445,112747 12754,872213 0,000000
10495,112747 12754,872213 0,000000
10545,112747 12754,872213 0,000000
10595,112747 12754,872213 0,000000
10645,112747 12754,872213 0,000000
10695,112747 12754,872213 0,000000
10745,112747 12754,872213 0,000000
10795,112747 12754,872213 0,000000
10845,112747 12754,872213 -0,000001
10895,112747 12754,872213 0,000000
10945,112747 12754,872213 0,000002
10995,112747 12754,872213 0,000002
11045,112747 12754,872213 -0,000001
11095,112747 12754,872213 -0,000004
11145,112747 12754,872213 -0,000004
11195,112747 12754,872213 -0,000004
11245,112747 12754,872213 -0,000004
11295,112747 12754,872213 -0,000004
11345,112747 12754,872213 -0,000004
11395,112747 12754,872213 -0,000004
11445,112747 12754,872213 -0,000004
11495,112747 12754,872213 -0,000001
11545,112747 12754,872213 0,000002
11595,112747 12754,872213 0,000002
11645,112747 12754,872213 0,000000
11695,112747 12754,872213 -0,000001
11745,112747 12754,872213 0,000000
11795,112747 12754,872213 0,000000
11845,112747 12754,872213 0,000000
11895,112747 12754,872213 0,000000
11945,112747 12754,872213 0,000000
11995,112747 12754,872213 0,000000
12045,112747 12754,872213 0,000000
12095,112747 12754,872213 0,000000
12145,112747 12754,872213 0,000000
12195,112747 12754,872213 0,000000
12245,112747 12754,872213 0,000000
12295,112747 12754,872213 0,000000
12345,112747 12754,872213 0,000000
12395,112747 12754,872213 0,000000
12445,112747 12754,872213 0,000000
12495,112747 12754,872213 0,000000
12545,112747 12754,872213 0,000000
12595,112747 12754,872213 0,000000
12645,112747 12754,872213 0,000000
12695,112747 12754,872213 0,000000
12745,112747 12754,872213 0,000000
12795,112747 12754,872213 0,000000
12845,112747 12754,872213 0,000000
12895,112747 12754,872213 0,000000
12945,112747 12754,872213 0,000000
12995,112747 12754,872213 0,000000
13045,112747 12754,872213 0,000000
13095,112747 12754,872213 0,000000
13145,112747 12754,872213 0,000000
13195,112747 12754,872213 0,000000
13245,112747 12754,872213 0,000000
13295,112747 12754,872213 0,000000
13345,112747 12754,872213 0,000000
13395,112747 12754,872213 0,000000
13445,112747 12754,872213 0,000000
13495,112747 12754,872213 0,000000
13545,112747 12754,872213 0,000000
13595,112747 12754,872213 0,000000
13645,112747 12754,872213 0,000000
13695,112747 12754,872213 0,000000
13745,112747 12754,872213 0,000000
13795,112747 12754,872213 0,000000
13845,112747 12754,872213 0,000000
13895,112747 12754,872213 0,000000
13945,112747 12754,872213 0,000000
13995,112747 12754,872213 0,000000
6545,112747 12804,872213 0,000000
6595,112747 12804,872213 0,000000
6645,112747 12804,872213 0,000000
6695,112747 12804,872213 0,000000
6745,112747 12804,872213 0,000000
6795,112747 12804,872213 0,000000
6845,112747 12804,872213 0,000000
6895,112747 12804,872213 0,000000
6945,112747 12804,872213 0,000000
6995,112747 12804,872213 0,000000
7045,112747 12804,872213 0,000000
7095,112747 12804,872213 0,000000
7145,112747 12804,872213 0,000000
7195,112747 12804,872213 0,000000
7245,112747 12804,872213 0,000000
7295,112747 12804,872213 0,000000
7345,112747 12804,872213 0,000000
7395,112747 12804,872213 0,000000
7445,112747 12804,872213 0,000000
7495,112747 12804,872213 0,000000
7545,112747 12804,872213 0,000000
7595,112747 12804,872213 0,000000
7645,112747 12804,872213 0,000000
7695,112747 12804,872213 0,000000
7745,112747 12804,872213 0,000000
7795,112747 12804,872213 0,000000
7845,112747 12804,872213 0,000000
7895,112747 12804,872213 0,000000
7945,112747 12804,872213 0,000000
7995,112747 12804,872213 0,000000
8045,112747 12804,872213 0,000000
8095,112747 12804,872213 0,000000
8145,112747 12804,872213 0,000000
8195,112747 12804,872213 0,000000
8245,112747 12804,872213 0,000000
8295,112747 12804,872213 0,000000
8345,112747 12804,872213 0,000000
8395,112747 12804,872213 0,000000
8445,112747 12804,872213 0,000000
8495,112747 12804,872213 0,000000
8545,112747 12804,872213 0,000000
8595,112747 12804,872213 0,000000
8645,112747 12804,872213 0,000000
8695,112747 12804,872213 0,000000
8745,112747 12804,872213 0,000000
8795,112747 12804,872213 0,000000
8845,112747 12804,872213 0,000000
8895,112747 12804,872213 0,000000
8945,112747 12804,872213 0,000000
8995,112747 12804,872213 0,000000
9045,112747 12804,872213 0,000000
9095,112747 12804,872213 0,000000
9145,112747 12804,872213 0,000000
9195,112747 12804,872213 0,000000
9245,112747 12804,872213 0,000000
9295,112747 12804,872213 0,000000
9345,112747 12804,872213 0,000000
9395,112747 12804,872213 0,000000
9445,112747 12804,872213 0,000000
9495,112747 12804,872213 0,000000
9545,112747 12804,872213 0,000000
9595,112747 12804,872213 0,000000
9645,112747 12804,872213 0,000000
9695,112747 12804,872213 0,000000
9745,112747 12804,872213 0,000000
9795,112747 12804,872213 0,000000
9845,112747 12804,872213 0,000000
9895,112747 12804,872213 0,000000
9945,112747 12804,872213 0,000000
9995,112747 12804,872213 0,000000
10045,112747 12804,872213 0,000000
10095,112747 12804,872213 0,000000
10145,112747 12804,872213 0,000000
10195,112747 12804,872213 0,000000
10245,112747 12804,872213 0,000000
10295,112747 12804,872213 0,000000
10345,112747 12804,872213 0,000000
10395,112747 12804,872213 0,000000
10445,112747 12804,872213 0,000000
10495,112747 12804,872213 0,000000
10545,112747 12804,872213 0,000000
10595,112747 12804,872213 0,000000
10645,112747 12804,872213 0,000000
10695,112747 12804,872213 0,000000
10745,112747 12804,872213 0,000000
10795,112747 12804,872213 -0,000001
10845,112747 12804,872213 0,000001
10895,112747 12804,872213 0,000004
10945,112747 12804,872213 0,000003
10995,112747 12804,872213 -0,000006
11045,112747 12804,872213 -0,000014
11095,112747 12804,872213 -0,000011
11145,112747 12804,872213 -0,000001
11195,112747 12804,872213 0,000005
11245,112747 12804,872213 0,000008
11295,112747 12804,872213 0,000008
11345,112747 12804,872213 0,000005
11395,112747 12804,872213 -0,000001
11445,112747 12804,872213 -0,000011
11495,112747 12804,872213 -0,000014
11545,112747 12804,872213 -0,000006
11595,112747 12804,872213 0,000003
11645,112747 12804,872213 0,000004
11695,112747 12804,872213 0,000001
11745,112747 12804,872213 -0,000001
11795,112747 12804,872213 0,000000
11845,112747 12804,872213 0,000000
11895,112747 12804,872213 0,000000
11945,112747 12804,872213 0,000000
11995,112747 12804,872213 0,000000
12045,112747 12804,872213 0,000000
12095,112747 12804,872213 0,000000
12145,112747 12804,872213 0,000000
12195,112747 12804,872213 0,000000
12245,112747 12804,872213 0,000000
12295,112747 12804,872213 0,000000
12345,112747 12804,872213 0,000000
12395,112747 12804,872213 0,000000
12445,112747 12804,872213 0,000000
12495,112747 12804,872213 0,000000
12545,112747 12804,872213 0,000000
12595,112747 12804,872213 0,000000
12645,112747 12804,872213 0,000000
12695,112747 12804,872213 0,000000
12745,112747 12804,872213 0,000000
12795,112747 12804,872213 0,000000
12845,112747 12804,872213 0,000000
12895,112747 12804,872213 0,000000
12945,112747 12804,872213 0,000000
12995,112747 12804,872213 0,000000
13045,112747 12804,872213 0,000000
13095,112747 12804,872213 0,000000
13145,112747 12804,872213 0,000000
13195,112747 12804,872213 0,000000
13245,112747 12804,872213 0,000000
13295,112747 12804,872213 0,000000
13345,112747 12804,872213 0,000000
13395,112747 12804,872213 0,000000
13445,112747 12804,872213 0,000000
13495,112747 12804,872213 0,000000
13545,112747 12804,872213 0,000000
13595,112747 12804,872213 0,000000
13645,112747 12804,872213 0,000000
13695,112747 12804,872213 0,000000
13745,112747 12804,872213 0,000000
13795,112747 12804,872213 0,000000
13845,112747 12804,872213 0,000000
13895,112747 12804,872213 0,000000
13945,112747 12804,872213 0,000000
13995,112747 12804,872213 0,000000
6545,112747 12854,872213 0,000000
6595,112747 12854,872213 0,000000
6645,112747 12854,872213 0,000000
6695,112747 12854,872213 0,000000
6745,112747 12854,872213 0,000000
6795,112747 12854,872213 0,000000
6845,112747 12854,872213 0,000000
6895,112747 12854,872213 0,000000
6945,112747 12854,872213 0,000000
6995,112747 12854,872213 0,000000
7045,112747 12854,872213 0,000000
7095,112747 12854,872213 0,000000
7145,112747 12854,872213 0,000000
7195,112747 12854,872213 0,000000
7245,112747 12854,872213 0,000000
7295,112747 12854,872213 0,000000
7345,112747 12854,872213 0,000000
7395,112747 12854,872213 0,000000
7445,112747 12854,872213 0,000000
7495,112747 12854,872213 0,000000
7545,112747 12854,872213 0,000000
7595,112747 12854,872213 0,000000
7645,112747 12854,872213 0,000000
7695,112747 12854,872213 0,000000
7745,112747 12854,872213 0,000000
7795,112747 12854,872213 0,000000
7845,112747 12854,872213 0,000000
7895,112747 12854,872213 0,000000
7945,112747 12854,872213 0,000000
7995,112747 12854,872213 0,000000
8045,112747 12854,872213 0,000000
8095,112747 12854,872213 0,000000
8145,112747 12854,872213 0,000000
8195,112747 12854,872213 0,000000
8245,112747 12854,872213 0,000000
8295,112747 12854,872213 0,000000
8345,112747 12854,872213 0,000000
8395,112747 12854,872213 0,000000
8445,112747 12854,872213 0,000000
8495,112747 12854,872213 0,000000
8545,112747 12854,872213 0,000000
8595,112747 12854,872213 0,000000
8645,112747 12854,872213 0,000000
8695,112747 12854,872213 0,000000
8745,112747 12854,872213 0,000000
8795,112747 12854,872213 0,000000
8845,112747 12854,872213 0,000000
8895,112747 12854,872213 0,000000
8945,112747 12854,872213 0,000000
8995,112747 12854,872213 0,000000
9045,112747 12854,872213 0,000000
9095,112747 12854,872213 0,000000
9145,112747 12854,872213 0,000000
9195,112747 12854,872213 0,000000
9245,112747 12854,872213 0,000000
9295,112747 12854,872213 0,000000
9345,112747 12854,872213 0,000000
9395,112747 12854,872213 0,000000
9445,112747 12854,872213 0,000000
9495,112747 12854,872213 0,000000
9545,112747 12854,872213 0,000000
9595,112747 12854,872213 0,000000
9645,112747 12854,872213 0,000000
9695,112747 12854,872213 0,000000
9745,112747 12854,872213 0,000000
9795,112747 12854,872213 0,000000
9845,112747 12854,872213 0,000000
9895,112747 12854,872213 0,000000
9945,112747 12854,872213 0,000000
9995,112747 12854,872213 0,000000
10045,112747 12854,872213 0,000000
10095,112747 12854,872213 0,000000
10145,112747 12854,872213 0,000000
10195,112747 12854,872213 0,000000
10245,112747 12854,872213 0,000000
10295,112747 12854,872213 0,000000
10345,112747 12854,872213 0,000000
10395,112747 12854,872213 0,000000
10445,112747 12854,872213 0,000000
10495,112747 12854,872213 0,000000
10545,112747 12854,872213 0,000000
10595,112747 12854,872213 0,000000
10645,112747 12854,872213 0,000000
10695,112747 12854,872213 0,000000
10745,112747 12854,872213 -0,000001
10795,112747 12854,872213 0,000001
10845,112747 12854,872213 0,000006
10895,112747 12854,872213 0,000003
10945,112747 12854,872213 -0,000016
10995,112747 12854,872213 -0,000033
11045,112747 12854,872213 -0,000010
11095,112747 12854,872213 0,000041
11145,112747 12854,872213 0,000065
11195,112747 12854,872213 0,000060
11245,112747 12854,872213 0,000055
11295,112747 12854,872213 0,000055
11345,112747 12854,872213 0,000060
11395,112747 12854,872213 0,000065
11445,112747 12854,872213 0,000041
11495,112747 12854,872213 -0,000010
11545,112747 12854,872213 -0,000033
11595,112747 12854,872213 -0,000016
11645,112747 12854,872213 0,000003
11695,112747 12854,872213 0,000006
11745,112747 12854,872213 0,000001
11795,112747 12854,872213 -0,000001
11845,112747 12854,872213 0,000000
11895,112747 12854,872213 0,000000
11945,112747 12854,872213 0,000000
11995,112747 12854,872213 0,000000
12045,112747 12854,872213 0,000000
12095,112747 12854,872213 0,000000
12145,112747 12854,872213 0,000000
12195,112747 12854,872213 0,000000
12245,112747 12854,872213 0,000000
12295,112747 12854,872213 0,000000
12345,112747 12854,872213 0,000000
12395,112747 12854,872213 0,000000
12445,112747 12854,872213 0,000000
12495,112747 12854,872213 0,000000
12545,112747 12854,872213 0,000000
12595,112747 12854,872213 0,000000
12645,112747 12854,872213 0,000000
12695,112747 12854,872213 0,000000
12745,112747 12854,872213 0,000000
12795,112747 12854,872213 0,000000
12845,112747 12854,872213 0,000000
12895,112747 12854,872213 0,000000
12945,112747 12854,872213 0,000000
12995,112747 12854,872213 0,000000
13045,112747 12854,872213 0,000000
13095,112747 12854,872213 0,000000
13145,112747 12854,872213 0,000000
13195,112747 12854,872213 0,000000
13245,112747 12854,872213 0,000000
13295,112747 12854,872213 0,000000
13345,112747 12854,872213 0,000000
13395,112747 12854,872213 0,000000
13445,112747 12854,872213 0,000000
13495,112747 12854,872213 0,000000
13545,112747 12854,872213 0,000000
13595,112747 12854,872213 0,000000
13645,112747 12854,872213 0,000000
13695,112747 12854,872213 0,000000
13745,112747 12854,872213 0,000000
13795,112747 12854,872213 0,000000
13845,112747 12854,872213 0,000000
13895,112747 12854,872213 0,000000
13945,112747 12854,872213 0,000000
13995,112747 12854,872213 0,000000
6545,112747 12904,872213 0,000000
6595,112747 12904,872213 0,000000
6645,112747 12904,872213 0,000000
6695,112747 12904,872213 0,000000
6745,112747 12904,872213 0,000000
6795,112747 12904,872213 0,000000
6845,112747 12904,872213 0,000000
6895,112747 12904,872213 0,000000
6945,112747 12904,872213 0,000000
6995,112747 12904,872213 0,000000
7045,112747 12904,872213 0,000000
7095,112747 12904,872213 0,000000
7145,112747 12904,872213 0,000000
7195,112747 12904,872213 0,000000
7245,112747 12904,872213 0,000000
7295,112747 12904,872213 0,000000
7345,112747 12904,872213 0,000000
7395,112747 12904,872213 0,000000
7445,112747 12904,872213 0,000000
7495,112747 12904,872213 0,000000
7545,112747 12904,872213 0,000000
7595,112747 12904,872213 0,000000
7645,112747 12904,872213 0,000000
7695,112747 12904,872213 0,000000
7745,112747 12904,872213 0,000000
7795,112747 12904,872213 0,000000
7845,112747 12904,872213 0,000000
7895,112747 12904,872213 0,000000
7945,112747 12904,872213 0,000000
7995,112747 12904,872213 0,000000
8045,112747 12904,872213 0,000000
8095,112747 12904,872213 0,000000
8145,112747 12904,872213 0,000000
8195,112747 12904,872213 0,000000
8245,112747 12904,872213 0,000000
8295,112747 12904,872213 0,000000
8345,112747 12904,872213 0,000000
8395,112747 12904,872213 0,000000
8445,112747 12904,872213 0,000000
8495,112747 12904,872213 0,000000
8545,112747 12904,872213 0,000000
8595,112747 12904,872213 0,000000
8645,112747 12904,872213 0,000000
8695,112747 12904,872213 0,000000
8745,112747 12904,872213 0,000000
8795,112747 12904,872213 0,000000
8845,112747 12904,872213 0,000000
8895,112747 12904,872213 0,000000
8945,112747 12904,872213 0,000000
8995,112747 12904,872213 0,000000
9045,112747 12904,872213 0,000000
9095,112747 12904,872213 0,000000
9145,112747 12904,872213 0,000000
9195,112747 12904,872213 0,000000
9245,112747 12904,872213 0,000000
9295,112747 12904,872213 0,000000
9345,112747 12904,872213 0,000000
9395,112747 12904,872213 0,000000
9445,112747 12904,872213 0,000000
9495,112747 12904,872213 0,000000
9545,112747 12904,872213 0,000000
9595,112747 12904,872213 0,000000
9645,112747 12904,872213 0,000000
9695,112747 12904,872213 0,000000
9745,112747 12904,872213 0,000000
9795,112747 12904,872213 0,000000
9845,112747 12904,872213 0,000000
9895,112747 12904,872213 0,000000
9945,112747 12904,872213 0,000000
9995,112747 12904,872213 0,000000
10045,112747 12904,872213 0,000000
10095,112747 12904,872213 0,000000
10145,112747 12904,872213 0,000000
10195,112747 12904,872213 0,000000
10245,112747 12904,872213 0,000000
10295,112747 12904,872213 0,000000
10345,112747 12904,872213 0,000000
10395,112747 12904,872213 0,000000
10445,112747 12904,872213 0,000000
10495,112747 12904,872213 0,000000
10545,112747 12904,872213 0,000000
10595,112747 12904,872213 0,000000
10645,112747 12904,872213 0,000000
10695,112747 12904,872213 -0,000001
10745,112747 12904,872213 0,000001
10795,112747 12904,872213 0,000007
10845,112747 12904,872213 0,000003
10895,112747 12904,872213 -0,000027
10945,112747 12904,872213 -0,000054
10995,112747 12904,872213 0,000010
11045,112747 12904,872213 0,000159
11095,112747 12904,872213 0,000201
11145,112747 12904,872213 0,000061
11195,112747 12904,872213 -0,000070
11245,112747 12904,872213 -0,000118
11295,112747 12904,872213 -0,000118
11345,112747 12904,872213 -0,000070
11395,112747 12904,872213 0,000061
11445,112747 12904,872213 0,000201
11495,112747 12904,872213 0,000159
11545,112747 12904,872213 0,000010
11595,112747 12904,872213 -0,000054
11645,112747 12904,872213 -0,000027
11695,112747 12904,872213 0,000003
11745,112747 12904,872213 0,000007
11795,112747 12904,872213 0,000001
11845,112747 12904,872213 -0,000001
11895,112747 12904,872213 0,000000
11945,112747 12904,872213 0,000000
11995,112747 12904,872213 0,000000
12045,112747 12904,872213 0,000000
12095,112747 12904,872213 0,000000
12145,112747 12904,872213 0,000000
12195,112747 12904,872213 0,000000
12245,112747 12904,872213 0,000000
12295,112747 12904,872213 0,000000
12345,112747 12904,872213 0,000000
12395,112747 12904,872213 0,000000
12445,112747 12904,872213 0,000000
12495,112747 12904,872213 0,000000
12545,112747 12904,872213 0,000000
12595,112747 12904,872213 0,000000
12645,112747 12904,872213 0,000000
12695,112747 12904,872213 0,000000
12745,112747 12904,872213 0,000000
12795,112747 12904,872213 0,000000
12845,112747 12904,872213 0,000000
12895,112747 12904,872213 0,000000
12945,112747 12904,872213 0,000000
12995,112747 12904,872213 0,000000
13045,112747 12904,872213 0,000000
13095,112747 12904,872213 0,000000
13145,112747 12904,872213 0,000000
13195,112747 12904,872213 0,000000
13245,112747 12904,872213 0,000000
13295,112747 12904,872213 0,000000
13345,112747 12904,872213 0,000000
13395,112747 12904,872213 0,000000
13445,112747 12904,872213 0,000000
13495,112747 12904,872213 0,000000
13545,112747 12904,872213 0,000000
13595,112747 12904,872213 0,000000
13645,112747 12904,872213 0,000000
13695,112747 12904,872213 0,000000
13745,112747 12904,872213 0,000000
13795,112747 12904,872213 0,000000
13845,112747 12904,872213 0,000000
13895,112747 12904,872213 0,000000
13945,112747 12904,872213 0,000000
13995,112747 12904,872213 0,000000
6545,112747 12954,872213 0,000000
6595,112747 12954,872213 0,000000
6645,112747 12954,872213 0,000000
6695,112747 12954,872213 0,000000
6745,112747 12954,872213 0,000000
6795,112747 12954,872213 0,000000
6845,112747 12954,872213 0,000000
6895,112747 12954,872213 0,000000
6945,112747 12954,872213 0,000000
6995,112747 12954,872213 0,000000
7045,112747 12954,872213 0,000000
7095,112747 12954,872213 0,000000
7145,112747 12954,872213 0,000000
7195,112747 12954,872213 0,000000
7245,112747 12954,872213 0,000000
7295,112747 12954,872213 0,000000
7345,112747 12954,872213 0,000000
7395,112747 12954,872213 0,000000
7445,112747 12954,872213 0,000000
7495,112747 12954,872213 0,000000
7545,112747 12954,872213 0,000000
7595,112747 12954,872213 0,000000
7645,112747 12954,872213 0,000000
7695,112747 12954,872213 0,000000
7745,112747 12954,872213 0,000000
7795,112747 12954,872213 0,000000
7845,112747 12954,872213 0,000000
7895,112747 12954,872213 0,000000
7945,112747 12954,872213 0,000000
7995,112747 12954,872213 0,000000
8045,112747 12954,872213 0,000000
8095,112747 12954,872213 0,000000
8145,112747 12954,872213 0,000000
8195,112747 12954,872213 0,000000
8245,112747 12954,872213 0,000000
8295,112747 12954,872213 0,000000
8345,112747 12954,872213 0,000000
8395,112747 12954,872213 0,000000
8445,112747 12954,872213 0,000000
8495,112747 12954,872213 0,000000
8545,112747 12954,872213 0,000000
8595,112747 12954,872213 0,000000
8645,112747 12954,872213 0,000000
8695,112747 12954,872213 0,000000
8745,112747 12954,872213 0,000000
8795,112747 12954,872213 0,000000
8845,112747 12954,872213 0,000000
8895,112747 12954,872213 0,000000
8945,112747 12954,872213 0,000000
8995,112747 12954,872213 0,000000
9045,112747 12954,872213 0,000000
9095,112747 12954,872213 0,000000
9145,112747 12954,872213 0,000000
9195,112747 12954,872213 0,000000
9245,112747 12954,872213 0,000000
9295,112747 12954,872213 0,000000
9345,112747 12954,872213 0,000000
9395,112747 12954,872213 0,000000
9445,112747 12954,872213 0,000000
9495,112747 12954,872213 0,000000
9545,112747 12954,872213 0,000000
9595,112747 12954,872213 0,000000
9645,112747 12954,872213 0,000000
9695,112747 12954,872213 0,000000
9745,112747 12954,872213 0,000000
9795,112747 12954,872213 0,000000
9845,112747 12954,872213 0,000000
9895,112747 12954,872213 0,000000
9945,112747 12954,872213 0,000000
9995,112747 12954,872213 0,000000
10045,112747 12954,872213 0,000000
10095,112747 12954,872213 0,000000
10145,112747 12954,872213 0,000000
10195,112747 12954,872213 0,000000
10245,112747 12954,872213 0,000000
10295,112747 12954,872213 0,000000
10345,112747 12954,872213 0,000000
10395,112747 12954,872213 0,000000
10445,112747 12954,872213 0,000000
10495,112747 12954,872213 0,000000
10545,112747 12954,872213 0,000000
10595,112747 12954,872213 0,000000
10645,112747 12954,872213 -0,000001
10695,112747 12954,872213 0,000001
10745,112747 12954,872213 0,000006
10795,112747 12954,872213 0,000003
10845,112747 12954,872213 -0,000032
10895,112747 12954,872213 -0,000068
10945,112747 12954,872213 0,000042
10995,112747 12954,872213 0,000336
11045,112747 12954,872213 0,000370
11095,112747 12954,872213 -0,000269
11145,112747 12954,872213 -0,000948
11195,112747 12954,872213 -0,000977
11245,112747 12954,872213 -0,000845
11295,112747 12954,872213 -0,000845
11345,112747 12954,872213 -0,000977
11395,112747 12954,872213 -0,000948
11445,112747 12954,872213 -0,000269
11495,112747 12954,872213 0,000370
11545,112747 12954,872213 0,000336
11595,112747 12954,872213 0,000042
11645,112747 12954,872213 -0,000068
11695,112747 12954,872213 -0,000032
11745,112747 12954,872213 0,000003
11795,112747 12954,872213 0,000006
11845,112747 12954,872213 0,000001
11895,112747 12954,872213 -0,000001
11945,112747 12954,872213 0,000000
11995,112747 12954,872213 0,000000
12045,112747 12954,872213 0,000000
12095,112747 12954,872213 0,000000
12145,112747 12954,872213 0,000000
12195,112747 12954,872213 0,000000
12245,112747 12954,872213 0,000000
12295,112747 12954,872213 0,000000
12345,112747 12954,872213 0,000000
12395,112747 12954,872213 0,000000
12445,112747 12954,872213 0,000000
12495,112747 12954,872213 0,000000
12545,112747 12954,872213 0,000000
12595,112747 12954,872213 0,000000
12645,112747 12954,872213 0,000000
12695,112747 12954,872213 0,000000
12745,112747 12954,872213 0,000000
12795,112747 12954,872213 0,000000
12845,112747 12954,872213 0,000000
12895,112747 12954,872213 0,000000
12945,112747 12954,872213 0,000000
12995,112747 12954,872213 0,000000
13045,112747 12954,872213 0,000000
13095,112747 12954,872213 0,000000
13145,112747 12954,872213 0,000000
13195,112747 12954,872213 0,000000
13245,112747 12954,872213 0,000000
13295,112747 12954,872213 0,000000
13345,112747 12954,872213 0,000000
13395,112747 12954,872213 0,000000
13445,112747 12954,872213 0,000000
13495,112747 12954,872213 0,000000
13545,112747 12954,872213 0,000000
13595,112747 12954,872213 0,000000
13645,112747 12954,872213 0,000000
13695,112747 12954,872213 0,000000
13745,112747 12954,872213 0,000000
13795,112747 12954,872213 0,000000
13845,112747 12954,872213 0,000000
13895,112747 12954,872213 0,000000
13945,112747 12954,872213 0,000000
13995,112747 12954,872213 0,000000
6545,112747 13004,872213 0,000000
6595,112747 13004,872213 0,000000
6645,112747 13004,872213 0,000000
6695,112747 13004,872213 0,000000
6745,112747 13004,872213 0,000000
6795,112747 13004,872213 0,000000
6845,112747 13004,872213 0,000000
6895,112747 13004,872213 0,000000
6945,112747 13004,872213 0,000000
6995,112747 13004,872213 0,000000
7045,112747 13004,872213 0,000000
7095,112747 13004,872213 0,000000
7145,112747 13004,872213 0,000000
7195,112747 13004,872213 0,000000
7245,112747 13004,872213 0,000000
7295,112747 13004,872213 0,000000
7345,112747 13004,872213 0,000000
7395,112747 13004,872213 0,000000
7445,112747 13004,872213 0,000000
7495,112747 13004,872213 0,000000
7545,112747 13004,872213 0,000000
7595,112747 13004,872213 0,000000
7645,112747 13004,872213 0,000000
7695,112747 13004,872213 0,000000
7745,112747 13004,872213 0,000000
7795,112747 13004,872213 0,000000
7845,112747 13004,872213 0,000000
7895,112747 13004,872213 0,000000
7945,112747 13004,872213 0,000000
7995,112747 13004,872213 0,000000
8045,112747 13004,872213 0,000000
8095,112747 13004,872213 0,000000
8145,112747 13004,872213 0,000000
8195,112747 13004,872213 0,000000
8245,112747 13004,872213 0,000000
8295,112747 13004,872213 0,000000
8345,112747 13004,872213 0,000000
8395,112747 13004,872213 0,000000
8445,112747 13004,872213 0,000000
8495,112747 13004,872213 0,000000
8545,112747 13004,872213 0,000000
8595,112747 13004,872213 0,000000
8645,112747 13004,872213 0,000000
8695,112747 13004,872213 0,000000
8745,112747 13004,872213 0,000000
8795,112747 13004,872213 0,000000
8845,112747 13004,872213 0,000000
8895,112747 13004,872213 0,000000
8945,112747 13004,872213 0,000000
8995,112747 13004,872213 0,000000
9045,112747 13004,872213 0,000000
9095,112747 13004,872213 0,000000
9145,112747 13004,872213 0,000000
9195,112747 13004,872213 0,000000
9245,112747 13004,872213 0,000000
9295,112747 13004,872213 0,000000
9345,112747 13004,872213 0,000000
9395,112747 13004,872213 0,000000
9445,112747 13004,872213 0,000000
9495,112747 13004,872213 0,000000
9545,112747 13004,872213 0,000000
9595,112747 13004,872213 0,000000
9645,112747 13004,872213 0,000000
9695,112747 13004,872213 0,000000
9745,112747 13004,872213 0,000000
9795,112747 13004,872213 0,000000
9845,112747 13004,872213 0,000000
9895,112747 13004,872213 0,000000
9945,112747 13004,872213 0,000000
9995,112747 13004,872213 0,000000
10045,112747 13004,872213 0,000000
10095,112747 13004,872213 0,000000
10145,112747 13004,872213 0,000000
10195,112747 13004,872213 0,000000
10245,112747 13004,872213 0,000000
10295,112747 13004,872213 0,000000
10345,112747 13004,872213 0,000000
10395,112747 13004,872213 0,000000
10445,112747 13004,872213 0,000000
10495,112747 13004,872213 0,000000
10545,112747 13004,872213 0,000000
10595,112747 13004,872213 0,000000
10645,112747 13004,872213 0,000000
10695,112747 13004,872213 0,000004
10745,112747 13004,872213 0,000003
10795,112747 13004,872213 -0,000027
10845,112747 13004,872213 -0,000068
10895,112747 13004,872213 0,000057
10945,112747 13004,872213 0,000475
10995,112747 13004,872213 0,000493
11045,112747 13004,872213 -0,001041
11095,112747 13004,872213 -0,002939
11145,112747 13004,872213 -0,001978
11195,112747 13004,872213 0,000770
11245,112747 13004,872213 0,001869
11295,112747 13004,872213 0,001869
11345,112747 13004,872213 0,000770
11395,112747 13004,872213 -0,001978
11445,112747 13004,872213 -0,002939
11495,112747 13004,872213 -0,001041
11545,112747 13004,872213 0,000493
11595,112747 13004,872213 0,000475
11645,112747 13004,872213 0,000057
11695,112747 13004,872213 -0,000068
11745,112747 13004,872213 -0,000027
11795,112747 13004,872213 0,000003
11845,112747 13004,872213 0,000004
11895,112747 13004,872213 0,000000
11945,112747 13004,872213 0,000000
11995,112747 13004,872213 0,000000
12045,112747 13004,872213 0,000000
12095,112747 13004,872213 0,000000
12145,112747 13004,872213 0,000000
12195,112747 13004,872213 0,000000
12245,112747 13004,872213 0,000000
12295,112747 13004,872213 0,000000
12345,112747 13004,872213 0,000000
12395,112747 13004,872213 0,000000
12445,112747 13004,872213 0,000000
12495,112747 13004,872213 0,000000
12545,112747 13004,872213 0,000000
12595,112747 13004,872213 0,000000
12645,112747 13004,872213 0,000000
12695,112747 13004,872213 0,000000
12745,112747 13004,872213 0,000000
12795,112747 13004,872213 0,000000
12845,112747 13004,872213 0,000000
12895,112747 13004,872213 0,000000
12945,112747 13004,872213 0,000000
12995,112747 13004,872213 0,000000
13045,112747 13004,872213 0,000000
13095,112747 13004,872213 0,000000
13145,112747 13004,872213 0,000000
13195,112747 13004,872213 0,000000
13245,112747 13004,872213 0,000000
13295,112747 13004,872213 0,000000
13345,112747 13004,872213 0,000000
13395,112747 13004,872213 0,000000
13445,112747 13004,872213 0,000000
13495,112747 13004,872213 0,000000
13545,112747 13004,872213 0,000000
13595,112747 13004,872213 0,000000
13645,112747 13004,872213 0,000000
13695,112747 13004,872213 0,000000
13745,112747 13004,872213 0,000000
13795,112747 13004,872213 0,000000
13845,112747 13004,872213 0,000000
13895,112747 13004,872213 0,000000
13945,112747 13004,872213 0,000000
13995,112747 13004,872213 0,000000
6545,112747 13054,872213 0,000000
6595,112747 13054,872213 0,000000
6645,112747 13054,872213 0,000000
6695,112747 13054,872213 0,000000
6745,112747 13054,872213 0,000000
6795,112747 13054,872213 0,000000
6845,112747 13054,872213 0,000000
6895,112747 13054,872213 0,000000
6945,112747 13054,872213 0,000000
6995,112747 13054,872213 0,000000
7045,112747 13054,872213 0,000000
7095,112747 13054,872213 0,000000
7145,112747 13054,872213 0,000000
7195,112747 13054,872213 0,000000
7245,112747 13054,872213 0,000000
7295,112747 13054,872213 0,000000
7345,112747 13054,872213 0,000000
7395,112747 13054,872213 0,000000
7445,112747 13054,872213 0,000000
7495,112747 13054,872213 0,000000
7545,112747 13054,872213 0,000000
7595,112747 13054,872213 0,000000
7645,112747 13054,872213 0,000000
7695,112747 13054,872213 0,000000
7745,112747 13054,872213 0,000000
7795,112747 13054,872213 0,000000
7845,112747 13054,872213 0,000000
7895,112747 13054,872213 0,000000
7945,112747 13054,872213 0,000000
7995,112747 13054,872213 0,000000
8045,112747 13054,872213 0,000000
8095,112747 13054,872213 0,000000
8145,112747 13054,872213 0,000000
8195,112747 13054,872213 0,000000
8245,112747 13054,872213 0,000000
8295,112747 13054,872213 0,000000
8345,112747 13054,872213 0,000000
8395,112747 13054,872213 0,000000
8445,112747 13054,872213 0,000000
8495,112747 13054,872213 0,000000
8545,112747 13054,872213 0,000000
8595,112747 13054,872213 0,000000
8645,112747 13054,872213 0,000000
8695,112747 13054,872213 0,000000
8745,112747 13054,872213 0,000000
8795,112747 13054,872213 0,000000
8845,112747 13054,872213 0,000000
8895,112747 13054,872213 0,000000
8945,112747 13054,872213 0,000000
8995,112747 13054,872213 0,000000
9045,112747 13054,872213 0,000000
9095,112747 13054,872213 0,000000
9145,112747 13054,872213 0,000000
9195,112747 13054,872213 0,000000
9245,112747 13054,872213 0,000000
9295,112747 13054,872213 0,000000
9345,112747 13054,872213 0,000000
9395,112747 13054,872213 0,000000
9445,112747 13054,872213 0,000000
9495,112747 13054,872213 0,000000
9545,112747 13054,872213 0,000000
9595,112747 13054,872213 0,000000
9645,112747 13054,872213 0,000000
9695,112747 13054,872213 0,000000
9745,112747 13054,872213 0,000000
9795,112747 13054,872213 0,000000
9845,112747 13054,872213 0,000000
9895,112747 13054,872213 0,000000
9945,112747 13054,872213 0,000000
9995,112747 13054,872213 0,000000
10045,112747 13054,872213 0,000000
10095,112747 13054,872213 0,000000
10145,112747 13054,872213 0,000000
10195,112747 13054,872213 0,000000
10245,112747 13054,872213 0,000000
10295,112747 13054,872213 0,000000
10345,112747 13054,872213 0,000000
10395,112747 13054,872213 0,000000
10445,112747 13054,872213 0,000000
10495,112747 13054,872213 0,000000
10545,112747 13054,872213 0,000000
10595,112747 13054,872213 0,000000
10645,112747 13054,872213 0,000002
10695,112747 13054,872213 0,000003
10745,112747 13054,872213 -0,000016
10795,112747 13054,872213 -0,000054
10845,112747 13054,872213 0,000042
10895,112747 13054,872213 0,000475
10945,112747 13054,872213 0,000535
10995,112747 13054,872213 -0,001771
11045,112747 13054,872213 -0,005275
11095,112747 13054,872213 -0,001683
11145,112747 13054,872213 0,010783
11195,112747 13054,872213 0,016555
11245,112747 13054,872213 0,013578
11295,112747 13054,872213 0,013578
11345,112747 13054,872213 0,016555
11395,112747 13054,872213 0,010783
11445,112747 13054,872213 -0,001683
11495,112747 13054,872213 -0,005275
11545,112747 13054,872213 -0,001771
11595,112747 13054,872213 0,000535
11645,112747 13054,872213 0,000475
11695,112747 13054,872213 0,000042
11745,112747 13054,872213 -0,000054
11795,112747 13054,872213 -0,000016
11845,112747 13054,872213 0,000003
11895,112747 13054,872213 0,000002
11945,112747 13054,872213 0,000000
11995,112747 13054,872213 0,000000
12045,112747 13054,872213 0,000000
12095,112747 13054,872213 0,000000
12145,112747 13054,872213 0,000000
12195,112747 13054,872213 0,000000
12245,112747 13054,872213 0,000000
12295,112747 13054,872213 0,000000
12345,112747 13054,872213 0,000000
12395,112747 13054,872213 0,000000
12445,112747 13054,872213 0,000000
12495,112747 13054,872213 0,000000
12545,112747 13054,872213 0,000000
12595,112747 13054,872213 0,000000
12645,112747 13054,872213 0,000000
12695,112747 13054,872213 0,000000
12745,112747 13054,872213 0,000000
12795,112747 13054,872213 0,000000
12845,112747 13054,872213 0,000000
12895,112747 13054,872213 0,000000
12945,112747 13054,872213 0,000000
12995,112747 13054,872213 0,000000
13045,112747 13054,872213 0,000000
13095,112747 13054,872213 0,000000
13145,112747 13054,872213 0,000000
13195,112747 13054,872213 0,000000
13245,112747 13054,872213 0,000000
13295,112747 13054,872213 0,000000
13345,112747 13054,872213 0,000000
13395,112747 13054,872213 0,000000
13445,112747 13054,872213 0,000000
13495,112747 13054,872213 0,000000
13545,112747 13054,872213 0,000000
13595,112747 13054,872213 0,000000
13645,112747 13054,872213 0,000000
13695,112747 13054,872213 0,000000
13745,112747 13054,872213 0,000000
13795,112747 13054,872213 0,000000
13845,112747 13054,872213 0,000000
13895,112747 13054,872213 0,000000
13945,112747 13054,872213 0,000000
13995,112747 13054,872213 0,000000
6545,112747 13104,872213 0,000000
6595,112747 13104,872213 0,000000
6645,112747 13104,872213 0,000000
6695,112747 13104,872213 0,000000
6745,112747 13104,872213 0,000000
6795,112747 13104,872213 0,000000
6845,112747 13104,872213 0,000000
6895,112747 13104,872213 0,000000
6945,112747 13104,872213 0,000000
6995,112747 13104,872213 0,000000
7045,112747 13104,872213 0,000000
7095,112747 13104,872213 0,000000
7145,112747 13104,872213 0,000000
7195,112747 13104,872213 0,000000
7245,112747 13104,872213 0,000000
7295,112747 13104,872213 0,000000
7345,112747 13104,872213 0,000000
7395,112747 13104,872213 0,000000
7445,112747 13104,872213 0,000000
7495,112747 13104,872213 0,000000
7545,112747 13104,872213 0,000000
7595,112747 13104,872213 0,000000
7645,112747 13104,872213 0,000000
7695,112747 13104,872213 0,000000
7745,112747 13104,872213 0,000000
7795,112747 13104,872213 0,000000
7845,112747 13104,872213 0,000000
7895,112747 13104,872213 0,000000
7945,112747 13104,872213 0,000000
7995,112747 13104,872213 0,000000
8045,112747 13104,872213 0,000000
8095,112747 13104,872213 0,000000
8145,112747 13104,872213 0,000000
8195,112747 13104,872213 0,000000
8245,112747 13104,872213 0,000000
8295,112747 13104,872213 0,000000
8345,112747 13104,872213 0,000000
8395,112747 13104,872213 0,000000
8445,112747 13104,872213 0,000000
8495,112747 13104,872213 0,000000
8545,112747 13104,872213 0,000000
8595,112747 13104,872213 0,000000
8645,112747 13104,872213 0,000000
8695,112747 13104,872213 0,000000
8745,112747 13104,872213 0,000000
8795,112747 13104,872213 0,000000
8845,112747 13104,872213 0,000000
8895,112747 13104,872213 0,000000
8945,112747 13104,872213 0,000000
8995,112747 13104,872213 0,000000
9045,112747 13104,872213 0,000000
9095,112747 13104,872213 0,000000
9145,112747 13104,872213 0,000000
9195,112747 13104,872213 0,000000
9245,112747 13104,872213 0,000000
9295,112747 13104,872213 0,000000
9345,112747 13104,872213 0,000000
9395,112747 13104,872213 0,000000
9445,112747 13104,872213 0,000000
9495,112747 13104,872213 0,000000
9545,112747 13104,872213 0,000000
9595,112747 13104,872213 0,000000
9645,112747 13104,872213 0,000000
9695,112747 13104,872213 0,000000
9745,112747 13104,872213 0,000000
9795,112747 13104,872213 0,000000
9845,112747 13104,872213 0,000000
9895,112747 13104,872213 0,000000
9945,112747 13104,872213 0,000000
9995,112747 13104,872213 0,000000
10045,112747 13104,872213 0,000000
10095,112747 13104,872213 0,000000
10145,112747 13104,872213 0,000000
10195,112747 13104,872213 0,000000
10245,112747 13104,872213 0,000000
10295,112747 13104,872213 0,000000
10345,112747 13104,872213 0,000000
10395,112747 13104,872213 0,000000
10445,112747 13104,872213 0,000000
10495,112747 13104,872213 0,000000
10545,112747 13104,872213 0,000000
10595,112747 13104,872213 0,000001
10645,112747 13104,872213 0,000002
10695,112747 13104,872213 -0,000006
10745,112747 13104,872213 -0,000033
10795,112747 13104,872213 0,000010
10845,112747 13104,872213 0,000336
10895,112747 13104,872213 0,000493
10945,112747 13104,872213 -0,001771
10995,112747 13104,872213 -0,006341
11045,112747 13104,872213 -0,000463
11095,112747 13104,872213 0,027561
11145,112747 13104,872213 0,042093
11195,112747 13104,872213 0,002480
11245,112747 13104,872213 -0,031189
11295,112747 13104,872213 -0,031189
11345,112747 13104,872213 0,002480
11395,112747 13104,872213 0,042093
11445,112747 13104,872213 0,027561
11495,112747 13104,872213 -0,000463
11545,112747 13104,872213 -0,006341
11595,112747 13104,872213 -0,001771
11645,112747 13104,872213 0,000493
11695,112747 13104,872213 0,000336
11745,112747 13104,872213 0,000010
11795,112747 13104,872213 -0,000033
11845,112747 13104,872213 -0,000006
11895,112747 13104,872213 0,000002
11945,112747 13104,872213 0,000001
11995,112747 13104,872213 0,000000
12045,112747 13104,872213 0,000000
12095,112747 13104,872213 0,000000
12145,112747 13104,872213 0,000000
12195,112747 13104,872213 0,000000
12245,112747 13104,872213 0,000000
12295,112747 13104,872213 0,000000
12345,112747 13104,872213 0,000000
12395,112747 13104,872213 0,000000
12445,112747 13104,872213 0,000000
12495,112747 13104,872213 0,000000
12545,112747 13104,872213 0,000000
12595,112747 13104,872213 0,000000
12645,112747 13104,872213 0,000000
12695,112747 13104,872213 0,000000
12745,112747 13104,872213 0,000000
12795,112747 13104,872213 0,000000
12845,112747 13104,872213 0,000000
12895,112747 13104,872213 0,000000
12945,112747 13104,872213 0,000000
12995,112747 13104,872213 0,000000
13045,112747 13104,872213 0,000000
13095,112747 13104,872213 0,000000
13145,112747 13104,872213 0,000000
13195,112747 13104,872213 0,000000
13245,112747 13104,872213 0,000000
13295,112747 13104,872213 0,000000
13345,112747 13104,872213 0,000000
13395,112747 13104,872213 0,000000
13445,112747 13104,872213 0,000000
13495,112747 13104,872213 0,000000
13545,112747 13104,872213 0,000000
13595,112747 13104,872213 0,000000
13645,112747 13104,872213 0,000000
13695,112747 13104,872213 0,000000
13745,112747 13104,872213 0,000000
13795,112747 13104,872213 0,000000
13845,112747 13104,872213 0,000000
13895,112747 13104,872213 0,000000
13945,112747 13104,872213 0,000000
13995,112747 13104,872213 0,000000
6545,112747 13154,872213 0,000000
6595,112747 13154,872213 0,000000
6645,112747 13154,872213 0,000000
6695,112747 13154,872213 0,000000
6745,112747 13154,872213 0,000000
6795,112747 13154,872213 0,000000
6845,112747 13154,872213 0,000000
6895,112747 13154,872213 0,000000
6945,112747 13154,872213 0,000000
6995,112747 13154,872213 0,000000
7045,112747 13154,872213 0,000000
7095,112747 13154,872213 0,000000
7145,112747 13154,872213 0,000000
7195,112747 13154,872213 0,000000
7245,112747 13154,872213 0,000000
7295,112747 13154,872213 0,000000
7345,112747 13154,872213 0,000000
7395,112747 13154,872213 0,000000
7445,112747 13154,872213 0,000000
7495,112747 13154,872213 0,000000
7545,112747 13154,872213 0,000000
7595,112747 13154,872213 0,000000
7645,112747 13154,872213 0,000000
7695,112747 13154,872213 0,000000
7745,112747 13154,872213 0,000000
7795,112747 13154,872213 0,000000
7845,112747 13154,872213 0,000000
7895,112747 13154,872213 0,000000
7945,112747 13154,872213 0,000000
7995,112747 13154,872213 0,000000
8045,112747 13154,872213 0,000000
8095,112747 13154,872213 0,000000
8145,112747 13154,872213 0,000000
8195,112747 13154,872213 0,000000
8245,112747 13154,872213 0,000000
8295,112747 13154,872213 0,000000
8345,112747 13154,872213 0,000000
8395,112747 13154,872213 0,000000
8445,112747 13154,872213 0,000000
8495,112747 13154,872213 0,000000
8545,112747 13154,872213 0,000000
8595,112747 13154,872213 0,000000
8645,112747 13154,872213 0,000000
8695,112747 13154,872213 0,000000
8745,112747 13154,872213 0,000000
8795,112747 13154,872213 0,000000
8845,112747 13154,872213 0,000000
8895,112747 13154,872213 0,000000
8945,112747 13154,872213 0,000000
8995,112747 13154,872213 0,000000
9045,112747 13154,872213 0,000000
9095,112747 13154,872213 0,000000
9145,112747 13154,872213 0,000000
9195,112747 13154,872213 0,000000
9245,112747 13154,872213 0,000000
9295,112747 13154,872213 0,000000
9345,112747 13154,872213 0,000000
9395,112747 13154,872213 0,000000
9445,112747 13154,872213 0,000000
9495,112747 13154,872213 0,000000
9545,112747 13154,872213 0,000000
9595,112747 13154,872213 0,000000
9645,112747 13154,872213 0,000000
9695,112747 13154,872213 0,000000
9745,112747 13154,872213 0,000000
9795,112747 13154,872213 0,000000
9845,112747 13154,872213 0,000000
9895,112747 13154,872213 0,000000
9945,112747 13154,872213 0,000000
9995,112747 13154,872213 0,000000
10045,112747 13154,872213 0,000000
10095,112747 13154,872213 0,000000
10145,112747 13154,872213 0,000000
10195,112747 13154,872213 0,000000
10245,112747 13154,872213 0,000000
10295,112747 13154,872213 0,000000
10345,112747 13154,872213 0,000000
10395,112747 13154,872213 0,000000
10445,112747 13154,872213 0,000000
10495,112747 13154,872213 0,000000
10545,112747 13154,872213 0,000000
10595,112747 13154,872213 0,000001
10645,112747 13154,872213 -0,000001
10695,112747 13154,872213 -0,000014
10745,112747 13154,872213 -0,000010
10795,112747 13154,872213 0,000159
10845,112747 13154,872213 0,000370
10895,112747 13154,872213 -0,001041
10945,112747 13154,872213 -0,005275
10995,112747 13154,872213 -0,000463
11045,112747 13154,872213 0,036434
11095,112747 13154,872213 0,062440
11145,112747 13154,872213 -0,058812
11195,112747 13154,872213 -0,253168
11245,112747 13154,872213 -0,242663
11295,112747 13154,872213 -0,242663
11345,112747 13154,872213 -0,253168
11395,112747 13154,872213 -0,058812
11445,112747 13154,872213 0,062440
11495,112747 13154,872213 0,036434
11545,112747 13154,872213 -0,000463
11595,112747 13154,872213 -0,005275
11645,112747 13154,872213 -0,001041
11695,112747 13154,872213 0,000370
11745,112747 13154,872213 0,000159
11795,112747 13154,872213 -0,000010
11845,112747 13154,872213 -0,000014
11895,112747 13154,872213 -0,000001
11945,112747 13154,872213 0,000001
11995,112747 13154,872213 0,000000
12045,112747 13154,872213 0,000000
12095,112747 13154,872213 0,000000
12145,112747 13154,872213 0,000000
12195,112747 13154,872213 0,000000
12245,112747 13154,872213 0,000000
12295,112747 13154,872213 0,000000
12345,112747 13154,872213 0,000000
12395,112747 13154,872213 0,000000
12445,112747 13154,872213 0,000000
12495,112747 13154,872213 0,000000
12545,112747 13154,872213 0,000000
12595,112747 13154,872213 0,000000
12645,112747 13154,872213 0,000000
12695,112747 13154,872213 0,000000
12745,112747 13154,872213 0,000000
12795,112747 13154,872213 0,000000
12845,112747 13154,872213 0,000000
12895,112747 13154,872213 0,000000
12945,112747 13154,872213 0,000000
12995,112747 13154,872213 0,000000
13045,112747 13154,872213 0,000000
13095,112747 13154,872213 0,000000
13145,112747 13154,872213 0,000000
13195,112747 13154,872213 0,000000
13245,112747 13154,872213 0,000000
13295,112747 13154,872213 0,000000
13345,112747 13154,872213 0,000000
13395,112747 13154,872213 0,000000
13445,112747 13154,872213 0,000000
13495,112747 13154,872213 0,000000
13545,112747 13154,872213 0,000000
13595,112747 13154,872213 0,000000
13645,112747 13154,872213 0,000000
13695,112747 13154,872213 0,000000
13745,112747 13154,872213 0,000000
13795,112747 13154,872213 0,000000
13845,112747 13154,872213 0,000000
13895,112747 13154,872213 0,000000
13945,112747 13154,872213 0,000000
13995,112747 13154,872213 0,000000
6545,112747 13204,872213 0,000000
6595,112747 13204,872213 0,000000
6645,112747 13204,872213 0,000000
6695,112747 13204,872213 0,000000
6745,112747 13204,872213 0,000000
6795,112747 13204,872213 0,000000
6845,112747 13204,872213 0,000000
6895,112747 13204,872213 0,000000
6945,112747 13204,872213 0,000000
6995,112747 13204,872213 0,000000
7045,112747 13204,872213 0,000000
7095,112747 13204,872213 0,000000
7145,112747 13204,872213 0,000000
7195,112747 13204,872213 0,000000
7245,112747 13204,872213 0,000000
7295,112747 13204,872213 0,000000
7345,112747 13204,872213 0,000000
7395,112747 13204,872213 0,000000
7445,112747 13204,872213 0,000000
7495,112747 13204,872213 0,000000
7545,112747 13204,872213 0,000000
7595,112747 13204,872213 0,000000
7645,112747 13204,872213 0,000000
7695,112747 13204,872213 0,000000
7745,112747 13204,872213 0,000000
7795,112747 13204,872213 0,000000
7845,112747 13204,872213 0,000000
7895,112747 13204,872213 0,000000
7945,112747 13204,872213 0,000000
7995,112747 13204,872213 0,000000
8045,112747 13204,872213 0,000000
8095,112747 13204,872213 0,000000
8145,112747 13204,872213 0,000000
8195,112747 13204,872213 0,000000
8245,112747 13204,872213 0,000000
8295,112747 13204,872213 0,000000
8345,112747 13204,872213 0,000000
8395,112747 13204,872213 0,000000
8445,112747 13204,872213 0,000000
8495,112747 13204,872213 0,000000
8545,112747 13204,872213 0,000000
8595,112747 13204,872213 0,000000
8645,112747 13204,872213 0,000000
8695,112747 13204,872213 0,000000
8745,112747 13204,872213 0,000000
8795,112747 13204,872213 0,000000
8845,112747 13204,872213 0,000000
8895,112747 13204,872213 0,000000
8945,112747 13204,872213 0,000000
8995,112747 13204,872213 0,000000
9045,112747 13204,872213 0,000000
9095,112747 13204,872213 0,000000
9145,112747 13204,872213 0,000000
9195,112747 13204,872213 0,000000
9245,112747 13204,872213 0,000000
9295,112747 13204,872213 0,000000
9345,112747 13204,872213 0,000000
9395,112747 13204,872213 0,000000
9445,112747 13204,872213 0,000000
9495,112747 13204,872213 0,000000
9545,112747 13204,872213 0,000000
9595,112747 13204,872213 0,000000
9645,112747 13204,872213 0,000000
9695,112747 13204,872213 0,000000
9745,112747 13204,872213 0,000000
9795,112747 13204,872213 0,000000
9845,112747 13204,872213 0,000000
9895,112747 13204,872213 0,000000
9945,112747 13204,872213 0,000000
9995,112747 13204,872213 0,000000
10045,112747 13204,872213 0,000000
10095,112747 13204,872213 0,000000
10145,112747 13204,872213 0,000000
10195,112747 13204,872213 0,000000
10245,112747 13204,872213 0,000000
10295,112747 13204,872213 0,000000
10345,112747 13204,872213 0,000000
10395,112747 13204,872213 0,000000
10445,112747 13204,872213 0,000000
10495,112747 13204,872213 0,000000
10545,112747 13204,872213 0,000000
10595,112747 13204,872213 0,000001
10645,112747 13204,872213 -0,000004
10695,112747 13204,872213 -0,000011
10745,112747 13204,872213 0,000041
10795,112747 13204,872213 0,000201
10845,112747 13204,872213 -0,000269
10895,112747 13204,872213 -0,002939
10945,112747 13204,872213 -0,001683
10995,112747 13204,872213 0,027561
11045,112747 13204,872213 0,062440
11095,112747 13204,872213 -0,101127
11145,112747 13204,872213 -0,528470
11195,112747 13204,872213 -0,395343
11245,112747 13204,872213 0,477559
11295,112747 13204,872213 0,477559
11345,112747 13204,872213 -0,395343
11395,112747 13204,872213 -0,528470
11445,112747 13204,872213 -0,101127
11495,112747 13204,872213 0,062440
11545,112747 13204,872213 0,027561
11595,112747 13204,872213 -0,001683
11645,112747 13204,872213 -0,002939
11695,112747 13204,872213 -0,000269
11745,112747 13204,872213 0,000201
11795,112747 13204,872213 0,000041
11845,112747 13204,872213 -0,000011
11895,112747 13204,872213 -0,000004
11945,112747 13204,872213 0,000000
11995,112747 13204,872213 0,000000
12045,112747 13204,872213 0,000000
12095,112747 13204,872213 0,000000
12145,112747 13204,872213 0,000000
12195,112747 13204,872213 0,000000
12245,112747 13204,872213 0,000000
12295,112747 13204,872213 0,000000
12345,112747 13204,872213 0,000000
12395,112747 13204,872213 0,000000
12445,112747 13204,872213 0,000000
12495,112747 13204,872213 0,000000
12545,112747 13204,872213 0,000000
12595,112747 13204,872213 0,000000
12645,112747 13204,872213 0,000000
12695,112747 13204,872213 0,000000
12745,112747 13204,872213 0,000000
12795,112747 13204,872213 0,000000
12845,112747 13204,872213 0,000000
12895,112747 13204,872213 0,000000
12945,112747 13204,872213 0,000000
12995,112747 13204,872213 0,000000
13045,112747 13204,872213 0,000000
13095,112747 13204,872213 0,000000
13145,112747 13204,872213 0,000000
13195,112747 13204,872213 0,000000
13245,112747 13204,872213 0,000000
13295,112747 13204,872213 0,000000
13345,112747 13204,872213 0,000000
13395,112747 13204,872213 0,000000
13445,112747 13204,872213 0,000000
13495,112747 13204,872213 0,000000
13545,112747 13204,872213 0,000000
13595,112747 13204,872213 0,000000
13645,112747 13204,872213 0,000000
13695,112747 13204,872213 0,000000
13745,112747 13204,872213 0,000000
13795,112747 13204,872213 0,000000
13845,112747 13204,872213 0,000000
13895,112747 13204,872213 0,000000
13945,112747 13204,872213 0,000000
13995,112747 13204,872213 0,000000
6545,112747 13254,872213 0,000000
6595,112747 13254,872213 0,000000
6645,112747 13254,872213 0,000000
6695,112747 13254,872213 0,000000
6745,112747 13254,872213 0,000000
6795,112747 13254,872213 0,000000
6845,112747 13254,872213 0,000000
6895,112747 13254,872213 0,000000
6945,112747 13254,872213 0,000000
6995,112747 13254,872213 0,000000
7045,112747 13254,872213 0,000000
7095,112747 13254,872213 0,000000
7145,112747 13254,872213 0,000000
7195,112747 13254,872213 0,000000
7245,112747 13254,872213 0,000000
7295,112747 13254,872213 0,000000
7345,112747 13254,872213 0,000000
7395,112747 13254,872213 0,000000
7445,112747 13254,872213 0,000000
7495,112747 13254,872213 0,000000
7545,112747 13254,872213 0,000000
7595,112747 13254,872213 0,000000
7645,112747 13254,872213 0,000000
7695,112747 13254,872213 0,000000
7745,112747 13254,872213 0,000000
7795,112747 13254,872213 0,000000
7845,112747 13254,872213 0,000000
7895,112747 13254,872213 0,000000
7945,112747 13254,872213 0,000000
7995,112747 13254,872213 0,000000
8045,112747 13254,872213 0,000000
8095,112747 13254,872213 0,000000
8145,112747 13254,872213 0,000000
8195,112747 13254,872213 0,000000
8245,112747 13254,872213 0,000000
8295,112747 13254,872213 0,000000
8345,112747 13254,872213 0,000000
8395,112747 13254,872213 0,000000
8445,112747 13254,872213 0,000000
8495,112747 13254,872213 0,000000
8545,112747 13254,872213 0,000000
8595,112747 13254,872213 0,000000
8645,112747 13254,872213 0,000000
8695,112747 13254,872213 0,000000
8745,112747 13254,872213 0,000000
8795,112747 13254,872213 0,000000
8845,112747 13254,872213 0,000000
8895,112747 13254,872213 0,000000
8945,112747 13254,872213 0,000000
8995,112747 13254,872213 0,000000
9045,112747 13254,872213 0,000000
9095,112747 13254,872213 0,000000
9145,112747 13254,872213 0,000000
9195,112747 13254,872213 0,000000
9245,112747 13254,872213 0,000000
9295,112747 13254,872213 0,000000
9345,112747 13254,872213 0,000000
9395,112747 13254,872213 0,000000
9445,112747 13254,872213 0,000000
9495,112747 13254,872213 0,000000
9545,112747 13254,872213 0,000000
9595,112747 13254,872213 0,000000
9645,112747 13254,872213 0,000000
9695,112747 13254,872213 0,000000
9745,112747 13254,872213 0,000000
9795,112747 13254,872213 0,000000
9845,112747 13254,872213 0,000000
9895,112747 13254,872213 0,000000
9945,112747 13254,872213 0,000000
9995,112747 13254,872213 0,000000
10045,112747 13254,872213 0,000000
10095,112747 13254,872213 0,000000
10145,112747 13254,872213 0,000000
10195,112747 13254,872213 0,000000
10245,112747 13254,872213 0,000000
10295,112747 13254,872213 0,000000
10345,112747 13254,872213 0,000000
10395,112747 13254,872213 0,000000
10445,112747 13254,872213 0,000000
10495,112747 13254,872213 0,000000
10545,112747 13254,872213 0,000000
10595,112747 13254,872213 0,000000
10645,112747 13254,872213 -0,000004
10695,112747 13254,872213 -0,000001
10745,112747 13254,872213 0,000065
10795,112747 13254,872213 0,000061
10845,112747 13254,872213 -0,000948
10895,112747 13254,872213 -0,001978
10945,112747 13254,872213 0,010783
10995,112747 13254,872213 0,042093
11045,112747 13254,872213 -0,058812
11095,112747 13254,872213 -0,528470
11145,112747 13254,872213 -0,403879
11195,112747 13254,872213 2,529686
11245,112747 13254,872213 4,846808
11295,112747 13254,872213 4,846808
11345,112747 13254,872213 2,529686
11395,112747 13254,872213 -0,403879
11445,112747 13254,872213 -0,528470
11495,112747 13254,872213 -0,058812
11545,112747 13254,872213 0,042093
11595,112747 13254,872213 0,010783
11645,112747 13254,872213 -0,001978
11695,112747 13254,872213 -0,000948
11745,112747 13254,872213 0,000061
11795,112747 13254,872213 0,000065
11845,112747 13254,872213 -0,000001
11895,112747 13254,872213 -0,000004
11945,112747 13254,872213 0,000000
11995,112747 13254,872213 0,000000
12045,112747 13254,872213 0,000000
12095,112747 13254,872213 0,000000
12145,112747 13254,872213 0,000000
12195,112747 13254,872213 0,000000
12245,112747 13254,872213 0,000000
12295,112747 13254,872213 0,000000
12345,112747 13254,872213 0,000000
12395,112747 13254,872213 0,000000
12445,112747 13254,872213 0,000000
12495,112747 13254,872213 0,000000
12545,112747 13254,872213 0,000000
12595,112747 13254,872213 0,000000
12645,112747 13254,872213 0,000000
12695,112747 13254,872213 0,000000
12745,112747 13254,872213 0,000000
12795,112747 13254,872213 0,000000
12845,112747 13254,872213 0,000000
12895,112747 13254,872213 0,000000
12945,112747 13254,872213 0,000000
12995,112747 13254,872213 0,000000
13045,112747 13254,872213 0,000000
13095,112747 13254,872213 0,000000
13145,112747 13254,872213 0,000000
13195,112747 13254,872213 0,000000
13245,112747 13254,872213 0,000000
13295,112747 13254,872213 0,000000
13345,112747 13254,872213 0,000000
13395,112747 13254,872213 0,000000
13445,112747 13254,872213 0,000000
13495,112747 13254,872213 0,000000
13545,112747 13254,872213 0,000000
13595,112747 13254,872213 0,000000
13645,112747 13254,872213 0,000000
13695,112747 13254,872213 0,000000
13745,112747 13254,872213 0,000000
13795,112747 13254,872213 0,000000
13845,112747 13254,872213 0,000000
13895,112747 13254,872213 0,000000
13945,112747 13254,872213 0,000000
13995,112747 13254,872213 0,000000
6545,112747 13304,872213 0,000000
6595,112747 13304,872213 0,000000
6645,112747 13304,872213 0,000000
6695,112747 13304,872213 0,000000
6745,112747 13304,872213 0,000000
6795,112747 13304,872213 0,000000
6845,112747 13304,872213 0,000000
6895,112747 13304,872213 0,000000
6945,112747 13304,872213 0,000000
6995,112747 13304,872213 0,000000
7045,112747 13304,872213 0,000000
7095,112747 13304,872213 0,000000
7145,112747 13304,872213 0,000000
7195,112747 13304,872213 0,000000
7245,112747 13304,872213 0,000000
7295,112747 13304,872213 0,000000
7345,112747 13304,872213 0,000000
7395,112747 13304,872213 0,000000
7445,112747 13304,872213 0,000000
7495,112747 13304,872213 0,000000
7545,112747 13304,872213 0,000000
7595,112747 13304,872213 0,000000
7645,112747 13304,872213 0,000000
7695,112747 13304,872213 0,000000
7745,112747 13304,872213 0,000000
7795,112747 13304,872213 0,000000
7845,112747 13304,872213 0,000000
7895,112747 13304,872213 0,000000
7945,112747 13304,872213 0,000000
7995,112747 13304,872213 0,000000
8045,112747 13304,872213 0,000000
8095,112747 13304,872213 0,000000
8145,112747 13304,872213 0,000000
8195,112747 13304,872213 0,000000
8245,112747 13304,872213 0,000000
8295,112747 13304,872213 0,000000
8345,112747 13304,872213 0,000000
8395,112747 13304,872213 0,000000
8445,112747 13304,872213 0,000000
8495,112747 13304,872213 0,000000
8545,112747 13304,872213 0,000000
8595,112747 13304,872213 0,000000
8645,112747 13304,872213 0,000000
8695,112747 13304,872213 0,000000
8745,112747 13304,872213 0,000000
8795,112747 13304,872213 0,000000
8845,112747 13304,872213 0,000000
8895,112747 13304,872213 0,000000
8945,112747 13304,872213 0,000000
8995,112747 13304,872213 0,000000
9045,112747 13304,872213 0,000000
9095,112747 13304,872213 0,000000
9145,112747 13304,872213 0,000000
9195,112747 13304,872213 0,000000
9245,112747 13304,872213 0,000000
9295,112747 13304,872213 0,000000
9345,112747 13304,872213 0,000000
9395,112747 13304,872213 0,000000
9445,112747 13304,872213 0,000000
9495,112747 13304,872213 0,000000
9545,112747 13304,872213 0,000000
9595,112747 13304,872213 0,000000
9645,112747 13304,872213 0,000000
9695,112747 13304,872213 0,000000
9745,112747 13304,872213 0,000000
9795,112747 13304,872213 0,000000
9845,112747 13304,872213 0,000000
9895,112747 13304,872213 0,000000
9945,112747 13304,872213 0,000000
9995,112747 13304,872213 0,000000
10045,112747 13304,872213 0,000000
10095,112747 13304,872213 0,000000
10145,112747 13304,872213 0,000000
10195,112747 13304,872213 0,000000
10245,112747 13304,872213 0,000000
10295,112747 13304,872213 0,000000
10345,112747 13304,872213 0,000000
10395,112747 13304,872213 0,000000
10445,112747 13304,872213 0,000000
10495,112747 13304,872213 0,000000
10545,112747 13304,872213 0,000000
10595,112747 13304,872213 0,000000
10645,112747 13304,872213 -0,000004
10695,112747 13304,872213 0,000005
10745,112747 13304,872213 0,000060
10795,112747 13304,872213 -0,000070
10845,112747 13304,872213 -0,000977
10895,112747 13304,872213 0,000770
10945,112747 13304,872213 0,016555
10995,112747 13304,872213 0,002480
11045,112747 13304,872213 -0,253168
11095,112747 13304,872213 -0,395343
11145,112747 13304,872213 2,529686
11195,112747 13304,872213 8,147475
11245,112747 13304,872213 -3,612065
11295,112747 13304,872213 -3,612065
11345,112747 13304,872213 8,147475
11395,112747 13304,872213 2,529686
11445,112747 13304,872213 -0,395343
11495,112747 13304,872213 -0,253168
11545,112747 13304,872213 0,002480
11595,112747 13304,872213 0,016555
11645,112747 13304,872213 0,000770
11695,112747 13304,872213 -0,000977
11745,112747 13304,872213 -0,000070
11795,112747 13304,872213 0,000060
11845,112747 13304,872213 0,000005
11895,112747 13304,872213 -0,000004
11945,112747 13304,872213 0,000000
11995,112747 13304,872213 0,000000
12045,112747 13304,872213 0,000000
12095,112747 13304,872213 0,000000
12145,112747 13304,872213 0,000000
12195,112747 13304,872213 0,000000
12245,112747 13304,872213 0,000000
12295,112747 13304,872213 0,000000
12345,112747 13304,872213 0,000000
12395,112747 13304,872213 0,000000
12445,112747 13304,872213 0,000000
12495,112747 13304,872213 0,000000
12545,112747 13304,872213 0,000000
12595,112747 13304,872213 0,000000
12645,112747 13304,872213 0,000000
12695,112747 13304,872213 0,000000
12745,112747 13304,872213 0,000000
12795,112747 13304,872213 0,000000
12845,112747 13304,872213 0,000000
12895,112747 13304,872213 0,000000
12945,112747 13304,872213 0,000000
12995,112747 13304,872213 0,000000
13045,112747 13304,872213 0,000000
13095,112747 13304,872213 0,000000
13145,112747 13304,872213 0,000000
13195,112747 13304,872213 0,000000
13245,112747 13304,872213 0,000000
13295,112747 13304,872213 0,000000
13345,112747 13304,872213 0,000000
13395,112747 13304,872213 0,000000
13445,112747 13304,872213 0,000000
13495,112747 13304,872213 0,000000
13545,112747 13304,872213 0,000000
13595,112747 13304,872213 0,000000
13645,112747 13304,872213 0,000000
13695,112747 13304,872213 0,000000
13745,112747 13304,872213 0,000000
13795,112747 13304,872213 0,000000
13845,112747 13304,872213 0,000000
13895,112747 13304,872213 0,000000
13945,112747 13304,872213 0,000000
13995,112747 13304,872213 0,000000
6545,112747 13354,872213 0,000000
6595,112747 13354,872213 0,000000
6645,112747 13354,872213 0,000000
6695,112747 13354,872213 0,000000
6745,112747 13354,872213 0,000000
6795,112747 13354,872213 0,000000
6845,112747 13354,872213 0,000000
6895,112747 13354,872213 0,000000
6945,112747 13354,872213 0,000000
6995,112747 13354,872213 0,000000
7045,112747 13354,872213 0,000000
7095,112747 13354,872213 0,000000
7145,112747 13354,872213 0,000001
7195,112747 13354,872213 0,000001
7245,112747 13354,872213 0,000001
7295,112747 13354,872213 0,000001
7345,112747 13354,872213 0,000001
7395,112747 13354,872213 0,000001
7445,112747 13354,872213 0,000001
7495,112747 13354,872213 0,000001
7545,112747 13354,872213 0,000000
7595,112747 13354,872213 0,000000
7645,112747 13354,872213 0,000000
7695,112747 13354,872213 0,000000
7745,112747 13354,872213 0,000000
7795,112747 13354,872213 0,000000
7845,112747 13354,872213 0,000000
7895,112747 13354,872213 0,000000
7945,112747 13354,872213 0,000000
7995,112747 13354,872213 0,000000
8045,112747 13354,872213 0,000000
8095,112747 13354,872213 0,000000
8145,112747 13354,872213 0,000000
8195,112747 13354,872213 0,000000
8245,112747 13354,872213 0,000000
8295,112747 13354,872213 0,000000
8345,112747 13354,872213 0,000000
8395,112747 13354,872213 0,000000
8445,112747 13354,872213 0,000000
8495,112747 13354,872213 0,000000
8545,112747 13354,872213 0,000000
8595,112747 13354,872213 0,000000
8645,112747 13354,872213 0,000000
8695,112747 13354,872213 0,000000
8745,112747 13354,872213 0,000000
8795,112747 13354,872213 0,000000
8845,112747 13354,872213 0,000000
8895,112747 13354,872213 0,000000
8945,112747 13354,872213 0,000000
8995,112747 13354,872213 0,000000
9045,112747 13354,872213 0,000000
9095,112747 13354,872213 0,000000
9145,112747 13354,872213 0,000000
9195,112747 13354,872213 0,000000
9245,112747 13354,872213 0,000000
9295,112747 13354,872213 0,000000
9345,112747 13354,872213 0,000000
9395,112747 13354,872213 0,000000
9445,112747 13354,872213 0,000000
9495,112747 13354,872213 0,000000
9545,112747 13354,872213 0,000000
9595,112747 13354,872213 0,000000
9645,112747 13354,872213 0,000000
9695,112747 13354,872213 0,000000
9745,112747 13354,872213 0,000000
9795,112747 13354,872213 0,000000
9845,112747 13354,872213 0,000000
9895,112747 13354,872213 0,000000
9945,112747 13354,872213 0,000000
9995,112747 13354,872213 0,000000
10045,112747 13354,872213 0,000000
10095,112747 13354,872213 0,000000
10145,112747 13354,872213 0,000000
10195,112747 13354,872213 0,000000
10245,112747 13354,872213 0,000000
10295,112747 13354,872213 0,000000
10345,112747 13354,872213 0,000000
10395,112747 13354,872213 0,000000
10445,112747 13354,872213 0,000000
10495,112747 13354,872213 0,000000
10545,112747 13354,872213 0,000000
10595,112747 13354,872213 -0,000001
10645,112747 13354,872213 -0,000004
10695,112747 13354,872213 0,000008
10745,112747 13354,872213 0,000055
10795,112747 13354,872213 -0,000118
10845,112747 13354,872213 -0,000845
10895,112747 13354,872213 0,001869
10945,112747 13354,872213 0,013578
10995,112747 13354,872213 -0,031189
11045,112747 13354,872213 -0,242663
11095,112747 13354,872213 0,477559
11145,112747 13354,872213 4,846808
11195,112747 13354,872213 -3,612065
11245,112747 13354,872213 -91,086600
11295,112747 13354,872213 -91,086600
11345,112747 13354,872213 -3,612065
11395,112747 13354,872213 4,846808
11445,112747 13354,872213 0,477559
11495,112747 13354,872213 -0,242663
11545,112747 13354,872213 -0,031189
11595,112747 13354,872213 0,013578
11645,112747 13354,872213 0,001869
11695,112747 13354,872213 -0,000845
11745,112747 13354,872213 -0,000118
11795,112747 13354,872213 0,000055
11845,112747 13354,872213 0,000008
11895,112747 13354,872213 -0,000004
11945,112747 13354,872213 -0,000001
11995,112747 13354,872213 0,000000
12045,112747 13354,872213 0,000000
12095,112747 13354,872213 0,000000
12145,112747 13354,872213 0,000000
12195,112747 13354,872213 0,000000
12245,112747 13354,872213 0,000000
12295,112747 13354,872213 0,000000
12345,112747 13354,872213 0,000000
12395,112747 13354,872213 0,000000
12445,112747 13354,872213 0,000000
12495,112747 13354,872213 0,000000
12545,112747 13354,872213 0,000000
12595,112747 13354,872213 0,000000
12645,112747 13354,872213 0,000000
12695,112747 13354,872213 0,000000
12745,112747 13354,872213 0,000000
12795,112747 13354,872213 0,000000
12845,112747 13354,872213 0,000000
12895,112747 13354,872213 0,000000
12945,112747 13354,872213 0,000000
12995,112747 13354,872213 0,000000
13045,112747 13354,872213 0,000000
13095,112747 13354,872213 0,000000
13145,112747 13354,872213 0,000000
13195,112747 13354,872213 0,000000
13245,112747 13354,872213 0,000000
13295,112747 13354,872213 0,000000
13345,112747 13354,872213 0,000000
13395,112747 13354,872213 0,000000
13445,112747 13354,872213 0,000000
13495,112747 13354,872213 0,000000
13545,112747 13354,872213 0,000000
13595,112747 13354,872213 0,000000
13645,112747 13354,872213 0,000000
13695,112747 13354,872213 0,000000
13745,112747 13354,872213 0,000000
13795,112747 13354,872213 0,000000
13845,112747 13354,872213 0,000000
13895,112747 13354,872213 0,000000
13945,112747 13354,872213 0,000000
13995,112747 13354,872213 0,000000
6545,112747 13404,872213 0,000000
6595,112747 13404,872213 0,000000
6645,112747 13404,872213 0,000000
6695,112747 13404,872213 0,000000
6745,112747 13404,872213 0,000000
6795,112747 13404,872213 0,000000
6845,112747 13404,872213 0,000000
6895,112747 13404,872213 -0,000001
6945,112747 13404,872213 -0,000001
6995,112747 13404,872213 0,000000
7045,112747 13404,872213 0,000002
7095,112747 13404,872213 0,000003
7145,112747 13404,872213 0,000001
7195,112747 13404,872213 0,000000
7245,112747 13404,872213 -0,000001
7295,112747 13404,872213 -0,000001
7345,112747 13404,872213 -0,000001
7395,112747 13404,872213 -0,000001
7445,112747 13404,872213 0,000000
7495,112747 13404,872213 0,000001
7545,112747 13404,872213 0,000003
7595,112747 13404,872213 0,000002
7645,112747 13404,872213 0,000000
7695,112747 13404,872213 -0,000001
7745,112747 13404,872213 -0,000001
7795,112747 13404,872213 0,000000
7845,112747 13404,872213 0,000000
7895,112747 13404,872213 0,000000
7945,112747 13404,872213 0,000000
7995,112747 13404,872213 0,000000
8045,112747 13404,872213 0,000000
8095,112747 13404,872213 0,000000
8145,112747 13404,872213 0,000000
8195,112747 13404,872213 0,000000
8245,112747 13404,872213 0,000000
8295,112747 13404,872213 0,000000
8345,112747 13404,872213 0,000000
8395,112747 13404,872213 0,000000
8445,112747 13404,872213 0,000000
8495,112747 13404,872213 0,000000
8545,112747 13404,872213 0,000000
8595,112747 13404,872213 0,000000
8645,112747 13404,872213 0,000000
8695,112747 13404,872213 0,000000
8745,112747 13404,872213 0,000000
8795,112747 13404,872213 0,000000
8845,112747 13404,872213 0,000000
8895,112747 13404,872213 0,000000
8945,112747 13404,872213 0,000000
8995,112747 13404,872213 0,000000
9045,112747 13404,872213 0,000000
9095,112747 13404,872213 0,000000
9145,112747 13404,872213 0,000000
9195,112747 13404,872213 0,000000
9245,112747 13404,872213 0,000000
9295,112747 13404,872213 0,000000
9345,112747 13404,872213 0,000000
9395,112747 13404,872213 0,000000
9445,112747 13404,872213 0,000000
9495,112747 13404,872213 0,000000
9545,112747 13404,872213 0,000000
9595,112747 13404,872213 0,000000
9645,112747 13404,872213 0,000000
9695,112747 13404,872213 0,000000
9745,112747 13404,872213 0,000000
9795,112747 13404,872213 0,000000
9845,112747 13404,872213 0,000000
9895,112747 13404,872213 0,000000
9945,112747 13404,872213 0,000000
9995,112747 13404,872213 0,000000
10045,112747 13404,872213 0,000000
10095,112747 13404,872213 0,000000
10145,112747 13404,872213 0,000000
10195,112747 13404,872213 0,000000
10245,112747 13404,872213 0,000000
10295,112747 13404,872213 0,000000
10345,112747 13404,872213 0,000000
10395,112747 13404,872213 0,000000
10445,112747 13404,872213 0,000000
10495,112747 13404,872213 0,000000
10545,112747 13404,872213 0,000000
10595,112747 13404,872213 -0,000001
10645,112747 13404,872213 -0,000004
10695,112747 13404,872213 0,000008
10745,112747 13404,872213 0,000055
10795,112747 13404,872213 -0,000118
10845,112747 13404,872213 -0,000845
10895,112747 13404,872213 0,001869
10945,112747 13404,872213 0,013578
10995,112747 13404,872213 -0,031189
11045,112747 13404,872213 -0,242663
11095,112747 13404,872213 0,477559
11145,112747 13404,872213 4,846808
11195,112747 13404,872213 -3,612065
11245,112747 13404,872213 -91,086600
11295,112747 13404,872213 -91,086600
11345,112747 13404,872213 -3,612065
11395,112747 13404,872213 4,846808
11445,112747 13404,872213 0,477559
11495,112747 13404,872213 -0,242663
11545,112747 13404,872213 -0,031189
11595,112747 13404,872213 0,013578
11645,112747 13404,872213 0,001869
11695,112747 13404,872213 -0,000845
11745,112747 13404,872213 -0,000118
11795,112747 13404,872213 0,000055
11845,112747 13404,872213 0,000008
11895,112747 13404,872213 -0,000004
11945,112747 13404,872213 -0,000001
11995,112747 13404,872213 0,000000
12045,112747 13404,872213 0,000000
12095,112747 13404,872213 0,000000
12145,112747 13404,872213 0,000000
12195,112747 13404,872213 0,000000
12245,112747 13404,872213 0,000000
12295,112747 13404,872213 0,000000
12345,112747 13404,872213 0,000000
12395,112747 13404,872213 0,000000
12445,112747 13404,872213 0,000000
12495,112747 13404,872213 0,000000
12545,112747 13404,872213 0,000000
12595,112747 13404,872213 0,000000
12645,112747 13404,872213 0,000000
12695,112747 13404,872213 0,000000
12745,112747 13404,872213 0,000000
12795,112747 13404,872213 0,000000
12845,112747 13404,872213 0,000000
12895,112747 13404,872213 0,000000
12945,112747 13404,872213 0,000000
12995,112747 13404,872213 0,000000
13045,112747 13404,872213 0,000000
13095,112747 13404,872213 0,000000
13145,112747 13404,872213 0,000000
13195,112747 13404,872213 0,000000
13245,112747 13404,872213 0,000000
13295,112747 13404,872213 0,000000
13345,112747 13404,872213 0,000000
13395,112747 13404,872213 0,000000
13445,112747 13404,872213 0,000000
13495,112747 13404,872213 0,000000
13545,112747 13404,872213 0,000000
13595,112747 13404,872213 0,000000
13645,112747 13404,872213 0,000000
13695,112747 13404,872213 0,000000
13745,112747 13404,872213 0,000000
13795,112747 13404,872213 0,000000
13845,112747 13404,872213 0,000000
13895,112747 13404,872213 0,000000
13945,112747 13404,872213 0,000000
13995,112747 13404,872213 0,000000
6545,112747 13454,872213 0,000000
6595,112747 13454,872213 0,000000
6645,112747 13454,872213 0,000000
6695,112747 13454,872213 0,000000
6745,112747 13454,872213 0,000000
6795,112747 13454,872213 0,000000
6845,112747 13454,872213 -0,000001
6895,112747 13454,872213 -0,000001
6945,112747 13454,872213 0,000001
6995,112747 13454,872213 0,000006
7045,112747 13454,872213 0,000005
7095,112747 13454,872213 -0,000002
7145,112747 13454,872213 -0,000010
7195,112747 13454,872213 -0,000011
7245,112747 13454,872213 -0,000010
7295,112747 13454,872213 -0,000010
7345,112747 13454,872213 -0,000010
7395,112747 13454,872213 -0,000010
7445,112747 13454,872213 -0,000011
7495,112747 13454,872213 -0,000010
7545,112747 13454,872213 -0,000002
7595,112747 13454,872213 0,000005
7645,112747 13454,872213 0,000006
7695,112747 13454,872213 0,000001
7745,112747 13454,872213 -0,000001
7795,112747 13454,872213 -0,000001
7845,112747 13454,872213 0,000000
7895,112747 13454,872213 0,000000
7945,112747 13454,872213 0,000000
7995,112747 13454,872213 0,000000
8045,112747 13454,872213 0,000000
8095,112747 13454,872213 0,000000
8145,112747 13454,872213 0,000000
8195,112747 13454,872213 0,000000
8245,112747 13454,872213 0,000000
8295,112747 13454,872213 0,000000
8345,112747 13454,872213 0,000000
8395,112747 13454,872213 0,000000
8445,112747 13454,872213 0,000000
8495,112747 13454,872213 0,000000
8545,112747 13454,872213 0,000000
8595,112747 13454,872213 0,000000
8645,112747 13454,872213 0,000000
8695,112747 13454,872213 0,000000
8745,112747 13454,872213 0,000000
8795,112747 13454,872213 0,000000
8845,112747 13454,872213 0,000000
8895,112747 13454,872213 0,000000
8945,112747 13454,872213 0,000000
8995,112747 13454,872213 0,000000
9045,112747 13454,872213 0,000000
9095,112747 13454,872213 0,000000
9145,112747 13454,872213 0,000000
9195,112747 13454,872213 0,000000
9245,112747 13454,872213 0,000000
9295,112747 13454,872213 0,000000
9345,112747 13454,872213 0,000000
9395,112747 13454,872213 0,000000
9445,112747 13454,872213 0,000000
9495,112747 13454,872213 0,000000
9545,112747 13454,872213 0,000000
9595,112747 13454,872213 0,000000
9645,112747 13454,872213 0,000000
9695,112747 13454,872213 0,000000
9745,112747 13454,872213 0,000000
9795,112747 13454,872213 0,000000
9845,112747 13454,872213 0,000000
9895,112747 13454,872213 0,000000
9945,112747 13454,872213 0,000000
9995,112747 13454,872213 0,000000
10045,112747 13454,872213 0,000000
10095,112747 13454,872213 0,000000
10145,112747 13454,872213 0,000000
10195,112747 13454,872213 0,000000
10245,112747 13454,872213 0,000000
10295,112747 13454,872213 0,000000
10345,112747 13454,872213 0,000000
10395,112747 13454,872213 0,000000
10445,112747 13454,872213 0,000000
10495,112747 13454,872213 0,000000
10545,112747 13454,872213 0,000000
10595,112747 13454,872213 0,000000
10645,112747 13454,872213 -0,000004
10695,112747 13454,872213 0,000005
10745,112747 13454,872213 0,000060
10795,112747 13454,872213 -0,000070
10845,112747 13454,872213 -0,000977
10895,112747 13454,872213 0,000770
10945,112747 13454,872213 0,016555
10995,112747 13454,872213 0,002480
11045,112747 13454,872213 -0,253168
11095,112747 13454,872213 -0,395343
11145,112747 13454,872213 2,529686
11195,112747 13454,872213 8,147475
11245,112747 13454,872213 -3,612065
11295,112747 13454,872213 -3,612065
11345,112747 13454,872213 8,147475
11395,112747 13454,872213 2,529686
11445,112747 13454,872213 -0,395343
11495,112747 13454,872213 -0,253168
11545,112747 13454,872213 0,002480
11595,112747 13454,872213 0,016555
11645,112747 13454,872213 0,000770
11695,112747 13454,872213 -0,000977
11745,112747 13454,872213 -0,000070
11795,112747 13454,872213 0,000060
11845,112747 13454,872213 0,000005
11895,112747 13454,872213 -0,000004
11945,112747 13454,872213 0,000000
11995,112747 13454,872213 0,000000
12045,112747 13454,872213 0,000000
12095,112747 13454,872213 0,000000
12145,112747 13454,872213 0,000000
12195,112747 13454,872213 0,000000
12245,112747 13454,872213 0,000000
12295,112747 13454,872213 0,000000
12345,112747 13454,872213 0,000000
12395,112747 13454,872213 0,000000
12445,112747 13454,872213 0,000000
12495,112747 13454,872213 0,000000
12545,112747 13454,872213 0,000000
12595,112747 13454,872213 0,000000
12645,112747 13454,872213 0,000000
12695,112747 13454,872213 0,000000
12745,112747 13454,872213 0,000000
12795,112747 13454,872213 0,000000
12845,112747 13454,872213 0,000000
12895,112747 13454,872213 0,000000
12945,112747 13454,872213 0,000000
12995,112747 13454,872213 0,000000
13045,112747 13454,872213 0,000000
13095,112747 13454,872213 0,000000
13145,112747 13454,872213 0,000000
13195,112747 13454,872213 0,000000
13245,112747 13454,872213 0,000000
13295,112747 13454,872213 0,000000
13345,112747 13454,872213 0,000000
13395,112747 13454,872213 0,000000
13445,112747 13454,872213 0,000000
13495,112747 13454,872213 0,000000
13545,112747 13454,872213 0,000000
13595,112747 13454,872213 0,000000
13645,112747 13454,872213 0,000000
13695,112747 13454,872213 0,000000
13745,112747 13454,872213 0,000000
13795,112747 13454,872213 0,000000
13845,112747 13454,872213 0,000000
13895,112747 13454,872213 0,000000
13945,112747 13454,872213 0,000000
13995,112747 13454,872213 0,000000
6545,112747 13504,872213 0,000000
6595,112747 13504,872213 0,000000
6645,112747 13504,872213 0,000000
6695,112747 13504,872213 0,000000
6745,112747 13504,872213 0,000000
6795,112747 13504,872213 -0,000001
6845,112747 13504,872213 -0,000002
6895,112747 13504,872213 0,000003
6945,112747 13504,872213 0,000011
6995,112747 13504,872213 0,000008
7045,112747 13504,872213 -0,000017
7095,112747 13504,872213 -0,000038
7145,112747 13504,872213 -0,000029
7195,112747 13504,872213 -0,000003
7245,112747 13504,872213 0,000014
7295,112747 13504,872213 0,000021
7345,112747 13504,872213 0,000021
7395,112747 13504,872213 0,000014
7445,112747 13504,872213 -0,000003
7495,112747 13504,872213 -0,000029
7545,112747 13504,872213 -0,000038
7595,112747 13504,872213 -0,000017
7645,112747 13504,872213 0,000008
7695,112747 13504,872213 0,000011
7745,112747 13504,872213 0,000003
7795,112747 13504,872213 -0,000002
7845,112747 13504,872213 -0,000001
7895,112747 13504,872213 0,000000
7945,112747 13504,872213 0,000000
7995,112747 13504,872213 0,000000
8045,112747 13504,872213 0,000000
8095,112747 13504,872213 0,000000
8145,112747 13504,872213 0,000000
8195,112747 13504,872213 0,000000
8245,112747 13504,872213 0,000000
8295,112747 13504,872213 0,000000
8345,112747 13504,872213 0,000000
8395,112747 13504,872213 0,000000
8445,112747 13504,872213 0,000000
8495,112747 13504,872213 0,000000
8545,112747 13504,872213 0,000000
8595,112747 13504,872213 0,000000
8645,112747 13504,872213 0,000000
8695,112747 13504,872213 0,000000
8745,112747 13504,872213 0,000000
8795,112747 13504,872213 0,000000
8845,112747 13504,872213 0,000000
8895,112747 13504,872213 0,000000
8945,112747 13504,872213 0,000000
8995,112747 13504,872213 0,000000
9045,112747 13504,872213 0,000000
9095,112747 13504,872213 0,000000
9145,112747 13504,872213 0,000000
9195,112747 13504,872213 0,000000
9245,112747 13504,872213 0,000000
9295,112747 13504,872213 0,000000
9345,112747 13504,872213 0,000000
9395,112747 13504,872213 0,000000
9445,112747 13504,872213 0,000000
9495,112747 13504,872213 0,000000
9545,112747 13504,872213 0,000000
9595,112747 13504,872213 0,000000
9645,112747 13504,872213 0,000000
9695,112747 13504,872213 0,000000
9745,112747 13504,872213 0,000000
9795,112747 13504,872213 0,000000
9845,112747 13504,872213 0,000000
9895,112747 13504,872213 0,000000
9945,112747 13504,872213 0,000000
9995,112747 13504,872213 0,000000
10045,112747 13504,872213 0,000000
10095,112747 13504,872213 0,000000
10145,112747 13504,872213 0,000000
10195,112747 13504,872213 0,000000
10245,112747 13504,872213 0,000000
10295,112747 13504,872213 0,000000
10345,112747 13504,872213 0,000000
10395,112747 13504,872213 0,000000
10445,112747 13504,872213 0,000000
10495,112747 13504,872213 0,000000
10545,112747 13504,872213 0,000000
10595,112747 13504,872213 0,000000
10645,112747 13504,872213 -0,000004
10695,112747 13504,872213 -0,000001
10745,112747 13504,872213 0,000065
10795,112747 13504,872213 0,000061
10845,112747 13504,872213 -0,000948
10895,112747 13504,872213 -0,001978
10945,112747 13504,872213 0,010783
10995,112747 13504,872213 0,042093
11045,112747 13504,872213 -0,058812
11095,112747 13504,872213 -0,528470
11145,112747 13504,872213 -0,403879
11195,112747 13504,872213 2,529686
11245,112747 13504,872213 4,846808
11295,112747 13504,872213 4,846808
11345,112747 13504,872213 2,529686
11395,112747 13504,872213 -0,403879
11445,112747 13504,872213 -0,528470
11495,112747 13504,872213 -0,058812
11545,112747 13504,872213 0,042093
11595,112747 13504,872213 0,010783
11645,112747 13504,872213 -0,001978
11695,112747 13504,872213 -0,000948
11745,112747 13504,872213 0,000061
11795,112747 13504,872213 0,000065
11845,112747 13504,872213 -0,000001
11895,112747 13504,872213 -0,000004
11945,112747 13504,872213 0,000000
11995,112747 13504,872213 0,000000
12045,112747 13504,872213 0,000000
12095,112747 13504,872213 0,000000
12145,112747 13504,872213 0,000000
12195,112747 13504,872213 0,000000
12245,112747 13504,872213 0,000000
12295,112747 13504,872213 0,000000
12345,112747 13504,872213 0,000000
12395,112747 13504,872213 0,000000
12445,112747 13504,872213 0,000000
12495,112747 13504,872213 0,000000
12545,112747 13504,872213 0,000000
12595,112747 13504,872213 0,000000
12645,112747 13504,872213 0,000000
12695,112747 13504,872213 0,000000
12745,112747 13504,872213 0,000000
12795,112747 13504,872213 0,000000
12845,112747 13504,872213 0,000000
12895,112747 13504,872213 0,000000
12945,112747 13504,872213 0,000000
12995,112747 13504,872213 0,000000
13045,112747 13504,872213 0,000000
13095,112747 13504,872213 0,000000
13145,112747 13504,872213 0,000000
13195,112747 13504,872213 0,000000
13245,112747 13504,872213 0,000000
13295,112747 13504,872213 0,000000
13345,112747 13504,872213 0,000000
13395,112747 13504,872213 0,000000
13445,112747 13504,872213 0,000000
13495,112747 13504,872213 0,000000
13545,112747 13504,872213 0,000000
13595,112747 13504,872213 0,000000
13645,112747 13504,872213 0,000000
13695,112747 13504,872213 0,000000
13745,112747 13504,872213 0,000000
13795,112747 13504,872213 0,000000
13845,112747 13504,872213 0,000000
13895,112747 13504,872213 0,000000
13945,112747 13504,872213 0,000000
13995,112747 13504,872213 0,000000
6545,112747 13554,872213 0,000000
6595,112747 13554,872213 0,000000
6645,112747 13554,872213 0,000000
6695,112747 13554,872213 0,000000
6745,112747 13554,872213 -0,000001
6795,112747 13554,872213 -0,000002
6845,112747 13554,872213 0,000004
6895,112747 13554,872213 0,000016
6945,112747 13554,872213 0,000008
6995,112747 13554,872213 -0,000044
7045,112747 13554,872213 -0,000089
7095,112747 13554,872213 -0,000026
7145,112747 13554,872213 0,000110
7195,112747 13554,872213 0,000175
7245,112747 13554,872213 0,000162
7295,112747 13554,872213 0,000147
7345,112747 13554,872213 0,000147
7395,112747 13554,872213 0,000162
7445,112747 13554,872213 0,000175
7495,112747 13554,872213 0,000110
7545,112747 13554,872213 -0,000026
7595,112747 13554,872213 -0,000089
7645,112747 13554,872213 -0,000044
7695,112747 13554,872213 0,000008
7745,112747 13554,872213 0,000016
7795,112747 13554,872213 0,000004
7845,112747 13554,872213 -0,000002
7895,112747 13554,872213 -0,000001
7945,112747 13554,872213 0,000000
7995,112747 13554,872213 0,000000
8045,112747 13554,872213 0,000000
8095,112747 13554,872213 0,000000
8145,112747 13554,872213 0,000000
8195,112747 13554,872213 0,000000
8245,112747 13554,872213 0,000000
8295,112747 13554,872213 0,000000
8345,112747 13554,872213 0,000000
8395,112747 13554,872213 0,000000
8445,112747 13554,872213 0,000000
8495,112747 13554,872213 0,000000
8545,112747 13554,872213 0,000000
8595,112747 13554,872213 0,000000
8645,112747 13554,872213 0,000000
8695,112747 13554,872213 0,000000
8745,112747 13554,872213 0,000000
8795,112747 13554,872213 0,000000
8845,112747 13554,872213 0,000000
8895,112747 13554,872213 0,000000
8945,112747 13554,872213 0,000000
8995,112747 13554,872213 0,000000
9045,112747 13554,872213 0,000000
9095,112747 13554,872213 0,000000
9145,112747 13554,872213 0,000000
9195,112747 13554,872213 0,000000
9245,112747 13554,872213 0,000000
9295,112747 13554,872213 0,000000
9345,112747 13554,872213 0,000000
9395,112747 13554,872213 0,000000
9445,112747 13554,872213 0,000000
9495,112747 13554,872213 0,000000
9545,112747 13554,872213 0,000000
9595,112747 13554,872213 0,000000
9645,112747 13554,872213 0,000000
9695,112747 13554,872213 0,000000
9745,112747 13554,872213 0,000000
9795,112747 13554,872213 0,000000
9845,112747 13554,872213 0,000000
9895,112747 13554,872213 0,000000
9945,112747 13554,872213 0,000000
9995,112747 13554,872213 0,000000
10045,112747 13554,872213 0,000000
10095,112747 13554,872213 0,000000
10145,112747 13554,872213 0,000000
10195,112747 13554,872213 0,000000
10245,112747 13554,872213 0,000000
10295,112747 13554,872213 0,000000
10345,112747 13554,872213 0,000000
10395,112747 13554,872213 0,000000
10445,112747 13554,872213 0,000000
10495,112747 13554,872213 0,000000
10545,112747 13554,872213 0,000000
10595,112747 13554,872213 0,000000
10645,112747 13554,872213 -0,000004
10695,112747 13554,872213 -0,000011
10745,112747 13554,872213 0,000041
10795,112747 13554,872213 0,000201
10845,112747 13554,872213 -0,000269
10895,112747 13554,872213 -0,002939
10945,112747 13554,872213 -0,001683
10995,112747 13554,872213 0,027561
11045,112747 13554,872213 0,062440
11095,112747 13554,872213 -0,101127
11145,112747 13554,872213 -0,528470
11195,112747 13554,872213 -0,395343
11245,112747 13554,872213 0,477559
11295,112747 13554,872213 0,477559
11345,112747 13554,872213 -0,395343
11395,112747 13554,872213 -0,528470
11445,112747 13554,872213 -0,101127
11495,112747 13554,872213 0,062440
11545,112747 13554,872213 0,027561
11595,112747 13554,872213 -0,001683
11645,112747 13554,872213 -0,002939
11695,112747 13554,872213 -0,000269
11745,112747 13554,872213 0,000201
11795,112747 13554,872213 0,000041
11845,112747 13554,872213 -0,000011
11895,112747 13554,872213 -0,000004
11945,112747 13554,872213 0,000000
11995,112747 13554,872213 0,000000
12045,112747 13554,872213 0,000000
12095,112747 13554,872213 0,000000
12145,112747 13554,872213 0,000000
12195,112747 13554,872213 0,000000
12245,112747 13554,872213 0,000000
12295,112747 13554,872213 0,000000
12345,112747 13554,872213 0,000000
12395,112747 13554,872213 0,000000
12445,112747 13554,872213 0,000000
12495,112747 13554,872213 0,000000
12545,112747 13554,872213 0,000000
12595,112747 13554,872213 0,000000
12645,112747 13554,872213 0,000000
12695,112747 13554,872213 0,000000
12745,112747 13554,872213 0,000000
12795,112747 13554,872213 0,000000
12845,112747 13554,872213 0,000000
12895,112747 13554,872213 0,000000
12945,112747 13554,872213 0,000000
12995,112747 13554,872213 0,000000
13045,112747 13554,872213 0,000000
13095,112747 13554,872213 0,000000
13145,112747 13554,872213 0,000000
13195,112747 13554,872213 0,000000
13245,112747 13554,872213 0,000000
13295,112747 13554,872213 0,000000
13345,112747 13554,872213 0,000000
13395,112747 13554,872213 0,000000
13445,112747 13554,872213 0,000000
13495,112747 13554,872213 0,000000
13545,112747 13554,872213 0,000000
13595,112747 13554,872213 0,000000
13645,112747 13554,872213 0,000000
13695,112747 13554,872213 0,000000
13745,112747 13554,872213 0,000000
13795,112747 13554,872213 0,000000
13845,112747 13554,872213 0,000000
13895,112747 13554,872213 0,000000
13945,112747 13554,872213 0,000000
13995,112747 13554,872213 0,000000
6545,112747 13604,872213 0,000000
6595,112747 13604,872213 0,000000
6645,112747 13604,872213 0,000000
6695,112747 13604,872213 -0,000001
6745,112747 13604,872213 -0,000002
6795,112747 13604,872213 0,000004
6845,112747 13604,872213 0,000018
6895,112747 13604,872213 0,000008
6945,112747 13604,872213 -0,000073
6995,112747 13604,872213 -0,000146
7045,112747 13604,872213 0,000027
7095,112747 13604,872213 0,000428
7145,112747 13604,872213 0,000541
7195,112747 13604,872213 0,000164
7245,112747 13604,872213 -0,000190
7295,112747 13604,872213 -0,000319
7345,112747 13604,872213 -0,000319
7395,112747 13604,872213 -0,000190
7445,112747 13604,872213 0,000164
7495,112747 13604,872213 0,000541
7545,112747 13604,872213 0,000428
7595,112747 13604,872213 0,000027
7645,112747 13604,872213 -0,000146
7695,112747 13604,872213 -0,000073
7745,112747 13604,872213 0,000007
7795,112747 13604,872213 0,000018
7845,112747 13604,872213 0,000004
7895,112747 13604,872213 -0,000002
7945,112747 13604,872213 -0,000001
7995,112747 13604,872213 0,000000
8045,112747 13604,872213 0,000000
8095,112747 13604,872213 0,000000
8145,112747 13604,872213 0,000000
8195,112747 13604,872213 0,000000
8245,112747 13604,872213 0,000000
8295,112747 13604,872213 0,000000
8345,112747 13604,872213 0,000000
8395,112747 13604,872213 0,000000
8445,112747 13604,872213 0,000000
8495,112747 13604,872213 0,000000
8545,112747 13604,872213 0,000000
8595,112747 13604,872213 0,000000
8645,112747 13604,872213 0,000000
8695,112747 13604,872213 0,000000
8745,112747 13604,872213 0,000000
8795,112747 13604,872213 0,000000
8845,112747 13604,872213 0,000000
8895,112747 13604,872213 0,000000
8945,112747 13604,872213 0,000000
8995,112747 13604,872213 0,000000
9045,112747 13604,872213 0,000000
9095,112747 13604,872213 0,000000
9145,112747 13604,872213 0,000000
9195,112747 13604,872213 0,000000
9245,112747 13604,872213 0,000000
9295,112747 13604,872213 0,000000
9345,112747 13604,872213 0,000000
9395,112747 13604,872213 0,000000
9445,112747 13604,872213 0,000000
9495,112747 13604,872213 0,000000
9545,112747 13604,872213 0,000000
9595,112747 13604,872213 0,000000
9645,112747 13604,872213 0,000000
9695,112747 13604,872213 0,000000
9745,112747 13604,872213 0,000000
9795,112747 13604,872213 0,000000
9845,112747 13604,872213 0,000000
9895,112747 13604,872213 0,000000
9945,112747 13604,872213 0,000000
9995,112747 13604,872213 0,000000
10045,112747 13604,872213 0,000000
10095,112747 13604,872213 0,000000
10145,112747 13604,872213 0,000000
10195,112747 13604,872213 0,000000
10245,112747 13604,872213 0,000000
10295,112747 13604,872213 0,000000
10345,112747 13604,872213 0,000000
10395,112747 13604,872213 0,000000
10445,112747 13604,872213 0,000000
10495,112747 13604,872213 0,000000
10545,112747 13604,872213 0,000000
10595,112747 13604,872213 0,000001
10645,112747 13604,872213 -0,000001
10695,112747 13604,872213 -0,000014
10745,112747 13604,872213 -0,000010
10795,112747 13604,872213 0,000159
10845,112747 13604,872213 0,000370
10895,112747 13604,872213 -0,001041
10945,112747 13604,872213 -0,005275
10995,112747 13604,872213 -0,000463
11045,112747 13604,872213 0,036434
11095,112747 13604,872213 0,062440
11145,112747 13604,872213 -0,058812
11195,112747 13604,872213 -0,253168
11245,112747 13604,872213 -0,242663
11295,112747 13604,872213 -0,242663
11345,112747 13604,872213 -0,253168
11395,112747 13604,872213 -0,058812
11445,112747 13604,872213 0,062440
11495,112747 13604,872213 0,036434
11545,112747 13604,872213 -0,000463
11595,112747 13604,872213 -0,005275
11645,112747 13604,872213 -0,001041
11695,112747 13604,872213 0,000370
11745,112747 13604,872213 0,000159
11795,112747 13604,872213 -0,000010
11845,112747 13604,872213 -0,000014
11895,112747 13604,872213 -0,000001
11945,112747 13604,872213 0,000001
11995,112747 13604,872213 0,000000
12045,112747 13604,872213 0,000000
12095,112747 13604,872213 0,000000
12145,112747 13604,872213 0,000000
12195,112747 13604,872213 0,000000
12245,112747 13604,872213 0,000000
12295,112747 13604,872213 0,000000
12345,112747 13604,872213 0,000000
12395,112747 13604,872213 0,000000
12445,112747 13604,872213 0,000000
12495,112747 13604,872213 0,000000
12545,112747 13604,872213 0,000000
12595,112747 13604,872213 0,000000
12645,112747 13604,872213 0,000000
12695,112747 13604,872213 0,000000
12745,112747 13604,872213 0,000000
12795,112747 13604,872213 0,000000
12845,112747 13604,872213 0,000000
12895,112747 13604,872213 0,000000
12945,112747 13604,872213 0,000000
12995,112747 13604,872213 0,000000
13045,112747 13604,872213 0,000000
13095,112747 13604,872213 0,000000
13145,112747 13604,872213 0,000000
13195,112747 13604,872213 0,000000
13245,112747 13604,872213 0,000000
13295,112747 13604,872213 0,000000
13345,112747 13604,872213 0,000000
13395,112747 13604,872213 0,000000
13445,112747 13604,872213 0,000000
13495,112747 13604,872213 0,000000
13545,112747 13604,872213 0,000000
13595,112747 13604,872213 0,000000
13645,112747 13604,872213 0,000000
13695,112747 13604,872213 0,000000
13745,112747 13604,872213 0,000000
13795,112747 13604,872213 0,000000
13845,112747 13604,872213 0,000000
13895,112747 13604,872213 0,000000
13945,112747 13604,872213 0,000000
13995,112747 13604,872213 0,000000
6545,112747 13654,872213 0,000000
6595,112747 13654,872213 0,000000
6645,112747 13654,872213 -0,000001
6695,112747 13654,872213 -0,000002
6745,112747 13654,872213 0,000003
6795,112747 13654,872213 0,000016
6845,112747 13654,872213 0,000008
6895,112747 13654,872213 -0,000086
6945,112747 13654,872213 -0,000184
6995,112747 13654,872213 0,000112
7045,112747 13654,872213 0,000905
7095,112747 13654,872213 0,000996
7145,112747 13654,872213 -0,000724
7195,112747 13654,872213 -0,002550
7245,112747 13654,872213 -0,002629
7295,112747 13654,872213 -0,002273
7345,112747 13654,872213 -0,002273
7395,112747 13654,872213 -0,002629
7445,112747 13654,872213 -0,002550
7495,112747 13654,872213 -0,000724
7545,112747 13654,872213 0,000996
7595,112747 13654,872213 0,000905
7645,112747 13654,872213 0,000112
7695,112747 13654,872213 -0,000184
7745,112747 13654,872213 -0,000086
7795,112747 13654,872213 0,000007
7845,112747 13654,872213 0,000016
7895,112747 13654,872213 0,000003
7945,112747 13654,872213 -0,000001
7995,112747 13654,872213 -0,000001
8045,112747 13654,872213 0,000000
8095,112747 13654,872213 0,000000
8145,112747 13654,872213 0,000000
8195,112747 13654,872213 0,000000
8245,112747 13654,872213 0,000000
8295,112747 13654,872213 0,000000
8345,112747 13654,872213 0,000000
8395,112747 13654,872213 0,000000
8445,112747 13654,872213 0,000000
8495,112747 13654,872213 0,000000
8545,112747 13654,872213 0,000000
8595,112747 13654,872213 0,000000
8645,112747 13654,872213 0,000000
8695,112747 13654,872213 0,000000
8745,112747 13654,872213 0,000000
8795,112747 13654,872213 0,000000
8845,112747 13654,872213 0,000000
8895,112747 13654,872213 0,000000
8945,112747 13654,872213 0,000000
8995,112747 13654,872213 0,000000
9045,112747 13654,872213 0,000000
9095,112747 13654,872213 0,000000
9145,112747 13654,872213 0,000000
9195,112747 13654,872213 0,000000
9245,112747 13654,872213 0,000000
9295,112747 13654,872213 0,000000
9345,112747 13654,872213 0,000000
9395,112747 13654,872213 0,000000
9445,112747 13654,872213 0,000000
9495,112747 13654,872213 0,000000
9545,112747 13654,872213 0,000000
9595,112747 13654,872213 0,000000
9645,112747 13654,872213 0,000000
9695,112747 13654,872213 0,000000
9745,112747 13654,872213 0,000000
9795,112747 13654,872213 0,000000
9845,112747 13654,872213 0,000000
9895,112747 13654,872213 0,000000
9945,112747 13654,872213 0,000000
9995,112747 13654,872213 0,000000
10045,112747 13654,872213 0,000000
10095,112747 13654,872213 0,000000
10145,112747 13654,872213 0,000000
10195,112747 13654,872213 0,000000
10245,112747 13654,872213 0,000000
10295,112747 13654,872213 0,000000
10345,112747 13654,872213 0,000000
10395,112747 13654,872213 0,000000
10445,112747 13654,872213 0,000000
10495,112747 13654,872213 0,000000
10545,112747 13654,872213 0,000000
10595,112747 13654,872213 0,000001
10645,112747 13654,872213 0,000002
10695,112747 13654,872213 -0,000006
10745,112747 13654,872213 -0,000033
10795,112747 13654,872213 0,000010
10845,112747 13654,872213 0,000336
10895,112747 13654,872213 0,000493
10945,112747 13654,872213 -0,001771
10995,112747 13654,872213 -0,006341
11045,112747 13654,872213 -0,000463
11095,112747 13654,872213 0,027561
11145,112747 13654,872213 0,042093
11195,112747 13654,872213 0,002480
11245,112747 13654,872213 -0,031189
11295,112747 13654,872213 -0,031189
11345,112747 13654,872213 0,002480
11395,112747 13654,872213 0,042093
11445,112747 13654,872213 0,027561
11495,112747 13654,872213 -0,000463
11545,112747 13654,872213 -0,006341
11595,112747 13654,872213 -0,001771
11645,112747 13654,872213 0,000493
11695,112747 13654,872213 0,000336
11745,112747 13654,872213 0,000010
11795,112747 13654,872213 -0,000033
11845,112747 13654,872213 -0,000006
11895,112747 13654,872213 0,000002
11945,112747 13654,872213 0,000001
11995,112747 13654,872213 0,000000
12045,112747 13654,872213 0,000000
12095,112747 13654,872213 0,000000
12145,112747 13654,872213 0,000000
12195,112747 13654,872213 0,000000
12245,112747 13654,872213 0,000000
12295,112747 13654,872213 0,000000
12345,112747 13654,872213 0,000000
12395,112747 13654,872213 0,000000
12445,112747 13654,872213 0,000000
12495,112747 13654,872213 0,000000
12545,112747 13654,872213 0,000000
12595,112747 13654,872213 0,000000
12645,112747 13654,872213 0,000000
12695,112747 13654,872213 0,000000
12745,112747 13654,872213 0,000000
12795,112747 13654,872213 0,000000
12845,112747 13654,872213 0,000000
12895,112747 13654,872213 0,000000
12945,112747 13654,872213 0,000000
12995,112747 13654,872213 0,000000
13045,112747 13654,872213 0,000000
13095,112747 13654,872213 0,000000
13145,112747 13654,872213 0,000000
13195,112747 13654,872213 0,000000
13245,112747 13654,872213 0,000000
13295,112747 13654,872213 0,000000
13345,112747 13654,872213 0,000000
13395,112747 13654,872213 0,000000
13445,112747 13654,872213 0,000000
13495,112747 13654,872213 0,000000
13545,112747 13654,872213 0,000000
13595,112747 13654,872213 0,000000
13645,112747 13654,872213 0,000000
13695,112747 13654,872213 0,000000
13745,112747 13654,872213 0,000000
13795,112747 13654,872213 0,000000
13845,112747 13654,872213 0,000000
13895,112747 13654,872213 0,000000
13945,112747 13654,872213 0,000000
13995,112747 13654,872213 0,000000
6545,112747 13704,872213 0,000000
6595,112747 13704,872213 0,000000
6645,112747 13704,872213 -0,000001
6695,112747 13704,872213 0,000001
6745,112747 13704,872213 0,000011
6795,112747 13704,872213 0,000008
6845,112747 13704,872213 -0,000073
6895,112747 13704,872213 -0,000184
6945,112747 13704,872213 0,000155
6995,112747 13704,872213 0,001278
7045,112747 13704,872213 0,001328
7095,112747 13704,872213 -0,002802
7145,112747 13704,872213 -0,007909
7195,112747 13704,872213 -0,005325
7245,112747 13704,872213 0,002072
7295,112747 13704,872213 0,005031
7345,112747 13704,872213 0,005031
7395,112747 13704,872213 0,002072
7445,112747 13704,872213 -0,005325
7495,112747 13704,872213 -0,007909
7545,112747 13704,872213 -0,002802
7595,112747 13704,872213 0,001328
7645,112747 13704,872213 0,001278
7695,112747 13704,872213 0,000155
7745,112747 13704,872213 -0,000184
7795,112747 13704,872213 -0,000073
7845,112747 13704,872213 0,000008
7895,112747 13704,872213 0,000011
7945,112747 13704,872213 0,000001
7995,112747 13704,872213 -0,000001
8045,112747 13704,872213 0,000000
8095,112747 13704,872213 0,000000
8145,112747 13704,872213 0,000000
8195,112747 13704,872213 0,000000
8245,112747 13704,872213 0,000000
8295,112747 13704,872213 0,000000
8345,112747 13704,872213 0,000000
8395,112747 13704,872213 0,000000
8445,112747 13704,872213 0,000000
8495,112747 13704,872213 0,000000
8545,112747 13704,872213 0,000000
8595,112747 13704,872213 0,000000
8645,112747 13704,872213 0,000000
8695,112747 13704,872213 0,000000
8745,112747 13704,872213 0,000000
8795,112747 13704,872213 0,000000
8845,112747 13704,872213 0,000000
8895,112747 13704,872213 0,000000
8945,112747 13704,872213 0,000000
8995,112747 13704,872213 0,000000
9045,112747 13704,872213 0,000000
9095,112747 13704,872213 0,000000
9145,112747 13704,872213 0,000000
9195,112747 13704,872213 0,000000
9245,112747 13704,872213 0,000000
9295,112747 13704,872213 0,000000
9345,112747 13704,872213 0,000000
9395,112747 13704,872213 0,000000
9445,112747 13704,872213 0,000000
9495,112747 13704,872213 0,000000
9545,112747 13704,872213 0,000000
9595,112747 13704,872213 0,000000
9645,112747 13704,872213 0,000000
9695,112747 13704,872213 0,000000
9745,112747 13704,872213 0,000000
9795,112747 13704,872213 0,000000
9845,112747 13704,872213 0,000000
9895,112747 13704,872213 0,000000
9945,112747 13704,872213 0,000000
9995,112747 13704,872213 0,000000
10045,112747 13704,872213 0,000000
10095,112747 13704,872213 0,000000
10145,112747 13704,872213 0,000000
10195,112747 13704,872213 0,000000
10245,112747 13704,872213 0,000000
10295,112747 13704,872213 0,000000
10345,112747 13704,872213 0,000000
10395,112747 13704,872213 0,000000
10445,112747 13704,872213 0,000000
10495,112747 13704,872213 0,000000
10545,112747 13704,872213 0,000000
10595,112747 13704,872213 0,000000
10645,112747 13704,872213 0,000002
10695,112747 13704,872213 0,000003
10745,112747 13704,872213 -0,000016
10795,112747 13704,872213 -0,000054
10845,112747 13704,872213 0,000042
10895,112747 13704,872213 0,000475
10945,112747 13704,872213 0,000535
10995,112747 13704,872213 -0,001771
11045,112747 13704,872213 -0,005275
11095,112747 13704,872213 -0,001683
11145,112747 13704,872213 0,010783
11195,112747 13704,872213 0,016555
11245,112747 13704,872213 0,013578
11295,112747 13704,872213 0,013578
11345,112747 13704,872213 0,016555
11395,112747 13704,872213 0,010783
11445,112747 13704,872213 -0,001683
11495,112747 13704,872213 -0,005275
11545,112747 13704,872213 -0,001771
11595,112747 13704,872213 0,000535
11645,112747 13704,872213 0,000475
11695,112747 13704,872213 0,000042
11745,112747 13704,872213 -0,000054
11795,112747 13704,872213 -0,000016
11845,112747 13704,872213 0,000003
11895,112747 13704,872213 0,000002
11945,112747 13704,872213 0,000000
11995,112747 13704,872213 0,000000
12045,112747 13704,872213 0,000000
12095,112747 13704,872213 0,000000
12145,112747 13704,872213 0,000000
12195,112747 13704,872213 0,000000
12245,112747 13704,872213 0,000000
12295,112747 13704,872213 0,000000
12345,112747 13704,872213 0,000000
12395,112747 13704,872213 0,000000
12445,112747 13704,872213 0,000000
12495,112747 13704,872213 0,000000
12545,112747 13704,872213 0,000000
12595,112747 13704,872213 0,000000
12645,112747 13704,872213 0,000000
12695,112747 13704,872213 0,000000
12745,112747 13704,872213 0,000000
12795,112747 13704,872213 0,000000
12845,112747 13704,872213 0,000000
12895,112747 13704,872213 0,000000
12945,112747 13704,872213 0,000000
12995,112747 13704,872213 0,000000
13045,112747 13704,872213 0,000000
13095,112747 13704,872213 0,000000
13145,112747 13704,872213 0,000000
13195,112747 13704,872213 0,000000
13245,112747 13704,872213 0,000000
13295,112747 13704,872213 0,000000
13345,112747 13704,872213 0,000000
13395,112747 13704,872213 0,000000
13445,112747 13704,872213 0,000000
13495,112747 13704,872213 0,000000
13545,112747 13704,872213 0,000000
13595,112747 13704,872213 0,000000
13645,112747 13704,872213 0,000000
13695,112747 13704,872213 0,000000
13745,112747 13704,872213 0,000000
13795,112747 13704,872213 0,000000
13845,112747 13704,872213 0,000000
13895,112747 13704,872213 0,000000
13945,112747 13704,872213 0,000000
13995,112747 13704,872213 0,000000
6545,112747 13754,872213 0,000000
6595,112747 13754,872213 -0,000001
6645,112747 13754,872213 0,000000
6695,112747 13754,872213 0,000006
6745,112747 13754,872213 0,000008
6795,112747 13754,872213 -0,000044
6845,112747 13754,872213 -0,000146
6895,112747 13754,872213 0,000112
6945,112747 13754,872213 0,001278
6995,112747 13754,872213 0,001439
7045,112747 13754,872213 -0,004766
7095,112747 13754,872213 -0,014197
7145,112747 13754,872213 -0,004529
7195,112747 13754,872213 0,029022
7245,112747 13754,872213 0,044557
7295,112747 13754,872213 0,036545
7345,112747 13754,872213 0,036545
7395,112747 13754,872213 0,044557
7445,112747 13754,872213 0,029022
7495,112747 13754,872213 -0,004529
7545,112747 13754,872213 -0,014197
7595,112747 13754,872213 -0,004766
7645,112747 13754,872213 0,001439
7695,112747 13754,872213 0,001278
7745,112747 13754,872213 0,000112
7795,112747 13754,872213 -0,000146
7845,112747 13754,872213 -0,000044
7895,112747 13754,872213 0,000008
7945,112747 13754,872213 0,000006
7995,112747 13754,872213 0,000000
8045,112747 13754,872213 0,000000
8095,112747 13754,872213 0,000000
8145,112747 13754,872213 0,000000
8195,112747 13754,872213 0,000000
8245,112747 13754,872213 0,000000
8295,112747 13754,872213 0,000000
8345,112747 13754,872213 0,000000
8395,112747 13754,872213 0,000000
8445,112747 13754,872213 0,000000
8495,112747 13754,872213 0,000000
8545,112747 13754,872213 0,000000
8595,112747 13754,872213 0,000000
8645,112747 13754,872213 0,000000
8695,112747 13754,872213 0,000000
8745,112747 13754,872213 0,000000
8795,112747 13754,872213 0,000000
8845,112747 13754,872213 0,000000
8895,112747 13754,872213 0,000000
8945,112747 13754,872213 0,000000
8995,112747 13754,872213 0,000000
9045,112747 13754,872213 0,000000
9095,112747 13754,872213 0,000000
9145,112747 13754,872213 0,000000
9195,112747 13754,872213 0,000000
9245,112747 13754,872213 0,000000
9295,112747 13754,872213 0,000000
9345,112747 13754,872213 0,000000
9395,112747 13754,872213 0,000000
9445,112747 13754,872213 0,000000
9495,112747 13754,872213 0,000000
9545,112747 13754,872213 0,000000
9595,112747 13754,872213 0,000000
9645,112747 13754,872213 0,000000
9695,112747 13754,872213 0,000000
9745,112747 13754,872213 0,000000
9795,112747 13754,872213 0,000000
9845,112747 13754,872213 0,000000
9895,112747 13754,872213 0,000000
9945,112747 13754,872213 0,000000
9995,112747 13754,872213 0,000000
10045,112747 13754,872213 0,000000
10095,112747 13754,872213 0,000000
10145,112747 13754,872213 0,000000
10195,112747 13754,872213 0,000000
10245,112747 13754,872213 0,000000
10295,112747 13754,872213 0,000000
10345,112747 13754,872213 0,000000
10395,112747 13754,872213 0,000000
10445,112747 13754,872213 0,000000
10495,112747 13754,872213 0,000000
10545,112747 13754,872213 0,000000
10595,112747 13754,872213 0,000000
10645,112747 13754,872213 0,000000
10695,112747 13754,872213 0,000004
10745,112747 13754,872213 0,000003
10795,112747 13754,872213 -0,000027
10845,112747 13754,872213 -0,000068
10895,112747 13754,872213 0,000057
10945,112747 13754,872213 0,000475
10995,112747 13754,872213 0,000493
11045,112747 13754,872213 -0,001041
11095,112747 13754,872213 -0,002939
11145,112747 13754,872213 -0,001978
11195,112747 13754,872213 0,000770
11245,112747 13754,872213 0,001869
11295,112747 13754,872213 0,001869
11345,112747 13754,872213 0,000770
11395,112747 13754,872213 -0,001978
11445,112747 13754,872213 -0,002939
11495,112747 13754,872213 -0,001041
11545,112747 13754,872213 0,000493
11595,112747 13754,872213 0,000475
11645,112747 13754,872213 0,000057
11695,112747 13754,872213 -0,000068
11745,112747 13754,872213 -0,000027
11795,112747 13754,872213 0,000003
11845,112747 13754,872213 0,000004
11895,112747 13754,872213 0,000000
11945,112747 13754,872213 0,000000
11995,112747 13754,872213 0,000000
12045,112747 13754,872213 0,000000
12095,112747 13754,872213 0,000000
12145,112747 13754,872213 0,000000
12195,112747 13754,872213 0,000000
12245,112747 13754,872213 0,000000
12295,112747 13754,872213 0,000000
12345,112747 13754,872213 0,000000
12395,112747 13754,872213 0,000000
12445,112747 13754,872213 0,000000
12495,112747 13754,872213 0,000000
12545,112747 13754,872213 0,000000
12595,112747 13754,872213 0,000000
12645,112747 13754,872213 0,000000
12695,112747 13754,872213 0,000000
12745,112747 13754,872213 0,000000
12795,112747 13754,872213 0,000000
12845,112747 13754,872213 0,000000
12895,112747 13754,872213 0,000000
12945,112747 13754,872213 0,000000
12995,112747 13754,872213 0,000000
13045,112747 13754,872213 0,000000
13095,112747 13754,872213 0,000000
13145,112747 13754,872213 0,000000
13195,112747 13754,872213 0,000000
13245,112747 13754,872213 0,000000
13295,112747 13754,872213 0,000000
13345,112747 13754,872213 0,000000
13395,112747 13754,872213 0,000000
13445,112747 13754,872213 0,000000
13495,112747 13754,872213 0,000000
13545,112747 13754,872213 0,000000
13595,112747 13754,872213 0,000000
13645,112747 13754,872213 0,000000
13695,112747 13754,872213 0,000000
13745,112747 13754,872213 0,000000
13795,112747 13754,872213 0,000000
13845,112747 13754,872213 0,000000
13895,112747 13754,872213 0,000000
13945,112747 13754,872213 0,000000
13995,112747 13754,872213 0,000000
6545,112747 13804,872213 0,000000
6595,112747 13804,872213 0,000000
6645,112747 13804,872213 0,000002
6695,112747 13804,872213 0,000005
6745,112747 13804,872213 -0,000017
6795,112747 13804,872213 -0,000089
6845,112747 13804,872213 0,000027
6895,112747 13804,872213 0,000905
6945,112747 13804,872213 0,001328
6995,112747 13804,872213 -0,004766
7045,112747 13804,872213 -0,017066
7095,112747 13804,872213 -0,001245
7145,112747 13804,872213 0,074178
7195,112747 13804,872213 0,113290
7245,112747 13804,872213 0,006674
7295,112747 13804,872213 -0,083944
7345,112747 13804,872213 -0,083944
7395,112747 13804,872213 0,006674
7445,112747 13804,872213 0,113290
7495,112747 13804,872213 0,074178
7545,112747 13804,872213 -0,001245
7595,112747 13804,872213 -0,017066
7645,112747 13804,872213 -0,004766
7695,112747 13804,872213 0,001328
7745,112747 13804,872213 0,000905
7795,112747 13804,872213 0,000027
7845,112747 13804,872213 -0,000089
7895,112747 13804,872213 -0,000017
7945,112747 13804,872213 0,000005
7995,112747 13804,872213 0,000002
8045,112747 13804,872213 0,000000
8095,112747 13804,872213 0,000000
8145,112747 13804,872213 0,000000
8195,112747 13804,872213 0,000000
8245,112747 13804,872213 0,000000
8295,112747 13804,872213 0,000000
8345,112747 13804,872213 0,000000
8395,112747 13804,872213 0,000000
8445,112747 13804,872213 0,000000
8495,112747 13804,872213 0,000000
8545,112747 13804,872213 0,000000
8595,112747 13804,872213 0,000000
8645,112747 13804,872213 0,000000
8695,112747 13804,872213 0,000000
8745,112747 13804,872213 0,000000
8795,112747 13804,872213 0,000000
8845,112747 13804,872213 0,000000
8895,112747 13804,872213 0,000000
8945,112747 13804,872213 0,000000
8995,112747 13804,872213 0,000000
9045,112747 13804,872213 0,000000
9095,112747 13804,872213 0,000000
9145,112747 13804,872213 0,000000
9195,112747 13804,872213 0,000000
9245,112747 13804,872213 0,000000
9295,112747 13804,872213 0,000000
9345,112747 13804,872213 0,000000
9395,112747 13804,872213 0,000000
9445,112747 13804,872213 0,000000
9495,112747 13804,872213 0,000000
9545,112747 13804,872213 0,000000
9595,112747 13804,872213 0,000000
9645,112747 13804,872213 0,000000
9695,112747 13804,872213 0,000000
9745,112747 13804,872213 0,000000
9795,112747 13804,872213 0,000000
9845,112747 13804,872213 0,000000
9895,112747 13804,872213 0,000000
9945,112747 13804,872213 0,000000
9995,112747 13804,872213 0,000000
10045,112747 13804,872213 0,000000
10095,112747 13804,872213 0,000000
10145,112747 13804,872213 0,000000
10195,112747 13804,872213 0,000000
10245,112747 13804,872213 0,000000
10295,112747 13804,872213 0,000000
10345,112747 13804,872213 0,000000
10395,112747 13804,872213 0,000000
10445,112747 13804,872213 0,000000
10495,112747 13804,872213 0,000000
10545,112747 13804,872213 0,000000
10595,112747 13804,872213 0,000000
10645,112747 13804,872213 -0,000001
10695,112747 13804,872213 0,000001
10745,112747 13804,872213 0,000006
10795,112747 13804,872213 0,000003
10845,112747 13804,872213 -0,000032
10895,112747 13804,872213 -0,000068
10945,112747 13804,872213 0,000042
10995,112747 13804,872213 0,000336
11045,112747 13804,872213 0,000370
11095,112747 13804,872213 -0,000269
11145,112747 13804,872213 -0,000948
11195,112747 13804,872213 -0,000977
11245,112747 13804,872213 -0,000845
11295,112747 13804,872213 -0,000845
11345,112747 13804,872213 -0,000977
11395,112747 13804,872213 -0,000948
11445,112747 13804,872213 -0,000269
11495,112747 13804,872213 0,000370
11545,112747 13804,872213 0,000336
11595,112747 13804,872213 0,000042
11645,112747 13804,872213 -0,000068
11695,112747 13804,872213 -0,000032
11745,112747 13804,872213 0,000003
11795,112747 13804,872213 0,000006
11845,112747 13804,872213 0,000001
11895,112747 13804,872213 -0,000001
11945,112747 13804,872213 0,000000
11995,112747 13804,872213 0,000000
12045,112747 13804,872213 0,000000
12095,112747 13804,872213 0,000000
12145,112747 13804,872213 0,000000
12195,112747 13804,872213 0,000000
12245,112747 13804,872213 0,000000
12295,112747 13804,872213 0,000000
12345,112747 13804,872213 0,000000
12395,112747 13804,872213 0,000000
12445,112747 13804,872213 0,000000
12495,112747 13804,872213 0,000000
12545,112747 13804,872213 0,000000
12595,112747 13804,872213 0,000000
12645,112747 13804,872213 0,000000
12695,112747 13804,872213 0,000000
12745,112747 13804,872213 0,000000
12795,112747 13804,872213 0,000000
12845,112747 13804,872213 0,000000
12895,112747 13804,872213 0,000000
12945,112747 13804,872213 0,000000
12995,112747 13804,872213 0,000000
13045,112747 13804,872213 0,000000
13095,112747 13804,872213 0,000000
13145,112747 13804,872213 0,000000
13195,112747 13804,872213 0,000000
13245,112747 13804,872213 0,000000
13295,112747 13804,872213 0,000000
13345,112747 13804,872213 0,000000
13395,112747 13804,872213 0,000000
13445,112747 13804,872213 0,000000
13495,112747 13804,872213 0,000000
13545,112747 13804,872213 0,000000
13595,112747 13804,872213 0,000000
13645,112747 13804,872213 0,000000
13695,112747 13804,872213 0,000000
13745,112747 13804,872213 0,000000
13795,112747 13804,872213 0,000000
13845,112747 13804,872213 0,000000
13895,112747 13804,872213 0,000000
13945,112747 13804,872213 0,000000
13995,112747 13804,872213 0,000000
6545,112747 13854,872213 0,000000
6595,112747 13854,872213 0,000000
6645,112747 13854,872213 0,000003
6695,112747 13854,872213 -0,000002
6745,112747 13854,872213 -0,000038
6795,112747 13854,872213 -0,000026
6845,112747 13854,872213 0,000428
6895,112747 13854,872213 0,000996
6945,112747 13854,872213 -0,002802
6995,112747 13854,872213 -0,014197
7045,112747 13854,872213 -0,001245
7095,112747 13854,872213 0,098061
7145,112747 13854,872213 0,168054
7195,112747 13854,872213 -0,158288
7245,112747 13854,872213 -0,681384
7295,112747 13854,872213 -0,653112
7345,112747 13854,872213 -0,653112
7395,112747 13854,872213 -0,681384
7445,112747 13854,872213 -0,158288
7495,112747 13854,872213 0,168054
7545,112747 13854,872213 0,098061
7595,112747 13854,872213 -0,001245
7645,112747 13854,872213 -0,014197
7695,112747 13854,872213 -0,002802
7745,112747 13854,872213 0,000996
7795,112747 13854,872213 0,000428
7845,112747 13854,872213 -0,000026
7895,112747 13854,872213 -0,000038
7945,112747 13854,872213 -0,000002
7995,112747 13854,872213 0,000003
8045,112747 13854,872213 0,000000
8095,112747 13854,872213 0,000000
8145,112747 13854,872213 0,000000
8195,112747 13854,872213 0,000000
8245,112747 13854,872213 0,000000
8295,112747 13854,872213 0,000000
8345,112747 13854,872213 0,000000
8395,112747 13854,872213 0,000000
8445,112747 13854,872213 0,000000
8495,112747 13854,872213 0,000000
8545,112747 13854,872213 0,000000
8595,112747 13854,872213 0,000000
8645,112747 13854,872213 0,000000
8695,112747 13854,872213 0,000000
8745,112747 13854,872213 0,000000
8795,112747 13854,872213 0,000000
8845,112747 13854,872213 0,000000
8895,112747 13854,872213 0,000000
8945,112747 13854,872213 0,000000
8995,112747 13854,872213 0,000000
9045,112747 13854,872213 0,000000
9095,112747 13854,872213 0,000000
9145,112747 13854,872213 0,000000
9195,112747 13854,872213 0,000000
9245,112747 13854,872213 0,000000
9295,112747 13854,872213 0,000000
9345,112747 13854,872213 0,000000
9395,112747 13854,872213 0,000000
9445,112747 13854,872213 0,000000
9495,112747 13854,872213 0,000000
9545,112747 13854,872213 0,000000
9595,112747 13854,872213 0,000000
9645,112747 13854,872213 0,000000
9695,112747 13854,872213 0,000000
9745,112747 13854,872213 0,000000
9795,112747 13854,872213 0,000000
9845,112747 13854,872213 0,000000
9895,112747 13854,872213 0,000000
9945,112747 13854,872213 0,000000
9995,112747 13854,872213 0,000000
10045,112747 13854,872213 0,000000
10095,112747 13854,872213 0,000000
10145,112747 13854,872213 0,000000
10195,112747 13854,872213 0,000000
10245,112747 13854,872213 0,000000
10295,112747 13854,872213 0,000000
10345,112747 13854,872213 0,000000
10395,112747 13854,872213 0,000000
10445,112747 13854,872213 0,000000
10495,112747 13854,872213 0,000000
10545,112747 13854,872213 0,000000
10595,112747 13854,872213 0,000000
10645,112747 13854,872213 0,000000
10695,112747 13854,872213 -0,000001
10745,112747 13854,872213 0,000001
10795,112747 13854,872213 0,000007
10845,112747 13854,872213 0,000003
10895,112747 13854,872213 -0,000027
10945,112747 13854,872213 -0,000054
10995,112747 13854,872213 0,000010
11045,112747 13854,872213 0,000159
11095,112747 13854,872213 0,000201
11145,112747 13854,872213 0,000061
11195,112747 13854,872213 -0,000070
11245,112747 13854,872213 -0,000118
11295,112747 13854,872213 -0,000118
11345,112747 13854,872213 -0,000070
11395,112747 13854,872213 0,000061
11445,112747 13854,872213 0,000201
11495,112747 13854,872213 0,000159
11545,112747 13854,872213 0,000010
11595,112747 13854,872213 -0,000054
11645,112747 13854,872213 -0,000027
11695,112747 13854,872213 0,000003
11745,112747 13854,872213 0,000007
11795,112747 13854,872213 0,000001
11845,112747 13854,872213 -0,000001
11895,112747 13854,872213 0,000000
11945,112747 13854,872213 0,000000
11995,112747 13854,872213 0,000000
12045,112747 13854,872213 0,000000
12095,112747 13854,872213 0,000000
12145,112747 13854,872213 0,000000
12195,112747 13854,872213 0,000000
12245,112747 13854,872213 0,000000
12295,112747 13854,872213 0,000000
12345,112747 13854,872213 0,000000
12395,112747 13854,872213 0,000000
12445,112747 13854,872213 0,000000
12495,112747 13854,872213 0,000000
12545,112747 13854,872213 0,000000
12595,112747 13854,872213 0,000000
12645,112747 13854,872213 0,000000
12695,112747 13854,872213 0,000000
12745,112747 13854,872213 0,000000
12795,112747 13854,872213 0,000000
12845,112747 13854,872213 0,000000
12895,112747 13854,872213 0,000000
12945,112747 13854,872213 0,000000
12995,112747 13854,872213 0,000000
13045,112747 13854,872213 0,000000
13095,112747 13854,872213 0,000000
13145,112747 13854,872213 0,000000
13195,112747 13854,872213 0,000000
13245,112747 13854,872213 0,000000
13295,112747 13854,872213 0,000000
13345,112747 13854,872213 0,000000
13395,112747 13854,872213 0,000000
13445,112747 13854,872213 0,000000
13495,112747 13854,872213 0,000000
13545,112747 13854,872213 0,000000
13595,112747 13854,872213 0,000000
13645,112747 13854,872213 0,000000
13695,112747 13854,872213 0,000000
13745,112747 13854,872213 0,000000
13795,112747 13854,872213 0,000000
13845,112747 13854,872213 0,000000
13895,112747 13854,872213 0,000000
13945,112747 13854,872213 0,000000
13995,112747 13854,872213 0,000000
6545,112747 13904,872213 0,000000
6595,112747 13904,872213 0,000001
6645,112747 13904,872213 0,000001
6695,112747 13904,872213 -0,000010
6745,112747 13904,872213 -0,000029
6795,112747 13904,872213 0,000110
6845,112747 13904,872213 0,000541
6895,112747 13904,872213 -0,000724
6945,112747 13904,872213 -0,007909
6995,112747 13904,872213 -0,004529
7045,112747 13904,872213 0,074178
7095,112747 13904,872213 0,168054
7145,112747 13904,872213 -0,272176
7195,112747 13904,872213 -1,422342
7245,112747 13904,872213 -1,064040
7295,112747 13904,872213 1,285319
7345,112747 13904,872213 1,285319
7395,112747 13904,872213 -1,064040
7445,112747 13904,872213 -1,422342
7495,112747 13904,872213 -0,272176
7545,112747 13904,872213 0,168054
7595,112747 13904,872213 0,074178
7645,112747 13904,872213 -0,004529
7695,112747 13904,872213 -0,007909
7745,112747 13904,872213 -0,000724
7795,112747 13904,872213 0,000541
7845,112747 13904,872213 0,000110
7895,112747 13904,872213 -0,000029
7945,112747 13904,872213 -0,000010
7995,112747 13904,872213 0,000001
8045,112747 13904,872213 0,000001
8095,112747 13904,872213 0,000000
8145,112747 13904,872213 0,000000
8195,112747 13904,872213 0,000000
8245,112747 13904,872213 0,000000
8295,112747 13904,872213 0,000000
8345,112747 13904,872213 0,000000
8395,112747 13904,872213 0,000000
8445,112747 13904,872213 0,000000
8495,112747 13904,872213 0,000000
8545,112747 13904,872213 0,000000
8595,112747 13904,872213 0,000000
8645,112747 13904,872213 0,000000
8695,112747 13904,872213 0,000000
8745,112747 13904,872213 0,000000
8795,112747 13904,872213 0,000000
8845,112747 13904,872213 0,000000
8895,112747 13904,872213 0,000000
8945,112747 13904,872213 0,000000
8995,112747 13904,872213 0,000000
9045,112747 13904,872213 0,000000
9095,112747 13904,872213 0,000000
9145,112747 13904,872213 0,000000
9195,112747 13904,872213 0,000000
9245,112747 13904,872213 0,000000
9295,112747 13904,872213 0,000000
9345,112747 13904,872213 0,000000
9395,112747 13904,872213 0,000000
9445,112747 13904,872213 0,000000
9495,112747 13904,872213 0,000000
9545,112747 13904,872213 0,000000
9595,112747 13904,872213 0,000000
9645,112747 13904,872213 0,000000
9695,112747 13904,872213 0,000000
9745,112747 13904,872213 0,000000
9795,112747 13904,872213 0,000000
9845,112747 13904,872213 0,000000
9895,112747 13904,872213 0,000000
9945,112747 13904,872213 0,000000
9995,112747 13904,872213 0,000000
10045,112747 13904,872213 0,000000
10095,112747 13904,872213 0,000000
10145,112747 13904,872213 0,000000
10195,112747 13904,872213 0,000000
10245,112747 13904,872213 0,000000
10295,112747 13904,872213 0,000000
10345,112747 13904,872213 0,000000
10395,112747 13904,872213 0,000000
10445,112747 13904,872213 0,000000
10495,112747 13904,872213 0,000000
10545,112747 13904,872213 0,000000
10595,112747 13904,872213 0,000000
10645,112747 13904,872213 0,000000
10695,112747 13904,872213 0,000000
10745,112747 13904,872213 -0,000001
10795,112747 13904,872213 0,000001
10845,112747 13904,872213 0,000006
10895,112747 13904,872213 0,000003
10945,112747 13904,872213 -0,000016
10995,112747 13904,872213 -0,000033
11045,112747 13904,872213 -0,000010
11095,112747 13904,872213 0,000041
11145,112747 13904,872213 0,000065
11195,112747 13904,872213 0,000060
11245,112747 13904,872213 0,000055
11295,112747 13904,872213 0,000055
11345,112747 13904,872213 0,000060
11395,112747 13904,872213 0,000065
11445,112747 13904,872213 0,000041
11495,112747 13904,872213 -0,000010
11545,112747 13904,872213 -0,000033
11595,112747 13904,872213 -0,000016
11645,112747 13904,872213 0,000003
11695,112747 13904,872213 0,000006
11745,112747 13904,872213 0,000001
11795,112747 13904,872213 -0,000001
11845,112747 13904,872213 0,000000
11895,112747 13904,872213 0,000000
11945,112747 13904,872213 0,000000
11995,112747 13904,872213 0,000000
12045,112747 13904,872213 0,000000
12095,112747 13904,872213 0,000000
12145,112747 13904,872213 0,000000
12195,112747 13904,872213 0,000000
12245,112747 13904,872213 0,000000
12295,112747 13904,872213 0,000000
12345,112747 13904,872213 0,000000
12395,112747 13904,872213 0,000000
12445,112747 13904,872213 0,000000
12495,112747 13904,872213 0,000000
12545,112747 13904,872213 0,000000
12595,112747 13904,872213 0,000000
12645,112747 13904,872213 0,000000
12695,112747 13904,872213 0,000000
12745,112747 13904,872213 0,000000
12795,112747 13904,872213 0,000000
12845,112747 13904,872213 0,000000
12895,112747 13904,872213 0,000000
12945,112747 13904,872213 0,000000
12995,112747 13904,872213 0,000000
13045,112747 13904,872213 0,000000
13095,112747 13904,872213 0,000000
13145,112747 13904,872213 0,000000
13195,112747 13904,872213 0,000000
13245,112747 13904,872213 0,000000
13295,112747 13904,872213 0,000000
13345,112747 13904,872213 0,000000
13395,112747 13904,872213 0,000000
13445,112747 13904,872213 0,000000
13495,112747 13904,872213 0,000000
13545,112747 13904,872213 0,000000
13595,112747 13904,872213 0,000000
13645,112747 13904,872213 0,000000
13695,112747 13904,872213 0,000000
13745,112747 13904,872213 0,000000
13795,112747 13904,872213 0,000000
13845,112747 13904,872213 0,000000
13895,112747 13904,872213 0,000000
13945,112747 13904,872213 0,000000
13995,112747 13904,872213 0,000000
6545,112747 13954,872213 0,000000
6595,112747 13954,872213 0,000001
6645,112747 13954,872213 0,000000
6695,112747 13954,872213 -0,000011
6745,112747 13954,872213 -0,000003
6795,112747 13954,872213 0,000175
6845,112747 13954,872213 0,000164
6895,112747 13954,872213 -0,002550
6945,112747 13954,872213 -0,005325
6995,112747 13954,872213 0,029022
7045,112747 13954,872213 0,113290
7095,112747 13954,872213 -0,158288
7145,112747 13954,872213 -1,422342
7195,112747 13954,872213 -1,087015
7245,112747 13954,872213 6,808480
7295,112747 13954,872213 13,044858
7345,112747 13954,872213 13,044858
7395,112747 13954,872213 6,808480
7445,112747 13954,872213 -1,087015
7495,112747 13954,872213 -1,422342
7545,112747 13954,872213 -0,158288
7595,112747 13954,872213 0,113290
7645,112747 13954,872213 0,029022
7695,112747 13954,872213 -0,005325
7745,112747 13954,872213 -0,002550
7795,112747 13954,872213 0,000164
7845,112747 13954,872213 0,000175
7895,112747 13954,872213 -0,000003
7945,112747 13954,872213 -0,000011
7995,112747 13954,872213 0,000000
8045,112747 13954,872213 0,000001
8095,112747 13954,872213 0,000000
8145,112747 13954,872213 0,000000
8195,112747 13954,872213 0,000000
8245,112747 13954,872213 0,000000
8295,112747 13954,872213 0,000000
8345,112747 13954,872213 0,000000
8395,112747 13954,872213 0,000000
8445,112747 13954,872213 0,000000
8495,112747 13954,872213 0,000000
8545,112747 13954,872213 0,000000
8595,112747 13954,872213 0,000000
8645,112747 13954,872213 0,000000
8695,112747 13954,872213 0,000000
8745,112747 13954,872213 0,000000
8795,112747 13954,872213 0,000000
8845,112747 13954,872213 0,000000
8895,112747 13954,872213 0,000000
8945,112747 13954,872213 0,000000
8995,112747 13954,872213 0,000000
9045,112747 13954,872213 0,000000
9095,112747 13954,872213 0,000000
9145,112747 13954,872213 0,000000
9195,112747 13954,872213 0,000000
9245,112747 13954,872213 0,000000
9295,112747 13954,872213 0,000000
9345,112747 13954,872213 0,000000
9395,112747 13954,872213 0,000000
9445,112747 13954,872213 0,000000
9495,112747 13954,872213 0,000000
9545,112747 13954,872213 0,000000
9595,112747 13954,872213 0,000000
9645,112747 13954,872213 0,000000
9695,112747 13954,872213 0,000000
9745,112747 13954,872213 0,000000
9795,112747 13954,872213 0,000000
9845,112747 13954,872213 0,000000
9895,112747 13954,872213 0,000000
9945,112747 13954,872213 0,000000
9995,112747 13954,872213 0,000000
10045,112747 13954,872213 0,000000
10095,112747 13954,872213 0,000000
10145,112747 13954,872213 0,000000
10195,112747 13954,872213 0,000000
10245,112747 13954,872213 0,000000
10295,112747 13954,872213 0,000000
10345,112747 13954,872213 0,000000
10395,112747 13954,872213 0,000000
10445,112747 13954,872213 0,000000
10495,112747 13954,872213 0,000000
10545,112747 13954,872213 0,000000
10595,112747 13954,872213 0,000000
10645,112747 13954,872213 0,000000
10695,112747 13954,872213 0,000000
10745,112747 13954,872213 0,000000
10795,112747 13954,872213 -0,000001
10845,112747 13954,872213 0,000001
10895,112747 13954,872213 0,000004
10945,112747 13954,872213 0,000003
10995,112747 13954,872213 -0,000006
11045,112747 13954,872213 -0,000014
11095,112747 13954,872213 -0,000011
11145,112747 13954,872213 -0,000001
11195,112747 13954,872213 0,000005
11245,112747 13954,872213 0,000008
11295,112747 13954,872213 0,000008
11345,112747 13954,872213 0,000005
11395,112747 13954,872213 -0,000001
11445,112747 13954,872213 -0,000011
11495,112747 13954,872213 -0,000014
11545,112747 13954,872213 -0,000006
11595,112747 13954,872213 0,000003
11645,112747 13954,872213 0,000004
11695,112747 13954,872213 0,000001
11745,112747 13954,872213 -0,000001
11795,112747 13954,872213 0,000000
11845,112747 13954,872213 0,000000
11895,112747 13954,872213 0,000000
11945,112747 13954,872213 0,000000
11995,112747 13954,872213 0,000000
12045,112747 13954,872213 0,000000
12095,112747 13954,872213 0,000000
12145,112747 13954,872213 0,000000
12195,112747 13954,872213 0,000000
12245,112747 13954,872213 0,000000
12295,112747 13954,872213 0,000000
12345,112747 13954,872213 0,000000
12395,112747 13954,872213 0,000000
12445,112747 13954,872213 0,000000
12495,112747 13954,872213 0,000000
12545,112747 13954,872213 0,000000
12595,112747 13954,872213 0,000000
12645,112747 13954,872213 0,000000
12695,112747 13954,872213 0,000000
12745,112747 13954,872213 0,000000
12795,112747 13954,872213 0,000000
12845,112747 13954,872213 0,000000
12895,112747 13954,872213 0,000000
12945,112747 13954,872213 0,000000
12995,112747 13954,872213 0,000000
13045,112747 13954,872213 0,000000
13095,112747 13954,872213 0,000000
13145,112747 13954,872213 0,000000
13195,112747 13954,872213 0,000000
13245,112747 13954,872213 0,000000
13295,112747 13954,872213 0,000000
13345,112747 13954,872213 0,000000
13395,112747 13954,872213 0,000000
13445,112747 13954,872213 0,000000
13495,112747 13954,872213 0,000000
13545,112747 13954,872213 0,000000
13595,112747 13954,872213 0,000000
13645,112747 13954,872213 0,000000
13695,112747 13954,872213 0,000000
13745,112747 13954,872213 0,000000
13795,112747 13954,872213 0,000000
13845,112747 13954,872213 0,000000
13895,112747 13954,872213 0,000000
13945,112747 13954,872213 0,000000
13995,112747 13954,872213 0,000000
6545,112747 14004,872213 0,000000
6595,112747 14004,872213 0,000001
6645,112747 14004,872213 -0,000001
6695,112747 14004,872213 -0,000010
6745,112747 14004,872213 0,000014
6795,112747 14004,872213 0,000162
6845,112747 14004,872213 -0,000190
6895,112747 14004,872213 -0,002629
6945,112747 14004,872213 0,002072
6995,112747 14004,872213 0,044557
7045,112747 14004,872213 0,006674
7095,112747 14004,872213 -0,681384
7145,112747 14004,872213 -1,064040
7195,112747 14004,872213 6,808480
7245,112747 14004,872213 21,928385
7295,112747 14004,872213 -9,721632
7345,112747 14004,872213 -9,721632
7395,112747 14004,872213 21,928385
7445,112747 14004,872213 6,808480
7495,112747 14004,872213 -1,064040
7545,112747 14004,872213 -0,681384
7595,112747 14004,872213 0,006674
7645,112747 14004,872213 0,044557
7695,112747 14004,872213 0,002072
7745,112747 14004,872213 -0,002629
7795,112747 14004,872213 -0,000190
7845,112747 14004,872213 0,000162
7895,112747 14004,872213 0,000014
7945,112747 14004,872213 -0,000010
7995,112747 14004,872213 -0,000001
8045,112747 14004,872213 0,000001
8095,112747 14004,872213 0,000000
8145,112747 14004,872213 0,000000
8195,112747 14004,872213 0,000000
8245,112747 14004,872213 0,000000
8295,112747 14004,872213 0,000000
8345,112747 14004,872213 0,000000
8395,112747 14004,872213 0,000000
8445,112747 14004,872213 0,000000
8495,112747 14004,872213 0,000000
8545,112747 14004,872213 0,000000
8595,112747 14004,872213 0,000000
8645,112747 14004,872213 0,000000
8695,112747 14004,872213 0,000000
8745,112747 14004,872213 0,000000
8795,112747 14004,872213 0,000000
8845,112747 14004,872213 0,000000
8895,112747 14004,872213 0,000000
8945,112747 14004,872213 0,000000
8995,112747 14004,872213 0,000000
9045,112747 14004,872213 0,000000
9095,112747 14004,872213 0,000000
9145,112747 14004,872213 0,000000
9195,112747 14004,872213 0,000000
9245,112747 14004,872213 0,000000
9295,112747 14004,872213 0,000000
9345,112747 14004,872213 0,000000
9395,112747 14004,872213 0,000000
9445,112747 14004,872213 0,000000
9495,112747 14004,872213 0,000000
9545,112747 14004,872213 0,000000
9595,112747 14004,872213 0,000000
9645,112747 14004,872213 0,000000
9695,112747 14004,872213 0,000000
9745,112747 14004,872213 0,000000
9795,112747 14004,872213 0,000000
9845,112747 14004,872213 0,000000
9895,112747 14004,872213 0,000000
9945,112747 14004,872213 0,000000
9995,112747 14004,872213 0,000000
10045,112747 14004,872213 0,000000
10095,112747 14004,872213 0,000000
10145,112747 14004,872213 0,000000
10195,112747 14004,872213 0,000000
10245,112747 14004,872213 0,000000
10295,112747 14004,872213 0,000000
10345,112747 14004,872213 0,000000
10395,112747 14004,872213 0,000000
10445,112747 14004,872213 0,000000
10495,112747 14004,872213 0,000000
10545,112747 14004,872213 0,000000
10595,112747 14004,872213 0,000000
10645,112747 14004,872213 0,000000
10695,112747 14004,872213 0,000000
10745,112747 14004,872213 0,000000
10795,112747 14004,872213 0,000000
10845,112747 14004,872213 -0,000001
10895,112747 14004,872213 0,000000
10945,112747 14004,872213 0,000002
10995,112747 14004,872213 0,000002
11045,112747 14004,872213 -0,000001
11095,112747 14004,872213 -0,000004
11145,112747 14004,872213 -0,000004
11195,112747 14004,872213 -0,000004
11245,112747 14004,872213 -0,000004
11295,112747 14004,872213 -0,000004
11345,112747 14004,872213 -0,000004
11395,112747 14004,872213 -0,000004
11445,112747 14004,872213 -0,000004
11495,112747 14004,872213 -0,000001
11545,112747 14004,872213 0,000002
11595,112747 14004,872213 0,000002
11645,112747 14004,872213 0,000000
11695,112747 14004,872213 -0,000001
11745,112747 14004,872213 0,000000
11795,112747 14004,872213 0,000000
11845,112747 14004,872213 0,000000
11895,112747 14004,872213 0,000000
11945,112747 14004,872213 0,000000
11995,112747 14004,872213 0,000000
12045,112747 14004,872213 0,000000
12095,112747 14004,872213 0,000000
12145,112747 14004,872213 0,000000
12195,112747 14004,872213 0,000000
12245,112747 14004,872213 0,000000
12295,112747 14004,872213 0,000000
12345,112747 14004,872213 0,000000
12395,112747 14004,872213 0,000000
12445,112747 14004,872213 0,000000
12495,112747 14004,872213 0,000000
12545,112747 14004,872213 0,000000
12595,112747 14004,872213 0,000000
12645,112747 14004,872213 0,000000
12695,112747 14004,872213 0,000000
12745,112747 14004,872213 0,000000
12795,112747 14004,872213 0,000000
12845,112747 14004,872213 0,000000
12895,112747 14004,872213 0,000000
12945,112747 14004,872213 0,000000
12995,112747 14004,872213 0,000000
13045,112747 14004,872213 0,000000
13095,112747 14004,872213 0,000000
13145,112747 14004,872213 0,000000
13195,112747 14004,872213 0,000000
13245,112747 14004,872213 0,000000
13295,112747 14004,872213 0,000000
13345,112747 14004,872213 0,000000
13395,112747 14004,872213 0,000000
13445,112747 14004,872213 0,000000
13495,112747 14004,872213 0,000000
13545,112747 14004,872213 0,000000
13595,112747 14004,872213 0,000000
13645,112747 14004,872213 0,000000
13695,112747 14004,872213 0,000000
13745,112747 14004,872213 0,000000
13795,112747 14004,872213 0,000000
13845,112747 14004,872213 0,000000
13895,112747 14004,872213 0,000000
13945,112747 14004,872213 0,000000
13995,112747 14004,872213 0,000000
6545,112747 14054,872213 0,000000
6595,112747 14054,872213 0,000001
6645,112747 14054,872213 -0,000001
6695,112747 14054,872213 -0,000010
6745,112747 14054,872213 0,000021
6795,112747 14054,872213 0,000147
6845,112747 14054,872213 -0,000319
6895,112747 14054,872213 -0,002273
6945,112747 14054,872213 0,005031
6995,112747 14054,872213 0,036545
7045,112747 14054,872213 -0,083944
7095,112747 14054,872213 -0,653112
7145,112747 14054,872213 1,285319
7195,112747 14054,872213 13,044858
7245,112747 14054,872213 -9,721632
7295,112747 14054,872213 -245,153482
7345,112747 14054,872213 -245,153482
7395,112747 14054,872213 -9,721632
7445,112747 14054,872213 13,044858
7495,112747 14054,872213 1,285319
7545,112747 14054,872213 -0,653112
7595,112747 14054,872213 -0,083944
7645,112747 14054,872213 0,036545
7695,112747 14054,872213 0,005031
7745,112747 14054,872213 -0,002273
7795,112747 14054,872213 -0,000319
7845,112747 14054,872213 0,000147
7895,112747 14054,872213 0,000021
7945,112747 14054,872213 -0,000010
7995,112747 14054,872213 -0,000001
8045,112747 14054,872213 0,000001
8095,112747 14054,872213 0,000000
8145,112747 14054,872213 0,000000
8195,112747 14054,872213 0,000000
8245,112747 14054,872213 0,000000
8295,112747 14054,872213 0,000000
8345,112747 14054,872213 0,000000
8395,112747 14054,872213 0,000000
8445,112747 14054,872213 0,000000
8495,112747 14054,872213 0,000000
8545,112747 14054,872213 0,000000
8595,112747 14054,872213 0,000000
8645,112747 14054,872213 0,000000
8695,112747 14054,872213 0,000000
8745,112747 14054,872213 0,000000
8795,112747 14054,872213 0,000000
8845,112747 14054,872213 0,000000
8895,112747 14054,872213 0,000000
8945,112747 14054,872213 0,000000
8995,112747 14054,872213 0,000000
9045,112747 14054,872213 0,000000
9095,112747 14054,872213 0,000000
9145,112747 14054,872213 0,000000
9195,112747 14054,872213 0,000000
9245,112747 14054,872213 0,000000
9295,112747 14054,872213 0,000000
9345,112747 14054,872213 0,000000
9395,112747 14054,872213 0,000000
9445,112747 14054,872213 0,000000
9495,112747 14054,872213 0,000000
9545,112747 14054,872213 0,000000
9595,112747 14054,872213 0,000000
9645,112747 14054,872213 0,000000
9695,112747 14054,872213 0,000000
9745,112747 14054,872213 0,000000
9795,112747 14054,872213 0,000000
9845,112747 14054,872213 0,000000
9895,112747 14054,872213 0,000000
9945,112747 14054,872213 0,000000
9995,112747 14054,872213 0,000000
10045,112747 14054,872213 0,000000
10095,112747 14054,872213 0,000000
10145,112747 14054,872213 0,000000
10195,112747 14054,872213 0,000000
10245,112747 14054,872213 0,000000
10295,112747 14054,872213 0,000000
10345,112747 14054,872213 0,000000
10395,112747 14054,872213 0,000000
10445,112747 14054,872213 0,000000
10495,112747 14054,872213 0,000000
10545,112747 14054,872213 0,000000
10595,112747 14054,872213 0,000000
10645,112747 14054,872213 0,000000
10695,112747 14054,872213 0,000000
10745,112747 14054,872213 0,000000
10795,112747 14054,872213 0,000000
10845,112747 14054,872213 0,000000
10895,112747 14054,872213 0,000000
10945,112747 14054,872213 0,000000
10995,112747 14054,872213 0,000001
11045,112747 14054,872213 0,000001
11095,112747 14054,872213 0,000000
11145,112747 14054,872213 0,000000
11195,112747 14054,872213 0,000000
11245,112747 14054,872213 -0,000001
11295,112747 14054,872213 -0,000001
11345,112747 14054,872213 0,000000
11395,112747 14054,872213 0,000000
11445,112747 14054,872213 0,000000
11495,112747 14054,872213 0,000001
11545,112747 14054,872213 0,000001
11595,112747 14054,872213 0,000000
11645,112747 14054,872213 0,000000
11695,112747 14054,872213 0,000000
11745,112747 14054,872213 0,000000
11795,112747 14054,872213 0,000000
11845,112747 14054,872213 0,000000
11895,112747 14054,872213 0,000000
11945,112747 14054,872213 0,000000
11995,112747 14054,872213 0,000000
12045,112747 14054,872213 0,000000
12095,112747 14054,872213 0,000000
12145,112747 14054,872213 0,000000
12195,112747 14054,872213 0,000000
12245,112747 14054,872213 0,000000
12295,112747 14054,872213 0,000000
12345,112747 14054,872213 0,000000
12395,112747 14054,872213 0,000000
12445,112747 14054,872213 0,000000
12495,112747 14054,872213 0,000000
12545,112747 14054,872213 0,000000
12595,112747 14054,872213 0,000000
12645,112747 14054,872213 0,000000
12695,112747 14054,872213 0,000000
12745,112747 14054,872213 0,000000
12795,112747 14054,872213 0,000000
12845,112747 14054,872213 0,000000
12895,112747 14054,872213 0,000000
12945,112747 14054,872213 0,000000
12995,112747 14054,872213 0,000000
13045,112747 14054,872213 0,000000
13095,112747 14054,872213 0,000000
13145,112747 14054,872213 0,000000
13195,112747 14054,872213 0,000000
13245,112747 14054,872213 0,000000
13295,112747 14054,872213 0,000000
13345,112747 14054,872213 0,000000
13395,112747 14054,872213 0,000000
13445,112747 14054,872213 0,000000
13495,112747 14054,872213 0,000000
13545,112747 14054,872213 0,000000
13595,112747 14054,872213 0,000000
13645,112747 14054,872213 0,000000
13695,112747 14054,872213 0,000000
13745,112747 14054,872213 0,000000
13795,112747 14054,872213 0,000000
13845,112747 14054,872213 0,000000
13895,112747 14054,872213 0,000000
13945,112747 14054,872213 0,000000
13995,112747 14054,872213 0,000000
6545,112747 14104,872213 0,000000
6595,112747 14104,872213 0,000001
6645,112747 14104,872213 -0,000001
6695,112747 14104,872213 -0,000010
6745,112747 14104,872213 0,000021
6795,112747 14104,872213 0,000147
6845,112747 14104,872213 -0,000319
6895,112747 14104,872213 -0,002273
6945,112747 14104,872213 0,005031
6995,112747 14104,872213 0,036545
7045,112747 14104,872213 -0,083944
7095,112747 14104,872213 -0,653112
7145,112747 14104,872213 1,285319
7195,112747 14104,872213 13,044858
7245,112747 14104,872213 -9,721632
7295,112747 14104,872213 -245,153482
7345,112747 14104,872213 -245,153482
7395,112747 14104,872213 -9,721632
7445,112747 14104,872213 13,044858
7495,112747 14104,872213 1,285319
7545,112747 14104,872213 -0,653112
7595,112747 14104,872213 -0,083944
7645,112747 14104,872213 0,036545
7695,112747 14104,872213 0,005031
7745,112747 14104,872213 -0,002273
7795,112747 14104,872213 -0,000319
7845,112747 14104,872213 0,000147
7895,112747 14104,872213 0,000021
7945,112747 14104,872213 -0,000010
7995,112747 14104,872213 -0,000001
8045,112747 14104,872213 0,000001
8095,112747 14104,872213 0,000000
8145,112747 14104,872213 0,000000
8195,112747 14104,872213 0,000000
8245,112747 14104,872213 0,000000
8295,112747 14104,872213 0,000000
8345,112747 14104,872213 0,000000
8395,112747 14104,872213 0,000000
8445,112747 14104,872213 0,000000
8495,112747 14104,872213 0,000000
8545,112747 14104,872213 0,000000
8595,112747 14104,872213 0,000000
8645,112747 14104,872213 0,000000
8695,112747 14104,872213 0,000000
8745,112747 14104,872213 0,000000
8795,112747 14104,872213 0,000000
8845,112747 14104,872213 0,000000
8895,112747 14104,872213 0,000000
8945,112747 14104,872213 0,000000
8995,112747 14104,872213 0,000000
9045,112747 14104,872213 0,000000
9095,112747 14104,872213 0,000000
9145,112747 14104,872213 0,000000
9195,112747 14104,872213 0,000000
9245,112747 14104,872213 0,000000
9295,112747 14104,872213 0,000000
9345,112747 14104,872213 0,000000
9395,112747 14104,872213 0,000000
9445,112747 14104,872213 0,000000
9495,112747 14104,872213 0,000000
9545,112747 14104,872213 0,000000
9595,112747 14104,872213 0,000000
9645,112747 14104,872213 0,000000
9695,112747 14104,872213 0,000000
9745,112747 14104,872213 0,000000
9795,112747 14104,872213 0,000000
9845,112747 14104,872213 0,000000
9895,112747 14104,872213 0,000000
9945,112747 14104,872213 0,000000
9995,112747 14104,872213 0,000000
10045,112747 14104,872213 0,000000
10095,112747 14104,872213 0,000000
10145,112747 14104,872213 0,000000
10195,112747 14104,872213 0,000000
10245,112747 14104,872213 0,000000
10295,112747 14104,872213 0,000000
10345,112747 14104,872213 0,000000
10395,112747 14104,872213 0,000000
10445,112747 14104,872213 0,000000
10495,112747 14104,872213 0,000000
10545,112747 14104,872213 0,000000
10595,112747 14104,872213 0,000000
10645,112747 14104,872213 0,000000
10695,112747 14104,872213 0,000000
10745,112747 14104,872213 0,000000
10795,112747 14104,872213 0,000000
10845,112747 14104,872213 0,000000
10895,112747 14104,872213 0,000000
10945,112747 14104,872213 0,000000
10995,112747 14104,872213 0,000000
11045,112747 14104,872213 0,000000
11095,112747 14104,872213 0,000000
11145,112747 14104,872213 0,000000
11195,112747 14104,872213 0,000000
11245,112747 14104,872213 0,000000
11295,112747 14104,872213 0,000000
11345,112747 14104,872213 0,000000
11395,112747 14104,872213 0,000000
11445,112747 14104,872213 0,000000
11495,112747 14104,872213 0,000000
11545,112747 14104,872213 0,000000
11595,112747 14104,872213 0,000000
11645,112747 14104,872213 0,000000
11695,112747 14104,872213 0,000000
11745,112747 14104,872213 0,000000
11795,112747 14104,872213 0,000000
11845,112747 14104,872213 0,000000
11895,112747 14104,872213 0,000000
11945,112747 14104,872213 0,000000
11995,112747 14104,872213 0,000000
12045,112747 14104,872213 0,000000
12095,112747 14104,872213 0,000000
12145,112747 14104,872213 0,000000
12195,112747 14104,872213 0,000000
12245,112747 14104,872213 0,000000
12295,112747 14104,872213 0,000000
12345,112747 14104,872213 0,000000
12395,112747 14104,872213 0,000000
12445,112747 14104,872213 0,000000
12495,112747 14104,872213 0,000000
12545,112747 14104,872213 0,000000
12595,112747 14104,872213 0,000000
12645,112747 14104,872213 0,000000
12695,112747 14104,872213 0,000000
12745,112747 14104,872213 0,000000
12795,112747 14104,872213 0,000000
12845,112747 14104,872213 0,000000
12895,112747 14104,872213 0,000000
12945,112747 14104,872213 0,000000
12995,112747 14104,872213 0,000000
13045,112747 14104,872213 0,000000
13095,112747 14104,872213 0,000000
13145,112747 14104,872213 0,000000
13195,112747 14104,872213 0,000000
13245,112747 14104,872213 0,000000
13295,112747 14104,872213 0,000000
13345,112747 14104,872213 0,000000
13395,112747 14104,872213 0,000000
13445,112747 14104,872213 0,000000
13495,112747 14104,872213 0,000000
13545,112747 14104,872213 0,000000
13595,112747 14104,872213 0,000000
13645,112747 14104,872213 0,000000
13695,112747 14104,872213 0,000000
13745,112747 14104,872213 0,000000
13795,112747 14104,872213 0,000000
13845,112747 14104,872213 0,000000
13895,112747 14104,872213 0,000000
13945,112747 14104,872213 0,000000
13995,112747 14104,872213 0,000000
6545,112747 14154,872213 0,000000
6595,112747 14154,872213 0,000001
6645,112747 14154,872213 -0,000001
6695,112747 14154,872213 -0,000010
6745,112747 14154,872213 0,000014
6795,112747 14154,872213 0,000162
6845,112747 14154,872213 -0,000190
6895,112747 14154,872213 -0,002629
6945,112747 14154,872213 0,002072
6995,112747 14154,872213 0,044557
7045,112747 14154,872213 0,006674
7095,112747 14154,872213 -0,681384
7145,112747 14154,872213 -1,064040
7195,112747 14154,872213 6,808480
7245,112747 14154,872213 21,928385
7295,112747 14154,872213 -9,721632
7345,112747 14154,872213 -9,721632
7395,112747 14154,872213 21,928385
7445,112747 14154,872213 6,808480
7495,112747 14154,872213 -1,064040
7545,112747 14154,872213 -0,681384
7595,112747 14154,872213 0,006674
7645,112747 14154,872213 0,044557
7695,112747 14154,872213 0,002072
7745,112747 14154,872213 -0,002629
7795,112747 14154,872213 -0,000190
7845,112747 14154,872213 0,000162
7895,112747 14154,872213 0,000014
7945,112747 14154,872213 -0,000010
7995,112747 14154,872213 -0,000001
8045,112747 14154,872213 0,000001
8095,112747 14154,872213 0,000000
8145,112747 14154,872213 0,000000
8195,112747 14154,872213 0,000000
8245,112747 14154,872213 0,000000
8295,112747 14154,872213 0,000000
8345,112747 14154,872213 0,000000
8395,112747 14154,872213 0,000000
8445,112747 14154,872213 0,000000
8495,112747 14154,872213 0,000000
8545,112747 14154,872213 0,000000
8595,112747 14154,872213 0,000000
8645,112747 14154,872213 0,000000
8695,112747 14154,872213 0,000000
8745,112747 14154,872213 0,000000
8795,112747 14154,872213 0,000000
8845,112747 14154,872213 0,000000
8895,112747 14154,872213 0,000000
8945,112747 14154,872213 0,000000
8995,112747 14154,872213 0,000000
9045,112747 14154,872213 0,000000
9095,112747 14154,872213 0,000000
9145,112747 14154,872213 0,000000
9195,112747 14154,872213 0,000000
9245,112747 14154,872213 0,000000
9295,112747 14154,872213 0,000000
9345,112747 14154,872213 0,000000
9395,112747 14154,872213 0,000000
9445,112747 14154,872213 0,000000
9495,112747 14154,872213 0,000000
9545,112747 14154,872213 0,000000
9595,112747 14154,872213 0,000000
9645,112747 14154,872213 0,000000
9695,112747 14154,872213 0,000000
9745,112747 14154,872213 0,000000
9795,112747 14154,872213 0,000000
9845,112747 14154,872213 0,000000
9895,112747 14154,872213 0,000000
9945,112747 14154,872213 0,000000
9995,112747 14154,872213 0,000000
10045,112747 14154,872213 0,000000
10095,112747 14154,872213 0,000000
10145,112747 14154,872213 0,000000
10195,112747 14154,872213 0,000000
10245,112747 14154,872213 0,000000
10295,112747 14154,872213 0,000000
10345,112747 14154,872213 0,000000
10395,112747 14154,872213 0,000000
10445,112747 14154,872213 0,000000
10495,112747 14154,872213 0,000000
10545,112747 14154,872213 0,000000
10595,112747 14154,872213 0,000000
10645,112747 14154,872213 0,000000
10695,112747 14154,872213 0,000000
10745,112747 14154,872213 0,000000
10795,112747 14154,872213 0,000000
10845,112747 14154,872213 0,000000
10895,112747 14154,872213 0,000000
10945,112747 14154,872213 0,000000
10995,112747 14154,872213 0,000000
11045,112747 14154,872213 0,000000
11095,112747 14154,872213 0,000000
11145,112747 14154,872213 0,000000
11195,112747 14154,872213 0,000000
11245,112747 14154,872213 0,000000
11295,112747 14154,872213 0,000000
11345,112747 14154,872213 0,000000
11395,112747 14154,872213 0,000000
11445,112747 14154,872213 0,000000
11495,112747 14154,872213 0,000000
11545,112747 14154,872213 0,000000
11595,112747 14154,872213 0,000000
11645,112747 14154,872213 0,000000
11695,112747 14154,872213 0,000000
11745,112747 14154,872213 0,000000
11795,112747 14154,872213 0,000000
11845,112747 14154,872213 0,000000
11895,112747 14154,872213 0,000000
11945,112747 14154,872213 0,000000
11995,112747 14154,872213 0,000000
12045,112747 14154,872213 0,000000
12095,112747 14154,872213 0,000000
12145,112747 14154,872213 0,000000
12195,112747 14154,872213 0,000000
12245,112747 14154,872213 0,000000
12295,112747 14154,872213 0,000000
12345,112747 14154,872213 0,000000
12395,112747 14154,872213 0,000000
12445,112747 14154,872213 0,000000
12495,112747 14154,872213 0,000000
12545,112747 14154,872213 0,000000
12595,112747 14154,872213 0,000000
12645,112747 14154,872213 0,000000
12695,112747 14154,872213 0,000000
12745,112747 14154,872213 0,000000
12795,112747 14154,872213 0,000000
12845,112747 14154,872213 0,000000
12895,112747 14154,872213 0,000000
12945,112747 14154,872213 0,000000
12995,112747 14154,872213 0,000000
13045,112747 14154,872213 0,000000
13095,112747 14154,872213 0,000000
13145,112747 14154,872213 0,000000
13195,112747 14154,872213 0,000000
13245,112747 14154,872213 0,000000
13295,112747 14154,872213 0,000000
13345,112747 14154,872213 0,000000
13395,112747 14154,872213 0,000000
13445,112747 14154,872213 0,000000
13495,112747 14154,872213 0,000000
13545,112747 14154,872213 0,000000
13595,112747 14154,872213 0,000000
13645,112747 14154,872213 0,000000
13695,112747 14154,872213 0,000000
13745,112747 14154,872213 0,000000
13795,112747 14154,872213 0,000000
13845,112747 14154,872213 0,000000
13895,112747 14154,872213 0,000000
13945,112747 14154,872213 0,000000
13995,112747 14154,872213 0,000000
6545,112747 14204,872213 0,000000
6595,112747 14204,872213 0,000001
6645,112747 14204,872213 0,000000
6695,112747 14204,872213 -0,000011
6745,112747 14204,872213 -0,000003
6795,112747 14204,872213 0,000175
6845,112747 14204,872213 0,000164
6895,112747 14204,872213 -0,002550
6945,112747 14204,872213 -0,005325
6995,112747 14204,872213 0,029022
7045,112747 14204,872213 0,113290
7095,112747 14204,872213 -0,158288
7145,112747 14204,872213 -1,422342
7195,112747 14204,872213 -1,087015
7245,112747 14204,872213 6,808480
7295,112747 14204,872213 13,044858
7345,112747 14204,872213 13,044858
7395,112747 14204,872213 6,808480
7445,112747 14204,872213 -1,087015
7495,112747 14204,872213 -1,422342
7545,112747 14204,872213 -0,158288
7595,112747 14204,872213 0,113290
7645,112747 14204,872213 0,029022
7695,112747 14204,872213 -0,005325
7745,112747 14204,872213 -0,002550
7795,112747 14204,872213 0,000164
7845,112747 14204,872213 0,000175
7895,112747 14204,872213 -0,000003
7945,112747 14204,872213 -0,000011
7995,112747 14204,872213 0,000000
8045,112747 14204,872213 0,000001
8095,112747 14204,872213 0,000000
8145,112747 14204,872213 0,000000
8195,112747 14204,872213 0,000000
8245,112747 14204,872213 0,000000
8295,112747 14204,872213 0,000000
8345,112747 14204,872213 0,000000
8395,112747 14204,872213 0,000000
8445,112747 14204,872213 0,000000
8495,112747 14204,872213 0,000000
8545,112747 14204,872213 0,000000
8595,112747 14204,872213 0,000000
8645,112747 14204,872213 0,000000
8695,112747 14204,872213 0,000000
8745,112747 14204,872213 0,000000
8795,112747 14204,872213 0,000000
8845,112747 14204,872213 0,000000
8895,112747 14204,872213 0,000000
8945,112747 14204,872213 0,000000
8995,112747 14204,872213 0,000000
9045,112747 14204,872213 0,000000
9095,112747 14204,872213 0,000000
9145,112747 14204,872213 0,000000
9195,112747 14204,872213 0,000000
9245,112747 14204,872213 0,000000
9295,112747 14204,872213 0,000000
9345,112747 14204,872213 0,000000
9395,112747 14204,872213 0,000000
9445,112747 14204,872213 0,000000
9495,112747 14204,872213 0,000000
9545,112747 14204,872213 0,000000
9595,112747 14204,872213 0,000000
9645,112747 14204,872213 0,000000
9695,112747 14204,872213 0,000000
9745,112747 14204,872213 0,000000
9795,112747 14204,872213 0,000000
9845,112747 14204,872213 0,000000
9895,112747 14204,872213 0,000000
9945,112747 14204,872213 0,000000
9995,112747 14204,872213 0,000000
10045,112747 14204,872213 0,000000
10095,112747 14204,872213 0,000000
10145,112747 14204,872213 0,000000
10195,112747 14204,872213 0,000000
10245,112747 14204,872213 0,000000
10295,112747 14204,872213 0,000000
10345,112747 14204,872213 0,000000
10395,112747 14204,872213 0,000000
10445,112747 14204,872213 0,000000
10495,112747 14204,872213 0,000000
10545,112747 14204,872213 0,000000
10595,112747 14204,872213 0,000000
10645,112747 14204,872213 0,000000
10695,112747 14204,872213 0,000000
10745,112747 14204,872213 0,000000
10795,112747 14204,872213 0,000000
10845,112747 14204,872213 0,000000
10895,112747 14204,872213 0,000000
10945,112747 14204,872213 0,000000
10995,112747 14204,872213 0,000000
11045,112747 14204,872213 0,000000
11095,112747 14204,872213 0,000000
11145,112747 14204,872213 0,000000
11195,112747 14204,872213 0,000000
11245,112747 14204,872213 0,000000
11295,112747 14204,872213 0,000000
11345,112747 14204,872213 0,000000
11395,112747 14204,872213 0,000000
11445,112747 14204,872213 0,000000
11495,112747 14204,872213 0,000000
11545,112747 14204,872213 0,000000
11595,112747 14204,872213 0,000000
11645,112747 14204,872213 0,000000
11695,112747 14204,872213 0,000000
11745,112747 14204,872213 0,000000
11795,112747 14204,872213 0,000000
11845,112747 14204,872213 0,000000
11895,112747 14204,872213 0,000000
11945,112747 14204,872213 0,000000
11995,112747 14204,872213 0,000000
12045,112747 14204,872213 0,000000
12095,112747 14204,872213 0,000000
12145,112747 14204,872213 0,000000
12195,112747 14204,872213 0,000000
12245,112747 14204,872213 0,000000
12295,112747 14204,872213 0,000000
12345,112747 14204,872213 0,000000
12395,112747 14204,872213 0,000000
12445,112747 14204,872213 0,000000
12495,112747 14204,872213 0,000000
12545,112747 14204,872213 0,000000
12595,112747 14204,872213 0,000000
12645,112747 14204,872213 0,000000
12695,112747 14204,872213 0,000000
12745,112747 14204,872213 0,000000
12795,112747 14204,872213 0,000000
12845,112747 14204,872213 0,000000
12895,112747 14204,872213 0,000000
12945,112747 14204,872213 0,000000
12995,112747 14204,872213 0,000000
13045,112747 14204,872213 0,000000
13095,112747 14204,872213 0,000000
13145,112747 14204,872213 0,000000
13195,112747 14204,872213 0,000000
13245,112747 14204,872213 0,000000
13295,112747 14204,872213 0,000000
13345,112747 14204,872213 0,000000
13395,112747 14204,872213 0,000000
13445,112747 14204,872213 0,000000
13495,112747 14204,872213 0,000000
13545,112747 14204,872213 0,000000
13595,112747 14204,872213 0,000000
13645,112747 14204,872213 0,000000
13695,112747 14204,872213 0,000000
13745,112747 14204,872213 0,000000
13795,112747 14204,872213 0,000000
13845,112747 14204,872213 0,000000
13895,112747 14204,872213 0,000000
13945,112747 14204,872213 0,000000
13995,112747 14204,872213 0,000000
6545,112747 14254,872213 0,000000
6595,112747 14254,872213 0,000001
6645,112747 14254,872213 0,000001
6695,112747 14254,872213 -0,000010
6745,112747 14254,872213 -0,000029
6795,112747 14254,872213 0,000110
6845,112747 14254,872213 0,000541
6895,112747 14254,872213 -0,000724
6945,112747 14254,872213 -0,007909
6995,112747 14254,872213 -0,004529
7045,112747 14254,872213 0,074178
7095,112747 14254,872213 0,168054
7145,112747 14254,872213 -0,272176
7195,112747 14254,872213 -1,422342
7245,112747 14254,872213 -1,064040
7295,112747 14254,872213 1,285319
7345,112747 14254,872213 1,285319
7395,112747 14254,872213 -1,064040
7445,112747 14254,872213 -1,422342
7495,112747 14254,872213 -0,272176
7545,112747 14254,872213 0,168054
7595,112747 14254,872213 0,074178
7645,112747 14254,872213 -0,004529
7695,112747 14254,872213 -0,007909
7745,112747 14254,872213 -0,000724
7795,112747 14254,872213 0,000541
7845,112747 14254,872213 0,000110
7895,112747 14254,872213 -0,000029
7945,112747 14254,872213 -0,000010
7995,112747 14254,872213 0,000001
8045,112747 14254,872213 0,000001
8095,112747 14254,872213 0,000000
8145,112747 14254,872213 0,000000
8195,112747 14254,872213 0,000000
8245,112747 14254,872213 0,000000
8295,112747 14254,872213 0,000000
8345,112747 14254,872213 0,000000
8395,112747 14254,872213 0,000000
8445,112747 14254,872213 0,000000
8495,112747 14254,872213 0,000000
8545,112747 14254,872213 0,000000
8595,112747 14254,872213 0,000000
8645,112747 14254,872213 0,000000
8695,112747 14254,872213 0,000000
8745,112747 14254,872213 0,000000
8795,112747 14254,872213 0,000000
8845,112747 14254,872213 0,000000
8895,112747 14254,872213 0,000000
8945,112747 14254,872213 0,000000
8995,112747 14254,872213 0,000000
9045,112747 14254,872213 0,000000
9095,112747 14254,872213 0,000000
9145,112747 14254,872213 0,000000
9195,112747 14254,872213 0,000000
9245,112747 14254,872213 0,000000
9295,112747 14254,872213 0,000000
9345,112747 14254,872213 0,000000
9395,112747 14254,872213 0,000000
9445,112747 14254,872213 0,000000
9495,112747 14254,872213 0,000000
9545,112747 14254,872213 0,000000
9595,112747 14254,872213 0,000000
9645,112747 14254,872213 0,000000
9695,112747 14254,872213 0,000000
9745,112747 14254,872213 0,000000
9795,112747 14254,872213 0,000000
9845,112747 14254,872213 0,000000
9895,112747 14254,872213 0,000000
9945,112747 14254,872213 0,000000
9995,112747 14254,872213 0,000000
10045,112747 14254,872213 0,000000
10095,112747 14254,872213 0,000000
10145,112747 14254,872213 0,000000
10195,112747 14254,872213 0,000000
10245,112747 14254,872213 0,000000
10295,112747 14254,872213 0,000000
10345,112747 14254,872213 0,000000
10395,112747 14254,872213 0,000000
10445,112747 14254,872213 0,000000
10495,112747 14254,872213 0,000000
10545,112747 14254,872213 0,000000
10595,112747 14254,872213 0,000000
10645,112747 14254,872213 0,000000
10695,112747 14254,872213 0,000000
10745,112747 14254,872213 0,000000
10795,112747 14254,872213 0,000000
10845,112747 14254,872213 0,000000
10895,112747 14254,872213 0,000000
10945,112747 14254,872213 0,000000
10995,112747 14254,872213 0,000000
11045,112747 14254,872213 0,000000
11095,112747 14254,872213 0,000000
11145,112747 14254,872213 0,000000
11195,112747 14254,872213 0,000000
11245,112747 14254,872213 0,000000
11295,112747 14254,872213 0,000000
11345,112747 14254,872213 0,000000
11395,112747 14254,872213 0,000000
11445,112747 14254,872213 0,000000
11495,112747 14254,872213 0,000000
11545,112747 14254,872213 0,000000
11595,112747 14254,872213 0,000000
11645,112747 14254,872213 0,000000
11695,112747 14254,872213 0,000000
11745,112747 14254,872213 0,000000
11795,112747 14254,872213 0,000000
11845,112747 14254,872213 0,000000
11895,112747 14254,872213 0,000000
11945,112747 14254,872213 0,000000
11995,112747 14254,872213 0,000000
12045,112747 14254,872213 0,000000
12095,112747 14254,872213 0,000000
12145,112747 14254,872213 0,000000
12195,112747 14254,872213 0,000000
12245,112747 14254,872213 0,000000
12295,112747 14254,872213 0,000000
12345,112747 14254,872213 0,000000
12395,112747 14254,872213 0,000000
12445,112747 14254,872213 0,000000
12495,112747 14254,872213 0,000000
12545,112747 14254,872213 0,000000
12595,112747 14254,872213 0,000000
12645,112747 14254,872213 0,000000
12695,112747 14254,872213 0,000000
12745,112747 14254,872213 0,000000
12795,112747 14254,872213 0,000000
12845,112747 14254,872213 0,000000
12895,112747 14254,872213 0,000000
12945,112747 14254,872213 0,000000
12995,112747 14254,872213 0,000000
13045,112747 14254,872213 0,000000
13095,112747 14254,872213 0,000000
13145,112747 14254,872213 0,000000
13195,112747 14254,872213 0,000000
13245,112747 14254,872213 0,000000
13295,112747 14254,872213 0,000000
13345,112747 14254,872213 0,000000
13395,112747 14254,872213 0,000000
13445,112747 14254,872213 0,000000
13495,112747 14254,872213 0,000000
13545,112747 14254,872213 0,000000
13595,112747 14254,872213 0,000000
13645,112747 14254,872213 0,000000
13695,112747 14254,872213 0,000000
13745,112747 14254,872213 0,000000
13795,112747 14254,872213 0,000000
13845,112747 14254,872213 0,000000
13895,112747 14254,872213 0,000000
13945,112747 14254,872213 0,000000
13995,112747 14254,872213 0,000000
6545,112747 14304,872213 0,000000
6595,112747 14304,872213 0,000000
6645,112747 14304,872213 0,000003
6695,112747 14304,872213 -0,000002
6745,112747 14304,872213 -0,000038
6795,112747 14304,872213 -0,000026
6845,112747 14304,872213 0,000428
6895,112747 14304,872213 0,000996
6945,112747 14304,872213 -0,002802
6995,112747 14304,872213 -0,014197
7045,112747 14304,872213 -0,001245
7095,112747 14304,872213 0,098061
7145,112747 14304,872213 0,168054
7195,112747 14304,872213 -0,158288
7245,112747 14304,872213 -0,681384
7295,112747 14304,872213 -0,653112
7345,112747 14304,872213 -0,653112
7395,112747 14304,872213 -0,681384
7445,112747 14304,872213 -0,158288
7495,112747 14304,872213 0,168054
7545,112747 14304,872213 0,098061
7595,112747 14304,872213 -0,001245
7645,112747 14304,872213 -0,014197
7695,112747 14304,872213 -0,002802
7745,112747 14304,872213 0,000996
7795,112747 14304,872213 0,000428
7845,112747 14304,872213 -0,000026
7895,112747 14304,872213 -0,000038
7945,112747 14304,872213 -0,000002
7995,112747 14304,872213 0,000003
8045,112747 14304,872213 0,000000
8095,112747 14304,872213 0,000000
8145,112747 14304,872213 0,000000
8195,112747 14304,872213 0,000000
8245,112747 14304,872213 0,000000
8295,112747 14304,872213 0,000000
8345,112747 14304,872213 0,000000
8395,112747 14304,872213 0,000000
8445,112747 14304,872213 0,000000
8495,112747 14304,872213 0,000000
8545,112747 14304,872213 0,000000
8595,112747 14304,872213 0,000000
8645,112747 14304,872213 0,000000
8695,112747 14304,872213 0,000000
8745,112747 14304,872213 0,000000
8795,112747 14304,872213 0,000000
8845,112747 14304,872213 0,000000
8895,112747 14304,872213 0,000000
8945,112747 14304,872213 0,000000
8995,112747 14304,872213 0,000000
9045,112747 14304,872213 0,000000
9095,112747 14304,872213 0,000000
9145,112747 14304,872213 0,000000
9195,112747 14304,872213 0,000000
9245,112747 14304,872213 0,000000
9295,112747 14304,872213 0,000000
9345,112747 14304,872213 0,000000
9395,112747 14304,872213 0,000000
9445,112747 14304,872213 0,000000
9495,112747 14304,872213 0,000000
9545,112747 14304,872213 0,000000
9595,112747 14304,872213 0,000000
9645,112747 14304,872213 0,000000
9695,112747 14304,872213 0,000000
9745,112747 14304,872213 0,000000
9795,112747 14304,872213 0,000000
9845,112747 14304,872213 0,000000
9895,112747 14304,872213 0,000000
9945,112747 14304,872213 0,000000
9995,112747 14304,872213 0,000000
10045,112747 14304,872213 0,000000
10095,112747 14304,872213 0,000000
10145,112747 14304,872213 0,000000
10195,112747 14304,872213 0,000000
10245,112747 14304,872213 0,000000
10295,112747 14304,872213 0,000000
10345,112747 14304,872213 0,000000
10395,112747 14304,872213 0,000000
10445,112747 14304,872213 0,000000
10495,112747 14304,872213 0,000000
10545,112747 14304,872213 0,000000
10595,112747 14304,872213 0,000000
10645,112747 14304,872213 0,000000
10695,112747 14304,872213 0,000000
10745,112747 14304,872213 0,000000
10795,112747 14304,872213 0,000000
10845,112747 14304,872213 0,000000
10895,112747 14304,872213 0,000000
10945,112747 14304,872213 0,000000
10995,112747 14304,872213 0,000000
11045,112747 14304,872213 0,000000
11095,112747 14304,872213 0,000000
11145,112747 14304,872213 0,000000
11195,112747 14304,872213 0,000000
11245,112747 14304,872213 0,000000
11295,112747 14304,872213 0,000000
11345,112747 14304,872213 0,000000
11395,112747 14304,872213 0,000000
11445,112747 14304,872213 0,000000
11495,112747 14304,872213 0,000000
11545,112747 14304,872213 0,000000
11595,112747 14304,872213 0,000000
11645,112747 14304,872213 0,000000
11695,112747 14304,872213 0,000000
11745,112747 14304,872213 0,000000
11795,112747 14304,872213 0,000000
11845,112747 14304,872213 0,000000
11895,112747 14304,872213 0,000000
11945,112747 14304,872213 0,000000
11995,112747 14304,872213 0,000000
12045,112747 14304,872213 0,000000
12095,112747 14304,872213 0,000000
12145,112747 14304,872213 0,000000
12195,112747 14304,872213 0,000000
12245,112747 14304,872213 0,000000
12295,112747 14304,872213 0,000000
12345,112747 14304,872213 0,000000
12395,112747 14304,872213 0,000000
12445,112747 14304,872213 0,000000
12495,112747 14304,872213 0,000000
12545,112747 14304,872213 0,000000
12595,112747 14304,872213 0,000000
12645,112747 14304,872213 0,000000
12695,112747 14304,872213 0,000000
12745,112747 14304,872213 0,000000
12795,112747 14304,872213 0,000000
12845,112747 14304,872213 0,000000
12895,112747 14304,872213 0,000000
12945,112747 14304,872213 0,000000
12995,112747 14304,872213 0,000000
13045,112747 14304,872213 0,000000
13095,112747 14304,872213 0,000000
13145,112747 14304,872213 0,000000
13195,112747 14304,872213 0,000000
13245,112747 14304,872213 0,000000
13295,112747 14304,872213 0,000000
13345,112747 14304,872213 0,000000
13395,112747 14304,872213 0,000000
13445,112747 14304,872213 0,000000
13495,112747 14304,872213 0,000000
13545,112747 14304,872213 0,000000
13595,112747 14304,872213 0,000000
13645,112747 14304,872213 0,000000
13695,112747 14304,872213 0,000000
13745,112747 14304,872213 0,000000
13795,112747 14304,872213 0,000000
13845,112747 14304,872213 0,000000
13895,112747 14304,872213 0,000000
13945,112747 14304,872213 0,000000
13995,112747 14304,872213 0,000000
6545,112747 14354,872213 0,000000
6595,112747 14354,872213 0,000000
6645,112747 14354,872213 0,000002
6695,112747 14354,872213 0,000005
6745,112747 14354,872213 -0,000017
6795,112747 14354,872213 -0,000089
6845,112747 14354,872213 0,000027
6895,112747 14354,872213 0,000905
6945,112747 14354,872213 0,001328
6995,112747 14354,872213 -0,004766
7045,112747 14354,872213 -0,017066
7095,112747 14354,872213 -0,001245
7145,112747 14354,872213 0,074178
7195,112747 14354,872213 0,113290
7245,112747 14354,872213 0,006674
7295,112747 14354,872213 -0,083944
7345,112747 14354,872213 -0,083944
7395,112747 14354,872213 0,006674
7445,112747 14354,872213 0,113290
7495,112747 14354,872213 0,074178
7545,112747 14354,872213 -0,001245
7595,112747 14354,872213 -0,017066
7645,112747 14354,872213 -0,004766
7695,112747 14354,872213 0,001328
7745,112747 14354,872213 0,000905
7795,112747 14354,872213 0,000027
7845,112747 14354,872213 -0,000089
7895,112747 14354,872213 -0,000017
7945,112747 14354,872213 0,000005
7995,112747 14354,872213 0,000002
8045,112747 14354,872213 0,000000
8095,112747 14354,872213 0,000000
8145,112747 14354,872213 0,000000
8195,112747 14354,872213 0,000000
8245,112747 14354,872213 0,000000
8295,112747 14354,872213 0,000000
8345,112747 14354,872213 0,000000
8395,112747 14354,872213 0,000000
8445,112747 14354,872213 0,000000
8495,112747 14354,872213 0,000000
8545,112747 14354,872213 0,000000
8595,112747 14354,872213 0,000000
8645,112747 14354,872213 0,000000
8695,112747 14354,872213 0,000000
8745,112747 14354,872213 0,000000
8795,112747 14354,872213 0,000000
8845,112747 14354,872213 0,000000
8895,112747 14354,872213 0,000000
8945,112747 14354,872213 0,000000
8995,112747 14354,872213 0,000000
9045,112747 14354,872213 0,000000
9095,112747 14354,872213 0,000000
9145,112747 14354,872213 0,000000
9195,112747 14354,872213 0,000000
9245,112747 14354,872213 0,000000
9295,112747 14354,872213 0,000000
9345,112747 14354,872213 0,000000
9395,112747 14354,872213 0,000000
9445,112747 14354,872213 0,000000
9495,112747 14354,872213 0,000000
9545,112747 14354,872213 0,000000
9595,112747 14354,872213 0,000000
9645,112747 14354,872213 0,000000
9695,112747 14354,872213 0,000000
9745,112747 14354,872213 0,000000
9795,112747 14354,872213 0,000000
9845,112747 14354,872213 0,000000
9895,112747 14354,872213 0,000000
9945,112747 14354,872213 0,000000
9995,112747 14354,872213 0,000000
10045,112747 14354,872213 0,000000
10095,112747 14354,872213 0,000000
10145,112747 14354,872213 0,000000
10195,112747 14354,872213 0,000000
10245,112747 14354,872213 0,000000
10295,112747 14354,872213 0,000000
10345,112747 14354,872213 0,000000
10395,112747 14354,872213 0,000000
10445,112747 14354,872213 0,000000
10495,112747 14354,872213 0,000000
10545,112747 14354,872213 0,000000
10595,112747 14354,872213 0,000000
10645,112747 14354,872213 0,000000
10695,112747 14354,872213 0,000000
10745,112747 14354,872213 0,000000
10795,112747 14354,872213 0,000000
10845,112747 14354,872213 0,000000
10895,112747 14354,872213 0,000000
10945,112747 14354,872213 0,000000
10995,112747 14354,872213 0,000000
11045,112747 14354,872213 0,000000
11095,112747 14354,872213 0,000000
11145,112747 14354,872213 0,000000
11195,112747 14354,872213 0,000000
11245,112747 14354,872213 0,000000
11295,112747 14354,872213 0,000000
11345,112747 14354,872213 0,000000
11395,112747 14354,872213 0,000000
11445,112747 14354,872213 0,000000
11495,112747 14354,872213 0,000000
11545,112747 14354,872213 0,000000
11595,112747 14354,872213 0,000000
11645,112747 14354,872213 0,000000
11695,112747 14354,872213 0,000000
11745,112747 14354,872213 0,000000
11795,112747 14354,872213 0,000000
11845,112747 14354,872213 0,000000
11895,112747 14354,872213 0,000000
11945,112747 14354,872213 0,000000
11995,112747 14354,872213 0,000000
12045,112747 14354,872213 0,000000
12095,112747 14354,872213 0,000000
12145,112747 14354,872213 0,000000
12195,112747 14354,872213 0,000000
12245,112747 14354,872213 0,000000
12295,112747 14354,872213 0,000000
12345,112747 14354,872213 0,000000
12395,112747 14354,872213 0,000000
12445,112747 14354,872213 0,000000
12495,112747 14354,872213 0,000000
12545,112747 14354,872213 0,000000
12595,112747 14354,872213 0,000000
12645,112747 14354,872213 0,000000
12695,112747 14354,872213 0,000000
12745,112747 14354,872213 0,000000
12795,112747 14354,872213 0,000000
12845,112747 14354,872213 0,000000
12895,112747 14354,872213 0,000000
12945,112747 14354,872213 0,000000
12995,112747 14354,872213 0,000000
13045,112747 14354,872213 0,000000
13095,112747 14354,872213 0,000000
13145,112747 14354,872213 0,000000
13195,112747 14354,872213 0,000000
13245,112747 14354,872213 0,000000
13295,112747 14354,872213 0,000000
13345,112747 14354,872213 0,000000
13395,112747 14354,872213 0,000000
13445,112747 14354,872213 0,000000
13495,112747 14354,872213 0,000000
13545,112747 14354,872213 0,000000
13595,112747 14354,872213 0,000000
13645,112747 14354,872213 0,000000
13695,112747 14354,872213 0,000000
13745,112747 14354,872213 0,000000
13795,112747 14354,872213 0,000000
13845,112747 14354,872213 0,000000
13895,112747 14354,872213 0,000000
13945,112747 14354,872213 0,000000
13995,112747 14354,872213 0,000000
6545,112747 14404,872213 0,000000
6595,112747 14404,872213 0,000000
6645,112747 14404,872213 0,000000
6695,112747 14404,872213 0,000006
6745,112747 14404,872213 0,000008
6795,112747 14404,872213 -0,000044
6845,112747 14404,872213 -0,000146
6895,112747 14404,872213 0,000112
6945,112747 14404,872213 0,001278
6995,112747 14404,872213 0,001439
7045,112747 14404,872213 -0,004766
7095,112747 14404,872213 -0,014197
7145,112747 14404,872213 -0,004529
7195,112747 14404,872213 0,029022
7245,112747 14404,872213 0,044557
7295,112747 14404,872213 0,036545
7345,112747 14404,872213 0,036545
7395,112747 14404,872213 0,044557
7445,112747 14404,872213 0,029022
7495,112747 14404,872213 -0,004529
7545,112747 14404,872213 -0,014197
7595,112747 14404,872213 -0,004766
7645,112747 14404,872213 0,001439
7695,112747 14404,872213 0,001278
7745,112747 14404,872213 0,000112
7795,112747 14404,872213 -0,000146
7845,112747 14404,872213 -0,000044
7895,112747 14404,872213 0,000008
7945,112747 14404,872213 0,000006
7995,112747 14404,872213 0,000000
8045,112747 14404,872213 0,000000
8095,112747 14404,872213 0,000000
8145,112747 14404,872213 0,000000
8195,112747 14404,872213 0,000000
8245,112747 14404,872213 0,000000
8295,112747 14404,872213 0,000000
8345,112747 14404,872213 0,000000
8395,112747 14404,872213 0,000000
8445,112747 14404,872213 0,000000
8495,112747 14404,872213 0,000000
8545,112747 14404,872213 0,000000
8595,112747 14404,872213 0,000000
8645,112747 14404,872213 0,000000
8695,112747 14404,872213 0,000000
8745,112747 14404,872213 0,000000
8795,112747 14404,872213 0,000000
8845,112747 14404,872213 0,000000
8895,112747 14404,872213 0,000000
8945,112747 14404,872213 0,000000
8995,112747 14404,872213 0,000000
9045,112747 14404,872213 0,000000
9095,112747 14404,872213 0,000000
9145,112747 14404,872213 0,000000
9195,112747 14404,872213 0,000000
9245,112747 14404,872213 0,000000
9295,112747 14404,872213 0,000000
9345,112747 14404,872213 0,000000
9395,112747 14404,872213 0,000000
9445,112747 14404,872213 0,000000
9495,112747 14404,872213 0,000000
9545,112747 14404,872213 0,000000
9595,112747 14404,872213 0,000000
9645,112747 14404,872213 0,000000
9695,112747 14404,872213 0,000000
9745,112747 14404,872213 0,000000
9795,112747 14404,872213 0,000000
9845,112747 14404,872213 0,000000
9895,112747 14404,872213 0,000000
9945,112747 14404,872213 0,000000
9995,112747 14404,872213 0,000000
10045,112747 14404,872213 0,000000
10095,112747 14404,872213 0,000000
10145,112747 14404,872213 0,000000
10195,112747 14404,872213 0,000000
10245,112747 14404,872213 0,000000
10295,112747 14404,872213 0,000000
10345,112747 14404,872213 0,000000
10395,112747 14404,872213 0,000000
10445,112747 14404,872213 0,000000
10495,112747 14404,872213 0,000000
10545,112747 14404,872213 0,000000
10595,112747 14404,872213 0,000000
10645,112747 14404,872213 0,000000
10695,112747 14404,872213 0,000000
10745,112747 14404,872213 0,000000
10795,112747 14404,872213 0,000000
10845,112747 14404,872213 0,000000
10895,112747 14404,872213 0,000000
10945,112747 14404,872213 0,000000
10995,112747 14404,872213 0,000000
11045,112747 14404,872213 0,000000
11095,112747 14404,872213 0,000000
11145,112747 14404,872213 0,000000
11195,112747 14404,872213 0,000000
11245,112747 14404,872213 0,000000
11295,112747 14404,872213 0,000000
11345,112747 14404,872213 0,000000
11395,112747 14404,872213 0,000000
11445,112747 14404,872213 0,000000
11495,112747 14404,872213 0,000000
11545,112747 14404,872213 0,000000
11595,112747 14404,872213 0,000000
11645,112747 14404,872213 0,000000
11695,112747 14404,872213 0,000000
11745,112747 14404,872213 0,000000
11795,112747 14404,872213 0,000000
11845,112747 14404,872213 0,000000
11895,112747 14404,872213 0,000000
11945,112747 14404,872213 0,000000
11995,112747 14404,872213 0,000000
12045,112747 14404,872213 0,000000
12095,112747 14404,872213 0,000000
12145,112747 14404,872213 0,000000
12195,112747 14404,872213 0,000000
12245,112747 14404,872213 0,000000
12295,112747 14404,872213 0,000000
12345,112747 14404,872213 0,000000
12395,112747 14404,872213 0,000000
12445,112747 14404,872213 0,000000
12495,112747 14404,872213 0,000000
12545,112747 14404,872213 0,000000
12595,112747 14404,872213 0,000000
12645,112747 14404,872213 0,000000
12695,112747 14404,872213 0,000000
12745,112747 14404,872213 0,000000
12795,112747 14404,872213 0,000000
12845,112747 14404,872213 0,000000
12895,112747 14404,872213 0,000000
12945,112747 14404,872213 0,000000
12995,112747 14404,872213 0,000000
13045,112747 14404,872213 0,000000
13095,112747 14404,872213 0,000000
13145,112747 14404,872213 0,000000
13195,112747 14404,872213 0,000000
13245,112747 14404,872213 0,000000
13295,112747 14404,872213 0,000000
13345,112747 14404,872213 0,000000
13395,112747 14404,872213 0,000000
13445,112747 14404,872213 0,000000
13495,112747 14404,872213 0,000000
13545,112747 14404,872213 0,000000
13595,112747 14404,872213 0,000000
13645,112747 14404,872213 0,000000
13695,112747 14404,872213 0,000000
13745,112747 14404,872213 0,000000
13795,112747 14404,872213 0,000000
13845,112747 14404,872213 0,000000
13895,112747 14404,872213 0,000000
13945,112747 14404,872213 0,000000
13995,112747 14404,872213 0,000000
6545,112747 14454,872213 0,000000
6595,112747 14454,872213 0,000000
6645,112747 14454,872213 -0,000001
6695,112747 14454,872213 0,000001
6745,112747 14454,872213 0,000011
6795,112747 14454,872213 0,000008
6845,112747 14454,872213 -0,000073
6895,112747 14454,872213 -0,000184
6945,112747 14454,872213 0,000155
6995,112747 14454,872213 0,001278
7045,112747 14454,872213 0,001328
7095,112747 14454,872213 -0,002802
7145,112747 14454,872213 -0,007909
7195,112747 14454,872213 -0,005325
7245,112747 14454,872213 0,002072
7295,112747 14454,872213 0,005031
7345,112747 14454,872213 0,005031
7395,112747 14454,872213 0,002072
7445,112747 14454,872213 -0,005325
7495,112747 14454,872213 -0,007909
7545,112747 14454,872213 -0,002802
7595,112747 14454,872213 0,001328
7645,112747 14454,872213 0,001278
7695,112747 14454,872213 0,000155
7745,112747 14454,872213 -0,000184
7795,112747 14454,872213 -0,000073
7845,112747 14454,872213 0,000008
7895,112747 14454,872213 0,000011
7945,112747 14454,872213 0,000001
7995,112747 14454,872213 -0,000001
8045,112747 14454,872213 0,000000
8095,112747 14454,872213 0,000000
8145,112747 14454,872213 0,000000
8195,112747 14454,872213 0,000000
8245,112747 14454,872213 0,000000
8295,112747 14454,872213 0,000000
8345,112747 14454,872213 0,000000
8395,112747 14454,872213 0,000000
8445,112747 14454,872213 0,000000
8495,112747 14454,872213 0,000000
8545,112747 14454,872213 0,000000
8595,112747 14454,872213 0,000000
8645,112747 14454,872213 0,000000
8695,112747 14454,872213 0,000000
8745,112747 14454,872213 0,000000
8795,112747 14454,872213 0,000000
8845,112747 14454,872213 0,000000
8895,112747 14454,872213 0,000000
8945,112747 14454,872213 0,000000
8995,112747 14454,872213 0,000000
9045,112747 14454,872213 0,000000
9095,112747 14454,872213 0,000000
9145,112747 14454,872213 0,000000
9195,112747 14454,872213 0,000000
9245,112747 14454,872213 0,000000
9295,112747 14454,872213 0,000000
9345,112747 14454,872213 0,000000
9395,112747 14454,872213 0,000000
9445,112747 14454,872213 0,000000
9495,112747 14454,872213 0,000000
9545,112747 14454,872213 0,000000
9595,112747 14454,872213 0,000000
9645,112747 14454,872213 0,000000
9695,112747 14454,872213 0,000000
9745,112747 14454,872213 0,000000
9795,112747 14454,872213 0,000000
9845,112747 14454,872213 0,000000
9895,112747 14454,872213 0,000000
9945,112747 14454,872213 0,000000
9995,112747 14454,872213 0,000000
10045,112747 14454,872213 0,000000
10095,112747 14454,872213 0,000000
10145,112747 14454,872213 0,000000
10195,112747 14454,872213 0,000000
10245,112747 14454,872213 0,000000
10295,112747 14454,872213 0,000000
10345,112747 14454,872213 0,000000
10395,112747 14454,872213 0,000000
10445,112747 14454,872213 0,000000
10495,112747 14454,872213 0,000000
10545,112747 14454,872213 0,000000
10595,112747 14454,872213 0,000000
10645,112747 14454,872213 0,000000
10695,112747 14454,872213 0,000000
10745,112747 14454,872213 0,000000
10795,112747 14454,872213 0,000000
10845,112747 14454,872213 0,000000
10895,112747 14454,872213 0,000000
10945,112747 14454,872213 0,000000
10995,112747 14454,872213 0,000000
11045,112747 14454,872213 0,000000
11095,112747 14454,872213 0,000000
11145,112747 14454,872213 0,000000
11195,112747 14454,872213 0,000000
11245,112747 14454,872213 0,000000
11295,112747 14454,872213 0,000000
11345,112747 14454,872213 0,000000
11395,112747 14454,872213 0,000000
11445,112747 14454,872213 0,000000
11495,112747 14454,872213 0,000000
11545,112747 14454,872213 0,000000
11595,112747 14454,872213 0,000000
11645,112747 14454,872213 0,000000
11695,112747 14454,872213 0,000000
11745,112747 14454,872213 0,000000
11795,112747 14454,872213 0,000000
11845,112747 14454,872213 0,000000
11895,112747 14454,872213 0,000000
11945,112747 14454,872213 0,000000
11995,112747 14454,872213 0,000000
12045,112747 14454,872213 0,000000
12095,112747 14454,872213 0,000000
12145,112747 14454,872213 0,000000
12195,112747 14454,872213 0,000000
12245,112747 14454,872213 0,000000
12295,112747 14454,872213 0,000000
12345,112747 14454,872213 0,000000
12395,112747 14454,872213 0,000000
12445,112747 14454,872213 0,000000
12495,112747 14454,872213 0,000000
12545,112747 14454,872213 0,000000
12595,112747 14454,872213 0,000000
12645,112747 14454,872213 0,000000
12695,112747 14454,872213 0,000000
12745,112747 14454,872213 0,000000
12795,112747 14454,872213 0,000000
12845,112747 14454,872213 0,000000
12895,112747 14454,872213 0,000000
12945,112747 14454,872213 0,000000
12995,112747 14454,872213 0,000000
13045,112747 14454,872213 0,000000
13095,112747 14454,872213 0,000000
13145,112747 14454,872213 0,000000
13195,112747 14454,872213 0,000000
13245,112747 14454,872213 0,000000
13295,112747 14454,872213 0,000000
13345,112747 14454,872213 0,000000
13395,112747 14454,872213 0,000000
13445,112747 14454,872213 0,000000
13495,112747 14454,872213 0,000000
13545,112747 14454,872213 0,000000
13595,112747 14454,872213 0,000000
13645,112747 14454,872213 0,000000
13695,112747 14454,872213 0,000000
13745,112747 14454,872213 0,000000
13795,112747 14454,872213 0,000000
13845,112747 14454,872213 0,000000
13895,112747 14454,872213 0,000000
13945,112747 14454,872213 0,000000
13995,112747 14454,872213 0,000000
6545,112747 14504,872213 0,000000
6595,112747 14504,872213 0,000000
6645,112747 14504,872213 -0,000001
6695,112747 14504,872213 -0,000001
6745,112747 14504,872213 0,000003
6795,112747 14504,872213 0,000016
6845,112747 14504,872213 0,000007
6895,112747 14504,872213 -0,000086
6945,112747 14504,872213 -0,000184
6995,112747 14504,872213 0,000112
7045,112747 14504,872213 0,000905
7095,112747 14504,872213 0,000996
7145,112747 14504,872213 -0,000724
7195,112747 14504,872213 -0,002550
7245,112747 14504,872213 -0,002629
7295,112747 14504,872213 -0,002273
7345,112747 14504,872213 -0,002273
7395,112747 14504,872213 -0,002629
7445,112747 14504,872213 -0,002550
7495,112747 14504,872213 -0,000724
7545,112747 14504,872213 0,000996
7595,112747 14504,872213 0,000905
7645,112747 14504,872213 0,000112
7695,112747 14504,872213 -0,000184
7745,112747 14504,872213 -0,000086
7795,112747 14504,872213 0,000007
7845,112747 14504,872213 0,000016
7895,112747 14504,872213 0,000003
7945,112747 14504,872213 -0,000001
7995,112747 14504,872213 -0,000001
8045,112747 14504,872213 0,000000
8095,112747 14504,872213 0,000000
8145,112747 14504,872213 0,000000
8195,112747 14504,872213 0,000000
8245,112747 14504,872213 0,000000
8295,112747 14504,872213 0,000000
8345,112747 14504,872213 0,000000
8395,112747 14504,872213 0,000000
8445,112747 14504,872213 0,000000
8495,112747 14504,872213 0,000000
8545,112747 14504,872213 0,000000
8595,112747 14504,872213 0,000000
8645,112747 14504,872213 0,000000
8695,112747 14504,872213 0,000000
8745,112747 14504,872213 0,000000
8795,112747 14504,872213 0,000000
8845,112747 14504,872213 0,000000
8895,112747 14504,872213 0,000000
8945,112747 14504,872213 0,000000
8995,112747 14504,872213 0,000000
9045,112747 14504,872213 0,000000
9095,112747 14504,872213 0,000000
9145,112747 14504,872213 0,000000
9195,112747 14504,872213 0,000000
9245,112747 14504,872213 0,000000
9295,112747 14504,872213 0,000000
9345,112747 14504,872213 0,000000
9395,112747 14504,872213 0,000000
9445,112747 14504,872213 0,000000
9495,112747 14504,872213 0,000000
9545,112747 14504,872213 0,000000
9595,112747 14504,872213 0,000000
9645,112747 14504,872213 0,000000
9695,112747 14504,872213 0,000000
9745,112747 14504,872213 0,000000
9795,112747 14504,872213 0,000000
9845,112747 14504,872213 0,000000
9895,112747 14504,872213 0,000000
9945,112747 14504,872213 0,000000
9995,112747 14504,872213 0,000000
10045,112747 14504,872213 0,000000
10095,112747 14504,872213 0,000000
10145,112747 14504,872213 0,000000
10195,112747 14504,872213 0,000000
10245,112747 14504,872213 0,000000
10295,112747 14504,872213 0,000000
10345,112747 14504,872213 0,000000
10395,112747 14504,872213 0,000000
10445,112747 14504,872213 0,000000
10495,112747 14504,872213 0,000000
10545,112747 14504,872213 0,000000
10595,112747 14504,872213 0,000000
10645,112747 14504,872213 0,000000
10695,112747 14504,872213 0,000000
10745,112747 14504,872213 0,000000
10795,112747 14504,872213 0,000000
10845,112747 14504,872213 0,000000
10895,112747 14504,872213 0,000000
10945,112747 14504,872213 0,000000
10995,112747 14504,872213 0,000000
11045,112747 14504,872213 0,000000
11095,112747 14504,872213 0,000000
11145,112747 14504,872213 0,000000
11195,112747 14504,872213 0,000000
11245,112747 14504,872213 0,000000
11295,112747 14504,872213 0,000000
11345,112747 14504,872213 0,000000
11395,112747 14504,872213 0,000000
11445,112747 14504,872213 0,000000
11495,112747 14504,872213 0,000000
11545,112747 14504,872213 0,000000
11595,112747 14504,872213 0,000000
11645,112747 14504,872213 0,000000
11695,112747 14504,872213 0,000000
11745,112747 14504,872213 0,000000
11795,112747 14504,872213 0,000000
11845,112747 14504,872213 0,000000
11895,112747 14504,872213 0,000000
11945,112747 14504,872213 0,000000
11995,112747 14504,872213 0,000000
12045,112747 14504,872213 0,000000
12095,112747 14504,872213 0,000000
12145,112747 14504,872213 0,000000
12195,112747 14504,872213 0,000000
12245,112747 14504,872213 0,000000
12295,112747 14504,872213 0,000000
12345,112747 14504,872213 0,000000
12395,112747 14504,872213 0,000000
12445,112747 14504,872213 0,000000
12495,112747 14504,872213 0,000000
12545,112747 14504,872213 0,000000
12595,112747 14504,872213 0,000000
12645,112747 14504,872213 0,000000
12695,112747 14504,872213 0,000000
12745,112747 14504,872213 0,000000
12795,112747 14504,872213 0,000000
12845,112747 14504,872213 0,000000
12895,112747 14504,872213 0,000000
12945,112747 14504,872213 0,000000
12995,112747 14504,872213 0,000000
13045,112747 14504,872213 0,000000
13095,112747 14504,872213 0,000000
13145,112747 14504,872213 0,000000
13195,112747 14504,872213 0,000000
13245,112747 14504,872213 0,000000
13295,112747 14504,872213 0,000000
13345,112747 14504,872213 0,000000
13395,112747 14504,872213 0,000000
13445,112747 14504,872213 0,000000
13495,112747 14504,872213 0,000000
13545,112747 14504,872213 0,000000
13595,112747 14504,872213 0,000000
13645,112747 14504,872213 0,000000
13695,112747 14504,872213 0,000000
13745,112747 14504,872213 0,000000
13795,112747 14504,872213 0,000000
13845,112747 14504,872213 0,000000
13895,112747 14504,872213 0,000000
13945,112747 14504,872213 0,000000
13995,112747 14504,872213 0,000000
6545,112747 14554,872213 0,000000
6595,112747 14554,872213 0,000000
6645,112747 14554,872213 0,000000
6695,112747 14554,872213 -0,000001
6745,112747 14554,872213 -0,000002
6795,112747 14554,872213 0,000004
6845,112747 14554,872213 0,000018
6895,112747 14554,872213 0,000007
6945,112747 14554,872213 -0,000073
6995,112747 14554,872213 -0,000146
7045,112747 14554,872213 0,000027
7095,112747 14554,872213 0,000428
7145,112747 14554,872213 0,000541
7195,112747 14554,872213 0,000164
7245,112747 14554,872213 -0,000190
7295,112747 14554,872213 -0,000319
7345,112747 14554,872213 -0,000319
7395,112747 14554,872213 -0,000190
7445,112747 14554,872213 0,000164
7495,112747 14554,872213 0,000541
7545,112747 14554,872213 0,000428
7595,112747 14554,872213 0,000027
7645,112747 14554,872213 -0,000146
7695,112747 14554,872213 -0,000073
7745,112747 14554,872213 0,000007
7795,112747 14554,872213 0,000018
7845,112747 14554,872213 0,000004
7895,112747 14554,872213 -0,000002
7945,112747 14554,872213 -0,000001
7995,112747 14554,872213 0,000000
8045,112747 14554,872213 0,000000
8095,112747 14554,872213 0,000000
8145,112747 14554,872213 0,000000
8195,112747 14554,872213 0,000000
8245,112747 14554,872213 0,000000
8295,112747 14554,872213 0,000000
8345,112747 14554,872213 0,000000
8395,112747 14554,872213 0,000000
8445,112747 14554,872213 0,000000
8495,112747 14554,872213 0,000000
8545,112747 14554,872213 0,000000
8595,112747 14554,872213 0,000000
8645,112747 14554,872213 0,000000
8695,112747 14554,872213 0,000000
8745,112747 14554,872213 0,000000
8795,112747 14554,872213 0,000000
8845,112747 14554,872213 0,000000
8895,112747 14554,872213 0,000000
8945,112747 14554,872213 0,000000
8995,112747 14554,872213 0,000000
9045,112747 14554,872213 0,000000
9095,112747 14554,872213 0,000000
9145,112747 14554,872213 0,000000
9195,112747 14554,872213 0,000000
9245,112747 14554,872213 0,000000
9295,112747 14554,872213 0,000000
9345,112747 14554,872213 0,000000
9395,112747 14554,872213 0,000000
9445,112747 14554,872213 0,000000
9495,112747 14554,872213 0,000000
9545,112747 14554,872213 0,000000
9595,112747 14554,872213 0,000000
9645,112747 14554,872213 0,000000
9695,112747 14554,872213 0,000000
9745,112747 14554,872213 0,000000
9795,112747 14554,872213 0,000000
9845,112747 14554,872213 0,000000
9895,112747 14554,872213 0,000000
9945,112747 14554,872213 0,000000
9995,112747 14554,872213 0,000000
10045,112747 14554,872213 0,000000
10095,112747 14554,872213 0,000000
10145,112747 14554,872213 0,000000
10195,112747 14554,872213 0,000000
10245,112747 14554,872213 0,000000
10295,112747 14554,872213 0,000000
10345,112747 14554,872213 0,000000
10395,112747 14554,872213 0,000000
10445,112747 14554,872213 0,000000
10495,112747 14554,872213 0,000000
10545,112747 14554,872213 0,000000
10595,112747 14554,872213 0,000000
10645,112747 14554,872213 0,000000
10695,112747 14554,872213 0,000000
10745,112747 14554,872213 0,000000
10795,112747 14554,872213 0,000000
10845,112747 14554,872213 0,000000
10895,112747 14554,872213 0,000000
10945,112747 14554,872213 0,000000
10995,112747 14554,872213 0,000000
11045,112747 14554,872213 0,000000
11095,112747 14554,872213 0,000000
11145,112747 14554,872213 0,000000
11195,112747 14554,872213 0,000000
11245,112747 14554,872213 0,000000
11295,112747 14554,872213 0,000000
11345,112747 14554,872213 0,000000
11395,112747 14554,872213 0,000000
11445,112747 14554,872213 0,000000
11495,112747 14554,872213 0,000000
11545,112747 14554,872213 0,000000
11595,112747 14554,872213 0,000000
11645,112747 14554,872213 0,000000
11695,112747 14554,872213 0,000000
11745,112747 14554,872213 0,000000
11795,112747 14554,872213 0,000000
11845,112747 14554,872213 0,000000
11895,112747 14554,872213 0,000000
11945,112747 14554,872213 0,000000
11995,112747 14554,872213 0,000000
12045,112747 14554,872213 0,000000
12095,112747 14554,872213 0,000000
12145,112747 14554,872213 0,000000
12195,112747 14554,872213 0,000000
12245,112747 14554,872213 0,000000
12295,112747 14554,872213 0,000000
12345,112747 14554,872213 0,000000
12395,112747 14554,872213 0,000000
12445,112747 14554,872213 0,000000
12495,112747 14554,872213 0,000000
12545,112747 14554,872213 0,000000
12595,112747 14554,872213 0,000000
12645,112747 14554,872213 0,000000
12695,112747 14554,872213 0,000000
12745,112747 14554,872213 0,000000
12795,112747 14554,872213 0,000000
12845,112747 14554,872213 0,000000
12895,112747 14554,872213 0,000000
12945,112747 14554,872213 0,000000
12995,112747 14554,872213 0,000000
13045,112747 14554,872213 0,000000
13095,112747 14554,872213 0,000000
13145,112747 14554,872213 0,000000
13195,112747 14554,872213 0,000000
13245,112747 14554,872213 0,000000
13295,112747 14554,872213 0,000000
13345,112747 14554,872213 0,000000
13395,112747 14554,872213 0,000000
13445,112747 14554,872213 0,000000
13495,112747 14554,872213 0,000000
13545,112747 14554,872213 0,000000
13595,112747 14554,872213 0,000000
13645,112747 14554,872213 0,000000
13695,112747 14554,872213 0,000000
13745,112747 14554,872213 0,000000
13795,112747 14554,872213 0,000000
13845,112747 14554,872213 0,000000
13895,112747 14554,872213 0,000000
13945,112747 14554,872213 0,000000
13995,112747 14554,872213 0,000000
6545,112747 14604,872213 0,000000
6595,112747 14604,872213 0,000000
6645,112747 14604,872213 0,000000
6695,112747 14604,872213 0,000000
6745,112747 14604,872213 -0,000001
6795,112747 14604,872213 -0,000002
6845,112747 14604,872213 0,000004
6895,112747 14604,872213 0,000016
6945,112747 14604,872213 0,000008
6995,112747 14604,872213 -0,000044
7045,112747 14604,872213 -0,000089
7095,112747 14604,872213 -0,000026
7145,112747 14604,872213 0,000110
7195,112747 14604,872213 0,000175
7245,112747 14604,872213 0,000162
7295,112747 14604,872213 0,000147
7345,112747 14604,872213 0,000147
7395,112747 14604,872213 0,000162
7445,112747 14604,872213 0,000175
7495,112747 14604,872213 0,000110
7545,112747 14604,872213 -0,000026
7595,112747 14604,872213 -0,000089
7645,112747 14604,872213 -0,000044
7695,112747 14604,872213 0,000008
7745,112747 14604,872213 0,000016
7795,112747 14604,872213 0,000004
7845,112747 14604,872213 -0,000002
7895,112747 14604,872213 -0,000001
7945,112747 14604,872213 0,000000
7995,112747 14604,872213 0,000000
8045,112747 14604,872213 0,000000
8095,112747 14604,872213 0,000000
8145,112747 14604,872213 0,000000
8195,112747 14604,872213 0,000000
8245,112747 14604,872213 0,000000
8295,112747 14604,872213 0,000000
8345,112747 14604,872213 0,000000
8395,112747 14604,872213 0,000000
8445,112747 14604,872213 0,000000
8495,112747 14604,872213 0,000000
8545,112747 14604,872213 0,000000
8595,112747 14604,872213 0,000000
8645,112747 14604,872213 0,000000
8695,112747 14604,872213 0,000000
8745,112747 14604,872213 0,000000
8795,112747 14604,872213 0,000000
8845,112747 14604,872213 0,000000
8895,112747 14604,872213 0,000000
8945,112747 14604,872213 0,000000
8995,112747 14604,872213 0,000000
9045,112747 14604,872213 0,000000
9095,112747 14604,872213 0,000000
9145,112747 14604,872213 0,000000
9195,112747 14604,872213 0,000000
9245,112747 14604,872213 0,000000
9295,112747 14604,872213 0,000000
9345,112747 14604,872213 0,000000
9395,112747 14604,872213 0,000000
9445,112747 14604,872213 0,000000
9495,112747 14604,872213 0,000000
9545,112747 14604,872213 0,000000
9595,112747 14604,872213 0,000000
9645,112747 14604,872213 0,000000
9695,112747 14604,872213 0,000000
9745,112747 14604,872213 0,000000
9795,112747 14604,872213 0,000000
9845,112747 14604,872213 0,000000
9895,112747 14604,872213 0,000000
9945,112747 14604,872213 0,000000
9995,112747 14604,872213 0,000000
10045,112747 14604,872213 0,000000
10095,112747 14604,872213 0,000000
10145,112747 14604,872213 0,000000
10195,112747 14604,872213 0,000000
10245,112747 14604,872213 0,000000
10295,112747 14604,872213 0,000000
10345,112747 14604,872213 0,000000
10395,112747 14604,872213 0,000000
10445,112747 14604,872213 0,000000
10495,112747 14604,872213 0,000000
10545,112747 14604,872213 0,000000
10595,112747 14604,872213 0,000000
10645,112747 14604,872213 0,000000
10695,112747 14604,872213 0,000000
10745,112747 14604,872213 0,000000
10795,112747 14604,872213 0,000000
10845,112747 14604,872213 0,000000
10895,112747 14604,872213 0,000000
10945,112747 14604,872213 0,000000
10995,112747 14604,872213 0,000000
11045,112747 14604,872213 0,000000
11095,112747 14604,872213 0,000000
11145,112747 14604,872213 0,000000
11195,112747 14604,872213 0,000000
11245,112747 14604,872213 0,000000
11295,112747 14604,872213 0,000000
11345,112747 14604,872213 0,000000
11395,112747 14604,872213 0,000000
11445,112747 14604,872213 0,000000
11495,112747 14604,872213 0,000000
11545,112747 14604,872213 0,000000
11595,112747 14604,872213 0,000000
11645,112747 14604,872213 0,000000
11695,112747 14604,872213 0,000000
11745,112747 14604,872213 0,000000
11795,112747 14604,872213 0,000000
11845,112747 14604,872213 0,000000
11895,112747 14604,872213 0,000000
11945,112747 14604,872213 0,000000
11995,112747 14604,872213 0,000000
12045,112747 14604,872213 0,000000
12095,112747 14604,872213 0,000000
12145,112747 14604,872213 0,000000
12195,112747 14604,872213 0,000000
12245,112747 14604,872213 0,000000
12295,112747 14604,872213 0,000000
12345,112747 14604,872213 0,000000
12395,112747 14604,872213 0,000000
12445,112747 14604,872213 0,000000
12495,112747 14604,872213 0,000000
12545,112747 14604,872213 0,000000
12595,112747 14604,872213 0,000000
12645,112747 14604,872213 0,000000
12695,112747 14604,872213 0,000000
12745,112747 14604,872213 0,000000
12795,112747 14604,872213 0,000000
12845,112747 14604,872213 0,000000
12895,112747 14604,872213 0,000000
12945,112747 14604,872213 0,000000
12995,112747 14604,872213 0,000000
13045,112747 14604,872213 0,000000
13095,112747 14604,872213 0,000000
13145,112747 14604,872213 0,000000
13195,112747 14604,872213 0,000000
13245,112747 14604,872213 0,000000
13295,112747 14604,872213 0,000000
13345,112747 14604,872213 0,000000
13395,112747 14604,872213 0,000000
13445,112747 14604,872213 0,000000
13495,112747 14604,872213 0,000000
13545,112747 14604,872213 0,000000
13595,112747 14604,872213 0,000000
13645,112747 14604,872213 0,000000
13695,112747 14604,872213 0,000000
13745,112747 14604,872213 0,000000
13795,112747 14604,872213 0,000000
13845,112747 14604,872213 0,000000
13895,112747 14604,872213 0,000000
13945,112747 14604,872213 0,000000
13995,112747 14604,872213 0,000000
6545,112747 14654,872213 0,000000
6595,112747 14654,872213 0,000000
6645,112747 14654,872213 0,000000
6695,112747 14654,872213 0,000000
6745,112747 14654,872213 0,000000
6795,112747 14654,872213 -0,000001
6845,112747 14654,872213 -0,000002
6895,112747 14654,872213 0,000003
6945,112747 14654,872213 0,000011
6995,112747 14654,872213 0,000008
7045,112747 14654,872213 -0,000017
7095,112747 14654,872213 -0,000038
7145,112747 14654,872213 -0,000029
7195,112747 14654,872213 -0,000003
7245,112747 14654,872213 0,000014
7295,112747 14654,872213 0,000021
7345,112747 14654,872213 0,000021
7395,112747 14654,872213 0,000014
7445,112747 14654,872213 -0,000003
7495,112747 14654,872213 -0,000029
7545,112747 14654,872213 -0,000038
7595,112747 14654,872213 -0,000017
7645,112747 14654,872213 0,000008
7695,112747 14654,872213 0,000011
7745,112747 14654,872213 0,000003
7795,112747 14654,872213 -0,000002
7845,112747 14654,872213 -0,000001
7895,112747 14654,872213 0,000000
7945,112747 14654,872213 0,000000
7995,112747 14654,872213 0,000000
8045,112747 14654,872213 0,000000
8095,112747 14654,872213 0,000000
8145,112747 14654,872213 0,000000
8195,112747 14654,872213 0,000000
8245,112747 14654,872213 0,000000
8295,112747 14654,872213 0,000000
8345,112747 14654,872213 0,000000
8395,112747 14654,872213 0,000000
8445,112747 14654,872213 0,000000
8495,112747 14654,872213 0,000000
8545,112747 14654,872213 0,000000
8595,112747 14654,872213 0,000000
8645,112747 14654,872213 0,000000
8695,112747 14654,872213 0,000000
8745,112747 14654,872213 0,000000
8795,112747 14654,872213 0,000000
8845,112747 14654,872213 0,000000
8895,112747 14654,872213 0,000000
8945,112747 14654,872213 0,000000
8995,112747 14654,872213 0,000000
9045,112747 14654,872213 0,000000
9095,112747 14654,872213 0,000000
9145,112747 14654,872213 0,000000
9195,112747 14654,872213 0,000000
9245,112747 14654,872213 0,000000
9295,112747 14654,872213 0,000000
9345,112747 14654,872213 0,000000
9395,112747 14654,872213 0,000000
9445,112747 14654,872213 0,000000
9495,112747 14654,872213 0,000000
9545,112747 14654,872213 0,000000
9595,112747 14654,872213 0,000000
9645,112747 14654,872213 0,000000
9695,112747 14654,872213 0,000000
9745,112747 14654,872213 0,000000
9795,112747 14654,872213 0,000000
9845,112747 14654,872213 0,000000
9895,112747 14654,872213 0,000000
9945,112747 14654,872213 0,000000
9995,112747 14654,872213 0,000000
10045,112747 14654,872213 0,000000
10095,112747 14654,872213 0,000000
10145,112747 14654,872213 0,000000
10195,112747 14654,872213 0,000000
10245,112747 14654,872213 0,000000
10295,112747 14654,872213 0,000000
10345,112747 14654,872213 0,000000
10395,112747 14654,872213 0,000000
10445,112747 14654,872213 0,000000
10495,112747 14654,872213 0,000000
10545,112747 14654,872213 0,000000
10595,112747 14654,872213 0,000000
10645,112747 14654,872213 0,000000
10695,112747 14654,872213 0,000000
10745,112747 14654,872213 0,000000
10795,112747 14654,872213 0,000000
10845,112747 14654,872213 0,000000
10895,112747 14654,872213 0,000000
10945,112747 14654,872213 0,000000
10995,112747 14654,872213 0,000000
11045,112747 14654,872213 0,000000
11095,112747 14654,872213 0,000000
11145,112747 14654,872213 0,000000
11195,112747 14654,872213 0,000000
11245,112747 14654,872213 0,000000
11295,112747 14654,872213 0,000000
11345,112747 14654,872213 0,000000
11395,112747 14654,872213 0,000000
11445,112747 14654,872213 0,000000
11495,112747 14654,872213 0,000000
11545,112747 14654,872213 0,000000
11595,112747 14654,872213 0,000000
11645,112747 14654,872213 0,000000
11695,112747 14654,872213 0,000000
11745,112747 14654,872213 0,000000
11795,112747 14654,872213 0,000000
11845,112747 14654,872213 0,000000
11895,112747 14654,872213 0,000000
11945,112747 14654,872213 0,000000
11995,112747 14654,872213 0,000000
12045,112747 14654,872213 0,000000
12095,112747 14654,872213 0,000000
12145,112747 14654,872213 0,000000
12195,112747 14654,872213 0,000000
12245,112747 14654,872213 0,000000
12295,112747 14654,872213 0,000000
12345,112747 14654,872213 0,000000
12395,112747 14654,872213 0,000000
12445,112747 14654,872213 0,000000
12495,112747 14654,872213 0,000000
12545,112747 14654,872213 0,000000
12595,112747 14654,872213 0,000000
12645,112747 14654,872213 0,000000
12695,112747 14654,872213 0,000000
12745,112747 14654,872213 0,000000
12795,112747 14654,872213 0,000000
12845,112747 14654,872213 0,000000
12895,112747 14654,872213 0,000000
12945,112747 14654,872213 0,000000
12995,112747 14654,872213 0,000000
13045,112747 14654,872213 0,000000
13095,112747 14654,872213 0,000000
13145,112747 14654,872213 0,000000
13195,112747 14654,872213 0,000000
13245,112747 14654,872213 0,000000
13295,112747 14654,872213 0,000000
13345,112747 14654,872213 0,000000
13395,112747 14654,872213 0,000000
13445,112747 14654,872213 0,000000
13495,112747 14654,872213 0,000000
13545,112747 14654,872213 0,000000
13595,112747 14654,872213 0,000000
13645,112747 14654,872213 0,000000
13695,112747 14654,872213 0,000000
13745,112747 14654,872213 0,000000
13795,112747 14654,872213 0,000000
13845,112747 14654,872213 0,000000
13895,112747 14654,872213 0,000000
13945,112747 14654,872213 0,000000
13995,112747 14654,872213 0,000000
6545,112747 14704,872213 0,000000
6595,112747 14704,872213 0,000000
6645,112747 14704,872213 0,000000
6695,112747 14704,872213 0,000000
6745,112747 14704,872213 0,000000
6795,112747 14704,872213 0,000000
6845,112747 14704,872213 -0,000001
6895,112747 14704,872213 -0,000001
6945,112747 14704,872213 0,000001
6995,112747 14704,872213 0,000006
7045,112747 14704,872213 0,000005
7095,112747 14704,872213 -0,000002
7145,112747 14704,872213 -0,000010
7195,112747 14704,872213 -0,000011
7245,112747 14704,872213 -0,000010
7295,112747 14704,872213 -0,000010
7345,112747 14704,872213 -0,000010
7395,112747 14704,872213 -0,000010
7445,112747 14704,872213 -0,000011
7495,112747 14704,872213 -0,000010
7545,112747 14704,872213 -0,000002
7595,112747 14704,872213 0,000005
7645,112747 14704,872213 0,000006
7695,112747 14704,872213 0,000001
7745,112747 14704,872213 -0,000001
7795,112747 14704,872213 -0,000001
7845,112747 14704,872213 0,000000
7895,112747 14704,872213 0,000000
7945,112747 14704,872213 0,000000
7995,112747 14704,872213 0,000000
8045,112747 14704,872213 0,000000
8095,112747 14704,872213 0,000000
8145,112747 14704,872213 0,000000
8195,112747 14704,872213 0,000000
8245,112747 14704,872213 0,000000
8295,112747 14704,872213 0,000000
8345,112747 14704,872213 0,000000
8395,112747 14704,872213 0,000000
8445,112747 14704,872213 0,000000
8495,112747 14704,872213 0,000000
8545,112747 14704,872213 0,000000
8595,112747 14704,872213 0,000000
8645,112747 14704,872213 0,000000
8695,112747 14704,872213 0,000000
8745,112747 14704,872213 0,000000
8795,112747 14704,872213 0,000000
8845,112747 14704,872213 0,000000
8895,112747 14704,872213 0,000000
8945,112747 14704,872213 0,000000
8995,112747 14704,872213 0,000000
9045,112747 14704,872213 0,000000
9095,112747 14704,872213 0,000000
9145,112747 14704,872213 0,000000
9195,112747 14704,872213 0,000000
9245,112747 14704,872213 0,000000
9295,112747 14704,872213 0,000000
9345,112747 14704,872213 0,000000
9395,112747 14704,872213 0,000000
9445,112747 14704,872213 0,000000
9495,112747 14704,872213 0,000000
9545,112747 14704,872213 0,000000
9595,112747 14704,872213 0,000000
9645,112747 14704,872213 0,000000
9695,112747 14704,872213 0,000000
9745,112747 14704,872213 0,000000
9795,112747 14704,872213 0,000000
9845,112747 14704,872213 0,000000
9895,112747 14704,872213 0,000000
9945,112747 14704,872213 0,000000
9995,112747 14704,872213 0,000000
10045,112747 14704,872213 0,000000
10095,112747 14704,872213 0,000000
10145,112747 14704,872213 0,000000
10195,112747 14704,872213 0,000000
10245,112747 14704,872213 0,000000
10295,112747 14704,872213 0,000000
10345,112747 14704,872213 0,000000
10395,112747 14704,872213 0,000000
10445,112747 14704,872213 0,000000
10495,112747 14704,872213 0,000000
10545,112747 14704,872213 0,000000
10595,112747 14704,872213 0,000000
10645,112747 14704,872213 0,000000
10695,112747 14704,872213 0,000000
10745,112747 14704,872213 0,000000
10795,112747 14704,872213 0,000000
10845,112747 14704,872213 0,000000
10895,112747 14704,872213 0,000000
10945,112747 14704,872213 0,000000
10995,112747 14704,872213 0,000000
11045,112747 14704,872213 0,000000
11095,112747 14704,872213 0,000000
11145,112747 14704,872213 0,000000
11195,112747 14704,872213 0,000000
11245,112747 14704,872213 0,000000
11295,112747 14704,872213 0,000000
11345,112747 14704,872213 0,000000
11395,112747 14704,872213 0,000000
11445,112747 14704,872213 0,000000
11495,112747 14704,872213 0,000000
11545,112747 14704,872213 0,000000
11595,112747 14704,872213 0,000000
11645,112747 14704,872213 0,000000
11695,112747 14704,872213 0,000000
11745,112747 14704,872213 0,000000
11795,112747 14704,872213 0,000000
11845,112747 14704,872213 0,000000
11895,112747 14704,872213 0,000000
11945,112747 14704,872213 0,000000
11995,112747 14704,872213 0,000000
12045,112747 14704,872213 0,000000
12095,112747 14704,872213 0,000000
12145,112747 14704,872213 0,000000
12195,112747 14704,872213 0,000000
12245,112747 14704,872213 0,000000
12295,112747 14704,872213 0,000000
12345,112747 14704,872213 0,000000
12395,112747 14704,872213 0,000000
12445,112747 14704,872213 0,000000
12495,112747 14704,872213 0,000000
12545,112747 14704,872213 0,000000
12595,112747 14704,872213 0,000000
12645,112747 14704,872213 0,000000
12695,112747 14704,872213 0,000000
12745,112747 14704,872213 0,000000
12795,112747 14704,872213 0,000000
12845,112747 14704,872213 0,000000
12895,112747 14704,872213 0,000000
12945,112747 14704,872213 0,000000
12995,112747 14704,872213 0,000000
13045,112747 14704,872213 0,000000
13095,112747 14704,872213 0,000000
13145,112747 14704,872213 0,000000
13195,112747 14704,872213 0,000000
13245,112747 14704,872213 0,000000
13295,112747 14704,872213 0,000000
13345,112747 14704,872213 0,000000
13395,112747 14704,872213 0,000000
13445,112747 14704,872213 0,000000
13495,112747 14704,872213 0,000000
13545,112747 14704,872213 0,000000
13595,112747 14704,872213 0,000000
13645,112747 14704,872213 0,000000
13695,112747 14704,872213 0,000000
13745,112747 14704,872213 0,000000
13795,112747 14704,872213 0,000000
13845,112747 14704,872213 0,000000
13895,112747 14704,872213 0,000000
13945,112747 14704,872213 0,000000
13995,112747 14704,872213 0,000000
6545,112747 14754,872213 0,000000
6595,112747 14754,872213 0,000000
6645,112747 14754,872213 0,000000
6695,112747 14754,872213 0,000000
6745,112747 14754,872213 0,000000
6795,112747 14754,872213 0,000000
6845,112747 14754,872213 0,000000
6895,112747 14754,872213 -0,000001
6945,112747 14754,872213 -0,000001
6995,112747 14754,872213 0,000000
7045,112747 14754,872213 0,000002
7095,112747 14754,872213 0,000003
7145,112747 14754,872213 0,000001
7195,112747 14754,872213 0,000000
7245,112747 14754,872213 -0,000001
7295,112747 14754,872213 -0,000001
7345,112747 14754,872213 -0,000001
7395,112747 14754,872213 -0,000001
7445,112747 14754,872213 0,000000
7495,112747 14754,872213 0,000001
7545,112747 14754,872213 0,000003
7595,112747 14754,872213 0,000002
7645,112747 14754,872213 0,000000
7695,112747 14754,872213 -0,000001
7745,112747 14754,872213 -0,000001
7795,112747 14754,872213 0,000000
7845,112747 14754,872213 0,000000
7895,112747 14754,872213 0,000000
7945,112747 14754,872213 0,000000
7995,112747 14754,872213 0,000000
8045,112747 14754,872213 0,000000
8095,112747 14754,872213 0,000000
8145,112747 14754,872213 0,000000
8195,112747 14754,872213 0,000000
8245,112747 14754,872213 0,000000
8295,112747 14754,872213 0,000000
8345,112747 14754,872213 0,000000
8395,112747 14754,872213 0,000000
8445,112747 14754,872213 0,000000
8495,112747 14754,872213 0,000000
8545,112747 14754,872213 0,000000
8595,112747 14754,872213 0,000000
8645,112747 14754,872213 0,000000
8695,112747 14754,872213 0,000000
8745,112747 14754,872213 0,000000
8795,112747 14754,872213 0,000000
8845,112747 14754,872213 0,000000
8895,112747 14754,872213 0,000000
8945,112747 14754,872213 0,000000
8995,112747 14754,872213 0,000000
9045,112747 14754,872213 0,000000
9095,112747 14754,872213 0,000000
9145,112747 14754,872213 0,000000
9195,112747 14754,872213 0,000000
9245,112747 14754,872213 0,000000
9295,112747 14754,872213 0,000000
9345,112747 14754,872213 0,000000
9395,112747 14754,872213 0,000000
9445,112747 14754,872213 0,000000
9495,112747 14754,872213 0,000000
9545,112747 14754,872213 0,000000
9595,112747 14754,872213 0,000000
9645,112747 14754,872213 0,000000
9695,112747 14754,872213 0,000000
9745,112747 14754,872213 0,000000
9795,112747 14754,872213 0,000000
9845,112747 14754,872213 0,000000
9895,112747 14754,872213 0,000000
9945,112747 14754,872213 0,000000
9995,112747 14754,872213 0,000000
10045,112747 14754,872213 0,000000
10095,112747 14754,872213 0,000000
10145,112747 14754,872213 0,000000
10195,112747 14754,872213 0,000000
10245,112747 14754,872213 0,000000
10295,112747 14754,872213 0,000000
10345,112747 14754,872213 0,000000
10395,112747 14754,872213 0,000000
10445,112747 14754,872213 0,000000
10495,112747 14754,872213 0,000000
10545,112747 14754,872213 0,000000
10595,112747 14754,872213 0,000000
10645,112747 14754,872213 0,000000
10695,112747 14754,872213 0,000000
10745,112747 14754,872213 0,000000
10795,112747 14754,872213 0,000000
10845,112747 14754,872213 0,000000
10895,112747 14754,872213 0,000000
10945,112747 14754,872213 0,000000
10995,112747 14754,872213 0,000000
11045,112747 14754,872213 0,000000
11095,112747 14754,872213 0,000000
11145,112747 14754,872213 0,000000
11195,112747 14754,872213 0,000000
11245,112747 14754,872213 0,000000
11295,112747 14754,872213 0,000000
11345,112747 14754,872213 0,000000
11395,112747 14754,872213 0,000000
11445,112747 14754,872213 0,000000
11495,112747 14754,872213 0,000000
11545,112747 14754,872213 0,000000
11595,112747 14754,872213 0,000000
11645,112747 14754,872213 0,000000
11695,112747 14754,872213 0,000000
11745,112747 14754,872213 0,000000
11795,112747 14754,872213 0,000000
11845,112747 14754,872213 0,000000
11895,112747 14754,872213 0,000000
11945,112747 14754,872213 0,000000
11995,112747 14754,872213 0,000000
12045,112747 14754,872213 0,000000
12095,112747 14754,872213 0,000000
12145,112747 14754,872213 0,000000
12195,112747 14754,872213 0,000000
12245,112747 14754,872213 0,000000
12295,112747 14754,872213 0,000000
12345,112747 14754,872213 0,000000
12395,112747 14754,872213 0,000000
12445,112747 14754,872213 0,000000
12495,112747 14754,872213 0,000000
12545,112747 14754,872213 0,000000
12595,112747 14754,872213 0,000000
12645,112747 14754,872213 0,000000
12695,112747 14754,872213 0,000000
12745,112747 14754,872213 0,000000
12795,112747 14754,872213 0,000000
12845,112747 14754,872213 0,000000
12895,112747 14754,872213 0,000000
12945,112747 14754,872213 0,000000
12995,112747 14754,872213 0,000000
13045,112747 14754,872213 0,000000
13095,112747 14754,872213 0,000000
13145,112747 14754,872213 0,000000
13195,112747 14754,872213 0,000000
13245,112747 14754,872213 0,000000
13295,112747 14754,872213 0,000000
13345,112747 14754,872213 0,000000
13395,112747 14754,872213 0,000000
13445,112747 14754,872213 0,000000
13495,112747 14754,872213 0,000000
13545,112747 14754,872213 0,000000
13595,112747 14754,872213 0,000000
13645,112747 14754,872213 0,000000
13695,112747 14754,872213 0,000000
13745,112747 14754,872213 0,000000
13795,112747 14754,872213 0,000000
13845,112747 14754,872213 0,000000
13895,112747 14754,872213 0,000000
13945,112747 14754,872213 0,000000
13995,112747 14754,872213 0,000000
6545,112747 14804,872213 0,000000
6595,112747 14804,872213 0,000000
6645,112747 14804,872213 0,000000
6695,112747 14804,872213 0,000000
6745,112747 14804,872213 0,000000
6795,112747 14804,872213 0,000000
6845,112747 14804,872213 0,000000
6895,112747 14804,872213 0,000000
6945,112747 14804,872213 0,000000
6995,112747 14804,872213 0,000000
7045,112747 14804,872213 0,000000
7095,112747 14804,872213 0,000000
7145,112747 14804,872213 0,000001
7195,112747 14804,872213 0,000001
7245,112747 14804,872213 0,000001
7295,112747 14804,872213 0,000001
7345,112747 14804,872213 0,000001
7395,112747 14804,872213 0,000001
7445,112747 14804,872213 0,000001
7495,112747 14804,872213 0,000001
7545,112747 14804,872213 0,000000
7595,112747 14804,872213 0,000000
7645,112747 14804,872213 0,000000
7695,112747 14804,872213 0,000000
7745,112747 14804,872213 0,000000
7795,112747 14804,872213 0,000000
7845,112747 14804,872213 0,000000
7895,112747 14804,872213 0,000000
7945,112747 14804,872213 0,000000
7995,112747 14804,872213 0,000000
8045,112747 14804,872213 0,000000
8095,112747 14804,872213 0,000000
8145,112747 14804,872213 0,000000
8195,112747 14804,872213 0,000000
8245,112747 14804,872213 0,000000
8295,112747 14804,872213 0,000000
8345,112747 14804,872213 0,000000
8395,112747 14804,872213 0,000000
8445,112747 14804,872213 0,000000
8495,112747 14804,872213 0,000000
8545,112747 14804,872213 0,000000
8595,112747 14804,872213 0,000000
8645,112747 14804,872213 0,000000
8695,112747 14804,872213 0,000000
8745,112747 14804,872213 0,000000
8795,112747 14804,872213 0,000000
8845,112747 14804,872213 0,000000
8895,112747 14804,872213 0,000000
8945,112747 14804,872213 0,000000
8995,112747 14804,872213 0,000000
9045,112747 14804,872213 0,000000
9095,112747 14804,872213 0,000000
9145,112747 14804,872213 0,000000
9195,112747 14804,872213 0,000000
9245,112747 14804,872213 0,000000
9295,112747 14804,872213 0,000000
9345,112747 14804,872213 0,000000
9395,112747 14804,872213 0,000000
9445,112747 14804,872213 0,000000
9495,112747 14804,872213 0,000000
9545,112747 14804,872213 0,000000
9595,112747 14804,872213 0,000000
9645,112747 14804,872213 0,000000
9695,112747 14804,872213 0,000000
9745,112747 14804,872213 0,000000
9795,112747 14804,872213 0,000000
9845,112747 14804,872213 0,000000
9895,112747 14804,872213 0,000000
9945,112747 14804,872213 0,000000
9995,112747 14804,872213 0,000000
10045,112747 14804,872213 0,000000
10095,112747 14804,872213 0,000000
10145,112747 14804,872213 0,000000
10195,112747 14804,872213 0,000000
10245,112747 14804,872213 0,000000
10295,112747 14804,872213 0,000000
10345,112747 14804,872213 0,000000
10395,112747 14804,872213 0,000000
10445,112747 14804,872213 0,000000
10495,112747 14804,872213 0,000000
10545,112747 14804,872213 0,000000
10595,112747 14804,872213 0,000000
10645,112747 14804,872213 0,000000
10695,112747 14804,872213 0,000000
10745,112747 14804,872213 0,000000
10795,112747 14804,872213 0,000000
10845,112747 14804,872213 0,000000
10895,112747 14804,872213 0,000000
10945,112747 14804,872213 0,000000
10995,112747 14804,872213 0,000000
11045,112747 14804,872213 0,000000
11095,112747 14804,872213 0,000000
11145,112747 14804,872213 0,000000
11195,112747 14804,872213 0,000000
11245,112747 14804,872213 0,000000
11295,112747 14804,872213 0,000000
11345,112747 14804,872213 0,000000
11395,112747 14804,872213 0,000000
11445,112747 14804,872213 0,000000
11495,112747 14804,872213 0,000000
11545,112747 14804,872213 0,000000
11595,112747 14804,872213 0,000000
11645,112747 14804,872213 0,000000
11695,112747 14804,872213 0,000000
11745,112747 14804,872213 0,000000
11795,112747 14804,872213 0,000000
11845,112747 14804,872213 0,000000
11895,112747 14804,872213 0,000000
11945,112747 14804,872213 0,000000
11995,112747 14804,872213 0,000000
12045,112747 14804,872213 0,000000
12095,112747 14804,872213 0,000000
12145,112747 14804,872213 0,000000
12195,112747 14804,872213 0,000000
12245,112747 14804,872213 0,000000
12295,112747 14804,872213 0,000000
12345,112747 14804,872213 0,000000
12395,112747 14804,872213 0,000000
12445,112747 14804,872213 0,000000
12495,112747 14804,872213 0,000000
12545,112747 14804,872213 0,000000
12595,112747 14804,872213 0,000000
12645,112747 14804,872213 0,000000
12695,112747 14804,872213 0,000000
12745,112747 14804,872213 0,000000
12795,112747 14804,872213 0,000000
12845,112747 14804,872213 0,000000
12895,112747 14804,872213 0,000000
12945,112747 14804,872213 0,000000
12995,112747 14804,872213 0,000000
13045,112747 14804,872213 0,000000
13095,112747 14804,872213 0,000000
13145,112747 14804,872213 0,000000
13195,112747 14804,872213 0,000000
13245,112747 14804,872213 0,000000
13295,112747 14804,872213 0,000000
13345,112747 14804,872213 0,000000
13395,112747 14804,872213 0,000000
13445,112747 14804,872213 0,000000
13495,112747 14804,872213 0,000000
13545,112747 14804,872213 0,000000
13595,112747 14804,872213 0,000000
13645,112747 14804,872213 0,000000
13695,112747 14804,872213 0,000000
13745,112747 14804,872213 0,000000
13795,112747 14804,872213 0,000000
13845,112747 14804,872213 0,000000
13895,112747 14804,872213 0,000000
13945,112747 14804,872213 0,000000
13995,112747 14804,872213 0,000000
6545,112747 14854,872213 0,000000
6595,112747 14854,872213 0,000000
6645,112747 14854,872213 0,000000
6695,112747 14854,872213 0,000000
6745,112747 14854,872213 0,000000
6795,112747 14854,872213 0,000000
6845,112747 14854,872213 0,000000
6895,112747 14854,872213 0,000000
6945,112747 14854,872213 0,000000
6995,112747 14854,872213 0,000000
7045,112747 14854,872213 0,000000
7095,112747 14854,872213 0,000000
7145,112747 14854,872213 0,000000
7195,112747 14854,872213 0,000000
7245,112747 14854,872213 0,000000
7295,112747 14854,872213 0,000000
7345,112747 14854,872213 0,000000
7395,112747 14854,872213 0,000000
7445,112747 14854,872213 0,000000
7495,112747 14854,872213 0,000000
7545,112747 14854,872213 0,000000
7595,112747 14854,872213 0,000000
7645,112747 14854,872213 0,000000
7695,112747 14854,872213 0,000000
7745,112747 14854,872213 0,000000
7795,112747 14854,872213 0,000000
7845,112747 14854,872213 0,000000
7895,112747 14854,872213 0,000000
7945,112747 14854,872213 0,000000
7995,112747 14854,872213 0,000000
8045,112747 14854,872213 0,000000
8095,112747 14854,872213 0,000000
8145,112747 14854,872213 0,000000
8195,112747 14854,872213 0,000000
8245,112747 14854,872213 0,000000
8295,112747 14854,872213 0,000000
8345,112747 14854,872213 0,000000
8395,112747 14854,872213 0,000000
8445,112747 14854,872213 0,000000
8495,112747 14854,872213 0,000000
8545,112747 14854,872213 0,000000
8595,112747 14854,872213 0,000000
8645,112747 14854,872213 0,000000
8695,112747 14854,872213 0,000000
8745,112747 14854,872213 0,000000
8795,112747 14854,872213 0,000000
8845,112747 14854,872213 0,000000
8895,112747 14854,872213 0,000000
8945,112747 14854,872213 0,000000
8995,112747 14854,872213 0,000000
9045,112747 14854,872213 0,000000
9095,112747 14854,872213 0,000000
9145,112747 14854,872213 0,000000
9195,112747 14854,872213 0,000000
9245,112747 14854,872213 0,000000
9295,112747 14854,872213 0,000000
9345,112747 14854,872213 0,000000
9395,112747 14854,872213 0,000000
9445,112747 14854,872213 0,000000
9495,112747 14854,872213 0,000000
9545,112747 14854,872213 0,000000
9595,112747 14854,872213 0,000000
9645,112747 14854,872213 0,000000
9695,112747 14854,872213 0,000000
9745,112747 14854,872213 0,000000
9795,112747 14854,872213 0,000000
9845,112747 14854,872213 0,000000
9895,112747 14854,872213 0,000000
9945,112747 14854,872213 0,000000
9995,112747 14854,872213 0,000000
10045,112747 14854,872213 0,000000
10095,112747 14854,872213 0,000000
10145,112747 14854,872213 0,000000
10195,112747 14854,872213 0,000000
10245,112747 14854,872213 0,000000
10295,112747 14854,872213 0,000000
10345,112747 14854,872213 0,000000
10395,112747 14854,872213 0,000000
10445,112747 14854,872213 0,000000
10495,112747 14854,872213 0,000000
10545,112747 14854,872213 0,000000
10595,112747 14854,872213 0,000000
10645,112747 14854,872213 0,000000
10695,112747 14854,872213 0,000000
10745,112747 14854,872213 0,000000
10795,112747 14854,872213 0,000000
10845,112747 14854,872213 0,000000
10895,112747 14854,872213 0,000000
10945,112747 14854,872213 0,000000
10995,112747 14854,872213 0,000000
11045,112747 14854,872213 0,000000
11095,112747 14854,872213 0,000000
11145,112747 14854,872213 0,000000
11195,112747 14854,872213 0,000000
11245,112747 14854,872213 0,000000
11295,112747 14854,872213 0,000000
11345,112747 14854,872213 0,000000
11395,112747 14854,872213 0,000000
11445,112747 14854,872213 0,000000
11495,112747 14854,872213 0,000000
11545,112747 14854,872213 0,000000
11595,112747 14854,872213 0,000000
11645,112747 14854,872213 0,000000
11695,112747 14854,872213 0,000000
11745,112747 14854,872213 0,000000
11795,112747 14854,872213 0,000000
11845,112747 14854,872213 0,000000
11895,112747 14854,872213 0,000000
11945,112747 14854,872213 0,000000
11995,112747 14854,872213 0,000000
12045,112747 14854,872213 0,000000
12095,112747 14854,872213 0,000000
12145,112747 14854,872213 0,000000
12195,112747 14854,872213 0,000000
12245,112747 14854,872213 0,000000
12295,112747 14854,872213 0,000000
12345,112747 14854,872213 0,000000
12395,112747 14854,872213 0,000000
12445,112747 14854,872213 0,000000
12495,112747 14854,872213 0,000000
12545,112747 14854,872213 0,000000
12595,112747 14854,872213 0,000000
12645,112747 14854,872213 0,000000
12695,112747 14854,872213 0,000000
12745,112747 14854,872213 0,000000
12795,112747 14854,872213 0,000000
12845,112747 14854,872213 0,000000
12895,112747 14854,872213 0,000000
12945,112747 14854,872213 0,000000
12995,112747 14854,872213 0,000000
13045,112747 14854,872213 0,000000
13095,112747 14854,872213 0,000000
13145,112747 14854,872213 0,000000
13195,112747 14854,872213 0,000000
13245,112747 14854,872213 0,000000
13295,112747 14854,872213 0,000000
13345,112747 14854,872213 0,000000
13395,112747 14854,872213 0,000000
13445,112747 14854,872213 0,000000
13495,112747 14854,872213 0,000000
13545,112747 14854,872213 0,000000
13595,112747 14854,872213 0,000000
13645,112747 14854,872213 0,000000
13695,112747 14854,872213 0,000000
13745,112747 14854,872213 0,000000
13795,112747 14854,872213 0,000000
13845,112747 14854,872213 0,000000
13895,112747 14854,872213 0,000000
13945,112747 14854,872213 0,000000
13995,112747 14854,872213 0,000000
6545,112747 14904,872213 0,000000
6595,112747 14904,872213 0,000000
6645,112747 14904,872213 0,000000
6695,112747 14904,872213 0,000000
6745,112747 14904,872213 0,000000
6795,112747 14904,872213 0,000000
6845,112747 14904,872213 0,000000
6895,112747 14904,872213 0,000000
6945,112747 14904,872213 0,000000
6995,112747 14904,872213 0,000000
7045,112747 14904,872213 0,000000
7095,112747 14904,872213 0,000000
7145,112747 14904,872213 0,000000
7195,112747 14904,872213 0,000000
7245,112747 14904,872213 0,000000
7295,112747 14904,872213 0,000000
7345,112747 14904,872213 0,000000
7395,112747 14904,872213 0,000000
7445,112747 14904,872213 0,000000
7495,112747 14904,872213 0,000000
7545,112747 14904,872213 0,000000
7595,112747 14904,872213 0,000000
7645,112747 14904,872213 0,000000
7695,112747 14904,872213 0,000000
7745,112747 14904,872213 0,000000
7795,112747 14904,872213 0,000000
7845,112747 14904,872213 0,000000
7895,112747 14904,872213 0,000000
7945,112747 14904,872213 0,000000
7995,112747 14904,872213 0,000000
8045,112747 14904,872213 0,000000
8095,112747 14904,872213 0,000000
8145,112747 14904,872213 0,000000
8195,112747 14904,872213 0,000000
8245,112747 14904,872213 0,000000
8295,112747 14904,872213 0,000000
8345,112747 14904,872213 0,000000
8395,112747 14904,872213 0,000000
8445,112747 14904,872213 0,000000
8495,112747 14904,872213 0,000000
8545,112747 14904,872213 0,000000
8595,112747 14904,872213 0,000000
8645,112747 14904,872213 0,000000
8695,112747 14904,872213 0,000000
8745,112747 14904,872213 0,000000
8795,112747 14904,872213 0,000000
8845,112747 14904,872213 0,000000
8895,112747 14904,872213 0,000000
8945,112747 14904,872213 0,000000
8995,112747 14904,872213 0,000000
9045,112747 14904,872213 0,000000
9095,112747 14904,872213 0,000000
9145,112747 14904,872213 0,000000
9195,112747 14904,872213 0,000000
9245,112747 14904,872213 0,000000
9295,112747 14904,872213 0,000000
9345,112747 14904,872213 0,000000
9395,112747 14904,872213 0,000000
9445,112747 14904,872213 0,000000
9495,112747 14904,872213 0,000000
9545,112747 14904,872213 0,000000
9595,112747 14904,872213 0,000000
9645,112747 14904,872213 0,000000
9695,112747 14904,872213 0,000000
9745,112747 14904,872213 0,000000
9795,112747 14904,872213 0,000000
9845,112747 14904,872213 0,000000
9895,112747 14904,872213 0,000000
9945,112747 14904,872213 0,000000
9995,112747 14904,872213 0,000000
10045,112747 14904,872213 0,000000
10095,112747 14904,872213 0,000000
10145,112747 14904,872213 0,000000
10195,112747 14904,872213 0,000000
10245,112747 14904,872213 0,000000
10295,112747 14904,872213 0,000000
10345,112747 14904,872213 0,000000
10395,112747 14904,872213 0,000000
10445,112747 14904,872213 0,000000
10495,112747 14904,872213 0,000000
10545,112747 14904,872213 0,000000
10595,112747 14904,872213 0,000000
10645,112747 14904,872213 0,000000
10695,112747 14904,872213 0,000000
10745,112747 14904,872213 0,000000
10795,112747 14904,872213 0,000000
10845,112747 14904,872213 0,000000
10895,112747 14904,872213 0,000000
10945,112747 14904,872213 0,000000
10995,112747 14904,872213 0,000000
11045,112747 14904,872213 0,000000
11095,112747 14904,872213 0,000000
11145,112747 14904,872213 0,000000
11195,112747 14904,872213 0,000000
11245,112747 14904,872213 0,000000
11295,112747 14904,872213 0,000000
11345,112747 14904,872213 0,000000
11395,112747 14904,872213 0,000000
11445,112747 14904,872213 0,000000
11495,112747 14904,872213 0,000000
11545,112747 14904,872213 0,000000
11595,112747 14904,872213 0,000000
11645,112747 14904,872213 0,000000
11695,112747 14904,872213 0,000000
11745,112747 14904,872213 0,000000
11795,112747 14904,872213 0,000000
11845,112747 14904,872213 0,000000
11895,112747 14904,872213 0,000000
11945,112747 14904,872213 0,000000
11995,112747 14904,872213 0,000000
12045,112747 14904,872213 0,000000
12095,112747 14904,872213 0,000000
12145,112747 14904,872213 0,000000
12195,112747 14904,872213 0,000000
12245,112747 14904,872213 0,000000
12295,112747 14904,872213 0,000000
12345,112747 14904,872213 0,000000
12395,112747 14904,872213 0,000000
12445,112747 14904,872213 0,000000
12495,112747 14904,872213 0,000000
12545,112747 14904,872213 0,000000
12595,112747 14904,872213 0,000000
12645,112747 14904,872213 0,000000
12695,112747 14904,872213 0,000000
12745,112747 14904,872213 0,000000
12795,112747 14904,872213 0,000000
12845,112747 14904,872213 0,000000
12895,112747 14904,872213 0,000000
12945,112747 14904,872213 0,000000
12995,112747 14904,872213 0,000000
13045,112747 14904,872213 0,000000
13095,112747 14904,872213 0,000000
13145,112747 14904,872213 0,000000
13195,112747 14904,872213 0,000000
13245,112747 14904,872213 0,000000
13295,112747 14904,872213 0,000000
13345,112747 14904,872213 0,000000
13395,112747 14904,872213 0,000000
13445,112747 14904,872213 0,000000
13495,112747 14904,872213 0,000000
13545,112747 14904,872213 0,000000
13595,112747 14904,872213 0,000000
13645,112747 14904,872213 0,000000
13695,112747 14904,872213 0,000000
13745,112747 14904,872213 0,000000
13795,112747 14904,872213 0,000000
13845,112747 14904,872213 0,000000
13895,112747 14904,872213 0,000000
13945,112747 14904,872213 0,000000
13995,112747 14904,872213 0,000000
6545,112747 14954,872213 0,000000
6595,112747 14954,872213 0,000000
6645,112747 14954,872213 0,000000
6695,112747 14954,872213 0,000000
6745,112747 14954,872213 0,000000
6795,112747 14954,872213 0,000000
6845,112747 14954,872213 0,000000
6895,112747 14954,872213 0,000000
6945,112747 14954,872213 0,000000
6995,112747 14954,872213 0,000000
7045,112747 14954,872213 0,000000
7095,112747 14954,872213 0,000000
7145,112747 14954,872213 0,000000
7195,112747 14954,872213 0,000000
7245,112747 14954,872213 0,000000
7295,112747 14954,872213 0,000000
7345,112747 14954,872213 0,000000
7395,112747 14954,872213 0,000000
7445,112747 14954,872213 0,000000
7495,112747 14954,872213 0,000000
7545,112747 14954,872213 0,000000
7595,112747 14954,872213 0,000000
7645,112747 14954,872213 0,000000
7695,112747 14954,872213 0,000000
7745,112747 14954,872213 0,000000
7795,112747 14954,872213 0,000000
7845,112747 14954,872213 0,000000
7895,112747 14954,872213 0,000000
7945,112747 14954,872213 0,000000
7995,112747 14954,872213 0,000000
8045,112747 14954,872213 0,000000
8095,112747 14954,872213 0,000000
8145,112747 14954,872213 0,000000
8195,112747 14954,872213 0,000000
8245,112747 14954,872213 0,000000
8295,112747 14954,872213 0,000000
8345,112747 14954,872213 0,000000
8395,112747 14954,872213 0,000000
8445,112747 14954,872213 0,000000
8495,112747 14954,872213 0,000000
8545,112747 14954,872213 0,000000
8595,112747 14954,872213 0,000000
8645,112747 14954,872213 0,000000
8695,112747 14954,872213 0,000000
8745,112747 14954,872213 0,000000
8795,112747 14954,872213 0,000000
8845,112747 14954,872213 0,000000
8895,112747 14954,872213 0,000000
8945,112747 14954,872213 0,000000
8995,112747 14954,872213 0,000000
9045,112747 14954,872213 0,000000
9095,112747 14954,872213 0,000000
9145,112747 14954,872213 0,000000
9195,112747 14954,872213 0,000000
9245,112747 14954,872213 0,000000
9295,112747 14954,872213 0,000000
9345,112747 14954,872213 0,000000
9395,112747 14954,872213 0,000000
9445,112747 14954,872213 0,000000
9495,112747 14954,872213 0,000000
9545,112747 14954,872213 0,000000
9595,112747 14954,872213 0,000000
9645,112747 14954,872213 0,000000
9695,112747 14954,872213 0,000000
9745,112747 14954,872213 0,000000
9795,112747 14954,872213 0,000000
9845,112747 14954,872213 0,000000
9895,112747 14954,872213 0,000000
9945,112747 14954,872213 0,000000
9995,112747 14954,872213 0,000000
10045,112747 14954,872213 0,000000
10095,112747 14954,872213 0,000000
10145,112747 14954,872213 0,000000
10195,112747 14954,872213 0,000000
10245,112747 14954,872213 0,000000
10295,112747 14954,872213 0,000000
10345,112747 14954,872213 0,000000
10395,112747 14954,872213 0,000000
10445,112747 14954,872213 0,000000
10495,112747 14954,872213 0,000000
10545,112747 14954,872213 0,000000
10595,112747 14954,872213 0,000000
10645,112747 14954,872213 0,000000
10695,112747 14954,872213 0,000000
10745,112747 14954,872213 0,000000
10795,112747 14954,872213 0,000000
10845,112747 14954,872213 0,000000
10895,112747 14954,872213 0,000000
10945,112747 14954,872213 0,000000
10995,112747 14954,872213 0,000000
11045,112747 14954,872213 0,000000
11095,112747 14954,872213 0,000000
11145,112747 14954,872213 0,000000
11195,112747 14954,872213 0,000000
11245,112747 14954,872213 0,000000
11295,112747 14954,872213 0,000000
11345,112747 14954,872213 0,000000
11395,112747 14954,872213 0,000000
11445,112747 14954,872213 0,000000
11495,112747 14954,872213 0,000000
11545,112747 14954,872213 0,000000
11595,112747 14954,872213 0,000000
11645,112747 14954,872213 0,000000
11695,112747 14954,872213 0,000000
11745,112747 14954,872213 0,000000
11795,112747 14954,872213 0,000000
11845,112747 14954,872213 0,000000
11895,112747 14954,872213 0,000000
11945,112747 14954,872213 0,000000
11995,112747 14954,872213 0,000000
12045,112747 14954,872213 0,000000
12095,112747 14954,872213 0,000000
12145,112747 14954,872213 0,000000
12195,112747 14954,872213 0,000000
12245,112747 14954,872213 0,000000
12295,112747 14954,872213 0,000000
12345,112747 14954,872213 0,000000
12395,112747 14954,872213 0,000000
12445,112747 14954,872213 0,000000
12495,112747 14954,872213 0,000000
12545,112747 14954,872213 0,000000
12595,112747 14954,872213 0,000000
12645,112747 14954,872213 0,000000
12695,112747 14954,872213 0,000000
12745,112747 14954,872213 0,000000
12795,112747 14954,872213 0,000000
12845,112747 14954,872213 0,000000
12895,112747 14954,872213 0,000000
12945,112747 14954,872213 0,000000
12995,112747 14954,872213 0,000000
13045,112747 14954,872213 0,000000
13095,112747 14954,872213 0,000000
13145,112747 14954,872213 0,000000
13195,112747 14954,872213 0,000000
13245,112747 14954,872213 0,000000
13295,112747 14954,872213 0,000000
13345,112747 14954,872213 0,000000
13395,112747 14954,872213 0,000000
13445,112747 14954,872213 0,000000
13495,112747 14954,872213 0,000000
13545,112747 14954,872213 0,000000
13595,112747 14954,872213 0,000000
13645,112747 14954,872213 0,000000
13695,112747 14954,872213 0,000000
13745,112747 14954,872213 0,000000
13795,112747 14954,872213 0,000000
13845,112747 14954,872213 0,000000
13895,112747 14954,872213 0,000000
13945,112747 14954,872213 0,000000
13995,112747 14954,872213 0,000000
6545,112747 15004,872213 0,000000
6595,112747 15004,872213 0,000000
6645,112747 15004,872213 0,000000
6695,112747 15004,872213 0,000000
6745,112747 15004,872213 0,000000
6795,112747 15004,872213 0,000000
6845,112747 15004,872213 0,000000
6895,112747 15004,872213 0,000000
6945,112747 15004,872213 0,000000
6995,112747 15004,872213 0,000000
7045,112747 15004,872213 0,000000
7095,112747 15004,872213 0,000000
7145,112747 15004,872213 0,000000
7195,112747 15004,872213 0,000000
7245,112747 15004,872213 0,000000
7295,112747 15004,872213 0,000000
7345,112747 15004,872213 0,000000
7395,112747 15004,872213 0,000000
7445,112747 15004,872213 0,000000
7495,112747 15004,872213 0,000000
7545,112747 15004,872213 0,000000
7595,112747 15004,872213 0,000000
7645,112747 15004,872213 0,000000
7695,112747 15004,872213 0,000000
7745,112747 15004,872213 0,000000
7795,112747 15004,872213 0,000000
7845,112747 15004,872213 0,000000
7895,112747 15004,872213 0,000000
7945,112747 15004,872213 0,000000
7995,112747 15004,872213 0,000000
8045,112747 15004,872213 0,000000
8095,112747 15004,872213 0,000000
8145,112747 15004,872213 0,000000
8195,112747 15004,872213 0,000000
8245,112747 15004,872213 0,000000
8295,112747 15004,872213 0,000000
8345,112747 15004,872213 0,000000
8395,112747 15004,872213 0,000000
8445,112747 15004,872213 0,000000
8495,112747 15004,872213 0,000000
8545,112747 15004,872213 0,000000
8595,112747 15004,872213 0,000000
8645,112747 15004,872213 0,000000
8695,112747 15004,872213 0,000000
8745,112747 15004,872213 0,000000
8795,112747 15004,872213 0,000000
8845,112747 15004,872213 0,000000
8895,112747 15004,872213 0,000000
8945,112747 15004,872213 0,000000
8995,112747 15004,872213 0,000000
9045,112747 15004,872213 0,000000
9095,112747 15004,872213 0,000000
9145,112747 15004,872213 0,000000
9195,112747 15004,872213 0,000000
9245,112747 15004,872213 0,000000
9295,112747 15004,872213 0,000000
9345,112747 15004,872213 0,000000
9395,112747 15004,872213 0,000000
9445,112747 15004,872213 0,000000
9495,112747 15004,872213 0,000000
9545,112747 15004,872213 0,000000
9595,112747 15004,872213 0,000000
9645,112747 15004,872213 0,000000
9695,112747 15004,872213 0,000000
9745,112747 15004,872213 0,000000
9795,112747 15004,872213 0,000000
9845,112747 15004,872213 0,000000
9895,112747 15004,872213 0,000000
9945,112747 15004,872213 0,000000
9995,112747 15004,872213 0,000000
10045,112747 15004,872213 0,000000
10095,112747 15004,872213 0,000000
10145,112747 15004,872213 0,000000
10195,112747 15004,872213 0,000000
10245,112747 15004,872213 0,000000
10295,112747 15004,872213 0,000000
10345,112747 15004,872213 0,000000
10395,112747 15004,872213 0,000000
10445,112747 15004,872213 0,000000
10495,112747 15004,872213 0,000000
10545,112747 15004,872213 0,000000
10595,112747 15004,872213 0,000000
10645,112747 15004,872213 0,000000
10695,112747 15004,872213 0,000000
10745,112747 15004,872213 0,000000
10795,112747 15004,872213 0,000000
10845,112747 15004,872213 0,000000
10895,112747 15004,872213 0,000000
10945,112747 15004,872213 0,000000
10995,112747 15004,872213 0,000000
11045,112747 15004,872213 0,000000
11095,112747 15004,872213 0,000000
11145,112747 15004,872213 0,000000
11195,112747 15004,872213 0,000000
11245,112747 15004,872213 0,000000
11295,112747 15004,872213 0,000000
11345,112747 15004,872213 0,000000
11395,112747 15004,872213 0,000000
11445,112747 15004,872213 0,000000
11495,112747 15004,872213 0,000000
11545,112747 15004,872213 0,000000
11595,112747 15004,872213 0,000000
11645,112747 15004,872213 0,000000
11695,112747 15004,872213 0,000000
11745,112747 15004,872213 0,000000
11795,112747 15004,872213 0,000000
11845,112747 15004,872213 0,000000
11895,112747 15004,872213 0,000000
11945,112747 15004,872213 0,000000
11995,112747 15004,872213 0,000000
12045,112747 15004,872213 0,000000
12095,112747 15004,872213 0,000000
12145,112747 15004,872213 0,000000
12195,112747 15004,872213 0,000000
12245,112747 15004,872213 0,000000
12295,112747 15004,872213 0,000000
12345,112747 15004,872213 0,000000
12395,112747 15004,872213 0,000000
12445,112747 15004,872213 0,000000
12495,112747 15004,872213 0,000000
12545,112747 15004,872213 0,000000
12595,112747 15004,872213 0,000000
12645,112747 15004,872213 0,000000
12695,112747 15004,872213 0,000000
12745,112747 15004,872213 0,000000
12795,112747 15004,872213 0,000000
12845,112747 15004,872213 0,000000
12895,112747 15004,872213 0,000000
12945,112747 15004,872213 0,000000
12995,112747 15004,872213 0,000000
13045,112747 15004,872213 0,000000
13095,112747 15004,872213 0,000000
13145,112747 15004,872213 0,000000
13195,112747 15004,872213 0,000000
13245,112747 15004,872213 0,000000
13295,112747 15004,872213 0,000000
13345,112747 15004,872213 0,000000
13395,112747 15004,872213 0,000000
13445,112747 15004,872213 0,000000
13495,112747 15004,872213 0,000000
13545,112747 15004,872213 0,000000
13595,112747 15004,872213 0,000000
13645,112747 15004,872213 0,000000
13695,112747 15004,872213 0,000000
13745,112747 15004,872213 0,000000
13795,112747 15004,872213 0,000000
13845,112747 15004,872213 0,000000
13895,112747 15004,872213 0,000000
13945,112747 15004,872213 0,000000
13995,112747 15004,872213 0,000000
6545,112747 15054,872213 0,000000
6595,112747 15054,872213 0,000000
6645,112747 15054,872213 0,000000
6695,112747 15054,872213 0,000000
6745,112747 15054,872213 0,000000
6795,112747 15054,872213 0,000000
6845,112747 15054,872213 0,000000
6895,112747 15054,872213 0,000000
6945,112747 15054,872213 0,000000
6995,112747 15054,872213 0,000000
7045,112747 15054,872213 0,000000
7095,112747 15054,872213 0,000000
7145,112747 15054,872213 0,000000
7195,112747 15054,872213 0,000000
7245,112747 15054,872213 0,000000
7295,112747 15054,872213 0,000000
7345,112747 15054,872213 0,000000
7395,112747 15054,872213 0,000000
7445,112747 15054,872213 0,000000
7495,112747 15054,872213 0,000000
7545,112747 15054,872213 0,000000
7595,112747 15054,872213 0,000000
7645,112747 15054,872213 0,000000
7695,112747 15054,872213 0,000000
7745,112747 15054,872213 0,000000
7795,112747 15054,872213 0,000000
7845,112747 15054,872213 0,000000
7895,112747 15054,872213 0,000000
7945,112747 15054,872213 0,000000
7995,112747 15054,872213 0,000000
8045,112747 15054,872213 0,000000
8095,112747 15054,872213 0,000000
8145,112747 15054,872213 0,000000
8195,112747 15054,872213 0,000000
8245,112747 15054,872213 0,000000
8295,112747 15054,872213 0,000000
8345,112747 15054,872213 0,000000
8395,112747 15054,872213 0,000000
8445,112747 15054,872213 0,000000
8495,112747 15054,872213 0,000000
8545,112747 15054,872213 0,000000
8595,112747 15054,872213 0,000000
8645,112747 15054,872213 0,000000
8695,112747 15054,872213 0,000000
8745,112747 15054,872213 0,000000
8795,112747 15054,872213 0,000000
8845,112747 15054,872213 0,000000
8895,112747 15054,872213 0,000000
8945,112747 15054,872213 0,000000
8995,112747 15054,872213 0,000000
9045,112747 15054,872213 0,000000
9095,112747 15054,872213 0,000000
9145,112747 15054,872213 0,000000
9195,112747 15054,872213 0,000000
9245,112747 15054,872213 0,000000
9295,112747 15054,872213 0,000000
9345,112747 15054,872213 0,000000
9395,112747 15054,872213 0,000000
9445,112747 15054,872213 0,000000
9495,112747 15054,872213 0,000000
9545,112747 15054,872213 0,000000
9595,112747 15054,872213 0,000000
9645,112747 15054,872213 0,000000
9695,112747 15054,872213 0,000000
9745,112747 15054,872213 0,000000
9795,112747 15054,872213 0,000000
9845,112747 15054,872213 0,000000
9895,112747 15054,872213 0,000000
9945,112747 15054,872213 0,000000
9995,112747 15054,872213 0,000000
10045,112747 15054,872213 0,000000
10095,112747 15054,872213 0,000000
10145,112747 15054,872213 0,000000
10195,112747 15054,872213 0,000000
10245,112747 15054,872213 0,000000
10295,112747 15054,872213 0,000000
10345,112747 15054,872213 0,000000
10395,112747 15054,872213 0,000000
10445,112747 15054,872213 0,000000
10495,112747 15054,872213 0,000000
10545,112747 15054,872213 0,000000
10595,112747 15054,872213 0,000000
10645,112747 15054,872213 0,000000
10695,112747 15054,872213 0,000000
10745,112747 15054,872213 0,000000
10795,112747 15054,872213 0,000000
10845,112747 15054,872213 0,000000
10895,112747 15054,872213 0,000000
10945,112747 15054,872213 0,000000
10995,112747 15054,872213 0,000000
11045,112747 15054,872213 0,000000
11095,112747 15054,872213 0,000000
11145,112747 15054,872213 0,000000
11195,112747 15054,872213 0,000000
11245,112747 15054,872213 0,000000
11295,112747 15054,872213 0,000000
11345,112747 15054,872213 0,000000
11395,112747 15054,872213 0,000000
11445,112747 15054,872213 0,000000
11495,112747 15054,872213 0,000000
11545,112747 15054,872213 0,000000
11595,112747 15054,872213 0,000000
11645,112747 15054,872213 0,000000
11695,112747 15054,872213 0,000000
11745,112747 15054,872213 0,000000
11795,112747 15054,872213 0,000000
11845,112747 15054,872213 0,000000
11895,112747 15054,872213 0,000000
11945,112747 15054,872213 0,000000
11995,112747 15054,872213 0,000000
12045,112747 15054,872213 0,000000
12095,112747 15054,872213 0,000000
12145,112747 15054,872213 0,000000
12195,112747 15054,872213 0,000000
12245,112747 15054,872213 0,000000
12295,112747 15054,872213 0,000000
12345,112747 15054,872213 0,000000
12395,112747 15054,872213 0,000000
12445,112747 15054,872213 0,000000
12495,112747 15054,872213 0,000000
12545,112747 15054,872213 0,000000
12595,112747 15054,872213 0,000000
12645,112747 15054,872213 0,000000
12695,112747 15054,872213 0,000000
12745,112747 15054,872213 0,000000
12795,112747 15054,872213 0,000000
12845,112747 15054,872213 0,000000
12895,112747 15054,872213 0,000000
12945,112747 15054,872213 0,000000
12995,112747 15054,872213 0,000000
13045,112747 15054,872213 0,000000
13095,112747 15054,872213 0,000000
13145,112747 15054,872213 0,000000
13195,112747 15054,872213 0,000000
13245,112747 15054,872213 0,000000
13295,112747 15054,872213 0,000000
13345,112747 15054,872213 0,000000
13395,112747 15054,872213 0,000000
13445,112747 15054,872213 0,000000
13495,112747 15054,872213 0,000000
13545,112747 15054,872213 0,000000
13595,112747 15054,872213 0,000000
13645,112747 15054,872213 0,000000
13695,112747 15054,872213 0,000000
13745,112747 15054,872213 0,000000
13795,112747 15054,872213 0,000000
13845,112747 15054,872213 0,000000
13895,112747 15054,872213 0,000000
13945,112747 15054,872213 0,000000
13995,112747 15054,872213 0,000000
6545,112747 15104,872213 0,000000
6595,112747 15104,872213 0,000000
6645,112747 15104,872213 0,000000
6695,112747 15104,872213 0,000000
6745,112747 15104,872213 0,000000
6795,112747 15104,872213 0,000000
6845,112747 15104,872213 0,000000
6895,112747 15104,872213 0,000000
6945,112747 15104,872213 0,000000
6995,112747 15104,872213 0,000000
7045,112747 15104,872213 0,000000
7095,112747 15104,872213 0,000000
7145,112747 15104,872213 0,000000
7195,112747 15104,872213 0,000000
7245,112747 15104,872213 0,000000
7295,112747 15104,872213 0,000000
7345,112747 15104,872213 0,000000
7395,112747 15104,872213 0,000000
7445,112747 15104,872213 0,000000
7495,112747 15104,872213 0,000000
7545,112747 15104,872213 0,000000
7595,112747 15104,872213 0,000000
7645,112747 15104,872213 0,000000
7695,112747 15104,872213 0,000000
7745,112747 15104,872213 0,000000
7795,112747 15104,872213 0,000000
7845,112747 15104,872213 0,000000
7895,112747 15104,872213 0,000000
7945,112747 15104,872213 0,000000
7995,112747 15104,872213 0,000000
8045,112747 15104,872213 0,000000
8095,112747 15104,872213 0,000000
8145,112747 15104,872213 0,000000
8195,112747 15104,872213 0,000000
8245,112747 15104,872213 0,000000
8295,112747 15104,872213 0,000000
8345,112747 15104,872213 0,000000
8395,112747 15104,872213 0,000000
8445,112747 15104,872213 0,000000
8495,112747 15104,872213 0,000000
8545,112747 15104,872213 0,000000
8595,112747 15104,872213 0,000000
8645,112747 15104,872213 0,000000
8695,112747 15104,872213 0,000000
8745,112747 15104,872213 0,000000
8795,112747 15104,872213 0,000000
8845,112747 15104,872213 0,000000
8895,112747 15104,872213 0,000000
8945,112747 15104,872213 0,000000
8995,112747 15104,872213 0,000000
9045,112747 15104,872213 0,000000
9095,112747 15104,872213 0,000000
9145,112747 15104,872213 0,000000
9195,112747 15104,872213 0,000000
9245,112747 15104,872213 0,000000
9295,112747 15104,872213 0,000000
9345,112747 15104,872213 0,000000
9395,112747 15104,872213 0,000000
9445,112747 15104,872213 0,000000
9495,112747 15104,872213 0,000000
9545,112747 15104,872213 0,000000
9595,112747 15104,872213 0,000000
9645,112747 15104,872213 0,000000
9695,112747 15104,872213 0,000000
9745,112747 15104,872213 0,000000
9795,112747 15104,872213 0,000000
9845,112747 15104,872213 0,000000
9895,112747 15104,872213 0,000000
9945,112747 15104,872213 0,000000
9995,112747 15104,872213 0,000000
10045,112747 15104,872213 0,000000
10095,112747 15104,872213 0,000000
10145,112747 15104,872213 0,000000
10195,112747 15104,872213 0,000000
10245,112747 15104,872213 0,000000
10295,112747 15104,872213 0,000000
10345,112747 15104,872213 0,000000
10395,112747 15104,872213 0,000000
10445,112747 15104,872213 0,000000
10495,112747 15104,872213 0,000000
10545,112747 15104,872213 0,000000
10595,112747 15104,872213 0,000000
10645,112747 15104,872213 0,000000
10695,112747 15104,872213 0,000000
10745,112747 15104,872213 0,000000
10795,112747 15104,872213 0,000000
10845,112747 15104,872213 0,000000
10895,112747 15104,872213 0,000000
10945,112747 15104,872213 0,000000
10995,112747 15104,872213 0,000000
11045,112747 15104,872213 0,000000
11095,112747 15104,872213 0,000000
11145,112747 15104,872213 0,000000
11195,112747 15104,872213 0,000000
11245,112747 15104,872213 0,000000
11295,112747 15104,872213 0,000000
11345,112747 15104,872213 0,000000
11395,112747 15104,872213 0,000000
11445,112747 15104,872213 0,000000
11495,112747 15104,872213 0,000000
11545,112747 15104,872213 0,000000
11595,112747 15104,872213 0,000000
11645,112747 15104,872213 0,000000
11695,112747 15104,872213 0,000000
11745,112747 15104,872213 0,000000
11795,112747 15104,872213 0,000000
11845,112747 15104,872213 0,000000
11895,112747 15104,872213 0,000000
11945,112747 15104,872213 0,000000
11995,112747 15104,872213 0,000000
12045,112747 15104,872213 0,000000
12095,112747 15104,872213 0,000000
12145,112747 15104,872213 0,000000
12195,112747 15104,872213 0,000000
12245,112747 15104,872213 0,000000
12295,112747 15104,872213 0,000000
12345,112747 15104,872213 0,000000
12395,112747 15104,872213 0,000000
12445,112747 15104,872213 0,000000
12495,112747 15104,872213 0,000000
12545,112747 15104,872213 0,000000
12595,112747 15104,872213 0,000000
12645,112747 15104,872213 0,000000
12695,112747 15104,872213 0,000000
12745,112747 15104,872213 0,000000
12795,112747 15104,872213 0,000000
12845,112747 15104,872213 0,000000
12895,112747 15104,872213 0,000000
12945,112747 15104,872213 0,000000
12995,112747 15104,872213 0,000000
13045,112747 15104,872213 0,000000
13095,112747 15104,872213 0,000000
13145,112747 15104,872213 0,000000
13195,112747 15104,872213 0,000000
13245,112747 15104,872213 0,000000
13295,112747 15104,872213 0,000000
13345,112747 15104,872213 0,000000
13395,112747 15104,872213 0,000000
13445,112747 15104,872213 0,000000
13495,112747 15104,872213 0,000000
13545,112747 15104,872213 0,000000
13595,112747 15104,872213 0,000000
13645,112747 15104,872213 0,000000
13695,112747 15104,872213 0,000000
13745,112747 15104,872213 0,000000
13795,112747 15104,872213 0,000000
13845,112747 15104,872213 0,000000
13895,112747 15104,872213 0,000000
13945,112747 15104,872213 0,000000
13995,112747 15104,872213 0,000000
6545,112747 15154,872213 0,000000
6595,112747 15154,872213 0,000000
6645,112747 15154,872213 0,000000
6695,112747 15154,872213 0,000000
6745,112747 15154,872213 0,000000
6795,112747 15154,872213 0,000000
6845,112747 15154,872213 0,000000
6895,112747 15154,872213 0,000000
6945,112747 15154,872213 0,000000
6995,112747 15154,872213 0,000000
7045,112747 15154,872213 0,000000
7095,112747 15154,872213 0,000000
7145,112747 15154,872213 0,000000
7195,112747 15154,872213 0,000000
7245,112747 15154,872213 0,000000
7295,112747 15154,872213 0,000000
7345,112747 15154,872213 0,000000
7395,112747 15154,872213 0,000000
7445,112747 15154,872213 0,000000
7495,112747 15154,872213 0,000000
7545,112747 15154,872213 0,000000
7595,112747 15154,872213 0,000000
7645,112747 15154,872213 0,000000
7695,112747 15154,872213 0,000000
7745,112747 15154,872213 0,000000
7795,112747 15154,872213 0,000000
7845,112747 15154,872213 0,000000
7895,112747 15154,872213 0,000000
7945,112747 15154,872213 0,000000
7995,112747 15154,872213 0,000000
8045,112747 15154,872213 0,000000
8095,112747 15154,872213 0,000000
8145,112747 15154,872213 0,000000
8195,112747 15154,872213 0,000000
8245,112747 15154,872213 0,000000
8295,112747 15154,872213 0,000000
8345,112747 15154,872213 0,000000
8395,112747 15154,872213 0,000000
8445,112747 15154,872213 0,000000
8495,112747 15154,872213 0,000000
8545,112747 15154,872213 0,000000
8595,112747 15154,872213 0,000000
8645,112747 15154,872213 0,000000
8695,112747 15154,872213 0,000000
8745,112747 15154,872213 0,000000
8795,112747 15154,872213 0,000000
8845,112747 15154,872213 0,000000
8895,112747 15154,872213 0,000000
8945,112747 15154,872213 0,000000
8995,112747 15154,872213 0,000000
9045,112747 15154,872213 0,000000
9095,112747 15154,872213 0,000000
9145,112747 15154,872213 0,000000
9195,112747 15154,872213 0,000000
9245,112747 15154,872213 0,000000
9295,112747 15154,872213 0,000000
9345,112747 15154,872213 0,000000
9395,112747 15154,872213 0,000000
9445,112747 15154,872213 0,000000
9495,112747 15154,872213 0,000000
9545,112747 15154,872213 0,000000
9595,112747 15154,872213 0,000000
9645,112747 15154,872213 0,000000
9695,112747 15154,872213 0,000000
9745,112747 15154,872213 0,000000
9795,112747 15154,872213 0,000000
9845,112747 15154,872213 0,000000
9895,112747 15154,872213 0,000000
9945,112747 15154,872213 0,000000
9995,112747 15154,872213 0,000000
10045,112747 15154,872213 0,000000
10095,112747 15154,872213 0,000000
10145,112747 15154,872213 0,000000
10195,112747 15154,872213 0,000000
10245,112747 15154,872213 0,000000
10295,112747 15154,872213 0,000000
10345,112747 15154,872213 0,000000
10395,112747 15154,872213 0,000000
10445,112747 15154,872213 0,000000
10495,112747 15154,872213 0,000000
10545,112747 15154,872213 0,000000
10595,112747 15154,872213 0,000000
10645,112747 15154,872213 0,000000
10695,112747 15154,872213 0,000000
10745,112747 15154,872213 0,000000
10795,112747 15154,872213 0,000000
10845,112747 15154,872213 0,000000
10895,112747 15154,872213 0,000000
10945,112747 15154,872213 0,000000
10995,112747 15154,872213 0,000000
11045,112747 15154,872213 0,000000
11095,112747 15154,872213 0,000000
11145,112747 15154,872213 0,000000
11195,112747 15154,872213 0,000000
11245,112747 15154,872213 0,000000
11295,112747 15154,872213 0,000000
11345,112747 15154,872213 0,000000
11395,112747 15154,872213 0,000000
11445,112747 15154,872213 0,000000
11495,112747 15154,872213 0,000000
11545,112747 15154,872213 0,000000
11595,112747 15154,872213 0,000000
11645,112747 15154,872213 0,000000
11695,112747 15154,872213 0,000000
11745,112747 15154,872213 0,000000
11795,112747 15154,872213 0,000000
11845,112747 15154,872213 0,000000
11895,112747 15154,872213 0,000000
11945,112747 15154,872213 0,000000
11995,112747 15154,872213 0,000000
12045,112747 15154,872213 0,000000
12095,112747 15154,872213 0,000000
12145,112747 15154,872213 0,000000
12195,112747 15154,872213 0,000000
12245,112747 15154,872213 0,000000
12295,112747 15154,872213 0,000000
12345,112747 15154,872213 0,000000
12395,112747 15154,872213 0,000000
12445,112747 15154,872213 0,000000
12495,112747 15154,872213 0,000000
12545,112747 15154,872213 0,000000
12595,112747 15154,872213 0,000000
12645,112747 15154,872213 0,000000
12695,112747 15154,872213 0,000000
12745,112747 15154,872213 0,000000
12795,112747 15154,872213 0,000000
12845,112747 15154,872213 0,000000
12895,112747 15154,872213 0,000000
12945,112747 15154,872213 0,000000
12995,112747 15154,872213 0,000000
13045,112747 15154,872213 0,000000
13095,112747 15154,872213 0,000000
13145,112747 15154,872213 0,000000
13195,112747 15154,872213 0,000000
13245,112747 15154,872213 0,000000
13295,112747 15154,872213 0,000000
13345,112747 15154,872213 0,000000
13395,112747 15154,872213 0,000000
13445,112747 15154,872213 0,000000
13495,112747 15154,872213 0,000000
13545,112747 15154,872213 0,000000
13595,112747 15154,872213 0,000000
13645,112747 15154,872213 0,000000
13695,112747 15154,872213 0,000000
13745,112747 15154,872213 0,000000
13795,112747 15154,872213 0,000000
13845,112747 15154,872213 0,000000
13895,112747 15154,872213 0,000000
13945,112747 15154,872213 0,000000
13995,112747 15154,872213 0,000000
6545,112747 15204,872213 0,000000
6595,112747 15204,872213 0,000000
6645,112747 15204,872213 0,000000
6695,112747 15204,872213 0,000000
6745,112747 15204,872213 0,000000
6795,112747 15204,872213 0,000000
6845,112747 15204,872213 0,000000
6895,112747 15204,872213 0,000000
6945,112747 15204,872213 0,000000
6995,112747 15204,872213 0,000000
7045,112747 15204,872213 0,000000
7095,112747 15204,872213 0,000000
7145,112747 15204,872213 0,000000
7195,112747 15204,872213 0,000000
7245,112747 15204,872213 0,000000
7295,112747 15204,872213 0,000000
7345,112747 15204,872213 0,000000
7395,112747 15204,872213 0,000000
7445,112747 15204,872213 0,000000
7495,112747 15204,872213 0,000000
7545,112747 15204,872213 0,000000
7595,112747 15204,872213 0,000000
7645,112747 15204,872213 0,000000
7695,112747 15204,872213 0,000000
7745,112747 15204,872213 0,000000
7795,112747 15204,872213 0,000000
7845,112747 15204,872213 0,000000
7895,112747 15204,872213 0,000000
7945,112747 15204,872213 0,000000
7995,112747 15204,872213 0,000000
8045,112747 15204,872213 0,000000
8095,112747 15204,872213 0,000000
8145,112747 15204,872213 0,000000
8195,112747 15204,872213 0,000000
8245,112747 15204,872213 0,000000
8295,112747 15204,872213 0,000000
8345,112747 15204,872213 0,000000
8395,112747 15204,872213 0,000000
8445,112747 15204,872213 0,000000
8495,112747 15204,872213 0,000000
8545,112747 15204,872213 0,000000
8595,112747 15204,872213 0,000000
8645,112747 15204,872213 0,000000
8695,112747 15204,872213 0,000000
8745,112747 15204,872213 0,000000
8795,112747 15204,872213 0,000000
8845,112747 15204,872213 0,000000
8895,112747 15204,872213 0,000000
8945,112747 15204,872213 0,000000
8995,112747 15204,872213 0,000000
9045,112747 15204,872213 0,000000
9095,112747 15204,872213 0,000000
9145,112747 15204,872213 0,000000
9195,112747 15204,872213 0,000000
9245,112747 15204,872213 0,000000
9295,112747 15204,872213 0,000000
9345,112747 15204,872213 0,000000
9395,112747 15204,872213 0,000000
9445,112747 15204,872213 0,000000
9495,112747 15204,872213 0,000000
9545,112747 15204,872213 0,000000
9595,112747 15204,872213 0,000000
9645,112747 15204,872213 0,000000
9695,112747 15204,872213 0,000000
9745,112747 15204,872213 0,000000
9795,112747 15204,872213 0,000000
9845,112747 15204,872213 0,000000
9895,112747 15204,872213 0,000000
9945,112747 15204,872213 0,000000
9995,112747 15204,872213 0,000000
10045,112747 15204,872213 0,000000
10095,112747 15204,872213 0,000000
10145,112747 15204,872213 0,000000
10195,112747 15204,872213 0,000000
10245,112747 15204,872213 0,000000
10295,112747 15204,872213 0,000000
10345,112747 15204,872213 0,000000
10395,112747 15204,872213 0,000000
10445,112747 15204,872213 0,000000
10495,112747 15204,872213 0,000000
10545,112747 15204,872213 0,000000
10595,112747 15204,872213 0,000000
10645,112747 15204,872213 0,000000
10695,112747 15204,872213 0,000000
10745,112747 15204,872213 0,000000
10795,112747 15204,872213 0,000000
10845,112747 15204,872213 0,000000
10895,112747 15204,872213 0,000000
10945,112747 15204,872213 0,000000
10995,112747 15204,872213 0,000000
11045,112747 15204,872213 0,000000
11095,112747 15204,872213 0,000000
11145,112747 15204,872213 0,000000
11195,112747 15204,872213 0,000000
11245,112747 15204,872213 0,000000
11295,112747 15204,872213 0,000000
11345,112747 15204,872213 0,000000
11395,112747 15204,872213 0,000000
11445,112747 15204,872213 0,000000
11495,112747 15204,872213 0,000000
11545,112747 15204,872213 0,000000
11595,112747 15204,872213 0,000000
11645,112747 15204,872213 0,000000
11695,112747 15204,872213 0,000000
11745,112747 15204,872213 0,000000
11795,112747 15204,872213 0,000000
11845,112747 15204,872213 0,000000
11895,112747 15204,872213 0,000000
11945,112747 15204,872213 0,000000
11995,112747 15204,872213 0,000000
12045,112747 15204,872213 0,000000
12095,112747 15204,872213 0,000000
12145,112747 15204,872213 0,000000
12195,112747 15204,872213 0,000000
12245,112747 15204,872213 0,000000
12295,112747 15204,872213 0,000000
12345,112747 15204,872213 0,000000
12395,112747 15204,872213 0,000000
12445,112747 15204,872213 0,000000
12495,112747 15204,872213 0,000000
12545,112747 15204,872213 0,000000
12595,112747 15204,872213 0,000000
12645,112747 15204,872213 0,000000
12695,112747 15204,872213 0,000000
12745,112747 15204,872213 0,000000
12795,112747 15204,872213 0,000000
12845,112747 15204,872213 0,000000
12895,112747 15204,872213 0,000000
12945,112747 15204,872213 0,000000
12995,112747 15204,872213 0,000000
13045,112747 15204,872213 0,000000
13095,112747 15204,872213 0,000000
13145,112747 15204,872213 0,000000
13195,112747 15204,872213 0,000000
13245,112747 15204,872213 0,000000
13295,112747 15204,872213 0,000000
13345,112747 15204,872213 0,000000
13395,112747 15204,872213 0,000000
13445,112747 15204,872213 0,000000
13495,112747 15204,872213 0,000000
13545,112747 15204,872213 0,000000
13595,112747 15204,872213 0,000000
13645,112747 15204,872213 0,000000
13695,112747 15204,872213 0,000000
13745,112747 15204,872213 0,000000
13795,112747 15204,872213 0,000000
13845,112747 15204,872213 0,000000
13895,112747 15204,872213 0,000000
13945,112747 15204,872213 0,000000
13995,112747 15204,872213 0,000000
