10250.0	7300.0	25.899862
10300.0	7300.0	25.908607
10350.0	7300.0	25.92605
10400.0	7300.0	25.951012
10450.0	7300.0	25.965086
10500.0	7300.0	25.9541
10550.0	7300.0	25.91326
10600.0	7300.0	25.855053
10650.0	7300.0	25.775278
10700.0	7300.0	25.678383
10750.0	7300.0	25.565083
10800.0	7300.0	25.456221
10850.0	7300.0	25.367199
10900.0	7300.0	25.307133
10950.0	7300.0	25.275648
11000.0	7300.0	25.271854
11050.0	7300.0	25.292387
11100.0	7300.0	25.333647
11150.0	7300.0	25.374775
11200.0	7300.0	25.392843
11250.0	7300.0	25.392159
11300.0	7300.0	25.364098
11350.0	7300.0	25.304485
11400.0	7300.0	25.218872
11450.0	7300.0	25.112123
11500.0	7300.0	24.975319
11550.0	7300.0	24.81933
11600.0	7300.0	24.662823
11650.0	7300.0	24.519529
11700.0	7300.0	24.381493
11750.0	7300.0	24.250544
11800.0	7300.0	24.131008
11850.0	7300.0	24.020468
11900.0	7300.0	23.917007
11950.0	7300.0	23.817165
12000.0	7300.0	23.714664
12050.0	7300.0	23.598125
12100.0	7300.0	23.471628
12150.0	7300.0	23.345552
12200.0	7300.0	23.225424
12250.0	7300.0	23.104757
12300.0	7300.0	22.977655
12350.0	7300.0	22.828724
12400.0	7300.0	22.655136
12450.0	7300.0	22.46443
12500.0	7300.0	22.262672
12550.0	7300.0	22.053804
12600.0	7300.0	21.835234
12650.0	7300.0	21.611488
12700.0	7300.0	21.391989
12750.0	7300.0	21.183117
12800.0	7300.0	20.988676
12850.0	7300.0	20.806997
12900.0	7300.0	20.642382
12950.0	7300.0	20.477324
13000.0	7300.0	20.304434
13050.0	7300.0	20.119524
13100.0	7300.0	19.923746
13150.0	7300.0	19.719952
13200.0	7300.0	19.517637
13250.0	7300.0	19.319689
13300.0	7300.0	19.123928
13350.0	7300.0	18.910816
13400.0	7300.0	18.664701
13450.0	7300.0	18.378365
13500.0	7300.0	18.059782
13550.0	7300.0	17.721447
13600.0	7300.0	17.372959
13650.0	7300.0	17.025761
13700.0	7300.0	16.68383
13750.0	7300.0	16.339504
13800.0	7300.0	15.990396
13850.0	7300.0	15.630732
13900.0	7300.0	15.259489
13950.0	7300.0	14.866676
14000.0	7300.0	14.4623
14050.0	7300.0	14.055974
14100.0	7300.0	13.66188
14150.0	7300.0	13.285531
14200.0	7300.0	12.919182
14250.0	7300.0	12.559219
14300.0	7300.0	12.199385
14350.0	7300.0	11.838085
14400.0	7300.0	11.466744
14450.0	7300.0	11.082942
14500.0	7300.0	10.695422
14550.0	7300.0	10.310247
14600.0	7300.0	9.937078
14650.0	7300.0	9.565083
14700.0	7300.0	9.199114
14750.0	7300.0	8.83941
14800.0	7300.0	8.49448
14850.0	7300.0	8.1705
14900.0	7300.0	7.869896
14950.0	7300.0	7.599213
15000.0	7300.0	7.359372
15050.0	7300.0	7.154693
15100.0	7300.0	6.979379
15150.0	7300.0	6.819138
15200.0	7300.0	6.663808
15250.0	7300.0	6.500267
15300.0	7300.0	6.331091
15350.0	7300.0	6.158823
15400.0	7300.0	5.988489
15450.0	7300.0	5.81425
15500.0	7300.0	5.630721
15550.0	7300.0	5.435919
15600.0	7300.0	5.228323
15650.0	7300.0	5.004535
15700.0	7300.0	4.759102
15750.0	7300.0	4.491118
15800.0	7300.0	4.199846
15850.0	7300.0	3.887206
15900.0	7300.0	3.569597
15950.0	7300.0	3.260377
16000.0	7300.0	2.967788
16050.0	7300.0	2.690881
16100.0	7300.0	2.430182
16150.0	7300.0	2.176693
16200.0	7300.0	1.918884
16250.0	7300.0	1.664522
16300.0	7300.0	1.43072
16350.0	7300.0	1.222933
16400.0	7300.0	1.0451
16450.0	7300.0	0.903779
16500.0	7300.0	0.798694
16550.0	7300.0	0.720268
16600.0	7300.0	0.648533
16650.0	7300.0	0.58467
16700.0	7300.0	0.516837
16750.0	7300.0	0.435196
16800.0	7300.0	0.341848
16850.0	7300.0	0.237643
16900.0	7300.0	0.115987
16950.0	7300.0	-0.013974
17000.0	7300.0	-0.137637
17050.0	7300.0	-0.250947
17100.0	7300.0	-0.362362
17150.0	7300.0	-0.47475
17200.0	7300.0	-0.580349
17250.0	7300.0	-0.670387
17300.0	7300.0	-0.744113
17350.0	7300.0	-0.81677
17400.0	7300.0	-0.878079
17450.0	7300.0	-0.924545
17500.0	7300.0	-0.959399
17550.0	7300.0	-0.982211
17600.0	7300.0	-1.003594
17650.0	7300.0	-1.036895
17700.0	7300.0	-1.089366
17750.0	7300.0	-1.166252
17800.0	7300.0	-1.265925
17850.0	7300.0	-1.380919
17900.0	7300.0	-1.505101
17950.0	7300.0	-1.626195
18000.0	7300.0	-1.729738
18050.0	7300.0	-1.796844
18100.0	7300.0	-1.821748
18150.0	7300.0	-1.801827
18200.0	7300.0	-1.753089
18250.0	7300.0	-1.69858
18300.0	7300.0	-1.645162
10250.0	7350.0	25.925892
10300.0	7350.0	25.929852
10350.0	7350.0	25.929293
10400.0	7350.0	25.922873
10450.0	7350.0	25.906929
10500.0	7350.0	25.880232
10550.0	7350.0	25.851648
10600.0	7350.0	25.802042
10650.0	7350.0	25.739998
10700.0	7350.0	25.666721
10750.0	7350.0	25.592262
10800.0	7350.0	25.52107
10850.0	7350.0	25.459333
10900.0	7350.0	25.403376
10950.0	7350.0	25.369955
11000.0	7350.0	25.359779
11050.0	7350.0	25.365091
11100.0	7350.0	25.372171
11150.0	7350.0	25.370262
11200.0	7350.0	25.365387
11250.0	7350.0	25.340374
11300.0	7350.0	25.295546
11350.0	7350.0	25.234045
11400.0	7350.0	25.151937
11450.0	7350.0	25.048742
11500.0	7350.0	24.938072
11550.0	7350.0	24.81918
11600.0	7350.0	24.699274
11650.0	7350.0	24.574789
11700.0	7350.0	24.458914
11750.0	7350.0	24.349041
11800.0	7350.0	24.235697
11850.0	7350.0	24.126284
11900.0	7350.0	24.018669
11950.0	7350.0	23.906984
12000.0	7350.0	23.788818
12050.0	7350.0	23.670332
12100.0	7350.0	23.546799
12150.0	7350.0	23.414898
12200.0	7350.0	23.279398
12250.0	7350.0	23.141426
12300.0	7350.0	22.997236
12350.0	7350.0	22.847395
12400.0	7350.0	22.692364
12450.0	7350.0	22.520607
12500.0	7350.0	22.338577
12550.0	7350.0	22.146212
12600.0	7350.0	21.953787
12650.0	7350.0	21.759533
12700.0	7350.0	21.562239
12750.0	7350.0	21.366854
12800.0	7350.0	21.17807
12850.0	7350.0	20.996361
12900.0	7350.0	20.812599
12950.0	7350.0	20.62941
13000.0	7350.0	20.441362
13050.0	7350.0	20.242237
13100.0	7350.0	20.031628
13150.0	7350.0	19.816416
13200.0	7350.0	19.596909
13250.0	7350.0	19.366758
13300.0	7350.0	19.122459
13350.0	7350.0	18.863909
13400.0	7350.0	18.593069
13450.0	7350.0	18.304163
13500.0	7350.0	17.996403
13550.0	7350.0	17.672215
13600.0	7350.0	17.34272
13650.0	7350.0	17.00564
13700.0	7350.0	16.66036
13750.0	7350.0	16.313299
13800.0	7350.0	15.960395
13850.0	7350.0	15.605624
13900.0	7350.0	15.241732
13950.0	7350.0	14.878995
14000.0	7350.0	14.513152
14050.0	7350.0	14.148267
14100.0	7350.0	13.782172
14150.0	7350.0	13.414096
14200.0	7350.0	13.053455
14250.0	7350.0	12.698043
14300.0	7350.0	12.344707
14350.0	7350.0	11.982797
14400.0	7350.0	11.616093
14450.0	7350.0	11.251413
14500.0	7350.0	10.887997
14550.0	7350.0	10.528247
14600.0	7350.0	10.163598
14650.0	7350.0	9.813207
14700.0	7350.0	9.474168
14750.0	7350.0	9.146648
14800.0	7350.0	8.822095
14850.0	7350.0	8.502302
14900.0	7350.0	8.202254
14950.0	7350.0	7.920765
15000.0	7350.0	7.661021
15050.0	7350.0	7.414108
15100.0	7350.0	7.18168
15150.0	7350.0	6.965835
15200.0	7350.0	6.759672
15250.0	7350.0	6.560125
15300.0	7350.0	6.359552
15350.0	7350.0	6.159376
15400.0	7350.0	5.955909
15450.0	7350.0	5.746971
15500.0	7350.0	5.5306
15550.0	7350.0	5.303982
15600.0	7350.0	5.068543
15650.0	7350.0	4.822181
15700.0	7350.0	4.566623
15750.0	7350.0	4.298995
15800.0	7350.0	4.024967
15850.0	7350.0	3.748683
15900.0	7350.0	3.470258
15950.0	7350.0	3.195435
16000.0	7350.0	2.928196
16050.0	7350.0	2.672681
16100.0	7350.0	2.418935
16150.0	7350.0	2.167397
16200.0	7350.0	1.92665
16250.0	7350.0	1.700241
16300.0	7350.0	1.489584
16350.0	7350.0	1.299893
16400.0	7350.0	1.134835
16450.0	7350.0	0.989972
16500.0	7350.0	0.860034
16550.0	7350.0	0.744199
16600.0	7350.0	0.647825
16650.0	7350.0	0.556387
16700.0	7350.0	0.464949
16750.0	7350.0	0.370076
16800.0	7350.0	0.269579
16850.0	7350.0	0.163945
16900.0	7350.0	0.05748
16950.0	7350.0	-0.052623
17000.0	7350.0	-0.164186
17050.0	7350.0	-0.277584
17100.0	7350.0	-0.38602
17150.0	7350.0	-0.485039
17200.0	7350.0	-0.580833
17250.0	7350.0	-0.668882
17300.0	7350.0	-0.75193
17350.0	7350.0	-0.821016
17400.0	7350.0	-0.885759
17450.0	7350.0	-0.942968
17500.0	7350.0	-0.991097
17550.0	7350.0	-1.034037
17600.0	7350.0	-1.080161
17650.0	7350.0	-1.132619
17700.0	7350.0	-1.193844
17750.0	7350.0	-1.264061
17800.0	7350.0	-1.342363
17850.0	7350.0	-1.424192
17900.0	7350.0	-1.509629
17950.0	7350.0	-1.588102
18000.0	7350.0	-1.653455
18050.0	7350.0	-1.707723
18100.0	7350.0	-1.744986
18150.0	7350.0	-1.775107
18200.0	7350.0	-1.793572
18250.0	7350.0	-1.79442
18300.0	7350.0	-1.791062
10250.0	7400.0	25.956076
10300.0	7400.0	25.945324
10350.0	7400.0	25.928267
10400.0	7400.0	25.891418
10450.0	7400.0	25.852001
10500.0	7400.0	25.821163
10550.0	7400.0	25.78627
10600.0	7400.0	25.748224
10650.0	7400.0	25.706049
10700.0	7400.0	25.657187
10750.0	7400.0	25.617725
10800.0	7400.0	25.580534
10850.0	7400.0	25.539909
10900.0	7400.0	25.507135
10950.0	7400.0	25.476622
11000.0	7400.0	25.452209
11050.0	7400.0	25.430521
11100.0	7400.0	25.396675
11150.0	7400.0	25.363478
11200.0	7400.0	25.32983
11250.0	7400.0	25.286907
11300.0	7400.0	25.234081
11350.0	7400.0	25.167948
11400.0	7400.0	25.089014
11450.0	7400.0	24.997732
11500.0	7400.0	24.908932
11550.0	7400.0	24.824123
11600.0	7400.0	24.731064
11650.0	7400.0	24.632221
11700.0	7400.0	24.534639
11750.0	7400.0	24.435633
11800.0	7400.0	24.336319
11850.0	7400.0	24.228888
11900.0	7400.0	24.114355
11950.0	7400.0	23.993513
12000.0	7400.0	23.867823
12050.0	7400.0	23.741919
12100.0	7400.0	23.615536
12150.0	7400.0	23.481892
12200.0	7400.0	23.335974
12250.0	7400.0	23.184881
12300.0	7400.0	23.029442
12350.0	7400.0	22.878212
12400.0	7400.0	22.726507
12450.0	7400.0	22.576366
12500.0	7400.0	22.417877
12550.0	7400.0	22.252821
12600.0	7400.0	22.080667
12650.0	7400.0	21.906969
12700.0	7400.0	21.731689
12750.0	7400.0	21.554722
12800.0	7400.0	21.372286
12850.0	7400.0	21.185915
12900.0	7400.0	20.986563
12950.0	7400.0	20.784529
13000.0	7400.0	20.576609
13050.0	7400.0	20.361412
13100.0	7400.0	20.140562
13150.0	7400.0	19.911131
13200.0	7400.0	19.66416
13250.0	7400.0	19.402752
13300.0	7400.0	19.118092
13350.0	7400.0	18.825451
13400.0	7400.0	18.527231
13450.0	7400.0	18.234507
13500.0	7400.0	17.938534
13550.0	7400.0	17.63365
13600.0	7400.0	17.314281
13650.0	7400.0	16.983437
13700.0	7400.0	16.644466
13750.0	7400.0	16.300657
13800.0	7400.0	15.952725
13850.0	7400.0	15.599408
13900.0	7400.0	15.24866
13950.0	7400.0	14.909577
14000.0	7400.0	14.575487
14050.0	7400.0	14.240042
14100.0	7400.0	13.897642
14150.0	7400.0	13.549847
14200.0	7400.0	13.201014
14250.0	7400.0	12.846633
14300.0	7400.0	12.487921
14350.0	7400.0	12.129063
14400.0	7400.0	11.777575
14450.0	7400.0	11.431597
14500.0	7400.0	11.085089
14550.0	7400.0	10.73807
14600.0	7400.0	10.397242
14650.0	7400.0	10.06534
14700.0	7400.0	9.741017
14750.0	7400.0	9.42543
14800.0	7400.0	9.119493
14850.0	7400.0	8.823515
14900.0	7400.0	8.52627
14950.0	7400.0	8.234781
15000.0	7400.0	7.948064
15050.0	7400.0	7.668506
15100.0	7400.0	7.391926
15150.0	7400.0	7.12116
15200.0	7400.0	6.859681
15250.0	7400.0	6.617408
15300.0	7400.0	6.386595
15350.0	7400.0	6.156403
15400.0	7400.0	5.916111
15450.0	7400.0	5.672617
15500.0	7400.0	5.427578
15550.0	7400.0	5.178169
15600.0	7400.0	4.918958
15650.0	7400.0	4.654406
15700.0	7400.0	4.390539
15750.0	7400.0	4.128426
15800.0	7400.0	3.867596
15850.0	7400.0	3.61782
15900.0	7400.0	3.375892
15950.0	7400.0	3.135407
16000.0	7400.0	2.895117
16050.0	7400.0	2.651073
16100.0	7400.0	2.405763
16150.0	7400.0	2.167005
16200.0	7400.0	1.949139
16250.0	7400.0	1.750337
16300.0	7400.0	1.559398
16350.0	7400.0	1.381634
16400.0	7400.0	1.216161
16450.0	7400.0	1.062776
16500.0	7400.0	0.918027
16550.0	7400.0	0.777908
16600.0	7400.0	0.650741
16650.0	7400.0	0.528064
16700.0	7400.0	0.413733
16750.0	7400.0	0.306537
16800.0	7400.0	0.20123
16850.0	7400.0	0.093884
16900.0	7400.0	-0.004097
16950.0	7400.0	-0.09642
17000.0	7400.0	-0.198078
17050.0	7400.0	-0.302869
17100.0	7400.0	-0.403969
17150.0	7400.0	-0.498979
17200.0	7400.0	-0.583181
17250.0	7400.0	-0.669356
17300.0	7400.0	-0.754731
17350.0	7400.0	-0.82702
17400.0	7400.0	-0.895194
17450.0	7400.0	-0.960327
17500.0	7400.0	-1.022374
17550.0	7400.0	-1.090415
17600.0	7400.0	-1.158953
17650.0	7400.0	-1.227071
17700.0	7400.0	-1.29444
17750.0	7400.0	-1.354982
17800.0	7400.0	-1.408164
17850.0	7400.0	-1.463351
17900.0	7400.0	-1.507772
17950.0	7400.0	-1.550224
18000.0	7400.0	-1.58918
18050.0	7400.0	-1.633635
18100.0	7400.0	-1.68909
18150.0	7400.0	-1.752577
18200.0	7400.0	-1.820082
18250.0	7400.0	-1.881914
18300.0	7400.0	-1.932588
10250.0	7450.0	25.989862
10300.0	7450.0	25.958101
10350.0	7450.0	25.911438
10400.0	7450.0	25.857082
10450.0	7450.0	25.808376
10500.0	7450.0	25.768948
10550.0	7450.0	25.733717
10600.0	7450.0	25.699694
10650.0	7450.0	25.666739
10700.0	7450.0	25.648108
10750.0	7450.0	25.642109
10800.0	7450.0	25.635649
10850.0	7450.0	25.622959
10900.0	7450.0	25.607248
10950.0	7450.0	25.580486
11000.0	7450.0	25.537039
11050.0	7450.0	25.482738
11100.0	7450.0	25.418686
11150.0	7450.0	25.352888
11200.0	7450.0	25.293268
11250.0	7450.0	25.232908
11300.0	7450.0	25.171703
11350.0	7450.0	25.109058
11400.0	7450.0	25.038561
11450.0	7450.0	24.965069
11500.0	7450.0	24.895407
11550.0	7450.0	24.835831
11600.0	7450.0	24.767502
11650.0	7450.0	24.690327
11700.0	7450.0	24.605206
11750.0	7450.0	24.514124
11800.0	7450.0	24.419735
11850.0	7450.0	24.316397
11900.0	7450.0	24.200527
11950.0	7450.0	24.076002
12000.0	7450.0	23.94368
12050.0	7450.0	23.811914
12100.0	7450.0	23.68108
12150.0	7450.0	23.547276
12200.0	7450.0	23.398043
12250.0	7450.0	23.240278
12300.0	7450.0	23.077011
12350.0	7450.0	22.923178
12400.0	7450.0	22.7756
12450.0	7450.0	22.638479
12500.0	7450.0	22.499083
12550.0	7450.0	22.355896
12600.0	7450.0	22.206322
12650.0	7450.0	22.054596
12700.0	7450.0	21.899088
12750.0	7450.0	21.73283
12800.0	7450.0	21.555071
12850.0	7450.0	21.366323
12900.0	7450.0	21.160376
12950.0	7450.0	20.937292
13000.0	7450.0	20.704906
13050.0	7450.0	20.474463
13100.0	7450.0	20.239838
13150.0	7450.0	19.99115
13200.0	7450.0	19.718039
13250.0	7450.0	19.42145
13300.0	7450.0	19.110249
13350.0	7450.0	18.793795
13400.0	7450.0	18.482063
13450.0	7450.0	18.182934
13500.0	7450.0	17.891985
13550.0	7450.0	17.600348
13600.0	7450.0	17.296247
13650.0	7450.0	16.977499
13700.0	7450.0	16.644955
13750.0	7450.0	16.306255
13800.0	7450.0	15.967831
13850.0	7450.0	15.628654
13900.0	7450.0	15.295216
13950.0	7450.0	14.967793
14000.0	7450.0	14.653063
14050.0	7450.0	14.340954
14100.0	7450.0	14.023399
14150.0	7450.0	13.695838
14200.0	7450.0	13.349356
14250.0	7450.0	12.996681
14300.0	7450.0	12.639447
14350.0	7450.0	12.28963
14400.0	7450.0	11.948571
14450.0	7450.0	11.614744
14500.0	7450.0	11.285699
14550.0	7450.0	10.958771
14600.0	7450.0	10.633365
14650.0	7450.0	10.31275
14700.0	7450.0	9.99546
14750.0	7450.0	9.687598
14800.0	7450.0	9.394849
14850.0	7450.0	9.107977
14900.0	7450.0	8.820548
14950.0	7450.0	8.522441
15000.0	7450.0	8.216873
15050.0	7450.0	7.906785
15100.0	7450.0	7.590872
15150.0	7450.0	7.277223
15200.0	7450.0	6.97358
15250.0	7450.0	6.686623
15300.0	7450.0	6.413539
15350.0	7450.0	6.143878
15400.0	7450.0	5.871445
15450.0	7450.0	5.59737
15500.0	7450.0	5.325111
15550.0	7450.0	5.057234
15600.0	7450.0	4.785751
15650.0	7450.0	4.515866
15700.0	7450.0	4.246432
15750.0	7450.0	3.988792
15800.0	7450.0	3.74429
15850.0	7450.0	3.517294
15900.0	7450.0	3.299672
15950.0	7450.0	3.086287
16000.0	7450.0	2.862397
16050.0	7450.0	2.63248
16100.0	7450.0	2.403848
16150.0	7450.0	2.189384
16200.0	7450.0	1.993991
16250.0	7450.0	1.810022
16300.0	7450.0	1.634185
16350.0	7450.0	1.462648
16400.0	7450.0	1.298802
16450.0	7450.0	1.133641
16500.0	7450.0	0.96976
16550.0	7450.0	0.809124
16600.0	7450.0	0.654314
16650.0	7450.0	0.508139
16700.0	7450.0	0.368546
16750.0	7450.0	0.250474
16800.0	7450.0	0.135937
16850.0	7450.0	0.029236
16900.0	7450.0	-0.066052
16950.0	7450.0	-0.150894
17000.0	7450.0	-0.238717
17050.0	7450.0	-0.332644
17100.0	7450.0	-0.422535
17150.0	7450.0	-0.506873
17200.0	7450.0	-0.587806
17250.0	7450.0	-0.674196
17300.0	7450.0	-0.760914
17350.0	7450.0	-0.838968
17400.0	7450.0	-0.904132
17450.0	7450.0	-0.977314
17500.0	7450.0	-1.055882
17550.0	7450.0	-1.147579
17600.0	7450.0	-1.239958
17650.0	7450.0	-1.31789
17700.0	7450.0	-1.379082
17750.0	7450.0	-1.427272
17800.0	7450.0	-1.463579
17850.0	7450.0	-1.489281
17900.0	7450.0	-1.50527
17950.0	7450.0	-1.517691
18000.0	7450.0	-1.545435
18050.0	7450.0	-1.589345
18100.0	7450.0	-1.656713
18150.0	7450.0	-1.743493
18200.0	7450.0	-1.843168
18250.0	7450.0	-1.949613
18300.0	7450.0	-2.053489
10250.0	7500.0	26.020752
10300.0	7500.0	25.959873
10350.0	7500.0	25.893494
10400.0	7500.0	25.828636
10450.0	7500.0	25.770264
10500.0	7500.0	25.720951
10550.0	7500.0	25.684635
10600.0	7500.0	25.656139
10650.0	7500.0	25.64386
10700.0	7500.0	25.65163
10750.0	7500.0	25.66864
10800.0	7500.0	25.68511
10850.0	7500.0	25.69557
10900.0	7500.0	25.690042
10950.0	7500.0	25.662912
11000.0	7500.0	25.608126
11050.0	7500.0	25.523836
11100.0	7500.0	25.435633
11150.0	7500.0	25.348995
11200.0	7500.0	25.263006
11250.0	7500.0	25.185192
11300.0	7500.0	25.117783
11350.0	7500.0	25.055916
11400.0	7500.0	24.999092
11450.0	7500.0	24.947525
11500.0	7500.0	24.902752
11550.0	7500.0	24.857298
11600.0	7500.0	24.809669
11650.0	7500.0	24.748098
11700.0	7500.0	24.670551
11750.0	7500.0	24.584984
11800.0	7500.0	24.490284
11850.0	7500.0	24.387009
11900.0	7500.0	24.270935
11950.0	7500.0	24.142242
12000.0	7500.0	24.013208
12050.0	7500.0	23.881506
12100.0	7500.0	23.749258
12150.0	7500.0	23.61146
12200.0	7500.0	23.46347
12250.0	7500.0	23.300789
12300.0	7500.0	23.138189
12350.0	7500.0	22.983276
12400.0	7500.0	22.846899
12450.0	7500.0	22.714724
12500.0	7500.0	22.588089
12550.0	7500.0	22.459219
12600.0	7500.0	22.332428
12650.0	7500.0	22.198627
12700.0	7500.0	22.053785
12750.0	7500.0	21.895197
12800.0	7500.0	21.718761
12850.0	7500.0	21.518959
12900.0	7500.0	21.299728
12950.0	7500.0	21.06551
13000.0	7500.0	20.820742
13050.0	7500.0	20.572998
13100.0	7500.0	20.315744
13150.0	7500.0	20.041338
13200.0	7500.0	19.748585
13250.0	7500.0	19.433767
13300.0	7500.0	19.106548
13350.0	7500.0	18.779049
13400.0	7500.0	18.4646
13450.0	7500.0	18.160332
13500.0	7500.0	17.868462
13550.0	7500.0	17.582472
13600.0	7500.0	17.291132
13650.0	7500.0	16.984661
13700.0	7500.0	16.664688
13750.0	7500.0	16.33535
13800.0	7500.0	16.00783
13850.0	7500.0	15.688483
13900.0	7500.0	15.373058
13950.0	7500.0	15.064293
14000.0	7500.0	14.758739
14050.0	7500.0	14.46016
14100.0	7500.0	14.155208
14150.0	7500.0	13.833936
14200.0	7500.0	13.497727
14250.0	7500.0	13.148184
14300.0	7500.0	12.804316
14350.0	7500.0	12.464506
14400.0	7500.0	12.130524
14450.0	7500.0	11.807467
14500.0	7500.0	11.495351
14550.0	7500.0	11.185639
14600.0	7500.0	10.873775
14650.0	7500.0	10.555401
14700.0	7500.0	10.243723
14750.0	7500.0	9.94182
14800.0	7500.0	9.644522
14850.0	7500.0	9.352424
14900.0	7500.0	9.058416
14950.0	7500.0	8.756392
15000.0	7500.0	8.439504
15050.0	7500.0	8.10392
15100.0	7500.0	7.761875
15150.0	7500.0	7.41889
15200.0	7500.0	7.085695
15250.0	7500.0	6.759165
15300.0	7500.0	6.440859
15350.0	7500.0	6.129254
15400.0	7500.0	5.827564
15450.0	7500.0	5.531148
15500.0	7500.0	5.239345
15550.0	7500.0	4.951177
15600.0	7500.0	4.675207
15650.0	7500.0	4.401365
15700.0	7500.0	4.136814
15750.0	7500.0	3.88651
15800.0	7500.0	3.6633
15850.0	7500.0	3.453907
15900.0	7500.0	3.254029
15950.0	7500.0	3.048505
16000.0	7500.0	2.839547
16050.0	7500.0	2.626413
16100.0	7500.0	2.420914
16150.0	7500.0	2.227156
16200.0	7500.0	2.04587
16250.0	7500.0	1.877673
16300.0	7500.0	1.711848
16350.0	7500.0	1.546834
16400.0	7500.0	1.376109
16450.0	7500.0	1.200806
16500.0	7500.0	1.01621
16550.0	7500.0	0.836089
16600.0	7500.0	0.663675
16650.0	7500.0	0.493651
16700.0	7500.0	0.339694
16750.0	7500.0	0.195797
16800.0	7500.0	0.078267
16850.0	7500.0	-0.026833
16900.0	7500.0	-0.121546
16950.0	7500.0	-0.20797
17000.0	7500.0	-0.28709
17050.0	7500.0	-0.367469
17100.0	7500.0	-0.44749
17150.0	7500.0	-0.523666
17200.0	7500.0	-0.601827
17250.0	7500.0	-0.682609
17300.0	7500.0	-0.765463
17350.0	7500.0	-0.844681
17400.0	7500.0	-0.923366
17450.0	7500.0	-1.005372
17500.0	7500.0	-1.102479
17550.0	7500.0	-1.205087
17600.0	7500.0	-1.303014
17650.0	7500.0	-1.384536
17700.0	7500.0	-1.443436
17750.0	7500.0	-1.48074
17800.0	7500.0	-1.503336
17850.0	7500.0	-1.507776
17900.0	7500.0	-1.506533
17950.0	7500.0	-1.508718
18000.0	7500.0	-1.526626
18050.0	7500.0	-1.575465
18100.0	7500.0	-1.649769
18150.0	7500.0	-1.749117
18200.0	7500.0	-1.869123
18250.0	7500.0	-1.998971
18300.0	7500.0	-2.137339
10250.0	7550.0	26.041615
10300.0	7550.0	25.952303
10350.0	7550.0	25.874359
10400.0	7550.0	25.805044
10450.0	7550.0	25.739874
10500.0	7550.0	25.682516
10550.0	7550.0	25.639599
10600.0	7550.0	25.627563
10650.0	7550.0	25.64175
10700.0	7550.0	25.670588
10750.0	7550.0	25.699253
10800.0	7550.0	25.728048
10850.0	7550.0	25.747658
10900.0	7550.0	25.744371
10950.0	7550.0	25.712698
11000.0	7550.0	25.649405
11050.0	7550.0	25.557877
11100.0	7550.0	25.455492
11150.0	7550.0	25.351007
11200.0	7550.0	25.247004
11250.0	7550.0	25.155615
11300.0	7550.0	25.075228
11350.0	7550.0	25.013866
11400.0	7550.0	24.973394
11450.0	7550.0	24.949503
11500.0	7550.0	24.922377
11550.0	7550.0	24.88763
11600.0	7550.0	24.851761
11650.0	7550.0	24.802574
11700.0	7550.0	24.733555
11750.0	7550.0	24.648626
11800.0	7550.0	24.550671
11850.0	7550.0	24.441633
11900.0	7550.0	24.322844
11950.0	7550.0	24.200308
12000.0	7550.0	24.076151
12050.0	7550.0	23.94886
12100.0	7550.0	23.814487
12150.0	7550.0	23.671625
12200.0	7550.0	23.523029
12250.0	7550.0	23.366655
12300.0	7550.0	23.216721
12350.0	7550.0	23.069445
12400.0	7550.0	22.930994
12450.0	7550.0	22.803658
12500.0	7550.0	22.682907
12550.0	7550.0	22.568014
12600.0	7550.0	22.449677
12650.0	7550.0	22.324343
12700.0	7550.0	22.187651
12750.0	7550.0	22.033178
12800.0	7550.0	21.849243
12850.0	7550.0	21.63113
12900.0	7550.0	21.399035
12950.0	7550.0	21.152435
13000.0	7550.0	20.902191
13050.0	7550.0	20.637945
13100.0	7550.0	20.362514
13150.0	7550.0	20.069891
13200.0	7550.0	19.763582
13250.0	7550.0	19.444805
13300.0	7550.0	19.121576
13350.0	7550.0	18.796225
13400.0	7550.0	18.476377
13450.0	7550.0	18.16873
13500.0	7550.0	17.874714
13550.0	7550.0	17.586378
13600.0	7550.0	17.298643
13650.0	7550.0	17.004715
13700.0	7550.0	16.703335
13750.0	7550.0	16.395456
13800.0	7550.0	16.081583
13850.0	7550.0	15.776794
13900.0	7550.0	15.482042
13950.0	7550.0	15.19171
14000.0	7550.0	14.900886
14050.0	7550.0	14.601169
14100.0	7550.0	14.293138
14150.0	7550.0	13.973693
14200.0	7550.0	13.645573
14250.0	7550.0	13.313849
14300.0	7550.0	12.979445
14350.0	7550.0	12.651735
14400.0	7550.0	12.331629
14450.0	7550.0	12.01833
14500.0	7550.0	11.710898
14550.0	7550.0	11.40866
14600.0	7550.0	11.10416
14650.0	7550.0	10.796972
14700.0	7550.0	10.488024
14750.0	7550.0	10.178673
14800.0	7550.0	9.870511
14850.0	7550.0	9.556903
14900.0	7550.0	9.244696
14950.0	7550.0	8.924109
15000.0	7550.0	8.591634
15050.0	7550.0	8.246631
15100.0	7550.0	7.893376
15150.0	7550.0	7.537056
15200.0	7550.0	7.178535
15250.0	7550.0	6.820341
15300.0	7550.0	6.467235
15350.0	7550.0	6.124824
15400.0	7550.0	5.796311
15450.0	7550.0	5.478722
15500.0	7550.0	5.172724
15550.0	7550.0	4.873821
15600.0	7550.0	4.585733
15650.0	7550.0	4.314259
15700.0	7550.0	4.061559
15750.0	7550.0	3.83194
15800.0	7550.0	3.620503
15850.0	7550.0	3.423821
15900.0	7550.0	3.229436
15950.0	7550.0	3.034782
16000.0	7550.0	2.835193
16050.0	7550.0	2.636472
16100.0	7550.0	2.449471
16150.0	7550.0	2.273829
16200.0	7550.0	2.102679
16250.0	7550.0	1.939541
16300.0	7550.0	1.787921
16350.0	7550.0	1.625071
16400.0	7550.0	1.447919
16450.0	7550.0	1.256033
16500.0	7550.0	1.059937
16550.0	7550.0	0.868439
16600.0	7550.0	0.670861
16650.0	7550.0	0.486488
16700.0	7550.0	0.315418
16750.0	7550.0	0.161703
16800.0	7550.0	0.029942
16850.0	7550.0	-0.07333
16900.0	7550.0	-0.168712
16950.0	7550.0	-0.259607
17000.0	7550.0	-0.338285
17050.0	7550.0	-0.409705
17100.0	7550.0	-0.482997
17150.0	7550.0	-0.554824
17200.0	7550.0	-0.628325
17250.0	7550.0	-0.698451
17300.0	7550.0	-0.769599
17350.0	7550.0	-0.856551
17400.0	7550.0	-0.952719
17450.0	7550.0	-1.048822
17500.0	7550.0	-1.15612
17550.0	7550.0	-1.253615
17600.0	7550.0	-1.34101
17650.0	7550.0	-1.418346
17700.0	7550.0	-1.47958
17750.0	7550.0	-1.516952
17800.0	7550.0	-1.531739
17850.0	7550.0	-1.527492
17900.0	7550.0	-1.518307
17950.0	7550.0	-1.521276
18000.0	7550.0	-1.545551
18050.0	7550.0	-1.590854
18100.0	7550.0	-1.668431
18150.0	7550.0	-1.771171
18200.0	7550.0	-1.889677
18250.0	7550.0	-2.029842
18300.0	7550.0	-2.183079
10250.0	7600.0	26.045029
10300.0	7600.0	25.940607
10350.0	7600.0	25.850504
10400.0	7600.0	25.780964
10450.0	7600.0	25.716692
10500.0	7600.0	25.660509
10550.0	7600.0	25.624388
10600.0	7600.0	25.624184
10650.0	7600.0	25.650124
10700.0	7600.0	25.692883
10750.0	7600.0	25.729515
10800.0	7600.0	25.759682
10850.0	7600.0	25.776644
10900.0	7600.0	25.767157
10950.0	7600.0	25.729403
11000.0	7600.0	25.664753
11050.0	7600.0	25.577297
11100.0	7600.0	25.473644
11150.0	7600.0	25.360826
11200.0	7600.0	25.244123
11250.0	7600.0	25.143612
11300.0	7600.0	25.060511
11350.0	7600.0	24.998621
11400.0	7600.0	24.968292
11450.0	7600.0	24.960894
11500.0	7600.0	24.949324
11550.0	7600.0	24.926405
11600.0	7600.0	24.892872
11650.0	7600.0	24.849045
11700.0	7600.0	24.784986
11750.0	7600.0	24.700878
11800.0	7600.0	24.6014
11850.0	7600.0	24.486715
11900.0	7600.0	24.368847
11950.0	7600.0	24.253443
12000.0	7600.0	24.136337
12050.0	7600.0	24.010735
12100.0	7600.0	23.872051
12150.0	7600.0	23.725414
12200.0	7600.0	23.583181
12250.0	7600.0	23.44459
12300.0	7600.0	23.307903
12350.0	7600.0	23.167799
12400.0	7600.0	23.028812
12450.0	7600.0	22.897108
12500.0	7600.0	22.776434
12550.0	7600.0	22.661413
12600.0	7600.0	22.545807
12650.0	7600.0	22.423882
12700.0	7600.0	22.289225
12750.0	7600.0	22.124836
12800.0	7600.0	21.928684
12850.0	7600.0	21.699322
12900.0	7600.0	21.456223
12950.0	7600.0	21.200171
13000.0	7600.0	20.937836
13050.0	7600.0	20.665863
13100.0	7600.0	20.380695
13150.0	7600.0	20.083784
13200.0	7600.0	19.77763
13250.0	7600.0	19.465609
13300.0	7600.0	19.154432
13350.0	7600.0	18.836645
13400.0	7600.0	18.521248
13450.0	7600.0	18.210796
13500.0	7600.0	17.909758
13550.0	7600.0	17.616974
13600.0	7600.0	17.330088
13650.0	7600.0	17.049255
13700.0	7600.0	16.770304
13750.0	7600.0	16.480623
13800.0	7600.0	16.189253
13850.0	7600.0	15.896
13900.0	7600.0	15.618458
13950.0	7600.0	15.338067
14000.0	7600.0	15.051931
14050.0	7600.0	14.749922
14100.0	7600.0	14.437601
14150.0	7600.0	14.1226
14200.0	7600.0	13.80636
14250.0	7600.0	13.487728
14300.0	7600.0	13.16885
14350.0	7600.0	12.854337
14400.0	7600.0	12.547728
14450.0	7600.0	12.239169
14500.0	7600.0	11.931371
14550.0	7600.0	11.621945
14600.0	7600.0	11.325767
14650.0	7600.0	11.023255
14700.0	7600.0	10.715694
14750.0	7600.0	10.393592
14800.0	7600.0	10.06229
14850.0	7600.0	9.73093
14900.0	7600.0	9.3897
14950.0	7600.0	9.045607
15000.0	7600.0	8.693254
15050.0	7600.0	8.338649
15100.0	7600.0	7.982738
15150.0	7600.0	7.616631
15200.0	7600.0	7.245928
15250.0	7600.0	6.865613
15300.0	7600.0	6.493441
15350.0	7600.0	6.13005
15400.0	7600.0	5.783028
15450.0	7600.0	5.4498
15500.0	7600.0	5.125106
15550.0	7600.0	4.816747
15600.0	7600.0	4.528914
15650.0	7600.0	4.266022
15700.0	7600.0	4.028714
15750.0	7600.0	3.813468
15800.0	7600.0	3.61415
15850.0	7600.0	3.418234
15900.0	7600.0	3.22864
15950.0	7600.0	3.036344
16000.0	7600.0	2.846266
16050.0	7600.0	2.663114
16100.0	7600.0	2.486846
16150.0	7600.0	2.321734
16200.0	7600.0	2.16013
16250.0	7600.0	2.0025
16300.0	7600.0	1.846016
16350.0	7600.0	1.685177
16400.0	7600.0	1.501853
16450.0	7600.0	1.302574
16500.0	7600.0	1.102286
16550.0	7600.0	0.895753
16600.0	7600.0	0.682686
16650.0	7600.0	0.483405
16700.0	7600.0	0.303146
16750.0	7600.0	0.142499
16800.0	7600.0	0.004522
16850.0	7600.0	-0.110169
16900.0	7600.0	-0.209905
16950.0	7600.0	-0.305789
17000.0	7600.0	-0.388762
17050.0	7600.0	-0.459002
17100.0	7600.0	-0.524728
17150.0	7600.0	-0.592498
17200.0	7600.0	-0.663561
17250.0	7600.0	-0.731174
17300.0	7600.0	-0.799157
17350.0	7600.0	-0.886299
17400.0	7600.0	-0.98578
17450.0	7600.0	-1.095126
17500.0	7600.0	-1.19716
17550.0	7600.0	-1.286027
17600.0	7600.0	-1.364245
17650.0	7600.0	-1.432765
17700.0	7600.0	-1.488036
17750.0	7600.0	-1.529221
17800.0	7600.0	-1.545604
17850.0	7600.0	-1.548566
17900.0	7600.0	-1.553787
17950.0	7600.0	-1.56615
18000.0	7600.0	-1.590199
18050.0	7600.0	-1.636246
18100.0	7600.0	-1.707983
18150.0	7600.0	-1.799542
18200.0	7600.0	-1.913627
18250.0	7600.0	-2.048056
18300.0	7600.0	-2.187434
10250.0	7650.0	26.020451
10300.0	7650.0	25.921041
10350.0	7650.0	25.8333
10400.0	7650.0	25.761263
10450.0	7650.0	25.703823
10500.0	7650.0	25.659567
10550.0	7650.0	25.640799
10600.0	7650.0	25.645142
10650.0	7650.0	25.675909
10700.0	7650.0	25.712179
10750.0	7650.0	25.745964
10800.0	7650.0	25.769577
10850.0	7650.0	25.779558
10900.0	7650.0	25.766605
10950.0	7650.0	25.725695
11000.0	7650.0	25.658594
11050.0	7650.0	25.577999
11100.0	7650.0	25.479858
11150.0	7650.0	25.367346
11200.0	7650.0	25.255796
11250.0	7650.0	25.155581
11300.0	7650.0	25.077354
11350.0	7650.0	25.025906
11400.0	7650.0	24.996012
11450.0	7650.0	24.980598
11500.0	7650.0	24.97448
11550.0	7650.0	24.959503
11600.0	7650.0	24.926914
11650.0	7650.0	24.884844
11700.0	7650.0	24.826042
11750.0	7650.0	24.743423
11800.0	7650.0	24.641768
11850.0	7650.0	24.531923
11900.0	7650.0	24.419899
11950.0	7650.0	24.305849
12000.0	7650.0	24.186888
12050.0	7650.0	24.058151
12100.0	7650.0	23.922457
12150.0	7650.0	23.786848
12200.0	7650.0	23.655386
12250.0	7650.0	23.532854
12300.0	7650.0	23.405153
12350.0	7650.0	23.272175
12400.0	7650.0	23.131336
12450.0	7650.0	22.99507
12500.0	7650.0	22.867346
12550.0	7650.0	22.74519
12600.0	7650.0	22.623304
12650.0	7650.0	22.493944
12700.0	7650.0	22.339991
12750.0	7650.0	22.159815
12800.0	7650.0	21.948605
12850.0	7650.0	21.722395
12900.0	7650.0	21.470257
12950.0	7650.0	21.211805
13000.0	7650.0	20.942926
13050.0	7650.0	20.665047
13100.0	7650.0	20.377399
13150.0	7650.0	20.083494
13200.0	7650.0	19.785995
13250.0	7650.0	19.487188
13300.0	7650.0	19.187262
13350.0	7650.0	18.891655
13400.0	7650.0	18.589693
13450.0	7650.0	18.284504
13500.0	7650.0	17.979193
13550.0	7650.0	17.683661
13600.0	7650.0	17.403557
13650.0	7650.0	17.134657
13700.0	7650.0	16.864855
13750.0	7650.0	16.597254
13800.0	7650.0	16.328405
13850.0	7650.0	16.06045
13900.0	7650.0	15.784304
13950.0	7650.0	15.501451
14000.0	7650.0	15.208184
14050.0	7650.0	14.904254
14100.0	7650.0	14.598536
14150.0	7650.0	14.291748
14200.0	7650.0	13.984489
14250.0	7650.0	13.682308
14300.0	7650.0	13.379324
14350.0	7650.0	13.078006
14400.0	7650.0	12.769952
14450.0	7650.0	12.459177
14500.0	7650.0	12.146475
14550.0	7650.0	11.839769
14600.0	7650.0	11.529093
14650.0	7650.0	11.222225
14700.0	7650.0	10.903662
14750.0	7650.0	10.573198
14800.0	7650.0	10.228383
14850.0	7650.0	9.868928
14900.0	7650.0	9.504258
14950.0	7650.0	9.136722
15000.0	7650.0	8.76665
15050.0	7650.0	8.397484
15100.0	7650.0	8.025568
15150.0	7650.0	7.655621
15200.0	7650.0	7.275875
15250.0	7650.0	6.896241
15300.0	7650.0	6.510289
15350.0	7650.0	6.140868
15400.0	7650.0	5.783838
15450.0	7650.0	5.437853
15500.0	7650.0	5.102472
15550.0	7650.0	4.792305
15600.0	7650.0	4.510404
15650.0	7650.0	4.263505
15700.0	7650.0	4.040025
15750.0	7650.0	3.832204
15800.0	7650.0	3.63305
15850.0	7650.0	3.436443
15900.0	7650.0	3.238445
15950.0	7650.0	3.048633
16000.0	7650.0	2.86923
16050.0	7650.0	2.697988
16100.0	7650.0	2.534483
16150.0	7650.0	2.374196
16200.0	7650.0	2.221746
16250.0	7650.0	2.061285
16300.0	7650.0	1.893808
16350.0	7650.0	1.71708
16400.0	7650.0	1.526226
16450.0	7650.0	1.331355
16500.0	7650.0	1.128505
16550.0	7650.0	0.912593
16600.0	7650.0	0.699449
16650.0	7650.0	0.495331
16700.0	7650.0	0.307413
16750.0	7650.0	0.141393
16800.0	7650.0	-0.006214
16850.0	7650.0	-0.133963
16900.0	7650.0	-0.249147
16950.0	7650.0	-0.345912
17000.0	7650.0	-0.434712
17050.0	7650.0	-0.505454
17100.0	7650.0	-0.570094
17150.0	7650.0	-0.640469
17200.0	7650.0	-0.709582
17250.0	7650.0	-0.780999
17300.0	7650.0	-0.853483
17350.0	7650.0	-0.933119
17400.0	7650.0	-1.031065
17450.0	7650.0	-1.133949
17500.0	7650.0	-1.221839
17550.0	7650.0	-1.302324
17600.0	7650.0	-1.371673
17650.0	7650.0	-1.435673
17700.0	7650.0	-1.485079
17750.0	7650.0	-1.521663
17800.0	7650.0	-1.548488
17850.0	7650.0	-1.571611
17900.0	7650.0	-1.600758
17950.0	7650.0	-1.633336
18000.0	7650.0	-1.666466
18050.0	7650.0	-1.708073
18100.0	7650.0	-1.761913
18150.0	7650.0	-1.840389
18200.0	7650.0	-1.940978
18250.0	7650.0	-2.046525
18300.0	7650.0	-2.161429
10250.0	7700.0	25.967054
10300.0	7700.0	25.889101
10350.0	7700.0	25.818998
10400.0	7700.0	25.755838
10450.0	7700.0	25.712805
10500.0	7700.0	25.686237
10550.0	7700.0	25.678827
10600.0	7700.0	25.686514
10650.0	7700.0	25.707836
10700.0	7700.0	25.7246
10750.0	7700.0	25.747089
10800.0	7700.0	25.763163
10850.0	7700.0	25.764997
10900.0	7700.0	25.743462
10950.0	7700.0	25.697742
11000.0	7700.0	25.633701
11050.0	7700.0	25.557987
11100.0	7700.0	25.472584
11150.0	7700.0	25.374712
11200.0	7700.0	25.283726
11250.0	7700.0	25.196701
11300.0	7700.0	25.130585
11350.0	7700.0	25.08021
11400.0	7700.0	25.045795
11450.0	7700.0	25.021864
11500.0	7700.0	25.004547
11550.0	7700.0	24.981087
11600.0	7700.0	24.949842
11650.0	7700.0	24.906393
11700.0	7700.0	24.85177
11750.0	7700.0	24.779184
11800.0	7700.0	24.685436
11850.0	7700.0	24.57992
11900.0	7700.0	24.469738
11950.0	7700.0	24.352863
12000.0	7700.0	24.230387
12050.0	7700.0	24.103765
12100.0	7700.0	23.977703
12150.0	7700.0	23.856039
12200.0	7700.0	23.741022
12250.0	7700.0	23.627792
12300.0	7700.0	23.507696
12350.0	7700.0	23.377764
12400.0	7700.0	23.241943
12450.0	7700.0	23.094326
12500.0	7700.0	22.953161
12550.0	7700.0	22.817856
12600.0	7700.0	22.67802
12650.0	7700.0	22.516775
12700.0	7700.0	22.335323
12750.0	7700.0	22.134623
12800.0	7700.0	21.92342
12850.0	7700.0	21.695827
12900.0	7700.0	21.452686
12950.0	7700.0	21.198099
13000.0	7700.0	20.927542
13050.0	7700.0	20.642971
13100.0	7700.0	20.351034
13150.0	7700.0	20.064152
13200.0	7700.0	19.780373
13250.0	7700.0	19.50267
13300.0	7700.0	19.225918
13350.0	7700.0	18.949181
13400.0	7700.0	18.668728
13450.0	7700.0	18.377741
13500.0	7700.0	18.084171
13550.0	7700.0	17.79595
13600.0	7700.0	17.519634
13650.0	7700.0	17.253824
13700.0	7700.0	16.99655
13750.0	7700.0	16.747339
13800.0	7700.0	16.497168
13850.0	7700.0	16.239727
13900.0	7700.0	15.965623
13950.0	7700.0	15.680337
14000.0	7700.0	15.380861
14050.0	7700.0	15.079694
14100.0	7700.0	14.775482
14150.0	7700.0	14.475846
14200.0	7700.0	14.184572
14250.0	7700.0	13.893432
14300.0	7700.0	13.60561
14350.0	7700.0	13.304584
14400.0	7700.0	12.995007
14450.0	7700.0	12.680908
14500.0	7700.0	12.361502
14550.0	7700.0	12.04224
14600.0	7700.0	11.718283
14650.0	7700.0	11.391845
14700.0	7700.0	11.056087
14750.0	7700.0	10.710679
14800.0	7700.0	10.348502
14850.0	7700.0	9.972278
14900.0	7700.0	9.585745
14950.0	7700.0	9.195717
15000.0	7700.0	8.8125
15050.0	7700.0	8.430219
15100.0	7700.0	8.046971
15150.0	7700.0	7.662267
15200.0	7700.0	7.2785
15250.0	7700.0	6.897812
15300.0	7700.0	6.522253
15350.0	7700.0	6.150904
15400.0	7700.0	5.787118
15450.0	7700.0	5.438998
15500.0	7700.0	5.113726
15550.0	7700.0	4.812563
15600.0	7700.0	4.542143
15650.0	7700.0	4.29626
15700.0	7700.0	4.08078
15750.0	7700.0	3.877193
15800.0	7700.0	3.670001
15850.0	7700.0	3.461355
15900.0	7700.0	3.255755
15950.0	7700.0	3.062925
16000.0	7700.0	2.891364
16050.0	7700.0	2.738413
16100.0	7700.0	2.586641
16150.0	7700.0	2.432795
16200.0	7700.0	2.271755
16250.0	7700.0	2.103697
16300.0	7700.0	1.918259
16350.0	7700.0	1.72189
16400.0	7700.0	1.530219
16450.0	7700.0	1.336373
16500.0	7700.0	1.135359
16550.0	7700.0	0.921035
16600.0	7700.0	0.712602
16650.0	7700.0	0.514598
16700.0	7700.0	0.330187
16750.0	7700.0	0.155198
16800.0	7700.0	-0.004013
16850.0	7700.0	-0.153137
16900.0	7700.0	-0.277085
16950.0	7700.0	-0.38312
17000.0	7700.0	-0.470718
17050.0	7700.0	-0.545688
17100.0	7700.0	-0.617665
17150.0	7700.0	-0.693165
17200.0	7700.0	-0.770829
17250.0	7700.0	-0.843414
17300.0	7700.0	-0.920296
17350.0	7700.0	-0.998659
17400.0	7700.0	-1.084054
17450.0	7700.0	-1.165085
17500.0	7700.0	-1.239926
17550.0	7700.0	-1.308246
17600.0	7700.0	-1.371143
17650.0	7700.0	-1.425253
17700.0	7700.0	-1.473356
17750.0	7700.0	-1.512209
17800.0	7700.0	-1.550131
17850.0	7700.0	-1.600532
17900.0	7700.0	-1.650972
17950.0	7700.0	-1.703587
18000.0	7700.0	-1.753592
18050.0	7700.0	-1.79968
18100.0	7700.0	-1.842997
18150.0	7700.0	-1.897733
18200.0	7700.0	-1.96237
18250.0	7700.0	-2.03638
18300.0	7700.0	-2.110347
10250.0	7750.0	25.888052
10300.0	7750.0	25.848558
10350.0	7750.0	25.804352
10400.0	7750.0	25.769489
10450.0	7750.0	25.744375
10500.0	7750.0	25.734892
10550.0	7750.0	25.734821
10600.0	7750.0	25.739016
10650.0	7750.0	25.734396
10700.0	7750.0	25.736116
10750.0	7750.0	25.743818
10800.0	7750.0	25.747845
10850.0	7750.0	25.727667
10900.0	7750.0	25.694241
10950.0	7750.0	25.643391
11000.0	7750.0	25.589029
11050.0	7750.0	25.53446
11100.0	7750.0	25.463362
11150.0	7750.0	25.391579
11200.0	7750.0	25.321907
11250.0	7750.0	25.25808
11300.0	7750.0	25.200499
11350.0	7750.0	25.157339
11400.0	7750.0	25.119396
11450.0	7750.0	25.079288
11500.0	7750.0	25.038918
11550.0	7750.0	25.004436
11600.0	7750.0	24.963161
11650.0	7750.0	24.915127
11700.0	7750.0	24.866581
11750.0	7750.0	24.805204
11800.0	7750.0	24.722231
11850.0	7750.0	24.626299
11900.0	7750.0	24.518785
11950.0	7750.0	24.404003
12000.0	7750.0	24.278717
12050.0	7750.0	24.158045
12100.0	7750.0	24.045017
12150.0	7750.0	23.940002
12200.0	7750.0	23.832739
12250.0	7750.0	23.726273
12300.0	7750.0	23.610783
12350.0	7750.0	23.489798
12400.0	7750.0	23.348705
12450.0	7750.0	23.202133
12500.0	7750.0	23.04277
12550.0	7750.0	22.877838
12600.0	7750.0	22.699852
12650.0	7750.0	22.50746
12700.0	7750.0	22.296097
12750.0	7750.0	22.074976
12800.0	7750.0	21.849506
12850.0	7750.0	21.628925
12900.0	7750.0	21.400757
12950.0	7750.0	21.152542
13000.0	7750.0	20.878244
13050.0	7750.0	20.59132
13100.0	7750.0	20.306118
13150.0	7750.0	20.028833
13200.0	7750.0	19.763309
13250.0	7750.0	19.510416
13300.0	7750.0	19.258362
13350.0	7750.0	19.008282
13400.0	7750.0	18.747906
13450.0	7750.0	18.484842
13500.0	7750.0	18.211905
13550.0	7750.0	17.939157
13600.0	7750.0	17.668701
13650.0	7750.0	17.40962
13700.0	7750.0	17.163733
13750.0	7750.0	16.926697
13800.0	7750.0	16.685316
13850.0	7750.0	16.432083
13900.0	7750.0	16.158461
13950.0	7750.0	15.872383
14000.0	7750.0	15.575426
14050.0	7750.0	15.275946
14100.0	7750.0	14.978287
14150.0	7750.0	14.685167
14200.0	7750.0	14.397538
14250.0	7750.0	14.118587
14300.0	7750.0	13.830357
14350.0	7750.0	13.530336
14400.0	7750.0	13.213552
14450.0	7750.0	12.891804
14500.0	7750.0	12.565327
14550.0	7750.0	12.230002
14600.0	7750.0	11.885262
14650.0	7750.0	11.534638
14700.0	7750.0	11.17853
14750.0	7750.0	10.810719
14800.0	7750.0	10.430364
14850.0	7750.0	10.037496
14900.0	7750.0	9.63761
14950.0	7750.0	9.237412
15000.0	7750.0	8.839644
15050.0	7750.0	8.445518
15100.0	7750.0	8.051117
15150.0	7750.0	7.659459
15200.0	7750.0	7.273287
15250.0	7750.0	6.893714
15300.0	7750.0	6.521056
15350.0	7750.0	6.154819
15400.0	7750.0	5.796493
15450.0	7750.0	5.456205
15500.0	7750.0	5.147677
15550.0	7750.0	4.863517
15600.0	7750.0	4.601247
15650.0	7750.0	4.364445
15700.0	7750.0	4.145048
15750.0	7750.0	3.93307
15800.0	7750.0	3.715579
15850.0	7750.0	3.4984
15900.0	7750.0	3.285805
15950.0	7750.0	3.095429
16000.0	7750.0	2.927054
16050.0	7750.0	2.777409
16100.0	7750.0	2.636492
16150.0	7750.0	2.482983
16200.0	7750.0	2.308196
16250.0	7750.0	2.115361
16300.0	7750.0	1.913765
16350.0	7750.0	1.713331
16400.0	7750.0	1.520273
16450.0	7750.0	1.324168
16500.0	7750.0	1.115075
16550.0	7750.0	0.913119
16600.0	7750.0	0.721921
16650.0	7750.0	0.533826
16700.0	7750.0	0.350747
16750.0	7750.0	0.175597
16800.0	7750.0	0.004328
16850.0	7750.0	-0.153166
16900.0	7750.0	-0.289116
16950.0	7750.0	-0.40163
17000.0	7750.0	-0.498972
17050.0	7750.0	-0.593276
17100.0	7750.0	-0.673348
17150.0	7750.0	-0.752013
17200.0	7750.0	-0.830476
17250.0	7750.0	-0.908271
17300.0	7750.0	-0.990389
17350.0	7750.0	-1.070639
17400.0	7750.0	-1.140952
17450.0	7750.0	-1.204243
17500.0	7750.0	-1.260917
17550.0	7750.0	-1.313306
17600.0	7750.0	-1.366086
17650.0	7750.0	-1.408588
17700.0	7750.0	-1.454382
17750.0	7750.0	-1.504469
17800.0	7750.0	-1.566773
17850.0	7750.0	-1.633803
17900.0	7750.0	-1.702837
17950.0	7750.0	-1.770077
18000.0	7750.0	-1.83788
18050.0	7750.0	-1.894345
18100.0	7750.0	-1.938839
18150.0	7750.0	-1.96813
18200.0	7750.0	-1.993154
18250.0	7750.0	-2.019206
18300.0	7750.0	-2.046616
10250.0	7800.0	25.792805
10300.0	7800.0	25.80257
10350.0	7800.0	25.801218
10400.0	7800.0	25.793034
10450.0	7800.0	25.786673
10500.0	7800.0	25.79196
10550.0	7800.0	25.798559
10600.0	7800.0	25.794031
10650.0	7800.0	25.774527
10700.0	7800.0	25.75528
10750.0	7800.0	25.734921
10800.0	7800.0	25.705317
10850.0	7800.0	25.666862
10900.0	7800.0	25.624857
10950.0	7800.0	25.585947
11000.0	7800.0	25.547911
11050.0	7800.0	25.498257
11100.0	7800.0	25.454622
11150.0	7800.0	25.412809
11200.0	7800.0	25.371998
11250.0	7800.0	25.329454
11300.0	7800.0	25.288652
11350.0	7800.0	25.248415
11400.0	7800.0	25.195967
11450.0	7800.0	25.140217
11500.0	7800.0	25.087044
11550.0	7800.0	25.032578
11600.0	7800.0	24.979025
11650.0	7800.0	24.926289
11700.0	7800.0	24.873873
11750.0	7800.0	24.815168
11800.0	7800.0	24.74715
11850.0	7800.0	24.664225
11900.0	7800.0	24.565168
11950.0	7800.0	24.454525
12000.0	7800.0	24.344376
12050.0	7800.0	24.238811
12100.0	7800.0	24.138834
12150.0	7800.0	24.037363
12200.0	7800.0	23.933651
12250.0	7800.0	23.826345
12300.0	7800.0	23.716045
12350.0	7800.0	23.592289
12400.0	7800.0	23.457682
12450.0	7800.0	23.304117
12500.0	7800.0	23.126846
12550.0	7800.0	22.927868
12600.0	7800.0	22.711454
12650.0	7800.0	22.480503
12700.0	7800.0	22.240824
12750.0	7800.0	22.000566
12800.0	7800.0	21.769987
12850.0	7800.0	21.54475
12900.0	7800.0	21.317869
12950.0	7800.0	21.06921
13000.0	7800.0	20.804058
13050.0	7800.0	20.528545
13100.0	7800.0	20.254234
13150.0	7800.0	19.988731
13200.0	7800.0	19.742546
13250.0	7800.0	19.512205
13300.0	7800.0	19.291389
13350.0	7800.0	19.064798
13400.0	7800.0	18.836538
13450.0	7800.0	18.595951
13500.0	7800.0	18.348246
13550.0	7800.0	18.093197
13600.0	7800.0	17.839405
13650.0	7800.0	17.588724
13700.0	7800.0	17.350353
13750.0	7800.0	17.115316
13800.0	7800.0	16.879705
13850.0	7800.0	16.622328
13900.0	7800.0	16.349148
13950.0	7800.0	16.060093
14000.0	7800.0	15.768073
14050.0	7800.0	15.476195
14100.0	7800.0	15.186773
14150.0	7800.0	14.903076
14200.0	7800.0	14.623072
14250.0	7800.0	14.334929
14300.0	7800.0	14.043217
14350.0	7800.0	13.737247
14400.0	7800.0	13.423209
14450.0	7800.0	13.092227
14500.0	7800.0	12.750413
14550.0	7800.0	12.394175
14600.0	7800.0	12.031922
14650.0	7800.0	11.656937
14700.0	7800.0	11.274133
14750.0	7800.0	10.88158
14800.0	7800.0	10.484613
14850.0	7800.0	10.084761
14900.0	7800.0	9.680374
14950.0	7800.0	9.269163
15000.0	7800.0	8.860831
15050.0	7800.0	8.455211
15100.0	7800.0	8.055552
15150.0	7800.0	7.657597
15200.0	7800.0	7.267764
15250.0	7800.0	6.886164
15300.0	7800.0	6.518044
15350.0	7800.0	6.156672
15400.0	7800.0	5.813034
15450.0	7800.0	5.493902
15500.0	7800.0	5.197685
15550.0	7800.0	4.925342
15600.0	7800.0	4.675269
15650.0	7800.0	4.441022
15700.0	7800.0	4.212297
15750.0	7800.0	3.9853
15800.0	7800.0	3.761152
15850.0	7800.0	3.541539
15900.0	7800.0	3.334343
15950.0	7800.0	3.144081
16000.0	7800.0	2.973119
16050.0	7800.0	2.816135
16100.0	7800.0	2.659384
16150.0	7800.0	2.492305
16200.0	7800.0	2.305482
16250.0	7800.0	2.105281
16300.0	7800.0	1.896146
16350.0	7800.0	1.687806
16400.0	7800.0	1.486205
16450.0	7800.0	1.285581
16500.0	7800.0	1.085658
16550.0	7800.0	0.89472
16600.0	7800.0	0.717279
16650.0	7800.0	0.543638
16700.0	7800.0	0.362558
16750.0	7800.0	0.188147
16800.0	7800.0	0.024888
16850.0	7800.0	-0.134985
16900.0	7800.0	-0.283162
16950.0	7800.0	-0.411803
17000.0	7800.0	-0.525424
17050.0	7800.0	-0.632371
17100.0	7800.0	-0.730988
17150.0	7800.0	-0.815765
17200.0	7800.0	-0.889827
17250.0	7800.0	-0.972486
17300.0	7800.0	-1.05893
17350.0	7800.0	-1.136946
17400.0	7800.0	-1.198405
17450.0	7800.0	-1.249471
17500.0	7800.0	-1.292436
17550.0	7800.0	-1.329331
17600.0	7800.0	-1.357291
17650.0	7800.0	-1.394711
17700.0	7800.0	-1.442844
17750.0	7800.0	-1.507113
17800.0	7800.0	-1.589338
17850.0	7800.0	-1.675451
17900.0	7800.0	-1.757879
17950.0	7800.0	-1.835021
18000.0	7800.0	-1.911767
18050.0	7800.0	-1.9798
18100.0	7800.0	-2.023695
18150.0	7800.0	-2.039813
18200.0	7800.0	-2.035057
18250.0	7800.0	-2.013217
18300.0	7800.0	-1.985408
10250.0	7850.0	25.704826
10300.0	7850.0	25.755816
10350.0	7850.0	25.796017
10400.0	7850.0	25.813931
10450.0	7850.0	25.834381
10500.0	7850.0	25.855488
10550.0	7850.0	25.864542
10600.0	7850.0	25.850418
10650.0	7850.0	25.816078
10700.0	7850.0	25.770836
10750.0	7850.0	25.717152
10800.0	7850.0	25.655653
10850.0	7850.0	25.60047
10900.0	7850.0	25.553354
10950.0	7850.0	25.523262
11000.0	7850.0	25.497021
11050.0	7850.0	25.471806
11100.0	7850.0	25.45216
11150.0	7850.0	25.442301
11200.0	7850.0	25.424288
11250.0	7850.0	25.405346
11300.0	7850.0	25.37788
11350.0	7850.0	25.334496
11400.0	7850.0	25.278555
11450.0	7850.0	25.208511
11500.0	7850.0	25.134825
11550.0	7850.0	25.068665
11600.0	7850.0	25.007626
11650.0	7850.0	24.947092
11700.0	7850.0	24.87833
11750.0	7850.0	24.81481
11800.0	7850.0	24.756525
11850.0	7850.0	24.690268
11900.0	7850.0	24.611748
11950.0	7850.0	24.521599
12000.0	7850.0	24.432268
12050.0	7850.0	24.340017
12100.0	7850.0	24.244495
12150.0	7850.0	24.149288
12200.0	7850.0	24.04888
12250.0	7850.0	23.938725
12300.0	7850.0	23.823154
12350.0	7850.0	23.696966
12400.0	7850.0	23.556511
12450.0	7850.0	23.388948
12500.0	7850.0	23.190697
12550.0	7850.0	22.959148
12600.0	7850.0	22.710449
12650.0	7850.0	22.450497
12700.0	7850.0	22.192318
12750.0	7850.0	21.945217
12800.0	7850.0	21.704689
12850.0	7850.0	21.467213
12900.0	7850.0	21.224371
12950.0	7850.0	20.972319
13000.0	7850.0	20.715929
13050.0	7850.0	20.462112
13100.0	7850.0	20.210018
13150.0	7850.0	19.966387
13200.0	7850.0	19.737808
13250.0	7850.0	19.525808
13300.0	7850.0	19.326736
13350.0	7850.0	19.127388
13400.0	7850.0	18.9182
13450.0	7850.0	18.701313
13500.0	7850.0	18.475477
13550.0	7850.0	18.243547
13600.0	7850.0	18.008484
13650.0	7850.0	17.77541
13700.0	7850.0	17.54351
13750.0	7850.0	17.311172
13800.0	7850.0	17.067087
13850.0	7850.0	16.811737
13900.0	7850.0	16.537552
13950.0	7850.0	16.251982
14000.0	7850.0	15.964654
14050.0	7850.0	15.682801
14100.0	7850.0	15.406114
14150.0	7850.0	15.12655
14200.0	7850.0	14.838871
14250.0	7850.0	14.543481
14300.0	7850.0	14.235262
14350.0	7850.0	13.925017
14400.0	7850.0	13.602265
14450.0	7850.0	13.263575
14500.0	7850.0	12.907268
14550.0	7850.0	12.537722
14600.0	7850.0	12.152578
14650.0	7850.0	11.757593
14700.0	7850.0	11.35383
14750.0	7850.0	10.947867
14800.0	7850.0	10.540464
14850.0	7850.0	10.129157
14900.0	7850.0	9.715663
14950.0	7850.0	9.299253
15000.0	7850.0	8.881435
15050.0	7850.0	8.464636
15100.0	7850.0	8.0572
15150.0	7850.0	7.659509
15200.0	7850.0	7.269448
15250.0	7850.0	6.891718
15300.0	7850.0	6.524332
15350.0	7850.0	6.174257
15400.0	7850.0	5.845462
15450.0	7850.0	5.538818
15500.0	7850.0	5.256229
15550.0	7850.0	4.993372
15600.0	7850.0	4.74414
15650.0	7850.0	4.503277
15700.0	7850.0	4.262783
15750.0	7850.0	4.022826
15800.0	7850.0	3.793783
15850.0	7850.0	3.573681
15900.0	7850.0	3.376549
15950.0	7850.0	3.191674
16000.0	7850.0	3.012764
16050.0	7850.0	2.828904
16100.0	7850.0	2.646198
16150.0	7850.0	2.456351
16200.0	7850.0	2.262159
16250.0	7850.0	2.057538
16300.0	7850.0	1.848474
16350.0	7850.0	1.637605
16400.0	7850.0	1.427844
16450.0	7850.0	1.229261
16500.0	7850.0	1.043244
16550.0	7850.0	0.87062
16600.0	7850.0	0.703244
16650.0	7850.0	0.534379
16700.0	7850.0	0.370002
16750.0	7850.0	0.203824
16800.0	7850.0	0.041977
16850.0	7850.0	-0.11325
16900.0	7850.0	-0.268443
16950.0	7850.0	-0.41305
17000.0	7850.0	-0.547238
17050.0	7850.0	-0.665837
17100.0	7850.0	-0.778945
17150.0	7850.0	-0.868912
17200.0	7850.0	-0.953911
17250.0	7850.0	-1.042078
17300.0	7850.0	-1.127493
17350.0	7850.0	-1.19936
17400.0	7850.0	-1.250198
17450.0	7850.0	-1.28832
17500.0	7850.0	-1.323271
17550.0	7850.0	-1.347565
17600.0	7850.0	-1.370222
17650.0	7850.0	-1.40216
17700.0	7850.0	-1.45131
17750.0	7850.0	-1.525637
17800.0	7850.0	-1.61776
17850.0	7850.0	-1.716025
17900.0	7850.0	-1.810247
17950.0	7850.0	-1.900781
18000.0	7850.0	-1.982631
18050.0	7850.0	-2.046189
18100.0	7850.0	-2.088415
18150.0	7850.0	-2.096555
18200.0	7850.0	-2.070152
18250.0	7850.0	-2.022616
18300.0	7850.0	-1.958802
10250.0	7900.0	25.642454
10300.0	7900.0	25.714075
10350.0	7900.0	25.776295
10400.0	7900.0	25.835337
10450.0	7900.0	25.882366
10500.0	7900.0	25.914949
10550.0	7900.0	25.920681
10600.0	7900.0	25.894592
10650.0	7900.0	25.848856
10700.0	7900.0	25.78051
10750.0	7900.0	25.696014
10800.0	7900.0	25.614237
10850.0	7900.0	25.543722
10900.0	7900.0	25.492624
10950.0	7900.0	25.463205
11000.0	7900.0	25.451103
11050.0	7900.0	25.450333
11100.0	7900.0	25.458086
11150.0	7900.0	25.468952
11200.0	7900.0	25.477751
11250.0	7900.0	25.478291
11300.0	7900.0	25.460808
11350.0	7900.0	25.415033
11400.0	7900.0	25.352713
11450.0	7900.0	25.277081
11500.0	7900.0	25.190035
11550.0	7900.0	25.112221
11600.0	7900.0	25.044432
11650.0	7900.0	24.966608
11700.0	7900.0	24.888556
11750.0	7900.0	24.81801
11800.0	7900.0	24.766027
11850.0	7900.0	24.718241
11900.0	7900.0	24.666466
11950.0	7900.0	24.606743
12000.0	7900.0	24.532412
12050.0	7900.0	24.448561
12100.0	7900.0	24.361731
12150.0	7900.0	24.266804
12200.0	7900.0	24.172361
12250.0	7900.0	24.058699
12300.0	7900.0	23.936312
12350.0	7900.0	23.798571
12400.0	7900.0	23.641993
12450.0	7900.0	23.455036
12500.0	7900.0	23.234392
12550.0	7900.0	22.98053
12600.0	7900.0	22.703419
12650.0	7900.0	22.42679
12700.0	7900.0	22.164454
12750.0	7900.0	21.907766
12800.0	7900.0	21.656883
12850.0	7900.0	21.396654
12900.0	7900.0	21.138859
12950.0	7900.0	20.88925
13000.0	7900.0	20.649611
13050.0	7900.0	20.412241
13100.0	7900.0	20.182255
13150.0	7900.0	19.961294
13200.0	7900.0	19.75407
13250.0	7900.0	19.553574
13300.0	7900.0	19.362921
13350.0	7900.0	19.176165
13400.0	7900.0	18.994637
13450.0	7900.0	18.801849
13500.0	7900.0	18.599665
13550.0	7900.0	18.386688
13600.0	7900.0	18.167933
13650.0	7900.0	17.949673
13700.0	7900.0	17.727671
13750.0	7900.0	17.492922
13800.0	7900.0	17.24865
13850.0	7900.0	16.99078
13900.0	7900.0	16.728123
13950.0	7900.0	16.453518
14000.0	7900.0	16.178429
14050.0	7900.0	15.900935
14100.0	7900.0	15.622945
14150.0	7900.0	15.339189
14200.0	7900.0	15.043871
14250.0	7900.0	14.732636
14300.0	7900.0	14.413435
14350.0	7900.0	14.085832
14400.0	7900.0	13.751887
14450.0	7900.0	13.40068
14500.0	7900.0	13.03279
14550.0	7900.0	12.646985
14600.0	7900.0	12.249858
14650.0	7900.0	11.838486
14700.0	7900.0	11.423038
14750.0	7900.0	11.00882
14800.0	7900.0	10.592194
14850.0	7900.0	10.172879
14900.0	7900.0	9.752029
14950.0	7900.0	9.334253
15000.0	7900.0	8.909818
15050.0	7900.0	8.488457
15100.0	7900.0	8.075027
15150.0	7900.0	7.676569
15200.0	7900.0	7.292627
15250.0	7900.0	6.917703
15300.0	7900.0	6.559517
15350.0	7900.0	6.216655
15400.0	7900.0	5.895132
15450.0	7900.0	5.596125
15500.0	7900.0	5.31326
15550.0	7900.0	5.049982
15600.0	7900.0	4.798951
15650.0	7900.0	4.543001
15700.0	7900.0	4.28336
15750.0	7900.0	4.031217
15800.0	7900.0	3.798525
15850.0	7900.0	3.589328
15900.0	7900.0	3.397046
15950.0	7900.0	3.205926
16000.0	7900.0	3.010725
16050.0	7900.0	2.810287
16100.0	7900.0	2.598248
16150.0	7900.0	2.3861
16200.0	7900.0	2.176133
16250.0	7900.0	1.968934
16300.0	7900.0	1.762849
16350.0	7900.0	1.556858
16400.0	7900.0	1.350641
16450.0	7900.0	1.153001
16500.0	7900.0	0.984669
16550.0	7900.0	0.835035
16600.0	7900.0	0.678861
16650.0	7900.0	0.525684
16700.0	7900.0	0.371928
16750.0	7900.0	0.216685
16800.0	7900.0	0.054285
16850.0	7900.0	-0.100287
16900.0	7900.0	-0.253715
16950.0	7900.0	-0.411919
17000.0	7900.0	-0.559553
17050.0	7900.0	-0.694945
17100.0	7900.0	-0.814298
17150.0	7900.0	-0.919543
17200.0	7900.0	-1.019448
17250.0	7900.0	-1.11315
17300.0	7900.0	-1.19143
17350.0	7900.0	-1.25017
17400.0	7900.0	-1.293455
17450.0	7900.0	-1.321579
17500.0	7900.0	-1.345364
17550.0	7900.0	-1.374168
17600.0	7900.0	-1.406267
17650.0	7900.0	-1.440092
17700.0	7900.0	-1.488414
17750.0	7900.0	-1.565565
17800.0	7900.0	-1.653883
17850.0	7900.0	-1.754284
17900.0	7900.0	-1.861646
17950.0	7900.0	-1.96306
18000.0	7900.0	-2.039569
18050.0	7900.0	-2.096624
18100.0	7900.0	-2.126806
18150.0	7900.0	-2.128345
18200.0	7900.0	-2.097787
18250.0	7900.0	-2.046507
18300.0	7900.0	-1.984111
10250.0	7950.0	25.608503
10300.0	7950.0	25.681189
10350.0	7950.0	25.768297
10400.0	7950.0	25.852804
10450.0	7950.0	25.91642
10500.0	7950.0	25.950241
10550.0	7950.0	25.949726
10600.0	7950.0	25.921631
10650.0	7950.0	25.866102
10700.0	7950.0	25.785503
10750.0	7950.0	25.683067
10800.0	7950.0	25.585995
10850.0	7950.0	25.508646
10900.0	7950.0	25.452293
10950.0	7950.0	25.422785
11000.0	7950.0	25.416965
11050.0	7950.0	25.434414
11100.0	7950.0	25.463409
11150.0	7950.0	25.495647
11200.0	7950.0	25.527145
11250.0	7950.0	25.543732
11300.0	7950.0	25.526703
11350.0	7950.0	25.483997
11400.0	7950.0	25.418282
11450.0	7950.0	25.337917
11500.0	7950.0	25.252583
11550.0	7950.0	25.163033
11600.0	7950.0	25.073395
11650.0	7950.0	24.990723
11700.0	7950.0	24.909916
11750.0	7950.0	24.847801
11800.0	7950.0	24.796841
11850.0	7950.0	24.759956
11900.0	7950.0	24.726625
11950.0	7950.0	24.688665
12000.0	7950.0	24.635595
12050.0	7950.0	24.568039
12100.0	7950.0	24.486423
12150.0	7950.0	24.394428
12200.0	7950.0	24.287073
12250.0	7950.0	24.172707
12300.0	7950.0	24.040987
12350.0	7950.0	23.891979
12400.0	7950.0	23.71525
12450.0	7950.0	23.511209
12500.0	7950.0	23.269688
12550.0	7950.0	23.00058
12600.0	7950.0	22.714127
12650.0	7950.0	22.429459
12700.0	7950.0	22.150335
12750.0	7950.0	21.880518
12800.0	7950.0	21.61047
12850.0	7950.0	21.343193
12900.0	7950.0	21.079849
12950.0	7950.0	20.832834
13000.0	7950.0	20.602007
13050.0	7950.0	20.384386
13100.0	7950.0	20.176289
13150.0	7950.0	19.975767
13200.0	7950.0	19.778162
13250.0	7950.0	19.586142
13300.0	7950.0	19.402624
13350.0	7950.0	19.230095
13400.0	7950.0	19.057457
13450.0	7950.0	18.89097
13500.0	7950.0	18.715981
13550.0	7950.0	18.526394
13600.0	7950.0	18.324453
13650.0	7950.0	18.11186
13700.0	7950.0	17.888613
13750.0	7950.0	17.656633
13800.0	7950.0	17.414722
13850.0	7950.0	17.170256
13900.0	7950.0	16.920095
13950.0	7950.0	16.66519
14000.0	7950.0	16.40077
14050.0	7950.0	16.125154
14100.0	7950.0	15.837513
14150.0	7950.0	15.53993
14200.0	7950.0	15.227986
14250.0	7950.0	14.909008
14300.0	7950.0	14.573269
14350.0	7950.0	14.227714
14400.0	7950.0	13.868499
14450.0	7950.0	13.501594
14500.0	7950.0	13.119892
14550.0	7950.0	12.72201
14600.0	7950.0	12.312233
14650.0	7950.0	11.897686
14700.0	7950.0	11.47864
14750.0	7950.0	11.057314
14800.0	7950.0	10.636521
14850.0	7950.0	10.215944
14900.0	7950.0	9.793036
14950.0	7950.0	9.370154
15000.0	7950.0	8.947822
15050.0	7950.0	8.532763
15100.0	7950.0	8.122959
15150.0	7950.0	7.724041
15200.0	7950.0	7.338768
15250.0	7950.0	6.97071
15300.0	7950.0	6.61726
15350.0	7950.0	6.281987
15400.0	7950.0	5.965263
15450.0	7950.0	5.663456
15500.0	7950.0	5.377153
15550.0	7950.0	5.101582
15600.0	7950.0	4.824183
15650.0	7950.0	4.544413
15700.0	7950.0	4.26505
15750.0	7950.0	4.003713
15800.0	7950.0	3.769186
15850.0	7950.0	3.563019
15900.0	7950.0	3.365669
15950.0	7950.0	3.165723
16000.0	7950.0	2.952839
16050.0	7950.0	2.728519
16100.0	7950.0	2.500291
16150.0	7950.0	2.272868
16200.0	7950.0	2.054367
16250.0	7950.0	1.844017
16300.0	7950.0	1.640984
16350.0	7950.0	1.443152
16400.0	7950.0	1.248637
16450.0	7950.0	1.072545
16500.0	7950.0	0.920542
16550.0	7950.0	0.783827
16600.0	7950.0	0.648792
16650.0	7950.0	0.509903
16700.0	7950.0	0.36741
16750.0	7950.0	0.219001
16800.0	7950.0	0.063096
16850.0	7950.0	-0.097792
16900.0	7950.0	-0.255015
16950.0	7950.0	-0.412657
17000.0	7950.0	-0.568016
17050.0	7950.0	-0.714047
17100.0	7950.0	-0.846684
17150.0	7950.0	-0.970887
17200.0	7950.0	-1.081895
17250.0	7950.0	-1.173265
17300.0	7950.0	-1.239999
17350.0	7950.0	-1.288276
17400.0	7950.0	-1.325891
17450.0	7950.0	-1.354956
17500.0	7950.0	-1.378956
17550.0	7950.0	-1.409811
17600.0	7950.0	-1.451185
17650.0	7950.0	-1.498087
17700.0	7950.0	-1.557541
17750.0	7950.0	-1.625065
17800.0	7950.0	-1.711162
17850.0	7950.0	-1.804957
17900.0	7950.0	-1.908999
17950.0	7950.0	-2.003856
18000.0	7950.0	-2.075813
18050.0	7950.0	-2.120331
18100.0	7950.0	-2.145469
18150.0	7950.0	-2.148657
18200.0	7950.0	-2.127743
18250.0	7950.0	-2.088173
18300.0	7950.0	-2.051211
10250.0	8000.0	25.598732
10300.0	8000.0	25.679825
10350.0	8000.0	25.770575
10400.0	8000.0	25.862322
10450.0	8000.0	25.930344
10500.0	8000.0	25.952909
10550.0	8000.0	25.944147
10600.0	8000.0	25.916132
10650.0	8000.0	25.86729
10700.0	8000.0	25.787079
10750.0	8000.0	25.686615
10800.0	8000.0	25.582403
10850.0	8000.0	25.496565
10900.0	8000.0	25.437531
10950.0	8000.0	25.402931
11000.0	8000.0	25.402351
11050.0	8000.0	25.430447
11100.0	8000.0	25.478802
11150.0	8000.0	25.526117
11200.0	8000.0	25.566767
11250.0	8000.0	25.581163
11300.0	8000.0	25.569864
11350.0	8000.0	25.53021
11400.0	8000.0	25.471987
11450.0	8000.0	25.401451
11500.0	8000.0	25.31613
11550.0	8000.0	25.211472
11600.0	8000.0	25.107758
11650.0	8000.0	25.023388
11700.0	8000.0	24.956566
11750.0	8000.0	24.899387
11800.0	8000.0	24.855564
11850.0	8000.0	24.819191
11900.0	8000.0	24.794069
11950.0	8000.0	24.770693
12000.0	8000.0	24.73708
12050.0	8000.0	24.6835
12100.0	8000.0	24.60821
12150.0	8000.0	24.513948
12200.0	8000.0	24.400036
12250.0	8000.0	24.27759
12300.0	8000.0	24.134432
12350.0	8000.0	23.966906
12400.0	8000.0	23.77491
12450.0	8000.0	23.549805
12500.0	8000.0	23.303131
12550.0	8000.0	23.0303
12600.0	8000.0	22.741949
12650.0	8000.0	22.445786
12700.0	8000.0	22.15255
12750.0	8000.0	21.864874
12800.0	8000.0	21.583698
12850.0	8000.0	21.310133
12900.0	8000.0	21.046474
12950.0	8000.0	20.803371
13000.0	8000.0	20.582085
13050.0	8000.0	20.380373
13100.0	8000.0	20.190617
13150.0	8000.0	20.005363
13200.0	8000.0	19.815454
13250.0	8000.0	19.630194
13300.0	8000.0	19.452463
13350.0	8000.0	19.284435
13400.0	8000.0	19.126759
13450.0	8000.0	18.97134
13500.0	8000.0	18.819952
13550.0	8000.0	18.657007
13600.0	8000.0	18.472252
13650.0	8000.0	18.264023
13700.0	8000.0	18.036642
13750.0	8000.0	17.80353
13800.0	8000.0	17.571941
13850.0	8000.0	17.341831
13900.0	8000.0	17.108574
13950.0	8000.0	16.868334
14000.0	8000.0	16.611698
14050.0	8000.0	16.334547
14100.0	8000.0	16.037655
14150.0	8000.0	15.720156
14200.0	8000.0	15.393826
14250.0	8000.0	15.052815
14300.0	8000.0	14.703722
14350.0	8000.0	14.335296
14400.0	8000.0	13.954865
14450.0	8000.0	13.566442
14500.0	8000.0	13.168749
14550.0	8000.0	12.76513
14600.0	8000.0	12.352424
14650.0	8000.0	11.935637
14700.0	8000.0	11.515464
14750.0	8000.0	11.094
14800.0	8000.0	10.672608
14850.0	8000.0	10.251643
14900.0	8000.0	9.828611
14950.0	8000.0	9.403933
15000.0	8000.0	8.989461
15050.0	8000.0	8.582758
15100.0	8000.0	8.186241
15150.0	8000.0	7.794753
15200.0	8000.0	7.414064
15250.0	8000.0	7.046493
15300.0	8000.0	6.692183
15350.0	8000.0	6.360396
15400.0	8000.0	6.039683
15450.0	8000.0	5.733363
15500.0	8000.0	5.433733
15550.0	8000.0	5.131038
15600.0	8000.0	4.823789
15650.0	8000.0	4.516365
15700.0	8000.0	4.226255
15750.0	8000.0	3.955654
15800.0	8000.0	3.709351
15850.0	8000.0	3.486395
15900.0	8000.0	3.271529
15950.0	8000.0	3.056688
16000.0	8000.0	2.831168
16050.0	8000.0	2.595224
16100.0	8000.0	2.353331
16150.0	8000.0	2.122846
16200.0	8000.0	1.90409
16250.0	8000.0	1.696869
16300.0	8000.0	1.497974
16350.0	8000.0	1.310336
16400.0	8000.0	1.138164
16450.0	8000.0	0.988719
16500.0	8000.0	0.85386
16550.0	8000.0	0.724614
16600.0	8000.0	0.600223
16650.0	8000.0	0.47311
16700.0	8000.0	0.344752
16750.0	8000.0	0.20568
16800.0	8000.0	0.059691
16850.0	8000.0	-0.098877
16900.0	8000.0	-0.262466
16950.0	8000.0	-0.423184
17000.0	8000.0	-0.584863
17050.0	8000.0	-0.738664
17100.0	8000.0	-0.878785
17150.0	8000.0	-1.014627
17200.0	8000.0	-1.128149
17250.0	8000.0	-1.212281
17300.0	8000.0	-1.270148
17350.0	8000.0	-1.318095
17400.0	8000.0	-1.357028
17450.0	8000.0	-1.391997
17500.0	8000.0	-1.424614
17550.0	8000.0	-1.460521
17600.0	8000.0	-1.506123
17650.0	8000.0	-1.570572
17700.0	8000.0	-1.6394
17750.0	8000.0	-1.710915
17800.0	8000.0	-1.782362
17850.0	8000.0	-1.866854
17900.0	8000.0	-1.950445
17950.0	8000.0	-2.025417
18000.0	8000.0	-2.086873
18050.0	8000.0	-2.129661
18100.0	8000.0	-2.15383
18150.0	8000.0	-2.164206
18200.0	8000.0	-2.163052
18250.0	8000.0	-2.15339
18300.0	8000.0	-2.142843
10250.0	8050.0	25.619947
10300.0	8050.0	25.705229
10350.0	8050.0	25.785814
10400.0	8050.0	25.861746
10450.0	8050.0	25.909969
10500.0	8050.0	25.923803
10550.0	8050.0	25.91427
10600.0	8050.0	25.888403
10650.0	8050.0	25.846098
10700.0	8050.0	25.777744
10750.0	8050.0	25.695143
10800.0	8050.0	25.601103
10850.0	8050.0	25.514355
10900.0	8050.0	25.453167
10950.0	8050.0	25.417227
11000.0	8050.0	25.412422
11050.0	8050.0	25.450027
11100.0	8050.0	25.501015
11150.0	8050.0	25.548981
11200.0	8050.0	25.583889
11250.0	8050.0	25.596327
11300.0	8050.0	25.589661
11350.0	8050.0	25.563313
11400.0	8050.0	25.513588
11450.0	8050.0	25.447884
11500.0	8050.0	25.364626
11550.0	8050.0	25.265324
11600.0	8050.0	25.166386
11650.0	8050.0	25.083548
11700.0	8050.0	25.023699
11750.0	8050.0	24.974205
11800.0	8050.0	24.929077
11850.0	8050.0	24.898092
11900.0	8050.0	24.871498
11950.0	8050.0	24.852394
12000.0	8050.0	24.828793
12050.0	8050.0	24.785435
12100.0	8050.0	24.716946
12150.0	8050.0	24.626818
12200.0	8050.0	24.511009
12250.0	8050.0	24.371855
12300.0	8050.0	24.205177
12350.0	8050.0	24.017981
12400.0	8050.0	23.804842
12450.0	8050.0	23.576479
12500.0	8050.0	23.325413
12550.0	8050.0	23.057161
12600.0	8050.0	22.772299
12650.0	8050.0	22.476612
12700.0	8050.0	22.175877
12750.0	8050.0	21.879055
12800.0	8050.0	21.585258
12850.0	8050.0	21.308277
12900.0	8050.0	21.052372
12950.0	8050.0	20.822044
13000.0	8050.0	20.610916
13050.0	8050.0	20.418087
13100.0	8050.0	20.232637
13150.0	8050.0	20.054016
13200.0	8050.0	19.875467
13250.0	8050.0	19.69825
13300.0	8050.0	19.520876
13350.0	8050.0	19.357882
13400.0	8050.0	19.204184
13450.0	8050.0	19.063948
13500.0	8050.0	18.920942
13550.0	8050.0	18.771622
13600.0	8050.0	18.600555
13650.0	8050.0	18.399923
13700.0	8050.0	18.178564
13750.0	8050.0	17.951786
13800.0	8050.0	17.722147
13850.0	8050.0	17.50124
13900.0	8050.0	17.278992
13950.0	8050.0	17.049623
14000.0	8050.0	16.792408
14050.0	8050.0	16.508471
14100.0	8050.0	16.197388
14150.0	8050.0	15.870138
14200.0	8050.0	15.523153
14250.0	8050.0	15.165474
14300.0	8050.0	14.791777
14350.0	8050.0	14.408579
14400.0	8050.0	14.012883
14450.0	8050.0	13.608101
14500.0	8050.0	13.196808
14550.0	8050.0	12.785319
14600.0	8050.0	12.371139
14650.0	8050.0	11.95675
14700.0	8050.0	11.539809
14750.0	8050.0	11.11818
14800.0	8050.0	10.6947
14850.0	8050.0	10.273429
14900.0	8050.0	9.85598
14950.0	8050.0	9.442008
15000.0	8050.0	9.034471
15050.0	8050.0	8.638697
15100.0	8050.0	8.251419
15150.0	8050.0	7.876136
15200.0	8050.0	7.502952
15250.0	8050.0	7.137527
15300.0	8050.0	6.781439
15350.0	8050.0	6.440415
15400.0	8050.0	6.112659
15450.0	8050.0	5.78744
15500.0	8050.0	5.463453
15550.0	8050.0	5.133461
15600.0	8050.0	4.801157
15650.0	8050.0	4.479255
15700.0	8050.0	4.17427
15750.0	8050.0	3.89195
15800.0	8050.0	3.625016
15850.0	8050.0	3.374024
15900.0	8050.0	3.130181
15950.0	8050.0	2.894058
16000.0	8050.0	2.655569
16050.0	8050.0	2.41432
16100.0	8050.0	2.177711
16150.0	8050.0	1.952281
16200.0	8050.0	1.737181
16250.0	8050.0	1.536429
16300.0	8050.0	1.353026
16350.0	8050.0	1.183514
16400.0	8050.0	1.036664
16450.0	8050.0	0.901383
16500.0	8050.0	0.776107
16550.0	8050.0	0.650021
16600.0	8050.0	0.533409
16650.0	8050.0	0.418872
16700.0	8050.0	0.296058
16750.0	8050.0	0.167342
16800.0	8050.0	0.03042
16850.0	8050.0	-0.118559
16900.0	8050.0	-0.276163
16950.0	8050.0	-0.443085
17000.0	8050.0	-0.609009
17050.0	8050.0	-0.765883
17100.0	8050.0	-0.909841
17150.0	8050.0	-1.041518
17200.0	8050.0	-1.154044
17250.0	8050.0	-1.230921
17300.0	8050.0	-1.292953
17350.0	8050.0	-1.342382
17400.0	8050.0	-1.390248
17450.0	8050.0	-1.435474
17500.0	8050.0	-1.479785
17550.0	8050.0	-1.524026
17600.0	8050.0	-1.579825
17650.0	8050.0	-1.652091
17700.0	8050.0	-1.731226
17750.0	8050.0	-1.798457
17800.0	8050.0	-1.862704
17850.0	8050.0	-1.925648
17900.0	8050.0	-1.986852
17950.0	8050.0	-2.042137
18000.0	8050.0	-2.090842
18050.0	8050.0	-2.131602
18100.0	8050.0	-2.159825
18150.0	8050.0	-2.183301
18200.0	8050.0	-2.208724
18250.0	8050.0	-2.231258
18300.0	8050.0	-2.247556
10250.0	8100.0	25.681164
10300.0	8100.0	25.745371
10350.0	8100.0	25.801346
10400.0	8100.0	25.842491
10450.0	8100.0	25.867432
10500.0	8100.0	25.874889
10550.0	8100.0	25.868217
10600.0	8100.0	25.849785
10650.0	8100.0	25.80558
10700.0	8100.0	25.754215
10750.0	8100.0	25.69116
10800.0	8100.0	25.624552
10850.0	8100.0	25.557901
10900.0	8100.0	25.50733
10950.0	8100.0	25.475924
11000.0	8100.0	25.471708
11050.0	8100.0	25.484203
11100.0	8100.0	25.514797
11150.0	8100.0	25.553978
11200.0	8100.0	25.582811
11250.0	8100.0	25.599638
11300.0	8100.0	25.597034
11350.0	8100.0	25.578079
11400.0	8100.0	25.536516
11450.0	8100.0	25.474949
11500.0	8100.0	25.405409
11550.0	8100.0	25.329395
11600.0	8100.0	25.247232
11650.0	8100.0	25.170353
11700.0	8100.0	25.11071
11750.0	8100.0	25.063786
11800.0	8100.0	25.022978
11850.0	8100.0	24.988079
11900.0	8100.0	24.964043
11950.0	8100.0	24.935549
12000.0	8100.0	24.908339
12050.0	8100.0	24.872766
12100.0	8100.0	24.811924
12150.0	8100.0	24.717192
12200.0	8100.0	24.596939
12250.0	8100.0	24.437983
12300.0	8100.0	24.254616
12350.0	8100.0	24.046387
12400.0	8100.0	23.820747
12450.0	8100.0	23.578787
12500.0	8100.0	23.324974
12550.0	8100.0	23.064568
12600.0	8100.0	22.795261
12650.0	8100.0	22.511101
12700.0	8100.0	22.214537
12750.0	8100.0	21.911779
12800.0	8100.0	21.617971
12850.0	8100.0	21.344799
12900.0	8100.0	21.104776
12950.0	8100.0	20.882971
13000.0	8100.0	20.681393
13050.0	8100.0	20.490768
13100.0	8100.0	20.311632
13150.0	8100.0	20.13406
13200.0	8100.0	19.96191
13250.0	8100.0	19.786865
13300.0	8100.0	19.615986
13350.0	8100.0	19.453732
13400.0	8100.0	19.310186
13450.0	8100.0	19.169926
13500.0	8100.0	19.027617
13550.0	8100.0	18.879753
13600.0	8100.0	18.716606
13650.0	8100.0	18.530241
13700.0	8100.0	18.32457
13750.0	8100.0	18.100685
13800.0	8100.0	17.876139
13850.0	8100.0	17.649048
13900.0	8100.0	17.42355
13950.0	8100.0	17.184128
14000.0	8100.0	16.922373
14050.0	8100.0	16.631214
14100.0	8100.0	16.31571
14150.0	8100.0	15.973644
14200.0	8100.0	15.616662
14250.0	8100.0	15.238416
14300.0	8100.0	14.853405
14350.0	8100.0	14.455753
14400.0	8100.0	14.050025
14450.0	8100.0	13.632854
14500.0	8100.0	13.213712
14550.0	8100.0	12.795421
14600.0	8100.0	12.380736
14650.0	8100.0	11.964328
14700.0	8100.0	11.548805
14750.0	8100.0	11.126891
14800.0	8100.0	10.704272
14850.0	8100.0	10.286361
14900.0	8100.0	9.878858
14950.0	8100.0	9.480012
15000.0	8100.0	9.088636
15050.0	8100.0	8.700106
15100.0	8100.0	8.323615
15150.0	8100.0	7.950774
15200.0	8100.0	7.586403
15250.0	8100.0	7.222079
15300.0	8100.0	6.866709
15350.0	8100.0	6.513324
15400.0	8100.0	6.1671
15450.0	8100.0	5.819839
15500.0	8100.0	5.467832
15550.0	8100.0	5.11431
15600.0	8100.0	4.767123
15650.0	8100.0	4.433467
15700.0	8100.0	4.11571
15750.0	8100.0	3.811357
15800.0	8100.0	3.521902
15850.0	8100.0	3.240098
15900.0	8100.0	2.971915
15950.0	8100.0	2.711097
16000.0	8100.0	2.461205
16050.0	8100.0	2.219567
16100.0	8100.0	1.994658
16150.0	8100.0	1.777076
16200.0	8100.0	1.570286
16250.0	8100.0	1.382577
16300.0	8100.0	1.216609
16350.0	8100.0	1.071813
16400.0	8100.0	0.941501
16450.0	8100.0	0.818744
16500.0	8100.0	0.688337
16550.0	8100.0	0.563259
16600.0	8100.0	0.446255
16650.0	8100.0	0.335756
16700.0	8100.0	0.222042
16750.0	8100.0	0.099281
16800.0	8100.0	-0.032594
16850.0	8100.0	-0.168628
16900.0	8100.0	-0.314772
16950.0	8100.0	-0.469196
17000.0	8100.0	-0.625666
17050.0	8100.0	-0.783662
17100.0	8100.0	-0.931972
17150.0	8100.0	-1.059314
17200.0	8100.0	-1.16162
17250.0	8100.0	-1.24488
17300.0	8100.0	-1.309329
17350.0	8100.0	-1.369669
17400.0	8100.0	-1.424548
17450.0	8100.0	-1.482371
17500.0	8100.0	-1.540177
17550.0	8100.0	-1.601758
17600.0	8100.0	-1.670004
17650.0	8100.0	-1.745941
17700.0	8100.0	-1.817969
17750.0	8100.0	-1.879701
17800.0	8100.0	-1.9326
17850.0	8100.0	-1.977944
17900.0	8100.0	-2.020828
17950.0	8100.0	-2.06544
18000.0	8100.0	-2.106384
18050.0	8100.0	-2.141315
18100.0	8100.0	-2.173531
18150.0	8100.0	-2.210529
18200.0	8100.0	-2.257208
18250.0	8100.0	-2.309435
18300.0	8100.0	-2.361265
10250.0	8150.0	25.773754
10300.0	8150.0	25.792456
10350.0	8150.0	25.806564
10400.0	8150.0	25.813164
10450.0	8150.0	25.816706
10500.0	8150.0	25.820929
10550.0	8150.0	25.816351
10600.0	8150.0	25.789591
10650.0	8150.0	25.751432
10700.0	8150.0	25.713039
10750.0	8150.0	25.683838
10800.0	8150.0	25.653332
10850.0	8150.0	25.620184
10900.0	8150.0	25.585529
10950.0	8150.0	25.566332
11000.0	8150.0	25.554016
11050.0	8150.0	25.540909
11100.0	8150.0	25.539644
11150.0	8150.0	25.556829
11200.0	8150.0	25.574068
11250.0	8150.0	25.58309
11300.0	8150.0	25.584282
11350.0	8150.0	25.571436
11400.0	8150.0	25.544279
11450.0	8150.0	25.503111
11500.0	8150.0	25.449684
11550.0	8150.0	25.396648
11600.0	8150.0	25.334984
11650.0	8150.0	25.272604
11700.0	8150.0	25.218674
11750.0	8150.0	25.171103
11800.0	8150.0	25.130693
11850.0	8150.0	25.095673
11900.0	8150.0	25.061729
11950.0	8150.0	25.026339
12000.0	8150.0	24.986994
12050.0	8150.0	24.940639
12100.0	8150.0	24.873096
12150.0	8150.0	24.774599
12200.0	8150.0	24.637489
12250.0	8150.0	24.469467
12300.0	8150.0	24.273279
12350.0	8150.0	24.053938
12400.0	8150.0	23.814201
12450.0	8150.0	23.56098
12500.0	8150.0	23.307251
12550.0	8150.0	23.05509
12600.0	8150.0	22.799789
12650.0	8150.0	22.53331
12700.0	8150.0	22.247696
12750.0	8150.0	21.953388
12800.0	8150.0	21.671474
12850.0	8150.0	21.415804
12900.0	8150.0	21.185053
12950.0	8150.0	20.972471
13000.0	8150.0	20.771723
13050.0	8150.0	20.588186
13100.0	8150.0	20.415754
13150.0	8150.0	20.243818
13200.0	8150.0	20.071674
13250.0	8150.0	19.903812
13300.0	8150.0	19.742081
13350.0	8150.0	19.585972
13400.0	8150.0	19.437571
13450.0	8150.0	19.293476
13500.0	8150.0	19.149237
13550.0	8150.0	18.998449
13600.0	8150.0	18.839815
13650.0	8150.0	18.666876
13700.0	8150.0	18.473223
13750.0	8150.0	18.261276
13800.0	8150.0	18.034639
13850.0	8150.0	17.797092
13900.0	8150.0	17.548487
13950.0	8150.0	17.286829
14000.0	8150.0	17.014235
14050.0	8150.0	16.722317
14100.0	8150.0	16.400148
14150.0	8150.0	16.050631
14200.0	8150.0	15.674939
14250.0	8150.0	15.291354
14300.0	8150.0	14.893995
14350.0	8150.0	14.48761
14400.0	8150.0	14.0677
14450.0	8150.0	13.644274
14500.0	8150.0	13.223391
14550.0	8150.0	12.802424
14600.0	8150.0	12.381489
14650.0	8150.0	11.962651
14700.0	8150.0	11.542031
14750.0	8150.0	11.125395
14800.0	8150.0	10.70925
14850.0	8150.0	10.297627
14900.0	8150.0	9.898989
14950.0	8150.0	9.513334
15000.0	8150.0	9.136007
15050.0	8150.0	8.762275
15100.0	8150.0	8.386005
15150.0	8150.0	8.016553
15200.0	8150.0	7.650467
15250.0	8150.0	7.290869
15300.0	8150.0	6.930589
15350.0	8150.0	6.566031
15400.0	8150.0	6.198541
15450.0	8150.0	5.828377
15500.0	8150.0	5.453708
15550.0	8150.0	5.07988
15600.0	8150.0	4.718642
15650.0	8150.0	4.373176
15700.0	8150.0	4.042855
15750.0	8150.0	3.724574
15800.0	8150.0	3.411972
15850.0	8150.0	3.102867
15900.0	8150.0	2.807621
15950.0	8150.0	2.530701
16000.0	8150.0	2.27477
16050.0	8150.0	2.04252
16100.0	8150.0	1.823026
16150.0	8150.0	1.614619
16200.0	8150.0	1.421802
16250.0	8150.0	1.244695
16300.0	8150.0	1.093423
16350.0	8150.0	0.96457
16400.0	8150.0	0.847447
16450.0	8150.0	0.728316
16500.0	8150.0	0.59916
16550.0	8150.0	0.468977
16600.0	8150.0	0.34306
16650.0	8150.0	0.227531
16700.0	8150.0	0.114257
16750.0	8150.0	-0.001833
16800.0	8150.0	-0.121214
16850.0	8150.0	-0.247324
16900.0	8150.0	-0.378864
16950.0	8150.0	-0.50982
17000.0	8150.0	-0.64808
17050.0	8150.0	-0.790486
17100.0	8150.0	-0.936986
17150.0	8150.0	-1.062646
17200.0	8150.0	-1.16434
17250.0	8150.0	-1.253216
17300.0	8150.0	-1.330484
17350.0	8150.0	-1.397728
17400.0	8150.0	-1.467416
17450.0	8150.0	-1.535362
17500.0	8150.0	-1.608865
17550.0	8150.0	-1.684962
17600.0	8150.0	-1.764195
17650.0	8150.0	-1.832921
17700.0	8150.0	-1.895448
17750.0	8150.0	-1.952006
17800.0	8150.0	-1.996423
17850.0	8150.0	-2.030365
17900.0	8150.0	-2.062068
17950.0	8150.0	-2.092961
18000.0	8150.0	-2.132699
18050.0	8150.0	-2.168211
18100.0	8150.0	-2.20419
18150.0	8150.0	-2.249831
18200.0	8150.0	-2.310055
18250.0	8150.0	-2.386645
18300.0	8150.0	-2.471446
10250.0	8200.0	25.866707
10300.0	8200.0	25.843948
10350.0	8200.0	25.819298
10400.0	8200.0	25.787195
10450.0	8200.0	25.769075
10500.0	8200.0	25.761299
10550.0	8200.0	25.746031
10600.0	8200.0	25.71771
10650.0	8200.0	25.69169
10700.0	8200.0	25.677114
10750.0	8200.0	25.676155
10800.0	8200.0	25.684851
10850.0	8200.0	25.684694
10900.0	8200.0	25.674706
10950.0	8200.0	25.661755
11000.0	8200.0	25.638578
11050.0	8200.0	25.613718
11100.0	8200.0	25.590727
11150.0	8200.0	25.574642
11200.0	8200.0	25.564337
11250.0	8200.0	25.559708
11300.0	8200.0	25.558361
11350.0	8200.0	25.553682
11400.0	8200.0	25.544815
11450.0	8200.0	25.521311
11500.0	8200.0	25.492474
11550.0	8200.0	25.460335
11600.0	8200.0	25.428759
11650.0	8200.0	25.389732
11700.0	8200.0	25.344988
11750.0	8200.0	25.296572
11800.0	8200.0	25.253473
11850.0	8200.0	25.210312
11900.0	8200.0	25.165333
11950.0	8200.0	25.117718
12000.0	8200.0	25.059439
12050.0	8200.0	24.986324
12100.0	8200.0	24.900545
12150.0	8200.0	24.785002
12200.0	8200.0	24.639254
12250.0	8200.0	24.461391
12300.0	8200.0	24.254635
12350.0	8200.0	24.021553
12400.0	8200.0	23.777142
12450.0	8200.0	23.527548
12500.0	8200.0	23.280067
12550.0	8200.0	23.035677
12600.0	8200.0	22.790884
12650.0	8200.0	22.53479
12700.0	8200.0	22.270678
12750.0	8200.0	22.002058
12800.0	8200.0	21.746712
12850.0	8200.0	21.507372
12900.0	8200.0	21.28665
12950.0	8200.0	21.080894
13000.0	8200.0	20.891819
13050.0	8200.0	20.711977
13100.0	8200.0	20.538885
13150.0	8200.0	20.372837
13200.0	8200.0	20.213043
13250.0	8200.0	20.057814
13300.0	8200.0	19.906828
13350.0	8200.0	19.752069
13400.0	8200.0	19.596884
13450.0	8200.0	19.442759
13500.0	8200.0	19.291754
13550.0	8200.0	19.13656
13600.0	8200.0	18.976168
13650.0	8200.0	18.81205
13700.0	8200.0	18.633463
13750.0	8200.0	18.430361
13800.0	8200.0	18.200163
13850.0	8200.0	17.940334
13900.0	8200.0	17.663389
13950.0	8200.0	17.377302
14000.0	8200.0	17.085211
14050.0	8200.0	16.779127
14100.0	8200.0	16.451296
14150.0	8200.0	16.097956
14200.0	8200.0	15.723205
14250.0	8200.0	15.326833
14300.0	8200.0	14.917054
14350.0	8200.0	14.496772
14400.0	8200.0	14.07407
14450.0	8200.0	13.650974
14500.0	8200.0	13.227609
14550.0	8200.0	12.80225
14600.0	8200.0	12.380121
14650.0	8200.0	11.95639
14700.0	8200.0	11.534015
14750.0	8200.0	11.117249
14800.0	8200.0	10.709047
14850.0	8200.0	10.308459
14900.0	8200.0	9.916462
14950.0	8200.0	9.537988
15000.0	8200.0	9.169476
15050.0	8200.0	8.801637
15100.0	8200.0	8.431005
15150.0	8200.0	8.058931
15200.0	8200.0	7.693411
15250.0	8200.0	7.332814
15300.0	8200.0	6.968935
15350.0	8200.0	6.595679
15400.0	8200.0	6.209322
15450.0	8200.0	5.816455
15500.0	8200.0	5.418398
15550.0	8200.0	5.029501
15600.0	8200.0	4.65464
15650.0	8200.0	4.299739
15700.0	8200.0	3.959048
15750.0	8200.0	3.626619
15800.0	8200.0	3.300239
15850.0	8200.0	2.973627
15900.0	8200.0	2.659858
15950.0	8200.0	2.366486
16000.0	8200.0	2.111784
16050.0	8200.0	1.88586
16100.0	8200.0	1.676913
16150.0	8200.0	1.476284
16200.0	8200.0	1.291451
16250.0	8200.0	1.130116
16300.0	8200.0	0.986516
16350.0	8200.0	0.861422
16400.0	8200.0	0.744596
16450.0	8200.0	0.622724
16500.0	8200.0	0.495697
16550.0	8200.0	0.361167
16600.0	8200.0	0.233508
16650.0	8200.0	0.106742
16700.0	8200.0	-0.015707
16750.0	8200.0	-0.127554
16800.0	8200.0	-0.236133
16850.0	8200.0	-0.345813
16900.0	8200.0	-0.460488
16950.0	8200.0	-0.57346
17000.0	8200.0	-0.686139
17050.0	8200.0	-0.80428
17100.0	8200.0	-0.930732
17150.0	8200.0	-1.051624
17200.0	8200.0	-1.16178
17250.0	8200.0	-1.261749
17300.0	8200.0	-1.353122
17350.0	8200.0	-1.436217
17400.0	8200.0	-1.514878
17450.0	8200.0	-1.599616
17500.0	8200.0	-1.682413
17550.0	8200.0	-1.767636
17600.0	8200.0	-1.842546
17650.0	8200.0	-1.904888
17700.0	8200.0	-1.960723
17750.0	8200.0	-2.016322
17800.0	8200.0	-2.063654
17850.0	8200.0	-2.09694
17900.0	8200.0	-2.114007
17950.0	8200.0	-2.13474
18000.0	8200.0	-2.161272
18050.0	8200.0	-2.200492
18100.0	8200.0	-2.251639
18150.0	8200.0	-2.308758
18200.0	8200.0	-2.378894
18250.0	8200.0	-2.468326
18300.0	8200.0	-2.562457
10250.0	8250.0	25.942074
10300.0	8250.0	25.893499
10350.0	8250.0	25.837528
10400.0	8250.0	25.779499
10450.0	8250.0	25.728691
10500.0	8250.0	25.696043
10550.0	8250.0	25.667034
10600.0	8250.0	25.646385
10650.0	8250.0	25.642525
10700.0	8250.0	25.651546
10750.0	8250.0	25.676327
10800.0	8250.0	25.706228
10850.0	8250.0	25.739735
10900.0	8250.0	25.754507
10950.0	8250.0	25.746428
11000.0	8250.0	25.724045
11050.0	8250.0	25.690992
11100.0	8250.0	25.654942
11150.0	8250.0	25.609066
11200.0	8250.0	25.570581
11250.0	8250.0	25.549852
11300.0	8250.0	25.539211
11350.0	8250.0	25.533115
11400.0	8250.0	25.53314
11450.0	8250.0	25.533855
11500.0	8250.0	25.529011
11550.0	8250.0	25.52664
11600.0	8250.0	25.524881
11650.0	8250.0	25.510319
11700.0	8250.0	25.474569
11750.0	8250.0	25.434269
11800.0	8250.0	25.389145
11850.0	8250.0	25.337694
11900.0	8250.0	25.272202
11950.0	8250.0	25.198618
12000.0	8250.0	25.111454
12050.0	8250.0	25.012859
12100.0	8250.0	24.897686
12150.0	8250.0	24.762184
12200.0	8250.0	24.600203
12250.0	8250.0	24.408264
12300.0	8250.0	24.190842
12350.0	8250.0	23.956108
12400.0	8250.0	23.712284
12450.0	8250.0	23.468676
12500.0	8250.0	23.231161
12550.0	8250.0	22.997297
12600.0	8250.0	22.761564
12650.0	8250.0	22.521784
12700.0	8250.0	22.283518
12750.0	8250.0	22.051891
12800.0	8250.0	21.828033
12850.0	8250.0	21.612453
12900.0	8250.0	21.398264
12950.0	8250.0	21.208054
13000.0	8250.0	21.030052
13050.0	8250.0	20.857267
13100.0	8250.0	20.689764
13150.0	8250.0	20.53299
13200.0	8250.0	20.387657
13250.0	8250.0	20.245892
13300.0	8250.0	20.101833
13350.0	8250.0	19.951452
13400.0	8250.0	19.78746
13450.0	8250.0	19.622393
13500.0	8250.0	19.456507
13550.0	8250.0	19.29546
13600.0	8250.0	19.13623
13650.0	8250.0	18.974857
13700.0	8250.0	18.799826
13750.0	8250.0	18.596889
13800.0	8250.0	18.354406
13850.0	8250.0	18.077187
13900.0	8250.0	17.773869
13950.0	8250.0	17.461348
14000.0	8250.0	17.140663
14050.0	8250.0	16.812479
14100.0	8250.0	16.472607
14150.0	8250.0	16.121861
14200.0	8250.0	15.745477
14250.0	8250.0	15.345248
14300.0	8250.0	14.921541
14350.0	8250.0	14.495354
14400.0	8250.0	14.073739
14450.0	8250.0	13.65419
14500.0	8250.0	13.231954
14550.0	8250.0	12.809793
14600.0	8250.0	12.384366
14650.0	8250.0	11.959146
14700.0	8250.0	11.531855
14750.0	8250.0	11.114493
14800.0	8250.0	10.710287
14850.0	8250.0	10.320138
14900.0	8250.0	9.935785
14950.0	8250.0	9.560462
15000.0	8250.0	9.187211
15050.0	8250.0	8.818945
15100.0	8250.0	8.447116
15150.0	8250.0	8.075502
15200.0	8250.0	7.704393
15250.0	8250.0	7.338155
15300.0	8250.0	6.972546
15350.0	8250.0	6.593968
15400.0	8250.0	6.194244
15450.0	8250.0	5.778576
15500.0	8250.0	5.36526
15550.0	8250.0	4.964907
15600.0	8250.0	4.585603
15650.0	8250.0	4.223494
15700.0	8250.0	3.872934
15750.0	8250.0	3.528849
15800.0	8250.0	3.186387
15850.0	8250.0	2.853273
15900.0	8250.0	2.532571
15950.0	8250.0	2.238902
16000.0	8250.0	1.977467
16050.0	8250.0	1.752332
16100.0	8250.0	1.548639
16150.0	8250.0	1.359578
16200.0	8250.0	1.187149
16250.0	8250.0	1.034719
16300.0	8250.0	0.893724
16350.0	8250.0	0.761238
16400.0	8250.0	0.633489
16450.0	8250.0	0.503263
16500.0	8250.0	0.37319
16550.0	8250.0	0.244586
16600.0	8250.0	0.107682
16650.0	8250.0	-0.028004
16700.0	8250.0	-0.151909
16750.0	8250.0	-0.264598
16800.0	8250.0	-0.366507
16850.0	8250.0	-0.460135
16900.0	8250.0	-0.552249
16950.0	8250.0	-0.649184
17000.0	8250.0	-0.742456
17050.0	8250.0	-0.839457
17100.0	8250.0	-0.93899
17150.0	8250.0	-1.045235
17200.0	8250.0	-1.15663
17250.0	8250.0	-1.267022
17300.0	8250.0	-1.377625
17350.0	8250.0	-1.478845
17400.0	8250.0	-1.574198
17450.0	8250.0	-1.661097
17500.0	8250.0	-1.75181
17550.0	8250.0	-1.837757
17600.0	8250.0	-1.909533
17650.0	8250.0	-1.966919
17700.0	8250.0	-2.022187
17750.0	8250.0	-2.079714
17800.0	8250.0	-2.130679
17850.0	8250.0	-2.166519
17900.0	8250.0	-2.183408
17950.0	8250.0	-2.189996
18000.0	8250.0	-2.204228
18050.0	8250.0	-2.244371
18100.0	8250.0	-2.307761
18150.0	8250.0	-2.38132
18200.0	8250.0	-2.462443
18250.0	8250.0	-2.550282
18300.0	8250.0	-2.64098
10250.0	8300.0	26.000526
10300.0	8300.0	25.928274
10350.0	8300.0	25.850489
10400.0	8300.0	25.776815
10450.0	8300.0	25.704187
10500.0	8300.0	25.641195
10550.0	8300.0	25.605837
10600.0	8300.0	25.595053
10650.0	8300.0	25.602947
10700.0	8300.0	25.632225
10750.0	8300.0	25.671558
10800.0	8300.0	25.726173
10850.0	8300.0	25.776878
10900.0	8300.0	25.812969
10950.0	8300.0	25.816208
11000.0	8300.0	25.798128
11050.0	8300.0	25.766909
11100.0	8300.0	25.716673
11150.0	8300.0	25.656197
11200.0	8300.0	25.603407
11250.0	8300.0	25.562567
11300.0	8300.0	25.533367
11350.0	8300.0	25.523035
11400.0	8300.0	25.527361
11450.0	8300.0	25.546532
11500.0	8300.0	25.569065
11550.0	8300.0	25.592754
11600.0	8300.0	25.613165
11650.0	8300.0	25.619507
11700.0	8300.0	25.602745
11750.0	8300.0	25.57469
11800.0	8300.0	25.526392
11850.0	8300.0	25.460123
11900.0	8300.0	25.375938
11950.0	8300.0	25.271044
12000.0	8300.0	25.152431
12050.0	8300.0	25.02006
12100.0	8300.0	24.872019
12150.0	8300.0	24.709314
12200.0	8300.0	24.523592
12250.0	8300.0	24.317762
12300.0	8300.0	24.095057
12350.0	8300.0	23.858831
12400.0	8300.0	23.617771
12450.0	8300.0	23.38254
12500.0	8300.0	23.151522
12550.0	8300.0	22.925867
12600.0	8300.0	22.704062
12650.0	8300.0	22.492483
12700.0	8300.0	22.288483
12750.0	8300.0	22.094284
12800.0	8300.0	21.902225
12850.0	8300.0	21.707457
12900.0	8300.0	21.520407
12950.0	8300.0	21.338654
13000.0	8300.0	21.171057
13050.0	8300.0	21.011511
13100.0	8300.0	20.862125
13150.0	8300.0	20.724161
13200.0	8300.0	20.591764
13250.0	8300.0	20.460447
13300.0	8300.0	20.322426
13350.0	8300.0	20.171398
13400.0	8300.0	20.00556
13450.0	8300.0	19.830162
13500.0	8300.0	19.65395
13550.0	8300.0	19.480806
13600.0	8300.0	19.316526
13650.0	8300.0	19.148985
13700.0	8300.0	18.961731
13750.0	8300.0	18.741369
13800.0	8300.0	18.485264
13850.0	8300.0	18.195454
13900.0	8300.0	17.876497
13950.0	8300.0	17.533472
14000.0	8300.0	17.183052
14050.0	8300.0	16.831926
14100.0	8300.0	16.481962
14150.0	8300.0	16.115131
14200.0	8300.0	15.736105
14250.0	8300.0	15.332287
14300.0	8300.0	14.91675
14350.0	8300.0	14.492339
14400.0	8300.0	14.070583
14450.0	8300.0	13.655049
14500.0	8300.0	13.24315
14550.0	8300.0	12.824592
14600.0	8300.0	12.398331
14650.0	8300.0	11.965465
14700.0	8300.0	11.541687
14750.0	8300.0	11.125818
14800.0	8300.0	10.722896
14850.0	8300.0	10.332473
14900.0	8300.0	9.951848
14950.0	8300.0	9.570616
15000.0	8300.0	9.189528
15050.0	8300.0	8.806746
15100.0	8300.0	8.432422
15150.0	8300.0	8.057124
15200.0	8300.0	7.685635
15250.0	8300.0	7.309137
15300.0	8300.0	6.931717
15350.0	8300.0	6.543773
15400.0	8300.0	6.13941
15450.0	8300.0	5.719882
15500.0	8300.0	5.301733
15550.0	8300.0	4.899905
15600.0	8300.0	4.516832
15650.0	8300.0	4.148741
15700.0	8300.0	3.791603
15750.0	8300.0	3.436911
15800.0	8300.0	3.084313
15850.0	8300.0	2.7474
15900.0	8300.0	2.429249
15950.0	8300.0	2.139183
16000.0	8300.0	1.876833
16050.0	8300.0	1.639223
16100.0	8300.0	1.433656
16150.0	8300.0	1.259643
16200.0	8300.0	1.102413
16250.0	8300.0	0.952536
16300.0	8300.0	0.805388
16350.0	8300.0	0.66067
16400.0	8300.0	0.514907
16450.0	8300.0	0.374198
16500.0	8300.0	0.239191
16550.0	8300.0	0.110828
16600.0	8300.0	-0.02891
16650.0	8300.0	-0.168071
16700.0	8300.0	-0.292865
16750.0	8300.0	-0.401276
16800.0	8300.0	-0.495857
16850.0	8300.0	-0.58121
16900.0	8300.0	-0.656393
16950.0	8300.0	-0.733434
17000.0	8300.0	-0.816852
17050.0	8300.0	-0.898165
17100.0	8300.0	-0.973866
17150.0	8300.0	-1.059741
17200.0	8300.0	-1.161695
17250.0	8300.0	-1.280238
17300.0	8300.0	-1.401352
17350.0	8300.0	-1.520216
17400.0	8300.0	-1.625324
17450.0	8300.0	-1.722351
17500.0	8300.0	-1.811122
17550.0	8300.0	-1.892147
17600.0	8300.0	-1.96418
17650.0	8300.0	-2.032099
17700.0	8300.0	-2.092511
17750.0	8300.0	-2.149616
17800.0	8300.0	-2.197081
17850.0	8300.0	-2.227682
17900.0	8300.0	-2.248081
17950.0	8300.0	-2.259886
18000.0	8300.0	-2.277536
18050.0	8300.0	-2.317158
18100.0	8300.0	-2.376267
18150.0	8300.0	-2.455586
18200.0	8300.0	-2.540955
18250.0	8300.0	-2.627632
18300.0	8300.0	-2.724399
10250.0	8350.0	26.040697
10300.0	8350.0	25.941471
10350.0	8350.0	25.8519
10400.0	8350.0	25.769667
10450.0	8350.0	25.69165
10500.0	8350.0	25.62154
10550.0	8350.0	25.578341
10600.0	8350.0	25.566521
10650.0	8350.0	25.57913
10700.0	8350.0	25.613554
10750.0	8350.0	25.666834
10800.0	8350.0	25.734335
10850.0	8350.0	25.799459
10900.0	8350.0	25.843655
10950.0	8350.0	25.86558
11000.0	8350.0	25.860563
11050.0	8350.0	25.828276
11100.0	8350.0	25.774364
11150.0	8350.0	25.709848
11200.0	8350.0	25.650145
11250.0	8350.0	25.595936
11300.0	8350.0	25.556562
11350.0	8350.0	25.537966
11400.0	8350.0	25.541922
11450.0	8350.0	25.569517
11500.0	8350.0	25.614889
11550.0	8350.0	25.657423
11600.0	8350.0	25.692562
11650.0	8350.0	25.715319
11700.0	8350.0	25.721663
11750.0	8350.0	25.697956
11800.0	8350.0	25.647362
11850.0	8350.0	25.566315
11900.0	8350.0	25.463892
11950.0	8350.0	25.338142
12000.0	8350.0	25.18824
12050.0	8350.0	25.019699
12100.0	8350.0	24.831944
12150.0	8350.0	24.634186
12200.0	8350.0	24.421827
12250.0	8350.0	24.202932
12300.0	8350.0	23.970846
12350.0	8350.0	23.733416
12400.0	8350.0	23.496733
12450.0	8350.0	23.26453
12500.0	8350.0	23.039328
12550.0	8350.0	22.824541
12600.0	8350.0	22.625641
12650.0	8350.0	22.444452
12700.0	8350.0	22.278105
12750.0	8350.0	22.120451
12800.0	8350.0	21.961361
12850.0	8350.0	21.800116
12900.0	8350.0	21.638754
12950.0	8350.0	21.476749
13000.0	8350.0	21.318243
13050.0	8350.0	21.178392
13100.0	8350.0	21.050653
13150.0	8350.0	20.935781
13200.0	8350.0	20.818567
13250.0	8350.0	20.69837
13300.0	8350.0	20.564392
13350.0	8350.0	20.415155
13400.0	8350.0	20.2479
13450.0	8350.0	20.064003
13500.0	8350.0	19.878345
13550.0	8350.0	19.693087
13600.0	8350.0	19.505814
13650.0	8350.0	19.307434
13700.0	8350.0	19.092337
13750.0	8350.0	18.853725
13800.0	8350.0	18.57935
13850.0	8350.0	18.272306
13900.0	8350.0	17.930799
13950.0	8350.0	17.571447
14000.0	8350.0	17.201891
14050.0	8350.0	16.830591
14100.0	8350.0	16.456678
14150.0	8350.0	16.0777
14200.0	8350.0	15.689318
14250.0	8350.0	15.293726
14300.0	8350.0	14.89029
14350.0	8350.0	14.48215
14400.0	8350.0	14.072142
14450.0	8350.0	13.661384
14500.0	8350.0	13.247034
14550.0	8350.0	12.829376
14600.0	8350.0	12.404637
14650.0	8350.0	11.979377
14700.0	8350.0	11.556406
14750.0	8350.0	11.138519
14800.0	8350.0	10.731803
14850.0	8350.0	10.334814
14900.0	8350.0	9.943722
14950.0	8350.0	9.551584
15000.0	8350.0	9.158263
15050.0	8350.0	8.771416
15100.0	8350.0	8.390145
15150.0	8350.0	8.010436
15200.0	8350.0	7.627235
15250.0	8350.0	7.244986
15300.0	8350.0	6.851017
15350.0	8350.0	6.451158
15400.0	8350.0	6.043406
15450.0	8350.0	5.63886
15500.0	8350.0	5.240381
15550.0	8350.0	4.845347
15600.0	8350.0	4.457674
15650.0	8350.0	4.077577
15700.0	8350.0	3.711334
15750.0	8350.0	3.353406
15800.0	8350.0	3.004572
15850.0	8350.0	2.671872
15900.0	8350.0	2.357222
15950.0	8350.0	2.069285
16000.0	8350.0	1.79819
16050.0	8350.0	1.556262
16100.0	8350.0	1.344746
16150.0	8350.0	1.172515
16200.0	8350.0	1.022855
16250.0	8350.0	0.870644
16300.0	8350.0	0.716308
16350.0	8350.0	0.553744
16400.0	8350.0	0.390404
16450.0	8350.0	0.238574
16500.0	8350.0	0.100648
16550.0	8350.0	-0.039182
16600.0	8350.0	-0.174992
16650.0	8350.0	-0.3073
16700.0	8350.0	-0.425197
16750.0	8350.0	-0.52722
16800.0	8350.0	-0.618075
16850.0	8350.0	-0.700172
16900.0	8350.0	-0.772129
16950.0	8350.0	-0.83912
17000.0	8350.0	-0.906955
17050.0	8350.0	-0.970135
17100.0	8350.0	-1.028943
17150.0	8350.0	-1.101274
17200.0	8350.0	-1.197284
17250.0	8350.0	-1.311492
17300.0	8350.0	-1.432438
17350.0	8350.0	-1.55232
17400.0	8350.0	-1.663067
17450.0	8350.0	-1.765081
17500.0	8350.0	-1.861289
17550.0	8350.0	-1.946644
17600.0	8350.0	-2.025854
17650.0	8350.0	-2.101991
17700.0	8350.0	-2.168357
17750.0	8350.0	-2.215402
17800.0	8350.0	-2.255312
17850.0	8350.0	-2.288798
17900.0	8350.0	-2.316587
17950.0	8350.0	-2.343515
18000.0	8350.0	-2.371151
18050.0	8350.0	-2.406774
18100.0	8350.0	-2.459505
18150.0	8350.0	-2.533139
18200.0	8350.0	-2.621961
18250.0	8350.0	-2.710344
18300.0	8350.0	-2.80438
10250.0	8400.0	26.045294
10300.0	8400.0	25.944593
10350.0	8400.0	25.848114
10400.0	8400.0	25.764065
10450.0	8400.0	25.688932
10500.0	8400.0	25.624676
10550.0	8400.0	25.579643
10600.0	8400.0	25.566111
10650.0	8400.0	25.576206
10700.0	8400.0	25.609995
10750.0	8400.0	25.66798
10800.0	8400.0	25.731619
10850.0	8400.0	25.795094
10900.0	8400.0	25.85033
10950.0	8400.0	25.888588
11000.0	8400.0	25.901052
11050.0	8400.0	25.880735
11100.0	8400.0	25.828848
11150.0	8400.0	25.767645
11200.0	8400.0	25.699881
11250.0	8400.0	25.642378
11300.0	8400.0	25.601526
11350.0	8400.0	25.58482
11400.0	8400.0	25.590813
11450.0	8400.0	25.620476
11500.0	8400.0	25.668823
11550.0	8400.0	25.719669
11600.0	8400.0	25.763906
11650.0	8400.0	25.798294
11700.0	8400.0	25.814266
11750.0	8400.0	25.794655
11800.0	8400.0	25.740232
11850.0	8400.0	25.653736
11900.0	8400.0	25.537697
11950.0	8400.0	25.392439
12000.0	8400.0	25.216789
12050.0	8400.0	25.008434
12100.0	8400.0	24.785521
12150.0	8400.0	24.550287
12200.0	8400.0	24.315722
12250.0	8400.0	24.072849
12300.0	8400.0	23.827339
12350.0	8400.0	23.588915
12400.0	8400.0	23.353436
12450.0	8400.0	23.127588
12500.0	8400.0	22.911777
12550.0	8400.0	22.709305
12600.0	8400.0	22.532608
12650.0	8400.0	22.383583
12700.0	8400.0	22.252726
12750.0	8400.0	22.130014
12800.0	8400.0	22.0068
12850.0	8400.0	21.882788
12900.0	8400.0	21.75498
12950.0	8400.0	21.617815
13000.0	8400.0	21.486656
13050.0	8400.0	21.368837
13100.0	8400.0	21.268948
13150.0	8400.0	21.169012
13200.0	8400.0	21.067724
13250.0	8400.0	20.953226
13300.0	8400.0	20.821531
13350.0	8400.0	20.66958
13400.0	8400.0	20.498585
13450.0	8400.0	20.312248
13500.0	8400.0	20.114176
13550.0	8400.0	19.907017
13600.0	8400.0	19.683559
13650.0	8400.0	19.4405
13700.0	8400.0	19.184608
13750.0	8400.0	18.910709
13800.0	8400.0	18.616037
13850.0	8400.0	18.28792
13900.0	8400.0	17.93759
13950.0	8400.0	17.563324
14000.0	8400.0	17.180431
14050.0	8400.0	16.791756
14100.0	8400.0	16.399483
14150.0	8400.0	16.006796
14200.0	8400.0	15.612916
14250.0	8400.0	15.225118
14300.0	8400.0	14.841009
14350.0	8400.0	14.451124
14400.0	8400.0	14.05277
14450.0	8400.0	13.643948
14500.0	8400.0	13.228143
14550.0	8400.0	12.808525
14600.0	8400.0	12.389917
14650.0	8400.0	11.970668
14700.0	8400.0	11.552913
14750.0	8400.0	11.139112
14800.0	8400.0	10.727726
14850.0	8400.0	10.316727
14900.0	8400.0	9.90945
14950.0	8400.0	9.504345
15000.0	8400.0	9.105894
15050.0	8400.0	8.71021
15100.0	8400.0	8.319587
15150.0	8400.0	7.933198
15200.0	8400.0	7.543712
15250.0	8400.0	7.144726
15300.0	8400.0	6.737711
15350.0	8400.0	6.331522
15400.0	8400.0	5.934905
15450.0	8400.0	5.549508
15500.0	8400.0	5.17106
15550.0	8400.0	4.791955
15600.0	8400.0	4.404348
15650.0	8400.0	4.022287
15700.0	8400.0	3.646126
15750.0	8400.0	3.288984
15800.0	8400.0	2.952603
15850.0	8400.0	2.629743
15900.0	8400.0	2.325777
15950.0	8400.0	2.032942
16000.0	8400.0	1.758194
16050.0	8400.0	1.505127
16100.0	8400.0	1.291391
16150.0	8400.0	1.109096
16200.0	8400.0	0.94408
16250.0	8400.0	0.780223
16300.0	8400.0	0.611097
16350.0	8400.0	0.438468
16400.0	8400.0	0.264724
16450.0	8400.0	0.103036
16500.0	8400.0	-0.048201
16550.0	8400.0	-0.190061
16600.0	8400.0	-0.319284
16650.0	8400.0	-0.436784
16700.0	8400.0	-0.546439
16750.0	8400.0	-0.647274
16800.0	8400.0	-0.737493
16850.0	8400.0	-0.816383
16900.0	8400.0	-0.888775
16950.0	8400.0	-0.951138
17000.0	8400.0	-1.007441
17050.0	8400.0	-1.05815
17100.0	8400.0	-1.11018
17150.0	8400.0	-1.174029
17200.0	8400.0	-1.259136
17250.0	8400.0	-1.361039
17300.0	8400.0	-1.470711
17350.0	8400.0	-1.579945
17400.0	8400.0	-1.690393
17450.0	8400.0	-1.804044
17500.0	8400.0	-1.909876
17550.0	8400.0	-2.006138
17600.0	8400.0	-2.095469
17650.0	8400.0	-2.173617
17700.0	8400.0	-2.232761
17750.0	8400.0	-2.279624
17800.0	8400.0	-2.318106
17850.0	8400.0	-2.354315
17900.0	8400.0	-2.395085
17950.0	8400.0	-2.432148
18000.0	8400.0	-2.468327
18050.0	8400.0	-2.503452
18100.0	8400.0	-2.55626
18150.0	8400.0	-2.629172
18200.0	8400.0	-2.711904
18250.0	8400.0	-2.798545
18300.0	8400.0	-2.877702
10250.0	8450.0	26.017271
10300.0	8450.0	25.930119
10350.0	8450.0	25.847162
10400.0	8450.0	25.765726
10450.0	8450.0	25.696522
10500.0	8450.0	25.638233
10550.0	8450.0	25.600702
10600.0	8450.0	25.585533
10650.0	8450.0	25.599209
10700.0	8450.0	25.633928
10750.0	8450.0	25.675371
10800.0	8450.0	25.720545
10850.0	8450.0	25.774372
10900.0	8450.0	25.836399
10950.0	8450.0	25.8881
11000.0	8450.0	25.917206
11050.0	8450.0	25.910788
11100.0	8450.0	25.873535
11150.0	8450.0	25.821365
11200.0	8450.0	25.761095
11250.0	8450.0	25.704678
11300.0	8450.0	25.670341
11350.0	8450.0	25.655733
11400.0	8450.0	25.66468
11450.0	8450.0	25.69537
11500.0	8450.0	25.740088
11550.0	8450.0	25.787888
11600.0	8450.0	25.83123
11650.0	8450.0	25.86237
11700.0	8450.0	25.875731
11750.0	8450.0	25.861631
11800.0	8450.0	25.812317
11850.0	8450.0	25.720423
11900.0	8450.0	25.59074
11950.0	8450.0	25.42518
12000.0	8450.0	25.224228
12050.0	8450.0	24.990986
12100.0	8450.0	24.735928
12150.0	8450.0	24.472162
12200.0	8450.0	24.206564
12250.0	8450.0	23.944513
12300.0	8450.0	23.691528
12350.0	8450.0	23.446054
12400.0	8450.0	23.214432
12450.0	8450.0	22.994816
12500.0	8450.0	22.793591
12550.0	8450.0	22.61351
12600.0	8450.0	22.45583
12650.0	8450.0	22.327833
12700.0	8450.0	22.22703
12750.0	8450.0	22.139383
12800.0	8450.0	22.053068
12850.0	8450.0	21.961473
12900.0	8450.0	21.864359
12950.0	8450.0	21.769794
13000.0	8450.0	21.676977
13050.0	8450.0	21.588795
13100.0	8450.0	21.505346
13150.0	8450.0	21.42087
13200.0	8450.0	21.329863
13250.0	8450.0	21.219387
13300.0	8450.0	21.084423
13350.0	8450.0	20.925716
13400.0	8450.0	20.751509
13450.0	8450.0	20.555208
13500.0	8450.0	20.334051
13550.0	8450.0	20.091709
13600.0	8450.0	19.820852
13650.0	8450.0	19.527996
13700.0	8450.0	19.216496
13750.0	8450.0	18.896477
13800.0	8450.0	18.566154
13850.0	8450.0	18.226753
13900.0	8450.0	17.868565
13950.0	8450.0	17.492544
14000.0	8450.0	17.093758
14050.0	8450.0	16.687313
14100.0	8450.0	16.280096
14150.0	8450.0	15.881653
14200.0	8450.0	15.491549
14250.0	8450.0	15.112369
14300.0	8450.0	14.739206
14350.0	8450.0	14.363894
14400.0	8450.0	13.97464
14450.0	8450.0	13.573679
14500.0	8450.0	13.15945
14550.0	8450.0	12.74567
14600.0	8450.0	12.333277
14650.0	8450.0	11.925082
14700.0	8450.0	11.5165
14750.0	8450.0	11.107136
14800.0	8450.0	10.692399
14850.0	8450.0	10.274561
14900.0	8450.0	9.855247
14950.0	8450.0	9.442046
15000.0	8450.0	9.033212
15050.0	8450.0	8.631479
15100.0	8450.0	8.22998
15150.0	8450.0	7.834064
15200.0	8450.0	7.430629
15250.0	8450.0	7.020985
15300.0	8450.0	6.608685
15350.0	8450.0	6.207228
15400.0	8450.0	5.827746
15450.0	8450.0	5.462586
15500.0	8450.0	5.099045
15550.0	8450.0	4.73044
15600.0	8450.0	4.35833
15650.0	8450.0	3.980776
15700.0	8450.0	3.610328
15750.0	8450.0	3.257525
15800.0	8450.0	2.927668
15850.0	8450.0	2.619766
15900.0	8450.0	2.322807
15950.0	8450.0	2.031599
16000.0	8450.0	1.752912
16050.0	8450.0	1.496514
16100.0	8450.0	1.266605
16150.0	8450.0	1.056616
16200.0	8450.0	0.860955
16250.0	8450.0	0.678175
16300.0	8450.0	0.497919
16350.0	8450.0	0.314262
16400.0	8450.0	0.136376
16450.0	8450.0	-0.031858
16500.0	8450.0	-0.189045
16550.0	8450.0	-0.330467
16600.0	8450.0	-0.451725
16650.0	8450.0	-0.55728
16700.0	8450.0	-0.662465
16750.0	8450.0	-0.762894
16800.0	8450.0	-0.852135
16850.0	8450.0	-0.930116
16900.0	8450.0	-1.000183
16950.0	8450.0	-1.061881
17000.0	8450.0	-1.111742
17050.0	8450.0	-1.162508
17100.0	8450.0	-1.216831
17150.0	8450.0	-1.275159
17200.0	8450.0	-1.342662
17250.0	8450.0	-1.420902
17300.0	8450.0	-1.510751
17350.0	8450.0	-1.61725
17400.0	8450.0	-1.736238
17450.0	8450.0	-1.852197
17500.0	8450.0	-1.963438
17550.0	8450.0	-2.064974
17600.0	8450.0	-2.157842
17650.0	8450.0	-2.235568
17700.0	8450.0	-2.302471
17750.0	8450.0	-2.351264
17800.0	8450.0	-2.387065
17850.0	8450.0	-2.426726
17900.0	8450.0	-2.47212
17950.0	8450.0	-2.521302
18000.0	8450.0	-2.565297
18050.0	8450.0	-2.610593
18100.0	8450.0	-2.66673
18150.0	8450.0	-2.736774
18200.0	8450.0	-2.813529
18250.0	8450.0	-2.888034
18300.0	8450.0	-2.953152
10250.0	8500.0	25.972792
10300.0	8500.0	25.900414
10350.0	8500.0	25.833866
10400.0	8500.0	25.769396
10450.0	8500.0	25.710579
10500.0	8500.0	25.669983
10550.0	8500.0	25.637926
10600.0	8500.0	25.623852
10650.0	8500.0	25.637705
10700.0	8500.0	25.662102
10750.0	8500.0	25.691069
10800.0	8500.0	25.722179
10850.0	8500.0	25.761784
10900.0	8500.0	25.812557
10950.0	8500.0	25.867603
11000.0	8500.0	25.900909
11050.0	8500.0	25.908968
11100.0	8500.0	25.900967
11150.0	8500.0	25.871061
11200.0	8500.0	25.827917
11250.0	8500.0	25.785725
11300.0	8500.0	25.759285
11350.0	8500.0	25.752439
11400.0	8500.0	25.761293
11450.0	8500.0	25.785349
11500.0	8500.0	25.818424
11550.0	8500.0	25.85956
11600.0	8500.0	25.890644
11650.0	8500.0	25.91655
11700.0	8500.0	25.924555
11750.0	8500.0	25.906029
11800.0	8500.0	25.853241
11850.0	8500.0	25.760218
11900.0	8500.0	25.616608
11950.0	8500.0	25.431978
12000.0	8500.0	25.212023
12050.0	8500.0	24.961929
12100.0	8500.0	24.687401
12150.0	8500.0	24.401325
12200.0	8500.0	24.116503
12250.0	8500.0	23.841085
12300.0	8500.0	23.584007
12350.0	8500.0	23.339565
12400.0	8500.0	23.111359
12450.0	8500.0	22.903141
12500.0	8500.0	22.716677
12550.0	8500.0	22.554796
12600.0	8500.0	22.418985
12650.0	8500.0	22.311119
12700.0	8500.0	22.231161
12750.0	8500.0	22.167351
12800.0	8500.0	22.113022
12850.0	8500.0	22.056719
12900.0	8500.0	21.998325
12950.0	8500.0	21.942741
13000.0	8500.0	21.883844
13050.0	8500.0	21.822237
13100.0	8500.0	21.754059
13150.0	8500.0	21.680399
13200.0	8500.0	21.591461
13250.0	8500.0	21.480848
13300.0	8500.0	21.342115
13350.0	8500.0	21.175234
13400.0	8500.0	20.982355
13450.0	8500.0	20.764389
13500.0	8500.0	20.510019
13550.0	8500.0	20.215017
13600.0	8500.0	19.888874
13650.0	8500.0	19.540119
13700.0	8500.0	19.172134
13750.0	8500.0	18.798681
13800.0	8500.0	18.429956
13850.0	8500.0	18.070398
13900.0	8500.0	17.707155
13950.0	8500.0	17.323633
14000.0	8500.0	16.917896
14050.0	8500.0	16.496475
14100.0	8500.0	16.081326
14150.0	8500.0	15.67902
14200.0	8500.0	15.295202
14250.0	8500.0	14.923291
14300.0	8500.0	14.557313
14350.0	8500.0	14.189939
14400.0	8500.0	13.811294
14450.0	8500.0	13.416951
14500.0	8500.0	13.01664
14550.0	8500.0	12.613188
14600.0	8500.0	12.214299
14650.0	8500.0	11.823308
14700.0	8500.0	11.431507
14750.0	8500.0	11.030315
14800.0	8500.0	10.614683
14850.0	8500.0	10.193072
14900.0	8500.0	9.770399
14950.0	8500.0	9.351104
15000.0	8500.0	8.937248
15050.0	8500.0	8.527329
15100.0	8500.0	8.122025
15150.0	8500.0	7.711805
15200.0	8500.0	7.302171
15250.0	8500.0	6.884595
15300.0	8500.0	6.478064
15350.0	8500.0	6.089993
15400.0	8500.0	5.728142
15450.0	8500.0	5.38175
15500.0	8500.0	5.033357
15550.0	8500.0	4.679789
15600.0	8500.0	4.32219
15650.0	8500.0	3.962025
15700.0	8500.0	3.601924
15750.0	8500.0	3.254441
15800.0	8500.0	2.933657
15850.0	8500.0	2.628091
15900.0	8500.0	2.337169
15950.0	8500.0	2.048188
16000.0	8500.0	1.769729
16050.0	8500.0	1.503568
16100.0	8500.0	1.251049
16150.0	8500.0	1.007755
16200.0	8500.0	0.779004
16250.0	8500.0	0.570218
16300.0	8500.0	0.375907
16350.0	8500.0	0.190451
16400.0	8500.0	0.014869
16450.0	8500.0	-0.15657
16500.0	8500.0	-0.314103
16550.0	8500.0	-0.451829
16600.0	8500.0	-0.568572
16650.0	8500.0	-0.671758
16700.0	8500.0	-0.772598
16750.0	8500.0	-0.871705
16800.0	8500.0	-0.960617
16850.0	8500.0	-1.037143
16900.0	8500.0	-1.108351
16950.0	8500.0	-1.17241
17000.0	8500.0	-1.226579
17050.0	8500.0	-1.276045
17100.0	8500.0	-1.335618
17150.0	8500.0	-1.389408
17200.0	8500.0	-1.439273
17250.0	8500.0	-1.496459
17300.0	8500.0	-1.576405
17350.0	8500.0	-1.678068
17400.0	8500.0	-1.795257
17450.0	8500.0	-1.913213
17500.0	8500.0	-2.020175
17550.0	8500.0	-2.124543
17600.0	8500.0	-2.22026
17650.0	8500.0	-2.30389
17700.0	8500.0	-2.371934
17750.0	8500.0	-2.422277
17800.0	8500.0	-2.463202
17850.0	8500.0	-2.505471
17900.0	8500.0	-2.550736
17950.0	8500.0	-2.606217
18000.0	8500.0	-2.667623
18050.0	8500.0	-2.726249
18100.0	8500.0	-2.786901
18150.0	8500.0	-2.851238
18200.0	8500.0	-2.916669
18250.0	8500.0	-2.979611
18300.0	8500.0	-3.043102
10250.0	8550.0	25.918926
10300.0	8550.0	25.864437
10350.0	8550.0	25.810862
10400.0	8550.0	25.765903
10450.0	8550.0	25.732803
10500.0	8550.0	25.706209
10550.0	8550.0	25.684603
10600.0	8550.0	25.675346
10650.0	8550.0	25.682735
10700.0	8550.0	25.697502
10750.0	8550.0	25.717104
10800.0	8550.0	25.736416
10850.0	8550.0	25.759241
10900.0	8550.0	25.797354
10950.0	8550.0	25.833574
11000.0	8550.0	25.862614
11050.0	8550.0	25.888092
11100.0	8550.0	25.904648
11150.0	8550.0	25.903051
11200.0	8550.0	25.891447
11250.0	8550.0	25.876307
11300.0	8550.0	25.867449
11350.0	8550.0	25.866879
11400.0	8550.0	25.877703
11450.0	8550.0	25.888706
11500.0	8550.0	25.906809
11550.0	8550.0	25.925713
11600.0	8550.0	25.947584
11650.0	8550.0	25.960882
11700.0	8550.0	25.958788
11750.0	8550.0	25.930378
11800.0	8550.0	25.866217
11850.0	8550.0	25.765846
11900.0	8550.0	25.613945
11950.0	8550.0	25.414341
12000.0	8550.0	25.180855
12050.0	8550.0	24.923422
12100.0	8550.0	24.645723
12150.0	8550.0	24.355206
12200.0	8550.0	24.063957
12250.0	8550.0	23.790043
12300.0	8550.0	23.530458
12350.0	8550.0	23.29467
12400.0	8550.0	23.080088
12450.0	8550.0	22.881672
12500.0	8550.0	22.707199
12550.0	8550.0	22.560781
12600.0	8550.0	22.446039
12650.0	8550.0	22.352762
12700.0	8550.0	22.286373
12750.0	8550.0	22.242826
12800.0	8550.0	22.213982
12850.0	8550.0	22.195324
12900.0	8550.0	22.175219
12950.0	8550.0	22.154472
13000.0	8550.0	22.122154
13050.0	8550.0	22.075602
13100.0	8550.0	22.013075
13150.0	8550.0	21.936684
13200.0	8550.0	21.838457
13250.0	8550.0	21.714296
13300.0	8550.0	21.562141
13350.0	8550.0	21.381123
13400.0	8550.0	21.161722
13450.0	8550.0	20.905825
13500.0	8550.0	20.602556
13550.0	8550.0	20.255095
13600.0	8550.0	19.868919
13650.0	8550.0	19.459146
13700.0	8550.0	19.037971
13750.0	8550.0	18.620104
13800.0	8550.0	18.216419
13850.0	8550.0	17.826548
13900.0	8550.0	17.439045
13950.0	8550.0	17.049059
14000.0	8550.0	16.639128
14050.0	8550.0	16.218229
14100.0	8550.0	15.793938
14150.0	8550.0	15.389801
14200.0	8550.0	15.006775
14250.0	8550.0	14.639395
14300.0	8550.0	14.274542
14350.0	8550.0	13.911604
14400.0	8550.0	13.539326
14450.0	8550.0	13.158751
14500.0	8550.0	12.772937
14550.0	8550.0	12.39037
14600.0	8550.0	12.0137
14650.0	8550.0	11.639993
14700.0	8550.0	11.265353
14750.0	8550.0	10.878085
14800.0	8550.0	10.476923
14850.0	8550.0	10.064059
14900.0	8550.0	9.64348
14950.0	8550.0	9.224341
15000.0	8550.0	8.810204
15050.0	8550.0	8.400819
15100.0	8550.0	7.988208
15150.0	8550.0	7.575628
15200.0	8550.0	7.160837
15250.0	8550.0	6.755991
15300.0	8550.0	6.36492
15350.0	8550.0	5.993598
15400.0	8550.0	5.644145
15450.0	8550.0	5.306583
15500.0	8550.0	4.97737
15550.0	8550.0	4.644611
15600.0	8550.0	4.308629
15650.0	8550.0	3.965307
15700.0	8550.0	3.621518
15750.0	8550.0	3.287566
15800.0	8550.0	2.963262
15850.0	8550.0	2.657222
15900.0	8550.0	2.355048
15950.0	8550.0	2.06376
16000.0	8550.0	1.782615
16050.0	8550.0	1.507776
16100.0	8550.0	1.231268
16150.0	8550.0	0.959806
16200.0	8550.0	0.705061
16250.0	8550.0	0.474033
16300.0	8550.0	0.265275
16350.0	8550.0	0.075439
16400.0	8550.0	-0.098033
16450.0	8550.0	-0.265332
16500.0	8550.0	-0.416354
16550.0	8550.0	-0.55175
16600.0	8550.0	-0.66657
16650.0	8550.0	-0.773485
16700.0	8550.0	-0.873154
16750.0	8550.0	-0.968411
16800.0	8550.0	-1.060605
16850.0	8550.0	-1.147013
16900.0	8550.0	-1.219918
16950.0	8550.0	-1.285561
17000.0	8550.0	-1.345293
17050.0	8550.0	-1.399663
17100.0	8550.0	-1.451862
17150.0	8550.0	-1.50769
17200.0	8550.0	-1.550168
17250.0	8550.0	-1.598057
17300.0	8550.0	-1.668948
17350.0	8550.0	-1.764253
17400.0	8550.0	-1.870428
17450.0	8550.0	-1.979446
17500.0	8550.0	-2.087115
17550.0	8550.0	-2.195611
17600.0	8550.0	-2.294088
17650.0	8550.0	-2.377103
17700.0	8550.0	-2.441027
17750.0	8550.0	-2.492351
17800.0	8550.0	-2.539658
17850.0	8550.0	-2.589156
17900.0	8550.0	-2.640795
17950.0	8550.0	-2.698222
18000.0	8550.0	-2.766607
18050.0	8550.0	-2.841705
18100.0	8550.0	-2.910229
18150.0	8550.0	-2.966488
18200.0	8550.0	-3.022194
18250.0	8550.0	-3.086282
18300.0	8550.0	-3.144746
10250.0	8600.0	25.857853
10300.0	8600.0	25.824764
10350.0	8600.0	25.793444
10400.0	8600.0	25.765947
10450.0	8600.0	25.746014
10500.0	8600.0	25.732937
10550.0	8600.0	25.728785
10600.0	8600.0	25.732168
10650.0	8600.0	25.735977
10700.0	8600.0	25.744682
10750.0	8600.0	25.751812
10800.0	8600.0	25.75956
10850.0	8600.0	25.771328
10900.0	8600.0	25.78442
10950.0	8600.0	25.799582
11000.0	8600.0	25.819948
11050.0	8600.0	25.8557
11100.0	8600.0	25.893198
11150.0	8600.0	25.921759
11200.0	8600.0	25.944384
11250.0	8600.0	25.964293
11300.0	8600.0	25.97681
11350.0	8600.0	25.989527
11400.0	8600.0	25.99839
11450.0	8600.0	26.002222
11500.0	8600.0	26.001141
11550.0	8600.0	26.005465
11600.0	8600.0	26.004814
11650.0	8600.0	25.99522
11700.0	8600.0	25.971647
11750.0	8600.0	25.927767
11800.0	8600.0	25.850315
11850.0	8600.0	25.734051
11900.0	8600.0	25.578148
11950.0	8600.0	25.378548
12000.0	8600.0	25.144161
12050.0	8600.0	24.890608
12100.0	8600.0	24.623026
12150.0	8600.0	24.345758
12200.0	8600.0	24.072472
12250.0	8600.0	23.805656
12300.0	8600.0	23.56105
12350.0	8600.0	23.338392
12400.0	8600.0	23.139767
12450.0	8600.0	22.958586
12500.0	8600.0	22.796785
12550.0	8600.0	22.666388
12600.0	8600.0	22.563116
12650.0	8600.0	22.485064
12700.0	8600.0	22.427473
12750.0	8600.0	22.396542
12800.0	8600.0	22.390131
12850.0	8600.0	22.400591
12900.0	8600.0	22.415583
12950.0	8600.0	22.414362
13000.0	8600.0	22.399
13050.0	8600.0	22.353512
13100.0	8600.0	22.281618
13150.0	8600.0	22.17934
13200.0	8600.0	22.051212
13250.0	8600.0	21.897635
13300.0	8600.0	21.71793
13350.0	8600.0	21.503201
13400.0	8600.0	21.247587
13450.0	8600.0	20.942915
13500.0	8600.0	20.58938
13550.0	8600.0	20.183281
13600.0	8600.0	19.742329
13650.0	8600.0	19.278267
13700.0	8600.0	18.815943
13750.0	8600.0	18.36154
13800.0	8600.0	17.925116
13850.0	8600.0	17.497803
13900.0	8600.0	17.083508
13950.0	8600.0	16.672495
14000.0	8600.0	16.263226
14050.0	8600.0	15.842215
14100.0	8600.0	15.42218
14150.0	8600.0	15.007892
14200.0	8600.0	14.617537
14250.0	8600.0	14.245268
14300.0	8600.0	13.880624
14350.0	8600.0	13.512656
14400.0	8600.0	13.146073
14450.0	8600.0	12.780724
14500.0	8600.0	12.421098
14550.0	8600.0	12.061495
14600.0	8600.0	11.70383
14650.0	8600.0	11.350092
14700.0	8600.0	10.993255
14750.0	8600.0	10.627991
14800.0	8600.0	10.252187
14850.0	8600.0	9.8576
14900.0	8600.0	9.453057
14950.0	8600.0	9.043859
15000.0	8600.0	8.638715
15050.0	8600.0	8.233449
15100.0	8600.0	7.828016
15150.0	8600.0	7.419086
15200.0	8600.0	7.022048
15250.0	8600.0	6.641573
15300.0	8600.0	6.275414
15350.0	8600.0	5.925745
15400.0	8600.0	5.582632
15450.0	8600.0	5.254008
15500.0	8600.0	4.938118
15550.0	8600.0	4.631617
15600.0	8600.0	4.316952
15650.0	8600.0	3.994808
15700.0	8600.0	3.667286
15750.0	8600.0	3.338935
15800.0	8600.0	3.016504
15850.0	8600.0	2.693447
15900.0	8600.0	2.380296
15950.0	8600.0	2.079722
16000.0	8600.0	1.789054
16050.0	8600.0	1.49976
16100.0	8600.0	1.206589
16150.0	8600.0	0.917315
16200.0	8600.0	0.645141
16250.0	8600.0	0.397478
16300.0	8600.0	0.17354
16350.0	8600.0	-0.01645
16400.0	8600.0	-0.188564
16450.0	8600.0	-0.344305
16500.0	8600.0	-0.495326
16550.0	8600.0	-0.623002
16600.0	8600.0	-0.742405
16650.0	8600.0	-0.857251
16700.0	8600.0	-0.962382
16750.0	8600.0	-1.061821
16800.0	8600.0	-1.161906
16850.0	8600.0	-1.255056
16900.0	8600.0	-1.334587
16950.0	8600.0	-1.401066
17000.0	8600.0	-1.464284
17050.0	8600.0	-1.52209
17100.0	8600.0	-1.578546
17150.0	8600.0	-1.628525
17200.0	8600.0	-1.674454
17250.0	8600.0	-1.720882
17300.0	8600.0	-1.783776
17350.0	8600.0	-1.866404
17400.0	8600.0	-1.964918
17450.0	8600.0	-2.068739
17500.0	8600.0	-2.175901
17550.0	8600.0	-2.276823
17600.0	8600.0	-2.371309
17650.0	8600.0	-2.450042
17700.0	8600.0	-2.514727
17750.0	8600.0	-2.572443
17800.0	8600.0	-2.625911
17850.0	8600.0	-2.677573
17900.0	8600.0	-2.731314
17950.0	8600.0	-2.795291
18000.0	8600.0	-2.869686
18050.0	8600.0	-2.953897
18100.0	8600.0	-3.027944
18150.0	8600.0	-3.084435
18200.0	8600.0	-3.138212
18250.0	8600.0	-3.196849
18300.0	8600.0	-3.263568
10250.0	8650.0	25.804779
10300.0	8650.0	25.786314
10350.0	8650.0	25.767382
10400.0	8650.0	25.759159
10450.0	8650.0	25.75502
10500.0	8650.0	25.757298
10550.0	8650.0	25.772415
10600.0	8650.0	25.785917
10650.0	8650.0	25.790339
10700.0	8650.0	25.793142
10750.0	8650.0	25.789858
10800.0	8650.0	25.789936
10850.0	8650.0	25.793011
10900.0	8650.0	25.781775
10950.0	8650.0	25.774458
11000.0	8650.0	25.78874
11050.0	8650.0	25.819511
11100.0	8650.0	25.870684
11150.0	8650.0	25.933165
11200.0	8650.0	25.99346
11250.0	8650.0	26.044489
11300.0	8650.0	26.07633
11350.0	8650.0	26.096674
11400.0	8650.0	26.111176
11450.0	8650.0	26.114103
11500.0	8650.0	26.105461
11550.0	8650.0	26.088167
11600.0	8650.0	26.064985
11650.0	8650.0	26.021811
11700.0	8650.0	25.967659
11750.0	8650.0	25.897596
11800.0	8650.0	25.801548
11850.0	8650.0	25.670856
11900.0	8650.0	25.515642
11950.0	8650.0	25.330263
12000.0	8650.0	25.116297
12050.0	8650.0	24.88163
12100.0	8650.0	24.634546
12150.0	8650.0	24.38592
12200.0	8650.0	24.139557
12250.0	8650.0	23.905825
12300.0	8650.0	23.689201
12350.0	8650.0	23.49309
12400.0	8650.0	23.312487
12450.0	8650.0	23.152094
12500.0	8650.0	23.013557
12550.0	8650.0	22.899614
12600.0	8650.0	22.806843
12650.0	8650.0	22.736275
12700.0	8650.0	22.689201
12750.0	8650.0	22.668432
12800.0	8650.0	22.676876
12850.0	8650.0	22.698215
12900.0	8650.0	22.720955
12950.0	8650.0	22.729593
13000.0	8650.0	22.710199
13050.0	8650.0	22.652397
13100.0	8650.0	22.548079
13150.0	8650.0	22.401579
13200.0	8650.0	22.222935
13250.0	8650.0	22.016077
13300.0	8650.0	21.785339
13350.0	8650.0	21.52059
13400.0	8650.0	21.2164
13450.0	8650.0	20.851097
13500.0	8650.0	20.437748
13550.0	8650.0	19.981544
13600.0	8650.0	19.494564
13650.0	8650.0	18.995951
13700.0	8650.0	18.500668
13750.0	8650.0	18.01701
13800.0	8650.0	17.542475
13850.0	8650.0	17.078367
13900.0	8650.0	16.629761
13950.0	8650.0	16.194569
14000.0	8650.0	15.772941
14050.0	8650.0	15.356911
14100.0	8650.0	14.939943
14150.0	8650.0	14.528162
14200.0	8650.0	14.125451
14250.0	8650.0	13.734663
14300.0	8650.0	13.358886
14350.0	8650.0	12.990016
14400.0	8650.0	12.63275
14450.0	8650.0	12.286588
14500.0	8650.0	11.947562
14550.0	8650.0	11.60878
14600.0	8650.0	11.27511
14650.0	8650.0	10.935447
14700.0	8650.0	10.595243
14750.0	8650.0	10.254704
14800.0	8650.0	9.906347
14850.0	8650.0	9.549217
14900.0	8650.0	9.176361
14950.0	8650.0	8.796511
15000.0	8650.0	8.411045
15050.0	8650.0	8.023023
15100.0	8650.0	7.635772
15150.0	8650.0	7.254111
15200.0	8650.0	6.883136
15250.0	8650.0	6.530756
15300.0	8650.0	6.202318
15350.0	8650.0	5.878355
15400.0	8650.0	5.554524
15450.0	8650.0	5.235899
15500.0	8650.0	4.932908
15550.0	8650.0	4.640284
15600.0	8650.0	4.345932
15650.0	8650.0	4.041787
15700.0	8650.0	3.731391
15750.0	8650.0	3.408687
15800.0	8650.0	3.074807
15850.0	8650.0	2.746429
15900.0	8650.0	2.42542
15950.0	8650.0	2.112486
16000.0	8650.0	1.803484
16050.0	8650.0	1.497575
16100.0	8650.0	1.188648
16150.0	8650.0	0.888617
16200.0	8650.0	0.605032
16250.0	8650.0	0.346102
16300.0	8650.0	0.120337
16350.0	8650.0	-0.074095
16400.0	8650.0	-0.241247
16450.0	8650.0	-0.393955
16500.0	8650.0	-0.534311
16550.0	8650.0	-0.668603
16600.0	8650.0	-0.803787
16650.0	8650.0	-0.929069
16700.0	8650.0	-1.044083
16750.0	8650.0	-1.154347
16800.0	8650.0	-1.259966
16850.0	8650.0	-1.362896
16900.0	8650.0	-1.448521
16950.0	8650.0	-1.518627
17000.0	8650.0	-1.58115
17050.0	8650.0	-1.646902
17100.0	8650.0	-1.702405
17150.0	8650.0	-1.754678
17200.0	8650.0	-1.810535
17250.0	8650.0	-1.865663
17300.0	8650.0	-1.922022
17350.0	8650.0	-1.992175
17400.0	8650.0	-2.077798
17450.0	8650.0	-2.176264
17500.0	8650.0	-2.278519
17550.0	8650.0	-2.373546
17600.0	8650.0	-2.456747
17650.0	8650.0	-2.531753
17700.0	8650.0	-2.59797
17750.0	8650.0	-2.660396
17800.0	8650.0	-2.717347
17850.0	8650.0	-2.768875
17900.0	8650.0	-2.831766
17950.0	8650.0	-2.897787
18000.0	8650.0	-2.977823
18050.0	8650.0	-3.065265
18100.0	8650.0	-3.139569
18150.0	8650.0	-3.201348
18200.0	8650.0	-3.257658
18250.0	8650.0	-3.318853
18300.0	8650.0	-3.395374
10250.0	8700.0	25.763735
10300.0	8700.0	25.74728
10350.0	8700.0	25.7411
10400.0	8700.0	25.744034
10450.0	8700.0	25.756952
10500.0	8700.0	25.780807
10550.0	8700.0	25.811838
10600.0	8700.0	25.83633
10650.0	8700.0	25.841539
10700.0	8700.0	25.834345
10750.0	8700.0	25.827063
10800.0	8700.0	25.826448
10850.0	8700.0	25.811584
10900.0	8700.0	25.784649
10950.0	8700.0	25.767956
11000.0	8700.0	25.77384
11050.0	8700.0	25.801723
11100.0	8700.0	25.858217
11150.0	8700.0	25.942116
11200.0	8700.0	26.02828
11250.0	8700.0	26.103254
11300.0	8700.0	26.158184
11350.0	8700.0	26.195463
11400.0	8700.0	26.211582
11450.0	8700.0	26.212055
11500.0	8700.0	26.193686
11550.0	8700.0	26.159426
11600.0	8700.0	26.110928
11650.0	8700.0	26.047375
11700.0	8700.0	25.957399
11750.0	8700.0	25.851343
11800.0	8700.0	25.729019
11850.0	8700.0	25.591833
11900.0	8700.0	25.442915
11950.0	8700.0	25.279854
12000.0	8700.0	25.100021
12050.0	8700.0	24.899633
12100.0	8700.0	24.691641
12150.0	8700.0	24.485275
12200.0	8700.0	24.282612
12250.0	8700.0	24.090593
12300.0	8700.0	23.915113
12350.0	8700.0	23.753773
12400.0	8700.0	23.60569
12450.0	8700.0	23.482361
12500.0	8700.0	23.377953
12550.0	8700.0	23.281044
12600.0	8700.0	23.19932
12650.0	8700.0	23.14234
12700.0	8700.0	23.103951
12750.0	8700.0	23.085604
12800.0	8700.0	23.083923
12850.0	8700.0	23.092697
12900.0	8700.0	23.100182
12950.0	8700.0	23.084436
13000.0	8700.0	23.037975
13050.0	8700.0	22.946037
13100.0	8700.0	22.799931
13150.0	8700.0	22.594952
13200.0	8700.0	22.345348
13250.0	8700.0	22.06605
13300.0	8700.0	21.761497
13350.0	8700.0	21.427731
13400.0	8700.0	21.047731
13450.0	8700.0	20.622118
13500.0	8700.0	20.148561
13550.0	8700.0	19.642935
13600.0	8700.0	19.123188
13650.0	8700.0	18.598133
13700.0	8700.0	18.077559
13750.0	8700.0	17.560602
13800.0	8700.0	17.053436
13850.0	8700.0	16.556532
13900.0	8700.0	16.075399
13950.0	8700.0	15.610035
14000.0	8700.0	15.169023
14050.0	8700.0	14.747094
14100.0	8700.0	14.338155
14150.0	8700.0	13.928134
14200.0	8700.0	13.51375
14250.0	8700.0	13.107447
14300.0	8700.0	12.715796
14350.0	8700.0	12.34755
14400.0	8700.0	11.999909
14450.0	8700.0	11.666825
14500.0	8700.0	11.344113
14550.0	8700.0	11.025081
14600.0	8700.0	10.703616
14650.0	8700.0	10.3804
14700.0	8700.0	10.060531
14750.0	8700.0	9.747045
14800.0	8700.0	9.439988
14850.0	8700.0	9.125537
14900.0	8700.0	8.805767
14950.0	8700.0	8.47098
15000.0	8700.0	8.119555
15050.0	8700.0	7.76158
15100.0	8700.0	7.410288
15150.0	8700.0	7.071784
15200.0	8700.0	6.748518
15250.0	8700.0	6.43962
15300.0	8700.0	6.142252
15350.0	8700.0	5.84748
15400.0	8700.0	5.54946
15450.0	8700.0	5.250391
15500.0	8700.0	4.955389
15550.0	8700.0	4.667378
15600.0	8700.0	4.383902
15650.0	8700.0	4.099847
15700.0	8700.0	3.80418
15750.0	8700.0	3.488289
15800.0	8700.0	3.160308
15850.0	8700.0	2.82501
15900.0	8700.0	2.494918
15950.0	8700.0	2.171191
16000.0	8700.0	1.842905
16050.0	8700.0	1.512451
16100.0	8700.0	1.192684
16150.0	8700.0	0.888121
16200.0	8700.0	0.603788
16250.0	8700.0	0.338694
16300.0	8700.0	0.112307
16350.0	8700.0	-0.084552
16400.0	8700.0	-0.262235
16450.0	8700.0	-0.417501
16500.0	8700.0	-0.559055
16550.0	8700.0	-0.698791
16600.0	8700.0	-0.841508
16650.0	8700.0	-0.981651
16700.0	8700.0	-1.115136
16750.0	8700.0	-1.240956
16800.0	8700.0	-1.361679
16850.0	8700.0	-1.465847
16900.0	8700.0	-1.560664
16950.0	8700.0	-1.633553
17000.0	8700.0	-1.700384
17050.0	8700.0	-1.7665
17100.0	8700.0	-1.828971
17150.0	8700.0	-1.886634
17200.0	8700.0	-1.952744
17250.0	8700.0	-2.025043
17300.0	8700.0	-2.084577
17350.0	8700.0	-2.14492
17400.0	8700.0	-2.215809
17450.0	8700.0	-2.30082
17500.0	8700.0	-2.396244
17550.0	8700.0	-2.479968
17600.0	8700.0	-2.552548
17650.0	8700.0	-2.621877
17700.0	8700.0	-2.690117
17750.0	8700.0	-2.755438
17800.0	8700.0	-2.818038
17850.0	8700.0	-2.875566
17900.0	8700.0	-2.937829
17950.0	8700.0	-3.010463
18000.0	8700.0	-3.09124
18050.0	8700.0	-3.171581
18100.0	8700.0	-3.247808
18150.0	8700.0	-3.318326
18200.0	8700.0	-3.384213
18250.0	8700.0	-3.45186
18300.0	8700.0	-3.531823
10250.0	8750.0	25.721262
10300.0	8750.0	25.719492
10350.0	8750.0	25.719954
10400.0	8750.0	25.732452
10450.0	8750.0	25.758142
10500.0	8750.0	25.796663
10550.0	8750.0	25.838631
10600.0	8750.0	25.872618
10650.0	8750.0	25.883503
10700.0	8750.0	25.876482
10750.0	8750.0	25.86669
10800.0	8750.0	25.850599
10850.0	8750.0	25.823772
10900.0	8750.0	25.793196
10950.0	8750.0	25.778896
11000.0	8750.0	25.783871
11050.0	8750.0	25.810963
11100.0	8750.0	25.867279
11150.0	8750.0	25.950872
11200.0	8750.0	26.051182
11250.0	8750.0	26.144329
11300.0	8750.0	26.22315
11350.0	8750.0	26.268776
11400.0	8750.0	26.288523
11450.0	8750.0	26.286795
11500.0	8750.0	26.25902
11550.0	8750.0	26.20701
11600.0	8750.0	26.140009
11650.0	8750.0	26.050686
11700.0	8750.0	25.936222
11750.0	8750.0	25.801105
11800.0	8750.0	25.662931
11850.0	8750.0	25.522902
11900.0	8750.0	25.379723
11950.0	8750.0	25.23777
12000.0	8750.0	25.094677
12050.0	8750.0	24.948124
12100.0	8750.0	24.795219
12150.0	8750.0	24.643393
12200.0	8750.0	24.499243
12250.0	8750.0	24.365202
12300.0	8750.0	24.23748
12350.0	8750.0	24.125063
12400.0	8750.0	24.032019
12450.0	8750.0	23.952242
12500.0	8750.0	23.87985
12550.0	8750.0	23.812881
12600.0	8750.0	23.755095
12650.0	8750.0	23.710562
12700.0	8750.0	23.675421
12750.0	8750.0	23.648518
12800.0	8750.0	23.620205
12850.0	8750.0	23.58954
12900.0	8750.0	23.54508
12950.0	8750.0	23.480421
13000.0	8750.0	23.375084
13050.0	8750.0	23.224945
13100.0	8750.0	23.013235
13150.0	8750.0	22.742292
13200.0	8750.0	22.412451
13250.0	8750.0	22.049643
13300.0	8750.0	21.651812
13350.0	8750.0	21.224997
13400.0	8750.0	20.76022
13450.0	8750.0	20.261332
13500.0	8750.0	19.730202
13550.0	8750.0	19.182766
13600.0	8750.0	18.62623
13650.0	8750.0	18.071684
13700.0	8750.0	17.520067
13750.0	8750.0	16.978325
13800.0	8750.0	16.439623
13850.0	8750.0	15.914874
13900.0	8750.0	15.399877
13950.0	8750.0	14.909449
14000.0	8750.0	14.444802
14050.0	8750.0	14.013048
14100.0	8750.0	13.594877
14150.0	8750.0	13.182505
14200.0	8750.0	12.765399
14250.0	8750.0	12.343894
14300.0	8750.0	11.943204
14350.0	8750.0	11.568616
14400.0	8750.0	11.226735
14450.0	8750.0	10.908526
14500.0	8750.0	10.599286
14550.0	8750.0	10.297182
14600.0	8750.0	9.99419
14650.0	8750.0	9.692548
14700.0	8750.0	9.397025
14750.0	8750.0	9.116634
14800.0	8750.0	8.847372
14850.0	8750.0	8.589987
14900.0	8750.0	8.326318
14950.0	8750.0	8.043468
15000.0	8750.0	7.744617
15050.0	8750.0	7.441172
15100.0	8750.0	7.147979
15150.0	8750.0	6.873781
15200.0	8750.0	6.609856
15250.0	8750.0	6.357127
15300.0	8750.0	6.095718
15350.0	8750.0	5.826888
15400.0	8750.0	5.551843
15450.0	8750.0	5.274307
15500.0	8750.0	4.995039
15550.0	8750.0	4.714883
15600.0	8750.0	4.441072
15650.0	8750.0	4.169139
15700.0	8750.0	3.885518
15750.0	8750.0	3.585542
15800.0	8750.0	3.258632
15850.0	8750.0	2.924088
15900.0	8750.0	2.587069
15950.0	8750.0	2.250566
16000.0	8750.0	1.908512
16050.0	8750.0	1.565749
16100.0	8750.0	1.237672
16150.0	8750.0	0.934633
16200.0	8750.0	0.648949
16250.0	8750.0	0.385512
16300.0	8750.0	0.148507
16350.0	8750.0	-0.065109
16400.0	8750.0	-0.254683
16450.0	8750.0	-0.419095
16500.0	8750.0	-0.567759
16550.0	8750.0	-0.719642
16600.0	8750.0	-0.87334
16650.0	8750.0	-1.025452
16700.0	8750.0	-1.174383
16750.0	8750.0	-1.321492
16800.0	8750.0	-1.447464
16850.0	8750.0	-1.561432
16900.0	8750.0	-1.659703
16950.0	8750.0	-1.747213
17000.0	8750.0	-1.817544
17050.0	8750.0	-1.886671
17100.0	8750.0	-1.955788
17150.0	8750.0	-2.029598
17200.0	8750.0	-2.110207
17250.0	8750.0	-2.191242
17300.0	8750.0	-2.263162
17350.0	8750.0	-2.320768
17400.0	8750.0	-2.377137
17450.0	8750.0	-2.449587
17500.0	8750.0	-2.526406
17550.0	8750.0	-2.597634
17600.0	8750.0	-2.657738
17650.0	8750.0	-2.721526
17700.0	8750.0	-2.790586
17750.0	8750.0	-2.861218
17800.0	8750.0	-2.928599
17850.0	8750.0	-2.995652
17900.0	8750.0	-3.058767
17950.0	8750.0	-3.131273
18000.0	8750.0	-3.206825
18050.0	8750.0	-3.280646
18100.0	8750.0	-3.357471
18150.0	8750.0	-3.437743
18200.0	8750.0	-3.517898
18250.0	8750.0	-3.593822
18300.0	8750.0	-3.663708
10250.0	8800.0	25.677332
10300.0	8800.0	25.694399
10350.0	8800.0	25.710115
10400.0	8800.0	25.730297
10450.0	8800.0	25.767115
10500.0	8800.0	25.81049
10550.0	8800.0	25.852871
10600.0	8800.0	25.882666
10650.0	8800.0	25.905703
10700.0	8800.0	25.910309
10750.0	8800.0	25.903521
10800.0	8800.0	25.87398
10850.0	8800.0	25.836853
10900.0	8800.0	25.811159
10950.0	8800.0	25.797171
11000.0	8800.0	25.808708
11050.0	8800.0	25.846533
11100.0	8800.0	25.899855
11150.0	8800.0	25.976116
11200.0	8800.0	26.072105
11250.0	8800.0	26.170925
11300.0	8800.0	26.25526
11350.0	8800.0	26.310495
11400.0	8800.0	26.334095
11450.0	8800.0	26.330431
11500.0	8800.0	26.297691
11550.0	8800.0	26.231951
11600.0	8800.0	26.141773
11650.0	8800.0	26.03042
11700.0	8800.0	25.89908
11750.0	8800.0	25.756109
11800.0	8800.0	25.60968
11850.0	8800.0	25.472809
11900.0	8800.0	25.342545
11950.0	8800.0	25.225523
12000.0	8800.0	25.12015
12050.0	8800.0	25.026445
12100.0	8800.0	24.940691
12150.0	8800.0	24.858576
12200.0	8800.0	24.786865
12250.0	8800.0	24.721182
12300.0	8800.0	24.662954
12350.0	8800.0	24.615936
12400.0	8800.0	24.583483
12450.0	8800.0	24.554838
12500.0	8800.0	24.526049
12550.0	8800.0	24.496653
12600.0	8800.0	24.468306
12650.0	8800.0	24.43343
12700.0	8800.0	24.393682
12750.0	8800.0	24.340292
12800.0	8800.0	24.271435
12850.0	8800.0	24.182022
12900.0	8800.0	24.066467
12950.0	8800.0	23.918951
13000.0	8800.0	23.725197
13050.0	8800.0	23.481226
13100.0	8800.0	23.184837
13150.0	8800.0	22.830305
13200.0	8800.0	22.423899
13250.0	8800.0	21.961176
13300.0	8800.0	21.462086
13350.0	8800.0	20.927231
13400.0	8800.0	20.367662
13450.0	8800.0	19.788462
13500.0	8800.0	19.201847
13550.0	8800.0	18.606203
13600.0	8800.0	18.012438
13650.0	8800.0	17.425026
13700.0	8800.0	16.84326
13750.0	8800.0	16.267096
13800.0	8800.0	15.696419
13850.0	8800.0	15.136283
13900.0	8800.0	14.592279
13950.0	8800.0	14.075252
14000.0	8800.0	13.590029
14050.0	8800.0	13.135905
14100.0	8800.0	12.706294
14150.0	8800.0	12.281825
14200.0	8800.0	11.859845
14250.0	8800.0	11.442673
14300.0	8800.0	11.035343
14350.0	8800.0	10.657217
14400.0	8800.0	10.310719
14450.0	8800.0	9.995746
14500.0	8800.0	9.703001
14550.0	8800.0	9.423768
14600.0	8800.0	9.145271
14650.0	8800.0	8.876523
14700.0	8800.0	8.615942
14750.0	8800.0	8.371866
14800.0	8800.0	8.148042
14850.0	8800.0	7.936933
14900.0	8800.0	7.731037
14950.0	8800.0	7.517183
15000.0	8800.0	7.295741
15050.0	8800.0	7.070612
15100.0	8800.0	6.855225
15150.0	8800.0	6.649748
15200.0	8800.0	6.456232
15250.0	8800.0	6.25271
15300.0	8800.0	6.033712
15350.0	8800.0	5.800446
15400.0	8800.0	5.556654
15450.0	8800.0	5.304389
15500.0	8800.0	5.043717
15550.0	8800.0	4.779742
15600.0	8800.0	4.517712
15650.0	8800.0	4.251727
15700.0	8800.0	3.978724
15750.0	8800.0	3.684492
15800.0	8800.0	3.374477
15850.0	8800.0	3.043073
15900.0	8800.0	2.704522
15950.0	8800.0	2.359852
16000.0	8800.0	2.016259
16050.0	8800.0	1.674764
16100.0	8800.0	1.349836
16150.0	8800.0	1.038451
16200.0	8800.0	0.745173
16250.0	8800.0	0.473574
16300.0	8800.0	0.215001
16350.0	8800.0	-0.018548
16400.0	8800.0	-0.222085
16450.0	8800.0	-0.401841
16500.0	8800.0	-0.569253
16550.0	8800.0	-0.741058
16600.0	8800.0	-0.907659
16650.0	8800.0	-1.069106
16700.0	8800.0	-1.229706
16750.0	8800.0	-1.379358
16800.0	8800.0	-1.516373
16850.0	8800.0	-1.634003
16900.0	8800.0	-1.745081
16950.0	8800.0	-1.847171
17000.0	8800.0	-1.939147
17050.0	8800.0	-2.014743
17100.0	8800.0	-2.09415
17150.0	8800.0	-2.182118
17200.0	8800.0	-2.273371
17250.0	8800.0	-2.362395
17300.0	8800.0	-2.450192
17350.0	8800.0	-2.51249
17400.0	8800.0	-2.566381
17450.0	8800.0	-2.617444
17500.0	8800.0	-2.670821
17550.0	8800.0	-2.725231
17600.0	8800.0	-2.780473
17650.0	8800.0	-2.836262
17700.0	8800.0	-2.901174
17750.0	8800.0	-2.974012
17800.0	8800.0	-3.049998
17850.0	8800.0	-3.122383
17900.0	8800.0	-3.191021
17950.0	8800.0	-3.26439
18000.0	8800.0	-3.333247
18050.0	8800.0	-3.400337
18100.0	8800.0	-3.476696
18150.0	8800.0	-3.565258
18200.0	8800.0	-3.650604
18250.0	8800.0	-3.730058
18300.0	8800.0	-3.79278
10250.0	8850.0	25.635365
10300.0	8850.0	25.671597
10350.0	8850.0	25.707319
10400.0	8850.0	25.740984
10450.0	8850.0	25.778923
10500.0	8850.0	25.822897
10550.0	8850.0	25.85519
10600.0	8850.0	25.880857
10650.0	8850.0	25.90753
10700.0	8850.0	25.926735
10750.0	8850.0	25.921295
10800.0	8850.0	25.894915
10850.0	8850.0	25.86249
10900.0	8850.0	25.840586
10950.0	8850.0	25.833698
11000.0	8850.0	25.846668
11050.0	8850.0	25.889843
11100.0	8850.0	25.945633
11150.0	8850.0	26.014503
11200.0	8850.0	26.098642
11250.0	8850.0	26.186193
11300.0	8850.0	26.264238
11350.0	8850.0	26.319126
11400.0	8850.0	26.343351
11450.0	8850.0	26.334862
11500.0	8850.0	26.299429
11550.0	8850.0	26.229744
11600.0	8850.0	26.121578
11650.0	8850.0	25.99699
11700.0	8850.0	25.858551
11750.0	8850.0	25.707438
11800.0	8850.0	25.566891
11850.0	8850.0	25.437822
11900.0	8850.0	25.332043
11950.0	8850.0	25.25083
12000.0	8850.0	25.191172
12050.0	8850.0	25.152992
12100.0	8850.0	25.139732
12150.0	8850.0	25.13842
12200.0	8850.0	25.142895
12250.0	8850.0	25.16173
12300.0	8850.0	25.185913
12350.0	8850.0	25.217514
12400.0	8850.0	25.249607
12450.0	8850.0	25.282656
12500.0	8850.0	25.311625
12550.0	8850.0	25.328691
12600.0	8850.0	25.326763
12650.0	8850.0	25.29493
12700.0	8850.0	25.237442
12750.0	8850.0	25.14867
12800.0	8850.0	25.022354
12850.0	8850.0	24.860073
12900.0	8850.0	24.653772
12950.0	8850.0	24.401747
13000.0	8850.0	24.098173
13050.0	8850.0	23.738911
13100.0	8850.0	23.330889
13150.0	8850.0	22.87867
13200.0	8850.0	22.371881
13250.0	8850.0	21.811632
13300.0	8850.0	21.19573
13350.0	8850.0	20.550003
13400.0	8850.0	19.888647
13450.0	8850.0	19.232649
13500.0	8850.0	18.576473
13550.0	8850.0	17.933304
13600.0	8850.0	17.296967
13650.0	8850.0	16.67239
13700.0	8850.0	16.054268
13750.0	8850.0	15.438668
13800.0	8850.0	14.829576
13850.0	8850.0	14.232685
13900.0	8850.0	13.657628
13950.0	8850.0	13.114678
14000.0	8850.0	12.604393
14050.0	8850.0	12.126377
14100.0	8850.0	11.667808
14150.0	8850.0	11.233493
14200.0	8850.0	10.807462
14250.0	8850.0	10.397409
14300.0	8850.0	9.997631
14350.0	8850.0	9.620807
14400.0	8850.0	9.27063
14450.0	8850.0	8.953226
14500.0	8850.0	8.665925
14550.0	8850.0	8.404487
14600.0	8850.0	8.164135
14650.0	8850.0	7.938336
14700.0	8850.0	7.726975
14750.0	8850.0	7.529681
14800.0	8850.0	7.350226
14850.0	8850.0	7.192187
14900.0	8850.0	7.048217
14950.0	8850.0	6.914721
15000.0	8850.0	6.782362
15050.0	8850.0	6.656016
15100.0	8850.0	6.523795
15150.0	8850.0	6.394216
15200.0	8850.0	6.255987
15250.0	8850.0	6.107147
15300.0	8850.0	5.940194
15350.0	8850.0	5.755554
15400.0	8850.0	5.554425
15450.0	8850.0	5.335235
15500.0	8850.0	5.099428
15550.0	8850.0	4.853476
15600.0	8850.0	4.601333
15650.0	8850.0	4.34662
15700.0	8850.0	4.077737
15750.0	8850.0	3.801561
15800.0	8850.0	3.507331
15850.0	8850.0	3.195735
15900.0	8850.0	2.860988
15950.0	8850.0	2.51742
16000.0	8850.0	2.177896
16050.0	8850.0	1.848234
16100.0	8850.0	1.520741
16150.0	8850.0	1.196397
16200.0	8850.0	0.887114
16250.0	8850.0	0.593814
16300.0	8850.0	0.320001
16350.0	8850.0	0.062296
16400.0	8850.0	-0.168999
16450.0	8850.0	-0.377859
16500.0	8850.0	-0.57624
16550.0	8850.0	-0.769251
16600.0	8850.0	-0.946921
16650.0	8850.0	-1.114273
16700.0	8850.0	-1.274476
16750.0	8850.0	-1.42056
16800.0	8850.0	-1.557712
16850.0	8850.0	-1.691186
16900.0	8850.0	-1.816035
16950.0	8850.0	-1.94281
17000.0	8850.0	-2.057559
17050.0	8850.0	-2.151384
17100.0	8850.0	-2.238778
17150.0	8850.0	-2.340992
17200.0	8850.0	-2.443293
17250.0	8850.0	-2.542754
17300.0	8850.0	-2.635868
17350.0	8850.0	-2.714859
17400.0	8850.0	-2.768759
17450.0	8850.0	-2.807523
17500.0	8850.0	-2.833749
17550.0	8850.0	-2.871747
17600.0	8850.0	-2.919647
17650.0	8850.0	-2.968057
17700.0	8850.0	-3.026724
17750.0	8850.0	-3.097812
17800.0	8850.0	-3.173188
17850.0	8850.0	-3.253813
17900.0	8850.0	-3.334372
17950.0	8850.0	-3.408411
18000.0	8850.0	-3.477406
18050.0	8850.0	-3.540711
18100.0	8850.0	-3.613307
18150.0	8850.0	-3.697626
18200.0	8850.0	-3.780854
18250.0	8850.0	-3.85075
18300.0	8850.0	-3.918066
10250.0	8900.0	25.60055
10300.0	8900.0	25.655354
10350.0	8900.0	25.706741
10400.0	8900.0	25.75334
10450.0	8900.0	25.792793
10500.0	8900.0	25.827734
10550.0	8900.0	25.851768
10600.0	8900.0	25.876133
10650.0	8900.0	25.899574
10700.0	8900.0	25.920046
10750.0	8900.0	25.921282
10800.0	8900.0	25.91205
10850.0	8900.0	25.894136
10900.0	8900.0	25.883997
10950.0	8900.0	25.882057
11000.0	8900.0	25.901848
11050.0	8900.0	25.939487
11100.0	8900.0	25.993387
11150.0	8900.0	26.05505
11200.0	8900.0	26.121912
11250.0	8900.0	26.192877
11300.0	8900.0	26.255835
11350.0	8900.0	26.303131
11400.0	8900.0	26.317745
11450.0	8900.0	26.306595
11500.0	8900.0	26.2661
11550.0	8900.0	26.193159
11600.0	8900.0	26.082693
11650.0	8900.0	25.948215
11700.0	8900.0	25.806778
11750.0	8900.0	25.664007
11800.0	8900.0	25.529696
11850.0	8900.0	25.425087
11900.0	8900.0	25.351728
11950.0	8900.0	25.312033
12000.0	8900.0	25.30892
12050.0	8900.0	25.342144
12100.0	8900.0	25.405405
12150.0	8900.0	25.487719
12200.0	8900.0	25.583706
12250.0	8900.0	25.687965
12300.0	8900.0	25.801508
12350.0	8900.0	25.913185
12400.0	8900.0	26.020809
12450.0	8900.0	26.120836
12500.0	8900.0	26.210388
12550.0	8900.0	26.277334
12600.0	8900.0	26.303564
12650.0	8900.0	26.280506
12700.0	8900.0	26.197962
12750.0	8900.0	26.057999
12800.0	8900.0	25.860893
12850.0	8900.0	25.605688
12900.0	8900.0	25.293993
12950.0	8900.0	24.924458
13000.0	8900.0	24.497501
13050.0	8900.0	24.014631
13100.0	8900.0	23.485392
13150.0	8900.0	22.909821
13200.0	8900.0	22.286425
13250.0	8900.0	21.605736
13300.0	8900.0	20.87871
13350.0	8900.0	20.121422
13400.0	8900.0	19.359976
13450.0	8900.0	18.606977
13500.0	8900.0	17.883602
13550.0	8900.0	17.183702
13600.0	8900.0	16.505762
13650.0	8900.0	15.834939
13700.0	8900.0	15.166704
13750.0	8900.0	14.502706
13800.0	8900.0	13.851187
13850.0	8900.0	13.216814
13900.0	8900.0	12.61167
13950.0	8900.0	12.037243
14000.0	8900.0	11.498523
14050.0	8900.0	10.98594
14100.0	8900.0	10.507977
14150.0	8900.0	10.049589
14200.0	8900.0	9.623572
14250.0	8900.0	9.218529
14300.0	8900.0	8.834767
14350.0	8900.0	8.466199
14400.0	8900.0	8.120701
14450.0	8900.0	7.803545
14500.0	8900.0	7.522968
14550.0	8900.0	7.280427
14600.0	8900.0	7.074733
14650.0	8900.0	6.899292
14700.0	8900.0	6.744977
14750.0	8900.0	6.604736
14800.0	8900.0	6.486237
14850.0	8900.0	6.386968
14900.0	8900.0	6.31219
14950.0	8900.0	6.257678
15000.0	8900.0	6.220849
15050.0	8900.0	6.185143
15100.0	8900.0	6.140758
15150.0	8900.0	6.079512
15200.0	8900.0	6.00786
15250.0	8900.0	5.919579
15300.0	8900.0	5.812554
15350.0	8900.0	5.683972
15400.0	8900.0	5.529491
15450.0	8900.0	5.350885
15500.0	8900.0	5.148605
15550.0	8900.0	4.926886
15600.0	8900.0	4.692421
15650.0	8900.0	4.449063
15700.0	8900.0	4.203362
15750.0	8900.0	3.948404
15800.0	8900.0	3.678811
15850.0	8900.0	3.382623
15900.0	8900.0	3.063851
15950.0	8900.0	2.729287
16000.0	8900.0	2.393801
16050.0	8900.0	2.065795
16100.0	8900.0	1.738525
16150.0	8900.0	1.405206
16200.0	8900.0	1.073734
16250.0	8900.0	0.757435
16300.0	8900.0	0.451537
16350.0	8900.0	0.165617
16400.0	8900.0	-0.10218
16450.0	8900.0	-0.348796
16500.0	8900.0	-0.582749
16550.0	8900.0	-0.792106
16600.0	8900.0	-0.983008
16650.0	8900.0	-1.159234
16700.0	8900.0	-1.315886
16750.0	8900.0	-1.454834
16800.0	8900.0	-1.595141
16850.0	8900.0	-1.737408
16900.0	8900.0	-1.881628
16950.0	8900.0	-2.025305
17000.0	8900.0	-2.163149
17050.0	8900.0	-2.284952
17100.0	8900.0	-2.394643
17150.0	8900.0	-2.504565
17200.0	8900.0	-2.618134
17250.0	8900.0	-2.730175
17300.0	8900.0	-2.830701
17350.0	8900.0	-2.917028
17400.0	8900.0	-2.975449
17450.0	8900.0	-3.005424
17500.0	8900.0	-3.020663
17550.0	8900.0	-3.043006
17600.0	8900.0	-3.078692
17650.0	8900.0	-3.120017
17700.0	8900.0	-3.169645
17750.0	8900.0	-3.227894
17800.0	8900.0	-3.304861
17850.0	8900.0	-3.395613
17900.0	8900.0	-3.486174
17950.0	8900.0	-3.566323
18000.0	8900.0	-3.634154
18050.0	8900.0	-3.6989
18100.0	8900.0	-3.767862
18150.0	8900.0	-3.839255
18200.0	8900.0	-3.908038
18250.0	8900.0	-3.969608
18300.0	8900.0	-4.02393
10250.0	8950.0	25.575867
10300.0	8950.0	25.645336
10350.0	8950.0	25.710346
10400.0	8950.0	25.762592
10450.0	8950.0	25.800289
10500.0	8950.0	25.823441
10550.0	8950.0	25.844204
10600.0	8950.0	25.867737
10650.0	8950.0	25.89093
10700.0	8950.0	25.904396
10750.0	8950.0	25.913885
10800.0	8950.0	25.916792
10850.0	8950.0	25.924284
10900.0	8950.0	25.931936
10950.0	8950.0	25.944019
11000.0	8950.0	25.963808
11050.0	8950.0	25.995699
11100.0	8950.0	26.03894
11150.0	8950.0	26.086849
11200.0	8950.0	26.136723
11250.0	8950.0	26.188837
11300.0	8950.0	26.233677
11350.0	8950.0	26.265062
11400.0	8950.0	26.273178
11450.0	8950.0	26.251675
11500.0	8950.0	26.205166
11550.0	8950.0	26.12476
11600.0	8950.0	26.013153
11650.0	8950.0	25.878534
11700.0	8950.0	25.740686
11750.0	8950.0	25.615845
11800.0	8950.0	25.510088
11850.0	8950.0	25.43811
11900.0	8950.0	25.40818
11950.0	8950.0	25.423254
12000.0	8950.0	25.485954
12050.0	8950.0	25.594137
12100.0	8950.0	25.735228
12150.0	8950.0	25.909576
12200.0	8950.0	26.101295
12250.0	8950.0	26.297539
12300.0	8950.0	26.501278
12350.0	8950.0	26.697842
12400.0	8950.0	26.884031
12450.0	8950.0	27.0553
12500.0	8950.0	27.200716
12550.0	8950.0	27.308903
12600.0	8950.0	27.361317
12650.0	8950.0	27.341858
12700.0	8950.0	27.240622
12750.0	8950.0	27.047422
12800.0	8950.0	26.772488
12850.0	8950.0	26.413437
12900.0	8950.0	25.984453
12950.0	8950.0	25.484793
13000.0	8950.0	24.924198
13050.0	8950.0	24.311852
13100.0	8950.0	23.647699
13150.0	8950.0	22.938377
13200.0	8950.0	22.18449
13250.0	8950.0	21.383377
13300.0	8950.0	20.545925
13350.0	8950.0	19.67886
13400.0	8950.0	18.814137
13450.0	8950.0	17.96944
13500.0	8950.0	17.162243
13550.0	8950.0	16.396622
13600.0	8950.0	15.657823
13650.0	8950.0	14.926847
13700.0	8950.0	14.198114
13750.0	8950.0	13.47825
13800.0	8950.0	12.773542
13850.0	8950.0	12.099901
13900.0	8950.0	11.458149
13950.0	8950.0	10.852133
14000.0	8950.0	10.274675
14050.0	8950.0	9.732362
14100.0	8950.0	9.223926
14150.0	8950.0	8.755388
14200.0	8950.0	8.322723
14250.0	8950.0	7.923945
14300.0	8950.0	7.552445
14350.0	8950.0	7.201545
14400.0	8950.0	6.872841
14450.0	8950.0	6.57379
14500.0	8950.0	6.312452
14550.0	8950.0	6.096905
14600.0	8950.0	5.928043
14650.0	8950.0	5.797478
14700.0	8950.0	5.698137
14750.0	8950.0	5.624173
14800.0	8950.0	5.56704
14850.0	8950.0	5.537497
14900.0	8950.0	5.53067
14950.0	8950.0	5.558289
15000.0	8950.0	5.607022
15050.0	8950.0	5.657632
15100.0	8950.0	5.695868
15150.0	8950.0	5.715755
15200.0	8950.0	5.715253
15250.0	8950.0	5.69148
15300.0	8950.0	5.645045
15350.0	8950.0	5.57203
15400.0	8950.0	5.472421
15450.0	8950.0	5.341627
15500.0	8950.0	5.18123
15550.0	8950.0	4.996957
15600.0	8950.0	4.794709
15650.0	8950.0	4.583489
15700.0	8950.0	4.365663
15750.0	8950.0	4.136648
15800.0	8950.0	3.888833
15850.0	8950.0	3.616522
15900.0	8950.0	3.319584
15950.0	8950.0	3.000646
16000.0	8950.0	2.672466
16050.0	8950.0	2.340693
16100.0	8950.0	2.000552
16150.0	8950.0	1.656181
16200.0	8950.0	1.304135
16250.0	8950.0	0.953561
16300.0	8950.0	0.612267
16350.0	8950.0	0.284211
16400.0	8950.0	-0.022233
16450.0	8950.0	-0.314827
16500.0	8950.0	-0.578846
16550.0	8950.0	-0.806687
16600.0	8950.0	-1.008818
16650.0	8950.0	-1.193508
16700.0	8950.0	-1.354866
16750.0	8950.0	-1.501185
16800.0	8950.0	-1.639969
16850.0	8950.0	-1.784879
16900.0	8950.0	-1.938635
16950.0	8950.0	-2.101022
17000.0	8950.0	-2.257917
17050.0	8950.0	-2.409052
17100.0	8950.0	-2.552046
17150.0	8950.0	-2.676662
17200.0	8950.0	-2.802604
17250.0	8950.0	-2.923413
17300.0	8950.0	-3.027432
17350.0	8950.0	-3.114578
17400.0	8950.0	-3.180926
17450.0	8950.0	-3.211722
17500.0	8950.0	-3.227666
17550.0	8950.0	-3.237038
17600.0	8950.0	-3.256275
17650.0	8950.0	-3.28883
17700.0	8950.0	-3.327939
17750.0	8950.0	-3.381763
17800.0	8950.0	-3.45506
17850.0	8950.0	-3.547235
17900.0	8950.0	-3.648111
17950.0	8950.0	-3.732033
18000.0	8950.0	-3.803936
18050.0	8950.0	-3.870624
18100.0	8950.0	-3.93518
18150.0	8950.0	-3.988729
18200.0	8950.0	-4.038243
18250.0	8950.0	-4.081632
18300.0	8950.0	-4.113892
10250.0	9000.0	25.566452
10300.0	9000.0	25.63973
10350.0	9000.0	25.709566
10400.0	9000.0	25.764408
10450.0	9000.0	25.798927
10500.0	9000.0	25.81871
10550.0	9000.0	25.837772
10600.0	9000.0	25.857388
10650.0	9000.0	25.875629
10700.0	9000.0	25.889996
10750.0	9000.0	25.902246
10800.0	9000.0	25.917995
10850.0	9000.0	25.947941
10900.0	9000.0	25.977989
10950.0	9000.0	26.00584
11000.0	9000.0	26.027653
11050.0	9000.0	26.047426
11100.0	9000.0	26.07851
11150.0	9000.0	26.112707
11200.0	9000.0	26.144974
11250.0	9000.0	26.172592
11300.0	9000.0	26.19936
11350.0	9000.0	26.210171
11400.0	9000.0	26.209879
11450.0	9000.0	26.17742
11500.0	9000.0	26.114702
11550.0	9000.0	26.027712
11600.0	9000.0	25.915964
11650.0	9000.0	25.785717
11700.0	9000.0	25.662371
11750.0	9000.0	25.566799
11800.0	9000.0	25.505692
11850.0	9000.0	25.482143
11900.0	9000.0	25.507824
11950.0	9000.0	25.588184
12000.0	9000.0	25.724514
12050.0	9000.0	25.907682
12100.0	9000.0	26.136625
12150.0	9000.0	26.400024
12200.0	9000.0	26.687658
12250.0	9000.0	26.981592
12300.0	9000.0	27.27681
12350.0	9000.0	27.558788
12400.0	9000.0	27.821922
12450.0	9000.0	28.057432
12500.0	9000.0	28.253523
12550.0	9000.0	28.397488
12600.0	9000.0	28.465933
12650.0	9000.0	28.442692
12700.0	9000.0	28.313896
12750.0	9000.0	28.076406
12800.0	9000.0	27.727543
12850.0	9000.0	27.27585
12900.0	9000.0	26.729752
12950.0	9000.0	26.101809
13000.0	9000.0	25.4072
13050.0	9000.0	24.652073
13100.0	9000.0	23.843954
13150.0	9000.0	22.988445
13200.0	9000.0	22.098011
13250.0	9000.0	21.175241
13300.0	9000.0	20.224365
13350.0	9000.0	19.258356
13400.0	9000.0	18.295994
13450.0	9000.0	17.359968
13500.0	9000.0	16.461569
13550.0	9000.0	15.607672
13600.0	9000.0	14.783435
13650.0	9000.0	13.976685
13700.0	9000.0	13.18123
13750.0	9000.0	12.398064
13800.0	9000.0	11.64082
13850.0	9000.0	10.910638
13900.0	9000.0	10.224304
13950.0	9000.0	9.573421
14000.0	9000.0	8.960676
14050.0	9000.0	8.384184
14100.0	9000.0	7.853568
14150.0	9000.0	7.372332
14200.0	9000.0	6.935847
14250.0	9000.0	6.541106
14300.0	9000.0	6.181605
14350.0	9000.0	5.854937
14400.0	9000.0	5.555822
14450.0	9000.0	5.287706
14500.0	9000.0	5.061951
14550.0	9000.0	4.88176
14600.0	9000.0	4.753887
14650.0	9000.0	4.666115
14700.0	9000.0	4.620341
14750.0	9000.0	4.603956
14800.0	9000.0	4.61724
14850.0	9000.0	4.654562
14900.0	9000.0	4.726148
14950.0	9000.0	4.831957
15000.0	9000.0	4.958973
15050.0	9000.0	5.09284
15100.0	9000.0	5.214647
15150.0	9000.0	5.313221
15200.0	9000.0	5.379599
15250.0	9000.0	5.418622
15300.0	9000.0	5.437273
15350.0	9000.0	5.428312
15400.0	9000.0	5.391302
15450.0	9000.0	5.316834
15500.0	9000.0	5.210384
15550.0	9000.0	5.074766
15600.0	9000.0	4.918189
15650.0	9000.0	4.74783
15700.0	9000.0	4.562497
15750.0	9000.0	4.361026
15800.0	9000.0	4.139235
15850.0	9000.0	3.893982
15900.0	9000.0	3.62308
15950.0	9000.0	3.322595
16000.0	9000.0	2.999567
16050.0	9000.0	2.655821
16100.0	9000.0	2.298712
16150.0	9000.0	1.932341
16200.0	9000.0	1.558073
16250.0	9000.0	1.175767
16300.0	9000.0	0.795164
16350.0	9000.0	0.425272
16400.0	9000.0	0.073208
16450.0	9000.0	-0.258528
16500.0	9000.0	-0.556141
16550.0	9000.0	-0.810016
16600.0	9000.0	-1.030286
16650.0	9000.0	-1.220324
16700.0	9000.0	-1.39174
16750.0	9000.0	-1.548093
16800.0	9000.0	-1.695997
16850.0	9000.0	-1.843763
16900.0	9000.0	-2.004429
16950.0	9000.0	-2.172681
17000.0	9000.0	-2.348014
17050.0	9000.0	-2.529101
17100.0	9000.0	-2.703623
17150.0	9000.0	-2.857678
17200.0	9000.0	-2.995113
17250.0	9000.0	-3.117209
17300.0	9000.0	-3.223078
17350.0	9000.0	-3.315542
17400.0	9000.0	-3.381939
17450.0	9000.0	-3.421367
17500.0	9000.0	-3.439909
17550.0	9000.0	-3.444315
17600.0	9000.0	-3.454186
17650.0	9000.0	-3.476891
17700.0	9000.0	-3.51118
17750.0	9000.0	-3.560053
17800.0	9000.0	-3.63102
17850.0	9000.0	-3.720912
17900.0	9000.0	-3.817465
17950.0	9000.0	-3.907192
18000.0	9000.0	-3.983802
18050.0	9000.0	-4.052262
18100.0	9000.0	-4.104851
18150.0	9000.0	-4.141008
18200.0	9000.0	-4.166604
18250.0	9000.0	-4.186329
18300.0	9000.0	-4.200552
10250.0	9050.0	25.56926
10300.0	9050.0	25.636192
10350.0	9050.0	25.704319
10400.0	9050.0	25.757647
10450.0	9050.0	25.792545
10500.0	9050.0	25.815195
10550.0	9050.0	25.83576
10600.0	9050.0	25.848351
10650.0	9050.0	25.856552
10700.0	9050.0	25.87174
10750.0	9050.0	25.892292
10800.0	9050.0	25.923388
10850.0	9050.0	25.962124
10900.0	9050.0	26.010202
10950.0	9050.0	26.055733
11000.0	9050.0	26.082829
11050.0	9050.0	26.097269
11100.0	9050.0	26.114613
11150.0	9050.0	26.133093
11200.0	9050.0	26.143042
11250.0	9050.0	26.151278
11300.0	9050.0	26.148912
11350.0	9050.0	26.145926
11400.0	9050.0	26.124407
11450.0	9050.0	26.077341
11500.0	9050.0	25.998247
11550.0	9050.0	25.903374
11600.0	9050.0	25.792637
11650.0	9050.0	25.67882
11700.0	9050.0	25.582378
11750.0	9050.0	25.528942
11800.0	9050.0	25.519567
11850.0	9050.0	25.556793
11900.0	9050.0	25.65143
11950.0	9050.0	25.804907
12000.0	9050.0	26.013088
12050.0	9050.0	26.280632
12100.0	9050.0	26.597502
12150.0	9050.0	26.958517
12200.0	9050.0	27.342337
12250.0	9050.0	27.733723
12300.0	9050.0	28.113056
12350.0	9050.0	28.477545
12400.0	9050.0	28.814043
12450.0	9050.0	29.109287
12500.0	9050.0	29.350843
12550.0	9050.0	29.520094
12600.0	9050.0	29.593031
12650.0	9050.0	29.555923
12700.0	9050.0	29.397594
12750.0	9050.0	29.112494
12800.0	9050.0	28.698769
12850.0	9050.0	28.16275
12900.0	9050.0	27.517637
12950.0	9050.0	26.774677
13000.0	9050.0	25.951168
13050.0	9050.0	25.057734
13100.0	9050.0	24.102369
13150.0	9050.0	23.099373
13200.0	9050.0	22.064417
13250.0	9050.0	21.016064
13300.0	9050.0	19.953514
13350.0	9050.0	18.888935
13400.0	9050.0	17.835306
13450.0	9050.0	16.80752
13500.0	9050.0	15.813858
13550.0	9050.0	14.851077
13600.0	9050.0	13.92227
13650.0	9050.0	13.026196
13700.0	9050.0	12.155811
13750.0	9050.0	11.308369
13800.0	9050.0	10.490448
13850.0	9050.0	9.707383
13900.0	9050.0	8.96254
13950.0	9050.0	8.260487
14000.0	9050.0	7.606981
14050.0	9050.0	7.003134
14100.0	9050.0	6.450648
14150.0	9050.0	5.954986
14200.0	9050.0	5.511966
14250.0	9050.0	5.120707
14300.0	9050.0	4.774589
14350.0	9050.0	4.467415
14400.0	9050.0	4.197263
14450.0	9050.0	3.967878
14500.0	9050.0	3.786428
14550.0	9050.0	3.652253
14600.0	9050.0	3.564744
14650.0	9050.0	3.527352
14700.0	9050.0	3.534797
14750.0	9050.0	3.584517
14800.0	9050.0	3.663536
14850.0	9050.0	3.779229
14900.0	9050.0	3.926709
14950.0	9050.0	4.104258
15000.0	9050.0	4.301015
15050.0	9050.0	4.504212
15100.0	9050.0	4.703156
15150.0	9050.0	4.87276
15200.0	9050.0	5.011345
15250.0	9050.0	5.120055
15300.0	9050.0	5.206266
15350.0	9050.0	5.266361
15400.0	9050.0	5.295354
15450.0	9050.0	5.288165
15500.0	9050.0	5.241492
15550.0	9050.0	5.16966
15600.0	9050.0	5.069446
15650.0	9050.0	4.943832
15700.0	9050.0	4.793632
15750.0	9050.0	4.622043
15800.0	9050.0	4.430037
15850.0	9050.0	4.210639
15900.0	9050.0	3.956459
15950.0	9050.0	3.671136
16000.0	9050.0	3.349763
16050.0	9050.0	2.997083
16100.0	9050.0	2.6207
16150.0	9050.0	2.230118
16200.0	9050.0	1.830317
16250.0	9050.0	1.416841
16300.0	9050.0	0.997683
16350.0	9050.0	0.586763
16400.0	9050.0	0.190013
16450.0	9050.0	-0.180079
16500.0	9050.0	-0.512041
16550.0	9050.0	-0.794919
16600.0	9050.0	-1.03687
16650.0	9050.0	-1.241569
16700.0	9050.0	-1.425869
16750.0	9050.0	-1.599749
16800.0	9050.0	-1.758549
16850.0	9050.0	-1.916671
16900.0	9050.0	-2.080431
16950.0	9050.0	-2.25473
17000.0	9050.0	-2.446585
17050.0	9050.0	-2.654148
17100.0	9050.0	-2.857541
17150.0	9050.0	-3.03895
17200.0	9050.0	-3.187908
17250.0	9050.0	-3.315062
17300.0	9050.0	-3.422625
17350.0	9050.0	-3.512057
17400.0	9050.0	-3.580012
17450.0	9050.0	-3.622584
17500.0	9050.0	-3.649176
17550.0	9050.0	-3.663594
17600.0	9050.0	-3.669544
17650.0	9050.0	-3.688022
17700.0	9050.0	-3.719252
17750.0	9050.0	-3.767708
17800.0	9050.0	-3.836626
17850.0	9050.0	-3.919059
17900.0	9050.0	-4.005789
17950.0	9050.0	-4.092035
18000.0	9050.0	-4.170539
18050.0	9050.0	-4.232238
18100.0	9050.0	-4.26886
18150.0	9050.0	-4.285546
18200.0	9050.0	-4.291587
18250.0	9050.0	-4.292686
18300.0	9050.0	-4.291971
10250.0	9100.0	25.572062
10300.0	9100.0	25.636879
10350.0	9100.0	25.696993
10400.0	9100.0	25.749554
10450.0	9100.0	25.789221
10500.0	9100.0	25.815424
10550.0	9100.0	25.830578
10600.0	9100.0	25.836552
10650.0	9100.0	25.840715
10700.0	9100.0	25.853527
10750.0	9100.0	25.882517
10800.0	9100.0	25.923607
10850.0	9100.0	25.972828
10900.0	9100.0	26.028778
10950.0	9100.0	26.085451
11000.0	9100.0	26.121941
11050.0	9100.0	26.140287
11100.0	9100.0	26.148306
11150.0	9100.0	26.144976
11200.0	9100.0	26.138229
11250.0	9100.0	26.119413
11300.0	9100.0	26.097254
11350.0	9100.0	26.063017
11400.0	9100.0	26.017677
11450.0	9100.0	25.947517
11500.0	9100.0	25.854458
11550.0	9100.0	25.749702
11600.0	9100.0	25.650894
11650.0	9100.0	25.568098
11700.0	9100.0	25.51741
11750.0	9100.0	25.513897
11800.0	9100.0	25.562862
11850.0	9100.0	25.667187
11900.0	9100.0	25.830864
11950.0	9100.0	26.055094
12000.0	9100.0	26.346855
12050.0	9100.0	26.699903
12100.0	9100.0	27.114399
12150.0	9100.0	27.569603
12200.0	9100.0	28.048422
12250.0	9100.0	28.533936
12300.0	9100.0	29.00293
12350.0	9100.0	29.447233
12400.0	9100.0	29.849949
12450.0	9100.0	30.200768
12500.0	9100.0	30.477243
12550.0	9100.0	30.655336
12600.0	9100.0	30.723162
12650.0	9100.0	30.666636
12700.0	9100.0	30.476557
12750.0	9100.0	30.147659
12800.0	9100.0	29.675072
12850.0	9100.0	29.068951
12900.0	9100.0	28.333174
12950.0	9100.0	27.490141
13000.0	9100.0	26.548843
13050.0	9100.0	25.524815
13100.0	9100.0	24.433846
13150.0	9100.0	23.294395
13200.0	9100.0	22.12615
13250.0	9100.0	20.947092
13300.0	9100.0	19.772997
13350.0	9100.0	18.610203
13400.0	9100.0	17.46476
13450.0	9100.0	16.341885
13500.0	9100.0	15.243889
13550.0	9100.0	14.168299
13600.0	9100.0	13.12379
13650.0	9100.0	12.120503
13700.0	9100.0	11.159493
13750.0	9100.0	10.239967
13800.0	9100.0	9.358395
13850.0	9100.0	8.516742
13900.0	9100.0	7.71916
13950.0	9100.0	6.967287
14000.0	9100.0	6.272357
14050.0	9100.0	5.634857
14100.0	9100.0	5.059762
14150.0	9100.0	4.542959
14200.0	9100.0	4.092293
14250.0	9100.0	3.698691
14300.0	9100.0	3.362896
14350.0	9100.0	3.076462
14400.0	9100.0	2.835963
14450.0	9100.0	2.647068
14500.0	9100.0	2.511466
14550.0	9100.0	2.426634
14600.0	9100.0	2.392185
14650.0	9100.0	2.410337
14700.0	9100.0	2.47945
14750.0	9100.0	2.590385
14800.0	9100.0	2.742482
14850.0	9100.0	2.923451
14900.0	9100.0	3.142532
14950.0	9100.0	3.381169
15000.0	9100.0	3.639881
15050.0	9100.0	3.905622
15100.0	9100.0	4.164797
15150.0	9100.0	4.408154
15200.0	9100.0	4.619123
15250.0	9100.0	4.804199
15300.0	9100.0	4.958136
15350.0	9100.0	5.090437
15400.0	9100.0	5.190081
15450.0	9100.0	5.2552
15500.0	9100.0	5.288534
15550.0	9100.0	5.287139
15600.0	9100.0	5.251342
15650.0	9100.0	5.173422
15700.0	9100.0	5.062024
15750.0	9100.0	4.922496
15800.0	9100.0	4.753125
15850.0	9100.0	4.55099
15900.0	9100.0	4.306633
15950.0	9100.0	4.021873
16000.0	9100.0	3.701192
16050.0	9100.0	3.344234
16100.0	9100.0	2.956156
16150.0	9100.0	2.546027
16200.0	9100.0	2.117858
16250.0	9100.0	1.674023
16300.0	9100.0	1.218398
16350.0	9100.0	0.76652
16400.0	9100.0	0.328642
16450.0	9100.0	-0.079359
16500.0	9100.0	-0.440261
16550.0	9100.0	-0.753575
16600.0	9100.0	-1.023724
16650.0	9100.0	-1.260403
16700.0	9100.0	-1.464021
16750.0	9100.0	-1.65079
16800.0	9100.0	-1.828213
16850.0	9100.0	-1.996079
16900.0	9100.0	-2.172412
16950.0	9100.0	-2.359234
17000.0	9100.0	-2.569253
17050.0	9100.0	-2.794255
17100.0	9100.0	-3.017595
17150.0	9100.0	-3.218274
17200.0	9100.0	-3.381413
17250.0	9100.0	-3.513772
17300.0	9100.0	-3.620413
17350.0	9100.0	-3.704353
17400.0	9100.0	-3.769008
17450.0	9100.0	-3.819978
17500.0	9100.0	-3.85522
17550.0	9100.0	-3.883627
17600.0	9100.0	-3.902042
17650.0	9100.0	-3.922747
17700.0	9100.0	-3.954596
17750.0	9100.0	-4.007143
17800.0	9100.0	-4.070385
17850.0	9100.0	-4.142878
17900.0	9100.0	-4.217125
17950.0	9100.0	-4.290864
18000.0	9100.0	-4.354161
18050.0	9100.0	-4.401091
18100.0	9100.0	-4.421031
18150.0	9100.0	-4.423852
18200.0	9100.0	-4.416945
18250.0	9100.0	-4.403697
18300.0	9100.0	-4.39185
10250.0	9150.0	25.567194
10300.0	9150.0	25.63789
10350.0	9150.0	25.69408
10400.0	9150.0	25.747887
10450.0	9150.0	25.792997
10500.0	9150.0	25.815565
10550.0	9150.0	25.823395
10600.0	9150.0	25.82321
10650.0	9150.0	25.825382
10700.0	9150.0	25.83732
10750.0	9150.0	25.868715
10800.0	9150.0	25.916813
10850.0	9150.0	25.976269
10900.0	9150.0	26.039276
10950.0	9150.0	26.098053
11000.0	9150.0	26.142494
11050.0	9150.0	26.168459
11100.0	9150.0	26.168987
11150.0	9150.0	26.155739
11200.0	9150.0	26.127157
11250.0	9150.0	26.086853
11300.0	9150.0	26.034042
11350.0	9150.0	25.966833
11400.0	9150.0	25.881256
11450.0	9150.0	25.789013
11500.0	9150.0	25.687145
11550.0	9150.0	25.581989
11600.0	9150.0	25.504971
11650.0	9150.0	25.46586
11700.0	9150.0	25.471067
11750.0	9150.0	25.524519
11800.0	9150.0	25.635735
11850.0	9150.0	25.806562
11900.0	9150.0	26.037382
11950.0	9150.0	26.34227
12000.0	9150.0	26.718967
12050.0	9150.0	27.165468
12100.0	9150.0	27.665882
12150.0	9150.0	28.213612
12200.0	9150.0	28.786509
12250.0	9150.0	29.366081
12300.0	9150.0	29.924625
12350.0	9150.0	30.445669
12400.0	9150.0	30.914404
12450.0	9150.0	31.304754
12500.0	9150.0	31.603054
12550.0	9150.0	31.781898
12600.0	9150.0	31.835012
12650.0	9150.0	31.758558
12700.0	9150.0	31.537294
12750.0	9150.0	31.166445
12800.0	9150.0	30.647541
12850.0	9150.0	29.979414
12900.0	9150.0	29.16971
12950.0	9150.0	28.232721
13000.0	9150.0	27.188913
13050.0	9150.0	26.04952
13100.0	9150.0	24.842741
13150.0	9150.0	23.58786
13200.0	9150.0	22.300179
13250.0	9150.0	21.005993
13300.0	9150.0	19.718863
13350.0	9150.0	18.458561
13400.0	9150.0	17.214027
13450.0	9150.0	15.99005
13500.0	9150.0	14.782256
13550.0	9150.0	13.592449
13600.0	9150.0	12.432873
13650.0	9150.0	11.314144
13700.0	9150.0	10.252807
13750.0	9150.0	9.247122
13800.0	9150.0	8.292727
13850.0	9150.0	7.390548
13900.0	9150.0	6.536178
13950.0	9150.0	5.742356
14000.0	9150.0	4.999663
14050.0	9150.0	4.322851
14100.0	9150.0	3.712617
14150.0	9150.0	3.178316
14200.0	9150.0	2.714113
14250.0	9150.0	2.31629
14300.0	9150.0	1.983242
14350.0	9150.0	1.716321
14400.0	9150.0	1.512839
14450.0	9150.0	1.367319
14500.0	9150.0	1.274974
14550.0	9150.0	1.239962
14600.0	9150.0	1.261926
14650.0	9150.0	1.342117
14700.0	9150.0	1.468434
14750.0	9150.0	1.640919
14800.0	9150.0	1.852912
14850.0	9150.0	2.100595
14900.0	9150.0	2.37528
14950.0	9150.0	2.671098
15000.0	9150.0	2.978175
15050.0	9150.0	3.295772
15100.0	9150.0	3.614439
15150.0	9150.0	3.923512
15200.0	9150.0	4.2127
15250.0	9150.0	4.471502
15300.0	9150.0	4.701294
15350.0	9150.0	4.902718
15400.0	9150.0	5.077242
15450.0	9150.0	5.228731
15500.0	9150.0	5.350124
15550.0	9150.0	5.43027
15600.0	9150.0	5.460208
15650.0	9150.0	5.434736
15700.0	9150.0	5.362503
15750.0	9150.0	5.245234
15800.0	9150.0	5.091185
15850.0	9150.0	4.899822
15900.0	9150.0	4.658526
15950.0	9150.0	4.375831
16000.0	9150.0	4.049163
16050.0	9150.0	3.686743
16100.0	9150.0	3.289839
16150.0	9150.0	2.863839
16200.0	9150.0	2.412828
16250.0	9150.0	1.934627
16300.0	9150.0	1.450313
16350.0	9150.0	0.966913
16400.0	9150.0	0.495953
16450.0	9150.0	0.052257
16500.0	9150.0	-0.34124
16550.0	9150.0	-0.690338
16600.0	9150.0	-0.996639
16650.0	9150.0	-1.264781
16700.0	9150.0	-1.497137
16750.0	9150.0	-1.707984
16800.0	9150.0	-1.902313
16850.0	9150.0	-2.095052
16900.0	9150.0	-2.291705
16950.0	9150.0	-2.499144
17000.0	9150.0	-2.719263
17050.0	9150.0	-2.95016
17100.0	9150.0	-3.180048
17150.0	9150.0	-3.396184
17200.0	9150.0	-3.574981
17250.0	9150.0	-3.70892
17300.0	9150.0	-3.815517
17350.0	9150.0	-3.892699
17400.0	9150.0	-3.955197
17450.0	9150.0	-4.014447
17500.0	9150.0	-4.064312
17550.0	9150.0	-4.104033
17600.0	9150.0	-4.141211
17650.0	9150.0	-4.176161
17700.0	9150.0	-4.22242
17750.0	9150.0	-4.275065
17800.0	9150.0	-4.335326
17850.0	9150.0	-4.387599
17900.0	9150.0	-4.442552
17950.0	9150.0	-4.494257
18000.0	9150.0	-4.535666
18050.0	9150.0	-4.559384
18100.0	9150.0	-4.568268
18150.0	9150.0	-4.55992
18200.0	9150.0	-4.540559
18250.0	9150.0	-4.517777
18300.0	9150.0	-4.503337
10250.0	9200.0	25.561789
10300.0	9200.0	25.63195
10350.0	9200.0	25.693851
10400.0	9200.0	25.751886
10450.0	9200.0	25.794701
10500.0	9200.0	25.82144
10550.0	9200.0	25.821377
10600.0	9200.0	25.814741
10650.0	9200.0	25.806656
10700.0	9200.0	25.820494
10750.0	9200.0	25.848869
10800.0	9200.0	25.904654
10850.0	9200.0	25.970755
10900.0	9200.0	26.03731
10950.0	9200.0	26.094465
11000.0	9200.0	26.148594
11050.0	9200.0	26.179541
11100.0	9200.0	26.181608
11150.0	9200.0	26.155533
11200.0	9200.0	26.1112
11250.0	9200.0	26.046135
11300.0	9200.0	25.953522
11350.0	9200.0	25.845226
11400.0	9200.0	25.729586
11450.0	9200.0	25.614481
11500.0	9200.0	25.50745
11550.0	9200.0	25.418016
11600.0	9200.0	25.369528
11650.0	9200.0	25.37993
11700.0	9200.0	25.441437
11750.0	9200.0	25.557154
11800.0	9200.0	25.729832
11850.0	9200.0	25.964163
11900.0	9200.0	26.270941
11950.0	9200.0	26.658731
12000.0	9200.0	27.127205
12050.0	9200.0	27.657963
12100.0	9200.0	28.245882
12150.0	9200.0	28.877327
12200.0	9200.0	29.541739
12250.0	9200.0	30.206156
12300.0	9200.0	30.848562
12350.0	9200.0	31.445887
12400.0	9200.0	31.967535
12450.0	9200.0	32.391788
12500.0	9200.0	32.696449
12550.0	9200.0	32.874012
12600.0	9200.0	32.915344
12650.0	9200.0	32.813568
12700.0	9200.0	32.56152
12750.0	9200.0	32.155643
12800.0	9200.0	31.592859
12850.0	9200.0	30.872869
12900.0	9200.0	30.001287
12950.0	9200.0	28.99143
13000.0	9200.0	27.858658
13050.0	9200.0	26.633503
13100.0	9200.0	25.336748
13150.0	9200.0	23.986008
13200.0	9200.0	22.598635
13250.0	9200.0	21.199335
13300.0	9200.0	19.815825
13350.0	9200.0	18.448812
13400.0	9200.0	17.101717
13450.0	9200.0	15.768823
13500.0	9200.0	14.455764
13550.0	9200.0	13.163952
13600.0	9200.0	11.897387
13650.0	9200.0	10.673736
13700.0	9200.0	9.506925
13750.0	9200.0	8.40827
13800.0	9200.0	7.372494
13850.0	9200.0	6.40338
13900.0	9200.0	5.494068
13950.0	9200.0	4.641496
14000.0	9200.0	3.851146
14050.0	9200.0	3.127243
14100.0	9200.0	2.482211
14150.0	9200.0	1.916502
14200.0	9200.0	1.431725
14250.0	9200.0	1.024115
14300.0	9200.0	0.695557
14350.0	9200.0	0.445785
14400.0	9200.0	0.269663
14450.0	9200.0	0.160744
14500.0	9200.0	0.112166
14550.0	9200.0	0.124431
14600.0	9200.0	0.198694
14650.0	9200.0	0.330793
14700.0	9200.0	0.513523
14750.0	9200.0	0.742021
14800.0	9200.0	1.011634
14850.0	9200.0	1.314301
14900.0	9200.0	1.638241
14950.0	9200.0	1.975541
15000.0	9200.0	2.324961
15050.0	9200.0	2.685477
15100.0	9200.0	3.054736
15150.0	9200.0	3.426864
15200.0	9200.0	3.78741
15250.0	9200.0	4.12593
15300.0	9200.0	4.435589
15350.0	9200.0	4.717015
15400.0	9200.0	4.975298
15450.0	9200.0	5.213995
15500.0	9200.0	5.426539
15550.0	9200.0	5.586576
15600.0	9200.0	5.680163
15650.0	9200.0	5.707672
15700.0	9200.0	5.672396
15750.0	9200.0	5.579914
15800.0	9200.0	5.435486
15850.0	9200.0	5.243905
15900.0	9200.0	5.016436
15950.0	9200.0	4.73868
16000.0	9200.0	4.407532
16050.0	9200.0	4.02731
16100.0	9200.0	3.616624
16150.0	9200.0	3.175988
16200.0	9200.0	2.698312
16250.0	9200.0	2.195155
16300.0	9200.0	1.688657
16350.0	9200.0	1.185608
16400.0	9200.0	0.687178
16450.0	9200.0	0.220272
16500.0	9200.0	-0.213736
16550.0	9200.0	-0.608143
16600.0	9200.0	-0.958288
16650.0	9200.0	-1.260034
16700.0	9200.0	-1.527816
16750.0	9200.0	-1.766527
16800.0	9200.0	-1.996138
16850.0	9200.0	-2.22427
16900.0	9200.0	-2.444363
16950.0	9200.0	-2.667063
17000.0	9200.0	-2.894949
17050.0	9200.0	-3.12664
17100.0	9200.0	-3.351495
17150.0	9200.0	-3.570027
17200.0	9200.0	-3.75668
17250.0	9200.0	-3.898427
17300.0	9200.0	-4.002416
17350.0	9200.0	-4.083824
17400.0	9200.0	-4.152125
17450.0	9200.0	-4.215178
17500.0	9200.0	-4.275826
17550.0	9200.0	-4.331597
17600.0	9200.0	-4.385739
17650.0	9200.0	-4.446966
17700.0	9200.0	-4.508937
17750.0	9200.0	-4.568849
17800.0	9200.0	-4.613787
17850.0	9200.0	-4.649266
17900.0	9200.0	-4.679528
17950.0	9200.0	-4.698427
18000.0	9200.0	-4.714086
18050.0	9200.0	-4.720029
18100.0	9200.0	-4.711917
18150.0	9200.0	-4.693833
18200.0	9200.0	-4.664411
18250.0	9200.0	-4.636454
18300.0	9200.0	-4.624692
10250.0	9250.0	25.559353
10300.0	9250.0	25.626156
10350.0	9250.0	25.692917
10400.0	9250.0	25.750397
10450.0	9250.0	25.797176
10500.0	9250.0	25.821075
10550.0	9250.0	25.823463
10600.0	9250.0	25.810349
10650.0	9250.0	25.804428
10700.0	9250.0	25.803047
10750.0	9250.0	25.829271
10800.0	9250.0	25.881414
10850.0	9250.0	25.949415
10900.0	9250.0	26.014456
10950.0	9250.0	26.080208
11000.0	9250.0	26.140686
11050.0	9250.0	26.179703
11100.0	9250.0	26.180012
11150.0	9250.0	26.150517
11200.0	9250.0	26.082794
11250.0	9250.0	25.979649
11300.0	9250.0	25.851587
11350.0	9250.0	25.711145
11400.0	9250.0	25.567678
11450.0	9250.0	25.437975
11500.0	9250.0	25.332449
11550.0	9250.0	25.268379
11600.0	9250.0	25.258543
11650.0	9250.0	25.314466
11700.0	9250.0	25.434362
11750.0	9250.0	25.603254
11800.0	9250.0	25.833258
11850.0	9250.0	26.137449
11900.0	9250.0	26.524719
11950.0	9250.0	26.993006
12000.0	9250.0	27.545345
12050.0	9250.0	28.167721
12100.0	9250.0	28.840147
12150.0	9250.0	29.555105
12200.0	9250.0	30.292953
12250.0	9250.0	31.03532
12300.0	9250.0	31.750988
12350.0	9250.0	32.407944
12400.0	9250.0	32.976086
12450.0	9250.0	33.425003
12500.0	9250.0	33.73827
12550.0	9250.0	33.909599
12600.0	9250.0	33.939083
12650.0	9250.0	33.81319
12700.0	9250.0	33.536221
12750.0	9250.0	33.101398
12800.0	9250.0	32.5009
12850.0	9250.0	31.734346
12900.0	9250.0	30.813219
12950.0	9250.0	29.74671
13000.0	9250.0	28.557816
13050.0	9250.0	27.269531
13100.0	9250.0	25.904022
13150.0	9250.0	24.480453
13200.0	9250.0	23.018627
13250.0	9250.0	21.538723
13300.0	9250.0	20.059797
13350.0	9250.0	18.59481
13400.0	9250.0	17.146852
13450.0	9250.0	15.716511
13500.0	9250.0	14.30359
13550.0	9250.0	12.914808
13600.0	9250.0	11.561106
13650.0	9250.0	10.24736
13700.0	9250.0	8.987274
13750.0	9250.0	7.793636
13800.0	9250.0	6.674511
13850.0	9250.0	5.628842
13900.0	9250.0	4.648745
13950.0	9250.0	3.73311
14000.0	9250.0	2.884237
14050.0	9250.0	2.112078
14100.0	9250.0	1.420307
14150.0	9250.0	0.814772
14200.0	9250.0	0.298206
14250.0	9250.0	-0.124311
14300.0	9250.0	-0.45256
14350.0	9250.0	-0.694857
14400.0	9250.0	-0.851035
14450.0	9250.0	-0.932002
14500.0	9250.0	-0.943456
14550.0	9250.0	-0.889095
14600.0	9250.0	-0.77354
14650.0	9250.0	-0.599436
14700.0	9250.0	-0.370415
14750.0	9250.0	-0.090994
14800.0	9250.0	0.228504
14850.0	9250.0	0.573896
14900.0	9250.0	0.934004
14950.0	9250.0	1.304116
15000.0	9250.0	1.691992
15050.0	9250.0	2.090763
15100.0	9250.0	2.508265
15150.0	9250.0	2.929779
15200.0	9250.0	3.357191
15250.0	9250.0	3.772242
15300.0	9250.0	4.166939
15350.0	9250.0	4.538257
15400.0	9250.0	4.888638
15450.0	9250.0	5.214148
15500.0	9250.0	5.501303
15550.0	9250.0	5.729428
15600.0	9250.0	5.888476
15650.0	9250.0	5.969502
15700.0	9250.0	5.975534
15750.0	9250.0	5.908875
15800.0	9250.0	5.78114
15850.0	9250.0	5.600852
15900.0	9250.0	5.376073
15950.0	9250.0	5.099813
16000.0	9250.0	4.764026
16050.0	9250.0	4.373551
16100.0	9250.0	3.940451
16150.0	9250.0	3.471337
16200.0	9250.0	2.972848
16250.0	9250.0	2.460238
16300.0	9250.0	1.939424
16350.0	9250.0	1.413346
16400.0	9250.0	0.894861
16450.0	9250.0	0.399815
16500.0	9250.0	-0.067513
16550.0	9250.0	-0.509656
16600.0	9250.0	-0.904641
16650.0	9250.0	-1.252524
16700.0	9250.0	-1.562432
16750.0	9250.0	-1.846524
16800.0	9250.0	-2.118933
16850.0	9250.0	-2.379761
16900.0	9250.0	-2.627814
16950.0	9250.0	-2.858505
17000.0	9250.0	-3.08972
17050.0	9250.0	-3.316302
17100.0	9250.0	-3.537599
17150.0	9250.0	-3.740691
17200.0	9250.0	-3.926977
17250.0	9250.0	-4.075118
17300.0	9250.0	-4.188986
17350.0	9250.0	-4.280696
17400.0	9250.0	-4.360191
17450.0	9250.0	-4.432439
17500.0	9250.0	-4.502112
17550.0	9250.0	-4.569184
17600.0	9250.0	-4.64602
17650.0	9250.0	-4.725257
17700.0	9250.0	-4.802402
17750.0	9250.0	-4.863404
17800.0	9250.0	-4.903167
17850.0	9250.0	-4.920041
17900.0	9250.0	-4.914972
17950.0	9250.0	-4.909791
18000.0	9250.0	-4.900496
18050.0	9250.0	-4.88282
18100.0	9250.0	-4.857013
18150.0	9250.0	-4.825727
18200.0	9250.0	-4.788924
18250.0	9250.0	-4.764583
18300.0	9250.0	-4.752224
10250.0	9300.0	25.565006
10300.0	9300.0	25.623846
10350.0	9300.0	25.686527
10400.0	9300.0	25.743898
10450.0	9300.0	25.78854
10500.0	9300.0	25.816336
10550.0	9300.0	25.824656
10600.0	9300.0	25.817596
10650.0	9300.0	25.806473
10700.0	9300.0	25.797382
10750.0	9300.0	25.813211
10800.0	9300.0	25.851833
10850.0	9300.0	25.908539
10900.0	9300.0	25.979256
10950.0	9300.0	26.048828
11000.0	9300.0	26.115232
11050.0	9300.0	26.163067
11100.0	9300.0	26.171083
11150.0	9300.0	26.127581
11200.0	9300.0	26.031982
11250.0	9300.0	25.892609
11300.0	9300.0	25.733484
11350.0	9300.0	25.567991
11400.0	9300.0	25.411045
11450.0	9300.0	25.27404
11500.0	9300.0	25.17977
11550.0	9300.0	25.14176
11600.0	9300.0	25.172913
11650.0	9300.0	25.271221
11700.0	9300.0	25.437189
11750.0	9300.0	25.658035
11800.0	9300.0	25.949696
11850.0	9300.0	26.328316
11900.0	9300.0	26.790325
11950.0	9300.0	27.337196
12000.0	9300.0	27.964428
12050.0	9300.0	28.66828
12100.0	9300.0	29.427698
12150.0	9300.0	30.216291
12200.0	9300.0	31.021872
12250.0	9300.0	31.82365
12300.0	9300.0	32.601051
12350.0	9300.0	33.309662
12400.0	9300.0	33.913124
12450.0	9300.0	34.383656
12500.0	9300.0	34.701351
12550.0	9300.0	34.874477
12600.0	9300.0	34.893211
12650.0	9300.0	34.751602
12700.0	9300.0	34.453255
12750.0	9300.0	33.990017
12800.0	9300.0	33.359158
12850.0	9300.0	32.562332
12900.0	9300.0	31.603033
12950.0	9300.0	30.502398
13000.0	9300.0	29.272602
13050.0	9300.0	27.944929
13100.0	9300.0	26.536913
13150.0	9300.0	25.065489
13200.0	9300.0	23.551661
13250.0	9300.0	22.010538
13300.0	9300.0	20.459324
13350.0	9300.0	18.913649
13400.0	9300.0	17.382038
13450.0	9300.0	15.864079
13500.0	9300.0	14.359221
13550.0	9300.0	12.889574
13600.0	9300.0	11.457737
13650.0	9300.0	10.068368
13700.0	9300.0	8.731944
13750.0	9300.0	7.457908
13800.0	9300.0	6.255413
13850.0	9300.0	5.120903
13900.0	9300.0	4.057741
13950.0	9300.0	3.067175
14000.0	9300.0	2.152723
14050.0	9300.0	1.317882
14100.0	9300.0	0.565631
14150.0	9300.0	-0.089551
14200.0	9300.0	-0.644849
14250.0	9300.0	-1.090487
14300.0	9300.0	-1.432468
14350.0	9300.0	-1.671854
14400.0	9300.0	-1.814232
14450.0	9300.0	-1.868688
14500.0	9300.0	-1.849989
14550.0	9300.0	-1.764183
14600.0	9300.0	-1.619355
14650.0	9300.0	-1.416466
14700.0	9300.0	-1.156139
14750.0	9300.0	-0.84483
14800.0	9300.0	-0.494973
14850.0	9300.0	-0.120458
14900.0	9300.0	0.265272
14950.0	9300.0	0.668008
15000.0	9300.0	1.085778
15050.0	9300.0	1.530138
15100.0	9300.0	1.983434
15150.0	9300.0	2.45501
15200.0	9300.0	2.932131
15250.0	9300.0	3.420316
15300.0	9300.0	3.898855
15350.0	9300.0	4.36076
15400.0	9300.0	4.796932
15450.0	9300.0	5.200226
15500.0	9300.0	5.553949
15550.0	9300.0	5.848653
15600.0	9300.0	6.066594
15650.0	9300.0	6.207681
15700.0	9300.0	6.25857
15750.0	9300.0	6.228617
15800.0	9300.0	6.123319
15850.0	9300.0	5.955554
15900.0	9300.0	5.730928
15950.0	9300.0	5.449945
16000.0	9300.0	5.109253
16050.0	9300.0	4.710794
16100.0	9300.0	4.262479
16150.0	9300.0	3.769242
16200.0	9300.0	3.251408
16250.0	9300.0	2.728075
16300.0	9300.0	2.191297
16350.0	9300.0	1.644082
16400.0	9300.0	1.103427
16450.0	9300.0	0.582132
16500.0	9300.0	0.077828
16550.0	9300.0	-0.409247
16600.0	9300.0	-0.854932
16650.0	9300.0	-1.253528
16700.0	9300.0	-1.618386
16750.0	9300.0	-1.953667
16800.0	9300.0	-2.268009
16850.0	9300.0	-2.562137
16900.0	9300.0	-2.823107
16950.0	9300.0	-3.067711
17000.0	9300.0	-3.298922
17050.0	9300.0	-3.520217
17100.0	9300.0	-3.727382
17150.0	9300.0	-3.917502
17200.0	9300.0	-4.090825
17250.0	9300.0	-4.246014
17300.0	9300.0	-4.377749
17350.0	9300.0	-4.487122
17400.0	9300.0	-4.581832
17450.0	9300.0	-4.666268
17500.0	9300.0	-4.743028
17550.0	9300.0	-4.83102
17600.0	9300.0	-4.920719
17650.0	9300.0	-5.010084
17700.0	9300.0	-5.091559
17750.0	9300.0	-5.150246
17800.0	9300.0	-5.18153
17850.0	9300.0	-5.185318
17900.0	9300.0	-5.161817
17950.0	9300.0	-5.12847
18000.0	9300.0	-5.091827
18050.0	9300.0	-5.048682
18100.0	9300.0	-5.005069
18150.0	9300.0	-4.960034
18200.0	9300.0	-4.925743
18250.0	9300.0	-4.902949
18300.0	9300.0	-4.879002
10250.0	9350.0	25.576523
10300.0	9350.0	25.624159
10350.0	9350.0	25.68148
10400.0	9350.0	25.732079
10450.0	9350.0	25.77314
10500.0	9350.0	25.803484
10550.0	9350.0	25.821228
10600.0	9350.0	25.825415
10650.0	9350.0	25.814342
10700.0	9350.0	25.800947
10750.0	9350.0	25.800329
10800.0	9350.0	25.819063
10850.0	9350.0	25.863005
10900.0	9350.0	25.931549
10950.0	9350.0	26.007351
11000.0	9350.0	26.075462
11050.0	9350.0	26.12253
11100.0	9350.0	26.130993
11150.0	9350.0	26.075609
11200.0	9350.0	25.956236
11250.0	9350.0	25.793442
11300.0	9350.0	25.615915
11350.0	9350.0	25.435074
11400.0	9350.0	25.272261
11450.0	9350.0	25.136967
11500.0	9350.0	25.052574
11550.0	9350.0	25.042183
11600.0	9350.0	25.103132
11650.0	9350.0	25.241785
11700.0	9350.0	25.44927
11750.0	9350.0	25.726749
11800.0	9350.0	26.083807
11850.0	9350.0	26.53043
11900.0	9350.0	27.063675
11950.0	9350.0	27.680309
12000.0	9350.0	28.375706
12050.0	9350.0	29.145851
12100.0	9350.0	29.973005
12150.0	9350.0	30.827713
12200.0	9350.0	31.697037
12250.0	9350.0	32.554729
12300.0	9350.0	33.371716
12350.0	9350.0	34.116936
12400.0	9350.0	34.75082
12450.0	9350.0	35.242546
12500.0	9350.0	35.580086
12550.0	9350.0	35.752895
12600.0	9350.0	35.76503
12650.0	9350.0	35.616158
12700.0	9350.0	35.299068
12750.0	9350.0	34.81591
12800.0	9350.0	34.163948
12850.0	9350.0	33.347366
12900.0	9350.0	32.371239
12950.0	9350.0	31.248297
13000.0	9350.0	30.004402
13050.0	9350.0	28.65975
13100.0	9350.0	27.231987
13150.0	9350.0	25.737263
13200.0	9350.0	24.195772
13250.0	9350.0	22.615919
13300.0	9350.0	21.017164
13350.0	9350.0	19.411829
13400.0	9350.0	17.817234
13450.0	9350.0	16.233791
13500.0	9350.0	14.664509
13550.0	9350.0	13.122886
13600.0	9350.0	11.623675
13650.0	9350.0	10.173765
13700.0	9350.0	8.770289
13750.0	9350.0	7.425169
13800.0	9350.0	6.141089
13850.0	9350.0	4.919017
13900.0	9350.0	3.766769
13950.0	9350.0	2.68601
14000.0	9350.0	1.686551
14050.0	9350.0	0.77225
14100.0	9350.0	-0.047642
14150.0	9350.0	-0.767033
14200.0	9350.0	-1.36741
14250.0	9350.0	-1.847468
14300.0	9350.0	-2.206685
14350.0	9350.0	-2.446974
14400.0	9350.0	-2.575105
14450.0	9350.0	-2.607522
14500.0	9350.0	-2.56572
14550.0	9350.0	-2.461765
14600.0	9350.0	-2.303428
14650.0	9350.0	-2.088368
14700.0	9350.0	-1.821145
14750.0	9350.0	-1.50521
14800.0	9350.0	-1.150388
14850.0	9350.0	-0.766327
14900.0	9350.0	-0.356547
14950.0	9350.0	0.072619
15000.0	9350.0	0.525112
15050.0	9350.0	0.994567
15100.0	9350.0	1.485198
15150.0	9350.0	1.991423
15200.0	9350.0	2.522992
15250.0	9350.0	3.067068
15300.0	9350.0	3.619617
15350.0	9350.0	4.162626
15400.0	9350.0	4.680069
15450.0	9350.0	5.155971
15500.0	9350.0	5.573875
15550.0	9350.0	5.92587
15600.0	9350.0	6.206567
15650.0	9350.0	6.404013
15700.0	9350.0	6.505838
15750.0	9350.0	6.519549
15800.0	9350.0	6.448946
15850.0	9350.0	6.299014
15900.0	9350.0	6.079174
15950.0	9350.0	5.789938
16000.0	9350.0	5.444393
16050.0	9350.0	5.042043
16100.0	9350.0	4.581281
16150.0	9350.0	4.073151
16200.0	9350.0	3.540288
16250.0	9350.0	2.999242
16300.0	9350.0	2.440353
16350.0	9350.0	1.867303
16400.0	9350.0	1.301999
16450.0	9350.0	0.744993
16500.0	9350.0	0.196962
16550.0	9350.0	-0.326078
16600.0	9350.0	-0.820832
16650.0	9350.0	-1.282575
16700.0	9350.0	-1.705986
16750.0	9350.0	-2.095579
16800.0	9350.0	-2.446828
16850.0	9350.0	-2.752334
16900.0	9350.0	-3.028841
16950.0	9350.0	-3.285894
17000.0	9350.0	-3.514207
17050.0	9350.0	-3.726206
17100.0	9350.0	-3.926331
17150.0	9350.0	-4.102584
17200.0	9350.0	-4.26516
17250.0	9350.0	-4.424479
17300.0	9350.0	-4.572425
17350.0	9350.0	-4.697184
17400.0	9350.0	-4.810105
17450.0	9350.0	-4.914317
17500.0	9350.0	-5.014871
17550.0	9350.0	-5.110057
17600.0	9350.0	-5.207293
17650.0	9350.0	-5.29441
17700.0	9350.0	-5.372819
17750.0	9350.0	-5.427202
17800.0	9350.0	-5.446047
17850.0	9350.0	-5.438066
17900.0	9350.0	-5.402816
17950.0	9350.0	-5.350936
18000.0	9350.0	-5.289562
18050.0	9350.0	-5.226033
18100.0	9350.0	-5.164042
18150.0	9350.0	-5.107996
18200.0	9350.0	-5.067227
18250.0	9350.0	-5.043747
18300.0	9350.0	-5.010812
10250.0	9400.0	25.589281
10300.0	9400.0	25.62776
10350.0	9400.0	25.673311
10400.0	9400.0	25.721292
10450.0	9400.0	25.758844
10500.0	9400.0	25.791338
10550.0	9400.0	25.813641
10600.0	9400.0	25.822388
10650.0	9400.0	25.814381
10700.0	9400.0	25.802355
10750.0	9400.0	25.788261
10800.0	9400.0	25.792763
10850.0	9400.0	25.828123
10900.0	9400.0	25.886118
10950.0	9400.0	25.954111
11000.0	9400.0	26.013355
11050.0	9400.0	26.051638
11100.0	9400.0	26.046488
11150.0	9400.0	25.983326
11200.0	9400.0	25.862785
11250.0	9400.0	25.7017
11300.0	9400.0	25.512762
11350.0	9400.0	25.326277
11400.0	9400.0	25.154331
11450.0	9400.0	25.02647
11500.0	9400.0	24.957399
11550.0	9400.0	24.965061
11600.0	9400.0	25.054903
11650.0	9400.0	25.226862
11700.0	9400.0	25.472862
11750.0	9400.0	25.807735
11800.0	9400.0	26.228701
11850.0	9400.0	26.73822
11900.0	9400.0	27.335028
11950.0	9400.0	28.012913
12000.0	9400.0	28.763617
12050.0	9400.0	29.584383
12100.0	9400.0	30.459686
12150.0	9400.0	31.369461
12200.0	9400.0	32.287148
12250.0	9400.0	33.190018
12300.0	9400.0	34.044285
12350.0	9400.0	34.809361
12400.0	9400.0	35.461834
12450.0	9400.0	35.976284
12500.0	9400.0	36.334244
12550.0	9400.0	36.523785
12600.0	9400.0	36.542408
12650.0	9400.0	36.393478
12700.0	9400.0	36.074017
12750.0	9400.0	35.579021
12800.0	9400.0	34.917473
12850.0	9400.0	34.089828
12900.0	9400.0	33.110229
12950.0	9400.0	31.992741
13000.0	9400.0	30.75725
13050.0	9400.0	29.420332
13100.0	9400.0	27.999273
13150.0	9400.0	26.509029
13200.0	9400.0	24.96279
13250.0	9400.0	23.370579
13300.0	9400.0	21.748083
13350.0	9400.0	20.107536
13400.0	9400.0	18.468273
13450.0	9400.0	16.836287
13500.0	9400.0	15.223993
13550.0	9400.0	13.636817
13600.0	9400.0	12.086095
13650.0	9400.0	10.579129
13700.0	9400.0	9.123048
13750.0	9400.0	7.713827
13800.0	9400.0	6.361684
13850.0	9400.0	5.061442
13900.0	9400.0	3.81909
13950.0	9400.0	2.64165
14000.0	9400.0	1.545465
14050.0	9400.0	0.538771
14100.0	9400.0	-0.370652
14150.0	9400.0	-1.168247
14200.0	9400.0	-1.836431
14250.0	9400.0	-2.362207
14300.0	9400.0	-2.740776
14350.0	9400.0	-2.978971
14400.0	9400.0	-3.09176
14450.0	9400.0	-3.110759
14500.0	9400.0	-3.054124
14550.0	9400.0	-2.945438
14600.0	9400.0	-2.785348
14650.0	9400.0	-2.583133
14700.0	9400.0	-2.334622
14750.0	9400.0	-2.043677
14800.0	9400.0	-1.709635
14850.0	9400.0	-1.330775
14900.0	9400.0	-0.916536
14950.0	9400.0	-0.467614
15000.0	9400.0	0.000717
15050.0	9400.0	0.488848
15100.0	9400.0	0.998746
15150.0	9400.0	1.541015
15200.0	9400.0	2.11416
15250.0	9400.0	2.70946
15300.0	9400.0	3.320244
15350.0	9400.0	3.927827
15400.0	9400.0	4.516501
15450.0	9400.0	5.06092
15500.0	9400.0	5.544536
15550.0	9400.0	5.955795
15600.0	9400.0	6.291634
15650.0	9400.0	6.5396
15700.0	9400.0	6.698219
15750.0	9400.0	6.761579
15800.0	9400.0	6.731558
15850.0	9400.0	6.609364
15900.0	9400.0	6.401321
15950.0	9400.0	6.117768
16000.0	9400.0	5.765778
16050.0	9400.0	5.355991
16100.0	9400.0	4.886992
16150.0	9400.0	4.370941
16200.0	9400.0	3.822492
16250.0	9400.0	3.25654
16300.0	9400.0	2.670284
16350.0	9400.0	2.073545
16400.0	9400.0	1.472767
16450.0	9400.0	0.875818
16500.0	9400.0	0.282896
16550.0	9400.0	-0.285081
16600.0	9400.0	-0.829955
16650.0	9400.0	-1.349367
16700.0	9400.0	-1.830591
16750.0	9400.0	-2.263427
16800.0	9400.0	-2.640432
16850.0	9400.0	-2.964205
16900.0	9400.0	-3.24993
16950.0	9400.0	-3.508107
17000.0	9400.0	-3.734986
17050.0	9400.0	-3.935584
17100.0	9400.0	-4.118999
17150.0	9400.0	-4.292424
17200.0	9400.0	-4.458185
17250.0	9400.0	-4.624019
17300.0	9400.0	-4.780087
17350.0	9400.0	-4.922965
17400.0	9400.0	-5.048812
17450.0	9400.0	-5.171933
17500.0	9400.0	-5.292736
17550.0	9400.0	-5.403994
17600.0	9400.0	-5.499998
17650.0	9400.0	-5.581709
17700.0	9400.0	-5.646486
17750.0	9400.0	-5.687468
17800.0	9400.0	-5.696899
17850.0	9400.0	-5.676723
17900.0	9400.0	-5.634483
17950.0	9400.0	-5.569623
18000.0	9400.0	-5.492808
18050.0	9400.0	-5.412816
18100.0	9400.0	-5.335583
18150.0	9400.0	-5.273126
18200.0	9400.0	-5.226981
18250.0	9400.0	-5.183516
18300.0	9400.0	-5.143851
10250.0	9450.0	25.5956
10300.0	9450.0	25.631748
10350.0	9450.0	25.669395
10400.0	9450.0	25.713087
10450.0	9450.0	25.752708
10500.0	9450.0	25.782885
10550.0	9450.0	25.800119
10600.0	9450.0	25.808622
10650.0	9450.0	25.801258
10700.0	9450.0	25.788406
10750.0	9450.0	25.777954
10800.0	9450.0	25.781122
10850.0	9450.0	25.800907
10900.0	9450.0	25.839783
10950.0	9450.0	25.889347
11000.0	9450.0	25.930374
11050.0	9450.0	25.948336
11100.0	9450.0	25.928806
11150.0	9450.0	25.862411
11200.0	9450.0	25.754669
11250.0	9450.0	25.608767
11300.0	9450.0	25.431763
11350.0	9450.0	25.241858
11400.0	9450.0	25.071836
11450.0	9450.0	24.948313
11500.0	9450.0	24.892731
11550.0	9450.0	24.913233
11600.0	9450.0	25.024622
11650.0	9450.0	25.223793
11700.0	9450.0	25.51659
11750.0	9450.0	25.901676
11800.0	9450.0	26.378485
11850.0	9450.0	26.942633
11900.0	9450.0	27.593336
11950.0	9450.0	28.320301
12000.0	9450.0	29.114742
12050.0	9450.0	29.968885
12100.0	9450.0	30.877256
12150.0	9450.0	31.819513
12200.0	9450.0	32.770454
12250.0	9450.0	33.702477
12300.0	9450.0	34.578133
12350.0	9450.0	35.361568
12400.0	9450.0	36.028625
12450.0	9450.0	36.566135
12500.0	9450.0	36.947884
12550.0	9450.0	37.162838
12600.0	9450.0	37.206081
12650.0	9450.0	37.079754
12700.0	9450.0	36.769558
12750.0	9450.0	36.280304
12800.0	9450.0	35.620541
12850.0	9450.0	34.799259
12900.0	9450.0	33.836849
12950.0	9450.0	32.74379
13000.0	9450.0	31.544638
13050.0	9450.0	30.247301
13100.0	9450.0	28.860718
13150.0	9450.0	27.399778
13200.0	9450.0	25.871784
13250.0	9450.0	24.29105
13300.0	9450.0	22.663435
13350.0	9450.0	21.014391
13400.0	9450.0	19.348558
13450.0	9450.0	17.691511
13500.0	9450.0	16.054159
13550.0	9450.0	14.439397
13600.0	9450.0	12.851533
13650.0	9450.0	11.304344
13700.0	9450.0	9.80195
13750.0	9450.0	8.343065
13800.0	9450.0	6.93013
13850.0	9450.0	5.559784
13900.0	9450.0	4.234187
13950.0	9450.0	2.965818
14000.0	9450.0	1.768188
14050.0	9450.0	0.653967
14100.0	9450.0	-0.360814
14150.0	9450.0	-1.254767
14200.0	9450.0	-2.000222
14250.0	9450.0	-2.57541
14300.0	9450.0	-2.976922
14350.0	9450.0	-3.21252
14400.0	9450.0	-3.318063
14450.0	9450.0	-3.329373
14500.0	9450.0	-3.276515
14550.0	9450.0	-3.177201
14600.0	9450.0	-3.039261
14650.0	9450.0	-2.873793
14700.0	9450.0	-2.671396
14750.0	9450.0	-2.427302
14800.0	9450.0	-2.131096
14850.0	9450.0	-1.781462
14900.0	9450.0	-1.381307
14950.0	9450.0	-0.940778
15000.0	9450.0	-0.473416
15050.0	9450.0	0.013557
15100.0	9450.0	0.532957
15150.0	9450.0	1.093337
15200.0	9450.0	1.693594
15250.0	9450.0	2.326682
15300.0	9450.0	2.982076
15350.0	9450.0	3.643053
15400.0	9450.0	4.288419
15450.0	9450.0	4.895555
15500.0	9450.0	5.445513
15550.0	9450.0	5.918808
15600.0	9450.0	6.307672
15650.0	9450.0	6.608275
15700.0	9450.0	6.819354
15750.0	9450.0	6.938136
15800.0	9450.0	6.952494
15850.0	9450.0	6.864912
15900.0	9450.0	6.680498
15950.0	9450.0	6.4098
16000.0	9450.0	6.059007
16050.0	9450.0	5.63946
16100.0	9450.0	5.162578
16150.0	9450.0	4.637512
16200.0	9450.0	4.079553
16250.0	9450.0	3.483735
16300.0	9450.0	2.869978
16350.0	9450.0	2.24034
16400.0	9450.0	1.605998
16450.0	9450.0	0.960165
16500.0	9450.0	0.317796
16550.0	9450.0	-0.303777
16600.0	9450.0	-0.901733
16650.0	9450.0	-1.464963
16700.0	9450.0	-1.989412
16750.0	9450.0	-2.454504
16800.0	9450.0	-2.853774
16850.0	9450.0	-3.192061
16900.0	9450.0	-3.484179
16950.0	9450.0	-3.736449
17000.0	9450.0	-3.959202
17050.0	9450.0	-4.147055
17100.0	9450.0	-4.319304
17150.0	9450.0	-4.491957
17200.0	9450.0	-4.666468
17250.0	9450.0	-4.843426
17300.0	9450.0	-5.009505
17350.0	9450.0	-5.16228
17400.0	9450.0	-5.304178
17450.0	9450.0	-5.439766
17500.0	9450.0	-5.571896
17550.0	9450.0	-5.692252
17600.0	9450.0	-5.790243
17650.0	9450.0	-5.864727
17700.0	9450.0	-5.909956
17750.0	9450.0	-5.935564
17800.0	9450.0	-5.935186
17850.0	9450.0	-5.903451
17900.0	9450.0	-5.853848
17950.0	9450.0	-5.786807
18000.0	9450.0	-5.700916
18050.0	9450.0	-5.609462
18100.0	9450.0	-5.52315
18150.0	9450.0	-5.450341
18200.0	9450.0	-5.391687
18250.0	9450.0	-5.335662
18300.0	9450.0	-5.278854
10250.0	9500.0	25.592424
10300.0	9500.0	25.632732
10350.0	9500.0	25.67149
10400.0	9500.0	25.712572
10450.0	9500.0	25.750366
10500.0	9500.0	25.774958
10550.0	9500.0	25.788164
10600.0	9500.0	25.786913
10650.0	9500.0	25.777317
10700.0	9500.0	25.769665
10750.0	9500.0	25.764643
10800.0	9500.0	25.763836
10850.0	9500.0	25.772646
10900.0	9500.0	25.789114
10950.0	9500.0	25.810089
11000.0	9500.0	25.831486
11050.0	9500.0	25.82773
11100.0	9500.0	25.790812
11150.0	9500.0	25.730246
11200.0	9500.0	25.641449
11250.0	9500.0	25.517056
11300.0	9500.0	25.357548
11350.0	9500.0	25.180805
11400.0	9500.0	25.019562
11450.0	9500.0	24.907951
11500.0	9500.0	24.857653
11550.0	9500.0	24.894333
11600.0	9500.0	25.018074
11650.0	9500.0	25.241726
11700.0	9500.0	25.572229
11750.0	9500.0	26.00502
11800.0	9500.0	26.528477
11850.0	9500.0	27.136755
11900.0	9500.0	27.828831
11950.0	9500.0	28.590252
12000.0	9500.0	29.408453
12050.0	9500.0	30.283426
12100.0	9500.0	31.210373
12150.0	9500.0	32.167664
12200.0	9500.0	33.125851
12250.0	9500.0	34.067978
12300.0	9500.0	34.953163
12350.0	9500.0	35.748798
12400.0	9500.0	36.43483
12450.0	9500.0	36.995724
12500.0	9500.0	37.406742
12550.0	9500.0	37.655083
12600.0	9500.0	37.73827
12650.0	9500.0	37.647617
12700.0	9500.0	37.37603
12750.0	9500.0	36.92054
12800.0	9500.0	36.28598
12850.0	9500.0	35.495178
12900.0	9500.0	34.569618
12950.0	9500.0	33.529289
13000.0	9500.0	32.391209
13050.0	9500.0	31.161968
13100.0	9500.0	29.83919
13150.0	9500.0	28.430971
13200.0	9500.0	26.945963
13250.0	9500.0	25.389977
13300.0	9500.0	23.783463
13350.0	9500.0	22.140665
13400.0	9500.0	20.480244
13450.0	9500.0	18.815691
13500.0	9500.0	17.169109
13550.0	9500.0	15.536976
13600.0	9500.0	13.928831
13650.0	9500.0	12.357709
13700.0	9500.0	10.822144
13750.0	9500.0	9.323899
13800.0	9500.0	7.856923
13850.0	9500.0	6.425578
13900.0	9500.0	5.033207
13950.0	9500.0	3.687153
14000.0	9500.0	2.392637
14050.0	9500.0	1.165174
14100.0	9500.0	0.031787
14150.0	9500.0	-0.970946
14200.0	9500.0	-1.795591
14250.0	9500.0	-2.414614
14300.0	9500.0	-2.83005
14350.0	9500.0	-3.072564
14400.0	9500.0	-3.186857
14450.0	9500.0	-3.215538
14500.0	9500.0	-3.19113
14550.0	9500.0	-3.125764
14600.0	9500.0	-3.041965
14650.0	9500.0	-2.9397
14700.0	9500.0	-2.808022
14750.0	9500.0	-2.6287
14800.0	9500.0	-2.387872
14850.0	9500.0	-2.087191
14900.0	9500.0	-1.73042
14950.0	9500.0	-1.327678
15000.0	9500.0	-0.888103
15050.0	9500.0	-0.416008
15100.0	9500.0	0.092619
15150.0	9500.0	0.647519
15200.0	9500.0	1.251649
15250.0	9500.0	1.899576
15300.0	9500.0	2.583776
15350.0	9500.0	3.282087
15400.0	9500.0	3.976196
15450.0	9500.0	4.645232
15500.0	9500.0	5.25581
15550.0	9500.0	5.79518
15600.0	9500.0	6.240604
15650.0	9500.0	6.596286
15700.0	9500.0	6.864708
15750.0	9500.0	7.032254
15800.0	9500.0	7.091046
15850.0	9500.0	7.044228
15900.0	9500.0	6.892438
15950.0	9500.0	6.643851
16000.0	9500.0	6.302419
16050.0	9500.0	5.878732
16100.0	9500.0	5.388933
16150.0	9500.0	4.856908
16200.0	9500.0	4.280269
16250.0	9500.0	3.662708
16300.0	9500.0	3.015653
16350.0	9500.0	2.352841
16400.0	9500.0	1.673836
16450.0	9500.0	0.981341
16500.0	9500.0	0.284821
16550.0	9500.0	-0.394879
16600.0	9500.0	-1.038953
16650.0	9500.0	-1.642426
16700.0	9500.0	-2.188926
16750.0	9500.0	-2.669336
16800.0	9500.0	-3.081687
16850.0	9500.0	-3.431358
16900.0	9500.0	-3.727259
16950.0	9500.0	-3.974801
17000.0	9500.0	-4.185321
17050.0	9500.0	-4.369892
17100.0	9500.0	-4.535496
17150.0	9500.0	-4.710871
17200.0	9500.0	-4.895797
17250.0	9500.0	-5.080289
17300.0	9500.0	-5.254181
17350.0	9500.0	-5.419496
17400.0	9500.0	-5.570547
17450.0	9500.0	-5.714329
17500.0	9500.0	-5.84956
17550.0	9500.0	-5.968781
17600.0	9500.0	-6.065976
17650.0	9500.0	-6.129599
17700.0	9500.0	-6.160007
17750.0	9500.0	-6.167128
17800.0	9500.0	-6.16006
17850.0	9500.0	-6.128623
17900.0	9500.0	-6.076781
17950.0	9500.0	-6.005922
18000.0	9500.0	-5.912966
18050.0	9500.0	-5.809814
18100.0	9500.0	-5.715777
18150.0	9500.0	-5.635059
18200.0	9500.0	-5.56522
18250.0	9500.0	-5.496406
18300.0	9500.0	-5.423941
10250.0	9550.0	25.584585
10300.0	9550.0	25.627689
10350.0	9550.0	25.672421
10400.0	9550.0	25.714472
10450.0	9550.0	25.752043
10500.0	9550.0	25.770157
10550.0	9550.0	25.776566
10600.0	9550.0	25.766649
10650.0	9550.0	25.756294
10700.0	9550.0	25.748911
10750.0	9550.0	25.741648
10800.0	9550.0	25.73287
10850.0	9550.0	25.725519
10900.0	9550.0	25.718681
10950.0	9550.0	25.72296
11000.0	9550.0	25.723986
11050.0	9550.0	25.702301
11100.0	9550.0	25.658581
11150.0	9550.0	25.601681
11200.0	9550.0	25.527018
11250.0	9550.0	25.420305
11300.0	9550.0	25.287554
11350.0	9550.0	25.135597
11400.0	9550.0	24.997194
11450.0	9550.0	24.896513
11500.0	9550.0	24.859621
11550.0	9550.0	24.902239
11600.0	9550.0	25.045715
11650.0	9550.0	25.290581
11700.0	9550.0	25.643812
11750.0	9550.0	26.10746
11800.0	9550.0	26.670097
11850.0	9550.0	27.310427
11900.0	9550.0	28.026094
11950.0	9550.0	28.807108
12000.0	9550.0	29.635162
12050.0	9550.0	30.517975
12100.0	9550.0	31.444178
12150.0	9550.0	32.393185
12200.0	9550.0	33.343803
12250.0	9550.0	34.269485
12300.0	9550.0	35.153847
12350.0	9550.0	35.961983
12400.0	9550.0	36.668083
12450.0	9550.0	37.253731
12500.0	9550.0	37.703491
12550.0	9550.0	37.997356
12600.0	9550.0	38.12925
12650.0	9550.0	38.095036
12700.0	9550.0	37.884361
12750.0	9550.0	37.491112
12800.0	9550.0	36.919186
12850.0	9550.0	36.194534
12900.0	9550.0	35.338894
12950.0	9550.0	34.379486
13000.0	9550.0	33.324623
13050.0	9550.0	32.18195
13100.0	9550.0	30.946976
13150.0	9550.0	29.619663
13200.0	9550.0	28.197334
13250.0	9550.0	26.688698
13300.0	9550.0	25.116859
13350.0	9550.0	23.509825
13400.0	9550.0	21.877062
13450.0	9550.0	20.23123
13500.0	9550.0	18.581963
13550.0	9550.0	16.944221
13600.0	9550.0	15.328796
13650.0	9550.0	13.751471
13700.0	9550.0	12.196491
13750.0	9550.0	10.664973
13800.0	9550.0	9.149315
13850.0	9550.0	7.669462
13900.0	9550.0	6.225393
13950.0	9550.0	4.814128
14000.0	9550.0	3.439673
14050.0	9550.0	2.117996
14100.0	9550.0	0.874103
14150.0	9550.0	-0.243226
14200.0	9550.0	-1.16387
14250.0	9550.0	-1.791786
14300.0	9550.0	-2.209513
14350.0	9550.0	-2.476777
14400.0	9550.0	-2.635568
14450.0	9550.0	-2.716355
14500.0	9550.0	-2.749839
14550.0	9550.0	-2.761669
14600.0	9550.0	-2.763692
14650.0	9550.0	-2.753502
14700.0	9550.0	-2.712828
14750.0	9550.0	-2.61658
14800.0	9550.0	-2.458169
14850.0	9550.0	-2.228917
14900.0	9550.0	-1.942287
14950.0	9550.0	-1.601555
15000.0	9550.0	-1.215562
15050.0	9550.0	-0.785289
15100.0	9550.0	-0.31394
15150.0	9550.0	0.208575
15200.0	9550.0	0.789251
15250.0	9550.0	1.427624
15300.0	9550.0	2.112826
15350.0	9550.0	2.833433
15400.0	9550.0	3.567261
15450.0	9550.0	4.285951
15500.0	9550.0	4.962379
15550.0	9550.0	5.563161
15600.0	9550.0	6.072985
15650.0	9550.0	6.489782
15700.0	9550.0	6.807038
15750.0	9550.0	7.021927
15800.0	9550.0	7.129556
15850.0	9550.0	7.12922
15900.0	9550.0	7.022239
15950.0	9550.0	6.796297
16000.0	9550.0	6.465061
16050.0	9550.0	6.043104
16100.0	9550.0	5.54871
16150.0	9550.0	4.998677
16200.0	9550.0	4.407728
16250.0	9550.0	3.767239
16300.0	9550.0	3.086972
16350.0	9550.0	2.380852
16400.0	9550.0	1.65214
16450.0	9550.0	0.905565
16500.0	9550.0	0.164024
16550.0	9550.0	-0.557876
16600.0	9550.0	-1.244017
16650.0	9550.0	-1.87628
16700.0	9550.0	-2.434095
16750.0	9550.0	-2.920673
16800.0	9550.0	-3.333353
16850.0	9550.0	-3.677533
16900.0	9550.0	-3.969671
16950.0	9550.0	-4.214777
17000.0	9550.0	-4.422355
17050.0	9550.0	-4.606507
17100.0	9550.0	-4.784233
17150.0	9550.0	-4.959329
17200.0	9550.0	-5.145523
17250.0	9550.0	-5.334472
17300.0	9550.0	-5.516955
17350.0	9550.0	-5.685615
17400.0	9550.0	-5.844316
17450.0	9550.0	-5.989274
17500.0	9550.0	-6.117111
17550.0	9550.0	-6.227046
17600.0	9550.0	-6.314166
17650.0	9550.0	-6.367651
17700.0	9550.0	-6.390522
17750.0	9550.0	-6.393975
17800.0	9550.0	-6.37926
17850.0	9550.0	-6.35234
17900.0	9550.0	-6.305076
17950.0	9550.0	-6.228923
18000.0	9550.0	-6.126146
18050.0	9550.0	-6.01619
18100.0	9550.0	-5.912911
18150.0	9550.0	-5.821301
18200.0	9550.0	-5.741276
18250.0	9550.0	-5.665604
18300.0	9550.0	-5.586527
10250.0	9600.0	25.575891
10300.0	9600.0	25.61729
10350.0	9600.0	25.6663
10400.0	9600.0	25.712803
10450.0	9600.0	25.74892
10500.0	9600.0	25.774511
10550.0	9600.0	25.771948
10600.0	9600.0	25.754684
10650.0	9600.0	25.739176
10700.0	9600.0	25.72611
10750.0	9600.0	25.704514
10800.0	9600.0	25.681002
10850.0	9600.0	25.656933
10900.0	9600.0	25.635065
10950.0	9600.0	25.623301
11000.0	9600.0	25.611881
11050.0	9600.0	25.583025
11100.0	9600.0	25.536972
11150.0	9600.0	25.484175
11200.0	9600.0	25.418978
11250.0	9600.0	25.3295
11300.0	9600.0	25.219587
11350.0	9600.0	25.101618
11400.0	9600.0	24.995655
11450.0	9600.0	24.917646
11500.0	9600.0	24.891754
11550.0	9600.0	24.945862
11600.0	9600.0	25.103022
11650.0	9600.0	25.363607
11700.0	9600.0	25.732841
11750.0	9600.0	26.215189
11800.0	9600.0	26.795975
11850.0	9600.0	27.451864
11900.0	9600.0	28.173666
11950.0	9600.0	28.954639
12000.0	9600.0	29.781319
12050.0	9600.0	30.651834
12100.0	9600.0	31.562788
12150.0	9600.0	32.489071
12200.0	9600.0	33.407295
12250.0	9600.0	34.311375
12300.0	9600.0	35.182793
12350.0	9600.0	35.998566
12400.0	9600.0	36.72514
12450.0	9600.0	37.343765
12500.0	9600.0	37.836662
12550.0	9600.0	38.191357
12600.0	9600.0	38.390331
12650.0	9600.0	38.429379
12700.0	9600.0	38.299736
12750.0	9600.0	37.993107
12800.0	9600.0	37.519203
12850.0	9600.0	36.895039
12900.0	9600.0	36.146919
12950.0	9600.0	35.29221
13000.0	9600.0	34.347332
13050.0	9600.0	33.313694
13100.0	9600.0	32.184002
13150.0	9600.0	30.958353
13200.0	9600.0	29.624302
13250.0	9600.0	28.191099
13300.0	9600.0	26.68461
13350.0	9600.0	25.136023
13400.0	9600.0	23.554449
13450.0	9600.0	21.944511
13500.0	9600.0	20.316471
13550.0	9600.0	18.689478
13600.0	9600.0	17.082361
13650.0	9600.0	15.496187
13700.0	9600.0	13.929971
13750.0	9600.0	12.370137
13800.0	9600.0	10.82467
13850.0	9600.0	9.30583
13900.0	9600.0	7.817224
13950.0	9600.0	6.357003
14000.0	9600.0	4.926296
14050.0	9600.0	3.547108
14100.0	9600.0	2.238779
14150.0	9600.0	1.031903
14200.0	9600.0	-2.7e-05
14250.0	9600.0	-0.613235
14300.0	9600.0	-1.045205
14350.0	9600.0	-1.367719
14400.0	9600.0	-1.608424
14450.0	9600.0	-1.781987
14500.0	9600.0	-1.920084
14550.0	9600.0	-2.042216
14600.0	9600.0	-2.162633
14650.0	9600.0	-2.272118
14700.0	9600.0	-2.347549
14750.0	9600.0	-2.36822
14800.0	9600.0	-2.317335
14850.0	9600.0	-2.194102
14900.0	9600.0	-2.003358
14950.0	9600.0	-1.750367
15000.0	9600.0	-1.446896
15050.0	9600.0	-1.095721
15100.0	9600.0	-0.695584
15150.0	9600.0	-0.228801
15200.0	9600.0	0.309856
15250.0	9600.0	0.912686
15300.0	9600.0	1.581659
15350.0	9600.0	2.305155
15400.0	9600.0	3.057719
15450.0	9600.0	3.8104
15500.0	9600.0	4.53575
15550.0	9600.0	5.198215
15600.0	9600.0	5.776546
15650.0	9600.0	6.253938
15700.0	9600.0	6.628924
15750.0	9600.0	6.896053
15800.0	9600.0	7.057167
15850.0	9600.0	7.111569
15900.0	9600.0	7.04256
15950.0	9600.0	6.845498
16000.0	9600.0	6.529042
16050.0	9600.0	6.11236
16100.0	9600.0	5.61694
16150.0	9600.0	5.05657
16200.0	9600.0	4.442255
16250.0	9600.0	3.773428
16300.0	9600.0	3.054453
16350.0	9600.0	2.292886
16400.0	9600.0	1.507535
16450.0	9600.0	0.715615
16500.0	9600.0	-0.060151
16550.0	9600.0	-0.808524
16600.0	9600.0	-1.519005
16650.0	9600.0	-2.163363
16700.0	9600.0	-2.727323
16750.0	9600.0	-3.206421
16800.0	9600.0	-3.608851
16850.0	9600.0	-3.940251
16900.0	9600.0	-4.218394
16950.0	9600.0	-4.459876
17000.0	9600.0	-4.669028
17050.0	9600.0	-4.866422
17100.0	9600.0	-5.057
17150.0	9600.0	-5.242667
17200.0	9600.0	-5.425237
17250.0	9600.0	-5.611322
17300.0	9600.0	-5.79021
17350.0	9600.0	-5.959126
17400.0	9600.0	-6.114798
17450.0	9600.0	-6.247944
17500.0	9600.0	-6.362406
17550.0	9600.0	-6.462686
17600.0	9600.0	-6.538138
17650.0	9600.0	-6.581224
17700.0	9600.0	-6.605901
17750.0	9600.0	-6.610042
17800.0	9600.0	-6.601339
17850.0	9600.0	-6.576497
17900.0	9600.0	-6.528245
17950.0	9600.0	-6.451043
18000.0	9600.0	-6.346875
18050.0	9600.0	-6.225062
18100.0	9600.0	-6.113809
18150.0	9600.0	-6.014017
18200.0	9600.0	-5.922844
18250.0	9600.0	-5.838178
18300.0	9600.0	-5.767836
10250.0	9650.0	25.560684
10300.0	9650.0	25.607357
10350.0	9650.0	25.658056
10400.0	9650.0	25.705503
10450.0	9650.0	25.744141
10500.0	9650.0	25.771196
10550.0	9650.0	25.771769
10600.0	9650.0	25.753386
10650.0	9650.0	25.729832
10700.0	9650.0	25.696949
10750.0	9650.0	25.657122
10800.0	9650.0	25.613947
10850.0	9650.0	25.570324
10900.0	9650.0	25.541502
10950.0	9650.0	25.520552
11000.0	9650.0	25.496264
11050.0	9650.0	25.46652
11100.0	9650.0	25.423903
11150.0	9650.0	25.378412
11200.0	9650.0	25.322224
11250.0	9650.0	25.249905
11300.0	9650.0	25.166115
11350.0	9650.0	25.08289
11400.0	9650.0	25.00913
11450.0	9650.0	24.960539
11500.0	9650.0	24.956194
11550.0	9650.0	25.024193
11600.0	9650.0	25.189569
11650.0	9650.0	25.461435
11700.0	9650.0	25.837494
11750.0	9650.0	26.316141
11800.0	9650.0	26.895365
11850.0	9650.0	27.547642
11900.0	9650.0	28.258604
11950.0	9650.0	29.025
12000.0	9650.0	29.834768
12050.0	9650.0	30.681234
12100.0	9650.0	31.552624
12150.0	9650.0	32.439823
12200.0	9650.0	33.322197
12250.0	9650.0	34.193245
12300.0	9650.0	35.046722
12350.0	9650.0	35.862072
12400.0	9650.0	36.609978
12450.0	9650.0	37.266521
12500.0	9650.0	37.811981
12550.0	9650.0	38.233105
12600.0	9650.0	38.521904
12650.0	9650.0	38.656544
12700.0	9650.0	38.627232
12750.0	9650.0	38.428986
12800.0	9650.0	38.077793
12850.0	9650.0	37.590603
12900.0	9650.0	36.97575
12950.0	9650.0	36.257744
13000.0	9650.0	35.441517
13050.0	9650.0	34.539421
13100.0	9650.0	33.541737
13150.0	9650.0	32.433132
13200.0	9650.0	31.219517
13250.0	9650.0	29.902193
13300.0	9650.0	28.503565
13350.0	9650.0	27.040913
13400.0	9650.0	25.52886
13450.0	9650.0	23.973263
13500.0	9650.0	22.388811
13550.0	9650.0	20.793808
13600.0	9650.0	19.197952
13650.0	9650.0	17.61092
13700.0	9650.0	16.026993
13750.0	9650.0	14.452239
13800.0	9650.0	12.887537
13850.0	9650.0	11.34725
13900.0	9650.0	9.828999
13950.0	9650.0	8.337037
14000.0	9650.0	6.881449
14050.0	9650.0	5.482838
14100.0	9650.0	4.166429
14150.0	9650.0	2.966453
14200.0	9650.0	1.957834
14250.0	9650.0	1.225242
14300.0	9650.0	0.692239
14350.0	9650.0	0.272463
14400.0	9650.0	-0.075933
14450.0	9650.0	-0.378908
14500.0	9650.0	-0.659379
14550.0	9650.0	-0.92882
14600.0	9650.0	-1.195051
14650.0	9650.0	-1.450515
14700.0	9650.0	-1.678207
14750.0	9650.0	-1.848486
14800.0	9650.0	-1.948048
14850.0	9650.0	-1.966627
14900.0	9650.0	-1.907991
14950.0	9650.0	-1.787282
15000.0	9650.0	-1.603914
15050.0	9650.0	-1.364359
15100.0	9650.0	-1.059025
15150.0	9650.0	-0.66564
15200.0	9650.0	-0.187754
15250.0	9650.0	0.373122
15300.0	9650.0	1.007948
15350.0	9650.0	1.708548
15400.0	9650.0	2.450087
15450.0	9650.0	3.216865
15500.0	9650.0	3.972763
15550.0	9650.0	4.683232
15600.0	9650.0	5.316378
15650.0	9650.0	5.854558
15700.0	9650.0	6.287592
15750.0	9650.0	6.624961
15800.0	9650.0	6.854888
15850.0	9650.0	6.959619
15900.0	9650.0	6.931923
15950.0	9650.0	6.771914
16000.0	9650.0	6.476312
16050.0	9650.0	6.069331
16100.0	9650.0	5.571804
16150.0	9650.0	4.998051
16200.0	9650.0	4.354636
16250.0	9650.0	3.648778
16300.0	9650.0	2.875721
16350.0	9650.0	2.062363
16400.0	9650.0	1.221585
16450.0	9650.0	0.393213
16500.0	9650.0	-0.400421
16550.0	9650.0	-1.158318
16600.0	9650.0	-1.863455
16650.0	9650.0	-2.502345
16700.0	9650.0	-3.057854
16750.0	9650.0	-3.526527
16800.0	9650.0	-3.914633
16850.0	9650.0	-4.230361
16900.0	9650.0	-4.49386
16950.0	9650.0	-4.723197
17000.0	9650.0	-4.937326
17050.0	9650.0	-5.146793
17100.0	9650.0	-5.352281
17150.0	9650.0	-5.548291
17200.0	9650.0	-5.728289
17250.0	9650.0	-5.901669
17300.0	9650.0	-6.072686
17350.0	9650.0	-6.234414
17400.0	9650.0	-6.371948
17450.0	9650.0	-6.490808
17500.0	9650.0	-6.586982
17550.0	9650.0	-6.671841
17600.0	9650.0	-6.733191
17650.0	9650.0	-6.774673
17700.0	9650.0	-6.805732
17750.0	9650.0	-6.824496
17800.0	9650.0	-6.824165
17850.0	9650.0	-6.795754
17900.0	9650.0	-6.742115
17950.0	9650.0	-6.663696
18000.0	9650.0	-6.564363
18050.0	9650.0	-6.445164
18100.0	9650.0	-6.325773
18150.0	9650.0	-6.214103
18200.0	9650.0	-6.111291
18250.0	9650.0	-6.024426
18300.0	9650.0	-5.956988
10250.0	9700.0	25.547375
10300.0	9700.0	25.59544
10350.0	9700.0	25.642521
10400.0	9700.0	25.688593
10450.0	9700.0	25.732946
10500.0	9700.0	25.763819
10550.0	9700.0	25.772751
10600.0	9700.0	25.758535
10650.0	9700.0	25.720158
10700.0	9700.0	25.66654
10750.0	9700.0	25.602768
10800.0	9700.0	25.535992
10850.0	9700.0	25.482515
10900.0	9700.0	25.447212
10950.0	9700.0	25.414495
11000.0	9700.0	25.382795
11050.0	9700.0	25.351616
11100.0	9700.0	25.314878
11150.0	9700.0	25.274769
11200.0	9700.0	25.237194
11250.0	9700.0	25.186926
11300.0	9700.0	25.133852
11350.0	9700.0	25.082489
11400.0	9700.0	25.043558
11450.0	9700.0	25.026957
11500.0	9700.0	25.04895
11550.0	9700.0	25.132938
11600.0	9700.0	25.302217
11650.0	9700.0	25.574713
11700.0	9700.0	25.94437
11750.0	9700.0	26.404991
11800.0	9700.0	26.957378
11850.0	9700.0	27.589354
11900.0	9700.0	28.277433
11950.0	9700.0	29.012978
12000.0	9700.0	29.785278
12050.0	9700.0	30.585081
12100.0	9700.0	31.410189
12150.0	9700.0	32.248173
12200.0	9700.0	33.086185
12250.0	9700.0	33.923473
12300.0	9700.0	34.75893
12350.0	9700.0	35.566154
12400.0	9700.0	36.331387
12450.0	9700.0	37.023521
12500.0	9700.0	37.624817
12550.0	9700.0	38.122284
12600.0	9700.0	38.506004
12650.0	9700.0	38.753086
12700.0	9700.0	38.850422
12750.0	9700.0	38.790592
12800.0	9700.0	38.587891
12850.0	9700.0	38.254765
12900.0	9700.0	37.803146
12950.0	9700.0	37.240997
13000.0	9700.0	36.584301
13050.0	9700.0	35.840874
13100.0	9700.0	34.994019
13150.0	9700.0	34.040359
13200.0	9700.0	32.982796
13250.0	9700.0	31.82202
13300.0	9700.0	30.565954
13350.0	9700.0	29.225235
13400.0	9700.0	27.808374
13450.0	9700.0	26.328022
13500.0	9700.0	24.801773
13550.0	9700.0	23.248871
13600.0	9700.0	21.683809
13650.0	9700.0	20.106483
13700.0	9700.0	18.52676
13750.0	9700.0	16.944296
13800.0	9700.0	15.374156
13850.0	9700.0	13.819124
13900.0	9700.0	12.289416
13950.0	9700.0	10.789412
14000.0	9700.0	9.339767
14050.0	9700.0	7.958155
14100.0	9700.0	6.669867
14150.0	9700.0	5.503934
14200.0	9700.0	4.497446
14250.0	9700.0	3.671564
14300.0	9700.0	3.004901
14350.0	9700.0	2.45193
14400.0	9700.0	1.961237
14450.0	9700.0	1.503238
14500.0	9700.0	1.057519
14550.0	9700.0	0.614001
14600.0	9700.0	0.173859
14650.0	9700.0	-0.26127
14700.0	9700.0	-0.671535
14750.0	9700.0	-1.037638
14800.0	9700.0	-1.329716
14850.0	9700.0	-1.537675
14900.0	9700.0	-1.667406
14950.0	9700.0	-1.716316
15000.0	9700.0	-1.696191
15050.0	9700.0	-1.59774
15100.0	9700.0	-1.408389
15150.0	9700.0	-1.110919
15200.0	9700.0	-0.699767
15250.0	9700.0	-0.196743
15300.0	9700.0	0.398901
15350.0	9700.0	1.053938
15400.0	9700.0	1.765952
15450.0	9700.0	2.51514
15500.0	9700.0	3.272467
15550.0	9700.0	3.999275
15600.0	9700.0	4.668015
15650.0	9700.0	5.259057
15700.0	9700.0	5.763898
15750.0	9700.0	6.175675
15800.0	9700.0	6.475338
15850.0	9700.0	6.638474
15900.0	9700.0	6.658315
15950.0	9700.0	6.533761
16000.0	9700.0	6.274029
16050.0	9700.0	5.880474
16100.0	9700.0	5.379831
16150.0	9700.0	4.785343
16200.0	9700.0	4.10415
16250.0	9700.0	3.354347
16300.0	9700.0	2.537206
16350.0	9700.0	1.66601
16400.0	9700.0	0.786597
16450.0	9700.0	-0.062619
16500.0	9700.0	-0.863425
16550.0	9700.0	-1.609239
16600.0	9700.0	-2.290594
16650.0	9700.0	-2.901108
16700.0	9700.0	-3.435337
16750.0	9700.0	-3.88339
16800.0	9700.0	-4.25504
16850.0	9700.0	-4.560301
16900.0	9700.0	-4.807067
16950.0	9700.0	-5.024938
17000.0	9700.0	-5.241317
17050.0	9700.0	-5.449502
17100.0	9700.0	-5.659114
17150.0	9700.0	-5.857009
17200.0	9700.0	-6.035246
17250.0	9700.0	-6.200162
17300.0	9700.0	-6.359125
17350.0	9700.0	-6.500675
17400.0	9700.0	-6.619914
17450.0	9700.0	-6.715113
17500.0	9700.0	-6.792032
17550.0	9700.0	-6.856941
17600.0	9700.0	-6.910355
17650.0	9700.0	-6.954558
17700.0	9700.0	-6.993499
17750.0	9700.0	-7.028439
17800.0	9700.0	-7.031289
17850.0	9700.0	-7.002611
17900.0	9700.0	-6.944324
17950.0	9700.0	-6.874685
18000.0	9700.0	-6.783774
18050.0	9700.0	-6.671456
18100.0	9700.0	-6.545237
18150.0	9700.0	-6.422261
18200.0	9700.0	-6.313819
18250.0	9700.0	-6.225006
18300.0	9700.0	-6.151845
10250.0	9750.0	25.542336
10300.0	9750.0	25.581409
10350.0	9750.0	25.619205
10400.0	9750.0	25.661688
10450.0	9750.0	25.704794
10500.0	9750.0	25.745375
10550.0	9750.0	25.773129
10600.0	9750.0	25.763634
10650.0	9750.0	25.715034
10700.0	9750.0	25.634663
10750.0	9750.0	25.545156
10800.0	9750.0	25.462048
10850.0	9750.0	25.4037
10900.0	9750.0	25.353409
10950.0	9750.0	25.310467
11000.0	9750.0	25.274349
11050.0	9750.0	25.239965
11100.0	9750.0	25.203787
11150.0	9750.0	25.178411
11200.0	9750.0	25.15737
11250.0	9750.0	25.141523
11300.0	9750.0	25.123354
11350.0	9750.0	25.106833
11400.0	9750.0	25.098495
11450.0	9750.0	25.117603
11500.0	9750.0	25.166506
11550.0	9750.0	25.263388
11600.0	9750.0	25.432966
11650.0	9750.0	25.697355
11700.0	9750.0	26.046419
11750.0	9750.0	26.474459
11800.0	9750.0	26.98373
11850.0	9750.0	27.569756
11900.0	9750.0	28.218006
11950.0	9750.0	28.903923
12000.0	9750.0	29.619705
12050.0	9750.0	30.364803
12100.0	9750.0	31.137072
12150.0	9750.0	31.920557
12200.0	9750.0	32.711826
12250.0	9750.0	33.509686
12300.0	9750.0	34.320637
12350.0	9750.0	35.120461
12400.0	9750.0	35.89497
12450.0	9750.0	36.62207
12500.0	9750.0	37.278824
12550.0	9750.0	37.848392
12600.0	9750.0	38.324543
12650.0	9750.0	38.694313
12700.0	9750.0	38.940479
12750.0	9750.0	39.046803
12800.0	9750.0	39.020885
12850.0	9750.0	38.867191
12900.0	9750.0	38.59687
12950.0	9750.0	38.221447
13000.0	9750.0	37.751125
13050.0	9750.0	37.188786
13100.0	9750.0	36.532204
13150.0	9750.0	35.769081
13200.0	9750.0	34.90789
13250.0	9750.0	33.937565
13300.0	9750.0	32.860916
13350.0	9750.0	31.674
13400.0	9750.0	30.382351
13450.0	9750.0	29.002104
13500.0	9750.0	27.551788
13550.0	9750.0	26.058056
13600.0	9750.0	24.534824
13650.0	9750.0	22.998459
13700.0	9750.0	21.444853
13750.0	9750.0	19.880915
13800.0	9750.0	18.318939
13850.0	9750.0	16.766808
13900.0	9750.0	15.238576
13950.0	9750.0	13.754794
14000.0	9750.0	12.330149
14050.0	9750.0	10.986237
14100.0	9750.0	9.736601
14150.0	9750.0	8.594922
14200.0	9750.0	7.573651
14250.0	9750.0	6.669475
14300.0	9750.0	5.870777
14350.0	9750.0	5.159593
14400.0	9750.0	4.50209
14450.0	9750.0	3.871183
14500.0	9750.0	3.241508
14550.0	9750.0	2.604195
14600.0	9750.0	1.961479
14650.0	9750.0	1.317243
14700.0	9750.0	0.684667
14750.0	9750.0	0.085349
14800.0	9750.0	-0.450436
14850.0	9750.0	-0.90522
14900.0	9750.0	-1.268631
14950.0	9750.0	-1.538001
15000.0	9750.0	-1.711832
15050.0	9750.0	-1.78293
15100.0	9750.0	-1.732161
15150.0	9750.0	-1.549751
15200.0	9750.0	-1.232055
15250.0	9750.0	-0.795754
15300.0	9750.0	-0.259982
15350.0	9750.0	0.343631
15400.0	9750.0	1.005203
15450.0	9750.0	1.713555
15500.0	9750.0	2.436147
15550.0	9750.0	3.147009
15600.0	9750.0	3.824315
15650.0	9750.0	4.453671
15700.0	9750.0	5.021843
15750.0	9750.0	5.507635
15800.0	9750.0	5.88191
15850.0	9750.0	6.109501
15900.0	9750.0	6.18834
15950.0	9750.0	6.109315
16000.0	9750.0	5.87975
16050.0	9750.0	5.505981
16100.0	9750.0	5.00584
16150.0	9750.0	4.383208
16200.0	9750.0	3.664484
16250.0	9750.0	2.870268
16300.0	9750.0	2.013071
16350.0	9750.0	1.107289
16400.0	9750.0	0.202727
16450.0	9750.0	-0.657553
16500.0	9750.0	-1.449186
16550.0	9750.0	-2.167987
16600.0	9750.0	-2.809532
16650.0	9750.0	-3.375863
16700.0	9750.0	-3.871361
16750.0	9750.0	-4.292745
16800.0	9750.0	-4.645865
16850.0	9750.0	-4.934426
16900.0	9750.0	-5.168617
16950.0	9750.0	-5.375811
17000.0	9750.0	-5.577578
17050.0	9750.0	-5.774269
17100.0	9750.0	-5.969213
17150.0	9750.0	-6.155965
17200.0	9750.0	-6.336671
17250.0	9750.0	-6.499174
17300.0	9750.0	-6.638332
17350.0	9750.0	-6.752723
17400.0	9750.0	-6.845414
17450.0	9750.0	-6.922526
17500.0	9750.0	-6.987828
17550.0	9750.0	-7.036756
17600.0	9750.0	-7.078981
17650.0	9750.0	-7.121078
17700.0	9750.0	-7.165729
17750.0	9750.0	-7.202245
17800.0	9750.0	-7.214334
17850.0	9750.0	-7.191701
17900.0	9750.0	-7.14463
17950.0	9750.0	-7.085725
18000.0	9750.0	-7.006669
18050.0	9750.0	-6.900609
18100.0	9750.0	-6.770234
18150.0	9750.0	-6.63895
18200.0	9750.0	-6.52679
18250.0	9750.0	-6.438021
18300.0	9750.0	-6.360032
10250.0	9800.0	25.549917
10300.0	9800.0	25.563908
10350.0	9800.0	25.58568
10400.0	9800.0	25.619432
10450.0	9800.0	25.666893
10500.0	9800.0	25.720112
10550.0	9800.0	25.757038
10600.0	9800.0	25.759684
10650.0	9800.0	25.703663
10700.0	9800.0	25.608883
10750.0	9800.0	25.502066
10800.0	9800.0	25.408915
10850.0	9800.0	25.329044
10900.0	9800.0	25.265217
10950.0	9800.0	25.211861
11000.0	9800.0	25.169096
11050.0	9800.0	25.129932
11100.0	9800.0	25.102291
11150.0	9800.0	25.088867
11200.0	9800.0	25.093172
11250.0	9800.0	25.109354
11300.0	9800.0	25.130796
11350.0	9800.0	25.145744
11400.0	9800.0	25.175987
11450.0	9800.0	25.225685
11500.0	9800.0	25.302101
11550.0	9800.0	25.411013
11600.0	9800.0	25.576492
11650.0	9800.0	25.818155
11700.0	9800.0	26.136885
11750.0	9800.0	26.522085
11800.0	9800.0	26.974482
11850.0	9800.0	27.495169
11900.0	9800.0	28.069809
11950.0	9800.0	28.687412
12000.0	9800.0	29.335106
12050.0	9800.0	30.021049
12100.0	9800.0	30.732344
12150.0	9800.0	31.462877
12200.0	9800.0	32.205368
12250.0	9800.0	32.965183
12300.0	9800.0	33.74416
12350.0	9800.0	34.531406
12400.0	9800.0	35.306587
12450.0	9800.0	36.059792
12500.0	9800.0	36.762535
12550.0	9800.0	37.405365
12600.0	9800.0	37.976788
12650.0	9800.0	38.476757
12700.0	9800.0	38.883244
12750.0	9800.0	39.181034
12800.0	9800.0	39.352219
12850.0	9800.0	39.401112
12900.0	9800.0	39.333916
12950.0	9800.0	39.16478
13000.0	9800.0	38.910172
13050.0	9800.0	38.572479
13100.0	9800.0	38.144566
13150.0	9800.0	37.621376
13200.0	9800.0	36.989796
13250.0	9800.0	36.242336
13300.0	9800.0	35.368069
13350.0	9800.0	34.362827
13400.0	9800.0	33.224411
13450.0	9800.0	31.969559
13500.0	9800.0	30.624962
13550.0	9800.0	29.216442
13600.0	9800.0	27.770014
13650.0	9800.0	26.292936
13700.0	9800.0	24.794987
13750.0	9800.0	23.28124
13800.0	9800.0	21.752893
13850.0	9800.0	20.224848
13900.0	9800.0	18.717129
13950.0	9800.0	17.259668
14000.0	9800.0	15.873743
14050.0	9800.0	14.564593
14100.0	9800.0	13.346521
14150.0	9800.0	12.216872
14200.0	9800.0	11.166481
14250.0	9800.0	10.183565
14300.0	9800.0	9.258723
14350.0	9800.0	8.384738
14400.0	9800.0	7.548191
14450.0	9800.0	6.720846
14500.0	9800.0	5.884302
14550.0	9800.0	5.033573
14600.0	9800.0	4.166327
14650.0	9800.0	3.284861
14700.0	9800.0	2.398604
14750.0	9800.0	1.526803
14800.0	9800.0	0.70302
14850.0	9800.0	-0.045412
14900.0	9800.0	-0.696642
14950.0	9800.0	-1.22954
15000.0	9800.0	-1.638636
15050.0	9800.0	-1.90345
15100.0	9800.0	-2.012716
15150.0	9800.0	-1.961284
15200.0	9800.0	-1.755056
15250.0	9800.0	-1.411911
15300.0	9800.0	-0.961857
15350.0	9800.0	-0.431522
15400.0	9800.0	0.158959
15450.0	9800.0	0.79327
15500.0	9800.0	1.454296
15550.0	9800.0	2.120071
15600.0	9800.0	2.781635
15650.0	9800.0	3.429835
15700.0	9800.0	4.039862
15750.0	9800.0	4.586893
15800.0	9800.0	5.028894
15850.0	9800.0	5.338715
15900.0	9800.0	5.490051
15950.0	9800.0	5.468042
16000.0	9800.0	5.270674
16050.0	9800.0	4.916963
16100.0	9800.0	4.41016
16150.0	9800.0	3.766094
16200.0	9800.0	3.011897
16250.0	9800.0	2.181432
16300.0	9800.0	1.293526
16350.0	9800.0	0.371025
16400.0	9800.0	-0.537649
16450.0	9800.0	-1.383278
16500.0	9800.0	-2.154983
16550.0	9800.0	-2.834844
16600.0	9800.0	-3.430571
16650.0	9800.0	-3.943098
16700.0	9800.0	-4.388682
16750.0	9800.0	-4.774174
16800.0	9800.0	-5.09801
16850.0	9800.0	-5.361822
16900.0	9800.0	-5.575566
16950.0	9800.0	-5.768049
17000.0	9800.0	-5.940871
17050.0	9800.0	-6.112812
17100.0	9800.0	-6.283663
17150.0	9800.0	-6.456932
17200.0	9800.0	-6.626791
17250.0	9800.0	-6.780783
17300.0	9800.0	-6.897596
17350.0	9800.0	-6.982411
17400.0	9800.0	-7.05479
17450.0	9800.0	-7.11989
17500.0	9800.0	-7.172584
17550.0	9800.0	-7.211845
17600.0	9800.0	-7.243953
17650.0	9800.0	-7.276943
17700.0	9800.0	-7.315847
17750.0	9800.0	-7.349737
17800.0	9800.0	-7.365685
17850.0	9800.0	-7.364197
17900.0	9800.0	-7.340832
17950.0	9800.0	-7.298146
18000.0	9800.0	-7.227017
18050.0	9800.0	-7.124588
18100.0	9800.0	-7.000246
18150.0	9800.0	-6.868977
18200.0	9800.0	-6.755301
18250.0	9800.0	-6.665268
18300.0	9800.0	-6.580655
10250.0	9850.0	25.558561
10300.0	9850.0	25.546598
10350.0	9850.0	25.548401
10400.0	9850.0	25.572474
10450.0	9850.0	25.620195
10500.0	9850.0	25.679068
10550.0	9850.0	25.726162
10600.0	9850.0	25.732895
10650.0	9850.0	25.684277
10700.0	9850.0	25.588184
10750.0	9850.0	25.479502
10800.0	9850.0	25.373661
10850.0	9850.0	25.275064
10900.0	9850.0	25.187258
10950.0	9850.0	25.120596
11000.0	9850.0	25.068792
11050.0	9850.0	25.030085
11100.0	9850.0	25.011049
11150.0	9850.0	25.016018
11200.0	9850.0	25.044832
11250.0	9850.0	25.091095
11300.0	9850.0	25.14279
11350.0	9850.0	25.201605
11400.0	9850.0	25.267389
11450.0	9850.0	25.349007
11500.0	9850.0	25.443352
11550.0	9850.0	25.561001
11600.0	9850.0	25.720789
11650.0	9850.0	25.934275
11700.0	9850.0	26.212799
11750.0	9850.0	26.549391
11800.0	9850.0	26.929825
11850.0	9850.0	27.360298
11900.0	9850.0	27.841036
11950.0	9850.0	28.367706
12000.0	9850.0	28.940639
12050.0	9850.0	29.550097
12100.0	9850.0	30.199888
12150.0	9850.0	30.876171
12200.0	9850.0	31.574053
12250.0	9850.0	32.29361
12300.0	9850.0	33.036385
12350.0	9850.0	33.797291
12400.0	9850.0	34.570015
12450.0	9850.0	35.338615
12500.0	9850.0	36.087051
12550.0	9850.0	36.802277
12600.0	9850.0	37.479164
12650.0	9850.0	38.114677
12700.0	9850.0	38.6926
12750.0	9850.0	39.183064
12800.0	9850.0	39.566914
12850.0	9850.0	39.834106
12900.0	9850.0	39.992001
12950.0	9850.0	40.054218
13000.0	9850.0	40.044941
13050.0	9850.0	39.967148
13100.0	9850.0	39.817371
13150.0	9850.0	39.572987
13200.0	9850.0	39.212723
13250.0	9850.0	38.715313
13300.0	9850.0	38.071339
13350.0	9850.0	37.267593
13400.0	9850.0	36.311962
13450.0	9850.0	35.214287
13500.0	9850.0	34.010212
13550.0	9850.0	32.725166
13600.0	9850.0	31.384333
13650.0	9850.0	30.003817
13700.0	9850.0	28.588396
13750.0	9850.0	27.145008
13800.0	9850.0	25.682224
13850.0	9850.0	24.206127
13900.0	9850.0	22.740578
13950.0	9850.0	21.319826
14000.0	9850.0	19.96484
14050.0	9850.0	18.694166
14100.0	9850.0	17.495743
14150.0	9850.0	16.358692
14200.0	9850.0	15.264686
14250.0	9850.0	14.198078
14300.0	9850.0	13.152229
14350.0	9850.0	12.114443
14400.0	9850.0	11.080622
14450.0	9850.0	10.037759
14500.0	9850.0	8.975748
14550.0	9850.0	7.88971
14600.0	9850.0	6.774412
14650.0	9850.0	5.630188
14700.0	9850.0	4.465284
14750.0	9850.0	3.294469
14800.0	9850.0	2.144045
14850.0	9850.0	1.051197
14900.0	9850.0	0.061431
14950.0	9850.0	-0.785121
15000.0	9850.0	-1.458837
15050.0	9850.0	-1.944043
15100.0	9850.0	-2.229419
15150.0	9850.0	-2.320487
15200.0	9850.0	-2.24199
15250.0	9850.0	-2.024617
15300.0	9850.0	-1.69851
15350.0	9850.0	-1.28153
15400.0	9850.0	-0.795548
15450.0	9850.0	-0.260605
15500.0	9850.0	0.311545
15550.0	9850.0	0.91221
15600.0	9850.0	1.535581
15650.0	9850.0	2.168028
15700.0	9850.0	2.79267
15750.0	9850.0	3.37935
15800.0	9850.0	3.887108
15850.0	9850.0	4.28583
15900.0	9850.0	4.526476
15950.0	9850.0	4.576591
16000.0	9850.0	4.422777
16050.0	9850.0	4.08153
16100.0	9850.0	3.565275
16150.0	9850.0	2.898581
16200.0	9850.0	2.118668
16250.0	9850.0	1.265511
16300.0	9850.0	0.365554
16350.0	9850.0	-0.550462
16400.0	9850.0	-1.432763
16450.0	9850.0	-2.248505
16500.0	9850.0	-2.976222
16550.0	9850.0	-3.610979
16600.0	9850.0	-4.153394
16650.0	9850.0	-4.614197
16700.0	9850.0	-5.006319
16750.0	9850.0	-5.344595
16800.0	9850.0	-5.620789
16850.0	9850.0	-5.841824
16900.0	9850.0	-6.024216
16950.0	9850.0	-6.180939
17000.0	9850.0	-6.324183
17050.0	9850.0	-6.467943
17100.0	9850.0	-6.614007
17150.0	9850.0	-6.762269
17200.0	9850.0	-6.909032
17250.0	9850.0	-7.036417
17300.0	9850.0	-7.127901
17350.0	9850.0	-7.190238
17400.0	9850.0	-7.250323
17450.0	9850.0	-7.305362
17500.0	9850.0	-7.348139
17550.0	9850.0	-7.37296
17600.0	9850.0	-7.396316
17650.0	9850.0	-7.418904
17700.0	9850.0	-7.450593
17750.0	9850.0	-7.478232
17800.0	9850.0	-7.504189
17850.0	9850.0	-7.51765
17900.0	9850.0	-7.517198
17950.0	9850.0	-7.493801
18000.0	9850.0	-7.438553
18050.0	9850.0	-7.348274
18100.0	9850.0	-7.240851
18150.0	9850.0	-7.119776
18200.0	9850.0	-7.004169
18250.0	9850.0	-6.904893
18300.0	9850.0	-6.810775
10250.0	9900.0	25.554245
10300.0	9900.0	25.528971
10350.0	9900.0	25.515066
10400.0	9900.0	25.529034
10450.0	9900.0	25.570442
10500.0	9900.0	25.625851
10550.0	9900.0	25.674049
10600.0	9900.0	25.688862
10650.0	9900.0	25.649691
10700.0	9900.0	25.569696
10750.0	9900.0	25.46661
10800.0	9900.0	25.355047
10850.0	9900.0	25.236906
10900.0	9900.0	25.132746
10950.0	9900.0	25.049185
11000.0	9900.0	24.984411
11050.0	9900.0	24.945528
11100.0	9900.0	24.939861
11150.0	9900.0	24.960323
11200.0	9900.0	25.008583
11250.0	9900.0	25.078659
11300.0	9900.0	25.166187
11350.0	9900.0	25.264433
11400.0	9900.0	25.366213
11450.0	9900.0	25.471378
11500.0	9900.0	25.582155
11550.0	9900.0	25.70772
11600.0	9900.0	25.856728
11650.0	9900.0	26.042011
11700.0	9900.0	26.271284
11750.0	9900.0	26.541815
11800.0	9900.0	26.844131
11850.0	9900.0	27.172098
11900.0	9900.0	27.539213
11950.0	9900.0	27.96492
12000.0	9900.0	28.442694
12050.0	9900.0	28.975994
12100.0	9900.0	29.550463
12150.0	9900.0	30.163774
12200.0	9900.0	30.809843
12250.0	9900.0	31.487982
12300.0	9900.0	32.192074
12350.0	9900.0	32.929722
12400.0	9900.0	33.690403
12450.0	9900.0	34.4744
12500.0	9900.0	35.264057
12550.0	9900.0	36.058014
12600.0	9900.0	36.849834
12650.0	9900.0	37.628151
12700.0	9900.0	38.374783
12750.0	9900.0	39.064312
12800.0	9900.0	39.666477
12850.0	9900.0	40.165325
12900.0	9900.0	40.562702
12950.0	9900.0	40.882732
13000.0	9900.0	41.15197
13050.0	9900.0	41.376095
13100.0	9900.0	41.53709
13150.0	9900.0	41.605568
13200.0	9900.0	41.54158
13250.0	9900.0	41.327362
13300.0	9900.0	40.935574
13350.0	9900.0	40.368542
13400.0	9900.0	39.62339
13450.0	9900.0	38.72477
13500.0	9900.0	37.700161
13550.0	9900.0	36.577785
13600.0	9900.0	35.37952
13650.0	9900.0	34.12355
13700.0	9900.0	32.821423
13750.0	9900.0	31.483364
13800.0	9900.0	30.106455
13850.0	9900.0	28.705919
13900.0	9900.0	27.298685
13950.0	9900.0	25.922966
14000.0	9900.0	24.612204
14050.0	9900.0	23.361217
14100.0	9900.0	22.168245
14150.0	9900.0	21.011717
14200.0	9900.0	19.864746
14250.0	9900.0	18.706505
14300.0	9900.0	17.523052
14350.0	9900.0	16.31135
14400.0	9900.0	15.07328
14450.0	9900.0	13.803114
14500.0	9900.0	12.496319
14550.0	9900.0	11.155569
14600.0	9900.0	9.773836
14650.0	9900.0	8.346108
14700.0	9900.0	6.874981
14750.0	9900.0	5.373582
14800.0	9900.0	3.867698
14850.0	9900.0	2.401798
14900.0	9900.0	1.031712
14950.0	9900.0	-0.180461
15000.0	9900.0	-1.160221
15050.0	9900.0	-1.878582
15100.0	9900.0	-2.344292
15150.0	9900.0	-2.59912
15200.0	9900.0	-2.680909
15250.0	9900.0	-2.625134
15300.0	9900.0	-2.463699
15350.0	9900.0	-2.20456
15400.0	9900.0	-1.866748
15450.0	9900.0	-1.461609
15500.0	9900.0	-1.002656
15550.0	9900.0	-0.49319
15600.0	9900.0	0.061898
15650.0	9900.0	0.655156
15700.0	9900.0	1.265384
15750.0	9900.0	1.867653
15800.0	9900.0	2.4304
15850.0	9900.0	2.910675
15900.0	9900.0	3.248997
15950.0	9900.0	3.393862
16000.0	9900.0	3.306249
16050.0	9900.0	2.976157
16100.0	9900.0	2.435597
16150.0	9900.0	1.743845
16200.0	9900.0	0.953086
16250.0	9900.0	0.102681
16300.0	9900.0	-0.780554
16350.0	9900.0	-1.658989
16400.0	9900.0	-2.492075
16450.0	9900.0	-3.246448
16500.0	9900.0	-3.917791
16550.0	9900.0	-4.498733
16600.0	9900.0	-4.988354
16650.0	9900.0	-5.390564
16700.0	9900.0	-5.725135
16750.0	9900.0	-5.997036
16800.0	9900.0	-6.212936
16850.0	9900.0	-6.37513
16900.0	9900.0	-6.507663
16950.0	9900.0	-6.62205
17000.0	9900.0	-6.729584
17050.0	9900.0	-6.838151
17100.0	9900.0	-6.953244
17150.0	9900.0	-7.075145
17200.0	9900.0	-7.184639
17250.0	9900.0	-7.272497
17300.0	9900.0	-7.33696
17350.0	9900.0	-7.38433
17400.0	9900.0	-7.426195
17450.0	9900.0	-7.471363
17500.0	9900.0	-7.497327
17550.0	9900.0	-7.516894
17600.0	9900.0	-7.530561
17650.0	9900.0	-7.551805
17700.0	9900.0	-7.571791
17750.0	9900.0	-7.598319
17800.0	9900.0	-7.624075
17850.0	9900.0	-7.651076
17900.0	9900.0	-7.672224
17950.0	9900.0	-7.670536
18000.0	9900.0	-7.635754
18050.0	9900.0	-7.576577
18100.0	9900.0	-7.492655
18150.0	9900.0	-7.388657
18200.0	9900.0	-7.275566
18250.0	9900.0	-7.16091
18300.0	9900.0	-7.047736
10250.0	9950.0	25.532475
10300.0	9950.0	25.502598
10350.0	9950.0	25.481911
10400.0	9950.0	25.492125
10450.0	9950.0	25.528616
10500.0	9950.0	25.574114
10550.0	9950.0	25.612858
10600.0	9950.0	25.62191
10650.0	9950.0	25.59663
10700.0	9950.0	25.542849
10750.0	9950.0	25.454626
10800.0	9950.0	25.34391
10850.0	9950.0	25.219088
10900.0	9950.0	25.101183
10950.0	9950.0	25.00346
11000.0	9950.0	24.929964
11050.0	9950.0	24.893507
11100.0	9950.0	24.891876
11150.0	9950.0	24.922455
11200.0	9950.0	24.982773
11250.0	9950.0	25.07649
11300.0	9950.0	25.190563
11350.0	9950.0	25.324974
11400.0	9950.0	25.460106
11450.0	9950.0	25.58942
11500.0	9950.0	25.712988
11550.0	9950.0	25.840408
11600.0	9950.0	25.977083
11650.0	9950.0	26.130831
11700.0	9950.0	26.304163
11750.0	9950.0	26.500443
11800.0	9950.0	26.710657
11850.0	9950.0	26.926817
11900.0	9950.0	27.181347
11950.0	9950.0	27.49225
12000.0	9950.0	27.869823
12050.0	9950.0	28.305609
12100.0	9950.0	28.800903
12150.0	9950.0	29.336166
12200.0	9950.0	29.920242
12250.0	9950.0	30.545233
12300.0	9950.0	31.216457
12350.0	9950.0	31.925179
12400.0	9950.0	32.679905
12450.0	9950.0	33.475323
12500.0	9950.0	34.312771
12550.0	9950.0	35.189274
12600.0	9950.0	36.098839
12650.0	9950.0	37.028584
12700.0	9950.0	37.947224
12750.0	9950.0	38.833073
12800.0	9950.0	39.660423
12850.0	9950.0	40.402599
12900.0	9950.0	41.061653
12950.0	9950.0	41.654362
13000.0	9950.0	42.221748
13050.0	9950.0	42.784069
13100.0	9950.0	43.295788
13150.0	9950.0	43.693775
13200.0	9950.0	43.952026
13250.0	9950.0	44.040142
13300.0	9950.0	43.940636
13350.0	9950.0	43.636402
13400.0	9950.0	43.143353
13450.0	9950.0	42.476536
13500.0	9950.0	41.673027
13550.0	9950.0	40.754089
13600.0	9950.0	39.739002
13650.0	9950.0	38.645653
13700.0	9950.0	37.49258
13750.0	9950.0	36.283127
13800.0	9950.0	35.029976
13850.0	9950.0	33.727829
13900.0	9950.0	32.402409
13950.0	9950.0	31.085775
14000.0	9950.0	29.80484
14050.0	9950.0	28.575502
14100.0	9950.0	27.374975
14150.0	9950.0	26.18152
14200.0	9950.0	24.962011
14250.0	9950.0	23.693264
14300.0	9950.0	22.362837
14350.0	9950.0	20.965202
14400.0	9950.0	19.504234
14450.0	9950.0	17.988493
14500.0	9950.0	16.42214
14550.0	9950.0	14.808425
14600.0	9950.0	13.137693
14650.0	9950.0	11.39956
14700.0	9950.0	9.596628
14750.0	9950.0	7.745375
14800.0	9950.0	5.875638
14850.0	9950.0	4.028118
14900.0	9950.0	2.254622
14950.0	9950.0	0.639894
15000.0	9950.0	-0.70117
15050.0	9950.0	-1.658106
15100.0	9950.0	-2.321398
15150.0	9950.0	-2.773224
15200.0	9950.0	-3.061734
15250.0	9950.0	-3.218942
15300.0	9950.0	-3.263485
15350.0	9950.0	-3.201281
15400.0	9950.0	-3.04776
15450.0	9950.0	-2.808976
15500.0	9950.0	-2.498364
15550.0	9950.0	-2.11185
15600.0	9950.0	-1.648174
15650.0	9950.0	-1.119497
15700.0	9950.0	-0.545411
15750.0	9950.0	0.045604
15800.0	9950.0	0.631284
15850.0	9950.0	1.166488
15900.0	9950.0	1.593107
15950.0	9950.0	1.855927
16000.0	9950.0	1.863958
16050.0	9950.0	1.533483
16100.0	9950.0	0.967392
16150.0	9950.0	0.269822
16200.0	9950.0	-0.5042
16250.0	9950.0	-1.325186
16300.0	9950.0	-2.155722
16350.0	9950.0	-2.959433
16400.0	9950.0	-3.708626
16450.0	9950.0	-4.382924
16500.0	9950.0	-4.983357
16550.0	9950.0	-5.497956
16600.0	9950.0	-5.925127
16650.0	9950.0	-6.267892
16700.0	9950.0	-6.534036
16750.0	9950.0	-6.72917
16800.0	9950.0	-6.86716
16850.0	9950.0	-6.964174
16900.0	9950.0	-7.032176
16950.0	9950.0	-7.09197
17000.0	9950.0	-7.15483
17050.0	9950.0	-7.2262
17100.0	9950.0	-7.300642
17150.0	9950.0	-7.385085
17200.0	9950.0	-7.457132
17250.0	9950.0	-7.505829
17300.0	9950.0	-7.53909
17350.0	9950.0	-7.563484
17400.0	9950.0	-7.585802
17450.0	9950.0	-7.606243
17500.0	9950.0	-7.621156
17550.0	9950.0	-7.630904
17600.0	9950.0	-7.644745
17650.0	9950.0	-7.660695
17700.0	9950.0	-7.680374
17750.0	9950.0	-7.704117
17800.0	9950.0	-7.734089
17850.0	9950.0	-7.770773
17900.0	9950.0	-7.809085
17950.0	9950.0	-7.829998
18000.0	9950.0	-7.828022
18050.0	9950.0	-7.803282
18100.0	9950.0	-7.7525
18150.0	9950.0	-7.671694
18200.0	9950.0	-7.561902
18250.0	9950.0	-7.432568
18300.0	9950.0	-7.299799
10250.0	10000.0	25.485165
10300.0	10000.0	25.466011
10350.0	10000.0	25.45208
10400.0	10000.0	25.461048
10450.0	10000.0	25.491713
10500.0	10000.0	25.5275
10550.0	10000.0	25.5522
10600.0	10000.0	25.552025
10650.0	10000.0	25.533468
10700.0	10000.0	25.497145
10750.0	10000.0	25.426222
10800.0	10000.0	25.327517
10850.0	10000.0	25.214806
10900.0	10000.0	25.099377
10950.0	10000.0	24.996731
11000.0	10000.0	24.915373
11050.0	10000.0	24.870655
11100.0	10000.0	24.866905
11150.0	10000.0	24.903847
11200.0	10000.0	24.977459
11250.0	10000.0	25.086441
11300.0	10000.0	25.222006
11350.0	10000.0	25.376791
11400.0	10000.0	25.533087
11450.0	10000.0	25.685249
11500.0	10000.0	25.826876
11550.0	10000.0	25.955219
11600.0	10000.0	26.078014
11650.0	10000.0	26.19754
11700.0	10000.0	26.306
11750.0	10000.0	26.414326
11800.0	10000.0	26.52248
11850.0	10000.0	26.632862
11900.0	10000.0	26.773745
11950.0	10000.0	26.970913
12000.0	10000.0	27.234104
12050.0	10000.0	27.567614
12100.0	10000.0	27.957766
12150.0	10000.0	28.410273
12200.0	10000.0	28.916431
12250.0	10000.0	29.48101
12300.0	10000.0	30.106125
12350.0	10000.0	30.796946
12400.0	10000.0	31.542091
12450.0	10000.0	32.359253
12500.0	10000.0	33.249477
12550.0	10000.0	34.212994
12600.0	10000.0	35.24152
12650.0	10000.0	36.315224
12700.0	10000.0	37.408134
12750.0	10000.0	38.491528
12800.0	10000.0	39.544914
12850.0	10000.0	40.547832
12900.0	10000.0	41.495186
12950.0	10000.0	42.392658
13000.0	10000.0	43.261841
13050.0	10000.0	44.193363
13100.0	10000.0	45.057854
13150.0	10000.0	45.801662
13200.0	10000.0	46.39856
13250.0	10000.0	46.825977
13300.0	10000.0	47.046013
13350.0	10000.0	47.051388
13400.0	10000.0	46.843231
13450.0	10000.0	46.455143
13500.0	10000.0	45.908207
13550.0	10000.0	45.232914
13600.0	10000.0	44.438793
13650.0	10000.0	43.547058
13700.0	10000.0	42.576469
13750.0	10000.0	41.537926
13800.0	10000.0	40.430561
13850.0	10000.0	39.259216
13900.0	10000.0	38.037304
13950.0	10000.0	36.793552
14000.0	10000.0	35.557842
14050.0	10000.0	34.334621
14100.0	10000.0	33.111523
14150.0	10000.0	31.86002
14200.0	10000.0	30.545778
14250.0	10000.0	29.148712
14300.0	10000.0	27.653341
14350.0	10000.0	26.055737
14400.0	10000.0	24.364702
14450.0	10000.0	22.58622
14500.0	10000.0	20.733803
14550.0	10000.0	18.815386
14600.0	10000.0	16.828051
14650.0	10000.0	14.756925
14700.0	10000.0	12.602585
14750.0	10000.0	10.386354
14800.0	10000.0	8.146526
14850.0	10000.0	5.923801
14900.0	10000.0	3.771591
14950.0	10000.0	1.756092
15000.0	10000.0	-0.0
15050.0	10000.0	-1.189017
15100.0	10000.0	-2.104803
15150.0	10000.0	-2.82833
15200.0	10000.0	-3.387901
15250.0	10000.0	-3.80686
15300.0	10000.0	-4.102141
15350.0	10000.0	-4.283344
15400.0	10000.0	-4.348952
15450.0	10000.0	-4.313293
15500.0	10000.0	-4.171918
15550.0	10000.0	-3.935775
15600.0	10000.0	-3.591265
15650.0	10000.0	-3.151307
15700.0	10000.0	-2.640656
15750.0	10000.0	-2.085132
15800.0	10000.0	-1.512979
15850.0	10000.0	-0.967843
15900.0	10000.0	-0.497459
15950.0	10000.0	-0.143339
16000.0	10000.0	-0.0
16050.0	10000.0	-0.339763
16100.0	10000.0	-0.888169
16150.0	10000.0	-1.545048
16200.0	10000.0	-2.263242
16250.0	10000.0	-3.012444
16300.0	10000.0	-3.752777
16350.0	10000.0	-4.449273
16400.0	10000.0	-5.088236
16450.0	10000.0	-5.666412
16500.0	10000.0	-6.172152
16550.0	10000.0	-6.605201
16600.0	10000.0	-6.958815
16650.0	10000.0	-7.227222
16700.0	10000.0	-7.41796
16750.0	10000.0	-7.532631
16800.0	10000.0	-7.585899
16850.0	10000.0	-7.601484
16900.0	10000.0	-7.601793
16950.0	10000.0	-7.594141
17000.0	10000.0	-7.599142
17050.0	10000.0	-7.62106
17100.0	10000.0	-7.658321
17150.0	10000.0	-7.701824
17200.0	10000.0	-7.735142
17250.0	10000.0	-7.741791
17300.0	10000.0	-7.740045
17350.0	10000.0	-7.734951
17400.0	10000.0	-7.724933
17450.0	10000.0	-7.714992
17500.0	10000.0	-7.711521
17550.0	10000.0	-7.714608
17600.0	10000.0	-7.723439
17650.0	10000.0	-7.742237
17700.0	10000.0	-7.766807
17750.0	10000.0	-7.794789
17800.0	10000.0	-7.830378
17850.0	10000.0	-7.882011
17900.0	10000.0	-7.939968
17950.0	10000.0	-7.988898
18000.0	10000.0	-8.021309
18050.0	10000.0	-8.03007
18100.0	10000.0	-8.005271
18150.0	10000.0	-7.952542
18200.0	10000.0	-7.857433
18250.0	10000.0	-7.723447
18300.0	10000.0	-7.577309
10250.0	10050.0	25.413147
10300.0	10050.0	25.419008
10350.0	10050.0	25.417583
10400.0	10050.0	25.429821
10450.0	10050.0	25.460075
10500.0	10050.0	25.49077
10550.0	10050.0	25.500221
10600.0	10050.0	25.489704
10650.0	10050.0	25.467543
10700.0	10050.0	25.434488
10750.0	10050.0	25.379059
10800.0	10050.0	25.305885
10850.0	10050.0	25.215189
10900.0	10050.0	25.120539
10950.0	10050.0	25.021997
11000.0	10050.0	24.93858
11050.0	10050.0	24.882898
11100.0	10050.0	24.870815
11150.0	10050.0	24.910715
11200.0	10050.0	24.995495
11250.0	10050.0	25.109003
11300.0	10050.0	25.254446
11350.0	10050.0	25.416525
11400.0	10050.0	25.5886
11450.0	10050.0	25.757387
11500.0	10050.0	25.913698
11550.0	10050.0	26.043835
11600.0	10050.0	26.149038
11650.0	10050.0	26.223402
11700.0	10050.0	26.268587
11750.0	10050.0	26.284109
11800.0	10050.0	26.289392
11850.0	10050.0	26.296335
11900.0	10050.0	26.327154
11950.0	10050.0	26.409552
12000.0	10050.0	26.555817
12050.0	10050.0	26.764841
12100.0	10050.0	27.043325
12150.0	10050.0	27.395489
12200.0	10050.0	27.818441
12250.0	10050.0	28.30982
12300.0	10050.0	28.888016
12350.0	10050.0	29.551392
12400.0	10050.0	30.298883
12450.0	10050.0	31.135141
12500.0	10050.0	32.081573
12550.0	10050.0	33.132965
12600.0	10050.0	34.273956
12650.0	10050.0	35.488422
12700.0	10050.0	36.74889
12750.0	10050.0	38.027737
12800.0	10050.0	39.313072
12850.0	10050.0	40.596325
12900.0	10050.0	41.863155
12950.0	10050.0	43.113918
13000.0	10050.0	44.355812
13050.0	10050.0	45.60527
13100.0	10050.0	46.802677
13150.0	10050.0	47.892303
13200.0	10050.0	48.849976
13250.0	10050.0	49.636765
13300.0	10050.0	50.219311
13350.0	10050.0	50.571037
13400.0	10050.0	50.700966
13450.0	10050.0	50.627602
13500.0	10050.0	50.377338
13550.0	10050.0	49.981026
13600.0	10050.0	49.453365
13650.0	10050.0	48.807411
13700.0	10050.0	48.060982
13750.0	10050.0	47.223858
13800.0	10050.0	46.294182
13850.0	10050.0	45.278381
13900.0	10050.0	44.182404
13950.0	10050.0	43.036102
14000.0	10050.0	41.843578
14050.0	10050.0	40.632568
14100.0	10050.0	39.372482
14150.0	10050.0	38.04245
14200.0	10050.0	36.614807
14250.0	10050.0	35.062813
14300.0	10050.0	33.38419
14350.0	10050.0	31.571198
14400.0	10050.0	29.627914
14450.0	10050.0	27.570847
14500.0	10050.0	25.405174
14550.0	10050.0	23.158375
14600.0	10050.0	20.816477
14650.0	10050.0	18.381714
14700.0	10050.0	15.854681
14750.0	10050.0	13.263425
14800.0	10050.0	10.649473
14850.0	10050.0	8.06009
14900.0	10050.0	5.563455
14950.0	10050.0	3.24504
15000.0	10050.0	1.224666
15050.0	10050.0	-0.389465
15100.0	10050.0	-1.692719
15150.0	10050.0	-2.772304
15200.0	10050.0	-3.665864
15250.0	10050.0	-4.398627
15300.0	10050.0	-4.992359
15350.0	10050.0	-5.448727
15400.0	10050.0	-5.775479
15450.0	10050.0	-5.968361
15500.0	10050.0	-6.032024
15550.0	10050.0	-5.962518
15600.0	10050.0	-5.755429
15650.0	10050.0	-5.42663
15700.0	10050.0	-5.00278
15750.0	10050.0	-4.511942
15800.0	10050.0	-3.99297
15850.0	10050.0	-3.484993
15900.0	10050.0	-3.032561
15950.0	10050.0	-2.690181
16000.0	10050.0	-2.556159
16050.0	10050.0	-2.742244
16100.0	10050.0	-3.155128
16150.0	10050.0	-3.695808
16200.0	10050.0	-4.307223
16250.0	10050.0	-4.944366
16300.0	10050.0	-5.559555
16350.0	10050.0	-6.124987
16400.0	10050.0	-6.638958
16450.0	10050.0	-7.096559
16500.0	10050.0	-7.486107
16550.0	10050.0	-7.816366
16600.0	10050.0	-8.077731
16650.0	10050.0	-8.263993
16700.0	10050.0	-8.365841
16750.0	10050.0	-8.390182
16800.0	10050.0	-8.349689
16850.0	10050.0	-8.28404
16900.0	10050.0	-8.205487
16950.0	10050.0	-8.130301
17000.0	10050.0	-8.068614
17050.0	10050.0	-8.039219
17100.0	10050.0	-8.02737
17150.0	10050.0	-8.029128
17200.0	10050.0	-8.020456
17250.0	10050.0	-7.9871
17300.0	10050.0	-7.94286
17350.0	10050.0	-7.890635
17400.0	10050.0	-7.842342
17450.0	10050.0	-7.8022
17500.0	10050.0	-7.771559
17550.0	10050.0	-7.763068
17600.0	10050.0	-7.772482
17650.0	10050.0	-7.792235
17700.0	10050.0	-7.821359
17750.0	10050.0	-7.859108
17800.0	10050.0	-7.914109
17850.0	10050.0	-7.989944
17900.0	10050.0	-8.074761
17950.0	10050.0	-8.15733
18000.0	10050.0	-8.22178
18050.0	10050.0	-8.251814
18100.0	10050.0	-8.252801
18150.0	10050.0	-8.221057
18200.0	10050.0	-8.145212
18250.0	10050.0	-8.029859
18300.0	10050.0	-7.897277
10250.0	10100.0	25.323423
10300.0	10100.0	25.353058
10350.0	10100.0	25.376213
10400.0	10100.0	25.399996
10450.0	10100.0	25.432087
10500.0	10100.0	25.454845
10550.0	10100.0	25.457647
10600.0	10100.0	25.437637
10650.0	10100.0	25.408571
10700.0	10100.0	25.372253
10750.0	10100.0	25.331568
10800.0	10100.0	25.276154
10850.0	10100.0	25.212217
10900.0	10100.0	25.146597
10950.0	10100.0	25.071152
11000.0	10100.0	24.990862
11050.0	10100.0	24.930653
11100.0	10100.0	24.911001
11150.0	10100.0	24.946407
11200.0	10100.0	25.028866
11250.0	10100.0	25.144091
11300.0	10100.0	25.289169
11350.0	10100.0	25.453434
11400.0	10100.0	25.626656
11450.0	10100.0	25.806263
11500.0	10100.0	25.969372
11550.0	10100.0	26.096138
11600.0	10100.0	26.17602
11650.0	10100.0	26.205099
11700.0	10100.0	26.179611
11750.0	10100.0	26.112129
11800.0	10100.0	26.01893
11850.0	10100.0	25.92527
11900.0	10100.0	25.848406
11950.0	10100.0	25.818188
12000.0	10100.0	25.837444
12050.0	10100.0	25.914652
12100.0	10100.0	26.068419
12150.0	10100.0	26.314264
12200.0	10100.0	26.643885
12250.0	10100.0	27.059547
12300.0	10100.0	27.576998
12350.0	10100.0	28.209219
12400.0	10100.0	28.953966
12450.0	10100.0	29.82412
12500.0	10100.0	30.82312
12550.0	10100.0	31.956463
12600.0	10100.0	33.202461
12650.0	10100.0	34.540985
12700.0	10100.0	35.959938
12750.0	10100.0	37.442356
12800.0	10100.0	38.978241
12850.0	10100.0	40.556236
12900.0	10100.0	42.154991
12950.0	10100.0	43.766872
13000.0	10100.0	45.37896
13050.0	10100.0	46.968903
13100.0	10100.0	48.504101
13150.0	10100.0	49.950626
13200.0	10100.0	51.277454
13250.0	10100.0	52.449612
13300.0	10100.0	53.419155
13350.0	10100.0	54.163692
13400.0	10100.0	54.667015
13450.0	10100.0	54.955933
13500.0	10100.0	55.045418
13550.0	10100.0	54.97451
13600.0	10100.0	54.754017
13650.0	10100.0	54.396252
13700.0	10100.0	53.916435
13750.0	10100.0	53.319504
13800.0	10100.0	52.598747
13850.0	10100.0	51.759869
13900.0	10100.0	50.813496
13950.0	10100.0	49.771217
14000.0	10100.0	48.647697
14050.0	10100.0	47.436729
14100.0	10100.0	46.135509
14150.0	10100.0	44.716019
14200.0	10100.0	43.155724
14250.0	10100.0	41.432602
14300.0	10100.0	39.544247
14350.0	10100.0	37.490383
14400.0	10100.0	35.276554
14450.0	10100.0	32.912136
14500.0	10100.0	30.411829
14550.0	10100.0	27.795004
14600.0	10100.0	25.071777
14650.0	10100.0	22.242798
14700.0	10100.0	19.322039
14750.0	10100.0	16.338293
14800.0	10100.0	13.345511
14850.0	10100.0	10.405231
14900.0	10100.0	7.59291
14950.0	10100.0	4.976983
15000.0	10100.0	2.637961
15050.0	10100.0	0.606535
15100.0	10100.0	-1.138323
15150.0	10100.0	-2.633317
15200.0	10100.0	-3.915798
15250.0	10100.0	-5.007133
15300.0	10100.0	-5.932162
15350.0	10100.0	-6.701558
15400.0	10100.0	-7.308469
15450.0	10100.0	-7.761302
15500.0	10100.0	-8.051214
15550.0	10100.0	-8.176924
15600.0	10100.0	-8.13288
15650.0	10100.0	-7.937456
15700.0	10100.0	-7.626158
15750.0	10100.0	-7.232485
15800.0	10100.0	-6.798898
15850.0	10100.0	-6.363748
15900.0	10100.0	-5.97069
15950.0	10100.0	-5.665568
16000.0	10100.0	-5.518366
16050.0	10100.0	-5.571383
16100.0	10100.0	-5.810964
16150.0	10100.0	-6.180786
16200.0	10100.0	-6.633285
16250.0	10100.0	-7.112173
16300.0	10100.0	-7.570967
16350.0	10100.0	-7.983729
16400.0	10100.0	-8.354677
16450.0	10100.0	-8.669042
16500.0	10100.0	-8.919603
16550.0	10100.0	-9.123742
16600.0	10100.0	-9.274925
16650.0	10100.0	-9.354291
16700.0	10100.0	-9.357918
16750.0	10100.0	-9.284399
16800.0	10100.0	-9.150812
16850.0	10100.0	-8.998833
16900.0	10100.0	-8.846865
16950.0	10100.0	-8.702558
17000.0	10100.0	-8.579128
17050.0	10100.0	-8.486396
17100.0	10100.0	-8.416068
17150.0	10100.0	-8.36576
17200.0	10100.0	-8.30996
17250.0	10100.0	-8.230445
17300.0	10100.0	-8.137901
17350.0	10100.0	-8.035325
17400.0	10100.0	-7.94471
17450.0	10100.0	-7.870492
17500.0	10100.0	-7.810951
17550.0	10100.0	-7.781521
17600.0	10100.0	-7.786022
17650.0	10100.0	-7.805786
17700.0	10100.0	-7.846305
17750.0	10100.0	-7.902401
17800.0	10100.0	-7.983359
17850.0	10100.0	-8.094438
17900.0	10100.0	-8.219359
17950.0	10100.0	-8.333946
18000.0	10100.0	-8.419969
18050.0	10100.0	-8.469792
18100.0	10100.0	-8.490806
18150.0	10100.0	-8.478489
18200.0	10100.0	-8.430957
18250.0	10100.0	-8.353718
18300.0	10100.0	-8.255921
10250.0	10150.0	25.224281
10300.0	10150.0	25.272013
10350.0	10150.0	25.318893
10400.0	10150.0	25.363682
10450.0	10150.0	25.402843
10500.0	10150.0	25.420815
10550.0	10150.0	25.418495
10600.0	10150.0	25.39683
10650.0	10150.0	25.363434
10700.0	10150.0	25.328171
10750.0	10150.0	25.294397
10800.0	10150.0	25.252287
10850.0	10150.0	25.206001
10900.0	10150.0	25.169334
10950.0	10150.0	25.122889
11000.0	10150.0	25.060572
11050.0	10150.0	25.008545
11100.0	10150.0	24.986519
11150.0	10150.0	25.008524
11200.0	10150.0	25.079916
11250.0	10150.0	25.186178
11300.0	10150.0	25.325367
11350.0	10150.0	25.487244
11400.0	10150.0	25.661535
11450.0	10150.0	25.836988
11500.0	10150.0	25.994013
11550.0	10150.0	26.102987
11600.0	10150.0	26.152237
11650.0	10150.0	26.131657
11700.0	10150.0	26.045176
11750.0	10150.0	25.900925
11800.0	10150.0	25.720154
11850.0	10150.0	25.524668
11900.0	10150.0	25.341164
11950.0	10150.0	25.190376
12000.0	10150.0	25.081694
12050.0	10150.0	25.02618
12100.0	10150.0	25.055468
12150.0	10150.0	25.182671
12200.0	10150.0	25.413126
12250.0	10150.0	25.748627
12300.0	10150.0	26.203829
12350.0	10150.0	26.7946
12400.0	10150.0	27.537994
12450.0	10150.0	28.43173
12500.0	10150.0	29.482821
12550.0	10150.0	30.682379
12600.0	10150.0	32.022984
12650.0	10150.0	33.479652
12700.0	10150.0	35.056557
12750.0	10150.0	36.743885
12800.0	10150.0	38.537056
12850.0	10150.0	40.413143
12900.0	10150.0	42.341747
12950.0	10150.0	44.302372
13000.0	10150.0	46.277115
13050.0	10150.0	48.225033
13100.0	10150.0	50.127338
13150.0	10150.0	51.944725
13200.0	10150.0	53.662071
13250.0	10150.0	55.231125
13300.0	10150.0	56.618668
13350.0	10150.0	57.772457
13400.0	10150.0	58.700779
13450.0	10150.0	59.390797
13500.0	10150.0	59.877476
13550.0	10150.0	60.175976
13600.0	10150.0	60.313606
13650.0	10150.0	60.290054
13700.0	10150.0	60.119488
13750.0	10150.0	59.793087
13800.0	10150.0	59.315533
13850.0	10150.0	58.682415
13900.0	10150.0	57.901932
13950.0	10150.0	56.985321
14000.0	10150.0	55.925781
14050.0	10150.0	54.728027
14100.0	10150.0	53.376884
14150.0	10150.0	51.856701
14200.0	10150.0	50.146061
14250.0	10150.0	48.230946
14300.0	10150.0	46.112221
14350.0	10150.0	43.790745
14400.0	10150.0	41.276054
14450.0	10150.0	38.577274
14500.0	10150.0	35.708984
14550.0	10150.0	32.697842
14600.0	10150.0	29.558056
14650.0	10150.0	26.308674
14700.0	10150.0	22.971655
14750.0	10150.0	19.58511
14800.0	10150.0	16.209726
14850.0	10150.0	12.918964
14900.0	10150.0	9.774836
14950.0	10150.0	6.832263
15000.0	10150.0	4.126132
15050.0	10150.0	1.672885
15100.0	10150.0	-0.515828
15150.0	10150.0	-2.456731
15200.0	10150.0	-4.15774
15250.0	10150.0	-5.644548
15300.0	10150.0	-6.930561
15350.0	10150.0	-8.028983
15400.0	10150.0	-8.940633
15450.0	10150.0	-9.664988
15500.0	10150.0	-10.203061
15550.0	10150.0	-10.546085
15600.0	10150.0	-10.69583
15650.0	10150.0	-10.66843
15700.0	10150.0	-10.500437
15750.0	10150.0	-10.229839
15800.0	10150.0	-9.89889
15850.0	10150.0	-9.55283
15900.0	10150.0	-9.223714
15950.0	10150.0	-8.953189
16000.0	10150.0	-8.773745
16050.0	10150.0	-8.720726
16100.0	10150.0	-8.789923
16150.0	10150.0	-8.965124
16200.0	10150.0	-9.221288
16250.0	10150.0	-9.506174
16300.0	10150.0	-9.776095
16350.0	10150.0	-10.014036
16400.0	10150.0	-10.217675
16450.0	10150.0	-10.363513
16500.0	10150.0	-10.45612
16550.0	10150.0	-10.516365
16600.0	10150.0	-10.536766
16650.0	10150.0	-10.494176
16700.0	10150.0	-10.385528
16750.0	10150.0	-10.201468
16800.0	10150.0	-9.976411
16850.0	10150.0	-9.747989
16900.0	10150.0	-9.525164
16950.0	10150.0	-9.314696
17000.0	10150.0	-9.129786
17050.0	10150.0	-8.965465
17100.0	10150.0	-8.827836
17150.0	10150.0	-8.711634
17200.0	10150.0	-8.59356
17250.0	10150.0	-8.460511
17300.0	10150.0	-8.318123
17350.0	10150.0	-8.171788
17400.0	10150.0	-8.038868
17450.0	10150.0	-7.926651
17500.0	10150.0	-7.831381
17550.0	10150.0	-7.778609
17600.0	10150.0	-7.768448
17650.0	10150.0	-7.794883
17700.0	10150.0	-7.844442
17750.0	10150.0	-7.925108
17800.0	10150.0	-8.040993
17850.0	10150.0	-8.197672
17900.0	10150.0	-8.362006
17950.0	10150.0	-8.505831
18000.0	10150.0	-8.611921
18050.0	10150.0	-8.67916
18100.0	10150.0	-8.721527
18150.0	10150.0	-8.73878
18200.0	10150.0	-8.725405
18250.0	10150.0	-8.690314
18300.0	10150.0	-8.645646
10250.0	10200.0	25.120544
10300.0	10200.0	25.182636
10350.0	10200.0	25.248386
10400.0	10200.0	25.31267
10450.0	10200.0	25.357735
10500.0	10200.0	25.380936
10550.0	10200.0	25.383228
10600.0	10200.0	25.37081
10650.0	10200.0	25.342232
10700.0	10200.0	25.310137
10750.0	10200.0	25.275658
10800.0	10200.0	25.237461
10850.0	10200.0	25.207371
10900.0	10200.0	25.190559
10950.0	10200.0	25.17075
11000.0	10200.0	25.135603
11050.0	10200.0	25.102049
11100.0	10200.0	25.083118
11150.0	10200.0	25.092602
11200.0	10200.0	25.144234
11250.0	10200.0	25.238297
11300.0	10200.0	25.363499
11350.0	10200.0	25.519398
11400.0	10200.0	25.690283
11450.0	10200.0	25.857683
11500.0	10200.0	25.989979
11550.0	10200.0	26.072054
11600.0	10200.0	26.08042
11650.0	10200.0	26.010788
11700.0	10200.0	25.862114
11750.0	10200.0	25.649496
11800.0	10200.0	25.390003
11850.0	10200.0	25.100965
11900.0	10200.0	24.804989
11950.0	10200.0	24.530046
12000.0	10200.0	24.293182
12050.0	10200.0	24.110264
12100.0	10200.0	24.01104
12150.0	10200.0	24.01667
12200.0	10200.0	24.142591
12250.0	10200.0	24.396851
12300.0	10200.0	24.794268
12350.0	10200.0	25.345434
12400.0	10200.0	26.068321
12450.0	10200.0	26.971626
12500.0	10200.0	28.052229
12550.0	10200.0	29.311769
12600.0	10200.0	30.73321
12650.0	10200.0	32.311085
12700.0	10200.0	34.046379
12750.0	10200.0	35.934795
12800.0	10200.0	37.974678
12850.0	10200.0	40.136742
12900.0	10200.0	42.386536
12950.0	10200.0	44.689327
13000.0	10200.0	47.014557
13050.0	10200.0	49.334656
13100.0	10200.0	51.615505
13150.0	10200.0	53.833366
13200.0	10200.0	55.956539
13250.0	10200.0	57.950562
13300.0	10200.0	59.766991
13350.0	10200.0	61.375805
13400.0	10200.0	62.752697
13450.0	10200.0	63.901123
13500.0	10200.0	64.828369
13550.0	10200.0	65.558067
13600.0	10200.0	66.097015
13650.0	10200.0	66.457199
13700.0	10200.0	66.630241
13750.0	10200.0	66.617668
13800.0	10200.0	66.411118
13850.0	10200.0	66.012932
13900.0	10200.0	65.422577
13950.0	10200.0	64.639633
14000.0	10200.0	63.660263
14050.0	10200.0	62.465637
14100.0	10200.0	61.060432
14150.0	10200.0	59.42408
14200.0	10200.0	57.548733
14250.0	10200.0	55.423786
14300.0	10200.0	53.048481
14350.0	10200.0	50.431522
14400.0	10200.0	47.583111
14450.0	10200.0	44.517147
14500.0	10200.0	41.257813
14550.0	10200.0	37.823925
14600.0	10200.0	34.245575
14650.0	10200.0	30.552895
14700.0	10200.0	26.781727
14750.0	10200.0	22.978712
14800.0	10200.0	19.208597
14850.0	10200.0	15.539981
14900.0	10200.0	12.033164
14950.0	10200.0	8.717017
15000.0	10200.0	5.613153
15050.0	10200.0	2.736318
15100.0	10200.0	0.09886
15150.0	10200.0	-2.290251
15200.0	10200.0	-4.42878
15250.0	10200.0	-6.321279
15300.0	10200.0	-7.98469
15350.0	10200.0	-9.427485
15400.0	10200.0	-10.655703
15450.0	10200.0	-11.669668
15500.0	10200.0	-12.464895
15550.0	10200.0	-13.042548
15600.0	10200.0	-13.408035
15650.0	10200.0	-13.577111
15700.0	10200.0	-13.579
15750.0	10200.0	-13.44986
15800.0	10200.0	-13.236101
15850.0	10200.0	-12.975465
15900.0	10200.0	-12.708504
15950.0	10200.0	-12.455381
16000.0	10200.0	-12.244092
16050.0	10200.0	-12.092001
16100.0	10200.0	-12.004298
16150.0	10200.0	-11.984804
16200.0	10200.0	-12.024648
16250.0	10200.0	-12.092658
16300.0	10200.0	-12.149383
16350.0	10200.0	-12.187432
16400.0	10200.0	-12.198852
16450.0	10200.0	-12.161849
16500.0	10200.0	-12.083346
16550.0	10200.0	-11.982228
16600.0	10200.0	-11.852335
16650.0	10200.0	-11.675785
16700.0	10200.0	-11.440212
16750.0	10200.0	-11.146957
16800.0	10200.0	-10.832035
16850.0	10200.0	-10.525656
16900.0	10200.0	-10.234571
16950.0	10200.0	-9.960751
17000.0	10200.0	-9.708938
17050.0	10200.0	-9.475688
17100.0	10200.0	-9.261053
17150.0	10200.0	-9.061659
17200.0	10200.0	-8.866025
17250.0	10200.0	-8.67022
17300.0	10200.0	-8.480691
17350.0	10200.0	-8.299408
17400.0	10200.0	-8.129461
17450.0	10200.0	-7.971166
17500.0	10200.0	-7.844362
17550.0	10200.0	-7.762353
17600.0	10200.0	-7.73824
17650.0	10200.0	-7.760604
17700.0	10200.0	-7.827652
17750.0	10200.0	-7.933549
17800.0	10200.0	-8.088961
17850.0	10200.0	-8.286472
17900.0	10200.0	-8.492331
17950.0	10200.0	-8.664296
18000.0	10200.0	-8.790998
18050.0	10200.0	-8.882033
18100.0	10200.0	-8.955097
18150.0	10200.0	-9.003572
18200.0	10200.0	-9.030684
18250.0	10200.0	-9.045597
18300.0	10200.0	-9.056932
10250.0	10250.0	25.015289
10300.0	10250.0	25.090322
10350.0	10250.0	25.167366
10400.0	10250.0	25.240248
10450.0	10250.0	25.296482
10500.0	10250.0	25.3307
10550.0	10250.0	25.348166
10600.0	10250.0	25.354601
10650.0	10250.0	25.345819
10700.0	10250.0	25.317751
10750.0	10250.0	25.281746
10800.0	10250.0	25.246206
10850.0	10250.0	25.224672
10900.0	10250.0	25.215179
10950.0	10250.0	25.214567
11000.0	10250.0	25.210152
11050.0	10250.0	25.19552
11100.0	10250.0	25.180725
11150.0	10250.0	25.185963
11200.0	10250.0	25.223633
11250.0	10250.0	25.29636
11300.0	10250.0	25.408588
11350.0	10250.0	25.552416
11400.0	10250.0	25.711887
11450.0	10250.0	25.857542
11500.0	10250.0	25.967995
11550.0	10250.0	26.01001
11600.0	10250.0	25.978401
11650.0	10250.0	25.85479
11700.0	10250.0	25.642653
11750.0	10250.0	25.359426
11800.0	10250.0	25.019794
11850.0	10250.0	24.642405
11900.0	10250.0	24.238276
11950.0	10250.0	23.840988
12000.0	10250.0	23.481113
12050.0	10250.0	23.173189
12100.0	10250.0	22.94663
12150.0	10250.0	22.833323
12200.0	10250.0	22.858849
12250.0	10250.0	23.030701
12300.0	10250.0	23.364485
12350.0	10250.0	23.866316
12400.0	10250.0	24.554754
12450.0	10250.0	25.445475
12500.0	10250.0	26.546551
12550.0	10250.0	27.846342
12600.0	10250.0	29.344643
12650.0	10250.0	31.040554
12700.0	10250.0	32.927025
12750.0	10250.0	35.009193
12800.0	10250.0	37.280903
12850.0	10250.0	39.712284
12900.0	10250.0	42.26622
12950.0	10250.0	44.897846
13000.0	10250.0	47.575394
13050.0	10250.0	50.262432
13100.0	10250.0	52.940193
13150.0	10250.0	55.568752
13200.0	10250.0	58.119724
13250.0	10250.0	60.553825
13300.0	10250.0	62.834419
13350.0	10250.0	64.923042
13400.0	10250.0	66.796989
13450.0	10250.0	68.443581
13500.0	10250.0	69.872932
13550.0	10250.0	71.080284
13600.0	10250.0	72.075943
13650.0	10250.0	72.855103
13700.0	10250.0	73.418327
13750.0	10250.0	73.747734
13800.0	10250.0	73.84967
13850.0	10250.0	73.714706
13900.0	10250.0	73.334053
13950.0	10250.0	72.698555
14000.0	10250.0	71.792091
14050.0	10250.0	70.613037
14100.0	10250.0	69.14257
14150.0	10250.0	67.381958
14200.0	10250.0	65.325096
14250.0	10250.0	62.96909
14300.0	10250.0	60.315742
14350.0	10250.0	57.371754
14400.0	10250.0	54.155678
14450.0	10250.0	50.695572
14500.0	10250.0	47.013573
14550.0	10250.0	43.134819
14600.0	10250.0	39.091427
14650.0	10250.0	34.932716
14700.0	10250.0	30.708857
14750.0	10250.0	26.473099
14800.0	10250.0	22.289423
14850.0	10250.0	18.217525
14900.0	10250.0	14.305253
14950.0	10250.0	10.578436
15000.0	10250.0	7.050225
15050.0	10250.0	3.737476
15100.0	10250.0	0.654483
15150.0	10250.0	-2.179204
15200.0	10250.0	-4.751817
15250.0	10250.0	-7.057414
15300.0	10250.0	-9.101635
15350.0	10250.0	-10.893722
15400.0	10250.0	-12.444612
15450.0	10250.0	-13.753185
15500.0	10250.0	-14.813947
15550.0	10250.0	-15.637273
15600.0	10250.0	-16.228498
15650.0	10250.0	-16.610292
15700.0	10250.0	-16.799618
15750.0	10250.0	-16.826607
15800.0	10250.0	-16.729897
15850.0	10250.0	-16.557259
15900.0	10250.0	-16.337679
15950.0	10250.0	-16.094273
16000.0	10250.0	-15.845839
16050.0	10250.0	-15.600483
16100.0	10250.0	-15.368373
16150.0	10250.0	-15.161269
16200.0	10250.0	-14.988767
16250.0	10250.0	-14.821149
16300.0	10250.0	-14.648643
16350.0	10250.0	-14.472287
16400.0	10250.0	-14.271937
16450.0	10250.0	-14.041515
16500.0	10250.0	-13.784889
16550.0	10250.0	-13.505938
16600.0	10250.0	-13.209511
16650.0	10250.0	-12.885703
16700.0	10250.0	-12.524154
16750.0	10250.0	-12.128033
16800.0	10250.0	-11.723471
16850.0	10250.0	-11.335406
16900.0	10250.0	-10.968337
16950.0	10250.0	-10.627874
17000.0	10250.0	-10.305387
17050.0	10250.0	-9.997419
17100.0	10250.0	-9.701378
17150.0	10250.0	-9.407252
17200.0	10250.0	-9.127069
17250.0	10250.0	-8.869772
17300.0	10250.0	-8.634048
17350.0	10250.0	-8.418468
17400.0	10250.0	-8.209425
17450.0	10250.0	-8.013709
17500.0	10250.0	-7.851672
17550.0	10250.0	-7.743871
17600.0	10250.0	-7.700859
17650.0	10250.0	-7.721649
17700.0	10250.0	-7.800649
17750.0	10250.0	-7.938556
17800.0	10250.0	-8.12948
17850.0	10250.0	-8.360666
17900.0	10250.0	-8.590191
17950.0	10250.0	-8.795114
18000.0	10250.0	-8.956566
18050.0	10250.0	-9.083262
18100.0	10250.0	-9.191387
18150.0	10250.0	-9.283607
18200.0	10250.0	-9.349602
18250.0	10250.0	-9.4157
18300.0	10250.0	-9.485023
10250.0	10300.0	24.912584
10300.0	10300.0	24.993567
10350.0	10300.0	25.0744
10400.0	10300.0	25.150343
10450.0	10300.0	25.22035
10500.0	10300.0	25.274939
10550.0	10300.0	25.315384
10600.0	10300.0	25.34416
10650.0	10300.0	25.357965
10700.0	10300.0	25.344326
10750.0	10300.0	25.313936
10800.0	10300.0	25.28377
10850.0	10300.0	25.265734
10900.0	10300.0	25.258444
10950.0	10300.0	25.266344
11000.0	10300.0	25.278196
11050.0	10300.0	25.27346
11100.0	10300.0	25.26519
11150.0	10300.0	25.272923
11200.0	10300.0	25.305513
11250.0	10300.0	25.367912
11300.0	10300.0	25.464508
11350.0	10300.0	25.585766
11400.0	10300.0	25.72196
11450.0	10300.0	25.843176
11500.0	10300.0	25.920881
11550.0	10300.0	25.933514
11600.0	10300.0	25.855593
11650.0	10300.0	25.674782
11700.0	10300.0	25.395531
11750.0	10300.0	25.035187
11800.0	10300.0	24.614138
11850.0	10300.0	24.144693
11900.0	10300.0	23.638052
11950.0	10300.0	23.132124
12000.0	10300.0	22.647896
12050.0	10300.0	22.218994
12100.0	10300.0	21.875381
12150.0	10300.0	21.655981
12200.0	10300.0	21.580696
12250.0	10300.0	21.664915
12300.0	10300.0	21.920992
12350.0	10300.0	22.366283
12400.0	10300.0	23.00823
12450.0	10300.0	23.870012
12500.0	10300.0	24.964939
12550.0	10300.0	26.297464
12600.0	10300.0	27.864544
12650.0	10300.0	29.671
12700.0	10300.0	31.707439
12750.0	10300.0	33.973404
12800.0	10300.0	36.455765
12850.0	10300.0	39.135082
12900.0	10300.0	41.967106
12950.0	10300.0	44.91452
13000.0	10300.0	47.931438
13050.0	10300.0	50.996357
13100.0	10300.0	54.07024
13150.0	10300.0	57.123871
13200.0	10300.0	60.115562
13250.0	10300.0	63.012531
13300.0	10300.0	65.780731
13350.0	10300.0	68.382957
13400.0	10300.0	70.787086
13450.0	10300.0	72.981697
13500.0	10300.0	74.953247
13550.0	10300.0	76.698395
13600.0	10300.0	78.197762
13650.0	10300.0	79.451645
13700.0	10300.0	80.440598
13750.0	10300.0	81.164452
13800.0	10300.0	81.604904
13850.0	10300.0	81.755852
13900.0	10300.0	81.596497
13950.0	10300.0	81.111107
14000.0	10300.0	80.293808
14050.0	10300.0	79.122612
14100.0	10300.0	77.594452
14150.0	10300.0	75.704308
14200.0	10300.0	73.450012
14250.0	10300.0	70.836555
14300.0	10300.0	67.871048
14350.0	10300.0	64.567902
14400.0	10300.0	60.954422
14450.0	10300.0	57.062653
14500.0	10300.0	52.928047
14550.0	10300.0	48.576065
14600.0	10300.0	44.051319
14650.0	10300.0	39.40686
14700.0	10300.0	34.707207
14750.0	10300.0	30.01371
14800.0	10300.0	25.389383
14850.0	10300.0	20.885227
14900.0	10300.0	16.535114
14950.0	10300.0	12.367306
15000.0	10300.0	8.395375
15050.0	10300.0	4.635486
15100.0	10300.0	1.112825
15150.0	10300.0	-2.155205
15200.0	10300.0	-5.148653
15250.0	10300.0	-7.862175
15300.0	10300.0	-10.284154
15350.0	10300.0	-12.426774
15400.0	10300.0	-14.299416
15450.0	10300.0	-15.898123
15500.0	10300.0	-17.229126
15550.0	10300.0	-18.295279
15600.0	10300.0	-19.119493
15650.0	10300.0	-19.712481
15700.0	10300.0	-20.08954
15750.0	10300.0	-20.272038
15800.0	10300.0	-20.303726
15850.0	10300.0	-20.218727
15900.0	10300.0	-20.045324
15950.0	10300.0	-19.804609
16000.0	10300.0	-19.50761
16050.0	10300.0	-19.171541
16100.0	10300.0	-18.805145
16150.0	10300.0	-18.426315
16200.0	10300.0	-18.040554
16250.0	10300.0	-17.639071
16300.0	10300.0	-17.232733
16350.0	10300.0	-16.826742
16400.0	10300.0	-16.407324
16450.0	10300.0	-15.974551
16500.0	10300.0	-15.530257
16550.0	10300.0	-15.072911
16600.0	10300.0	-14.604476
16650.0	10300.0	-14.129692
16700.0	10300.0	-13.637079
16750.0	10300.0	-13.138994
16800.0	10300.0	-12.649191
16850.0	10300.0	-12.173522
16900.0	10300.0	-11.722091
16950.0	10300.0	-11.301763
17000.0	10300.0	-10.899942
17050.0	10300.0	-10.510547
17100.0	10300.0	-10.127879
17150.0	10300.0	-9.746923
17200.0	10300.0	-9.392892
17250.0	10300.0	-9.072512
17300.0	10300.0	-8.788937
17350.0	10300.0	-8.526014
17400.0	10300.0	-8.27836
17450.0	10300.0	-8.043517
17500.0	10300.0	-7.854475
17550.0	10300.0	-7.728854
17600.0	10300.0	-7.676157
17650.0	10300.0	-7.692291
17700.0	10300.0	-7.781728
17750.0	10300.0	-7.941895
17800.0	10300.0	-8.15826
17850.0	10300.0	-8.405274
17900.0	10300.0	-8.659619
17950.0	10300.0	-8.898084
18000.0	10300.0	-9.104168
18050.0	10300.0	-9.280084
18100.0	10300.0	-9.436044
18150.0	10300.0	-9.571161
18200.0	10300.0	-9.689831
18250.0	10300.0	-9.805395
18300.0	10300.0	-9.9204
10250.0	10350.0	24.806881
10300.0	10350.0	24.891777
10350.0	10350.0	24.975481
10400.0	10350.0	25.055536
10450.0	10350.0	25.135012
10500.0	10350.0	25.213821
10550.0	10350.0	25.28261
10600.0	10350.0	25.335501
10650.0	10350.0	25.370707
10700.0	10350.0	25.378017
10750.0	10350.0	25.366411
10800.0	10350.0	25.350712
10850.0	10350.0	25.33489
10900.0	10350.0	25.325842
10950.0	10350.0	25.33217
11000.0	10350.0	25.339348
11050.0	10350.0	25.335764
11100.0	10350.0	25.333975
11150.0	10350.0	25.348116
11200.0	10350.0	25.382437
11250.0	10350.0	25.442749
11300.0	10350.0	25.522022
11350.0	10350.0	25.621264
11400.0	10350.0	25.725712
11450.0	10350.0	25.815559
11500.0	10350.0	25.864065
11550.0	10350.0	25.839916
11600.0	10350.0	25.712248
11650.0	10350.0	25.475309
11700.0	10350.0	25.131428
11750.0	10350.0	24.690693
11800.0	10350.0	24.180103
11850.0	10350.0	23.608845
11900.0	10350.0	23.010544
11950.0	10350.0	22.394732
12000.0	10350.0	21.803699
12050.0	10350.0	21.2677
12100.0	10350.0	20.822664
12150.0	10350.0	20.499279
12200.0	10350.0	20.319448
12250.0	10350.0	20.29813
12300.0	10350.0	20.468281
12350.0	10350.0	20.839342
12400.0	10350.0	21.428865
12450.0	10350.0	22.255905
12500.0	10350.0	23.336403
12550.0	10350.0	24.682465
12600.0	10350.0	26.308804
12650.0	10350.0	28.210909
12700.0	10350.0	30.385906
12750.0	10350.0	32.820625
12800.0	10350.0	35.496429
12850.0	10350.0	38.395912
12900.0	10350.0	41.48727
12950.0	10350.0	44.727058
13000.0	10350.0	48.080425
13050.0	10350.0	51.511772
13100.0	10350.0	54.986794
13150.0	10350.0	58.463463
13200.0	10350.0	61.909874
13250.0	10350.0	65.290314
13300.0	10350.0	68.569321
13350.0	10350.0	71.713005
13400.0	10350.0	74.687851
13450.0	10350.0	77.469231
13500.0	10350.0	80.035141
13550.0	10350.0	82.359512
13600.0	10350.0	84.417618
13650.0	10350.0	86.188217
13700.0	10350.0	87.657318
13750.0	10350.0	88.806061
13800.0	10350.0	89.62204
13850.0	10350.0	90.075691
13900.0	10350.0	90.154907
13950.0	10350.0	89.835632
14000.0	10350.0	89.106491
14050.0	10350.0	87.953835
14100.0	10350.0	86.366684
14150.0	10350.0	84.343224
14200.0	10350.0	81.875877
14250.0	10350.0	78.980728
14300.0	10350.0	75.673561
14350.0	10350.0	71.982422
14400.0	10350.0	67.937653
14450.0	10350.0	63.583126
14500.0	10350.0	58.958225
14550.0	10350.0	54.105011
14600.0	10350.0	49.07169
14650.0	10350.0	43.917725
14700.0	10350.0	38.714642
14750.0	10350.0	33.535065
14800.0	10350.0	28.438528
14850.0	10350.0	23.474915
14900.0	10350.0	18.664589
14950.0	10350.0	14.037664
15000.0	10350.0	9.609843
15050.0	10350.0	5.407946
15100.0	10350.0	1.452435
15150.0	10350.0	-2.230248
15200.0	10350.0	-5.630317
15250.0	10350.0	-8.731689
15300.0	10350.0	-11.526999
15350.0	10350.0	-14.015158
15400.0	10350.0	-16.201002
15450.0	10350.0	-18.085176
15500.0	10350.0	-19.679541
15550.0	10350.0	-20.991526
15600.0	10350.0	-22.041277
15650.0	10350.0	-22.835659
15700.0	10350.0	-23.391138
15750.0	10350.0	-23.728611
15800.0	10350.0	-23.876431
15850.0	10350.0	-23.876881
15900.0	10350.0	-23.748577
15950.0	10350.0	-23.506315
16000.0	10350.0	-23.17017
16050.0	10350.0	-22.743944
16100.0	10350.0	-22.247185
16150.0	10350.0	-21.703154
16200.0	10350.0	-21.112602
16250.0	10350.0	-20.488031
16300.0	10350.0	-19.856092
16350.0	10350.0	-19.221079
16400.0	10350.0	-18.578871
16450.0	10350.0	-17.937613
16500.0	10350.0	-17.301807
16550.0	10350.0	-16.661484
16600.0	10350.0	-16.023716
16650.0	10350.0	-15.394366
16700.0	10350.0	-14.774773
16750.0	10350.0	-14.173673
16800.0	10350.0	-13.592396
16850.0	10350.0	-13.028495
16900.0	10350.0	-12.484763
16950.0	10350.0	-11.972484
17000.0	10350.0	-11.482799
17050.0	10350.0	-11.006594
17100.0	10350.0	-10.539561
17150.0	10350.0	-10.086839
17200.0	10350.0	-9.663668
17250.0	10350.0	-9.286199
17300.0	10350.0	-8.939989
17350.0	10350.0	-8.622674
17400.0	10350.0	-8.328948
17450.0	10350.0	-8.072206
17500.0	10350.0	-7.865855
17550.0	10350.0	-7.728709
17600.0	10350.0	-7.66283
17650.0	10350.0	-7.678626
17700.0	10350.0	-7.774375
17750.0	10350.0	-7.946883
17800.0	10350.0	-8.174767
17850.0	10350.0	-8.430625
17900.0	10350.0	-8.700558
17950.0	10350.0	-8.974177
18000.0	10350.0	-9.236103
18050.0	10350.0	-9.473554
18100.0	10350.0	-9.680837
18150.0	10350.0	-9.86945
18200.0	10350.0	-10.045112
18250.0	10350.0	-10.206369
18300.0	10350.0	-10.368394
10250.0	10400.0	24.692213
10300.0	10400.0	24.784544
10350.0	10400.0	24.875925
10400.0	10400.0	24.963623
10450.0	10400.0	25.051487
10500.0	10400.0	25.150074
10550.0	10400.0	25.245049
10600.0	10400.0	25.327213
10650.0	10400.0	25.382635
10700.0	10400.0	25.41728
10750.0	10400.0	25.428278
10800.0	10400.0	25.430531
10850.0	10400.0	25.423512
10900.0	10400.0	25.417025
10950.0	10400.0	25.411566
11000.0	10400.0	25.403759
11050.0	10400.0	25.394268
11100.0	10400.0	25.394241
11150.0	10400.0	25.4107
11200.0	10400.0	25.450861
11250.0	10400.0	25.511261
11300.0	10400.0	25.575815
11350.0	10400.0	25.650433
11400.0	10400.0	25.723442
11450.0	10400.0	25.782404
11500.0	10400.0	25.79767
11550.0	10400.0	25.733778
11600.0	10400.0	25.552471
11650.0	10400.0	25.260208
11700.0	10400.0	24.846008
11750.0	10400.0	24.328743
11800.0	10400.0	23.724186
11850.0	10400.0	23.062609
11900.0	10400.0	22.361439
11950.0	10400.0	21.651129
12000.0	10400.0	20.959324
12050.0	10400.0	20.332825
12100.0	10400.0	19.79357
12150.0	10400.0	19.364656
12200.0	10400.0	19.067453
12250.0	10400.0	18.943546
12300.0	10400.0	19.008482
12350.0	10400.0	19.296688
12400.0	10400.0	19.827257
12450.0	10400.0	20.616266
12500.0	10400.0	21.674244
12550.0	10400.0	23.031603
12600.0	10400.0	24.69174
12650.0	10400.0	26.670738
12700.0	10400.0	28.96191
12750.0	10400.0	31.547974
12800.0	10400.0	34.400909
12850.0	10400.0	37.499401
12900.0	10400.0	40.8228
12950.0	10400.0	44.337692
13000.0	10400.0	48.009262
13050.0	10400.0	51.7994
13100.0	10400.0	55.663635
13150.0	10400.0	59.569645
13200.0	10400.0	63.474731
13250.0	10400.0	67.350296
13300.0	10400.0	71.162872
13350.0	10400.0	74.878159
13400.0	10400.0	78.456596
13450.0	10400.0	81.861374
13500.0	10400.0	85.058945
13550.0	10400.0	88.004974
13600.0	10400.0	90.667244
13650.0	10400.0	93.005791
13700.0	10400.0	94.99678
13750.0	10400.0	96.615524
13800.0	10400.0	97.829735
13850.0	10400.0	98.612846
13900.0	10400.0	98.946373
13950.0	10400.0	98.807983
14000.0	10400.0	98.182907
14050.0	10400.0	97.050224
14100.0	10400.0	95.405876
14150.0	10400.0	93.236229
14200.0	10400.0	90.542252
14250.0	10400.0	87.342018
14300.0	10400.0	83.667587
14350.0	10400.0	79.555786
14400.0	10400.0	75.053596
14450.0	10400.0	70.204559
14500.0	10400.0	65.059685
14550.0	10400.0	59.668041
14600.0	10400.0	54.100288
14650.0	10400.0	48.411514
14700.0	10400.0	42.680099
14750.0	10400.0	36.980316
14800.0	10400.0	31.383631
14850.0	10400.0	25.926302
14900.0	10400.0	20.641243
14950.0	10400.0	15.550129
15000.0	10400.0	10.673138
15050.0	10400.0	6.035955
15100.0	10400.0	1.664808
15150.0	10400.0	-2.41845
15200.0	10400.0	-6.199691
15250.0	10400.0	-9.670091
15300.0	10400.0	-12.817848
15350.0	10400.0	-15.639389
15400.0	10400.0	-18.128962
15450.0	10400.0	-20.293102
15500.0	10400.0	-22.137831
15550.0	10400.0	-23.684147
15600.0	10400.0	-24.943943
15650.0	10400.0	-25.930014
15700.0	10400.0	-26.649805
15750.0	10400.0	-27.132448
15800.0	10400.0	-27.399534
15850.0	10400.0	-27.475986
15900.0	10400.0	-27.385586
15950.0	10400.0	-27.147839
16000.0	10400.0	-26.771301
16050.0	10400.0	-26.260483
16100.0	10400.0	-25.642012
16150.0	10400.0	-24.935165
16200.0	10400.0	-24.151758
16250.0	10400.0	-23.32172
16300.0	10400.0	-22.472364
16350.0	10400.0	-21.617973
16400.0	10400.0	-20.760969
16450.0	10400.0	-19.906851
16500.0	10400.0	-19.070818
16550.0	10400.0	-18.248039
16600.0	10400.0	-17.446308
16650.0	10400.0	-16.666735
16700.0	10400.0	-15.924226
16750.0	10400.0	-15.217035
16800.0	10400.0	-14.539496
16850.0	10400.0	-13.879351
16900.0	10400.0	-13.24334
16950.0	10400.0	-12.632034
17000.0	10400.0	-12.051993
17050.0	10400.0	-11.488702
17100.0	10400.0	-10.947269
17150.0	10400.0	-10.428467
17200.0	10400.0	-9.93978
17250.0	10400.0	-9.495692
17300.0	10400.0	-9.087528
17350.0	10400.0	-8.712698
17400.0	10400.0	-8.378942
17450.0	10400.0	-8.102941
17500.0	10400.0	-7.88952
17550.0	10400.0	-7.744269
17600.0	10400.0	-7.66801
17650.0	10400.0	-7.683294
17700.0	10400.0	-7.77816
17750.0	10400.0	-7.948592
17800.0	10400.0	-8.179408
17850.0	10400.0	-8.443908
17900.0	10400.0	-8.733477
17950.0	10400.0	-9.040452
18000.0	10400.0	-9.353965
18050.0	10400.0	-9.65469
18100.0	10400.0	-9.923422
18150.0	10400.0	-10.16715
18200.0	10400.0	-10.400416
18250.0	10400.0	-10.619229
18300.0	10400.0	-10.835645
10250.0	10450.0	24.567104
10300.0	10450.0	24.673386
10350.0	10450.0	24.774607
10400.0	10450.0	24.874741
10450.0	10450.0	24.977463
10500.0	10450.0	25.093128
10550.0	10450.0	25.210175
10600.0	10450.0	25.313566
10650.0	10450.0	25.394575
10700.0	10450.0	25.454571
10750.0	10450.0	25.490957
10800.0	10450.0	25.51298
10850.0	10450.0	25.521168
10900.0	10450.0	25.514103
10950.0	10450.0	25.49782
11000.0	10450.0	25.477461
11050.0	10450.0	25.464911
11100.0	10450.0	25.463644
11150.0	10450.0	25.47481
11200.0	10450.0	25.508568
11250.0	10450.0	25.564171
11300.0	10450.0	25.618385
11350.0	10450.0	25.669741
11400.0	10450.0	25.718596
11450.0	10450.0	25.744591
11500.0	10450.0	25.719112
11550.0	10450.0	25.605228
11600.0	10450.0	25.379616
11650.0	10450.0	25.024963
11700.0	10450.0	24.547712
11750.0	10450.0	23.953329
11800.0	10450.0	23.267584
11850.0	10450.0	22.514057
11900.0	10450.0	21.726007
11950.0	10450.0	20.913631
12000.0	10450.0	20.131901
12050.0	10450.0	19.416668
12100.0	10450.0	18.78149
12150.0	10450.0	18.245916
12200.0	10450.0	17.839069
12250.0	10450.0	17.595894
12300.0	10450.0	17.555843
12350.0	10450.0	17.747807
12400.0	10450.0	18.208572
12450.0	10450.0	18.953251
12500.0	10450.0	19.994211
12550.0	10450.0	21.346731
12600.0	10450.0	23.033041
12650.0	10450.0	25.065142
12700.0	10450.0	27.444874
12750.0	10450.0	30.15033
12800.0	10450.0	33.157417
12850.0	10450.0	36.43713
12900.0	10450.0	39.980141
12950.0	10450.0	43.753132
13000.0	10450.0	47.725719
13050.0	10450.0	51.852489
13100.0	10450.0	56.098221
13150.0	10450.0	60.422901
13200.0	10450.0	64.789635
13250.0	10450.0	69.167259
13300.0	10450.0	73.528824
13350.0	10450.0	77.837341
13400.0	10450.0	82.043877
13450.0	10450.0	86.099739
13500.0	10450.0	89.954697
13550.0	10450.0	93.560059
13600.0	10450.0	96.867485
13650.0	10450.0	99.825974
13700.0	10450.0	102.387352
13750.0	10450.0	104.511055
13800.0	10450.0	106.156174
13850.0	10450.0	107.295067
13900.0	10450.0	107.904556
13950.0	10450.0	107.963821
14000.0	10450.0	107.446968
14050.0	10450.0	106.341599
14100.0	10450.0	104.63121
14150.0	10450.0	102.303116
14200.0	10450.0	99.365723
14250.0	10450.0	95.845642
14300.0	10450.0	91.782219
14350.0	10450.0	87.225021
14400.0	10450.0	82.228287
14450.0	10450.0	76.855484
14500.0	10450.0	71.160027
14550.0	10450.0	65.210983
14600.0	10450.0	59.073338
14650.0	10450.0	52.826649
14700.0	10450.0	46.543247
14750.0	10450.0	40.308632
14800.0	10450.0	34.18383
14850.0	10450.0	28.215958
14900.0	10450.0	22.441572
14950.0	10450.0	16.886505
15000.0	10450.0	11.572842
15050.0	10450.0	6.516586
15100.0	10450.0	1.745523
15150.0	10450.0	-2.719826
15200.0	10450.0	-6.861925
15250.0	10450.0	-10.673619
15300.0	10450.0	-14.147832
15350.0	10450.0	-17.274033
15400.0	10450.0	-20.051449
15450.0	10450.0	-22.474651
15500.0	10450.0	-24.56303
15550.0	10450.0	-26.326496
15600.0	10450.0	-27.784542
15650.0	10450.0	-28.942736
15700.0	10450.0	-29.818977
15750.0	10450.0	-30.437183
15800.0	10450.0	-30.81628
15850.0	10450.0	-30.970612
15900.0	10450.0	-30.918375
15950.0	10450.0	-30.681547
16000.0	10450.0	-30.268129
16050.0	10450.0	-29.678621
16100.0	10450.0	-28.937038
16150.0	10450.0	-28.076469
16200.0	10450.0	-27.111544
16250.0	10450.0	-26.08754
16300.0	10450.0	-25.039066
16350.0	10450.0	-23.98214
16400.0	10450.0	-22.916492
16450.0	10450.0	-21.856871
16500.0	10450.0	-20.816963
16550.0	10450.0	-19.806635
16600.0	10450.0	-18.844069
16650.0	10450.0	-17.928875
16700.0	10450.0	-17.062828
16750.0	10450.0	-16.251762
16800.0	10450.0	-15.472753
16850.0	10450.0	-14.712506
16900.0	10450.0	-13.979736
16950.0	10450.0	-13.278294
17000.0	10450.0	-12.606874
17050.0	10450.0	-11.969537
17100.0	10450.0	-11.35566
17150.0	10450.0	-10.769648
17200.0	10450.0	-10.213567
17250.0	10450.0	-9.703532
17300.0	10450.0	-9.230216
17350.0	10450.0	-8.805841
17400.0	10450.0	-8.439859
17450.0	10450.0	-8.144946
17500.0	10450.0	-7.925937
17550.0	10450.0	-7.772105
17600.0	10450.0	-7.692875
17650.0	10450.0	-7.698293
17700.0	10450.0	-7.789471
17750.0	10450.0	-7.955032
17800.0	10450.0	-8.185216
17850.0	10450.0	-8.456853
17900.0	10450.0	-8.768666
17950.0	10450.0	-9.10867
18000.0	10450.0	-9.464471
18050.0	10450.0	-9.821801
18100.0	10450.0	-10.152141
18150.0	10450.0	-10.455184
18200.0	10450.0	-10.748844
18250.0	10450.0	-11.038375
18300.0	10450.0	-11.326829
10250.0	10500.0	24.43125
10300.0	10500.0	24.557259
10350.0	10500.0	24.675619
10400.0	10500.0	24.791576
10450.0	10500.0	24.915518
10500.0	10500.0	25.04488
10550.0	10500.0	25.179768
10600.0	10500.0	25.30167
10650.0	10500.0	25.402657
10700.0	10500.0	25.486568
10750.0	10500.0	25.549469
10800.0	10500.0	25.589594
10850.0	10500.0	25.609119
10900.0	10500.0	25.606474
10950.0	10500.0	25.584469
11000.0	10500.0	25.564554
11050.0	10500.0	25.551685
11100.0	10500.0	25.548494
11150.0	10500.0	25.552624
11200.0	10500.0	25.571842
11250.0	10500.0	25.606638
11300.0	10500.0	25.645243
11350.0	10500.0	25.679855
11400.0	10500.0	25.702677
11450.0	10500.0	25.694489
11500.0	10500.0	25.624046
11550.0	10500.0	25.460442
11600.0	10500.0	25.179966
11650.0	10500.0	24.773298
11700.0	10500.0	24.237169
11750.0	10500.0	23.583422
11800.0	10500.0	22.824167
11850.0	10500.0	21.991749
11900.0	10500.0	21.108675
11950.0	10500.0	20.209597
12000.0	10500.0	19.332468
12050.0	10500.0	18.519167
12100.0	10500.0	17.782604
12150.0	10500.0	17.136911
12200.0	10500.0	16.617521
12250.0	10500.0	16.264503
12300.0	10500.0	16.116335
12350.0	10500.0	16.21402
12400.0	10500.0	16.593019
12450.0	10500.0	17.280956
12500.0	10500.0	18.293655
12550.0	10500.0	19.639868
12600.0	10500.0	21.333748
12650.0	10500.0	23.400368
12700.0	10500.0	25.838308
12750.0	10500.0	28.638105
12800.0	10500.0	31.769331
12850.0	10500.0	35.21748
12900.0	10500.0	38.957294
12950.0	10500.0	42.974548
13000.0	10500.0	47.225266
13050.0	10500.0	51.677425
13100.0	10500.0	56.285969
13150.0	10500.0	61.021641
13200.0	10500.0	65.841888
13250.0	10500.0	70.723755
13300.0	10500.0	75.636345
13350.0	10500.0	80.542992
13400.0	10500.0	85.38784
13450.0	10500.0	90.115028
13500.0	10500.0	94.650696
13550.0	10500.0	98.943092
13600.0	10500.0	102.934212
13650.0	10500.0	106.550812
13700.0	10500.0	109.724075
13750.0	10500.0	112.396149
13800.0	10500.0	114.51564
13850.0	10500.0	116.045357
13900.0	10500.0	116.955765
13950.0	10500.0	117.228432
14000.0	10500.0	116.831711
14050.0	10500.0	115.748627
14100.0	10500.0	113.958755
14150.0	10500.0	111.460823
14200.0	10500.0	108.263885
14250.0	10500.0	104.403091
14300.0	10500.0	99.926224
14350.0	10500.0	94.893097
14400.0	10500.0	89.376205
14450.0	10500.0	83.444313
14500.0	10500.0	77.177048
14550.0	10500.0	70.64563
14600.0	10500.0	63.929878
14650.0	10500.0	57.107479
14700.0	10500.0	50.267586
14750.0	10500.0	43.483936
14800.0	10500.0	36.823109
14850.0	10500.0	30.340115
14900.0	10500.0	24.07519
14950.0	10500.0	18.063354
15000.0	10500.0	12.315916
15050.0	10500.0	6.8581
15100.0	10500.0	1.705925
15150.0	10500.0	-3.121571
15200.0	10500.0	-7.602197
15250.0	10500.0	-11.729353
15300.0	10500.0	-15.492843
15350.0	10500.0	-18.89477
15400.0	10500.0	-21.922136
15450.0	10500.0	-24.588787
15500.0	10500.0	-26.900219
15550.0	10500.0	-28.872198
15600.0	10500.0	-30.505217
15650.0	10500.0	-31.828144
15700.0	10500.0	-32.853588
15750.0	10500.0	-33.603054
15800.0	10500.0	-34.089142
15850.0	10500.0	-34.314247
15900.0	10500.0	-34.298851
15950.0	10500.0	-34.062359
16000.0	10500.0	-33.605728
16050.0	10500.0	-32.934898
16100.0	10500.0	-32.08194
16150.0	10500.0	-31.074873
16200.0	10500.0	-29.950224
16250.0	10500.0	-28.751516
16300.0	10500.0	-27.519547
16350.0	10500.0	-26.267912
16400.0	10500.0	-25.005491
16450.0	10500.0	-23.748558
16500.0	10500.0	-22.515465
16550.0	10500.0	-21.327393
16600.0	10500.0	-20.203651
16650.0	10500.0	-19.151817
16700.0	10500.0	-18.165754
16750.0	10500.0	-17.246111
16800.0	10500.0	-16.365133
16850.0	10500.0	-15.514803
16900.0	10500.0	-14.69311
16950.0	10500.0	-13.908465
17000.0	10500.0	-13.158509
17050.0	10500.0	-12.444704
17100.0	10500.0	-11.76243
17150.0	10500.0	-11.107382
17200.0	10500.0	-10.491755
17250.0	10500.0	-9.911116
17300.0	10500.0	-9.38126
17350.0	10500.0	-8.909242
17400.0	10500.0	-8.515135
17450.0	10500.0	-8.199389
17500.0	10500.0	-7.971121
17550.0	10500.0	-7.812752
17600.0	10500.0	-7.729248
17650.0	10500.0	-7.726162
17700.0	10500.0	-7.81136
17750.0	10500.0	-7.976106
17800.0	10500.0	-8.204137
17850.0	10500.0	-8.481937
17900.0	10500.0	-8.81257
17950.0	10500.0	-9.180261
18000.0	10500.0	-9.572606
18050.0	10500.0	-9.975167
18100.0	10500.0	-10.363165
18150.0	10500.0	-10.727757
18200.0	10500.0	-11.091736
18250.0	10500.0	-11.46107
18300.0	10500.0	-11.833797
10250.0	10550.0	24.288744
10300.0	10550.0	24.436636
10350.0	10550.0	24.578707
10400.0	10550.0	24.717554
10450.0	10550.0	24.861809
10500.0	10550.0	25.010118
10550.0	10550.0	25.155409
10600.0	10550.0	25.288498
10650.0	10550.0	25.406771
10700.0	10550.0	25.511877
10750.0	10550.0	25.598307
10800.0	10550.0	25.655832
10850.0	10550.0	25.683506
10900.0	10550.0	25.683353
10950.0	10550.0	25.669878
11000.0	10550.0	25.657278
11050.0	10550.0	25.651951
11100.0	10550.0	25.653488
11150.0	10550.0	25.650471
11200.0	10550.0	25.644537
11250.0	10550.0	25.648359
11300.0	10550.0	25.669638
11350.0	10550.0	25.681204
11400.0	10550.0	25.675772
11450.0	10550.0	25.624674
11500.0	10550.0	25.506706
11550.0	10550.0	25.289703
11600.0	10550.0	24.96204
11650.0	10550.0	24.505716
11700.0	10550.0	23.928459
11750.0	10550.0	23.227686
11800.0	10550.0	22.408123
11850.0	10550.0	21.499996
11900.0	10550.0	20.536247
11950.0	10550.0	19.543442
12000.0	10550.0	18.565182
12050.0	10550.0	17.639826
12100.0	10550.0	16.791492
12150.0	10550.0	16.037157
12200.0	10550.0	15.40659
12250.0	10550.0	14.94716
12300.0	10550.0	14.699123
12350.0	10550.0	14.703827
12400.0	10550.0	15.000882
12450.0	10550.0	15.622796
12500.0	10550.0	16.586472
12550.0	10550.0	17.909176
12600.0	10550.0	19.608015
12650.0	10550.0	21.69014
12700.0	10550.0	24.16511
12750.0	10550.0	27.026052
12800.0	10550.0	30.260696
12850.0	10550.0	33.846741
12900.0	10550.0	37.77243
12950.0	10550.0	42.005344
13000.0	10550.0	46.521763
13050.0	10550.0	51.27496
13100.0	10550.0	56.237453
13150.0	10550.0	61.365589
13200.0	10550.0	66.63298
13250.0	10550.0	72.007744
13300.0	10550.0	77.459488
13350.0	10550.0	82.95153
13400.0	10550.0	88.429611
13450.0	10550.0	93.82402
13500.0	10550.0	99.060326
13550.0	10550.0	104.066933
13600.0	10550.0	108.763069
13650.0	10550.0	113.06913
13700.0	10550.0	116.891373
13750.0	10550.0	120.156815
13800.0	10550.0	122.799576
13850.0	10550.0	124.764412
13900.0	10550.0	126.014999
13950.0	10550.0	126.523697
14000.0	10550.0	126.256866
14050.0	10550.0	125.190041
14100.0	10550.0	123.307365
14150.0	10550.0	120.614693
14200.0	10550.0	117.13726
14250.0	10550.0	112.906548
14300.0	10550.0	107.984428
14350.0	10550.0	102.446709
14400.0	10550.0	96.375984
14450.0	10550.0	89.869835
14500.0	10550.0	83.012535
14550.0	10550.0	75.896904
14600.0	10550.0	68.601746
14650.0	10550.0	61.213524
14700.0	10550.0	53.815292
14750.0	10550.0	46.489468
14800.0	10550.0	39.299809
14850.0	10550.0	32.306782
14900.0	10550.0	25.562286
14950.0	10550.0	19.091543
15000.0	10550.0	12.927588
15050.0	10550.0	7.078346
15100.0	10550.0	1.562641
15150.0	10550.0	-3.600842
15200.0	10550.0	-8.394116
15250.0	10550.0	-12.80265
15300.0	10550.0	-16.826859
15350.0	10550.0	-20.461672
15400.0	10550.0	-23.711754
15450.0	10550.0	-26.587957
15500.0	10550.0	-29.103796
15550.0	10550.0	-31.258698
15600.0	10550.0	-33.063728
15650.0	10550.0	-34.538967
15700.0	10550.0	-35.710785
15750.0	10550.0	-36.585361
15800.0	10550.0	-37.166828
15850.0	10550.0	-37.458275
15900.0	10550.0	-37.475677
15950.0	10550.0	-37.230896
16000.0	10550.0	-36.727898
16050.0	10550.0	-35.980995
16100.0	10550.0	-35.020405
16150.0	10550.0	-33.887791
16200.0	10550.0	-32.620552
16250.0	10550.0	-31.271648
16300.0	10550.0	-29.86997
16350.0	10550.0	-28.436188
16400.0	10550.0	-26.985525
16450.0	10550.0	-25.548771
16500.0	10550.0	-24.14292
16550.0	10550.0	-22.789791
16600.0	10550.0	-21.50984
16650.0	10550.0	-20.312336
16700.0	10550.0	-19.203972
16750.0	10550.0	-18.173727
16800.0	10550.0	-17.203959
16850.0	10550.0	-16.27128
16900.0	10550.0	-15.377444
16950.0	10550.0	-14.519332
17000.0	10550.0	-13.701317
17050.0	10550.0	-12.921741
17100.0	10550.0	-12.164687
17150.0	10550.0	-11.445549
17200.0	10550.0	-10.768845
17250.0	10550.0	-10.131995
17300.0	10550.0	-9.542871
17350.0	10550.0	-9.031168
17400.0	10550.0	-8.606449
17450.0	10550.0	-8.271338
17500.0	10550.0	-8.023139
17550.0	10550.0	-7.860978
17600.0	10550.0	-7.774197
17650.0	10550.0	-7.76912
17700.0	10550.0	-7.85265
17750.0	10550.0	-8.020987
17800.0	10550.0	-8.247414
17850.0	10550.0	-8.531069
17900.0	10550.0	-8.865182
17950.0	10550.0	-9.251145
18000.0	10550.0	-9.674584
18050.0	10550.0	-10.119518
18100.0	10550.0	-10.558871
18150.0	10550.0	-10.993645
18200.0	10550.0	-11.434857
18250.0	10550.0	-11.884386
18300.0	10550.0	-12.336182
10250.0	10600.0	24.145514
10300.0	10600.0	24.316402
10350.0	10600.0	24.486292
10400.0	10600.0	24.649315
10450.0	10600.0	24.812721
10500.0	10600.0	24.97736
10550.0	10600.0	25.137197
10600.0	10600.0	25.281376
10650.0	10600.0	25.409754
10700.0	10600.0	25.528952
10750.0	10600.0	25.632294
10800.0	10600.0	25.703268
10850.0	10600.0	25.740768
10900.0	10600.0	25.753328
10950.0	10600.0	25.756151
11000.0	10600.0	25.753939
11050.0	10600.0	25.758896
11100.0	10600.0	25.762163
11150.0	10600.0	25.755669
11200.0	10600.0	25.730047
11250.0	10600.0	25.709499
11300.0	10600.0	25.700855
11350.0	10600.0	25.687382
11400.0	10600.0	25.631319
11450.0	10600.0	25.532785
11500.0	10600.0	25.362522
11550.0	10600.0	25.10256
11600.0	10600.0	24.730482
11650.0	10600.0	24.241997
11700.0	10600.0	23.631289
11750.0	10600.0	22.887539
11800.0	10600.0	22.019621
11850.0	10600.0	21.047235
11900.0	10600.0	20.003271
11950.0	10600.0	18.918161
12000.0	10600.0	17.829832
12050.0	10600.0	16.780161
12100.0	10600.0	15.813288
12150.0	10600.0	14.948112
12200.0	10600.0	14.215887
12250.0	10600.0	13.657741
12300.0	10600.0	13.31063
12350.0	10600.0	13.226818
12400.0	10600.0	13.442973
12450.0	10600.0	13.986284
12500.0	10600.0	14.889461
12550.0	10600.0	16.176731
12600.0	10600.0	17.863302
12650.0	10600.0	19.949612
12700.0	10600.0	22.441807
12750.0	10600.0	25.347065
12800.0	10600.0	28.659437
12850.0	10600.0	32.366653
12900.0	10600.0	36.447086
12950.0	10600.0	40.877632
13000.0	10600.0	45.629921
13050.0	10600.0	50.671425
13100.0	10600.0	55.959957
13150.0	10600.0	61.468128
13200.0	10600.0	67.158394
13250.0	10600.0	73.009941
13300.0	10600.0	78.976501
13350.0	10600.0	85.024513
13400.0	10600.0	91.108559
13450.0	10600.0	97.155563
13500.0	10600.0	103.090782
13550.0	10600.0	108.814056
13600.0	10600.0	114.236984
13650.0	10600.0	119.255951
13700.0	10600.0	123.770447
13750.0	10600.0	127.673836
13800.0	10600.0	130.886459
13850.0	10600.0	133.336411
13900.0	10600.0	134.968079
13950.0	10600.0	135.736832
14000.0	10600.0	135.610626
14050.0	10600.0	134.557693
14100.0	10600.0	132.568527
14150.0	10600.0	129.660553
14200.0	10600.0	125.864883
14250.0	10600.0	121.226913
14300.0	10600.0	115.819496
14350.0	10600.0	109.741882
14400.0	10600.0	103.103813
14450.0	10600.0	96.011909
14500.0	10600.0	88.572433
14550.0	10600.0	80.881508
14600.0	10600.0	73.027496
14650.0	10600.0	65.095436
14700.0	10600.0	57.162464
14750.0	10600.0	49.311611
14800.0	10600.0	41.612087
14850.0	10600.0	34.127811
14900.0	10600.0	26.907871
14950.0	10600.0	19.993822
15000.0	10600.0	13.419107
15050.0	10600.0	7.19934
15100.0	10600.0	1.344329
15150.0	10600.0	-4.127911
15200.0	10600.0	-9.203726
15250.0	10600.0	-13.863852
15300.0	10600.0	-18.115509
15350.0	10600.0	-21.949425
15400.0	10600.0	-25.379683
15450.0	10600.0	-28.433092
15500.0	10600.0	-31.117113
15550.0	10600.0	-33.438839
15600.0	10600.0	-35.404915
15650.0	10600.0	-37.035492
15700.0	10600.0	-38.344151
15750.0	10600.0	-39.332542
15800.0	10600.0	-39.998898
15850.0	10600.0	-40.346905
15900.0	10600.0	-40.389996
15950.0	10600.0	-40.129215
16000.0	10600.0	-39.576836
16050.0	10600.0	-38.761383
16100.0	10600.0	-37.718899
16150.0	10600.0	-36.478294
16200.0	10600.0	-35.089676
16250.0	10600.0	-33.597511
16300.0	10600.0	-32.041206
16350.0	10600.0	-30.436934
16400.0	10600.0	-28.825844
16450.0	10600.0	-27.225063
16500.0	10600.0	-25.665936
16550.0	10600.0	-24.165199
16600.0	10600.0	-22.732599
16650.0	10600.0	-21.392525
16700.0	10600.0	-20.163195
16750.0	10600.0	-19.033592
16800.0	10600.0	-17.977451
16850.0	10600.0	-16.975618
16900.0	10600.0	-16.019447
16950.0	10600.0	-15.100909
17000.0	10600.0	-14.226968
17050.0	10600.0	-13.384808
17100.0	10600.0	-12.569532
17150.0	10600.0	-11.793365
17200.0	10600.0	-11.054911
17250.0	10600.0	-10.357961
17300.0	10600.0	-9.724216
17350.0	10600.0	-9.169748
17400.0	10600.0	-8.714392
17450.0	10600.0	-8.361096
17500.0	10600.0	-8.09806
17550.0	10600.0	-7.919328
17600.0	10600.0	-7.828295
17650.0	10600.0	-7.829154
17700.0	10600.0	-7.922153
17750.0	10600.0	-8.08867
17800.0	10600.0	-8.319993
17850.0	10600.0	-8.599108
17900.0	10600.0	-8.933751
17950.0	10600.0	-9.324312
18000.0	10600.0	-9.776831
18050.0	10600.0	-10.256824
18100.0	10600.0	-10.751966
18150.0	10600.0	-11.256888
18200.0	10600.0	-11.776294
18250.0	10600.0	-12.29981
18300.0	10600.0	-12.820235
10250.0	10650.0	24.013092
10300.0	10650.0	24.203627
10350.0	10650.0	24.390661
10400.0	10650.0	24.579893
10450.0	10650.0	24.766373
10500.0	10650.0	24.947336
10550.0	10650.0	25.118322
10600.0	10650.0	25.274694
10650.0	10650.0	25.41189
10700.0	10650.0	25.53916
10750.0	10650.0	25.650784
10800.0	10650.0	25.736118
10850.0	10650.0	25.789396
10900.0	10650.0	25.821627
10950.0	10650.0	25.837393
11000.0	10650.0	25.848629
11050.0	10650.0	25.861889
11100.0	10650.0	25.869226
11150.0	10650.0	25.855402
11200.0	10650.0	25.82741
11250.0	10650.0	25.790339
11300.0	10650.0	25.749075
11350.0	10650.0	25.685368
11400.0	10650.0	25.587561
11450.0	10650.0	25.433241
11500.0	10650.0	25.209337
11550.0	10650.0	24.901978
11600.0	10650.0	24.502241
11650.0	10650.0	23.987597
11700.0	10650.0	23.348236
11750.0	10650.0	22.571413
11800.0	10650.0	21.657055
11850.0	10650.0	20.625368
11900.0	10650.0	19.501373
11950.0	10650.0	18.321182
12000.0	10650.0	17.12208
12050.0	10650.0	15.950252
12100.0	10650.0	14.858591
12150.0	10650.0	13.882332
12200.0	10650.0	13.053613
12250.0	10650.0	12.402209
12300.0	10650.0	11.96592
12350.0	10650.0	11.795749
12400.0	10650.0	11.925388
12450.0	10650.0	12.386681
12500.0	10650.0	13.22031
12550.0	10650.0	14.454315
12600.0	10650.0	16.108753
12650.0	10650.0	18.185953
12700.0	10650.0	20.688585
12750.0	10650.0	23.62557
12800.0	10650.0	27.000938
12850.0	10650.0	30.802986
12900.0	10650.0	35.015644
12950.0	10650.0	39.615433
13000.0	10650.0	44.584671
13050.0	10650.0	49.884029
13100.0	10650.0	55.478806
13150.0	10650.0	61.329765
13200.0	10650.0	67.416695
13250.0	10650.0	73.699745
13300.0	10650.0	80.148468
13350.0	10650.0	86.723648
13400.0	10650.0	93.378746
13450.0	10650.0	100.045181
13500.0	10650.0	106.649216
13550.0	10650.0	113.080887
13600.0	10650.0	119.229034
13650.0	10650.0	124.981293
13700.0	10650.0	130.214523
13750.0	10650.0	134.805786
13800.0	10650.0	138.644836
13850.0	10650.0	141.634445
13900.0	10650.0	143.690018
13950.0	10650.0	144.747177
14000.0	10650.0	144.769547
14050.0	10650.0	143.73082
14100.0	10650.0	141.62442
14150.0	10650.0	138.467087
14200.0	10650.0	134.306656
14250.0	10650.0	129.210678
14300.0	10650.0	123.280441
14350.0	10650.0	116.642906
14400.0	10650.0	109.428078
14450.0	10650.0	101.761124
14500.0	10650.0	93.760834
14550.0	10650.0	85.527443
14600.0	10650.0	77.148277
14650.0	10650.0	68.704979
14700.0	10650.0	60.274136
14750.0	10650.0	51.933155
14800.0	10650.0	43.75576
14850.0	10650.0	35.800365
14900.0	10650.0	28.129887
14950.0	10650.0	20.788305
15000.0	10650.0	13.817158
15050.0	10650.0	7.238759
15100.0	10650.0	1.064366
15150.0	10650.0	-4.684396
15200.0	10650.0	-10.004983
15250.0	10650.0	-14.882844
15300.0	10650.0	-19.320189
15350.0	10650.0	-23.31435
15400.0	10650.0	-26.894066
15450.0	10650.0	-30.084818
15500.0	10650.0	-32.906147
15550.0	10650.0	-35.371716
15600.0	10650.0	-37.489586
15650.0	10650.0	-39.263435
15700.0	10650.0	-40.694576
15750.0	10650.0	-41.785217
15800.0	10650.0	-42.528641
15850.0	10650.0	-42.921467
15900.0	10650.0	-42.975956
15950.0	10650.0	-42.695763
16000.0	10650.0	-42.105038
16050.0	10650.0	-41.237949
16100.0	10650.0	-40.130432
16150.0	10650.0	-38.80328
16200.0	10650.0	-37.307949
16250.0	10650.0	-35.693394
16300.0	10650.0	-33.989029
16350.0	10650.0	-32.239712
16400.0	10650.0	-30.481201
16450.0	10650.0	-28.742777
16500.0	10650.0	-27.046345
16550.0	10650.0	-25.412655
16600.0	10650.0	-23.84922
16650.0	10650.0	-22.38448
16700.0	10650.0	-21.041981
16750.0	10650.0	-19.815729
16800.0	10650.0	-18.686893
16850.0	10650.0	-17.622253
16900.0	10650.0	-16.612991
16950.0	10650.0	-15.64708
17000.0	10650.0	-14.719327
17050.0	10650.0	-13.826426
17100.0	10650.0	-12.964295
17150.0	10650.0	-12.143776
17200.0	10650.0	-11.353109
17250.0	10650.0	-10.606936
17300.0	10650.0	-9.92389
17350.0	10650.0	-9.331515
17400.0	10650.0	-8.841172
17450.0	10650.0	-8.470234
17500.0	10650.0	-8.192234
17550.0	10650.0	-8.002712
17600.0	10650.0	-7.910243
17650.0	10650.0	-7.917662
17700.0	10650.0	-8.011934
17750.0	10650.0	-8.178067
17800.0	10650.0	-8.402367
17850.0	10650.0	-8.682992
17900.0	10650.0	-9.019669
17950.0	10650.0	-9.426438
18000.0	10650.0	-9.890757
18050.0	10650.0	-10.399318
18100.0	10650.0	-10.943811
18150.0	10650.0	-11.516273
18200.0	10650.0	-12.103365
18250.0	10650.0	-12.697077
18300.0	10650.0	-13.283096
10250.0	10700.0	23.892706
10300.0	10700.0	24.100975
10350.0	10700.0	24.305868
10400.0	10700.0	24.512888
10450.0	10700.0	24.714489
10500.0	10700.0	24.905018
10550.0	10700.0	25.091
10600.0	10700.0	25.26169
10650.0	10700.0	25.411814
10700.0	10700.0	25.54331
10750.0	10700.0	25.663401
10800.0	10700.0	25.764587
10850.0	10700.0	25.839468
10900.0	10700.0	25.886337
10950.0	10700.0	25.91078
11000.0	10700.0	25.930916
11050.0	10700.0	25.951056
11100.0	10700.0	25.963106
11150.0	10700.0	25.957691
11200.0	10700.0	25.931496
11250.0	10700.0	25.879305
11300.0	10700.0	25.801092
11350.0	10700.0	25.69383
11400.0	10700.0	25.545273
11450.0	10700.0	25.340492
11500.0	10700.0	25.064135
11550.0	10700.0	24.715927
11600.0	10700.0	24.287609
11650.0	10700.0	23.753698
11700.0	10700.0	23.08604
11750.0	10700.0	22.27441
11800.0	10700.0	21.313711
11850.0	10700.0	20.219193
11900.0	10700.0	19.012981
11950.0	10700.0	17.744646
12000.0	10700.0	16.443045
12050.0	10700.0	15.160592
12100.0	10700.0	13.944893
12150.0	10700.0	12.856753
12200.0	10700.0	11.929109
12250.0	10700.0	11.189058
12300.0	10700.0	10.671216
12350.0	10700.0	10.410766
12400.0	10700.0	10.447019
12450.0	10700.0	10.825981
12500.0	10700.0	11.587088
12550.0	10700.0	12.754886
12600.0	10700.0	14.360761
12650.0	10700.0	16.413527
12700.0	10700.0	18.918024
12750.0	10700.0	21.877113
12800.0	10700.0	25.300556
12850.0	10700.0	29.181307
12900.0	10700.0	33.500572
12950.0	10700.0	38.251778
13000.0	10700.0	43.405689
13050.0	10700.0	48.934536
13100.0	10700.0	54.79554
13150.0	10700.0	60.962055
13200.0	10700.0	67.396942
13250.0	10700.0	74.072212
13300.0	10700.0	80.95002
13350.0	10700.0	88.003052
13400.0	10700.0	95.182526
13450.0	10700.0	102.432381
13500.0	10700.0	109.662102
13550.0	10700.0	116.76786
13600.0	10700.0	123.622406
13650.0	10700.0	130.101959
13700.0	10700.0	136.075226
13750.0	10700.0	141.39357
13800.0	10700.0	145.912338
13850.0	10700.0	149.500244
13900.0	10700.0	152.026276
13950.0	10700.0	153.405914
14000.0	10700.0	153.592728
14050.0	10700.0	152.561981
14100.0	10700.0	150.31073
14150.0	10700.0	146.864883
14200.0	10700.0	142.291016
14250.0	10700.0	136.694809
14300.0	10700.0	130.216873
14350.0	10700.0	123.013519
14400.0	10700.0	115.237213
14450.0	10700.0	107.023605
14500.0	10700.0	98.49292
14550.0	10700.0	89.75544
14600.0	10700.0	80.893112
14650.0	10700.0	71.989914
14700.0	10700.0	63.111805
14750.0	10700.0	54.329765
14800.0	10700.0	45.712185
14850.0	10700.0	37.328453
14900.0	10700.0	29.237711
14950.0	10700.0	21.493422
15000.0	10700.0	14.144545
15050.0	10700.0	7.219142
15100.0	10700.0	0.7535
15150.0	10700.0	-5.247637
15200.0	10700.0	-10.771118
15250.0	10700.0	-15.821233
15300.0	10700.0	-20.394215
15350.0	10700.0	-24.519032
15400.0	10700.0	-28.214155
15450.0	10700.0	-31.516691
15500.0	10700.0	-34.447346
15550.0	10700.0	-37.031071
15600.0	10700.0	-39.271618
15650.0	10700.0	-41.165161
15700.0	10700.0	-42.70871
15750.0	10700.0	-43.8909
15800.0	10700.0	-44.699791
15850.0	10700.0	-45.130493
15900.0	10700.0	-45.191082
15950.0	10700.0	-44.9016
16000.0	10700.0	-44.282665
16050.0	10700.0	-43.383469
16100.0	10700.0	-42.223396
16150.0	10700.0	-40.829639
16200.0	10700.0	-39.244495
16250.0	10700.0	-37.51442
16300.0	10700.0	-35.68512
16350.0	10700.0	-33.802509
16400.0	10700.0	-31.918371
16450.0	10700.0	-30.06559
16500.0	10700.0	-28.254444
16550.0	10700.0	-26.504486
16600.0	10700.0	-24.834024
16650.0	10700.0	-23.273405
16700.0	10700.0	-21.834801
16750.0	10700.0	-20.522802
16800.0	10700.0	-19.322216
16850.0	10700.0	-18.209204
16900.0	10700.0	-17.158384
16950.0	10700.0	-16.151907
17000.0	10700.0	-15.174709
17050.0	10700.0	-14.232154
17100.0	10700.0	-13.342075
17150.0	10700.0	-12.484159
17200.0	10700.0	-11.662102
17250.0	10700.0	-10.869874
17300.0	10700.0	-10.151286
17350.0	10700.0	-9.521131
17400.0	10700.0	-9.004644
17450.0	10700.0	-8.607062
17500.0	10700.0	-8.315483
17550.0	10700.0	-8.115327
17600.0	10700.0	-8.022158
17650.0	10700.0	-8.030038
17700.0	10700.0	-8.122376
17750.0	10700.0	-8.285007
17800.0	10700.0	-8.503337
17850.0	10700.0	-8.782695
17900.0	10700.0	-9.131688
17950.0	10700.0	-9.547969
18000.0	10700.0	-10.025944
18050.0	10700.0	-10.559631
18100.0	10700.0	-11.144835
18150.0	10700.0	-11.769007
18200.0	10700.0	-12.413141
18250.0	10700.0	-13.065906
18300.0	10700.0	-13.717679
10250.0	10750.0	23.791788
10300.0	10750.0	24.009493
10350.0	10750.0	24.22752
10400.0	10750.0	24.445902
10450.0	10750.0	24.6583
10500.0	10750.0	24.856859
10550.0	10750.0	25.05065
10600.0	10750.0	25.23081
10650.0	10750.0	25.398314
10700.0	10750.0	25.543375
10750.0	10750.0	25.679771
10800.0	10750.0	25.79772
10850.0	10750.0	25.891106
10900.0	10750.0	25.945759
10950.0	10750.0	25.975798
11000.0	10750.0	25.999796
11050.0	10750.0	26.026497
11100.0	10750.0	26.043407
11150.0	10750.0	26.051643
11200.0	10750.0	26.03031
11250.0	10750.0	25.96361
11300.0	10750.0	25.858372
11350.0	10750.0	25.713667
11400.0	10750.0	25.521824
11450.0	10750.0	25.264658
11500.0	10750.0	24.944849
11550.0	10750.0	24.559008
11600.0	10750.0	24.101515
11650.0	10750.0	23.539883
11700.0	10750.0	22.846678
11750.0	10750.0	21.997032
11800.0	10750.0	20.988159
11850.0	10750.0	19.820581
11900.0	10750.0	18.539507
11950.0	10750.0	17.181168
12000.0	10750.0	15.790874
12050.0	10750.0	14.403509
12100.0	10750.0	13.083872
12150.0	10750.0	11.884242
12200.0	10750.0	10.859481
12250.0	10750.0	10.028402
12300.0	10750.0	9.424392
12350.0	10750.0	9.070252
12400.0	10750.0	9.012853
12450.0	10750.0	9.303928
12500.0	10750.0	9.9869
12550.0	10750.0	11.08614
12600.0	10750.0	12.629069
12650.0	10750.0	14.642466
12700.0	10750.0	17.132318
12750.0	10750.0	20.103989
12800.0	10750.0	23.564409
12850.0	10750.0	27.509197
12900.0	10750.0	31.927031
12950.0	10750.0	36.805798
13000.0	10750.0	42.116127
13050.0	10750.0	47.831036
13100.0	10750.0	53.923992
13150.0	10750.0	60.352859
13200.0	10750.0	67.094765
13250.0	10750.0	74.10276
13300.0	10750.0	81.363113
13350.0	10750.0	88.836609
13400.0	10750.0	96.490974
13450.0	10750.0	104.260147
13500.0	10750.0	112.060242
13550.0	10750.0	119.787292
13600.0	10750.0	127.305466
13650.0	10750.0	134.490189
13700.0	10750.0	141.190781
13750.0	10750.0	147.254715
13800.0	10750.0	152.497131
13850.0	10750.0	156.738205
13900.0	10750.0	159.795654
13950.0	10750.0	161.542603
14000.0	10750.0	161.914749
14050.0	10750.0	160.882767
14100.0	10750.0	158.452255
14150.0	10750.0	154.663925
14200.0	10750.0	149.622116
14250.0	10750.0	143.494003
14300.0	10750.0	136.461578
14350.0	10750.0	128.711304
14400.0	10750.0	120.409058
14450.0	10750.0	111.695335
14500.0	10750.0	102.695862
14550.0	10750.0	93.509354
14600.0	10750.0	84.224144
14650.0	10750.0	74.907951
14700.0	10750.0	65.634659
14750.0	10750.0	56.464787
14800.0	10750.0	47.466759
14850.0	10750.0	38.702106
14900.0	10750.0	30.236292
14950.0	10750.0	22.129536
15000.0	10750.0	14.425534
15050.0	10750.0	7.184546
15100.0	10750.0	0.443224
15150.0	10750.0	-5.772308
15200.0	10750.0	-11.462785
15250.0	10750.0	-16.636984
15300.0	10750.0	-21.314297
15350.0	10750.0	-25.525959
15400.0	10750.0	-29.311666
15450.0	10750.0	-32.697445
15500.0	10750.0	-35.71571
15550.0	10750.0	-38.386387
15600.0	10750.0	-40.717999
15650.0	10750.0	-42.70298
15700.0	10750.0	-44.331535
15750.0	10750.0	-45.592319
15800.0	10750.0	-46.463062
15850.0	10750.0	-46.938751
15900.0	10750.0	-47.021725
15950.0	10750.0	-46.736465
16000.0	10750.0	-46.108608
16050.0	10750.0	-45.18689
16100.0	10750.0	-43.985188
16150.0	10750.0	-42.526127
16200.0	10750.0	-40.855133
16250.0	10750.0	-39.030098
16300.0	10750.0	-37.092258
16350.0	10750.0	-35.100281
16400.0	10750.0	-33.111435
16450.0	10750.0	-31.164036
16500.0	10750.0	-29.260685
16550.0	10750.0	-27.423826
16600.0	10750.0	-25.673851
16650.0	10750.0	-24.040606
16700.0	10750.0	-22.532574
16750.0	10750.0	-21.149185
16800.0	10750.0	-19.883703
16850.0	10750.0	-18.731165
16900.0	10750.0	-17.647499
16950.0	10750.0	-16.605848
17000.0	10750.0	-15.585832
17050.0	10750.0	-14.610925
17100.0	10750.0	-13.690986
17150.0	10750.0	-12.815814
17200.0	10750.0	-11.967721
17250.0	10750.0	-11.152612
17300.0	10750.0	-10.398674
17350.0	10750.0	-9.746074
17400.0	10750.0	-9.207897
17450.0	10750.0	-8.784488
17500.0	10750.0	-8.470854
17550.0	10750.0	-8.26492
17600.0	10750.0	-8.168616
17650.0	10750.0	-8.168373
17700.0	10750.0	-8.254219
17750.0	10750.0	-8.40982
17800.0	10750.0	-8.622759
17850.0	10750.0	-8.909053
17900.0	10750.0	-9.26503
17950.0	10750.0	-9.693758
18000.0	10750.0	-10.184225
18050.0	10750.0	-10.738927
18100.0	10750.0	-11.354892
18150.0	10750.0	-12.023145
18200.0	10750.0	-12.709458
18250.0	10750.0	-13.407284
18300.0	10750.0	-14.106654
10250.0	10800.0	23.711143
10300.0	10800.0	23.929758
10350.0	10800.0	24.15752
10400.0	10800.0	24.380487
10450.0	10800.0	24.59198
10500.0	10800.0	24.800673
10550.0	10800.0	24.99791
10600.0	10800.0	25.187893
10650.0	10800.0	25.376535
10700.0	10800.0	25.5411
10750.0	10800.0	25.687744
10800.0	10800.0	25.827671
10850.0	10800.0	25.934568
10900.0	10800.0	26.001463
10950.0	10800.0	26.038963
11000.0	10800.0	26.067869
11050.0	10800.0	26.092628
11100.0	10800.0	26.115053
11150.0	10800.0	26.129169
11200.0	10800.0	26.109121
11250.0	10800.0	26.033806
11300.0	10800.0	25.915995
11350.0	10800.0	25.748505
11400.0	10800.0	25.517597
11450.0	10800.0	25.221449
11500.0	10800.0	24.865248
11550.0	10800.0	24.445684
11600.0	10800.0	23.949486
11650.0	10800.0	23.353432
11700.0	10800.0	22.622185
11750.0	10800.0	21.734732
11800.0	10800.0	20.67333
11850.0	10800.0	19.444613
11900.0	10800.0	18.082455
11950.0	10800.0	16.644749
12000.0	10800.0	15.161789
12050.0	10800.0	13.685213
12100.0	10800.0	12.26712
12150.0	10800.0	10.974772
12200.0	10800.0	9.847527
12250.0	10800.0	8.923307
12300.0	10800.0	8.222585
12350.0	10800.0	7.776605
12400.0	10800.0	7.624252
12450.0	10800.0	7.822976
12500.0	10800.0	8.418415
12550.0	10800.0	9.445214
12600.0	10800.0	10.927552
12650.0	10800.0	12.885018
12700.0	10800.0	15.345053
12750.0	10800.0	18.31501
12800.0	10800.0	21.79689
12850.0	10800.0	25.796467
12900.0	10800.0	30.296249
12950.0	10800.0	35.280773
13000.0	10800.0	40.720249
13050.0	10800.0	46.587997
13100.0	10800.0	52.858227
13150.0	10800.0	59.505711
13200.0	10800.0	66.495117
13250.0	10800.0	73.796356
13300.0	10800.0	81.37989
13350.0	10800.0	89.218086
13400.0	10800.0	97.275749
13450.0	10800.0	105.494247
13500.0	10800.0	113.791031
13550.0	10800.0	122.061707
13600.0	10800.0	130.183075
13650.0	10800.0	138.009613
13700.0	10800.0	145.399902
13750.0	10800.0	152.186981
13800.0	10800.0	158.169418
13850.0	10800.0	163.116577
13900.0	10800.0	166.781479
13950.0	10800.0	168.964539
14000.0	10800.0	169.552933
14050.0	10800.0	168.505829
14100.0	10800.0	165.837448
14150.0	10800.0	161.635849
14200.0	10800.0	156.082916
14250.0	10800.0	149.409973
14300.0	10800.0	141.844727
14350.0	10800.0	133.595551
14400.0	10800.0	124.832359
14450.0	10800.0	115.69474
14500.0	10800.0	106.294861
14550.0	10800.0	96.734947
14600.0	10800.0	87.091362
14650.0	10800.0	77.431976
14700.0	10800.0	67.820839
14750.0	10800.0	58.321865
14800.0	10800.0	48.998112
14850.0	10800.0	39.916164
14900.0	10800.0	31.134369
14950.0	10800.0	22.7083
15000.0	10800.0	14.692054
15050.0	10800.0	7.157115
15100.0	10800.0	0.178773
15150.0	10800.0	-6.212708
15200.0	10800.0	-12.021142
15250.0	10800.0	-17.280092
15300.0	10800.0	-22.026314
15350.0	10800.0	-26.304554
15400.0	10800.0	-30.152317
15450.0	10800.0	-33.604851
15500.0	10800.0	-36.686737
15550.0	10800.0	-39.416786
15600.0	10800.0	-41.80949
15650.0	10800.0	-43.849686
15700.0	10800.0	-45.53651
15750.0	10800.0	-46.85173
15800.0	10800.0	-47.782036
15850.0	10800.0	-48.316856
15900.0	10800.0	-48.450371
15950.0	10800.0	-48.187675
16000.0	10800.0	-47.569881
16050.0	10800.0	-46.630245
16100.0	10800.0	-45.385525
16150.0	10800.0	-43.858337
16200.0	10800.0	-42.113144
16250.0	10800.0	-40.207321
16300.0	10800.0	-38.194008
16350.0	10800.0	-36.11702
16400.0	10800.0	-34.04882
16450.0	10800.0	-32.023224
16500.0	10800.0	-30.050468
16550.0	10800.0	-28.152988
16600.0	10800.0	-26.35186
16650.0	10800.0	-24.667179
16700.0	10800.0	-23.113867
16750.0	10800.0	-21.679714
16800.0	10800.0	-20.372461
16850.0	10800.0	-19.182018
16900.0	10800.0	-18.074669
16950.0	10800.0	-17.001072
17000.0	10800.0	-15.961843
17050.0	10800.0	-14.963497
17100.0	10800.0	-14.026109
17150.0	10800.0	-13.129386
17200.0	10800.0	-12.269647
17250.0	10800.0	-11.437146
17300.0	10800.0	-10.670072
17350.0	10800.0	-9.998298
17400.0	10800.0	-9.446724
17450.0	10800.0	-9.007544
17500.0	10800.0	-8.674665
17550.0	10800.0	-8.460249
17600.0	10800.0	-8.352096
17650.0	10800.0	-8.336961
17700.0	10800.0	-8.409325
17750.0	10800.0	-8.550816
17800.0	10800.0	-8.764844
17850.0	10800.0	-9.060452
17900.0	10800.0	-9.428866
17950.0	10800.0	-9.862275
18000.0	10800.0	-10.371131
18050.0	10800.0	-10.941369
18100.0	10800.0	-11.578782
18150.0	10800.0	-12.26981
18200.0	10800.0	-12.989251
18250.0	10800.0	-13.716985
18300.0	10800.0	-14.449735
10250.0	10850.0	23.646727
10300.0	10850.0	23.86499
10350.0	10850.0	24.091284
10400.0	10850.0	24.314554
10450.0	10850.0	24.526016
10500.0	10850.0	24.734587
10550.0	10850.0	24.936522
10600.0	10850.0	25.141197
10650.0	10850.0	25.346874
10700.0	10850.0	25.527433
10750.0	10850.0	25.688992
10800.0	10850.0	25.839575
10850.0	10850.0	25.962214
10900.0	10850.0	26.046747
10950.0	10850.0	26.102259
11000.0	10850.0	26.136549
11050.0	10850.0	26.167778
11100.0	10850.0	26.187696
11150.0	10850.0	26.194439
11200.0	10850.0	26.166294
11250.0	10850.0	26.085142
11300.0	10850.0	25.960413
11350.0	10850.0	25.786694
11400.0	10850.0	25.540394
11450.0	10850.0	25.216135
11500.0	10850.0	24.829426
11550.0	10850.0	24.374762
11600.0	10850.0	23.838917
11650.0	10850.0	23.197111
11700.0	10850.0	22.422314
11750.0	10850.0	21.488022
11800.0	10850.0	20.375513
11850.0	10850.0	19.086023
11900.0	10850.0	17.656179
11950.0	10850.0	16.134821
12000.0	10850.0	14.568213
12050.0	10850.0	13.004076
12100.0	10850.0	11.505673
12150.0	10850.0	10.124242
12200.0	10850.0	8.902106
12250.0	10850.0	7.869365
12300.0	10850.0	7.068465
12350.0	10850.0	6.52412
12400.0	10850.0	6.280215
12450.0	10850.0	6.381944
12500.0	10850.0	6.887348
12550.0	10850.0	7.834805
12600.0	10850.0	9.246603
12650.0	10850.0	11.149521
12700.0	10850.0	13.568269
12750.0	10850.0	16.521402
12800.0	10850.0	20.01362
12850.0	10850.0	24.04821
12900.0	10850.0	28.610209
12950.0	10850.0	33.675526
13000.0	10850.0	39.213509
13050.0	10850.0	45.199997
13100.0	10850.0	51.609432
13150.0	10850.0	58.422424
13200.0	10850.0	65.614113
13250.0	10850.0	73.151062
13300.0	10850.0	81.001839
13350.0	10850.0	89.136292
13400.0	10850.0	97.524078
13450.0	10850.0	106.112282
13500.0	10850.0	114.822281
13550.0	10850.0	123.543434
13600.0	10850.0	132.162674
13650.0	10850.0	140.542923
13700.0	10850.0	148.537766
13750.0	10850.0	155.982803
13800.0	10850.0	162.675125
13850.0	10850.0	168.359314
13900.0	10850.0	172.721832
13950.0	10850.0	175.438751
14000.0	10850.0	176.282669
14050.0	10850.0	175.189926
14100.0	10850.0	172.200943
14150.0	10850.0	167.507767
14200.0	10850.0	161.419754
14250.0	10850.0	154.237335
14300.0	10850.0	146.211456
14350.0	10850.0	137.551117
14400.0	10850.0	128.416763
14450.0	10850.0	118.941925
14500.0	10850.0	109.232117
14550.0	10850.0	99.377747
14600.0	10850.0	89.452194
14650.0	10850.0	79.519249
14700.0	10850.0	69.644859
14750.0	10850.0	59.885708
14800.0	10850.0	50.308666
14850.0	10850.0	40.972813
14900.0	10850.0	31.939344
14950.0	10850.0	23.260817
15000.0	10850.0	14.987728
15050.0	10850.0	7.199949
15100.0	10850.0	0.003707
15150.0	10850.0	-6.496646
15200.0	10850.0	-12.374028
15250.0	10850.0	-17.690731
15300.0	10850.0	-22.49098
15350.0	10850.0	-26.815008
15400.0	10850.0	-30.713333
15450.0	10850.0	-34.209415
15500.0	10850.0	-37.333138
15550.0	10850.0	-40.103706
15600.0	10850.0	-42.523884
15650.0	10850.0	-44.594162
15700.0	10850.0	-46.312149
15750.0	10850.0	-47.659157
15800.0	10850.0	-48.637997
15850.0	10850.0	-49.242809
15900.0	10850.0	-49.448963
15950.0	10850.0	-49.244274
16000.0	10850.0	-48.647095
16050.0	10850.0	-47.696293
16100.0	10850.0	-46.398205
16150.0	10850.0	-44.802116
16200.0	10850.0	-42.988335
16250.0	10850.0	-41.032452
16300.0	10850.0	-38.968178
16350.0	10850.0	-36.844387
16400.0	10850.0	-34.722004
16450.0	10850.0	-32.63636
16500.0	10850.0	-30.610725
16550.0	10850.0	-28.677458
16600.0	10850.0	-26.847219
16650.0	10850.0	-25.137671
16700.0	10850.0	-23.563606
16750.0	10850.0	-22.108362
16800.0	10850.0	-20.77429
16850.0	10850.0	-19.566116
16900.0	10850.0	-18.434467
16950.0	10850.0	-17.350956
17000.0	10850.0	-16.299932
17050.0	10850.0	-15.294498
17100.0	10850.0	-14.338478
17150.0	10850.0	-13.43408
17200.0	10850.0	-12.558954
17250.0	10850.0	-11.72743
17300.0	10850.0	-10.955997
17350.0	10850.0	-10.279785
17400.0	10850.0	-9.718169
17450.0	10850.0	-9.275662
17500.0	10850.0	-8.931431
17550.0	10850.0	-8.699312
17600.0	10850.0	-8.572035
17650.0	10850.0	-8.539892
17700.0	10850.0	-8.591679
17750.0	10850.0	-8.720922
17800.0	10850.0	-8.938475
17850.0	10850.0	-9.242817
17900.0	10850.0	-9.616261
17950.0	10850.0	-10.062696
18000.0	10850.0	-10.584457
18050.0	10850.0	-11.165171
18100.0	10850.0	-11.810025
18150.0	10850.0	-12.511402
18200.0	10850.0	-13.244692
18250.0	10850.0	-13.993278
18300.0	10850.0	-14.751202
10250.0	10900.0	23.594858
10300.0	10900.0	23.810064
10350.0	10900.0	24.02809
10400.0	10900.0	24.249189
10450.0	10900.0	24.464922
10500.0	10900.0	24.668236
10550.0	10900.0	24.875555
10600.0	10900.0	25.091837
10650.0	10900.0	25.306564
10700.0	10900.0	25.495964
10750.0	10900.0	25.670284
10800.0	10900.0	25.831009
10850.0	10900.0	25.969755
10900.0	10900.0	26.080549
10950.0	10900.0	26.16398
11000.0	10900.0	26.215878
11050.0	10900.0	26.249008
11100.0	10900.0	26.261599
11150.0	10900.0	26.252769
11200.0	10900.0	26.213058
11250.0	10900.0	26.128912
11300.0	10900.0	25.997599
11350.0	10900.0	25.815924
11400.0	10900.0	25.57258
11450.0	10900.0	25.243801
11500.0	10900.0	24.834238
11550.0	10900.0	24.343723
11600.0	10900.0	23.766613
11650.0	10900.0	23.081366
11700.0	10900.0	22.253895
11750.0	10900.0	21.265455
11800.0	10900.0	20.100479
11850.0	10900.0	18.757339
11900.0	10900.0	17.257412
11950.0	10900.0	15.659943
12000.0	10900.0	14.017218
12050.0	10900.0	12.377025
12100.0	10900.0	10.79853
12150.0	10900.0	9.330335
12200.0	10900.0	8.011197
12250.0	10900.0	6.871364
12300.0	10900.0	5.968575
12350.0	10900.0	5.326405
12400.0	10900.0	4.981943
12450.0	10900.0	4.985634
12500.0	10900.0	5.392562
12550.0	10900.0	6.252285
12600.0	10900.0	7.588265
12650.0	10900.0	9.425618
12700.0	10900.0	11.801845
12750.0	10900.0	14.733142
12800.0	10900.0	18.22665
12850.0	10900.0	22.280256
12900.0	10900.0	26.873341
12950.0	10900.0	31.990227
13000.0	10900.0	37.599625
13050.0	10900.0	43.668915
13100.0	10900.0	50.182304
13150.0	10900.0	57.120926
13200.0	10900.0	64.462585
13250.0	10900.0	72.172264
13300.0	10900.0	80.223541
13350.0	10900.0	88.585365
13400.0	10900.0	97.227226
13450.0	10900.0	106.09951
13500.0	10900.0	115.120811
13550.0	10900.0	124.189354
13600.0	10900.0	133.189606
13650.0	10900.0	141.999054
13700.0	10900.0	150.473129
13750.0	10900.0	158.461502
13800.0	10900.0	165.768997
13850.0	10900.0	172.151077
13900.0	10900.0	177.260971
13950.0	10900.0	180.64151
14000.0	10900.0	181.821701
14050.0	10900.0	180.615845
14100.0	10900.0	177.182098
14150.0	10900.0	171.957123
14200.0	10900.0	165.379501
14250.0	10900.0	157.788376
14300.0	10900.0	149.425674
14350.0	10900.0	140.475479
14400.0	10900.0	131.088043
14450.0	10900.0	121.38166
14500.0	10900.0	111.457375
14550.0	10900.0	101.392876
14600.0	10900.0	91.268509
14650.0	10900.0	81.142494
14700.0	10900.0	71.07724
14750.0	10900.0	61.134312
14800.0	10900.0	51.375229
14850.0	10900.0	41.863026
14900.0	10900.0	32.650162
14950.0	10900.0	23.799784
15000.0	10900.0	15.356511
15050.0	10900.0	7.391707
15100.0	10900.0	-8.9e-05
15150.0	10900.0	-6.537838
15200.0	10900.0	-12.463779
15250.0	10900.0	-17.83567
15300.0	10900.0	-22.681334
15350.0	10900.0	-27.047832
15400.0	10900.0	-30.97472
15450.0	10900.0	-34.496021
15500.0	10900.0	-37.635124
15550.0	10900.0	-40.414986
15600.0	10900.0	-42.842281
15650.0	10900.0	-44.915367
15700.0	10900.0	-46.63829
15750.0	10900.0	-48.006645
15800.0	10900.0	-49.02441
15850.0	10900.0	-49.694862
15900.0	10900.0	-49.988102
15950.0	10900.0	-49.872379
16000.0	10900.0	-49.32502
16050.0	10900.0	-48.350117
16100.0	10900.0	-46.987072
16150.0	10900.0	-45.326035
16200.0	10900.0	-43.470421
16250.0	10900.0	-41.478123
16300.0	10900.0	-39.393246
16350.0	10900.0	-37.253021
16400.0	10900.0	-35.108379
16450.0	10900.0	-32.994568
16500.0	10900.0	-30.946026
16550.0	10900.0	-28.994442
16600.0	10900.0	-27.15938
16650.0	10900.0	-25.450687
16700.0	10900.0	-23.874693
16750.0	10900.0	-22.419353
16800.0	10900.0	-21.091846
16850.0	10900.0	-19.874943
16900.0	10900.0	-18.735153
16950.0	10900.0	-17.648886
17000.0	10900.0	-16.602259
17050.0	10900.0	-15.59036
17100.0	10900.0	-14.635451
17150.0	10900.0	-13.722321
17200.0	10900.0	-12.853828
17250.0	10900.0	-12.02465
17300.0	10900.0	-11.265575
17350.0	10900.0	-10.586259
17400.0	10900.0	-10.023545
17450.0	10900.0	-9.574207
17500.0	10900.0	-9.227006
17550.0	10900.0	-8.97482
17600.0	10900.0	-8.830287
17650.0	10900.0	-8.775839
17700.0	10900.0	-8.815169
17750.0	10900.0	-8.941973
17800.0	10900.0	-9.155961
17850.0	10900.0	-9.459644
17900.0	10900.0	-9.836908
17950.0	10900.0	-10.286244
18000.0	10900.0	-10.809106
18050.0	10900.0	-11.39891
18100.0	10900.0	-12.048306
18150.0	10900.0	-12.749638
18200.0	10900.0	-13.484571
18250.0	10900.0	-14.240784
18300.0	10900.0	-15.004623
10250.0	10950.0	23.549952
10300.0	10950.0	23.75798
10350.0	10950.0	23.97224
10400.0	10950.0	24.192139
10450.0	10950.0	24.406992
10500.0	10950.0	24.609905
10550.0	10950.0	24.819441
10600.0	10950.0	25.037073
10650.0	10950.0	25.248756
10700.0	10950.0	25.445061
10750.0	10950.0	25.630646
10800.0	10950.0	25.80036
10850.0	10950.0	25.961025
10900.0	10950.0	26.103209
10950.0	10950.0	26.218573
11000.0	10950.0	26.298712
11050.0	10950.0	26.335869
11100.0	10950.0	26.337952
11150.0	10950.0	26.310762
11200.0	10950.0	26.260475
11250.0	10950.0	26.166691
11300.0	10950.0	26.030319
11350.0	10950.0	25.851362
11400.0	10950.0	25.614431
11450.0	10950.0	25.283384
11500.0	10950.0	24.86071
11550.0	10950.0	24.342865
11600.0	10950.0	23.730949
11650.0	10950.0	23.004829
11700.0	10950.0	22.127096
11750.0	10950.0	21.083128
11800.0	10950.0	19.859362
11850.0	10950.0	18.457184
11900.0	10950.0	16.895006
11950.0	10950.0	15.230498
12000.0	10950.0	13.514975
12050.0	10950.0	11.803024
12100.0	10950.0	10.14397
12150.0	10950.0	8.5945
12200.0	10950.0	7.184388
12250.0	10950.0	5.943549
12300.0	10950.0	4.936397
12350.0	10950.0	4.183667
12400.0	10950.0	3.733769
12450.0	10950.0	3.634458
12500.0	10950.0	3.945084
12550.0	10950.0	4.704326
12600.0	10950.0	5.952204
12650.0	10950.0	7.722287
12700.0	10950.0	10.050188
12750.0	10950.0	12.954379
12800.0	10950.0	16.439085
12850.0	10950.0	20.49102
12900.0	10950.0	25.093231
12950.0	10950.0	30.233786
13000.0	10950.0	35.880699
13050.0	10950.0	42.005402
13100.0	10950.0	48.584507
13150.0	10950.0	55.604492
13200.0	10950.0	63.04018
13250.0	10950.0	70.861641
13300.0	10950.0	79.041687
13350.0	10950.0	87.554573
13400.0	10950.0	96.370964
13450.0	10950.0	105.440636
13500.0	10950.0	114.67144
13550.0	10950.0	123.969254
13600.0	10950.0	133.226364
13650.0	10950.0	142.326096
13700.0	10950.0	151.133148
13750.0	10950.0	159.502716
13800.0	10950.0	167.25824
13850.0	10950.0	174.174744
13900.0	10950.0	179.945419
13950.0	10950.0	184.07489
14000.0	10950.0	185.783295
14050.0	10950.0	184.285095
14100.0	10950.0	180.328842
14150.0	10950.0	174.661423
14200.0	10950.0	167.757919
14250.0	10950.0	159.930908
14300.0	10950.0	151.386917
14350.0	10950.0	142.29628
14400.0	10950.0	132.782104
14450.0	10950.0	122.962776
14500.0	10950.0	112.924698
14550.0	10950.0	102.748703
14600.0	10950.0	92.506622
14650.0	10950.0	82.265419
14700.0	10950.0	72.087692
14750.0	10950.0	62.038189
14800.0	10950.0	52.16927
14850.0	10950.0	42.554089
14900.0	10950.0	33.248207
14950.0	10950.0	24.314026
15000.0	10950.0	15.80973
15050.0	10950.0	7.808975
15100.0	10950.0	0.422957
15150.0	10950.0	-6.250911
15200.0	10950.0	-12.265649
15250.0	10950.0	-17.701435
15300.0	10950.0	-22.593794
15350.0	10950.0	-26.991966
15400.0	10950.0	-30.929203
15450.0	10950.0	-34.447792
15500.0	10950.0	-37.577095
15550.0	10950.0	-40.343124
15600.0	10950.0	-42.750221
15650.0	10950.0	-44.802277
15700.0	10950.0	-46.515594
15750.0	10950.0	-47.880531
15800.0	10950.0	-48.917591
15850.0	10950.0	-49.635147
15900.0	10950.0	-50.014793
15950.0	10950.0	-50.017452
16000.0	10950.0	-49.550331
16050.0	10950.0	-48.536469
16100.0	10950.0	-47.099834
16150.0	10950.0	-45.395164
16200.0	10950.0	-43.523933
16250.0	10950.0	-41.529354
16300.0	10950.0	-39.444542
16350.0	10950.0	-37.320213
16400.0	10950.0	-35.192848
16450.0	10950.0	-33.097645
16500.0	10950.0	-31.062572
16550.0	10950.0	-29.119761
16600.0	10950.0	-27.291594
16650.0	10950.0	-25.600664
16700.0	10950.0	-24.048508
16750.0	10950.0	-22.62005
16800.0	10950.0	-21.306559
16850.0	10950.0	-20.10677
16900.0	10950.0	-18.968439
16950.0	10950.0	-17.894039
17000.0	10950.0	-16.858522
17050.0	10950.0	-15.863028
17100.0	10950.0	-14.913604
17150.0	10950.0	-14.011842
17200.0	10950.0	-13.156545
17250.0	10950.0	-12.341158
17300.0	10950.0	-11.588079
17350.0	10950.0	-10.919401
17400.0	10950.0	-10.354866
17450.0	10950.0	-9.90004
17500.0	10950.0	-9.543908
17550.0	10950.0	-9.280413
17600.0	10950.0	-9.119955
17650.0	10950.0	-9.058753
17700.0	10950.0	-9.093504
17750.0	10950.0	-9.221239
17800.0	10950.0	-9.424782
17850.0	10950.0	-9.716926
17900.0	10950.0	-10.084218
17950.0	10950.0	-10.531468
18000.0	10950.0	-11.048589
18050.0	10950.0	-11.63653
18100.0	10950.0	-12.284842
18150.0	10950.0	-12.98503
18200.0	10950.0	-13.711444
18250.0	10950.0	-14.457158
18300.0	10950.0	-15.214231
10250.0	11000.0	23.505489
10300.0	11000.0	23.710146
10350.0	11000.0	23.928211
10400.0	11000.0	24.142887
10450.0	11000.0	24.354378
10500.0	11000.0	24.557766
10550.0	11000.0	24.764143
10600.0	11000.0	24.972731
10650.0	11000.0	25.18004
10700.0	11000.0	25.376709
10750.0	11000.0	25.56983
10800.0	11000.0	25.754461
10850.0	11000.0	25.941395
10900.0	11000.0	26.115847
10950.0	11000.0	26.268322
11000.0	11000.0	26.368061
11050.0	11000.0	26.415165
11100.0	11000.0	26.409552
11150.0	11000.0	26.376507
11200.0	11000.0	26.314186
11250.0	11000.0	26.216007
11300.0	11000.0	26.073618
11350.0	11000.0	25.891863
11400.0	11000.0	25.655064
11450.0	11000.0	25.327101
11500.0	11000.0	24.898563
11550.0	11000.0	24.367695
11600.0	11000.0	23.728794
11650.0	11000.0	22.962513
11700.0	11000.0	22.041727
11750.0	11000.0	20.943062
11800.0	11000.0	19.662756
11850.0	11000.0	18.193579
11900.0	11000.0	16.570957
11950.0	11000.0	14.848075
12000.0	11000.0	13.075315
12050.0	11000.0	11.289638
12100.0	11000.0	9.555778
12150.0	11000.0	7.916101
12200.0	11000.0	6.41996
12250.0	11000.0	5.087898
12300.0	11000.0	3.980668
12350.0	11000.0	3.122091
12400.0	11000.0	2.559428
12450.0	11000.0	2.349864
12500.0	11000.0	2.542284
12550.0	11000.0	3.197278
12600.0	11000.0	4.351356
12650.0	11000.0	6.051656
12700.0	11000.0	8.331476
12750.0	11000.0	11.208646
12800.0	11000.0	14.667012
12850.0	11000.0	18.694756
12900.0	11000.0	23.283272
12950.0	11000.0	28.411076
13000.0	11000.0	34.067638
13050.0	11000.0	40.209396
13100.0	11000.0	46.818954
13150.0	11000.0	53.86763
13200.0	11000.0	61.34259
13250.0	11000.0	69.211571
13300.0	11000.0	77.456978
13350.0	11000.0	86.04789
13400.0	11000.0	94.956276
13450.0	11000.0	104.124069
13500.0	11000.0	113.459419
13550.0	11000.0	122.869637
13600.0	11000.0	132.25235
13650.0	11000.0	141.498672
13700.0	11000.0	150.476852
13750.0	11000.0	159.048935
13800.0	11000.0	167.030563
13850.0	11000.0	174.210403
13900.0	11000.0	180.315125
13950.0	11000.0	184.968765
14000.0	11000.0	187.430954
14050.0	11000.0	185.419052
14100.0	11000.0	181.169434
14150.0	11000.0	175.386307
14200.0	11000.0	168.431488
14250.0	11000.0	160.581528
14300.0	11000.0	152.035156
14350.0	11000.0	142.949615
14400.0	11000.0	133.45076
14450.0	11000.0	123.634743
14500.0	11000.0	113.59745
14550.0	11000.0	103.403725
14600.0	11000.0	93.141457
14650.0	11000.0	82.87059
14700.0	11000.0	72.65715
14750.0	11000.0	62.567486
14800.0	11000.0	52.667233
14850.0	11000.0	43.025478
14900.0	11000.0	33.705307
14950.0	11000.0	24.777357
15000.0	11000.0	16.296631
15050.0	11000.0	8.341581
15100.0	11000.0	0.985163
15150.0	11000.0	-5.731808
15200.0	11000.0	-11.815548
15250.0	11000.0	-17.296631
15300.0	11000.0	-22.229095
15350.0	11000.0	-26.637363
15400.0	11000.0	-30.56653
15450.0	11000.0	-34.060139
15500.0	11000.0	-37.155823
15550.0	11000.0	-39.880169
15600.0	11000.0	-42.246094
15650.0	11000.0	-44.264267
15700.0	11000.0	-45.9412
15750.0	11000.0	-47.290218
15800.0	11000.0	-48.322124
15850.0	11000.0	-49.05962
15900.0	11000.0	-49.483631
15950.0	11000.0	-49.567753
16000.0	11000.0	-49.225716
16050.0	11000.0	-48.147797
16100.0	11000.0	-46.689518
16150.0	11000.0	-44.996166
16200.0	11000.0	-43.148533
16250.0	11000.0	-41.18222
16300.0	11000.0	-39.128448
16350.0	11000.0	-37.04871
16400.0	11000.0	-34.981136
16450.0	11000.0	-32.936863
16500.0	11000.0	-30.948858
16550.0	11000.0	-29.044708
16600.0	11000.0	-27.254564
16650.0	11000.0	-25.601852
16700.0	11000.0	-24.09133
16750.0	11000.0	-22.697102
16800.0	11000.0	-21.423882
16850.0	11000.0	-20.249826
16900.0	11000.0	-19.144051
16950.0	11000.0	-18.087534
17000.0	11000.0	-17.076948
17050.0	11000.0	-16.103258
17100.0	11000.0	-15.179872
17150.0	11000.0	-14.302548
17200.0	11000.0	-13.475357
17250.0	11000.0	-12.674187
17300.0	11000.0	-11.929642
17350.0	11000.0	-11.267556
17400.0	11000.0	-10.708728
17450.0	11000.0	-10.244975
17500.0	11000.0	-9.881018
17550.0	11000.0	-9.614362
17600.0	11000.0	-9.45352
17650.0	11000.0	-9.387862
17700.0	11000.0	-9.429535
17750.0	11000.0	-9.546014
17800.0	11000.0	-9.737558
17850.0	11000.0	-10.016476
17900.0	11000.0	-10.374355
17950.0	11000.0	-10.803161
18000.0	11000.0	-11.303944
18050.0	11000.0	-11.878247
18100.0	11000.0	-12.519349
18150.0	11000.0	-13.205761
18200.0	11000.0	-13.916943
18250.0	11000.0	-14.649446
18300.0	11000.0	-15.384718
10250.0	11050.0	23.460209
10300.0	11050.0	23.670012
10350.0	11050.0	23.891773
10400.0	11050.0	24.104662
10450.0	11050.0	24.306543
10500.0	11050.0	24.507463
10550.0	11050.0	24.698767
10600.0	11050.0	24.894634
10650.0	11050.0	25.098494
10700.0	11050.0	25.302446
10750.0	11050.0	25.505472
10800.0	11050.0	25.709805
10850.0	11050.0	25.916882
10900.0	11050.0	26.117805
10950.0	11050.0	26.291235
11000.0	11050.0	26.411486
11050.0	11050.0	26.472517
11100.0	11050.0	26.481419
11150.0	11050.0	26.451181
11200.0	11050.0	26.383436
11250.0	11050.0	26.273968
11300.0	11050.0	26.13114
11350.0	11050.0	25.94862
11400.0	11050.0	25.702509
11450.0	11050.0	25.368042
11500.0	11050.0	24.939899
11550.0	11050.0	24.408194
11600.0	11050.0	23.753286
11650.0	11050.0	22.955423
11700.0	11050.0	21.996109
11750.0	11050.0	20.850618
11800.0	11050.0	19.503891
11850.0	11050.0	17.972223
11900.0	11050.0	16.29212
11950.0	11050.0	14.520184
12000.0	11050.0	12.690867
12050.0	11050.0	10.844552
12100.0	11050.0	9.032534
12150.0	11050.0	7.319253
12200.0	11050.0	5.736196
12250.0	11050.0	4.317381
12300.0	11050.0	3.109846
12350.0	11050.0	2.149916
12400.0	11050.0	1.477385
12450.0	11050.0	1.146895
12500.0	11050.0	1.215025
12550.0	11050.0	1.742334
12600.0	11050.0	2.799496
12650.0	11050.0	4.438661
12700.0	11050.0	6.677814
12750.0	11050.0	9.513297
12800.0	11050.0	12.926897
12850.0	11050.0	16.912577
12900.0	11050.0	21.456837
12950.0	11050.0	26.54882
13000.0	11050.0	32.171509
13050.0	11050.0	38.29184
13100.0	11050.0	44.878853
13150.0	11050.0	51.911438
13200.0	11050.0	59.362881
13250.0	11050.0	67.219154
13300.0	11050.0	75.458473
13350.0	11050.0	84.054367
13400.0	11050.0	92.972176
13450.0	11050.0	102.144272
13500.0	11050.0	111.484619
13550.0	11050.0	120.892342
13600.0	11050.0	130.273071
13650.0	11050.0	139.519836
13700.0	11050.0	148.509842
13750.0	11050.0	157.085571
13800.0	11050.0	165.063904
13850.0	11050.0	172.203491
13900.0	11050.0	178.203384
13950.0	11050.0	182.557968
14000.0	11050.0	184.498383
14050.0	11050.0	183.23082
14100.0	11050.0	179.502335
14150.0	11050.0	174.04895
14200.0	11050.0	167.345337
14250.0	11050.0	159.706024
14300.0	11050.0	151.34137
14350.0	11050.0	142.421921
14400.0	11050.0	133.063766
14450.0	11050.0	123.375206
14500.0	11050.0	113.440445
14550.0	11050.0	103.333046
14600.0	11050.0	93.13472
14650.0	11050.0	82.920105
14700.0	11050.0	72.751045
14750.0	11050.0	62.704762
14800.0	11050.0	52.846966
14850.0	11050.0	43.258488
14900.0	11050.0	34.000931
14950.0	11050.0	25.149139
15000.0	11050.0	16.761646
15050.0	11050.0	8.892555
15100.0	11050.0	1.601578
15150.0	11050.0	-5.090689
15200.0	11050.0	-11.17082
15250.0	11050.0	-16.662741
15300.0	11050.0	-21.591328
15350.0	11050.0	-25.986086
15400.0	11050.0	-29.884752
15450.0	11050.0	-33.332649
15500.0	11050.0	-36.372192
15550.0	11050.0	-39.036087
15600.0	11050.0	-41.344685
15650.0	11050.0	-43.307011
15700.0	11050.0	-44.941483
15750.0	11050.0	-46.250896
15800.0	11050.0	-47.255379
15850.0	11050.0	-47.969563
15900.0	11050.0	-48.37772
15950.0	11050.0	-48.421349
16000.0	11050.0	-48.018894
16050.0	11050.0	-47.081661
16100.0	11050.0	-45.741756
16150.0	11050.0	-44.1315
16200.0	11050.0	-42.353268
16250.0	11050.0	-40.453865
16300.0	11050.0	-38.471508
16350.0	11050.0	-36.462841
16400.0	11050.0	-34.468647
16450.0	11050.0	-32.507496
16500.0	11050.0	-30.598764
16550.0	11050.0	-28.768539
16600.0	11050.0	-27.044044
16650.0	11050.0	-25.453964
16700.0	11050.0	-24.003523
16750.0	11050.0	-22.673826
16800.0	11050.0	-21.448675
16850.0	11050.0	-20.318743
16900.0	11050.0	-19.251488
16950.0	11050.0	-18.237118
17000.0	11050.0	-17.258364
17050.0	11050.0	-16.322924
17100.0	11050.0	-15.432775
17150.0	11050.0	-14.594218
17200.0	11050.0	-13.791606
17250.0	11050.0	-13.0199
17300.0	11050.0	-12.289268
17350.0	11050.0	-11.638364
17400.0	11050.0	-11.080396
17450.0	11050.0	-10.617871
17500.0	11050.0	-10.24526
17550.0	11050.0	-9.979126
17600.0	11050.0	-9.821551
17650.0	11050.0	-9.767428
17700.0	11050.0	-9.802729
17750.0	11050.0	-9.910606
17800.0	11050.0	-10.091793
17850.0	11050.0	-10.362803
17900.0	11050.0	-10.700395
17950.0	11050.0	-11.108531
18000.0	11050.0	-11.582519
18050.0	11050.0	-12.130422
18100.0	11050.0	-12.74684
18150.0	11050.0	-13.412974
18200.0	11050.0	-14.101941
18250.0	11050.0	-14.808703
18300.0	11050.0	-15.522304
10250.0	11100.0	23.419544
10300.0	11100.0	23.641838
10350.0	11100.0	23.858395
10400.0	11100.0	24.06436
10450.0	11100.0	24.262774
10500.0	11100.0	24.446135
10550.0	11100.0	24.623842
10600.0	11100.0	24.808628
10650.0	11100.0	25.01553
10700.0	11100.0	25.227421
10750.0	11100.0	25.448736
10800.0	11100.0	25.66972
10850.0	11100.0	25.89163
10900.0	11100.0	26.107525
10950.0	11100.0	26.289444
11000.0	11100.0	26.422949
11050.0	11100.0	26.503948
11100.0	11100.0	26.53631
11150.0	11100.0	26.520802
11200.0	11100.0	26.460201
11250.0	11100.0	26.357019
11300.0	11100.0	26.212851
11350.0	11100.0	26.021471
11400.0	11100.0	25.759993
11450.0	11100.0	25.415304
11500.0	11100.0	24.985174
11550.0	11100.0	24.455601
11600.0	11100.0	23.795551
11650.0	11100.0	22.981569
11700.0	11100.0	21.985558
11750.0	11100.0	20.789989
11800.0	11100.0	19.389822
11850.0	11100.0	17.80245
11900.0	11100.0	16.068077
11950.0	11100.0	14.243539
12000.0	11100.0	12.364433
12050.0	11100.0	10.463998
12100.0	11100.0	8.591919
12150.0	11100.0	6.804049
12200.0	11100.0	5.144866
12250.0	11100.0	3.639827
12300.0	11100.0	2.341345
12350.0	11100.0	1.286727
12400.0	11100.0	0.50963
12450.0	11100.0	0.055488
12500.0	11100.0	-0.010374
12550.0	11100.0	0.383087
12600.0	11100.0	1.330352
12650.0	11100.0	2.916408
12700.0	11100.0	5.111569
12750.0	11100.0	7.889784
12800.0	11100.0	11.242002
12850.0	11100.0	15.158457
12900.0	11100.0	19.633032
12950.0	11100.0	24.654545
13000.0	11100.0	30.199316
13050.0	11100.0	36.243767
13100.0	11100.0	42.759571
13150.0	11100.0	49.716843
13200.0	11100.0	57.095135
13250.0	11100.0	64.875694
13300.0	11100.0	73.044777
13350.0	11100.0	81.572075
13400.0	11100.0	90.416153
13450.0	11100.0	99.501122
13500.0	11100.0	108.743683
13550.0	11100.0	118.046928
13600.0	11100.0	127.308014
13650.0	11100.0	136.425201
13700.0	11100.0	145.263351
13750.0	11100.0	153.656479
13800.0	11100.0	161.389191
13850.0	11100.0	168.215027
13900.0	11100.0	173.774597
13950.0	11100.0	177.606216
14000.0	11100.0	179.238525
14050.0	11100.0	178.481339
14100.0	11100.0	175.488556
14150.0	11100.0	170.687897
14200.0	11100.0	164.513229
14250.0	11100.0	157.304306
14300.0	11100.0	149.304611
14350.0	11100.0	140.692444
14400.0	11100.0	131.608673
14450.0	11100.0	122.156746
14500.0	11100.0	112.435623
14550.0	11100.0	102.511757
14600.0	11100.0	92.473831
14650.0	11100.0	82.39843
14700.0	11100.0	72.355431
14750.0	11100.0	62.425957
14800.0	11100.0	52.693172
14850.0	11100.0	43.229527
14900.0	11100.0	34.106152
14950.0	11100.0	25.39263
15000.0	11100.0	17.145756
15050.0	11100.0	9.411715
15100.0	11100.0	2.227299
15150.0	11100.0	-4.381819
15200.0	11100.0	-10.400156
15250.0	11100.0	-15.841916
15300.0	11100.0	-20.721003
15350.0	11100.0	-25.061066
15400.0	11100.0	-28.901751
15450.0	11100.0	-32.279869
15500.0	11100.0	-35.243717
15550.0	11100.0	-37.825748
15600.0	11100.0	-40.060814
15650.0	11100.0	-41.955639
15700.0	11100.0	-43.526089
15750.0	11100.0	-44.779144
15800.0	11100.0	-45.728909
15850.0	11100.0	-46.386765
15900.0	11100.0	-46.723976
15950.0	11100.0	-46.701279
16000.0	11100.0	-46.278343
16050.0	11100.0	-45.460522
16100.0	11100.0	-44.280323
16150.0	11100.0	-42.81601
16200.0	11100.0	-41.154575
16250.0	11100.0	-39.36446
16300.0	11100.0	-37.486416
16350.0	11100.0	-35.574806
16400.0	11100.0	-33.676182
16450.0	11100.0	-31.811525
16500.0	11100.0	-30.013258
16550.0	11100.0	-28.292912
16600.0	11100.0	-26.672647
16650.0	11100.0	-25.170944
16700.0	11100.0	-23.799957
16750.0	11100.0	-22.544962
16800.0	11100.0	-21.393574
16850.0	11100.0	-20.318562
16900.0	11100.0	-19.30666
16950.0	11100.0	-18.341055
17000.0	11100.0	-17.407923
17050.0	11100.0	-16.514105
17100.0	11100.0	-15.675677
17150.0	11100.0	-14.878198
17200.0	11100.0	-14.113019
17250.0	11100.0	-13.367468
17300.0	11100.0	-12.667541
17350.0	11100.0	-12.027407
17400.0	11100.0	-11.473979
17450.0	11100.0	-11.015294
17500.0	11100.0	-10.648749
17550.0	11100.0	-10.381798
17600.0	11100.0	-10.228499
17650.0	11100.0	-10.176146
17700.0	11100.0	-10.2067
17750.0	11100.0	-10.308516
17800.0	11100.0	-10.485711
17850.0	11100.0	-10.740977
17900.0	11100.0	-11.064464
17950.0	11100.0	-11.443021
18000.0	11100.0	-11.886988
18050.0	11100.0	-12.398048
18100.0	11100.0	-12.979939
18150.0	11100.0	-13.611117
18200.0	11100.0	-14.268023
18250.0	11100.0	-14.937753
18300.0	11100.0	-15.617699
10250.0	11150.0	23.398569
10300.0	11150.0	23.616144
10350.0	11150.0	23.819843
10400.0	11150.0	24.016113
10450.0	11150.0	24.20783
10500.0	11150.0	24.377909
10550.0	11150.0	24.544559
10600.0	11150.0	24.725588
10650.0	11150.0	24.935219
10700.0	11150.0	25.163027
10750.0	11150.0	25.400558
10800.0	11150.0	25.635639
10850.0	11150.0	25.865185
10900.0	11150.0	26.079
10950.0	11150.0	26.263973
11000.0	11150.0	26.409258
11050.0	11150.0	26.51128
11100.0	11150.0	26.567999
11150.0	11150.0	26.577051
11200.0	11150.0	26.53615
11250.0	11150.0	26.447733
11300.0	11150.0	26.309952
11350.0	11150.0	26.112293
11400.0	11150.0	25.843052
11450.0	11150.0	25.486769
11500.0	11150.0	25.048048
11550.0	11150.0	24.510033
11600.0	11150.0	23.847549
11650.0	11150.0	23.020414
11700.0	11150.0	21.995857
11750.0	11150.0	20.760714
11800.0	11150.0	19.31595
11850.0	11150.0	17.686214
11900.0	11150.0	15.906
11950.0	11150.0	14.029525
12000.0	11150.0	12.103244
12050.0	11150.0	10.155808
12100.0	11150.0	8.230945
12150.0	11150.0	6.381632
12200.0	11150.0	4.651618
12250.0	11150.0	3.063601
12300.0	11150.0	1.682797
12350.0	11150.0	0.535275
12400.0	11150.0	-0.340367
12450.0	11150.0	-0.899351
12500.0	11150.0	-1.080249
12550.0	11150.0	-0.810029
12600.0	11150.0	-0.000322
12650.0	11150.0	1.536084
12700.0	11150.0	3.659605
12750.0	11150.0	6.352834
12800.0	11150.0	9.613776
12850.0	11150.0	13.437504
12900.0	11150.0	17.813059
12950.0	11150.0	22.726135
13000.0	11150.0	28.152054
13050.0	11150.0	34.07098
13100.0	11150.0	40.457874
13150.0	11150.0	47.284901
13200.0	11150.0	54.532803
13250.0	11150.0	62.18222
13300.0	11150.0	70.217514
13350.0	11150.0	78.60363
13400.0	11150.0	87.291283
13450.0	11150.0	96.205566
13500.0	11150.0	105.256989
13550.0	11150.0	114.358826
13600.0	11150.0	123.396049
13650.0	11150.0	132.259094
13700.0	11150.0	140.795532
13750.0	11150.0	148.828018
13800.0	11150.0	156.135513
13850.0	11150.0	162.458252
13900.0	11150.0	167.486938
13950.0	11150.0	170.876556
14000.0	11150.0	172.383575
14050.0	11150.0	171.941727
14100.0	11150.0	169.58728
14150.0	11150.0	165.519791
14200.0	11150.0	160.035706
14250.0	11150.0	153.431061
14300.0	11150.0	145.946091
14350.0	11150.0	137.7798
14400.0	11150.0	129.084671
14450.0	11150.0	119.985611
14500.0	11150.0	110.575066
14550.0	11150.0	100.931778
14600.0	11150.0	91.143097
14650.0	11150.0	81.289383
14700.0	11150.0	71.453705
14750.0	11150.0	61.722557
14800.0	11150.0	52.182621
14850.0	11150.0	42.918613
14900.0	11150.0	33.993568
14950.0	11150.0	25.479729
15000.0	11150.0	17.426342
15050.0	11150.0	9.868732
15100.0	11150.0	2.840365
15150.0	11150.0	-3.637842
15200.0	11150.0	-9.540623
15250.0	11150.0	-14.87938
15300.0	11150.0	-19.65519
15350.0	11150.0	-23.897657
15400.0	11150.0	-27.639935
15450.0	11150.0	-30.928919
15500.0	11150.0	-33.79858
15550.0	11150.0	-36.293308
15600.0	11150.0	-38.432858
15650.0	11150.0	-40.237976
15700.0	11150.0	-41.720692
15750.0	11150.0	-42.89389
15800.0	11150.0	-43.761871
15850.0	11150.0	-44.337978
15900.0	11150.0	-44.599201
15950.0	11150.0	-44.529346
16000.0	11150.0	-44.124573
16050.0	11150.0	-43.405365
16100.0	11150.0	-42.375957
16150.0	11150.0	-41.073093
16200.0	11150.0	-39.57016
16250.0	11150.0	-37.927135
16300.0	11150.0	-36.191708
16350.0	11150.0	-34.411476
16400.0	11150.0	-32.625103
16450.0	11150.0	-30.888208
16500.0	11150.0	-29.218864
16550.0	11150.0	-27.633112
16600.0	11150.0	-26.140451
16650.0	11150.0	-24.755543
16700.0	11150.0	-23.484709
16750.0	11150.0	-22.328011
16800.0	11150.0	-21.259821
16850.0	11150.0	-20.260313
16900.0	11150.0	-19.309368
16950.0	11150.0	-18.406469
17000.0	11150.0	-17.527723
17050.0	11150.0	-16.690779
17100.0	11150.0	-15.906213
17150.0	11150.0	-15.157322
17200.0	11150.0	-14.426744
17250.0	11150.0	-13.71837
17300.0	11150.0	-13.048962
17350.0	11150.0	-12.433095
17400.0	11150.0	-11.894801
17450.0	11150.0	-11.446864
17500.0	11150.0	-11.089405
17550.0	11150.0	-10.825693
17600.0	11150.0	-10.673012
17650.0	11150.0	-10.6133
17700.0	11150.0	-10.633867
17750.0	11150.0	-10.733913
17800.0	11150.0	-10.901449
17850.0	11150.0	-11.145226
17900.0	11150.0	-11.451382
17950.0	11150.0	-11.811863
18000.0	11150.0	-12.218215
18050.0	11150.0	-12.689569
18100.0	11150.0	-13.221849
18150.0	11150.0	-13.810752
18200.0	11150.0	-14.419204
18250.0	11150.0	-15.037071
18300.0	11150.0	-15.664272
10250.0	11200.0	23.399519
10300.0	11200.0	23.587698
10350.0	11200.0	23.774975
10400.0	11200.0	23.9571
10450.0	11200.0	24.132837
10500.0	11200.0	24.302904
10550.0	11200.0	24.473194
10600.0	11200.0	24.651953
10650.0	11200.0	24.867325
10700.0	11200.0	25.109379
10750.0	11200.0	25.361197
10800.0	11200.0	25.600941
10850.0	11200.0	25.830591
10900.0	11200.0	26.037586
10950.0	11200.0	26.218433
11000.0	11200.0	26.375572
11050.0	11200.0	26.497086
11100.0	11200.0	26.576443
11150.0	11200.0	26.614954
11200.0	11200.0	26.604641
11250.0	11200.0	26.533773
11300.0	11200.0	26.406889
11350.0	11200.0	26.217531
11400.0	11200.0	25.947428
11450.0	11200.0	25.591471
11500.0	11200.0	25.141766
11550.0	11200.0	24.589424
11600.0	11200.0	23.91061
11650.0	11200.0	23.065664
11700.0	11200.0	22.014761
11750.0	11200.0	20.749521
11800.0	11200.0	19.276484
11850.0	11200.0	17.612389
11900.0	11200.0	15.80115
11950.0	11200.0	13.894984
12000.0	11200.0	11.921745
12050.0	11200.0	9.930679
12100.0	11200.0	7.96149
12150.0	11200.0	6.05623
12200.0	11200.0	4.253858
12250.0	11200.0	2.600625
12300.0	11200.0	1.136234
12350.0	11200.0	-0.101216
12400.0	11200.0	-1.066405
12450.0	11200.0	-1.710569
12500.0	11200.0	-1.970339
12550.0	11200.0	-1.776603
12600.0	11200.0	-1.029508
12650.0	11200.0	0.351846
12700.0	11200.0	2.342378
12750.0	11200.0	4.913158
12800.0	11200.0	8.057224
12850.0	11200.0	11.75563
12900.0	11200.0	15.999206
12950.0	11200.0	20.769646
13000.0	11200.0	26.037294
13050.0	11200.0	31.786776
13100.0	11200.0	37.994137
13150.0	11200.0	44.639076
13200.0	11200.0	51.702126
13250.0	11200.0	59.16188
13300.0	11200.0	66.997124
13350.0	11200.0	75.164764
13400.0	11200.0	83.619766
13450.0	11200.0	92.283684
13500.0	11200.0	101.062363
13550.0	11200.0	109.865013
13600.0	11200.0	118.577843
13650.0	11200.0	127.069542
13700.0	11200.0	135.180481
13750.0	11200.0	142.726181
13800.0	11200.0	149.498108
13850.0	11200.0	155.269119
13900.0	11200.0	159.794388
13950.0	11200.0	162.852722
14000.0	11200.0	164.304657
14050.0	11200.0	164.10144
14100.0	11200.0	162.255219
14150.0	11200.0	158.863586
14200.0	11200.0	154.100952
14250.0	11200.0	148.18782
14300.0	11200.0	141.327911
14350.0	11200.0	133.719131
14400.0	11200.0	125.524986
14450.0	11200.0	116.874153
14500.0	11200.0	107.864357
14550.0	11200.0	98.587517
14600.0	11200.0	89.13266
14650.0	11200.0	79.591377
14700.0	11200.0	70.048653
14750.0	11200.0	60.593227
14800.0	11200.0	51.323792
14850.0	11200.0	42.322701
14900.0	11200.0	33.657593
14950.0	11200.0	25.396723
15000.0	11200.0	17.584068
15050.0	11200.0	10.251119
15100.0	11200.0	3.422757
15150.0	11200.0	-2.874358
15200.0	11200.0	-8.615437
15250.0	11200.0	-13.79878
15300.0	11200.0	-18.427252
15350.0	11200.0	-22.52841
15400.0	11200.0	-26.143988
15450.0	11200.0	-29.312422
15500.0	11200.0	-32.079987
15550.0	11200.0	-34.466503
15600.0	11200.0	-36.499855
15650.0	11200.0	-38.191849
15700.0	11200.0	-39.568378
15750.0	11200.0	-40.636745
15800.0	11200.0	-41.411137
15850.0	11200.0	-41.901497
15900.0	11200.0	-42.098728
15950.0	11200.0	-42.008945
16000.0	11200.0	-41.638042
16050.0	11200.0	-41.005135
16100.0	11200.0	-40.110542
16150.0	11200.0	-38.975037
16200.0	11200.0	-37.648857
16250.0	11200.0	-36.182632
16300.0	11200.0	-34.614567
16350.0	11200.0	-32.986435
16400.0	11200.0	-31.353212
16450.0	11200.0	-29.762777
16500.0	11200.0	-28.246126
16550.0	11200.0	-26.810284
16600.0	11200.0	-25.462366
16650.0	11200.0	-24.213453
16700.0	11200.0	-23.074011
16750.0	11200.0	-22.027092
16800.0	11200.0	-21.059504
16850.0	11200.0	-20.148016
16900.0	11200.0	-19.275402
16950.0	11200.0	-18.434418
17000.0	11200.0	-17.625095
17050.0	11200.0	-16.85581
17100.0	11200.0	-16.124607
17150.0	11200.0	-15.420552
17200.0	11200.0	-14.738065
17250.0	11200.0	-14.065479
17300.0	11200.0	-13.435026
17350.0	11200.0	-12.852807
17400.0	11200.0	-12.340959
17450.0	11200.0	-11.910032
17500.0	11200.0	-11.56756
17550.0	11200.0	-11.31207
17600.0	11200.0	-11.148558
17650.0	11200.0	-11.073284
17700.0	11200.0	-11.086143
17750.0	11200.0	-11.178614
17800.0	11200.0	-11.337484
17850.0	11200.0	-11.56646
17900.0	11200.0	-11.85826
17950.0	11200.0	-12.197206
18000.0	11200.0	-12.578729
18050.0	11200.0	-13.006149
18100.0	11200.0	-13.486341
18150.0	11200.0	-14.01166
18200.0	11200.0	-14.555768
18250.0	11200.0	-15.106274
18300.0	11200.0	-15.666344
10250.0	11250.0	23.410118
10300.0	11250.0	23.560671
10350.0	11250.0	23.722542
10400.0	11250.0	23.883636
10450.0	11250.0	24.048882
10500.0	11250.0	24.229782
10550.0	11250.0	24.4076
10600.0	11250.0	24.593405
10650.0	11250.0	24.815264
10700.0	11250.0	25.06625
10750.0	11250.0	25.321356
10800.0	11250.0	25.562857
10850.0	11250.0	25.781841
10900.0	11250.0	25.983412
10950.0	11250.0	26.165884
11000.0	11250.0	26.326803
11050.0	11250.0	26.463343
11100.0	11250.0	26.565912
11150.0	11250.0	26.633387
11200.0	11250.0	26.650805
11250.0	11250.0	26.605717
11300.0	11250.0	26.500811
11350.0	11250.0	26.326401
11400.0	11250.0	26.071711
11450.0	11250.0	25.724358
11500.0	11250.0	25.271101
11550.0	11250.0	24.698639
11600.0	11250.0	23.994661
11650.0	11250.0	23.112644
11700.0	11250.0	22.039381
11750.0	11250.0	20.753517
11800.0	11250.0	19.264196
11850.0	11250.0	17.583094
11900.0	11250.0	15.754296
11950.0	11250.0	13.825963
12000.0	11250.0	11.827209
12050.0	11250.0	9.799105
12100.0	11250.0	7.78924
12150.0	11250.0	5.832522
12200.0	11250.0	3.971235
12250.0	11250.0	2.249142
12300.0	11250.0	0.708606
12350.0	11250.0	-0.609515
12400.0	11250.0	-1.654119
12450.0	11250.0	-2.366228
12500.0	11250.0	-2.693513
12550.0	11250.0	-2.558692
12600.0	11250.0	-1.903159
12650.0	11250.0	-0.666084
12700.0	11250.0	1.163893
12750.0	11250.0	3.5875
12800.0	11250.0	6.577186
12850.0	11250.0	10.122071
12900.0	11250.0	14.199582
12950.0	11250.0	18.791018
13000.0	11250.0	23.868439
13050.0	11250.0	29.407234
13100.0	11250.0	35.394707
13150.0	11250.0	41.812534
13200.0	11250.0	48.640697
13250.0	11250.0	55.852242
13300.0	11250.0	63.418457
13350.0	11250.0	71.299927
13400.0	11250.0	79.446503
13450.0	11250.0	87.779266
13500.0	11250.0	96.206528
13550.0	11250.0	104.621773
13600.0	11250.0	112.910309
13650.0	11250.0	120.933609
13700.0	11250.0	128.524429
13750.0	11250.0	135.514664
13800.0	11250.0	141.71962
13850.0	11250.0	146.953949
13900.0	11250.0	151.040054
13950.0	11250.0	153.841568
14000.0	11250.0	155.260696
14050.0	11250.0	155.260895
14100.0	11250.0	153.8311
14150.0	11250.0	151.019531
14200.0	11250.0	146.938766
14250.0	11250.0	141.722778
14300.0	11250.0	135.550705
14350.0	11250.0	128.57547
14400.0	11250.0	120.967209
14450.0	11250.0	112.850716
14500.0	11250.0	104.326561
14550.0	11250.0	95.496582
14600.0	11250.0	86.46244
14650.0	11250.0	77.317642
14700.0	11250.0	68.151062
14750.0	11250.0	59.052292
14800.0	11250.0	50.122219
14850.0	11250.0	41.44762
14900.0	11250.0	33.100597
14950.0	11250.0	25.141031
15000.0	11250.0	17.614111
15050.0	11250.0	10.542879
15100.0	11250.0	3.954803
15150.0	11250.0	-2.114468
15200.0	11250.0	-7.64834
15250.0	11250.0	-12.63158
15300.0	11250.0	-17.073835
15350.0	11250.0	-21.003157
15400.0	11250.0	-24.458853
15450.0	11250.0	-27.484077
15500.0	11250.0	-30.11557
15550.0	11250.0	-32.380852
15600.0	11250.0	-34.287407
15650.0	11250.0	-35.861927
15700.0	11250.0	-37.115005
15750.0	11250.0	-38.072346
15800.0	11250.0	-38.75016
15850.0	11250.0	-39.162613
15900.0	11250.0	-39.316002
15950.0	11250.0	-39.218922
16000.0	11250.0	-38.890106
16050.0	11250.0	-38.339527
16100.0	11250.0	-37.56583
16150.0	11250.0	-36.590023
16200.0	11250.0	-35.447792
16250.0	11250.0	-34.167919
16300.0	11250.0	-32.784122
16350.0	11250.0	-31.334372
16400.0	11250.0	-29.879448
16450.0	11250.0	-28.46804
16500.0	11250.0	-27.121956
16550.0	11250.0	-25.852036
16600.0	11250.0	-24.665136
16650.0	11250.0	-23.573259
16700.0	11250.0	-22.578114
16750.0	11250.0	-21.662498
16800.0	11250.0	-20.803978
16850.0	11250.0	-19.991104
16900.0	11250.0	-19.203661
16950.0	11250.0	-18.439489
17000.0	11250.0	-17.70171
17050.0	11250.0	-16.999725
17100.0	11250.0	-16.325327
17150.0	11250.0	-15.677012
17200.0	11250.0	-15.03969
17250.0	11250.0	-14.418354
17300.0	11250.0	-13.827229
17350.0	11250.0	-13.284604
17400.0	11250.0	-12.805429
17450.0	11250.0	-12.40229
17500.0	11250.0	-12.071497
17550.0	11250.0	-11.824921
17600.0	11250.0	-11.652579
17650.0	11250.0	-11.560309
17700.0	11250.0	-11.565376
17750.0	11250.0	-11.642656
17800.0	11250.0	-11.790679
17850.0	11250.0	-12.005679
17900.0	11250.0	-12.278851
17950.0	11250.0	-12.596913
18000.0	11250.0	-12.953904
18050.0	11250.0	-13.342276
18100.0	11250.0	-13.765779
18150.0	11250.0	-14.215815
18200.0	11250.0	-14.682796
18250.0	11250.0	-15.157117
18300.0	11250.0	-15.628355
10250.0	11300.0	23.412132
10300.0	11300.0	23.53381
10350.0	11300.0	23.666943
10400.0	11300.0	23.807312
10450.0	11300.0	23.969797
10500.0	11300.0	24.158947
10550.0	11300.0	24.353027
10600.0	11300.0	24.549681
10650.0	11300.0	24.777246
10700.0	11300.0	25.025826
10750.0	11300.0	25.276632
10800.0	11300.0	25.509775
10850.0	11300.0	25.725021
10900.0	11300.0	25.925671
10950.0	11300.0	26.104675
11000.0	11300.0	26.26734
11050.0	11300.0	26.416006
11100.0	11300.0	26.53676
11150.0	11300.0	26.628214
11200.0	11300.0	26.674849
11250.0	11300.0	26.659803
11300.0	11300.0	26.583422
11350.0	11300.0	26.438557
11400.0	11300.0	26.204906
11450.0	11300.0	25.876167
11500.0	11300.0	25.425198
11550.0	11300.0	24.837198
11600.0	11300.0	24.095863
11650.0	11300.0	23.179031
11700.0	11300.0	22.073616
11750.0	11300.0	20.773485
11800.0	11300.0	19.276674
11850.0	11300.0	17.592861
11900.0	11300.0	15.760223
11950.0	11300.0	13.825938
12000.0	11300.0	11.814087
12050.0	11300.0	9.762674
12100.0	11300.0	7.718444
12150.0	11300.0	5.719773
12200.0	11300.0	3.803677
12250.0	11300.0	2.022514
12300.0	11300.0	0.413912
12350.0	11300.0	-0.972128
12400.0	11300.0	-2.0862
12450.0	11300.0	-2.869542
12500.0	11300.0	-3.258413
12550.0	11300.0	-3.203462
12600.0	11300.0	-2.645925
12650.0	11300.0	-1.549363
12700.0	11300.0	0.125817
12750.0	11300.0	2.369385
12800.0	11300.0	5.177799
12850.0	11300.0	8.530997
12900.0	11300.0	12.408495
12950.0	11300.0	16.791676
13000.0	11300.0	21.643671
13050.0	11300.0	26.947004
13100.0	11300.0	32.680531
13150.0	11300.0	38.836372
13200.0	11300.0	45.386688
13250.0	11300.0	52.296406
13300.0	11300.0	59.532547
13350.0	11300.0	67.062065
13400.0	11300.0	74.831467
13450.0	11300.0	82.761925
13500.0	11300.0	90.754181
13550.0	11300.0	98.701691
13600.0	11300.0	106.485886
13650.0	11300.0	113.960388
13700.0	11300.0	120.976341
13750.0	11300.0	127.38298
13800.0	11300.0	133.031708
13850.0	11300.0	137.773529
13900.0	11300.0	141.48494
13950.0	11300.0	144.069565
14000.0	11300.0	145.467346
14050.0	11300.0	145.633392
14100.0	11300.0	144.553986
14150.0	11300.0	142.244537
14200.0	11300.0	138.77124
14250.0	11300.0	134.230469
14300.0	11300.0	128.748428
14350.0	11300.0	122.453064
14400.0	11300.0	115.484741
14450.0	11300.0	107.966072
14500.0	11300.0	99.999229
14550.0	11300.0	91.697197
14600.0	11300.0	83.157043
14650.0	11300.0	74.486656
14700.0	11300.0	65.772751
14750.0	11300.0	57.109539
14800.0	11300.0	48.590012
14850.0	11300.0	40.302856
14900.0	11300.0	32.32642
14950.0	11300.0	24.712643
15000.0	11300.0	17.502943
15050.0	11300.0	10.727201
15100.0	11300.0	4.420932
15150.0	11300.0	-1.38294
15200.0	11300.0	-6.660342
15250.0	11300.0	-11.407889
15300.0	11300.0	-15.632796
15350.0	11300.0	-19.362415
15400.0	11300.0	-22.634401
15450.0	11300.0	-25.484982
15500.0	11300.0	-27.961992
15550.0	11300.0	-30.078299
15600.0	11300.0	-31.846863
15650.0	11300.0	-33.286774
15700.0	11300.0	-34.419022
15750.0	11300.0	-35.263367
15800.0	11300.0	-35.847576
15850.0	11300.0	-36.191647
15900.0	11300.0	-36.315136
15950.0	11300.0	-36.226246
16000.0	11300.0	-35.938763
16050.0	11300.0	-35.462078
16100.0	11300.0	-34.802681
16150.0	11300.0	-33.976486
16200.0	11300.0	-33.00787
16250.0	11300.0	-31.922009
16300.0	11300.0	-30.736752
16350.0	11300.0	-29.488377
16400.0	11300.0	-28.242161
16450.0	11300.0	-27.035652
16500.0	11300.0	-25.880177
16550.0	11300.0	-24.796595
16600.0	11300.0	-23.784201
16650.0	11300.0	-22.859364
16700.0	11300.0	-22.022585
16750.0	11300.0	-21.244625
16800.0	11300.0	-20.507137
16850.0	11300.0	-19.79616
16900.0	11300.0	-19.104416
16950.0	11300.0	-18.421659
17000.0	11300.0	-17.761126
17050.0	11300.0	-17.124237
17100.0	11300.0	-16.512629
17150.0	11300.0	-15.919714
17200.0	11300.0	-15.341126
17250.0	11300.0	-14.770315
17300.0	11300.0	-14.231356
17350.0	11300.0	-13.725041
17400.0	11300.0	-13.281253
17450.0	11300.0	-12.905938
17500.0	11300.0	-12.595461
17550.0	11300.0	-12.351797
17600.0	11300.0	-12.177834
17650.0	11300.0	-12.079258
17700.0	11300.0	-12.065943
17750.0	11300.0	-12.132857
17800.0	11300.0	-12.267186
17850.0	11300.0	-12.464205
17900.0	11300.0	-12.712728
17950.0	11300.0	-13.00338
18000.0	11300.0	-13.332795
18050.0	11300.0	-13.682614
18100.0	11300.0	-14.047781
18150.0	11300.0	-14.423183
18200.0	11300.0	-14.806995
18250.0	11300.0	-15.18879
18300.0	11300.0	-15.57081
10250.0	11350.0	23.392656
10300.0	11350.0	23.50112
10350.0	11350.0	23.608732
10400.0	11350.0	23.742638
10450.0	11350.0	23.911417
10500.0	11350.0	24.100903
10550.0	11350.0	24.304131
10600.0	11350.0	24.518436
10650.0	11350.0	24.744846
10700.0	11350.0	24.981441
10750.0	11350.0	25.221418
10800.0	11350.0	25.449734
10850.0	11350.0	25.661226
10900.0	11350.0	25.860775
10950.0	11350.0	26.03767
11000.0	11350.0	26.200644
11050.0	11350.0	26.353252
11100.0	11350.0	26.492615
11150.0	11350.0	26.603827
11200.0	11350.0	26.676167
11250.0	11350.0	26.69626
11300.0	11350.0	26.657984
11350.0	11350.0	26.542538
11400.0	11350.0	26.339928
11450.0	11350.0	26.030655
11500.0	11350.0	25.589542
11550.0	11350.0	24.990345
11600.0	11350.0	24.220575
11650.0	11350.0	23.269119
11700.0	11350.0	22.133184
11750.0	11350.0	20.814356
11800.0	11350.0	19.314106
11850.0	11350.0	17.635715
11900.0	11350.0	15.812895
11950.0	11350.0	13.88988
12000.0	11350.0	11.882641
12050.0	11350.0	9.82215
12100.0	11350.0	7.751899
12150.0	11350.0	5.719456
12200.0	11350.0	3.764383
12250.0	11350.0	1.929657
12300.0	11350.0	0.266981
12350.0	11350.0	-1.177728
12400.0	11350.0	-2.354764
12450.0	11350.0	-3.212497
12500.0	11350.0	-3.686802
12550.0	11350.0	-3.720926
12600.0	11350.0	-3.273168
12650.0	11350.0	-2.306142
12700.0	11350.0	-0.80074
12750.0	11350.0	1.253907
12800.0	11350.0	3.84854
12850.0	11350.0	6.982493
12900.0	11350.0	10.628695
12950.0	11350.0	14.7686
13000.0	11350.0	19.370287
13050.0	11350.0	24.412399
13100.0	11350.0	29.875446
13150.0	11350.0	35.736969
13200.0	11350.0	41.974129
13250.0	11350.0	48.540359
13300.0	11350.0	55.401989
13350.0	11350.0	62.523949
13400.0	11350.0	69.850182
13450.0	11350.0	77.30909
13500.0	11350.0	84.799088
13550.0	11350.0	92.2099
13600.0	11350.0	99.416122
13650.0	11350.0	106.289429
13700.0	11350.0	112.697487
13750.0	11350.0	118.521591
13800.0	11350.0	123.638329
13850.0	11350.0	127.93737
13900.0	11350.0	131.320435
13950.0	11350.0	133.724838
14000.0	11350.0	135.093109
14050.0	11350.0	135.398407
14100.0	11350.0	134.606934
14150.0	11350.0	132.727615
14200.0	11350.0	129.801834
14250.0	11350.0	125.886551
14300.0	11350.0	121.073898
14350.0	11350.0	115.462151
14400.0	11350.0	109.170601
14450.0	11350.0	102.300255
14500.0	11350.0	94.955963
14550.0	11350.0	87.242661
14600.0	11350.0	79.269211
14650.0	11350.0	71.136627
14700.0	11350.0	62.94173
14750.0	11350.0	54.776501
14800.0	11350.0	46.733639
14850.0	11350.0	38.895153
14900.0	11350.0	31.331146
14950.0	11350.0	24.097349
15000.0	11350.0	17.239923
15050.0	11350.0	10.798464
15100.0	11350.0	4.809525
15150.0	11350.0	-0.691872
15200.0	11350.0	-5.684848
15250.0	11350.0	-10.166319
15300.0	11350.0	-14.146208
15350.0	11350.0	-17.652658
15400.0	11350.0	-20.718367
15450.0	11350.0	-23.37812
15500.0	11350.0	-25.667847
15550.0	11350.0	-27.611092
15600.0	11350.0	-29.224575
15650.0	11350.0	-30.527098
15700.0	11350.0	-31.535301
15750.0	11350.0	-32.274139
15800.0	11350.0	-32.772903
15850.0	11350.0	-33.062809
15900.0	11350.0	-33.16396
15950.0	11350.0	-33.085384
16000.0	11350.0	-32.834339
16050.0	11350.0	-32.432499
16100.0	11350.0	-31.878485
16150.0	11350.0	-31.188953
16200.0	11350.0	-30.385231
16250.0	11350.0	-29.48951
16300.0	11350.0	-28.514915
16350.0	11350.0	-27.494919
16400.0	11350.0	-26.47736
16450.0	11350.0	-25.493694
16500.0	11350.0	-24.55932
16550.0	11350.0	-23.679901
16600.0	11350.0	-22.860428
16650.0	11350.0	-22.106087
16700.0	11350.0	-21.422628
16750.0	11350.0	-20.79002
16800.0	11350.0	-20.182142
16850.0	11350.0	-19.580873
16900.0	11350.0	-18.981535
16950.0	11350.0	-18.3895
17000.0	11350.0	-17.806368
17050.0	11350.0	-17.23543
17100.0	11350.0	-16.685793
17150.0	11350.0	-16.156189
17200.0	11350.0	-15.634984
17250.0	11350.0	-15.124606
17300.0	11350.0	-14.634344
17350.0	11350.0	-14.172556
17400.0	11350.0	-13.758117
17450.0	11350.0	-13.416694
17500.0	11350.0	-13.12283
17550.0	11350.0	-12.888209
17600.0	11350.0	-12.719224
17650.0	11350.0	-12.622968
17700.0	11350.0	-12.597074
17750.0	11350.0	-12.650521
17800.0	11350.0	-12.765775
17850.0	11350.0	-12.939137
17900.0	11350.0	-13.157454
17950.0	11350.0	-13.418751
18000.0	11350.0	-13.708652
18050.0	11350.0	-14.014871
18100.0	11350.0	-14.318558
18150.0	11350.0	-14.622063
18200.0	11350.0	-14.923839
18250.0	11350.0	-15.220212
18300.0	11350.0	-15.510183
10250.0	11400.0	23.347124
10300.0	11400.0	23.448536
10350.0	11400.0	23.559622
10400.0	11400.0	23.700407
10450.0	11400.0	23.8745
10500.0	11400.0	24.063286
10550.0	11400.0	24.269173
10600.0	11400.0	24.486441
10650.0	11400.0	24.708035
10700.0	11400.0	24.932774
10750.0	11400.0	25.161419
10800.0	11400.0	25.384563
10850.0	11400.0	25.595533
10900.0	11400.0	25.784367
10950.0	11400.0	25.958462
11000.0	11400.0	26.122099
11050.0	11400.0	26.282389
11100.0	11400.0	26.433367
11150.0	11400.0	26.568346
11200.0	11400.0	26.663425
11250.0	11400.0	26.71826
11300.0	11400.0	26.71558
11350.0	11400.0	26.63586
11400.0	11400.0	26.462355
11450.0	11400.0	26.178709
11500.0	11400.0	25.749035
11550.0	11400.0	25.145481
11600.0	11400.0	24.357901
11650.0	11400.0	23.385878
11700.0	11400.0	22.227007
11750.0	11400.0	20.889507
11800.0	11400.0	19.38291
11850.0	11400.0	17.712458
11900.0	11400.0	15.909775
11950.0	11400.0	14.007617
12000.0	11400.0	12.021514
12050.0	11400.0	9.968928
12100.0	11400.0	7.898489
12150.0	11400.0	5.843366
12200.0	11400.0	3.859458
12250.0	11400.0	1.988852
12300.0	11400.0	0.283362
12350.0	11400.0	-1.215577
12400.0	11400.0	-2.463025
12450.0	11400.0	-3.401212
12500.0	11400.0	-3.966408
12550.0	11400.0	-4.105579
12600.0	11400.0	-3.77499
12650.0	11400.0	-2.953194
12700.0	11400.0	-1.621882
12750.0	11400.0	0.222676
12800.0	11400.0	2.589856
12850.0	11400.0	5.472282
12900.0	11400.0	8.861567
12950.0	11400.0	12.731472
13000.0	11400.0	17.061308
13050.0	11400.0	21.825865
13100.0	11400.0	26.996054
13150.0	11400.0	32.543499
13200.0	11400.0	38.437523
13250.0	11400.0	44.632259
13300.0	11400.0	51.082844
13350.0	11400.0	57.750351
13400.0	11400.0	64.586655
13450.0	11400.0	71.516647
13500.0	11400.0	78.444221
13550.0	11400.0	85.257202
13600.0	11400.0	91.84343
13650.0	11400.0	98.085487
13700.0	11400.0	103.875488
13750.0	11400.0	109.120247
13800.0	11400.0	113.729057
13850.0	11400.0	117.619987
13900.0	11400.0	120.713745
13950.0	11400.0	122.952957
14000.0	11400.0	124.291115
14050.0	11400.0	124.69519
14100.0	11400.0	124.141159
14150.0	11400.0	122.634613
14200.0	11400.0	120.196129
14250.0	11400.0	116.863571
14300.0	11400.0	112.689377
14350.0	11400.0	107.75428
14400.0	11400.0	102.14473
14450.0	11400.0	95.952744
14500.0	11400.0	89.272598
14550.0	11400.0	82.206299
14600.0	11400.0	74.851608
14650.0	11400.0	67.315681
14700.0	11400.0	59.694893
14750.0	11400.0	52.083965
14800.0	11400.0	44.565731
14850.0	11400.0	37.220814
14900.0	11400.0	30.109838
14950.0	11400.0	23.290598
15000.0	11400.0	16.820112
15050.0	11400.0	10.744371
15100.0	11400.0	5.104608
15150.0	11400.0	-0.067739
15200.0	11400.0	-4.753358
15250.0	11400.0	-8.94801
15300.0	11400.0	-12.662729
15350.0	11400.0	-15.920889
15400.0	11400.0	-18.760284
15450.0	11400.0	-21.208269
15500.0	11400.0	-23.293247
15550.0	11400.0	-25.046234
15600.0	11400.0	-26.487202
15650.0	11400.0	-27.641243
15700.0	11400.0	-28.526785
15750.0	11400.0	-29.163595
15800.0	11400.0	-29.587009
15850.0	11400.0	-29.831554
15900.0	11400.0	-29.911499
15950.0	11400.0	-29.843229
16000.0	11400.0	-29.629776
16050.0	11400.0	-29.28826
16100.0	11400.0	-28.83572
16150.0	11400.0	-28.276779
16200.0	11400.0	-27.631388
16250.0	11400.0	-26.924711
16300.0	11400.0	-26.172806
16350.0	11400.0	-25.397686
16400.0	11400.0	-24.63044
16450.0	11400.0	-23.890726
16500.0	11400.0	-23.188606
16550.0	11400.0	-22.532757
16600.0	11400.0	-21.917807
16650.0	11400.0	-21.343124
16700.0	11400.0	-20.813936
16750.0	11400.0	-20.32239
16800.0	11400.0	-19.841759
16850.0	11400.0	-19.354025
16900.0	11400.0	-18.853598
16950.0	11400.0	-18.347837
17000.0	11400.0	-17.842108
17050.0	11400.0	-17.342836
17100.0	11400.0	-16.853432
17150.0	11400.0	-16.381292
17200.0	11400.0	-15.921566
17250.0	11400.0	-15.466313
17300.0	11400.0	-15.030481
17350.0	11400.0	-14.612903
17400.0	11400.0	-14.240085
17450.0	11400.0	-13.919496
17500.0	11400.0	-13.654179
17550.0	11400.0	-13.430836
17600.0	11400.0	-13.273083
17650.0	11400.0	-13.17958
17700.0	11400.0	-13.154655
17750.0	11400.0	-13.193501
17800.0	11400.0	-13.288822
17850.0	11400.0	-13.429056
17900.0	11400.0	-13.613064
17950.0	11400.0	-13.831509
18000.0	11400.0	-14.079856
18050.0	11400.0	-14.330451
18100.0	11400.0	-14.572758
18150.0	11400.0	-14.806644
18200.0	11400.0	-15.034964
18250.0	11400.0	-15.252378
18300.0	11400.0	-15.465122
10250.0	11450.0	23.268167
10300.0	11450.0	23.385147
10350.0	11450.0	23.523617
10400.0	11450.0	23.681887
10450.0	11450.0	23.854355
10500.0	11450.0	24.045448
10550.0	11450.0	24.245575
10600.0	11450.0	24.455257
10650.0	11450.0	24.667273
10700.0	11450.0	24.880705
10750.0	11450.0	25.099924
10800.0	11450.0	25.319868
10850.0	11450.0	25.520761
10900.0	11450.0	25.696384
10950.0	11450.0	25.863613
11000.0	11450.0	26.031141
11050.0	11450.0	26.199343
11100.0	11450.0	26.367968
11150.0	11450.0	26.522179
11200.0	11450.0	26.646095
11250.0	11450.0	26.726662
11300.0	11450.0	26.758314
11350.0	11450.0	26.710644
11400.0	11450.0	26.569107
11450.0	11450.0	26.304213
11500.0	11450.0	25.886784
11550.0	11450.0	25.289766
11600.0	11450.0	24.503168
11650.0	11450.0	23.522629
11700.0	11450.0	22.355097
11750.0	11450.0	21.007965
11800.0	11450.0	19.492573
11850.0	11450.0	17.830973
11900.0	11450.0	16.050819
11950.0	11450.0	14.177868
12000.0	11450.0	12.218836
12050.0	11450.0	10.198805
12100.0	11450.0	8.146579
12150.0	11450.0	6.098803
12200.0	11450.0	4.102674
12250.0	11450.0	2.21444
12300.0	11450.0	0.472901
12350.0	11450.0	-1.081277
12400.0	11450.0	-2.397354
12450.0	11450.0	-3.417276
12500.0	11450.0	-4.079149
12550.0	11450.0	-4.334124
12600.0	11450.0	-4.14019
12650.0	11450.0	-3.481104
12700.0	11450.0	-2.347189
12750.0	11450.0	-0.721896
12800.0	11450.0	1.39754
12850.0	11450.0	4.014676
12900.0	11450.0	7.126089
12950.0	11450.0	10.707589
13000.0	11450.0	14.74122
13050.0	11450.0	19.202114
13100.0	11450.0	24.062313
13150.0	11450.0	29.276926
13200.0	11450.0	34.81007
13250.0	11450.0	40.613686
13300.0	11450.0	46.629509
13350.0	11450.0	52.819492
13400.0	11450.0	59.127697
13450.0	11450.0	65.485382
13500.0	11450.0	71.800964
13550.0	11450.0	77.978378
13600.0	11450.0	83.911583
13650.0	11450.0	89.510468
13700.0	11450.0	94.68795
13750.0	11450.0	99.362106
13800.0	11450.0	103.481705
13850.0	11450.0	106.983276
13900.0	11450.0	109.804054
13950.0	11450.0	111.884804
14000.0	11450.0	113.178452
14050.0	11450.0	113.656929
14100.0	11450.0	113.301643
14150.0	11450.0	112.116913
14200.0	11450.0	110.114845
14250.0	11450.0	107.31517
14300.0	11450.0	103.752548
14350.0	11450.0	99.474854
14400.0	11450.0	94.543839
14450.0	11450.0	89.04377
14500.0	11450.0	83.054291
14550.0	11450.0	76.669342
14600.0	11450.0	69.978806
14650.0	11450.0	63.085896
14700.0	11450.0	56.086205
14750.0	11450.0	49.069736
14800.0	11450.0	42.114601
14850.0	11450.0	35.294102
14900.0	11450.0	28.669966
14950.0	11450.0	22.297922
15000.0	11450.0	16.245871
15050.0	11450.0	10.565887
15100.0	11450.0	5.296911
15150.0	11450.0	0.470772
15200.0	11450.0	-3.895379
15250.0	11450.0	-7.790072
15300.0	11450.0	-11.224721
15350.0	11450.0	-14.221059
15400.0	11450.0	-16.813354
15450.0	11450.0	-19.029844
15500.0	11450.0	-20.894552
15550.0	11450.0	-22.44521
15600.0	11450.0	-23.704967
15650.0	11450.0	-24.701523
15700.0	11450.0	-25.454933
15750.0	11450.0	-25.989201
15800.0	11450.0	-26.340799
15850.0	11450.0	-26.539026
15900.0	11450.0	-26.602999
15950.0	11450.0	-26.539719
16000.0	11450.0	-26.358418
16050.0	11450.0	-26.076563
16100.0	11450.0	-25.713318
16150.0	11450.0	-25.282314
16200.0	11450.0	-24.795458
16250.0	11450.0	-24.284607
16300.0	11450.0	-23.763956
16350.0	11450.0	-23.249613
16400.0	11450.0	-22.747036
16450.0	11450.0	-22.266859
16500.0	11450.0	-21.810579
16550.0	11450.0	-21.383421
16600.0	11450.0	-20.981422
16650.0	11450.0	-20.596964
16700.0	11450.0	-20.225739
16750.0	11450.0	-19.870256
16800.0	11450.0	-19.510725
16850.0	11450.0	-19.129219
16900.0	11450.0	-18.727922
16950.0	11450.0	-18.306322
17000.0	11450.0	-17.878822
17050.0	11450.0	-17.45002
17100.0	11450.0	-17.01745
17150.0	11450.0	-16.597692
17200.0	11450.0	-16.192993
17250.0	11450.0	-15.793895
17300.0	11450.0	-15.407004
17350.0	11450.0	-15.04548
17400.0	11450.0	-14.710942
17450.0	11450.0	-14.418113
17500.0	11450.0	-14.173783
17550.0	11450.0	-13.982763
17600.0	11450.0	-13.834654
17650.0	11450.0	-13.749459
17700.0	11450.0	-13.727749
17750.0	11450.0	-13.755905
17800.0	11450.0	-13.824512
17850.0	11450.0	-13.93259
17900.0	11450.0	-14.069779
17950.0	11450.0	-14.242331
18000.0	11450.0	-14.43793
18050.0	11450.0	-14.632387
18100.0	11450.0	-14.811385
18150.0	11450.0	-14.978436
18200.0	11450.0	-15.13815
18250.0	11450.0	-15.292307
18300.0	11450.0	-15.44081
10250.0	11500.0	23.160185
10300.0	11500.0	23.322626
10350.0	11500.0	23.498009
10400.0	11500.0	23.67354
10450.0	11500.0	23.849272
10500.0	11500.0	24.040152
10550.0	11500.0	24.232113
10600.0	11500.0	24.430828
10650.0	11500.0	24.630901
10700.0	11500.0	24.833427
10750.0	11500.0	25.036753
10800.0	11500.0	25.243675
10850.0	11500.0	25.432726
10900.0	11500.0	25.599787
10950.0	11500.0	25.759336
11000.0	11500.0	25.927204
11050.0	11500.0	26.106659
11100.0	11500.0	26.292213
11150.0	11500.0	26.471615
11200.0	11500.0	26.619057
11250.0	11500.0	26.728624
11300.0	11500.0	26.784725
11350.0	11500.0	26.768293
11400.0	11500.0	26.647739
11450.0	11500.0	26.4016
11500.0	11500.0	25.998123
11550.0	11500.0	25.417562
11600.0	11500.0	24.638832
11650.0	11500.0	23.667591
11700.0	11500.0	22.508682
11750.0	11500.0	21.164223
11800.0	11500.0	19.651711
11850.0	11500.0	18.003891
11900.0	11500.0	16.24758
11950.0	11500.0	14.400014
12000.0	11500.0	12.482846
12050.0	11500.0	10.50689
12100.0	11500.0	8.496137
12150.0	11500.0	6.476448
12200.0	11500.0	4.493608
12250.0	11500.0	2.602684
12300.0	11500.0	0.83475
12350.0	11500.0	-0.759003
12400.0	11500.0	-2.138191
12450.0	11500.0	-3.236654
12500.0	11500.0	-4.002866
12550.0	11500.0	-4.384645
12600.0	11500.0	-4.35083
12650.0	11500.0	-3.883701
12700.0	11500.0	-2.962228
12750.0	11500.0	-1.572344
12800.0	11500.0	0.289068
12850.0	11500.0	2.630769
12900.0	11500.0	5.444077
12950.0	11500.0	8.719834
13000.0	11500.0	12.43534
13050.0	11500.0	16.571877
13100.0	11500.0	21.094875
13150.0	11500.0	25.966936
13200.0	11500.0	31.129021
13250.0	11500.0	36.528175
13300.0	11500.0	42.101921
13350.0	11500.0	47.796036
13400.0	11500.0	53.560764
13450.0	11500.0	59.314289
13500.0	11500.0	64.992897
13550.0	11500.0	70.506126
13600.0	11500.0	75.777786
13650.0	11500.0	80.726303
13700.0	11500.0	85.292152
13750.0	11500.0	89.414436
13800.0	11500.0	93.053612
13850.0	11500.0	96.168999
13900.0	11500.0	98.708519
13950.0	11500.0	100.620888
14000.0	11500.0	101.860268
14050.0	11500.0	102.395638
14100.0	11500.0	102.213127
14150.0	11500.0	101.313889
14200.0	11500.0	99.706589
14250.0	11500.0	97.397583
14300.0	11500.0	94.412041
14350.0	11500.0	90.771797
14400.0	11500.0	86.517708
14450.0	11500.0	81.705132
14500.0	11500.0	76.416626
14550.0	11500.0	70.731216
14600.0	11500.0	64.737953
14650.0	11500.0	58.52227
14700.0	11500.0	52.17458
14750.0	11500.0	45.778042
14800.0	11500.0	39.411167
14850.0	11500.0	33.139801
14900.0	11500.0	27.027349
14950.0	11500.0	21.13549
15000.0	11500.0	15.532062
15050.0	11500.0	10.267165
15100.0	11500.0	5.383328
15150.0	11500.0	0.913433
15200.0	11500.0	-3.12893
15250.0	11500.0	-6.720509
15300.0	11500.0	-9.872062
15350.0	11500.0	-12.599284
15400.0	11500.0	-14.934235
15450.0	11500.0	-16.903736
15500.0	11500.0	-18.540522
15550.0	11500.0	-19.87348
15600.0	11500.0	-20.940886
15650.0	11500.0	-21.766514
15700.0	11500.0	-22.379358
15750.0	11500.0	-22.809273
15800.0	11500.0	-23.085669
15850.0	11500.0	-23.232904
15900.0	11500.0	-23.273041
15950.0	11500.0	-23.20808
16000.0	11500.0	-23.055445
16050.0	11500.0	-22.823313
16100.0	11500.0	-22.549049
16150.0	11500.0	-22.247482
16200.0	11500.0	-21.931393
16250.0	11500.0	-21.619528
16300.0	11500.0	-21.346071
16350.0	11500.0	-21.100908
16400.0	11500.0	-20.879681
16450.0	11500.0	-20.664242
16500.0	11500.0	-20.462955
16550.0	11500.0	-20.26894
16600.0	11500.0	-20.083828
16650.0	11500.0	-19.89152
16700.0	11500.0	-19.681692
16750.0	11500.0	-19.457685
16800.0	11500.0	-19.208914
16850.0	11500.0	-18.924347
16900.0	11500.0	-18.612883
16950.0	11500.0	-18.27713
17000.0	11500.0	-17.92363
17050.0	11500.0	-17.558048
17100.0	11500.0	-17.182426
17150.0	11500.0	-16.809132
17200.0	11500.0	-16.449173
17250.0	11500.0	-16.102016
17300.0	11500.0	-15.76429
17350.0	11500.0	-15.453209
17400.0	11500.0	-15.16388
17450.0	11500.0	-14.903237
17500.0	11500.0	-14.690713
17550.0	11500.0	-14.530087
17600.0	11500.0	-14.404874
17650.0	11500.0	-14.328297
17700.0	11500.0	-14.305608
17750.0	11500.0	-14.320338
17800.0	11500.0	-14.366476
17850.0	11500.0	-14.435275
17900.0	11500.0	-14.528111
17950.0	11500.0	-14.643574
18000.0	11500.0	-14.785321
18050.0	11500.0	-14.922856
18100.0	11500.0	-15.043094
18150.0	11500.0	-15.141835
18200.0	11500.0	-15.238105
18250.0	11500.0	-15.338601
18300.0	11500.0	-15.436821
10250.0	11550.0	23.03858
10300.0	11550.0	23.264385
10350.0	11550.0	23.473782
10400.0	11550.0	23.667608
10450.0	11550.0	23.855719
10500.0	11550.0	24.039488
10550.0	11550.0	24.227743
10600.0	11550.0	24.417198
10650.0	11550.0	24.606262
10700.0	11550.0	24.792755
10750.0	11550.0	24.975666
10800.0	11550.0	25.156055
10850.0	11550.0	25.329103
10900.0	11550.0	25.4877
10950.0	11550.0	25.643639
11000.0	11550.0	25.81793
11050.0	11550.0	26.010181
11100.0	11550.0	26.214098
11150.0	11550.0	26.407959
11200.0	11550.0	26.581333
11250.0	11550.0	26.71657
11300.0	11550.0	26.797983
11350.0	11550.0	26.804914
11400.0	11550.0	26.702753
11450.0	11550.0	26.46443
11500.0	11550.0	26.079033
11550.0	11550.0	25.520044
11600.0	11550.0	24.760363
11650.0	11550.0	23.808212
11700.0	11550.0	22.67156
11750.0	11550.0	21.350496
11800.0	11550.0	19.858967
11850.0	11550.0	18.233454
11900.0	11550.0	16.506866
11950.0	11550.0	14.694255
12000.0	11550.0	12.819755
12050.0	11550.0	10.897797
12100.0	11550.0	8.942362
12150.0	11550.0	6.974661
12200.0	11550.0	5.03104
12250.0	11550.0	3.151032
12300.0	11550.0	1.372908
12350.0	11550.0	-0.257224
12400.0	11550.0	-1.679474
12450.0	11550.0	-2.852052
12500.0	11550.0	-3.721246
12550.0	11550.0	-4.249215
12600.0	11550.0	-4.3985
12650.0	11550.0	-4.136496
12700.0	11550.0	-3.446255
12750.0	11550.0	-2.312086
12800.0	11550.0	-0.71687
12850.0	11550.0	1.337378
12900.0	11550.0	3.849249
12950.0	11550.0	6.802356
13000.0	11550.0	10.183499
13050.0	11550.0	13.975023
13100.0	11550.0	18.146559
13150.0	11550.0	22.655149
13200.0	11550.0	27.438011
13250.0	11550.0	32.426174
13300.0	11550.0	37.550259
13350.0	11550.0	42.750435
13400.0	11550.0	47.955639
13450.0	11550.0	53.109661
13500.0	11550.0	58.137165
13550.0	11550.0	62.985352
13600.0	11550.0	67.583908
13650.0	11550.0	71.886749
13700.0	11550.0	75.845367
13750.0	11550.0	79.417633
13800.0	11550.0	82.577087
13850.0	11550.0	85.295723
13900.0	11550.0	87.538017
13950.0	11550.0	89.263725
14000.0	11550.0	90.43232
14050.0	11550.0	91.011093
14100.0	11550.0	90.985085
14150.0	11550.0	90.349327
14200.0	11550.0	89.103806
14250.0	11550.0	87.258461
14300.0	11550.0	84.820282
14350.0	11550.0	81.797859
14400.0	11550.0	78.200241
14450.0	11550.0	74.075333
14500.0	11550.0	69.482941
14550.0	11550.0	64.505157
14600.0	11550.0	59.213032
14650.0	11550.0	53.693905
14700.0	11550.0	48.014824
14750.0	11550.0	42.258373
14800.0	11550.0	36.491047
14850.0	11550.0	30.785212
14900.0	11550.0	25.208704
14950.0	11550.0	19.823994
15000.0	11550.0	14.686601
15050.0	11550.0	9.852398
15100.0	11550.0	5.363484
15150.0	11550.0	1.250802
15200.0	11550.0	-2.457331
15250.0	11550.0	-5.752824
15300.0	11550.0	-8.622499
15350.0	11550.0	-11.0849
15400.0	11550.0	-13.160414
15450.0	11550.0	-14.885617
15500.0	11550.0	-16.289364
15550.0	11550.0	-17.404743
15600.0	11550.0	-18.265501
15650.0	11550.0	-18.911903
15700.0	11550.0	-19.373482
15750.0	11550.0	-19.68259
15800.0	11550.0	-19.867048
15850.0	11550.0	-19.951035
15900.0	11550.0	-19.951172
15950.0	11550.0	-19.880484
16000.0	11550.0	-19.744247
16050.0	11550.0	-19.565762
16100.0	11550.0	-19.379501
16150.0	11550.0	-19.217525
16200.0	11550.0	-19.081804
16250.0	11550.0	-18.997272
16300.0	11550.0	-18.97501
16350.0	11550.0	-19.011198
16400.0	11550.0	-19.06785
16450.0	11550.0	-19.134115
16500.0	11550.0	-19.187555
16550.0	11550.0	-19.230457
16600.0	11550.0	-19.250416
16650.0	11550.0	-19.24711
16700.0	11550.0	-19.200171
16750.0	11550.0	-19.103254
16800.0	11550.0	-18.954039
16850.0	11550.0	-18.756014
16900.0	11550.0	-18.524435
16950.0	11550.0	-18.267923
17000.0	11550.0	-17.985157
17050.0	11550.0	-17.677265
17100.0	11550.0	-17.350082
17150.0	11550.0	-17.015394
17200.0	11550.0	-16.690662
17250.0	11550.0	-16.387043
17300.0	11550.0	-16.097975
17350.0	11550.0	-15.833494
17400.0	11550.0	-15.592369
17450.0	11550.0	-15.375827
17500.0	11550.0	-15.200021
17550.0	11550.0	-15.064588
17600.0	11550.0	-14.969134
17650.0	11550.0	-14.910362
17700.0	11550.0	-14.878703
17750.0	11550.0	-14.877973
17800.0	11550.0	-14.898315
17850.0	11550.0	-14.927783
17900.0	11550.0	-14.975931
17950.0	11550.0	-15.045227
18000.0	11550.0	-15.125485
18050.0	11550.0	-15.204872
18100.0	11550.0	-15.265553
18150.0	11550.0	-15.306431
18200.0	11550.0	-15.344637
18250.0	11550.0	-15.390463
18300.0	11550.0	-15.447455
10250.0	11600.0	22.928885
10300.0	11600.0	23.20225
10350.0	11600.0	23.439098
10400.0	11600.0	23.659868
10450.0	11600.0	23.863989
10500.0	11600.0	24.048286
10550.0	11600.0	24.232157
10600.0	11600.0	24.419176
10650.0	11600.0	24.594002
10700.0	11600.0	24.756618
10750.0	11600.0	24.90905
10800.0	11600.0	25.060371
10850.0	11600.0	25.213573
10900.0	11600.0	25.362133
10950.0	11600.0	25.52607
11000.0	11600.0	25.707954
11050.0	11600.0	25.907129
11100.0	11600.0	26.123035
11150.0	11600.0	26.334917
11200.0	11600.0	26.530279
11250.0	11600.0	26.693956
11300.0	11600.0	26.796858
11350.0	11600.0	26.814005
11400.0	11600.0	26.723284
11450.0	11600.0	26.499641
11500.0	11600.0	26.131311
11550.0	11600.0	25.593487
11600.0	11600.0	24.860374
11650.0	11600.0	23.937883
11700.0	11600.0	22.830616
11750.0	11600.0	21.550631
11800.0	11600.0	20.101023
11850.0	11600.0	18.521055
11900.0	11600.0	16.837521
11950.0	11600.0	15.06915
12000.0	11600.0	13.245994
12050.0	11600.0	11.386591
12100.0	11600.0	9.494873
12150.0	11600.0	7.591122
12200.0	11600.0	5.697642
12250.0	11600.0	3.846076
12300.0	11600.0	2.076841
12350.0	11600.0	0.435541
12400.0	11600.0	-1.023498
12450.0	11600.0	-2.259128
12500.0	11600.0	-3.239556
12550.0	11600.0	-3.916703
12600.0	11600.0	-4.253563
12650.0	11600.0	-4.216248
12700.0	11600.0	-3.773467
12750.0	11600.0	-2.903671
12800.0	11600.0	-1.591872
12850.0	11600.0	0.168451
12900.0	11600.0	2.366532
12950.0	11600.0	4.987858
13000.0	11600.0	8.025132
13050.0	11600.0	11.457776
13100.0	11600.0	15.262506
13150.0	11600.0	19.395094
13200.0	11600.0	23.78756
13250.0	11600.0	28.360561
13300.0	11600.0	33.044861
13350.0	11600.0	37.750034
13400.0	11600.0	42.407711
13450.0	11600.0	46.959221
13500.0	11600.0	51.352547
13550.0	11600.0	55.537575
13600.0	11600.0	59.474621
13650.0	11600.0	63.131062
13700.0	11600.0	66.478188
13750.0	11600.0	69.49707
13800.0	11600.0	72.165382
13850.0	11600.0	74.469101
13900.0	11600.0	76.392731
13950.0	11600.0	77.911797
14000.0	11600.0	78.991562
14050.0	11600.0	79.600113
14100.0	11600.0	79.717125
14150.0	11600.0	79.329979
14200.0	11600.0	78.430954
14250.0	11600.0	77.02977
14300.0	11600.0	75.113335
14350.0	11600.0	72.682312
14400.0	11600.0	69.729179
14450.0	11600.0	66.275261
14500.0	11600.0	62.376667
14550.0	11600.0	58.092628
14600.0	11600.0	53.507088
14650.0	11600.0	48.676674
14700.0	11600.0	43.675308
14750.0	11600.0	38.557758
14800.0	11600.0	33.401913
14850.0	11600.0	28.274986
14900.0	11600.0	23.246918
14950.0	11600.0	18.379227
15000.0	11600.0	13.718388
15050.0	11600.0	9.320674
15100.0	11600.0	5.232031
15150.0	11600.0	1.486336
15200.0	11600.0	-1.895092
15250.0	11600.0	-4.890924
15300.0	11600.0	-7.490585
15350.0	11600.0	-9.697508
15400.0	11600.0	-11.531241
15450.0	11600.0	-13.022439
15500.0	11600.0	-14.199342
15550.0	11600.0	-15.093946
15600.0	11600.0	-15.75298
15650.0	11600.0	-16.209791
15700.0	11600.0	-16.502583
15750.0	11600.0	-16.671223
15800.0	11600.0	-16.741795
15850.0	11600.0	-16.738541
15900.0	11600.0	-16.679087
15950.0	11600.0	-16.581825
16000.0	11600.0	-16.462973
16050.0	11600.0	-16.337549
16100.0	11600.0	-16.253492
16150.0	11600.0	-16.241978
16200.0	11600.0	-16.313206
16250.0	11600.0	-16.466423
16300.0	11600.0	-16.71203
16350.0	11600.0	-17.028582
16400.0	11600.0	-17.373959
16450.0	11600.0	-17.710608
16500.0	11600.0	-18.027485
16550.0	11600.0	-18.295822
16600.0	11600.0	-18.522501
16650.0	11600.0	-18.690598
16700.0	11600.0	-18.790169
16750.0	11600.0	-18.810326
16800.0	11600.0	-18.758455
16850.0	11600.0	-18.646118
16900.0	11600.0	-18.48531
16950.0	11600.0	-18.294725
17000.0	11600.0	-18.069742
17050.0	11600.0	-17.804707
17100.0	11600.0	-17.518677
17150.0	11600.0	-17.215857
17200.0	11600.0	-16.922112
17250.0	11600.0	-16.655493
17300.0	11600.0	-16.409346
17350.0	11600.0	-16.187525
17400.0	11600.0	-15.992913
17450.0	11600.0	-15.824618
17500.0	11600.0	-15.689585
17550.0	11600.0	-15.5847
17600.0	11600.0	-15.517253
17650.0	11600.0	-15.475464
17700.0	11600.0	-15.439425
17750.0	11600.0	-15.418863
17800.0	11600.0	-15.40942
17850.0	11600.0	-15.405241
17900.0	11600.0	-15.417594
17950.0	11600.0	-15.439722
18000.0	11600.0	-15.458416
18050.0	11600.0	-15.480652
18100.0	11600.0	-15.486294
18150.0	11600.0	-15.474789
18200.0	11600.0	-15.459949
18250.0	11600.0	-15.457393
18300.0	11600.0	-15.464735
10250.0	11650.0	22.843796
10300.0	11650.0	23.13096
10350.0	11650.0	23.400209
10400.0	11650.0	23.647514
10450.0	11650.0	23.867098
10500.0	11650.0	24.061668
10550.0	11650.0	24.251099
10600.0	11650.0	24.428734
10650.0	11650.0	24.588322
10700.0	11650.0	24.723133
10750.0	11650.0	24.840828
10800.0	11650.0	24.961803
10850.0	11650.0	25.088688
10900.0	11650.0	25.231558
10950.0	11650.0	25.400681
11000.0	11650.0	25.594606
11050.0	11650.0	25.805485
11100.0	11650.0	26.027962
11150.0	11650.0	26.250828
11200.0	11650.0	26.463959
11250.0	11650.0	26.646978
11300.0	11650.0	26.764845
11350.0	11650.0	26.799013
11400.0	11650.0	26.720367
11450.0	11650.0	26.510912
11500.0	11650.0	26.154572
11550.0	11650.0	25.631243
11600.0	11650.0	24.930296
11650.0	11650.0	24.044483
11700.0	11650.0	22.984007
11750.0	11650.0	21.75651
11800.0	11650.0	20.369791
11850.0	11650.0	18.857077
11900.0	11650.0	17.241812
11950.0	11650.0	15.533373
12000.0	11650.0	13.769545
12050.0	11650.0	11.975863
12100.0	11650.0	10.159458
12150.0	11650.0	8.325287
12200.0	11650.0	6.490697
12250.0	11650.0	4.682676
12300.0	11650.0	2.944272
12350.0	11650.0	1.312901
12400.0	11650.0	-0.167054
12450.0	11650.0	-1.466904
12500.0	11650.0	-2.547837
12550.0	11650.0	-3.372285
12600.0	11650.0	-3.901118
12650.0	11650.0	-4.085423
12700.0	11650.0	-3.896635
12750.0	11650.0	-3.307247
12800.0	11650.0	-2.29138
12850.0	11650.0	-0.844756
12900.0	11650.0	1.029626
12950.0	11650.0	3.311798
13000.0	11650.0	5.993917
13050.0	11650.0	9.063032
13100.0	11650.0	12.496039
13150.0	11650.0	16.244865
13200.0	11650.0	20.239283
13250.0	11650.0	24.404247
13300.0	11650.0	28.646845
13350.0	11650.0	32.873138
13400.0	11650.0	36.996189
13450.0	11650.0	40.966366
13500.0	11650.0	44.74049
13550.0	11650.0	48.285152
13600.0	11650.0	51.573925
13650.0	11650.0	54.585682
13700.0	11650.0	57.317276
13750.0	11650.0	59.761765
13800.0	11650.0	61.921974
13850.0	11650.0	63.793205
13900.0	11650.0	65.378677
13950.0	11650.0	66.667084
14000.0	11650.0	67.636101
14050.0	11650.0	68.25708
14100.0	11650.0	68.5065
14150.0	11650.0	68.362221
14200.0	11650.0	67.807549
14250.0	11650.0	66.833008
14300.0	11650.0	65.426491
14350.0	11650.0	63.561195
14400.0	11650.0	61.224926
14450.0	11650.0	58.428509
14500.0	11650.0	55.205231
14550.0	11650.0	51.610317
14600.0	11650.0	47.700893
14650.0	11650.0	43.547729
14700.0	11650.0	39.204185
14750.0	11650.0	34.733223
14800.0	11650.0	30.192713
14850.0	11650.0	25.653172
14900.0	11650.0	21.17856
14950.0	11650.0	16.829588
15000.0	11650.0	12.647111
15050.0	11650.0	8.687037
15100.0	11650.0	4.996113
15150.0	11650.0	1.610737
15200.0	11650.0	-1.443524
15250.0	11650.0	-4.151514
15300.0	11650.0	-6.491165
15350.0	11650.0	-8.464507
15400.0	11650.0	-10.07482
15450.0	11650.0	-11.350079
15500.0	11650.0	-12.314588
15550.0	11650.0	-13.007811
15600.0	11650.0	-13.462725
15650.0	11650.0	-13.725592
15700.0	11650.0	-13.833758
15750.0	11650.0	-13.832596
15800.0	11650.0	-13.761652
15850.0	11650.0	-13.645493
15900.0	11650.0	-13.503295
15950.0	11650.0	-13.368793
16000.0	11650.0	-13.259173
16050.0	11650.0	-13.199774
16100.0	11650.0	-13.228412
16150.0	11650.0	-13.384748
16200.0	11650.0	-13.670515
16250.0	11650.0	-14.084948
16300.0	11650.0	-14.610362
16350.0	11650.0	-15.217093
16400.0	11650.0	-15.842678
16450.0	11650.0	-16.452663
16500.0	11650.0	-17.011423
16550.0	11650.0	-17.502279
16600.0	11650.0	-17.915752
16650.0	11650.0	-18.243374
16700.0	11650.0	-18.469101
16750.0	11650.0	-18.597185
16800.0	11650.0	-18.636248
16850.0	11650.0	-18.602964
16900.0	11650.0	-18.507174
16950.0	11650.0	-18.365089
17000.0	11650.0	-18.17882
17050.0	11650.0	-17.952078
17100.0	11650.0	-17.692566
17150.0	11650.0	-17.414875
17200.0	11650.0	-17.144312
17250.0	11650.0	-16.908102
17300.0	11650.0	-16.698927
17350.0	11650.0	-16.518461
17400.0	11650.0	-16.365664
17450.0	11650.0	-16.242125
17500.0	11650.0	-16.14818
17550.0	11650.0	-16.079992
17600.0	11650.0	-16.038429
17650.0	11650.0	-16.009459
17700.0	11650.0	-15.974623
17750.0	11650.0	-15.935075
17800.0	11650.0	-15.900118
17850.0	11650.0	-15.866664
17900.0	11650.0	-15.843763
17950.0	11650.0	-15.822853
18000.0	11650.0	-15.789275
18050.0	11650.0	-15.751179
18100.0	11650.0	-15.705873
18150.0	11650.0	-15.650033
18200.0	11650.0	-15.588069
18250.0	11650.0	-15.533261
18300.0	11650.0	-15.495364
10250.0	11700.0	22.779469
10300.0	11700.0	23.067146
10350.0	11700.0	23.357544
10400.0	11700.0	23.62879
10450.0	11700.0	23.865389
10500.0	11700.0	24.079571
10550.0	11700.0	24.272488
10600.0	11700.0	24.443378
10650.0	11700.0	24.582678
10700.0	11700.0	24.689777
10750.0	11700.0	24.774298
10800.0	11700.0	24.859076
10850.0	11700.0	24.962755
10900.0	11700.0	25.100826
10950.0	11700.0	25.276775
11000.0	11700.0	25.479263
11050.0	11700.0	25.698954
11100.0	11700.0	25.926678
11150.0	11700.0	26.157141
11200.0	11700.0	26.380688
11250.0	11700.0	26.575762
11300.0	11700.0	26.706366
11350.0	11700.0	26.748274
11400.0	11700.0	26.684269
11450.0	11700.0	26.493124
11500.0	11700.0	26.147976
11550.0	11700.0	25.641106
11600.0	11700.0	24.973101
11650.0	11700.0	24.131107
11700.0	11700.0	23.12392
11750.0	11700.0	21.959066
11800.0	11700.0	20.655989
11850.0	11700.0	19.235912
11900.0	11700.0	17.70587
11950.0	11700.0	16.078398
12000.0	11700.0	14.395942
12050.0	11700.0	12.678797
12100.0	11700.0	10.934145
12150.0	11700.0	9.176607
12200.0	11700.0	7.410015
12250.0	11700.0	5.664052
12300.0	11700.0	3.972335
12350.0	11700.0	2.370992
12400.0	11700.0	0.876829
12450.0	11700.0	-0.472935
12500.0	11700.0	-1.649724
12550.0	11700.0	-2.608531
12600.0	11700.0	-3.309304
12650.0	11700.0	-3.713593
12700.0	11700.0	-3.780195
12750.0	11700.0	-3.467239
12800.0	11700.0	-2.759762
12850.0	11700.0	-1.643766
12900.0	11700.0	-0.118203
12950.0	11700.0	1.812595
13000.0	11700.0	4.136695
13050.0	11700.0	6.841407
13100.0	11700.0	9.904107
13150.0	11700.0	13.274069
13200.0	11700.0	16.877596
13250.0	11700.0	20.634602
13300.0	11700.0	24.449024
13350.0	11700.0	28.20644
13400.0	11700.0	31.820518
13450.0	11700.0	35.22958
13500.0	11700.0	38.406128
13550.0	11700.0	41.325848
13600.0	11700.0	43.973614
13650.0	11700.0	46.347355
13700.0	11700.0	48.453743
13750.0	11700.0	50.321445
13800.0	11700.0	51.954208
13850.0	11700.0	53.371563
13900.0	11700.0	54.594604
13950.0	11700.0	55.631748
14000.0	11700.0	56.472454
14050.0	11700.0	57.08757
14100.0	11700.0	57.45768
14150.0	11700.0	57.552811
14200.0	11700.0	57.344223
14250.0	11700.0	56.796829
14300.0	11700.0	55.880928
14350.0	11700.0	54.559383
14400.0	11700.0	52.818668
14450.0	11700.0	50.651909
14500.0	11700.0	48.08374
14550.0	11700.0	45.144333
14600.0	11700.0	41.893864
14650.0	11700.0	38.384216
14700.0	11700.0	34.683048
14750.0	11700.0	30.839972
14800.0	11700.0	26.916862
14850.0	11700.0	22.96043
14900.0	11700.0	19.034781
14950.0	11700.0	15.19072
15000.0	11700.0	11.483936
15050.0	11700.0	7.957039
15100.0	11700.0	4.660891
15150.0	11700.0	1.624816
15200.0	11700.0	-1.119883
15250.0	11700.0	-3.544838
15300.0	11700.0	-5.643636
15350.0	11700.0	-7.400761
15400.0	11700.0	-8.819568
15450.0	11700.0	-9.905698
15500.0	11700.0	-10.686296
15550.0	11700.0	-11.18658
15600.0	11700.0	-11.451251
15650.0	11700.0	-11.512935
15700.0	11700.0	-11.425757
15750.0	11700.0	-11.237401
15800.0	11700.0	-10.996618
15850.0	11700.0	-10.734162
15900.0	11700.0	-10.490853
15950.0	11700.0	-10.297974
16000.0	11700.0	-10.198721
16050.0	11700.0	-10.212104
16100.0	11700.0	-10.372313
16150.0	11700.0	-10.709594
16200.0	11700.0	-11.235433
16250.0	11700.0	-11.920317
16300.0	11700.0	-12.736054
16350.0	11700.0	-13.629954
16400.0	11700.0	-14.535085
16450.0	11700.0	-15.39164
16500.0	11700.0	-16.179516
16550.0	11700.0	-16.870096
16600.0	11700.0	-17.456669
16650.0	11700.0	-17.920113
16700.0	11700.0	-18.256868
16750.0	11700.0	-18.476181
16800.0	11700.0	-18.5984
16850.0	11700.0	-18.634554
16900.0	11700.0	-18.59407
16950.0	11700.0	-18.487242
17000.0	11700.0	-18.325399
17050.0	11700.0	-18.116816
17100.0	11700.0	-17.872751
17150.0	11700.0	-17.613085
17200.0	11700.0	-17.363997
17250.0	11700.0	-17.150396
17300.0	11700.0	-16.970671
17350.0	11700.0	-16.825584
17400.0	11700.0	-16.710903
17450.0	11700.0	-16.619961
17500.0	11700.0	-16.565754
17550.0	11700.0	-16.539179
17600.0	11700.0	-16.522013
17650.0	11700.0	-16.503222
17700.0	11700.0	-16.47599
17750.0	11700.0	-16.422134
17800.0	11700.0	-16.363031
17850.0	11700.0	-16.309792
17900.0	11700.0	-16.256212
17950.0	11700.0	-16.190001
18000.0	11700.0	-16.109352
18050.0	11700.0	-16.018978
18100.0	11700.0	-15.926778
18150.0	11700.0	-15.828882
18200.0	11700.0	-15.727651
18250.0	11700.0	-15.630869
18300.0	11700.0	-15.538992
10250.0	11750.0	22.728165
10300.0	11750.0	23.021114
10350.0	11750.0	23.322056
10400.0	11750.0	23.60672
10450.0	11750.0	23.863304
10500.0	11750.0	24.092009
10550.0	11750.0	24.28961
10600.0	11750.0	24.451487
10650.0	11750.0	24.573198
10700.0	11750.0	24.65616
10750.0	11750.0	24.708811
10800.0	11750.0	24.758528
10850.0	11750.0	24.842016
10900.0	11750.0	24.977776
10950.0	11750.0	25.152418
11000.0	11750.0	25.360107
11050.0	11750.0	25.588205
11100.0	11750.0	25.822514
11150.0	11750.0	26.05546
11200.0	11750.0	26.282921
11250.0	11750.0	26.476902
11300.0	11750.0	26.610729
11350.0	11750.0	26.660402
11400.0	11750.0	26.612492
11450.0	11750.0	26.438154
11500.0	11750.0	26.110193
11550.0	11750.0	25.62657
11600.0	11750.0	24.990396
11650.0	11750.0	24.20047
11700.0	11750.0	23.251348
11750.0	11750.0	22.162561
11800.0	11750.0	20.954918
11850.0	11750.0	19.640741
11900.0	11750.0	18.215332
11950.0	11750.0	16.698799
12000.0	11750.0	15.111464
12050.0	11750.0	13.48215
12100.0	11750.0	11.822577
12150.0	11750.0	10.148146
12200.0	11750.0	8.468857
12250.0	11750.0	6.797813
12300.0	11750.0	5.160894
12350.0	11750.0	3.586258
12400.0	11750.0	2.095779
12450.0	11750.0	0.70911
12500.0	11750.0	-0.537287
12550.0	11750.0	-1.610439
12600.0	11750.0	-2.466644
12650.0	11750.0	-3.067309
12700.0	11750.0	-3.373879
12750.0	11750.0	-3.344
12800.0	11750.0	-2.953749
12850.0	11750.0	-2.189221
12900.0	11750.0	-1.029444
12950.0	11750.0	0.53376
13000.0	11750.0	2.50165
13050.0	11750.0	4.852486
13100.0	11750.0	7.554912
13150.0	11750.0	10.560137
13200.0	11750.0	13.792013
13250.0	11750.0	17.15629
13300.0	11750.0	20.543764
13350.0	11750.0	23.842932
13400.0	11750.0	26.960218
13450.0	11750.0	29.833286
13500.0	11750.0	32.433147
13550.0	11750.0	34.742161
13600.0	11750.0	36.767067
13650.0	11750.0	38.510952
13700.0	11750.0	40.004311
13750.0	11750.0	41.277767
13800.0	11750.0	42.369473
13850.0	11750.0	43.306541
13900.0	11750.0	44.147167
13950.0	11750.0	44.909672
14000.0	11750.0	45.602692
14050.0	11750.0	46.20311
14100.0	11750.0	46.689346
14150.0	11750.0	47.026043
14200.0	11750.0	47.161606
14250.0	11750.0	47.039337
14300.0	11750.0	46.601089
14350.0	11750.0	45.806988
14400.0	11750.0	44.631256
14450.0	11750.0	43.063992
14500.0	11750.0	41.110447
14550.0	11750.0	38.796894
14600.0	11750.0	36.164589
14650.0	11750.0	33.272141
14700.0	11750.0	30.184628
14750.0	11750.0	26.95785
14800.0	11750.0	23.6252
14850.0	11750.0	20.237354
14900.0	11750.0	16.840231
14950.0	11750.0	13.493038
15000.0	11750.0	10.243982
15050.0	11750.0	7.143139
15100.0	11750.0	4.223147
15150.0	11750.0	1.521476
15200.0	11750.0	-0.926657
15250.0	11750.0	-3.095159
15300.0	11750.0	-4.969035
15350.0	11750.0	-6.535785
15400.0	11750.0	-7.787442
15450.0	11750.0	-8.719913
15500.0	11750.0	-9.341001
15550.0	11750.0	-9.675925
15600.0	11750.0	-9.755642
15650.0	11750.0	-9.629276
15700.0	11750.0	-9.343141
15750.0	11750.0	-8.953192
15800.0	11750.0	-8.513524
15850.0	11750.0	-8.07997
15900.0	11750.0	-7.707265
15950.0	11750.0	-7.448658
16000.0	11750.0	-7.352519
16050.0	11750.0	-7.446434
16100.0	11750.0	-7.755162
16150.0	11750.0	-8.299554
16200.0	11750.0	-9.082493
16250.0	11750.0	-10.057037
16300.0	11750.0	-11.156908
16350.0	11750.0	-12.325637
16400.0	11750.0	-13.48947
16450.0	11750.0	-14.580122
16500.0	11750.0	-15.563064
16550.0	11750.0	-16.428692
16600.0	11750.0	-17.156345
16650.0	11750.0	-17.737303
16700.0	11750.0	-18.170921
16750.0	11750.0	-18.468098
16800.0	11750.0	-18.654348
16850.0	11750.0	-18.741543
16900.0	11750.0	-18.740793
16950.0	11750.0	-18.657537
17000.0	11750.0	-18.510181
17050.0	11750.0	-18.306307
17100.0	11750.0	-18.068712
17150.0	11750.0	-17.818106
17200.0	11750.0	-17.583048
17250.0	11750.0	-17.381678
17300.0	11750.0	-17.223186
17350.0	11750.0	-17.108131
17400.0	11750.0	-17.021976
17450.0	11750.0	-16.966919
17500.0	11750.0	-16.940807
17550.0	11750.0	-16.945803
17600.0	11750.0	-16.956232
17650.0	11750.0	-16.956772
17700.0	11750.0	-16.930456
17750.0	11750.0	-16.876181
17800.0	11750.0	-16.801558
17850.0	11750.0	-16.726536
17900.0	11750.0	-16.641888
17950.0	11750.0	-16.541235
18000.0	11750.0	-16.41795
18050.0	11750.0	-16.280586
18100.0	11750.0	-16.14682
18150.0	11750.0	-16.017448
18200.0	11750.0	-15.880468
18250.0	11750.0	-15.743837
18300.0	11750.0	-15.6071
10250.0	11800.0	22.687435
10300.0	11800.0	22.996214
10350.0	11800.0	23.299128
10400.0	11800.0	23.589146
10450.0	11800.0	23.861444
10500.0	11800.0	24.097988
10550.0	11800.0	24.294327
10600.0	11800.0	24.446507
10650.0	11800.0	24.552668
10700.0	11800.0	24.616547
10750.0	11800.0	24.644924
10800.0	11800.0	24.666973
10850.0	11800.0	24.73708
10900.0	11800.0	24.86137
10950.0	11800.0	25.031992
11000.0	11800.0	25.237875
11050.0	11800.0	25.471174
11100.0	11800.0	25.711514
11150.0	11800.0	25.948391
11200.0	11800.0	26.167477
11250.0	11800.0	26.354883
11300.0	11800.0	26.48163
11350.0	11800.0	26.535753
11400.0	11800.0	26.49472
11450.0	11800.0	26.335081
11500.0	11800.0	26.035563
11550.0	11800.0	25.586855
11600.0	11800.0	24.994289
11650.0	11800.0	24.253706
11700.0	11800.0	23.372967
11750.0	11800.0	22.365889
11800.0	11800.0	21.265493
11850.0	11800.0	20.064163
11900.0	11800.0	18.764219
11950.0	11800.0	17.367512
12000.0	11800.0	15.897416
12050.0	11800.0	14.373988
12100.0	11800.0	12.819453
12150.0	11800.0	11.244627
12200.0	11800.0	9.664545
12250.0	11800.0	8.07608
12300.0	11800.0	6.501458
12350.0	11800.0	4.961071
12400.0	11800.0	3.481702
12450.0	11800.0	2.08789
12500.0	11800.0	0.795411
12550.0	11800.0	-0.359907
12600.0	11800.0	-1.345376
12650.0	11800.0	-2.118343
12700.0	11800.0	-2.643792
12750.0	11800.0	-2.889262
12800.0	11800.0	-2.828141
12850.0	11800.0	-2.430142
12900.0	11800.0	-1.658738
12950.0	11800.0	-0.469882
13000.0	11800.0	1.141572
13050.0	11800.0	3.151384
13100.0	11800.0	5.519599
13150.0	11800.0	8.191784
13200.0	11800.0	11.076977
13250.0	11800.0	14.063893
13300.0	11800.0	17.034023
13350.0	11800.0	19.875607
13400.0	11800.0	22.500778
13450.0	11800.0	24.848396
13500.0	11800.0	26.88636
13550.0	11800.0	28.61104
13600.0	11800.0	30.030733
13650.0	11800.0	31.171513
13700.0	11800.0	32.059994
13750.0	11800.0	32.749958
13800.0	11800.0	33.281094
13850.0	11800.0	33.724796
13900.0	11800.0	34.147842
13950.0	11800.0	34.609497
14000.0	11800.0	35.132309
14050.0	11800.0	35.71051
14100.0	11800.0	36.321053
14150.0	11800.0	36.908257
14200.0	11800.0	37.391106
14250.0	11800.0	37.686501
14300.0	11800.0	37.709461
14350.0	11800.0	37.414341
14400.0	11800.0	36.772861
14450.0	11800.0	35.757813
14500.0	11800.0	34.377838
14550.0	11800.0	32.643654
14600.0	11800.0	30.601149
14650.0	11800.0	28.299349
14700.0	11800.0	25.801611
14750.0	11800.0	23.149904
14800.0	11800.0	20.378237
14850.0	11800.0	17.523605
14900.0	11800.0	14.634621
14950.0	11800.0	11.758626
15000.0	11800.0	8.949527
15050.0	11800.0	6.24861
15100.0	11800.0	3.689622
15150.0	11800.0	1.302647
15200.0	11800.0	-0.87291
15250.0	11800.0	-2.809091
15300.0	11800.0	-4.491927
15350.0	11800.0	-5.897176
15400.0	11800.0	-7.008687
15450.0	11800.0	-7.807521
15500.0	11800.0	-8.299038
15550.0	11800.0	-8.491261
15600.0	11800.0	-8.420303
15650.0	11800.0	-8.119119
15700.0	11800.0	-7.647629
15750.0	11800.0	-7.052606
15800.0	11800.0	-6.403521
15850.0	11800.0	-5.773951
15900.0	11800.0	-5.246177
15950.0	11800.0	-4.904286
16000.0	11800.0	-4.802569
16050.0	11800.0	-4.984287
16100.0	11800.0	-5.467685
16150.0	11800.0	-6.2535
16200.0	11800.0	-7.314703
16250.0	11800.0	-8.574737
16300.0	11800.0	-9.946308
16350.0	11800.0	-11.361911
16400.0	11800.0	-12.752325
16450.0	11800.0	-14.042081
16500.0	11800.0	-15.197039
16550.0	11800.0	-16.201054
16600.0	11800.0	-17.041437
16650.0	11800.0	-17.715078
16700.0	11800.0	-18.227106
16750.0	11800.0	-18.582298
16800.0	11800.0	-18.803766
16850.0	11800.0	-18.922155
16900.0	11800.0	-18.94166
16950.0	11800.0	-18.875393
17000.0	11800.0	-18.727163
17050.0	11800.0	-18.523264
17100.0	11800.0	-18.282867
17150.0	11800.0	-18.03648
17200.0	11800.0	-17.8046
17250.0	11800.0	-17.605555
17300.0	11800.0	-17.460068
17350.0	11800.0	-17.36014
17400.0	11800.0	-17.303268
17450.0	11800.0	-17.272219
17500.0	11800.0	-17.274559
17550.0	11800.0	-17.299208
17600.0	11800.0	-17.342176
17650.0	11800.0	-17.358866
17700.0	11800.0	-17.338177
17750.0	11800.0	-17.284752
17800.0	11800.0	-17.205339
17850.0	11800.0	-17.112793
17900.0	11800.0	-17.002501
17950.0	11800.0	-16.867701
18000.0	11800.0	-16.707361
18050.0	11800.0	-16.535614
18100.0	11800.0	-16.369911
18150.0	11800.0	-16.213322
18200.0	11800.0	-16.049715
18250.0	11800.0	-15.878009
18300.0	11800.0	-15.702426
10250.0	11850.0	22.664984
10300.0	11850.0	22.983334
10350.0	11850.0	23.290941
10400.0	11850.0	23.582903
10450.0	11850.0	23.859159
10500.0	11850.0	24.097105
10550.0	11850.0	24.287086
10600.0	11850.0	24.425245
10650.0	11850.0	24.515833
10700.0	11850.0	24.562464
10750.0	11850.0	24.582336
10800.0	11850.0	24.593388
10850.0	11850.0	24.644983
10900.0	11850.0	24.756895
10950.0	11850.0	24.919233
11000.0	11850.0	25.117432
11050.0	11850.0	25.346758
11100.0	11850.0	25.589886
11150.0	11850.0	25.825558
11200.0	11850.0	26.038794
11250.0	11850.0	26.208916
11300.0	11850.0	26.327169
11350.0	11850.0	26.373478
11400.0	11850.0	26.334763
11450.0	11850.0	26.185211
11500.0	11850.0	25.916059
11550.0	11850.0	25.512892
11600.0	11850.0	24.97381
11650.0	11850.0	24.29821
11700.0	11850.0	23.493853
11750.0	11850.0	22.582174
11800.0	11850.0	21.586781
11850.0	11850.0	20.50663
11900.0	11850.0	19.332506
11950.0	11850.0	18.073641
12000.0	11850.0	16.73406
12050.0	11850.0	15.340186
12100.0	11850.0	13.908126
12150.0	11850.0	12.452876
12200.0	11850.0	10.979571
12250.0	11850.0	9.487591
12300.0	11850.0	7.985756
12350.0	11850.0	6.497025
12400.0	11850.0	5.052407
12450.0	11850.0	3.670966
12500.0	11850.0	2.366998
12550.0	11850.0	1.15628
12600.0	11850.0	0.073269
12650.0	11850.0	-0.84422
12700.0	11850.0	-1.560101
12750.0	11850.0	-2.064975
12800.0	11850.0	-2.325194
12850.0	11850.0	-2.306301
12900.0	11850.0	-1.934936
12950.0	11850.0	-1.144669
13000.0	11850.0	0.108909
13050.0	11850.0	1.797505
13100.0	11850.0	3.87799
13150.0	11850.0	6.259276
13200.0	11850.0	8.8278
13250.0	11850.0	11.447731
13300.0	11850.0	14.001517
13350.0	11850.0	16.383604
13400.0	11850.0	18.513367
13450.0	11850.0	20.339417
13500.0	11850.0	21.835712
13550.0	11850.0	22.998375
13600.0	11850.0	23.842642
13650.0	11850.0	24.402346
13700.0	11850.0	24.716152
13750.0	11850.0	24.83427
13800.0	11850.0	24.822239
13850.0	11850.0	24.754583
13900.0	11850.0	24.726765
13950.0	11850.0	24.842068
14000.0	11850.0	25.172058
14050.0	11850.0	25.729713
14100.0	11850.0	26.483587
14150.0	11850.0	27.343552
14200.0	11850.0	28.178396
14250.0	11850.0	28.872965
14300.0	11850.0	29.329695
14350.0	11850.0	29.496246
14400.0	11850.0	29.330942
14450.0	11850.0	28.825842
14500.0	11850.0	27.963896
14550.0	11850.0	26.774109
14600.0	11850.0	25.285484
14650.0	11850.0	23.546734
14700.0	11850.0	21.597437
14750.0	11850.0	19.479464
14800.0	11850.0	17.218765
14850.0	11850.0	14.867862
14900.0	11850.0	12.454554
14950.0	11850.0	10.025152
15000.0	11850.0	7.623036
15050.0	11850.0	5.292374
15100.0	11850.0	3.061412
15150.0	11850.0	0.965223
15200.0	11850.0	-0.965714
15250.0	11850.0	-2.704744
15300.0	11850.0	-4.224801
15350.0	11850.0	-5.503298
15400.0	11850.0	-6.50038
15450.0	11850.0	-7.190936
15500.0	11850.0	-7.571062
15550.0	11850.0	-7.65494
15600.0	11850.0	-7.459486
15650.0	11850.0	-7.024307
15700.0	11850.0	-6.387498
15750.0	11850.0	-5.61529
15800.0	11850.0	-4.764558
15850.0	11850.0	-3.927342
15900.0	11850.0	-3.217417
15950.0	11850.0	-2.756909
16000.0	11850.0	-2.640325
16050.0	11850.0	-2.925455
16100.0	11850.0	-3.620968
16150.0	11850.0	-4.680759
16200.0	11850.0	-6.026355
16250.0	11850.0	-7.558395
16300.0	11850.0	-9.173083
16350.0	11850.0	-10.793093
16400.0	11850.0	-12.360019
16450.0	11850.0	-13.81442
16500.0	11850.0	-15.106627
16550.0	11850.0	-16.215216
16600.0	11850.0	-17.135784
16650.0	11850.0	-17.873262
16700.0	11850.0	-18.429289
16750.0	11850.0	-18.81428
16800.0	11850.0	-19.050816
16850.0	11850.0	-19.172476
16900.0	11850.0	-19.198784
16950.0	11850.0	-19.131285
17000.0	11850.0	-18.976738
17050.0	11850.0	-18.76222
17100.0	11850.0	-18.517467
17150.0	11850.0	-18.267153
17200.0	11850.0	-18.030642
17250.0	11850.0	-17.824091
17300.0	11850.0	-17.680653
17350.0	11850.0	-17.591076
17400.0	11850.0	-17.546045
17450.0	11850.0	-17.541803
17500.0	11850.0	-17.562214
17550.0	11850.0	-17.608704
17600.0	11850.0	-17.670399
17650.0	11850.0	-17.706024
17700.0	11850.0	-17.694901
17750.0	11850.0	-17.646297
17800.0	11850.0	-17.564384
17850.0	11850.0	-17.459356
17900.0	11850.0	-17.326969
17950.0	11850.0	-17.165209
18000.0	11850.0	-16.978249
18050.0	11850.0	-16.78487
18100.0	11850.0	-16.597502
18150.0	11850.0	-16.418005
18200.0	11850.0	-16.233009
18250.0	11850.0	-16.036762
18300.0	11850.0	-15.83027
10250.0	11900.0	22.668215
10300.0	11900.0	22.979078
10350.0	11900.0	23.293116
10400.0	11900.0	23.587954
10450.0	11900.0	23.856857
10500.0	11900.0	24.091566
10550.0	11900.0	24.269033
10600.0	11900.0	24.387312
10650.0	11900.0	24.459723
10700.0	11900.0	24.49931
10750.0	11900.0	24.516603
10800.0	11900.0	24.528799
10850.0	11900.0	24.570066
10900.0	11900.0	24.669609
10950.0	11900.0	24.814556
11000.0	11900.0	24.999226
11050.0	11900.0	25.218441
11100.0	11900.0	25.452843
11150.0	11900.0	25.686302
11200.0	11900.0	25.890511
11250.0	11900.0	26.045639
11300.0	11900.0	26.144791
11350.0	11900.0	26.180666
11400.0	11900.0	26.133917
11450.0	11900.0	26.000267
11500.0	11900.0	25.751806
11550.0	11900.0	25.394642
11600.0	11900.0	24.919971
11650.0	11900.0	24.328316
11700.0	11900.0	23.619036
11750.0	11900.0	22.810259
11800.0	11900.0	21.925541
11850.0	11900.0	20.961876
11900.0	11900.0	19.920246
11950.0	11900.0	18.803339
12000.0	11900.0	17.610857
12050.0	11900.0	16.360022
12100.0	11900.0	15.067402
12150.0	11900.0	13.746178
12200.0	11900.0	12.393188
12250.0	11900.0	11.014429
12300.0	11900.0	9.612395
12350.0	11900.0	8.20612
12400.0	11900.0	6.813725
12450.0	11900.0	5.463891
12500.0	11900.0	4.166534
12550.0	11900.0	2.932911
12600.0	11900.0	1.790293
12650.0	11900.0	0.767434
12700.0	11900.0	-0.110498
12750.0	11900.0	-0.836105
12800.0	11900.0	-1.389382
12850.0	11900.0	-1.724722
12900.0	11900.0	-1.767296
12950.0	11900.0	-1.398465
13000.0	11900.0	-0.519262
13050.0	11900.0	0.892705
13100.0	11900.0	2.742755
13150.0	11900.0	4.876694
13200.0	11900.0	7.132732
13250.0	11900.0	9.381149
13300.0	11900.0	11.503785
13350.0	11900.0	13.415143
13400.0	11900.0	15.050291
13450.0	11900.0	16.361475
13500.0	11900.0	17.332554
13550.0	11900.0	17.959175
13600.0	11900.0	18.264399
13650.0	11900.0	18.278341
13700.0	11900.0	18.053223
13750.0	11900.0	17.643349
13800.0	11900.0	17.116655
13850.0	11900.0	16.549809
13900.0	11900.0	16.043394
13950.0	11900.0	15.750568
14000.0	11900.0	15.851714
14050.0	11900.0	16.412174
14100.0	11900.0	17.357805
14150.0	11900.0	18.504999
14200.0	11900.0	19.673733
14250.0	11900.0	20.726925
14300.0	11900.0	21.572638
14350.0	11900.0	22.140476
14400.0	11900.0	22.402197
14450.0	11900.0	22.337234
14500.0	11900.0	21.950584
14550.0	11900.0	21.257994
14600.0	11900.0	20.288563
14650.0	11900.0	19.067976
14700.0	11900.0	17.625721
14750.0	11900.0	15.989234
14800.0	11900.0	14.209941
14850.0	11900.0	12.315022
14900.0	11900.0	10.3434
14950.0	11900.0	8.313799
15000.0	11900.0	6.282393
15050.0	11900.0	4.283453
15100.0	11900.0	2.346916
15150.0	11900.0	0.502899
15200.0	11900.0	-1.215369
15250.0	11900.0	-2.788444
15300.0	11900.0	-4.180768
15350.0	11900.0	-5.354817
15400.0	11900.0	-6.262323
15450.0	11900.0	-6.870955
15500.0	11900.0	-7.174707
15550.0	11900.0	-7.177285
15600.0	11900.0	-6.895806
15650.0	11900.0	-6.358822
15700.0	11900.0	-5.612347
15750.0	11900.0	-4.708638
15800.0	11900.0	-3.701972
15850.0	11900.0	-2.678033
15900.0	11900.0	-1.771916
15950.0	11900.0	-1.145589
16000.0	11900.0	-0.990017
16050.0	11900.0	-1.409917
16100.0	11900.0	-2.365242
16150.0	11900.0	-3.713682
16200.0	11900.0	-5.319358
16250.0	11900.0	-7.079309
16300.0	11900.0	-8.891164
16350.0	11900.0	-10.666048
16400.0	11900.0	-12.359958
16450.0	11900.0	-13.923994
16500.0	11900.0	-15.305936
16550.0	11900.0	-16.486059
16600.0	11900.0	-17.455978
16650.0	11900.0	-18.219942
16700.0	11900.0	-18.784405
16750.0	11900.0	-19.166435
16800.0	11900.0	-19.390665
16850.0	11900.0	-19.497578
16900.0	11900.0	-19.512405
16950.0	11900.0	-19.422321
17000.0	11900.0	-19.250864
17050.0	11900.0	-19.024546
17100.0	11900.0	-18.762733
17150.0	11900.0	-18.502766
17200.0	11900.0	-18.258049
17250.0	11900.0	-18.044165
17300.0	11900.0	-17.892511
17350.0	11900.0	-17.800718
17400.0	11900.0	-17.758936
17450.0	11900.0	-17.766365
17500.0	11900.0	-17.806944
17550.0	11900.0	-17.874969
17600.0	11900.0	-17.944279
17650.0	11900.0	-17.993927
17700.0	11900.0	-18.000921
17750.0	11900.0	-17.954264
17800.0	11900.0	-17.868427
17850.0	11900.0	-17.755146
17900.0	11900.0	-17.608831
17950.0	11900.0	-17.429592
18000.0	11900.0	-17.234709
18050.0	11900.0	-17.029652
18100.0	11900.0	-16.829248
18150.0	11900.0	-16.631193
18200.0	11900.0	-16.431047
18250.0	11900.0	-16.217375
18300.0	11900.0	-15.998007
10250.0	11950.0	22.692511
10300.0	11950.0	22.997252
10350.0	11950.0	23.302248
10400.0	11950.0	23.595968
10450.0	11950.0	23.856514
10500.0	11950.0	24.076311
10550.0	11950.0	24.235615
10600.0	11950.0	24.341864
10650.0	11950.0	24.396938
10700.0	11950.0	24.426865
10750.0	11950.0	24.446835
10800.0	11950.0	24.466698
10850.0	11950.0	24.505447
10900.0	11950.0	24.593012
10950.0	11950.0	24.721205
11000.0	11950.0	24.887651
11050.0	11950.0	25.087898
11100.0	11950.0	25.307123
11150.0	11950.0	25.528023
11200.0	11950.0	25.716511
11250.0	11950.0	25.858049
11300.0	11950.0	25.94375
11350.0	11950.0	25.957747
11400.0	11950.0	25.904793
11450.0	11950.0	25.77714
11500.0	11950.0	25.552032
11550.0	11950.0	25.23732
11600.0	11950.0	24.835817
11650.0	11950.0	24.336187
11700.0	11950.0	23.736584
11750.0	11950.0	23.039282
11800.0	11950.0	22.272467
11850.0	11950.0	21.431353
11900.0	11950.0	20.525482
11950.0	11950.0	19.556007
12000.0	11950.0	18.518772
12050.0	11950.0	17.418467
12100.0	11950.0	16.277704
12150.0	11950.0	15.101672
12200.0	11950.0	13.888234
12250.0	11950.0	12.643441
12300.0	11950.0	11.364932
12350.0	11950.0	10.068638
12400.0	11950.0	8.757492
12450.0	11950.0	7.458476
12500.0	11950.0	6.190063
12550.0	11950.0	4.965548
12600.0	11950.0	3.800686
12650.0	11950.0	2.710979
12700.0	11950.0	1.712056
12750.0	11950.0	0.815572
12800.0	11950.0	0.032529
12850.0	11950.0	-0.601973
12900.0	11950.0	-1.018411
12950.0	11950.0	-1.093486
13000.0	11950.0	-0.624683
13050.0	11950.0	0.578424
13100.0	11950.0	2.254301
13150.0	11950.0	4.139051
13200.0	11950.0	6.063956
13250.0	11950.0	7.90936
13300.0	11950.0	9.580278
13350.0	11950.0	11.008844
13400.0	11950.0	12.145213
13450.0	11950.0	12.955791
13500.0	11950.0	13.420557
13550.0	11950.0	13.538036
13600.0	11950.0	13.33166
13650.0	11950.0	12.8518
13700.0	11950.0	12.14119
13750.0	11950.0	11.26605
13800.0	11950.0	10.284248
13850.0	11950.0	9.268722
13900.0	11950.0	8.303938
13950.0	11950.0	7.560621
14000.0	11950.0	7.350389
14050.0	11950.0	7.988041
14100.0	11950.0	9.165522
14150.0	11950.0	10.568888
14200.0	11950.0	12.009151
14250.0	11950.0	13.35257
14300.0	11950.0	14.510838
14350.0	11950.0	15.416389
14400.0	11950.0	16.037058
14450.0	11950.0	16.366684
14500.0	11950.0	16.402266
14550.0	11950.0	16.161423
14600.0	11950.0	15.657272
14650.0	11950.0	14.905989
14700.0	11950.0	13.923119
14750.0	11950.0	12.740591
14800.0	11950.0	11.391927
14850.0	11950.0	9.917475
14900.0	11950.0	8.327024
14950.0	11950.0	6.654386
15000.0	11950.0	4.943207
15050.0	11950.0	3.234893
15100.0	11950.0	1.553654
15150.0	11950.0	-0.074901
15200.0	11950.0	-1.624051
15250.0	11950.0	-3.063168
15300.0	11950.0	-4.354993
15350.0	11950.0	-5.446153
15400.0	11950.0	-6.287544
15450.0	11950.0	-6.844895
15500.0	11950.0	-7.102267
15550.0	11950.0	-7.062011
15600.0	11950.0	-6.736769
15650.0	11950.0	-6.15554
15700.0	11950.0	-5.35455
15750.0	11950.0	-4.391982
15800.0	11950.0	-3.303185
15850.0	11950.0	-2.165856
15900.0	11950.0	-1.092209
15950.0	11950.0	-0.268886
16000.0	11950.0	-0.014045
16050.0	11950.0	-0.642587
16100.0	11950.0	-1.886853
16150.0	11950.0	-3.484575
16200.0	11950.0	-5.286241
16250.0	11950.0	-7.199702
16300.0	11950.0	-9.138453
16350.0	11950.0	-11.013762
16400.0	11950.0	-12.77947
16450.0	11950.0	-14.391785
16500.0	11950.0	-15.814904
16550.0	11950.0	-17.021271
16600.0	11950.0	-18.001152
16650.0	11950.0	-18.754387
16700.0	11950.0	-19.28854
16750.0	11950.0	-19.639446
16800.0	11950.0	-19.8328
16850.0	11950.0	-19.904621
16900.0	11950.0	-19.87746
16950.0	11950.0	-19.753052
17000.0	11950.0	-19.548275
17050.0	11950.0	-19.298428
17100.0	11950.0	-19.016556
17150.0	11950.0	-18.741003
17200.0	11950.0	-18.482443
17250.0	11950.0	-18.257721
17300.0	11950.0	-18.092285
17350.0	11950.0	-17.99419
17400.0	11950.0	-17.947239
17450.0	11950.0	-17.957743
17500.0	11950.0	-18.012476
17550.0	11950.0	-18.092154
17600.0	11950.0	-18.165567
17650.0	11950.0	-18.22349
17700.0	11950.0	-18.246201
17750.0	11950.0	-18.2048
17800.0	11950.0	-18.113256
17850.0	11950.0	-17.994621
17900.0	11950.0	-17.84573
17950.0	11950.0	-17.665545
18000.0	11950.0	-17.46925
18050.0	11950.0	-17.264469
18100.0	11950.0	-17.062141
18150.0	11950.0	-16.855482
18200.0	11950.0	-16.64522
18250.0	11950.0	-16.429651
18300.0	11950.0	-16.202427
10250.0	12000.0	22.742508
10300.0	12000.0	23.03171
10350.0	12000.0	23.321369
10400.0	12000.0	23.601076
10450.0	12000.0	23.852575
10500.0	12000.0	24.050898
10550.0	12000.0	24.197733
10600.0	12000.0	24.28684
10650.0	12000.0	24.333235
10700.0	12000.0	24.356882
10750.0	12000.0	24.374054
10800.0	12000.0	24.395826
10850.0	12000.0	24.444801
10900.0	12000.0	24.522129
10950.0	12000.0	24.634396
11000.0	12000.0	24.784931
11050.0	12000.0	24.962252
11100.0	12000.0	25.155342
11150.0	12000.0	25.35029
11200.0	12000.0	25.519302
11250.0	12000.0	25.644558
11300.0	12000.0	25.713102
11350.0	12000.0	25.713259
11400.0	12000.0	25.653095
11450.0	12000.0	25.526968
11500.0	12000.0	25.324102
11550.0	12000.0	25.056293
11600.0	12000.0	24.721676
11650.0	12000.0	24.316473
11700.0	12000.0	23.827967
11750.0	12000.0	23.258053
11800.0	12000.0	22.616165
11850.0	12000.0	21.906126
11900.0	12000.0	21.1453
11950.0	12000.0	20.331936
12000.0	12000.0	19.446503
12050.0	12000.0	18.507923
12100.0	12000.0	17.525646
12150.0	12000.0	16.506868
12200.0	12000.0	15.449425
12250.0	12000.0	14.356738
12300.0	12000.0	13.222461
12350.0	12000.0	12.055984
12400.0	12000.0	10.855108
12450.0	12000.0	9.638454
12500.0	12000.0	8.433515
12550.0	12000.0	7.249308
12600.0	12000.0	6.095538
12650.0	12000.0	4.982257
12700.0	12000.0	3.913595
12750.0	12000.0	2.899848
12800.0	12000.0	1.963787
12850.0	12000.0	1.121661
12900.0	12000.0	0.434585
12950.0	12000.0	-0.000883
13000.0	12000.0	-0.0
13050.0	12000.0	1.084913
13100.0	12000.0	2.537142
13150.0	12000.0	4.106314
13200.0	12000.0	5.644802
13250.0	12000.0	7.051783
13300.0	12000.0	8.249399
13350.0	12000.0	9.184173
13400.0	12000.0	9.825972
13450.0	12000.0	10.148112
13500.0	12000.0	10.126515
13550.0	12000.0	9.762042
13600.0	12000.0	9.090683
13650.0	12000.0	8.161462
13700.0	12000.0	7.03512
13750.0	12000.0	5.759554
13800.0	12000.0	4.401912
13850.0	12000.0	3.03122
13900.0	12000.0	1.722195
13950.0	12000.0	0.611535
14000.0	12000.0	-0.0
14050.0	12000.0	0.806072
14100.0	12000.0	2.125581
14150.0	12000.0	3.668275
14200.0	12000.0	5.268199
14250.0	12000.0	6.815222
14300.0	12000.0	8.202923
14350.0	12000.0	9.373435
14400.0	12000.0	10.294609
14450.0	12000.0	10.959293
14500.0	12000.0	11.364087
14550.0	12000.0	11.519855
14600.0	12000.0	11.424503
14650.0	12000.0	11.091647
14700.0	12000.0	10.532135
14750.0	12000.0	9.762464
14800.0	12000.0	8.815713
14850.0	12000.0	7.704258
14900.0	12000.0	6.450584
14950.0	12000.0	5.077573
15000.0	12000.0	3.639325
15050.0	12000.0	2.171968
15100.0	12000.0	0.695275
15150.0	12000.0	-0.765437
15200.0	12000.0	-2.180453
15250.0	12000.0	-3.517185
15300.0	12000.0	-4.728484
15350.0	12000.0	-5.759254
15400.0	12000.0	-6.565112
15450.0	12000.0	-7.100789
15500.0	12000.0	-7.350064
15550.0	12000.0	-7.307537
15600.0	12000.0	-6.991451
15650.0	12000.0	-6.426443
15700.0	12000.0	-5.648361
15750.0	12000.0	-4.696039
15800.0	12000.0	-3.616537
15850.0	12000.0	-2.469497
15900.0	12000.0	-1.355641
15950.0	12000.0	-0.432111
16000.0	12000.0	-0.0
16050.0	12000.0	-0.914627
16100.0	12000.0	-2.362455
16150.0	12000.0	-4.090125
16200.0	12000.0	-5.979126
16250.0	12000.0	-7.957992
16300.0	12000.0	-9.942144
16350.0	12000.0	-11.854525
16400.0	12000.0	-13.630094
16450.0	12000.0	-15.233906
16500.0	12000.0	-16.637201
16550.0	12000.0	-17.821358
16600.0	12000.0	-18.763325
16650.0	12000.0	-19.466074
16700.0	12000.0	-19.945341
16750.0	12000.0	-20.240875
16800.0	12000.0	-20.381645
16850.0	12000.0	-20.392694
16900.0	12000.0	-20.304533
16950.0	12000.0	-20.119892
17000.0	12000.0	-19.870966
17050.0	12000.0	-19.58115
17100.0	12000.0	-19.274294
17150.0	12000.0	-18.971483
17200.0	12000.0	-18.69779
17250.0	12000.0	-18.45949
17300.0	12000.0	-18.281244
17350.0	12000.0	-18.168583
17400.0	12000.0	-18.116936
17450.0	12000.0	-18.124556
17500.0	12000.0	-18.178514
17550.0	12000.0	-18.257814
17600.0	12000.0	-18.335754
17650.0	12000.0	-18.399725
17700.0	12000.0	-18.424194
17750.0	12000.0	-18.388298
17800.0	12000.0	-18.302988
17850.0	12000.0	-18.181929
17900.0	12000.0	-18.035391
17950.0	12000.0	-17.864088
18000.0	12000.0	-17.682371
18050.0	12000.0	-17.487602
18100.0	12000.0	-17.292728
18150.0	12000.0	-17.091293
18200.0	12000.0	-16.882473
18250.0	12000.0	-16.665426
18300.0	12000.0	-16.44907
10250.0	12050.0	22.811594
10300.0	12050.0	23.087046
10350.0	12050.0	23.349092
10400.0	12050.0	23.605742
10450.0	12050.0	23.839073
10500.0	12050.0	24.019051
10550.0	12050.0	24.149443
10600.0	12050.0	24.233152
10650.0	12050.0	24.273376
10700.0	12050.0	24.290823
10750.0	12050.0	24.299612
10800.0	12050.0	24.323418
10850.0	12050.0	24.373379
10900.0	12050.0	24.451385
10950.0	12050.0	24.55476
11000.0	12050.0	24.686583
11050.0	12050.0	24.837612
11100.0	12050.0	25.000895
11150.0	12050.0	25.164898
11200.0	12050.0	25.300234
11250.0	12050.0	25.404213
11300.0	12050.0	25.455971
11350.0	12050.0	25.445238
11400.0	12050.0	25.376415
11450.0	12050.0	25.255281
11500.0	12050.0	25.083183
11550.0	12050.0	24.864859
11600.0	12050.0	24.592737
11650.0	12050.0	24.263933
11700.0	12050.0	23.88344
11750.0	12050.0	23.442284
11800.0	12050.0	22.938663
11850.0	12050.0	22.378035
11900.0	12050.0	21.777824
11950.0	12050.0	21.118782
12000.0	12050.0	20.397299
12050.0	12050.0	19.618044
12100.0	12050.0	18.801908
12150.0	12050.0	17.947651
12200.0	12050.0	17.061169
12250.0	12050.0	16.130598
12300.0	12050.0	15.160436
12350.0	12050.0	14.14558
12400.0	12050.0	13.08574
12450.0	12050.0	11.990118
12500.0	12050.0	10.882866
12550.0	12050.0	9.770459
12600.0	12050.0	8.663237
12650.0	12050.0	7.569125
12700.0	12050.0	6.485346
12750.0	12050.0	5.422631
12800.0	12050.0	4.402292
12850.0	12050.0	3.450356
12900.0	12050.0	2.637562
12950.0	12050.0	2.093782
13000.0	12050.0	2.025605
13050.0	12050.0	2.623574
13100.0	12050.0	3.628672
13150.0	12050.0	4.766912
13200.0	12050.0	5.860066
13250.0	12050.0	6.800726
13300.0	12050.0	7.513051
13350.0	12050.0	7.960433
13400.0	12050.0	8.11555
13450.0	12050.0	7.958653
13500.0	12050.0	7.474354
13550.0	12050.0	6.662097
13600.0	12050.0	5.557262
13650.0	12050.0	4.233218
13700.0	12050.0	2.741365
13750.0	12050.0	1.14376
13800.0	12050.0	-0.501409
13850.0	12050.0	-2.113764
13900.0	12050.0	-3.59309
13950.0	12050.0	-4.74523
14000.0	12050.0	-5.249182
14050.0	12050.0	-4.778293
14100.0	12050.0	-3.640342
14150.0	12050.0	-2.147276
14200.0	12050.0	-0.508139
14250.0	12050.0	1.135558
14300.0	12050.0	2.675822
14350.0	12050.0	4.043633
14400.0	12050.0	5.204915
14450.0	12050.0	6.147724
14500.0	12050.0	6.866196
14550.0	12050.0	7.354701
14600.0	12050.0	7.618723
14650.0	12050.0	7.65952
14700.0	12050.0	7.484421
14750.0	12050.0	7.093521
14800.0	12050.0	6.495954
14850.0	12050.0	5.707157
14900.0	12050.0	4.733066
14950.0	12050.0	3.615935
15000.0	12050.0	2.395331
15050.0	12050.0	1.114707
15100.0	12050.0	-0.207053
15150.0	12050.0	-1.542121
15200.0	12050.0	-2.857144
15250.0	12050.0	-4.118504
15300.0	12050.0	-5.27496
15350.0	12050.0	-6.280526
15400.0	12050.0	-7.079501
15450.0	12050.0	-7.63148
15500.0	12050.0	-7.910118
15550.0	12050.0	-7.913256
15600.0	12050.0	-7.662589
15650.0	12050.0	-7.180044
15700.0	12050.0	-6.48727
15750.0	12050.0	-5.63011
15800.0	12050.0	-4.643795
15850.0	12050.0	-3.60595
15900.0	12050.0	-2.629189
15950.0	12050.0	-1.913604
16000.0	12050.0	-1.772624
16050.0	12050.0	-2.510704
16100.0	12050.0	-3.859845
16150.0	12050.0	-5.551495
16200.0	12050.0	-7.416705
16250.0	12050.0	-9.360976
16300.0	12050.0	-11.31237
16350.0	12050.0	-13.183836
16400.0	12050.0	-14.909336
16450.0	12050.0	-16.446634
16500.0	12050.0	-17.77879
16550.0	12050.0	-18.879297
16600.0	12050.0	-19.740034
16650.0	12050.0	-20.358923
16700.0	12050.0	-20.753483
16750.0	12050.0	-20.970467
16800.0	12050.0	-21.030249
16850.0	12050.0	-20.96282
16900.0	12050.0	-20.788807
16950.0	12050.0	-20.535944
17000.0	12050.0	-20.220064
17050.0	12050.0	-19.877508
17100.0	12050.0	-19.529539
17150.0	12050.0	-19.194788
17200.0	12050.0	-18.893652
17250.0	12050.0	-18.642939
17300.0	12050.0	-18.450129
17350.0	12050.0	-18.32666
17400.0	12050.0	-18.271679
17450.0	12050.0	-18.269468
17500.0	12050.0	-18.305788
17550.0	12050.0	-18.373257
17600.0	12050.0	-18.455713
17650.0	12050.0	-18.521841
17700.0	12050.0	-18.538723
17750.0	12050.0	-18.506577
17800.0	12050.0	-18.431589
17850.0	12050.0	-18.318592
17900.0	12050.0	-18.179863
17950.0	12050.0	-18.027897
18000.0	12050.0	-17.865772
18050.0	12050.0	-17.69714
18100.0	12050.0	-17.522078
18150.0	12050.0	-17.335857
18200.0	12050.0	-17.137018
18250.0	12050.0	-16.935003
18300.0	12050.0	-16.73513
10250.0	12100.0	22.902033
10300.0	12100.0	23.147663
10350.0	12100.0	23.386587
10400.0	12100.0	23.613239
10450.0	12100.0	23.818871
10500.0	12100.0	23.983654
10550.0	12100.0	24.103401
10600.0	12100.0	24.175634
10650.0	12100.0	24.213673
10700.0	12100.0	24.226471
10750.0	12100.0	24.227852
10800.0	12100.0	24.248806
10850.0	12100.0	24.301189
10900.0	12100.0	24.377752
10950.0	12100.0	24.47242
11000.0	12100.0	24.585846
11050.0	12100.0	24.713228
11100.0	12100.0	24.845951
11150.0	12100.0	24.969149
11200.0	12100.0	25.071587
11250.0	12100.0	25.143314
11300.0	12100.0	25.172398
11350.0	12100.0	25.149755
11400.0	12100.0	25.080524
11450.0	12100.0	24.975073
11500.0	12100.0	24.837389
11550.0	12100.0	24.661449
11600.0	12100.0	24.441305
11650.0	12100.0	24.186306
11700.0	12100.0	23.904572
11750.0	12100.0	23.592196
11800.0	12100.0	23.236378
11850.0	12100.0	22.836119
11900.0	12100.0	22.399111
11950.0	12100.0	21.906324
12000.0	12100.0	21.347456
12050.0	12100.0	20.741816
12100.0	12100.0	20.094591
12150.0	12100.0	19.419222
12200.0	12100.0	18.705086
12250.0	12100.0	17.95573
12300.0	12100.0	17.158291
12350.0	12100.0	16.320827
12400.0	12100.0	15.430696
12450.0	12100.0	14.499737
12500.0	12100.0	13.530502
12550.0	12100.0	12.528061
12600.0	12100.0	11.502012
12650.0	12100.0	10.466933
12700.0	12100.0	9.419214
12750.0	12100.0	8.366388
12800.0	12100.0	7.330418
12850.0	12100.0	6.358197
12900.0	12100.0	5.527032
12950.0	12100.0	4.959466
13000.0	12100.0	4.763579
13050.0	12100.0	4.960372
13100.0	12100.0	5.45609
13150.0	12100.0	6.084373
13200.0	12100.0	6.68227
13250.0	12100.0	7.134095
13300.0	12100.0	7.364046
13350.0	12100.0	7.330218
13400.0	12100.0	7.014636
13450.0	12100.0	6.397354
13500.0	12100.0	5.472828
13550.0	12100.0	4.243968
13600.0	12100.0	2.756414
13650.0	12100.0	1.075195
13700.0	12100.0	-0.727109
13750.0	12100.0	-2.587075
13800.0	12100.0	-4.431677
13850.0	12100.0	-6.173649
13900.0	12100.0	-7.685097
13950.0	12100.0	-8.783366
14000.0	12100.0	-9.259995
14050.0	12100.0	-9.034379
14100.0	12100.0	-8.173862
14150.0	12100.0	-6.871303
14200.0	12100.0	-5.320841
14250.0	12100.0	-3.680156
14300.0	12100.0	-2.064663
14350.0	12100.0	-0.561527
14400.0	12100.0	0.782861
14450.0	12100.0	1.947468
14500.0	12100.0	2.915991
14550.0	12100.0	3.688553
14600.0	12100.0	4.260111
14650.0	12100.0	4.63887
14700.0	12100.0	4.807156
14750.0	12100.0	4.748801
14800.0	12100.0	4.454549
14850.0	12100.0	3.930444
14900.0	12100.0	3.196357
14950.0	12100.0	2.279967
15000.0	12100.0	1.232179
15050.0	12100.0	0.08693
15100.0	12100.0	-1.124605
15150.0	12100.0	-2.372164
15200.0	12100.0	-3.626702
15250.0	12100.0	-4.845302
15300.0	12100.0	-5.981979
15350.0	12100.0	-6.988294
15400.0	12100.0	-7.818793
15450.0	12100.0	-8.418216
15500.0	12100.0	-8.771807
15550.0	12100.0	-8.870259
15600.0	12100.0	-8.742453
15650.0	12100.0	-8.399692
15700.0	12100.0	-7.864989
15750.0	12100.0	-7.169047
15800.0	12100.0	-6.370221
15850.0	12100.0	-5.551157
15900.0	12100.0	-4.844921
15950.0	12100.0	-4.432796
16000.0	12100.0	-4.506287
16050.0	12100.0	-5.149758
16100.0	12100.0	-6.314875
16150.0	12100.0	-7.849839
16200.0	12100.0	-9.580813
16250.0	12100.0	-11.401843
16300.0	12100.0	-13.233113
16350.0	12100.0	-14.989593
16400.0	12100.0	-16.603249
16450.0	12100.0	-18.021719
16500.0	12100.0	-19.219887
16550.0	12100.0	-20.193548
16600.0	12100.0	-20.927668
16650.0	12100.0	-21.431004
16700.0	12100.0	-21.718819
16750.0	12100.0	-21.823124
16800.0	12100.0	-21.778896
16850.0	12100.0	-21.60656
16900.0	12100.0	-21.337986
16950.0	12100.0	-20.989664
17000.0	12100.0	-20.599211
17050.0	12100.0	-20.188425
17100.0	12100.0	-19.784691
17150.0	12100.0	-19.409328
17200.0	12100.0	-19.076981
17250.0	12100.0	-18.802656
17300.0	12100.0	-18.595915
17350.0	12100.0	-18.464905
17400.0	12100.0	-18.40066
17450.0	12100.0	-18.384935
17500.0	12100.0	-18.398937
17550.0	12100.0	-18.451378
17600.0	12100.0	-18.524351
17650.0	12100.0	-18.584873
17700.0	12100.0	-18.597229
17750.0	12100.0	-18.565256
17800.0	12100.0	-18.499613
17850.0	12100.0	-18.402441
17900.0	12100.0	-18.282921
17950.0	12100.0	-18.15267
18000.0	12100.0	-18.02438
18050.0	12100.0	-17.890095
18100.0	12100.0	-17.745796
18150.0	12100.0	-17.586653
18200.0	12100.0	-17.413876
18250.0	12100.0	-17.233021
18300.0	12100.0	-17.061821
10250.0	12150.0	22.999819
10300.0	12150.0	23.218111
10350.0	12150.0	23.432554
10400.0	12150.0	23.628359
10450.0	12150.0	23.800591
10500.0	12150.0	23.945601
10550.0	12150.0	24.051708
10600.0	12150.0	24.119513
10650.0	12150.0	24.153923
10700.0	12150.0	24.161335
10750.0	12150.0	24.159084
10800.0	12150.0	24.179529
10850.0	12150.0	24.227587
10900.0	12150.0	24.298105
10950.0	12150.0	24.385658
11000.0	12150.0	24.483097
11050.0	12150.0	24.587765
11100.0	12150.0	24.684353
11150.0	12150.0	24.767324
11200.0	12150.0	24.831646
11250.0	12150.0	24.872774
11300.0	12150.0	24.872082
11350.0	12150.0	24.833303
11400.0	12150.0	24.767183
11450.0	12150.0	24.687798
11500.0	12150.0	24.57826
11550.0	12150.0	24.437784
11600.0	12150.0	24.271486
11650.0	12150.0	24.09201
11700.0	12150.0	23.911573
11750.0	12150.0	23.72024
11800.0	12150.0	23.50453
11850.0	12150.0	23.262405
11900.0	12150.0	22.989075
11950.0	12150.0	22.661438
12000.0	12150.0	22.284298
12050.0	12150.0	21.859262
12100.0	12150.0	21.400505
12150.0	12150.0	20.905209
12200.0	12150.0	20.379213
12250.0	12150.0	19.817844
12300.0	12150.0	19.213377
12350.0	12150.0	18.5672
12400.0	12150.0	17.880733
12450.0	12150.0	17.143751
12500.0	12150.0	16.350805
12550.0	12150.0	15.495827
12600.0	12150.0	14.595683
12650.0	12150.0	13.657961
12700.0	12150.0	12.689544
12750.0	12150.0	11.694319
12800.0	12150.0	10.704366
12850.0	12150.0	9.77006
12900.0	12150.0	8.963674
12950.0	12150.0	8.352044
13000.0	12150.0	7.986956
13050.0	12150.0	7.844088
13100.0	12150.0	7.876743
13150.0	12150.0	7.992183
13200.0	12150.0	8.074742
13250.0	12150.0	8.032499
13300.0	12150.0	7.782612
13350.0	12150.0	7.281744
13400.0	12150.0	6.505767
13450.0	12150.0	5.445581
13500.0	12150.0	4.109825
13550.0	12150.0	2.503909
13600.0	12150.0	0.675689
13650.0	12150.0	-1.310652
13700.0	12150.0	-3.379655
13750.0	12150.0	-5.445924
13800.0	12150.0	-7.424508
13850.0	12150.0	-9.222624
13900.0	12150.0	-10.719028
13950.0	12150.0	-11.785346
14000.0	12150.0	-12.306848
14050.0	12150.0	-12.25351
14100.0	12150.0	-11.644653
14150.0	12150.0	-10.577907
14200.0	12150.0	-9.195315
14250.0	12150.0	-7.635719
14300.0	12150.0	-6.020938
14350.0	12150.0	-4.443532
14400.0	12150.0	-2.974171
14450.0	12150.0	-1.647342
14500.0	12150.0	-0.475006
14550.0	12150.0	0.530082
14600.0	12150.0	1.374626
14650.0	12150.0	2.04042
14700.0	12150.0	2.509932
14750.0	12150.0	2.73812
14800.0	12150.0	2.696532
14850.0	12150.0	2.38812
14900.0	12150.0	1.831097
14950.0	12150.0	1.072682
15000.0	12150.0	0.152279
15050.0	12150.0	-0.893064
15100.0	12150.0	-2.032346
15150.0	12150.0	-3.236134
15200.0	12150.0	-4.465582
15250.0	12150.0	-5.679717
15300.0	12150.0	-6.82834
15350.0	12150.0	-7.869241
15400.0	12150.0	-8.754687
15450.0	12150.0	-9.4464
15500.0	12150.0	-9.913187
15550.0	12150.0	-10.162525
15600.0	12150.0	-10.20894
15650.0	12150.0	-10.063945
15700.0	12150.0	-9.742429
15750.0	12150.0	-9.282569
15800.0	12150.0	-8.746089
15850.0	12150.0	-8.222826
15900.0	12150.0	-7.832018
15950.0	12150.0	-7.69462
16000.0	12150.0	-7.923578
16050.0	12150.0	-8.543058
16100.0	12150.0	-9.555287
16150.0	12150.0	-10.88802
16200.0	12150.0	-12.420394
16250.0	12150.0	-14.043989
16300.0	12150.0	-15.679229
16350.0	12150.0	-17.25095
16400.0	12150.0	-18.686607
16450.0	12150.0	-19.928413
16500.0	12150.0	-20.950768
16550.0	12150.0	-21.75075
16600.0	12150.0	-22.327728
16650.0	12150.0	-22.682129
16700.0	12150.0	-22.831659
16750.0	12150.0	-22.799385
16800.0	12150.0	-22.618713
16850.0	12150.0	-22.32246
16900.0	12150.0	-21.938694
16950.0	12150.0	-21.486813
17000.0	12150.0	-21.000612
17050.0	12150.0	-20.512678
17100.0	12150.0	-20.046629
17150.0	12150.0	-19.622843
17200.0	12150.0	-19.248873
17250.0	12150.0	-18.945389
17300.0	12150.0	-18.716969
17350.0	12150.0	-18.572886
17400.0	12150.0	-18.493519
17450.0	12150.0	-18.463526
17500.0	12150.0	-18.463137
17550.0	12150.0	-18.495386
17600.0	12150.0	-18.546183
17650.0	12150.0	-18.591242
17700.0	12150.0	-18.602663
17750.0	12150.0	-18.570557
17800.0	12150.0	-18.510231
17850.0	12150.0	-18.431828
17900.0	12150.0	-18.342062
17950.0	12150.0	-18.247726
18000.0	12150.0	-18.158962
18050.0	12150.0	-18.064648
18100.0	12150.0	-17.963629
18150.0	12150.0	-17.841997
18200.0	12150.0	-17.705313
18250.0	12150.0	-17.562935
18300.0	12150.0	-17.42658
10250.0	12200.0	23.10071
10300.0	12200.0	23.293989
10350.0	12200.0	23.481144
10400.0	12200.0	23.650061
10450.0	12200.0	23.794144
10500.0	12200.0	23.910215
10550.0	12200.0	23.998833
10600.0	12200.0	24.062239
10650.0	12200.0	24.089855
10700.0	12200.0	24.09635
10750.0	12200.0	24.09547
10800.0	12200.0	24.111839
10850.0	12200.0	24.15345
10900.0	12200.0	24.218779
10950.0	12200.0	24.293129
11000.0	12200.0	24.379633
11050.0	12200.0	24.457827
11100.0	12200.0	24.51865
11150.0	12200.0	24.556034
11200.0	12200.0	24.587229
11250.0	12200.0	24.594824
11300.0	12200.0	24.56237
11350.0	12200.0	24.503599
11400.0	12200.0	24.443203
11450.0	12200.0	24.379852
11500.0	12200.0	24.297493
11550.0	12200.0	24.194927
11600.0	12200.0	24.089149
11650.0	12200.0	23.996044
11700.0	12200.0	23.912508
11750.0	12200.0	23.8318
11800.0	12200.0	23.743166
11850.0	12200.0	23.649006
11900.0	12200.0	23.528618
11950.0	12200.0	23.373581
12000.0	12200.0	23.181379
12050.0	12200.0	22.960135
12100.0	12200.0	22.698061
12150.0	12200.0	22.399633
12200.0	12200.0	22.067072
12250.0	12200.0	21.707071
12300.0	12200.0	21.314777
12350.0	12200.0	20.888334
12400.0	12200.0	20.41869
12450.0	12200.0	19.898659
12500.0	12200.0	19.305767
12550.0	12200.0	18.643019
12600.0	12200.0	17.904842
12650.0	12200.0	17.10594
12700.0	12200.0	16.251804
12750.0	12200.0	15.35849
12800.0	12200.0	14.454544
12850.0	12200.0	13.58768
12900.0	12200.0	12.798812
12950.0	12200.0	12.124294
13000.0	12200.0	11.574225
13050.0	12200.0	11.134068
13100.0	12200.0	10.762878
13150.0	12200.0	10.405909
13200.0	12200.0	9.9942
13250.0	12200.0	9.461372
13300.0	12200.0	8.741879
13350.0	12200.0	7.783555
13400.0	12200.0	6.563535
13450.0	12200.0	5.084896
13500.0	12200.0	3.363172
13550.0	12200.0	1.417673
13600.0	12200.0	-0.710171
13650.0	12200.0	-2.960911
13700.0	12200.0	-5.248542
13750.0	12200.0	-7.473892
13800.0	12200.0	-9.548897
13850.0	12200.0	-11.376621
13900.0	12200.0	-12.867789
13950.0	12200.0	-13.937676
14000.0	12200.0	-14.53199
14050.0	12200.0	-14.628094
14100.0	12200.0	-14.23154
14150.0	12200.0	-13.391797
14200.0	12200.0	-12.199146
14250.0	12200.0	-10.766003
14300.0	12200.0	-9.204068
14350.0	12200.0	-7.614962
14400.0	12200.0	-6.072779
14450.0	12200.0	-4.630002
14500.0	12200.0	-3.305786
14550.0	12200.0	-2.105783
14600.0	12200.0	-1.042209
14650.0	12200.0	-0.141568
14700.0	12200.0	0.569236
14750.0	12200.0	1.043175
14800.0	12200.0	1.221943
14850.0	12200.0	1.064073
14900.0	12200.0	0.633738
14950.0	12200.0	-0.014268
15000.0	12200.0	-0.841218
15050.0	12200.0	-1.818428
15100.0	12200.0	-2.919096
15150.0	12200.0	-4.112476
15200.0	12200.0	-5.358969
15250.0	12200.0	-6.602146
15300.0	12200.0	-7.793212
15350.0	12200.0	-8.892951
15400.0	12200.0	-9.87402
15450.0	12200.0	-10.692621
15500.0	12200.0	-11.322204
15550.0	12200.0	-11.76396
15600.0	12200.0	-12.029358
15650.0	12200.0	-12.125728
15700.0	12200.0	-12.073335
15750.0	12200.0	-11.909387
15800.0	12200.0	-11.694012
15850.0	12200.0	-11.498677
15900.0	12200.0	-11.41032
15950.0	12200.0	-11.514341
16000.0	12200.0	-11.866446
16050.0	12200.0	-12.494744
16100.0	12200.0	-13.394155
16150.0	12200.0	-14.533119
16200.0	12200.0	-15.840532
16250.0	12200.0	-17.220539
16300.0	12200.0	-18.605791
16350.0	12200.0	-19.932562
16400.0	12200.0	-21.134514
16450.0	12200.0	-22.142094
16500.0	12200.0	-22.945227
16550.0	12200.0	-23.541739
16600.0	12200.0	-23.926941
16650.0	12200.0	-24.102793
16700.0	12200.0	-24.082375
16750.0	12200.0	-23.887367
16800.0	12200.0	-23.547863
16850.0	12200.0	-23.103737
16900.0	12200.0	-22.584652
16950.0	12200.0	-22.015848
17000.0	12200.0	-21.429497
17050.0	12200.0	-20.854824
17100.0	12200.0	-20.317032
17150.0	12200.0	-19.83535
17200.0	12200.0	-19.416615
17250.0	12200.0	-19.072279
17300.0	12200.0	-18.81827
17350.0	12200.0	-18.648436
17400.0	12200.0	-18.547485
17450.0	12200.0	-18.498936
17500.0	12200.0	-18.490988
17550.0	12200.0	-18.502432
17600.0	12200.0	-18.528212
17650.0	12200.0	-18.55184
17700.0	12200.0	-18.554651
17750.0	12200.0	-18.523596
17800.0	12200.0	-18.466169
17850.0	12200.0	-18.411552
17900.0	12200.0	-18.362938
17950.0	12200.0	-18.317717
18000.0	12200.0	-18.271164
18050.0	12200.0	-18.225264
18100.0	12200.0	-18.169209
18150.0	12200.0	-18.097988
18200.0	12200.0	-18.011663
18250.0	12200.0	-17.92013
18300.0	12200.0	-17.827585
10250.0	12250.0	23.200037
10300.0	12250.0	23.371101
10350.0	12250.0	23.532419
10400.0	12250.0	23.678171
10450.0	12250.0	23.796509
10500.0	12250.0	23.881502
10550.0	12250.0	23.951279
10600.0	12250.0	24.001621
10650.0	12250.0	24.025309
10700.0	12250.0	24.029646
10750.0	12250.0	24.03483
10800.0	12250.0	24.047447
10850.0	12250.0	24.082821
10900.0	12250.0	24.135738
10950.0	12250.0	24.201704
11000.0	12250.0	24.269447
11050.0	12250.0	24.327188
11100.0	12250.0	24.350887
11150.0	12250.0	24.348055
11200.0	12250.0	24.336706
11250.0	12250.0	24.304981
11300.0	12250.0	24.241409
11350.0	12250.0	24.17037
11400.0	12250.0	24.108219
11450.0	12250.0	24.049698
11500.0	12250.0	23.991764
11550.0	12250.0	23.938232
11600.0	12250.0	23.902857
11650.0	12250.0	23.894512
11700.0	12250.0	23.912001
11750.0	12250.0	23.928806
11800.0	12250.0	23.954514
11850.0	12250.0	23.989771
11900.0	12250.0	24.022783
11950.0	12250.0	24.03409
12000.0	12250.0	24.034353
12050.0	12250.0	24.018538
12100.0	12250.0	23.968439
12150.0	12250.0	23.878942
12200.0	12250.0	23.760151
12250.0	12250.0	23.61195
12300.0	12250.0	23.450525
12350.0	12250.0	23.259708
12400.0	12250.0	23.030066
12450.0	12250.0	22.739807
12500.0	12250.0	22.37443
12550.0	12250.0	21.92569
12600.0	12250.0	21.387344
12650.0	12250.0	20.761923
12700.0	12250.0	20.056511
12750.0	12250.0	19.291737
12800.0	12250.0	18.494823
12850.0	12250.0	17.696579
12900.0	12250.0	16.91737
12950.0	12250.0	16.161236
13000.0	12250.0	15.437214
13050.0	12250.0	14.728469
13100.0	12250.0	14.011577
13150.0	12250.0	13.24055
13200.0	12250.0	12.375215
13250.0	12250.0	11.379283
13300.0	12250.0	10.200999
13350.0	12250.0	8.799418
13400.0	12250.0	7.157716
13450.0	12250.0	5.284899
13500.0	12250.0	3.205199
13550.0	12250.0	0.947928
13600.0	12250.0	-1.446287
13650.0	12250.0	-3.917571
13700.0	12250.0	-6.384115
13750.0	12250.0	-8.737125
13800.0	12250.0	-10.894863
13850.0	12250.0	-12.764821
13900.0	12250.0	-14.27689
13950.0	12250.0	-15.385557
14000.0	12250.0	-16.060978
14050.0	12250.0	-16.294823
14100.0	12250.0	-16.077482
14150.0	12250.0	-15.437949
14200.0	12250.0	-14.430165
14250.0	12250.0	-13.134128
14300.0	12250.0	-11.65984
14350.0	12250.0	-10.096317
14400.0	12250.0	-8.531303
14450.0	12250.0	-7.013563
14500.0	12250.0	-5.571305
14550.0	12250.0	-4.226043
14600.0	12250.0	-2.998722
14650.0	12250.0	-1.926352
14700.0	12250.0	-1.037512
14750.0	12250.0	-0.37375
14800.0	12250.0	-0.000133
14850.0	12250.0	-0.068211
14900.0	12250.0	-0.411114
14950.0	12250.0	-0.975612
15000.0	12250.0	-1.737569
15050.0	12250.0	-2.675012
15100.0	12250.0	-3.767237
15150.0	12250.0	-4.987603
15200.0	12250.0	-6.277794
15250.0	12250.0	-7.581206
15300.0	12250.0	-8.845298
15350.0	12250.0	-10.045712
15400.0	12250.0	-11.155102
15450.0	12250.0	-12.135514
15500.0	12250.0	-12.968946
15550.0	12250.0	-13.643423
15600.0	12250.0	-14.165018
15650.0	12250.0	-14.545994
15700.0	12250.0	-14.808476
15750.0	12250.0	-14.982989
15800.0	12250.0	-15.108922
15850.0	12250.0	-15.243233
15900.0	12250.0	-15.440694
15950.0	12250.0	-15.757103
16000.0	12250.0	-16.228619
16050.0	12250.0	-16.87392
16100.0	12250.0	-17.688448
16150.0	12250.0	-18.651884
16200.0	12250.0	-19.727491
16250.0	12250.0	-20.847448
16300.0	12250.0	-21.949989
16350.0	12250.0	-22.991011
16400.0	12250.0	-23.902382
16450.0	12250.0	-24.639208
16500.0	12250.0	-25.185219
16550.0	12250.0	-25.542475
16600.0	12250.0	-25.70216
16650.0	12250.0	-25.667599
16700.0	12250.0	-25.452488
16750.0	12250.0	-25.075666
16800.0	12250.0	-24.557671
16850.0	12250.0	-23.945393
16900.0	12250.0	-23.273348
16950.0	12250.0	-22.576967
17000.0	12250.0	-21.882736
17050.0	12250.0	-21.217659
17100.0	12250.0	-20.601957
17150.0	12250.0	-20.050064
17200.0	12250.0	-19.57362
17250.0	12250.0	-19.186956
17300.0	12250.0	-18.898846
17350.0	12250.0	-18.695927
17400.0	12250.0	-18.568153
17450.0	12250.0	-18.502764
17500.0	12250.0	-18.475481
17550.0	12250.0	-18.46295
17600.0	12250.0	-18.4671
17650.0	12250.0	-18.468073
17700.0	12250.0	-18.454821
17750.0	12250.0	-18.424459
17800.0	12250.0	-18.384447
17850.0	12250.0	-18.353268
17900.0	12250.0	-18.34837
17950.0	12250.0	-18.358692
18000.0	12250.0	-18.366604
18050.0	12250.0	-18.3696
18100.0	12250.0	-18.366421
18150.0	12250.0	-18.353619
18200.0	12250.0	-18.328968
18250.0	12250.0	-18.296482
18300.0	12250.0	-18.263969
10250.0	12300.0	23.294806
10300.0	12300.0	23.447063
10350.0	12300.0	23.586838
10400.0	12300.0	23.707952
10450.0	12300.0	23.803066
10500.0	12300.0	23.863674
10550.0	12300.0	23.90822
10600.0	12300.0	23.940367
10650.0	12300.0	23.960972
10700.0	12300.0	23.96969
10750.0	12300.0	23.977619
10800.0	12300.0	23.982582
10850.0	12300.0	24.010988
10900.0	12300.0	24.058794
10950.0	12300.0	24.113138
11000.0	12300.0	24.16049
11050.0	12300.0	24.19058
11100.0	12300.0	24.183556
11150.0	12300.0	24.140009
11200.0	12300.0	24.081774
11250.0	12300.0	24.007193
11300.0	12300.0	23.917171
11350.0	12300.0	23.828917
11400.0	12300.0	23.757236
11450.0	12300.0	23.70051
11500.0	12300.0	23.670483
11550.0	12300.0	23.676729
11600.0	12300.0	23.714085
11650.0	12300.0	23.789402
11700.0	12300.0	23.889702
11750.0	12300.0	24.003727
11800.0	12300.0	24.13975
11850.0	12300.0	24.304882
11900.0	12300.0	24.477879
11950.0	12300.0	24.656002
12000.0	12300.0	24.83732
12050.0	12300.0	25.01943
12100.0	12300.0	25.182211
12150.0	12300.0	25.321306
12200.0	12300.0	25.432533
12250.0	12300.0	25.519808
12300.0	12300.0	25.603172
12350.0	12300.0	25.667965
12400.0	12300.0	25.687735
12450.0	12300.0	25.640701
12500.0	12300.0	25.513159
12550.0	12300.0	25.298189
12600.0	12300.0	24.985699
12650.0	12300.0	24.562262
12700.0	12300.0	24.037014
12750.0	12300.0	23.424328
12800.0	12300.0	22.74202
12850.0	12300.0	22.003099
12900.0	12300.0	21.222824
12950.0	12300.0	20.387819
13000.0	12300.0	19.501499
13050.0	12300.0	18.554682
13100.0	12300.0	17.536146
13150.0	12300.0	16.411575
13200.0	12300.0	15.146258
13250.0	12300.0	13.721027
13300.0	12300.0	12.113146
13350.0	12300.0	10.294724
13400.0	12300.0	8.256989
13450.0	12300.0	6.0151
13500.0	12300.0	3.599029
13550.0	12300.0	1.050289
13600.0	12300.0	-1.582842
13650.0	12300.0	-4.24867
13700.0	12300.0	-6.860108
13750.0	12300.0	-9.326906
13800.0	12300.0	-11.56181
13850.0	12300.0	-13.495608
13900.0	12300.0	-15.06188
13950.0	12300.0	-16.233061
14000.0	12300.0	-16.999331
14050.0	12300.0	-17.351974
14100.0	12300.0	-17.289057
14150.0	12300.0	-16.817076
14200.0	12300.0	-15.974975
14250.0	12300.0	-14.822228
14300.0	12300.0	-13.449058
14350.0	12300.0	-11.941261
14400.0	12300.0	-10.377064
14450.0	12300.0	-8.815369
14500.0	12300.0	-7.29574
14550.0	12300.0	-5.847093
14600.0	12300.0	-4.507591
14650.0	12300.0	-3.318086
14700.0	12300.0	-2.319344
14750.0	12300.0	-1.566323
14800.0	12300.0	-1.12557
14850.0	12300.0	-1.057133
14900.0	12300.0	-1.300257
14950.0	12300.0	-1.799618
15000.0	12300.0	-2.522706
15050.0	12300.0	-3.449439
15100.0	12300.0	-4.563826
15150.0	12300.0	-5.828892
15200.0	12300.0	-7.190139
15250.0	12300.0	-8.579829
15300.0	12300.0	-9.958554
15350.0	12300.0	-11.300379
15400.0	12300.0	-12.572241
15450.0	12300.0	-13.757204
15500.0	12300.0	-14.823943
15550.0	12300.0	-15.765884
15600.0	12300.0	-16.582491
15650.0	12300.0	-17.284523
15700.0	12300.0	-17.888416
15750.0	12300.0	-18.416159
15800.0	12300.0	-18.891481
15850.0	12300.0	-19.343395
15900.0	12300.0	-19.808378
15950.0	12300.0	-20.318653
16000.0	12300.0	-20.904881
16050.0	12300.0	-21.575438
16100.0	12300.0	-22.320293
16150.0	12300.0	-23.130045
16200.0	12300.0	-23.978504
16250.0	12300.0	-24.827385
16300.0	12300.0	-25.635628
16350.0	12300.0	-26.361574
16400.0	12300.0	-26.95541
16450.0	12300.0	-27.38472
16500.0	12300.0	-27.639723
16550.0	12300.0	-27.720863
16600.0	12300.0	-27.625256
16650.0	12300.0	-27.351948
16700.0	12300.0	-26.916666
16750.0	12300.0	-26.337389
16800.0	12300.0	-25.633533
16850.0	12300.0	-24.840858
16900.0	12300.0	-24.009739
16950.0	12300.0	-23.174408
17000.0	12300.0	-22.367579
17050.0	12300.0	-21.599997
17100.0	12300.0	-20.89282
17150.0	12300.0	-20.263376
17200.0	12300.0	-19.727819
17250.0	12300.0	-19.290951
17300.0	12300.0	-18.961418
17350.0	12300.0	-18.724112
17400.0	12300.0	-18.56794
17450.0	12300.0	-18.470633
17500.0	12300.0	-18.412357
17550.0	12300.0	-18.377441
17600.0	12300.0	-18.360067
17650.0	12300.0	-18.337009
17700.0	12300.0	-18.308224
17750.0	12300.0	-18.282879
17800.0	12300.0	-18.261786
17850.0	12300.0	-18.268816
17900.0	12300.0	-18.311474
17950.0	12300.0	-18.375629
18000.0	12300.0	-18.439281
18050.0	12300.0	-18.501516
18100.0	12300.0	-18.556902
18150.0	12300.0	-18.604727
18200.0	12300.0	-18.652061
18250.0	12300.0	-18.695593
18300.0	12300.0	-18.726282
10250.0	12350.0	23.382557
10300.0	12350.0	23.521595
10350.0	12350.0	23.644072
10400.0	12350.0	23.738838
10450.0	12350.0	23.804729
10500.0	12350.0	23.848623
10550.0	12350.0	23.870613
10600.0	12350.0	23.888561
10650.0	12350.0	23.902996
10700.0	12350.0	23.915693
10750.0	12350.0	23.918179
10800.0	12350.0	23.926161
10850.0	12350.0	23.946886
10900.0	12350.0	23.987617
10950.0	12350.0	24.028708
11000.0	12350.0	24.053957
11050.0	12350.0	24.050962
11100.0	12350.0	24.009743
11150.0	12350.0	23.930387
11200.0	12350.0	23.824755
11250.0	12350.0	23.703327
11300.0	12350.0	23.584179
11350.0	12350.0	23.48324
11400.0	12350.0	23.397921
11450.0	12350.0	23.345446
11500.0	12350.0	23.346781
11550.0	12350.0	23.405483
11600.0	12350.0	23.515953
11650.0	12350.0	23.665131
11700.0	12350.0	23.847628
11750.0	12350.0	24.05748
11800.0	12350.0	24.307476
11850.0	12350.0	24.592155
11900.0	12350.0	24.90587
11950.0	12350.0	25.240095
12000.0	12350.0	25.594673
12050.0	12350.0	25.960135
12100.0	12350.0	26.331938
12150.0	12350.0	26.703634
12200.0	12350.0	27.064201
12250.0	12350.0	27.411907
12300.0	12350.0	27.748222
12350.0	12350.0	28.06868
12400.0	12350.0	28.350348
12450.0	12350.0	28.558876
12500.0	12350.0	28.684139
12550.0	12350.0	28.714214
12600.0	12350.0	28.637465
12650.0	12350.0	28.445354
12700.0	12350.0	28.120884
12750.0	12350.0	27.676723
12800.0	12350.0	27.113401
12850.0	12350.0	26.439499
12900.0	12350.0	25.650383
12950.0	12350.0	24.74404
13000.0	12350.0	23.713333
13050.0	12350.0	22.561026
13100.0	12350.0	21.275795
13150.0	12350.0	19.839453
13200.0	12350.0	18.224745
13250.0	12350.0	16.42046
13300.0	12350.0	14.421811
13350.0	12350.0	12.216761
13400.0	12350.0	9.813567
13450.0	12350.0	7.230554
13500.0	12350.0	4.50574
13550.0	12350.0	1.686558
13600.0	12350.0	-1.17456
13650.0	12350.0	-4.012571
13700.0	12350.0	-6.764225
13750.0	12350.0	-9.33775
13800.0	12350.0	-11.665977
13850.0	12350.0	-13.678641
13900.0	12350.0	-15.323997
13950.0	12350.0	-16.584101
14000.0	12350.0	-17.441555
14050.0	12350.0	-17.904118
14100.0	12350.0	-17.962116
14150.0	12350.0	-17.631386
14200.0	12350.0	-16.932735
14250.0	12350.0	-15.915151
14300.0	12350.0	-14.644178
14350.0	12350.0	-13.197242
14400.0	12350.0	-11.653397
14450.0	12350.0	-10.074438
14500.0	12350.0	-8.50572
14550.0	12350.0	-6.996913
14600.0	12350.0	-5.590048
14650.0	12350.0	-4.337627
14700.0	12350.0	-3.286984
14750.0	12350.0	-2.492881
14800.0	12350.0	-2.0102
14850.0	12350.0	-1.85975
14900.0	12350.0	-2.025176
14950.0	12350.0	-2.476757
15000.0	12350.0	-3.184929
15050.0	12350.0	-4.132805
15100.0	12350.0	-5.291874
15150.0	12350.0	-6.621267
15200.0	12350.0	-8.065696
15250.0	12350.0	-9.573798
15300.0	12350.0	-11.107968
15350.0	12350.0	-12.625335
15400.0	12350.0	-14.105728
15450.0	12350.0	-15.518236
15500.0	12350.0	-16.852636
15550.0	12350.0	-18.096073
15600.0	12350.0	-19.239948
15650.0	12350.0	-20.295834
15700.0	12350.0	-21.261679
15750.0	12350.0	-22.144236
15800.0	12350.0	-22.955982
15850.0	12350.0	-23.70915
15900.0	12350.0	-24.423437
15950.0	12350.0	-25.121552
16000.0	12350.0	-25.819077
16050.0	12350.0	-26.513882
16100.0	12350.0	-27.203089
16150.0	12350.0	-27.869778
16200.0	12350.0	-28.502962
16250.0	12350.0	-29.083063
16300.0	12350.0	-29.586283
16350.0	12350.0	-29.98031
16400.0	12350.0	-30.236305
16450.0	12350.0	-30.333033
16500.0	12350.0	-30.269411
16550.0	12350.0	-30.043695
16600.0	12350.0	-29.657455
16650.0	12350.0	-29.11796
16700.0	12350.0	-28.447319
16750.0	12350.0	-27.652327
16800.0	12350.0	-26.754805
16850.0	12350.0	-25.787806
16900.0	12350.0	-24.793993
16950.0	12350.0	-23.812418
17000.0	12350.0	-22.876879
17050.0	12350.0	-21.999619
17100.0	12350.0	-21.192606
17150.0	12350.0	-20.482389
17200.0	12350.0	-19.877914
17250.0	12350.0	-19.389446
17300.0	12350.0	-19.010307
17350.0	12350.0	-18.737213
17400.0	12350.0	-18.545626
17450.0	12350.0	-18.412348
17500.0	12350.0	-18.30945
17550.0	12350.0	-18.242487
17600.0	12350.0	-18.197945
17650.0	12350.0	-18.156786
17700.0	12350.0	-18.121752
17750.0	12350.0	-18.107811
17800.0	12350.0	-18.117674
17850.0	12350.0	-18.163321
17900.0	12350.0	-18.249996
17950.0	12350.0	-18.364401
18000.0	12350.0	-18.493042
18050.0	12350.0	-18.623013
18100.0	12350.0	-18.743549
18150.0	12350.0	-18.858534
18200.0	12350.0	-18.979338
18250.0	12350.0	-19.101213
18300.0	12350.0	-19.212971
10250.0	12400.0	23.473404
10300.0	12400.0	23.589069
10350.0	12400.0	23.688364
10400.0	12400.0	23.761936
10450.0	12400.0	23.807871
10500.0	12400.0	23.834038
10550.0	12400.0	23.841167
10600.0	12400.0	23.845095
10650.0	12400.0	23.855412
10700.0	12400.0	23.863836
10750.0	12400.0	23.869463
10800.0	12400.0	23.879089
10850.0	12400.0	23.899275
10900.0	12400.0	23.926023
10950.0	12400.0	23.950045
11000.0	12400.0	23.947477
11050.0	12400.0	23.909155
11100.0	12400.0	23.825897
11150.0	12400.0	23.707645
11200.0	12400.0	23.560768
11250.0	12400.0	23.402359
11300.0	12400.0	23.250717
11350.0	12400.0	23.12822
11400.0	12400.0	23.037491
11450.0	12400.0	23.001978
11500.0	12400.0	23.028963
11550.0	12400.0	23.131889
11600.0	12400.0	23.299545
11650.0	12400.0	23.517565
11700.0	12400.0	23.776451
11750.0	12400.0	24.089808
11800.0	12400.0	24.451574
11850.0	12400.0	24.860708
11900.0	12400.0	25.30806
11950.0	12400.0	25.790279
12000.0	12400.0	26.3099
12050.0	12400.0	26.854067
12100.0	12400.0	27.422714
12150.0	12400.0	28.018906
12200.0	12400.0	28.630619
12250.0	12400.0	29.245811
12300.0	12400.0	29.847347
12350.0	12400.0	30.42601
12400.0	12400.0	30.962301
12450.0	12400.0	31.438259
12500.0	12400.0	31.827545
12550.0	12400.0	32.117142
12600.0	12400.0	32.292355
12650.0	12400.0	32.336441
12700.0	12400.0	32.236225
12750.0	12400.0	31.97101
12800.0	12400.0	31.538218
12850.0	12400.0	30.928003
12900.0	12400.0	30.143703
12950.0	12400.0	29.174313
13000.0	12400.0	28.026478
13050.0	12400.0	26.693624
13100.0	12400.0	25.174534
13150.0	12400.0	23.462297
13200.0	12400.0	21.540476
13250.0	12400.0	19.403448
13300.0	12400.0	17.057268
13350.0	12400.0	14.509509
13400.0	12400.0	11.771768
13450.0	12400.0	8.873713
13500.0	12400.0	5.864376
13550.0	12400.0	2.796801
13600.0	12400.0	-0.271351
13650.0	12400.0	-3.285903
13700.0	12400.0	-6.172715
13750.0	12400.0	-8.867647
13800.0	12400.0	-11.297994
13850.0	12400.0	-13.405863
13900.0	12400.0	-15.150476
13950.0	12400.0	-16.504894
14000.0	12400.0	-17.464594
14050.0	12400.0	-18.024982
14100.0	12400.0	-18.1901
14150.0	12400.0	-17.974478
14200.0	12400.0	-17.398565
14250.0	12400.0	-16.501783
14300.0	12400.0	-15.326161
14350.0	12400.0	-13.941786
14400.0	12400.0	-12.424788
14450.0	12400.0	-10.843202
14500.0	12400.0	-9.255045
14550.0	12400.0	-7.713377
14600.0	12400.0	-6.279193
14650.0	12400.0	-5.004446
14700.0	12400.0	-3.942254
14750.0	12400.0	-3.14087
14800.0	12400.0	-2.633183
14850.0	12400.0	-2.443833
14900.0	12400.0	-2.569954
14950.0	12400.0	-3.003629
15000.0	12400.0	-3.728584
15050.0	12400.0	-4.717822
15100.0	12400.0	-5.936057
15150.0	12400.0	-7.342161
15200.0	12400.0	-8.894126
15250.0	12400.0	-10.54364
15300.0	12400.0	-12.255994
15350.0	12400.0	-13.992968
15400.0	12400.0	-15.710432
15450.0	12400.0	-17.393192
15500.0	12400.0	-19.026752
15550.0	12400.0	-20.601017
15600.0	12400.0	-22.104847
15650.0	12400.0	-23.527035
15700.0	12400.0	-24.858339
15750.0	12400.0	-26.096188
15800.0	12400.0	-27.236013
15850.0	12400.0	-28.276196
15900.0	12400.0	-29.230835
15950.0	12400.0	-30.102762
16000.0	12400.0	-30.899906
16050.0	12400.0	-31.619272
16100.0	12400.0	-32.254021
16150.0	12400.0	-32.789108
16200.0	12400.0	-33.219307
16250.0	12400.0	-33.537354
16300.0	12400.0	-33.733368
16350.0	12400.0	-33.786339
16400.0	12400.0	-33.684952
16450.0	12400.0	-33.428268
16500.0	12400.0	-33.020428
16550.0	12400.0	-32.461441
16600.0	12400.0	-31.763783
16650.0	12400.0	-30.945917
16700.0	12400.0	-30.01639
16750.0	12400.0	-28.995214
16800.0	12400.0	-27.902632
16850.0	12400.0	-26.764286
16900.0	12400.0	-25.615919
16950.0	12400.0	-24.490549
17000.0	12400.0	-23.415775
17050.0	12400.0	-22.414911
17100.0	12400.0	-21.503502
17150.0	12400.0	-20.705719
17200.0	12400.0	-20.033527
17250.0	12400.0	-19.488111
17300.0	12400.0	-19.058573
17350.0	12400.0	-18.738371
17400.0	12400.0	-18.499807
17450.0	12400.0	-18.312269
17500.0	12400.0	-18.168974
17550.0	12400.0	-18.067055
17600.0	12400.0	-17.993349
17650.0	12400.0	-17.933929
17700.0	12400.0	-17.903763
17750.0	12400.0	-17.907036
17800.0	12400.0	-17.949741
17850.0	12400.0	-18.036444
17900.0	12400.0	-18.169767
17950.0	12400.0	-18.337456
18000.0	12400.0	-18.527664
18050.0	12400.0	-18.729012
18100.0	12400.0	-18.926847
18150.0	12400.0	-19.115576
18200.0	12400.0	-19.312447
18250.0	12400.0	-19.514595
18300.0	12400.0	-19.710722
10250.0	12450.0	23.566481
10300.0	12450.0	23.649599
10350.0	12450.0	23.719559
10400.0	12450.0	23.772478
10450.0	12450.0	23.804775
10500.0	12450.0	23.813145
10550.0	12450.0	23.817644
10600.0	12450.0	23.818727
10650.0	12450.0	23.817606
10700.0	12450.0	23.82155
10750.0	12450.0	23.83576
10800.0	12450.0	23.851706
10850.0	12450.0	23.866663
10900.0	12450.0	23.879021
10950.0	12450.0	23.875265
11000.0	12450.0	23.843657
11050.0	12450.0	23.760408
11100.0	12450.0	23.63036
11150.0	12450.0	23.465517
11200.0	12450.0	23.285492
11250.0	12450.0	23.095581
11300.0	12450.0	22.922844
11350.0	12450.0	22.782179
11400.0	12450.0	22.695997
11450.0	12450.0	22.668802
11500.0	12450.0	22.722996
11550.0	12450.0	22.853273
11600.0	12450.0	23.066992
11650.0	12450.0	23.344662
11700.0	12450.0	23.685163
11750.0	12450.0	24.093754
11800.0	12450.0	24.572067
11850.0	12450.0	25.105715
11900.0	12450.0	25.684519
11950.0	12450.0	26.311695
12000.0	12450.0	26.984064
12050.0	12450.0	27.701328
12100.0	12450.0	28.459522
12150.0	12450.0	29.266588
12200.0	12450.0	30.117661
12250.0	12450.0	30.988585
12300.0	12450.0	31.852512
12350.0	12450.0	32.686386
12400.0	12450.0	33.4841
12450.0	12450.0	34.226849
12500.0	12450.0	34.895374
12550.0	12450.0	35.454834
12600.0	12450.0	35.889156
12650.0	12450.0	36.184399
12700.0	12450.0	36.308186
12750.0	12450.0	36.238152
12800.0	12450.0	35.947464
12850.0	12450.0	35.423782
12900.0	12450.0	34.654732
12950.0	12450.0	33.647038
13000.0	12450.0	32.396454
13050.0	12450.0	30.910204
13100.0	12450.0	29.188051
13150.0	12450.0	27.231043
13200.0	12450.0	25.03557
13250.0	12450.0	22.606874
13300.0	12450.0	19.952394
13350.0	12450.0	17.094994
13400.0	12450.0	14.052397
13450.0	12450.0	10.873211
13500.0	12450.0	7.607403
13550.0	12450.0	4.314576
13600.0	12450.0	1.043872
13650.0	12450.0	-2.135
13700.0	12450.0	-5.168293
13750.0	12450.0	-7.987648
13800.0	12450.0	-10.533944
13850.0	12450.0	-12.747582
13900.0	12450.0	-14.593632
13950.0	12450.0	-16.048391
14000.0	12450.0	-17.107368
14050.0	12450.0	-17.764481
14100.0	12450.0	-18.028984
14150.0	12450.0	-17.910845
14200.0	12450.0	-17.445518
14250.0	12450.0	-16.649954
14300.0	12450.0	-15.56669
14350.0	12450.0	-14.246741
14400.0	12450.0	-12.767185
14450.0	12450.0	-11.194994
14500.0	12450.0	-9.603555
14550.0	12450.0	-8.061481
14600.0	12450.0	-6.626714
14650.0	12450.0	-5.35726
14700.0	12450.0	-4.304691
14750.0	12450.0	-3.507943
14800.0	12450.0	-3.000952
14850.0	12450.0	-2.801941
14900.0	12450.0	-2.925413
14950.0	12450.0	-3.372763
15000.0	12450.0	-4.132231
15050.0	12450.0	-5.175885
15100.0	12450.0	-6.469954
15150.0	12450.0	-7.974
15200.0	12450.0	-9.65108
15250.0	12450.0	-11.466861
15300.0	12450.0	-13.384264
15350.0	12450.0	-15.361534
15400.0	12450.0	-17.353914
15450.0	12450.0	-19.342854
15500.0	12450.0	-21.316545
15550.0	12450.0	-23.256023
15600.0	12450.0	-25.132122
15650.0	12450.0	-26.930473
15700.0	12450.0	-28.6273
15750.0	12450.0	-30.211931
15800.0	12450.0	-31.671158
15850.0	12450.0	-32.993778
15900.0	12450.0	-34.177307
15950.0	12450.0	-35.21455
16000.0	12450.0	-36.098541
16050.0	12450.0	-36.833588
16100.0	12450.0	-37.409676
16150.0	12450.0	-37.818428
16200.0	12450.0	-38.055222
16250.0	12450.0	-38.123505
16300.0	12450.0	-38.008892
16350.0	12450.0	-37.712471
16400.0	12450.0	-37.241314
16450.0	12450.0	-36.612896
16500.0	12450.0	-35.83786
16550.0	12450.0	-34.929798
16600.0	12450.0	-33.906139
16650.0	12450.0	-32.794849
16700.0	12450.0	-31.602427
16750.0	12450.0	-30.349493
16800.0	12450.0	-29.057095
16850.0	12450.0	-27.751966
16900.0	12450.0	-26.454502
16950.0	12450.0	-25.189884
17000.0	12450.0	-23.980671
17050.0	12450.0	-22.852549
17100.0	12450.0	-21.836584
17150.0	12450.0	-20.947239
17200.0	12450.0	-20.199133
17250.0	12450.0	-19.588249
17300.0	12450.0	-19.105139
17350.0	12450.0	-18.724983
17400.0	12450.0	-18.42239
17450.0	12450.0	-18.182833
17500.0	12450.0	-17.997274
17550.0	12450.0	-17.856096
17600.0	12450.0	-17.752159
17650.0	12450.0	-17.685045
17700.0	12450.0	-17.659403
17750.0	12450.0	-17.685623
17800.0	12450.0	-17.76149
17850.0	12450.0	-17.891037
17900.0	12450.0	-18.072586
17950.0	12450.0	-18.297716
18000.0	12450.0	-18.550476
18050.0	12450.0	-18.82303
18100.0	12450.0	-19.099657
18150.0	12450.0	-19.374149
18200.0	12450.0	-19.650068
18250.0	12450.0	-19.932804
18300.0	12450.0	-20.213589
10250.0	12500.0	23.657589
10300.0	12500.0	23.700716
10350.0	12500.0	23.74058
10400.0	12500.0	23.770367
10450.0	12500.0	23.786449
10500.0	12500.0	23.792267
10550.0	12500.0	23.796473
10600.0	12500.0	23.795322
10650.0	12500.0	23.79283
10700.0	12500.0	23.804461
10750.0	12500.0	23.828592
10800.0	12500.0	23.845577
10850.0	12500.0	23.853933
10900.0	12500.0	23.84095
10950.0	12500.0	23.80612
11000.0	12500.0	23.731232
11050.0	12500.0	23.602537
11100.0	12500.0	23.421124
11150.0	12500.0	23.212799
11200.0	12500.0	22.994722
11250.0	12500.0	22.78723
11300.0	12500.0	22.600615
11350.0	12500.0	22.459698
11400.0	12500.0	22.373335
11450.0	12500.0	22.357538
11500.0	12500.0	22.419596
11550.0	12500.0	22.576818
11600.0	12500.0	22.824184
11650.0	12500.0	23.159002
11700.0	12500.0	23.57427
11750.0	12500.0	24.079565
11800.0	12500.0	24.666325
11850.0	12500.0	25.323513
11900.0	12500.0	26.034042
11950.0	12500.0	26.794571
12000.0	12500.0	27.612804
12050.0	12500.0	28.490667
12100.0	12500.0	29.438358
12150.0	12500.0	30.449924
12200.0	12500.0	31.515434
12250.0	12500.0	32.615398
12300.0	12500.0	33.722458
12350.0	12500.0	34.814251
12400.0	12500.0	35.871113
12450.0	12500.0	36.888008
12500.0	12500.0	37.834774
12550.0	12500.0	38.675701
12600.0	12500.0	39.386345
12650.0	12500.0	39.934811
12700.0	12500.0	40.291782
12750.0	12500.0	40.422123
12800.0	12500.0	40.289955
12850.0	12500.0	39.87011
12900.0	12500.0	39.148003
12950.0	12500.0	38.119034
13000.0	12500.0	36.791626
13050.0	12500.0	35.174183
13100.0	12500.0	33.277458
13150.0	12500.0	31.105125
13200.0	12500.0	28.665995
13250.0	12500.0	25.970793
13300.0	12500.0	23.039499
13350.0	12500.0	19.8964
13400.0	12500.0	16.580168
13450.0	12500.0	13.141953
13500.0	12500.0	9.65015
13550.0	12500.0	6.150619
13600.0	12500.0	2.699454
13650.0	12500.0	-0.641238
13700.0	12500.0	-3.817192
13750.0	12500.0	-6.767592
13800.0	12500.0	-9.430224
13850.0	12500.0	-11.754934
13900.0	12500.0	-13.704561
13950.0	12500.0	-15.257443
14000.0	12500.0	-16.407763
14050.0	12500.0	-17.162739
14100.0	12500.0	-17.52178
14150.0	12500.0	-17.502998
14200.0	12500.0	-17.124962
14250.0	12500.0	-16.421947
14300.0	12500.0	-15.421768
14350.0	12500.0	-14.176926
14400.0	12500.0	-12.744551
14450.0	12500.0	-11.20403
14500.0	12500.0	-9.637312
14550.0	12500.0	-8.114793
14600.0	12500.0	-6.697847
14650.0	12500.0	-5.442733
14700.0	12500.0	-4.40424
14750.0	12500.0	-3.623308
14800.0	12500.0	-3.123599
14850.0	12500.0	-2.936061
14900.0	12500.0	-3.080974
14950.0	12500.0	-3.563308
15000.0	12500.0	-4.368363
15050.0	12500.0	-5.477866
15100.0	12500.0	-6.862148
15150.0	12500.0	-8.487177
15200.0	12500.0	-10.319256
15250.0	12500.0	-12.32202
15300.0	12500.0	-14.467118
15350.0	12500.0	-16.709492
15400.0	12500.0	-19.010721
15450.0	12500.0	-21.345125
15500.0	12500.0	-23.688234
15550.0	12500.0	-26.007376
15600.0	12500.0	-28.277296
15650.0	12500.0	-30.451109
15700.0	12500.0	-32.514919
15750.0	12500.0	-34.443989
15800.0	12500.0	-36.219139
15850.0	12500.0	-37.82143
15900.0	12500.0	-39.221382
15950.0	12500.0	-40.408447
16000.0	12500.0	-41.37207
16050.0	12500.0	-42.111076
16100.0	12500.0	-42.623299
16150.0	12500.0	-42.902412
16200.0	12500.0	-42.949986
16250.0	12500.0	-42.766582
16300.0	12500.0	-42.345829
16350.0	12500.0	-41.69384
16400.0	12500.0	-40.842651
16450.0	12500.0	-39.823296
16500.0	12500.0	-38.667812
16550.0	12500.0	-37.402027
16600.0	12500.0	-36.049221
16650.0	12500.0	-34.636272
16700.0	12500.0	-33.176483
16750.0	12500.0	-31.695139
16800.0	12500.0	-30.206429
16850.0	12500.0	-28.730421
16900.0	12500.0	-27.28804
16950.0	12500.0	-25.888414
17000.0	12500.0	-24.556335
17050.0	12500.0	-23.317715
17100.0	12500.0	-22.200558
17150.0	12500.0	-21.217417
17200.0	12500.0	-20.383022
17250.0	12500.0	-19.695513
17300.0	12500.0	-19.140575
17350.0	12500.0	-18.692074
17400.0	12500.0	-18.321739
17450.0	12500.0	-18.026716
17500.0	12500.0	-17.798382
17550.0	12500.0	-17.620134
17600.0	12500.0	-17.490948
17650.0	12500.0	-17.417681
17700.0	12500.0	-17.398436
17750.0	12500.0	-17.443377
17800.0	12500.0	-17.557974
17850.0	12500.0	-17.733505
17900.0	12500.0	-17.966129
17950.0	12500.0	-18.247036
18000.0	12500.0	-18.564764
18050.0	12500.0	-18.905704
18100.0	12500.0	-19.260908
18150.0	12500.0	-19.623562
18200.0	12500.0	-19.990175
18250.0	12500.0	-20.355915
18300.0	12500.0	-20.71682
10250.0	12550.0	23.737951
10300.0	12550.0	23.74357
10350.0	12550.0	23.750982
10400.0	12550.0	23.756159
10450.0	12550.0	23.758612
10500.0	12550.0	23.766735
10550.0	12550.0	23.771229
10600.0	12550.0	23.77523
10650.0	12550.0	23.788849
10700.0	12550.0	23.81793
10750.0	12550.0	23.847958
10800.0	12550.0	23.865984
10850.0	12550.0	23.857178
10900.0	12550.0	23.811861
10950.0	12550.0	23.734686
11000.0	12550.0	23.609798
11050.0	12550.0	23.425692
11100.0	12550.0	23.202673
11150.0	12550.0	22.955929
11200.0	12550.0	22.707247
11250.0	12550.0	22.478203
11300.0	12550.0	22.292561
11350.0	12550.0	22.151728
11400.0	12550.0	22.071911
11450.0	12550.0	22.056952
11500.0	12550.0	22.132643
11550.0	12550.0	22.303469
11600.0	12550.0	22.584658
11650.0	12550.0	22.96748
11700.0	12550.0	23.459763
11750.0	12550.0	24.052837
11800.0	12550.0	24.741976
11850.0	12550.0	25.508142
11900.0	12550.0	26.34144
11950.0	12550.0	27.232252
12000.0	12550.0	28.186554
12050.0	12550.0	29.22151
12100.0	12550.0	30.346563
12150.0	12550.0	31.544577
12200.0	12550.0	32.806023
12250.0	12550.0	34.113129
12300.0	12550.0	35.443325
12350.0	12550.0	36.777554
12400.0	12550.0	38.095367
12450.0	12550.0	39.380058
12500.0	12550.0	40.603645
12550.0	12550.0	41.733688
12600.0	12550.0	42.723911
12650.0	12550.0	43.541725
12700.0	12550.0	44.136509
12750.0	12550.0	44.475307
12800.0	12550.0	44.515987
12850.0	12550.0	44.221066
12900.0	12550.0	43.569954
12950.0	12550.0	42.550732
13000.0	12550.0	41.171486
13050.0	12550.0	39.449223
13100.0	12550.0	37.400166
13150.0	12550.0	35.039413
13200.0	12550.0	32.380585
13250.0	12550.0	29.445089
13300.0	12550.0	26.251701
13350.0	12550.0	22.845081
13400.0	12550.0	19.277504
13450.0	12550.0	15.612442
13500.0	12550.0	11.909081
13550.0	12550.0	8.222163
13600.0	12550.0	4.605044
13650.0	12550.0	1.115906
13700.0	12550.0	-2.194311
13750.0	12550.0	-5.273288
13800.0	12550.0	-8.051293
13850.0	12550.0	-10.481256
13900.0	12550.0	-12.530413
13950.0	12550.0	-14.179523
14000.0	12550.0	-15.423261
14050.0	12550.0	-16.265936
14100.0	12550.0	-16.721313
14150.0	12550.0	-16.791449
14200.0	12550.0	-16.500425
14250.0	12550.0	-15.872745
14300.0	12550.0	-14.953063
14350.0	12550.0	-13.78471
14400.0	12550.0	-12.426397
14450.0	12550.0	-10.948215
14500.0	12550.0	-9.42772
14550.0	12550.0	-7.939028
14600.0	12550.0	-6.550369
14650.0	12550.0	-5.314271
14700.0	12550.0	-4.28782
14750.0	12550.0	-3.511878
14800.0	12550.0	-3.023295
14850.0	12550.0	-2.856603
14900.0	12550.0	-3.032835
14950.0	12550.0	-3.555859
15000.0	12550.0	-4.416149
15050.0	12550.0	-5.602672
15100.0	12550.0	-7.095827
15150.0	12550.0	-8.860703
15200.0	12550.0	-10.87171
15250.0	12550.0	-13.092617
15300.0	12550.0	-15.490104
15350.0	12550.0	-18.02656
15400.0	12550.0	-20.666798
15450.0	12550.0	-23.371302
15500.0	12550.0	-26.100134
15550.0	12550.0	-28.81707
15600.0	12550.0	-31.473003
15650.0	12550.0	-34.034325
15700.0	12550.0	-36.468121
15750.0	12550.0	-38.741631
15800.0	12550.0	-40.83366
15850.0	12550.0	-42.704533
15900.0	12550.0	-44.317047
15950.0	12550.0	-45.643307
16000.0	12550.0	-46.678452
16050.0	12550.0	-47.411865
16100.0	12550.0	-47.848175
16150.0	12550.0	-47.989281
16200.0	12550.0	-47.83749
16250.0	12550.0	-47.395119
16300.0	12550.0	-46.661541
16350.0	12550.0	-45.656372
16400.0	12550.0	-44.418709
16450.0	12550.0	-43.007534
16500.0	12550.0	-41.467583
16550.0	12550.0	-39.838341
16600.0	12550.0	-38.156609
16650.0	12550.0	-36.442432
16700.0	12550.0	-34.720196
16750.0	12550.0	-33.007275
16800.0	12550.0	-31.325026
16850.0	12550.0	-29.683205
16900.0	12550.0	-28.096807
16950.0	12550.0	-26.576336
17000.0	12550.0	-25.133236
17050.0	12550.0	-23.801704
17100.0	12550.0	-22.591372
17150.0	12550.0	-21.518318
17200.0	12550.0	-20.589994
17250.0	12550.0	-19.812803
17300.0	12550.0	-19.167784
17350.0	12550.0	-18.638144
17400.0	12550.0	-18.204023
17450.0	12550.0	-17.853813
17500.0	12550.0	-17.578163
17550.0	12550.0	-17.368055
17600.0	12550.0	-17.219063
17650.0	12550.0	-17.137348
17700.0	12550.0	-17.127441
17750.0	12550.0	-17.196186
17800.0	12550.0	-17.346472
17850.0	12550.0	-17.569689
17900.0	12550.0	-17.852524
17950.0	12550.0	-18.186102
18000.0	12550.0	-18.569517
18050.0	12550.0	-18.979973
18100.0	12550.0	-19.410955
18150.0	12550.0	-19.862211
18200.0	12550.0	-20.322783
18250.0	12550.0	-20.77681
18300.0	12550.0	-21.222061
10250.0	12600.0	23.80389
10300.0	12600.0	23.771948
10350.0	12600.0	23.747869
10400.0	12600.0	23.7304
10450.0	12600.0	23.726555
10500.0	12600.0	23.735487
10550.0	12600.0	23.747303
10600.0	12600.0	23.769768
10650.0	12600.0	23.808134
10700.0	12600.0	23.855448
10750.0	12600.0	23.888975
10800.0	12600.0	23.903759
10850.0	12600.0	23.873941
10900.0	12600.0	23.791492
10950.0	12600.0	23.658073
11000.0	12600.0	23.473923
11050.0	12600.0	23.240877
11100.0	12600.0	22.976124
11150.0	12600.0	22.703602
11200.0	12600.0	22.429779
11250.0	12600.0	22.188608
11300.0	12600.0	21.994932
11350.0	12600.0	21.859882
11400.0	12600.0	21.775705
11450.0	12600.0	21.770823
11500.0	12600.0	21.854879
11550.0	12600.0	22.050232
11600.0	12600.0	22.355061
11650.0	12600.0	22.787405
11700.0	12600.0	23.345804
11750.0	12600.0	24.025208
11800.0	12600.0	24.799925
11850.0	12600.0	25.660633
11900.0	12600.0	26.600323
11950.0	12600.0	27.611902
12000.0	12600.0	28.700171
12050.0	12600.0	29.882631
12100.0	12600.0	31.161922
12150.0	12600.0	32.529522
12200.0	12600.0	33.969368
12250.0	12600.0	35.467339
12300.0	12600.0	37.004776
12350.0	12600.0	38.567253
12400.0	12600.0	40.134308
12450.0	12600.0	41.679226
12500.0	12600.0	43.176197
12550.0	12600.0	44.583908
12600.0	12600.0	45.858303
12650.0	12600.0	46.946743
12700.0	12600.0	47.798393
12750.0	12600.0	48.361698
12800.0	12600.0	48.588905
12850.0	12600.0	48.438232
12900.0	12600.0	47.879883
12950.0	12600.0	46.897552
13000.0	12600.0	45.500313
13050.0	12600.0	43.700886
13100.0	12600.0	41.524849
13150.0	12600.0	38.991844
13200.0	12600.0	36.129646
13250.0	12600.0	32.9646
13300.0	12600.0	29.530672
13350.0	12600.0	25.880905
13400.0	12600.0	22.086697
13450.0	12600.0	18.210466
13500.0	12600.0	14.315304
13550.0	12600.0	10.45157
13600.0	12600.0	6.683286
13650.0	12600.0	3.052029
13700.0	12600.0	-0.383246
13750.0	12600.0	-3.571197
13800.0	12600.0	-6.451183
13850.0	12600.0	-8.976967
13900.0	12600.0	-11.119979
13950.0	12600.0	-12.863017
14000.0	12600.0	-14.194924
14050.0	12600.0	-15.12748
14100.0	12600.0	-15.665469
14150.0	12600.0	-15.824005
14200.0	12600.0	-15.614244
14250.0	12600.0	-15.070808
14300.0	12600.0	-14.231117
14350.0	12600.0	-13.146641
14400.0	12600.0	-11.875645
14450.0	12600.0	-10.480797
14500.0	12600.0	-9.024319
14550.0	12600.0	-7.584148
14600.0	12600.0	-6.224632
14650.0	12600.0	-5.009111
14700.0	12600.0	-3.988176
14750.0	12600.0	-3.216964
14800.0	12600.0	-2.739326
14850.0	12600.0	-2.588689
14900.0	12600.0	-2.791692
14950.0	12600.0	-3.354408
15000.0	12600.0	-4.278469
15050.0	12600.0	-5.555499
15100.0	12600.0	-7.169089
15150.0	12600.0	-9.096492
15200.0	12600.0	-11.3089
15250.0	12600.0	-13.772031
15300.0	12600.0	-16.450386
15350.0	12600.0	-19.308357
15400.0	12600.0	-22.305269
15450.0	12600.0	-25.39019
15500.0	12600.0	-28.509865
15550.0	12600.0	-31.61574
15600.0	12600.0	-34.667305
15650.0	12600.0	-37.618031
15700.0	12600.0	-40.428612
15750.0	12600.0	-43.055965
15800.0	12600.0	-45.458504
15850.0	12600.0	-47.598843
15900.0	12600.0	-49.418049
15950.0	12600.0	-50.88422
16000.0	12600.0	-51.981705
16050.0	12600.0	-52.701008
16100.0	12600.0	-53.045746
16150.0	12600.0	-53.030464
16200.0	12600.0	-52.65723
16250.0	12600.0	-51.934345
16300.0	12600.0	-50.877422
16350.0	12600.0	-49.516457
16400.0	12600.0	-47.904251
16450.0	12600.0	-46.107632
16500.0	12600.0	-44.192101
16550.0	12600.0	-42.207348
16600.0	12600.0	-40.197308
16650.0	12600.0	-38.187031
16700.0	12600.0	-36.205288
16750.0	12600.0	-34.268436
16800.0	12600.0	-32.394588
16850.0	12600.0	-30.592052
16900.0	12600.0	-28.874058
16950.0	12600.0	-27.242662
17000.0	12600.0	-25.711008
17050.0	12600.0	-24.286627
17100.0	12600.0	-22.992657
17150.0	12600.0	-21.833174
17200.0	12600.0	-20.817951
17250.0	12600.0	-19.944971
17300.0	12600.0	-19.199604
17350.0	12600.0	-18.577927
17400.0	12600.0	-18.073343
17450.0	12600.0	-17.666086
17500.0	12600.0	-17.344288
17550.0	12600.0	-17.107321
17600.0	12600.0	-16.941511
17650.0	12600.0	-16.855684
17700.0	12600.0	-16.858301
17750.0	12600.0	-16.952137
17800.0	12600.0	-17.138132
17850.0	12600.0	-17.403666
17900.0	12600.0	-17.733147
17950.0	12600.0	-18.121067
18000.0	12600.0	-18.561975
18050.0	12600.0	-19.040926
18100.0	12600.0	-19.552973
18150.0	12600.0	-20.093151
18200.0	12600.0	-20.643986
18250.0	12600.0	-21.185259
18300.0	12600.0	-21.726702
10250.0	12650.0	23.850025
10300.0	12650.0	23.781349
10350.0	12650.0	23.725948
10400.0	12650.0	23.696136
10450.0	12650.0	23.693119
10500.0	12650.0	23.707125
10550.0	12650.0	23.735464
10600.0	12650.0	23.784998
10650.0	12650.0	23.85117
10700.0	12650.0	23.907871
10750.0	12650.0	23.943472
10800.0	12650.0	23.946985
10850.0	12650.0	23.892653
10900.0	12650.0	23.769945
10950.0	12650.0	23.579138
11000.0	12650.0	23.336691
11050.0	12650.0	23.05517
11100.0	12650.0	22.757355
11150.0	12650.0	22.45656
11200.0	12650.0	22.173603
11250.0	12650.0	21.919323
11300.0	12650.0	21.716824
11350.0	12650.0	21.567623
11400.0	12650.0	21.490993
11450.0	12650.0	21.494263
11500.0	12650.0	21.599136
11550.0	12650.0	21.814959
11600.0	12650.0	22.149574
11650.0	12650.0	22.622784
11700.0	12650.0	23.242096
11750.0	12650.0	23.989609
11800.0	12650.0	24.840765
11850.0	12650.0	25.782127
11900.0	12650.0	26.81461
11950.0	12650.0	27.936817
12000.0	12650.0	29.147127
12050.0	12650.0	30.456331
12100.0	12650.0	31.87064
12150.0	12650.0	33.382637
12200.0	12650.0	34.986523
12250.0	12650.0	36.663971
12300.0	12650.0	38.397213
12350.0	12650.0	40.17337
12400.0	12650.0	41.972702
12450.0	12650.0	43.765938
12500.0	12650.0	45.522587
12550.0	12650.0	47.202065
12600.0	12650.0	48.749153
12650.0	12650.0	50.108543
12700.0	12650.0	51.22588
12750.0	12650.0	52.033596
12800.0	12650.0	52.467545
12850.0	12650.0	52.480682
12900.0	12650.0	52.03244
12950.0	12650.0	51.11647
13000.0	12650.0	49.727917
13050.0	12650.0	47.885563
13100.0	12650.0	45.603878
13150.0	12650.0	42.914192
13200.0	12650.0	39.859325
13250.0	12650.0	36.475037
13300.0	12650.0	32.816074
13350.0	12650.0	28.947916
13400.0	12650.0	24.944714
13450.0	12650.0	20.876526
13500.0	12650.0	16.797655
13550.0	12650.0	12.773849
13600.0	12650.0	8.856896
13650.0	12650.0	5.104029
13700.0	12650.0	1.561485
13750.0	12650.0	-1.714049
13800.0	12650.0	-4.672772
13850.0	12650.0	-7.27871
13900.0	12650.0	-9.510262
13950.0	12650.0	-11.347142
14000.0	12650.0	-12.772419
14050.0	12650.0	-13.783664
14100.0	12650.0	-14.400439
14150.0	12650.0	-14.641684
14200.0	12650.0	-14.521235
14250.0	12650.0	-14.067949
14300.0	12650.0	-13.320845
14350.0	12650.0	-12.331834
14400.0	12650.0	-11.154077
14450.0	12650.0	-9.844531
14500.0	12650.0	-8.464419
14550.0	12650.0	-7.076547
14600.0	12650.0	-5.750978
14650.0	12650.0	-4.553286
14700.0	12650.0	-3.541601
14750.0	12650.0	-2.774586
14800.0	12650.0	-2.302444
14850.0	12650.0	-2.163533
14900.0	12650.0	-2.387526
14950.0	12650.0	-2.989452
15000.0	12650.0	-3.978495
15050.0	12650.0	-5.353645
15100.0	12650.0	-7.102938
15150.0	12650.0	-9.20903
15200.0	12650.0	-11.640716
15250.0	12650.0	-14.375235
15300.0	12650.0	-17.359009
15350.0	12650.0	-20.55456
15400.0	12650.0	-23.909706
15450.0	12650.0	-27.363699
15500.0	12650.0	-30.860489
15550.0	12650.0	-34.351643
15600.0	12650.0	-37.792652
15650.0	12650.0	-41.137398
15700.0	12650.0	-44.331608
15750.0	12650.0	-47.321655
15800.0	12650.0	-50.044548
15850.0	12650.0	-52.450027
15900.0	12650.0	-54.475594
15950.0	12650.0	-56.081139
16000.0	12650.0	-57.236645
16050.0	12650.0	-57.931225
16100.0	12650.0	-58.170307
16150.0	12650.0	-57.97039
16200.0	12650.0	-57.346142
16250.0	12650.0	-56.311512
16300.0	12650.0	-54.916775
16350.0	12650.0	-53.198845
16400.0	12650.0	-51.223007
16450.0	12650.0	-49.064957
16500.0	12650.0	-46.793831
16550.0	12650.0	-44.472843
16600.0	12650.0	-42.148136
16650.0	12650.0	-39.850147
16700.0	12650.0	-37.613926
16750.0	12650.0	-35.458076
16800.0	12650.0	-33.401562
16850.0	12650.0	-31.452831
16900.0	12650.0	-29.60815
16950.0	12650.0	-27.880072
17000.0	12650.0	-26.2651
17050.0	12650.0	-24.765413
17100.0	12650.0	-23.391281
17150.0	12650.0	-22.155693
17200.0	12650.0	-21.054838
17250.0	12650.0	-20.084383
17300.0	12650.0	-19.238962
17350.0	12650.0	-18.524565
17400.0	12650.0	-17.941729
17450.0	12650.0	-17.474047
17500.0	12650.0	-17.111738
17550.0	12650.0	-16.844591
17600.0	12650.0	-16.664625
17650.0	12650.0	-16.578493
17700.0	12650.0	-16.598923
17750.0	12650.0	-16.719576
17800.0	12650.0	-16.938581
17850.0	12650.0	-17.24229
17900.0	12650.0	-17.61289
17950.0	12650.0	-18.05117
18000.0	12650.0	-18.544527
18050.0	12650.0	-19.094006
18100.0	12650.0	-19.688717
18150.0	12650.0	-20.312767
18200.0	12650.0	-20.946404
18250.0	12650.0	-21.582088
18300.0	12650.0	-22.220999
10250.0	12700.0	23.865013
10300.0	12700.0	23.767967
10350.0	12700.0	23.69169
10400.0	12700.0	23.657124
10450.0	12700.0	23.662344
10500.0	12700.0	23.689835
10550.0	12700.0	23.746302
10600.0	12700.0	23.823069
10650.0	12700.0	23.904716
10700.0	12700.0	23.967833
10750.0	12700.0	24.004358
10800.0	12700.0	23.98802
10850.0	12700.0	23.902916
10900.0	12700.0	23.738483
10950.0	12700.0	23.497047
11000.0	12700.0	23.204729
11050.0	12700.0	22.890163
11100.0	12700.0	22.558043
11150.0	12700.0	22.231453
11200.0	12700.0	21.93111
11250.0	12700.0	21.6679
11300.0	12700.0	21.449198
11350.0	12700.0	21.294067
11400.0	12700.0	21.21846
11450.0	12700.0	21.237062
11500.0	12700.0	21.362251
11550.0	12700.0	21.600252
11600.0	12700.0	21.963678
11650.0	12700.0	22.480215
11700.0	12700.0	23.147083
11750.0	12700.0	23.948383
11800.0	12700.0	24.86381
11850.0	12700.0	25.876705
11900.0	12700.0	26.989727
11950.0	12700.0	28.204811
12000.0	12700.0	29.516197
12050.0	12700.0	30.931459
12100.0	12700.0	32.45834
12150.0	12700.0	34.101086
12200.0	12700.0	35.850471
12250.0	12700.0	37.69191
12300.0	12700.0	39.61124
12350.0	12700.0	41.586594
12400.0	12700.0	43.602451
12450.0	12700.0	45.628082
12500.0	12700.0	47.627811
12550.0	12700.0	49.558891
12600.0	12700.0	51.367371
12650.0	12700.0	52.995472
12700.0	12700.0	54.382214
12750.0	12700.0	55.440498
12800.0	12700.0	56.098228
12850.0	12700.0	56.292934
12900.0	12700.0	55.987858
12950.0	12700.0	55.164463
13000.0	12700.0	53.816872
13050.0	12700.0	51.95031
13100.0	12700.0	49.581177
13150.0	12700.0	46.746918
13200.0	12700.0	43.502262
13250.0	12700.0	39.911091
13300.0	12700.0	36.039612
13350.0	12700.0	31.973677
13400.0	12700.0	27.787439
13450.0	12700.0	23.546103
13500.0	12700.0	19.308149
13550.0	12700.0	15.136193
13600.0	12700.0	11.094394
13650.0	12700.0	7.232124
13700.0	12700.0	3.606517
13750.0	12700.0	0.261555
13800.0	12700.0	-2.762706
13850.0	12700.0	-5.442058
13900.0	12700.0	-7.750307
13950.0	12700.0	-9.673239
14000.0	12700.0	-11.186981
14050.0	12700.0	-12.283909
14100.0	12700.0	-12.981263
14150.0	12700.0	-13.300785
14200.0	12700.0	-13.266225
14250.0	12700.0	-12.906185
14300.0	12700.0	-12.264575
14350.0	12700.0	-11.378528
14400.0	12700.0	-10.299501
14450.0	12700.0	-9.077315
14500.0	12700.0	-7.772528
14550.0	12700.0	-6.448252
14600.0	12700.0	-5.163814
14650.0	12700.0	-3.990947
14700.0	12700.0	-2.988303
14750.0	12700.0	-2.220391
14800.0	12700.0	-1.741967
14850.0	12700.0	-1.600254
14900.0	12700.0	-1.83792
14950.0	12700.0	-2.47758
15000.0	12700.0	-3.540414
15050.0	12700.0	-5.024622
15100.0	12700.0	-6.922988
15150.0	12700.0	-9.223529
15200.0	12700.0	-11.897208
15250.0	12700.0	-14.916646
15300.0	12700.0	-18.2225
15350.0	12700.0	-21.756405
15400.0	12700.0	-25.458824
15450.0	12700.0	-29.263435
15500.0	12700.0	-33.118446
15550.0	12700.0	-36.975647
15600.0	12700.0	-40.797668
15650.0	12700.0	-44.522762
15700.0	12700.0	-48.101486
15750.0	12700.0	-51.456749
15800.0	12700.0	-54.513363
15850.0	12700.0	-57.19128
15900.0	12700.0	-59.427135
15950.0	12700.0	-61.167442
16000.0	12700.0	-62.370068
16050.0	12700.0	-63.030426
16100.0	12700.0	-63.146946
16150.0	12700.0	-62.735538
16200.0	12700.0	-61.825489
16250.0	12700.0	-60.46167
16300.0	12700.0	-58.704269
16350.0	12700.0	-56.634678
16400.0	12700.0	-54.316944
16450.0	12700.0	-51.823235
16500.0	12700.0	-49.224785
16550.0	12700.0	-46.595425
16600.0	12700.0	-43.973904
16650.0	12700.0	-41.406799
16700.0	12700.0	-38.931499
16750.0	12700.0	-36.571323
16800.0	12700.0	-34.343727
16850.0	12700.0	-32.256546
16900.0	12700.0	-30.297817
16950.0	12700.0	-28.474665
17000.0	12700.0	-26.784986
17050.0	12700.0	-25.218502
17100.0	12700.0	-23.778332
17150.0	12700.0	-22.468832
17200.0	12700.0	-21.286617
17250.0	12700.0	-20.223307
17300.0	12700.0	-19.29104
17350.0	12700.0	-18.486895
17400.0	12700.0	-17.819826
17450.0	12700.0	-17.294643
17500.0	12700.0	-16.889095
17550.0	12700.0	-16.590483
17600.0	12700.0	-16.395256
17650.0	12700.0	-16.317972
17700.0	12700.0	-16.352045
17750.0	12700.0	-16.499817
17800.0	12700.0	-16.749674
17850.0	12700.0	-17.088465
17900.0	12700.0	-17.501394
17950.0	12700.0	-17.981628
18000.0	12700.0	-18.529972
18050.0	12700.0	-19.140221
18100.0	12700.0	-19.812202
18150.0	12700.0	-20.518408
18200.0	12700.0	-21.234659
18250.0	12700.0	-21.959488
18300.0	12700.0	-22.694054
10250.0	12750.0	23.832897
10300.0	12750.0	23.732576
10350.0	12750.0	23.657232
10400.0	12750.0	23.624531
10450.0	12750.0	23.637058
10500.0	12750.0	23.689291
10550.0	12750.0	23.776466
10600.0	12750.0	23.875042
10650.0	12750.0	23.965887
10700.0	12750.0	24.03146
10750.0	12750.0	24.058203
10800.0	12750.0	24.020452
10850.0	12750.0	23.897945
10900.0	12750.0	23.696373
10950.0	12750.0	23.418415
11000.0	12750.0	23.093683
11050.0	12750.0	22.744049
11100.0	12750.0	22.385279
11150.0	12750.0	22.030855
11200.0	12750.0	21.709238
11250.0	12750.0	21.430445
11300.0	12750.0	21.204123
11350.0	12750.0	21.042103
11400.0	12750.0	20.9709
11450.0	12750.0	21.001387
11500.0	12750.0	21.142555
11550.0	12750.0	21.40172
11600.0	12750.0	21.800255
11650.0	12750.0	22.353004
11700.0	12750.0	23.061703
11750.0	12750.0	23.905954
11800.0	12750.0	24.868631
11850.0	12750.0	25.941444
11900.0	12750.0	27.12281
11950.0	12750.0	28.412222
12000.0	12750.0	29.805244
12050.0	12750.0	31.305431
12100.0	12750.0	32.925121
12150.0	12750.0	34.678169
12200.0	12750.0	36.560673
12250.0	12750.0	38.555222
12300.0	12750.0	40.645035
12350.0	12750.0	42.80505
12400.0	12750.0	45.018501
12450.0	12750.0	47.251461
12500.0	12750.0	49.468487
12550.0	12750.0	51.628101
12600.0	12750.0	53.685486
12650.0	12750.0	55.573685
12700.0	12750.0	57.218739
12750.0	12750.0	58.527435
12800.0	12750.0	59.418583
12850.0	12750.0	59.826519
12900.0	12750.0	59.696686
12950.0	12750.0	58.997829
13000.0	12750.0	57.708538
13050.0	12750.0	55.830818
13100.0	12750.0	53.382225
13150.0	12750.0	50.407139
13200.0	12750.0	46.983906
13250.0	12750.0	43.193428
13300.0	12750.0	39.136372
13350.0	12750.0	34.894974
13400.0	12750.0	30.549623
13450.0	12750.0	26.165297
13500.0	12750.0	21.794565
13550.0	12750.0	17.506145
13600.0	12750.0	13.356366
13650.0	12750.0	9.409544
13700.0	12750.0	5.71619
13750.0	12750.0	2.315716
13800.0	12750.0	-0.76627
13850.0	12750.0	-3.500595
13900.0	12750.0	-5.880625
13950.0	12750.0	-7.877001
14000.0	12750.0	-9.476802
14050.0	12750.0	-10.658404
14100.0	12750.0	-11.43907
14150.0	12750.0	-11.840461
14200.0	12750.0	-11.891117
14250.0	12750.0	-11.63146
14300.0	12750.0	-11.09534
14350.0	12750.0	-10.321462
14400.0	12750.0	-9.341342
14450.0	12750.0	-8.208995
14500.0	12750.0	-6.985935
14550.0	12750.0	-5.724993
14600.0	12750.0	-4.495106
14650.0	12750.0	-3.353198
14700.0	12750.0	-2.363214
14750.0	12750.0	-1.585341
14800.0	12750.0	-1.084772
14850.0	12750.0	-0.926163
14900.0	12750.0	-1.164448
14950.0	12750.0	-1.839574
15000.0	12750.0	-2.975518
15050.0	12750.0	-4.580077
15100.0	12750.0	-6.648742
15150.0	12750.0	-9.166605
15200.0	12750.0	-12.107067
15250.0	12750.0	-15.426237
15300.0	12750.0	-19.053965
15350.0	12750.0	-22.913609
15400.0	12750.0	-26.938108
15450.0	12750.0	-31.070173
15500.0	12750.0	-35.252254
15550.0	12750.0	-39.449352
15600.0	12750.0	-43.616261
15650.0	12750.0	-47.708878
15700.0	12750.0	-51.653946
15750.0	12750.0	-55.375431
15800.0	12750.0	-58.767086
15850.0	12750.0	-61.732418
15900.0	12750.0	-64.186287
15950.0	12750.0	-66.057571
16000.0	12750.0	-67.303322
16050.0	12750.0	-67.912949
16100.0	12750.0	-67.878693
16150.0	12750.0	-67.229431
16200.0	12750.0	-66.013931
16250.0	12750.0	-64.298134
16300.0	12750.0	-62.183025
16350.0	12750.0	-59.763275
16400.0	12750.0	-57.121632
16450.0	12750.0	-54.324734
16500.0	12750.0	-51.4398
16550.0	12750.0	-48.531212
16600.0	12750.0	-45.648525
16650.0	12750.0	-42.83947
16700.0	12750.0	-40.150215
16750.0	12750.0	-37.607712
16800.0	12750.0	-35.222237
16850.0	12750.0	-32.997734
16900.0	12750.0	-30.930454
16950.0	12750.0	-29.016146
17000.0	12750.0	-27.25725
17050.0	12750.0	-25.636637
17100.0	12750.0	-24.138603
17150.0	12750.0	-22.758368
17200.0	12750.0	-21.502705
17250.0	12750.0	-20.364452
17300.0	12750.0	-19.3526
17350.0	12750.0	-18.463898
17400.0	12750.0	-17.722477
17450.0	12750.0	-17.132772
17500.0	12750.0	-16.68766
17550.0	12750.0	-16.356167
17600.0	12750.0	-16.152752
17650.0	12750.0	-16.073063
17700.0	12750.0	-16.124414
17750.0	12750.0	-16.292265
17800.0	12750.0	-16.572071
17850.0	12750.0	-16.94891
17900.0	12750.0	-17.400167
17950.0	12750.0	-17.926538
18000.0	12750.0	-18.52166
18050.0	12750.0	-19.191946
18100.0	12750.0	-19.92449
18150.0	12750.0	-20.702955
18200.0	12750.0	-21.502064
18250.0	12750.0	-22.315376
18300.0	12750.0	-23.13475
10250.0	12800.0	23.749641
10300.0	12800.0	23.67779
10350.0	12800.0	23.620693
10400.0	12800.0	23.603888
10450.0	12800.0	23.630726
10500.0	12800.0	23.708616
10550.0	12800.0	23.816622
10600.0	12800.0	23.930937
10650.0	12800.0	24.026367
10700.0	12800.0	24.089792
10750.0	12800.0	24.101589
10800.0	12800.0	24.038073
10850.0	12800.0	23.882833
10900.0	12800.0	23.65237
10950.0	12800.0	23.352541
11000.0	12800.0	23.000505
11050.0	12800.0	22.621576
11100.0	12800.0	22.232651
11150.0	12800.0	21.855543
11200.0	12800.0	21.509914
11250.0	12800.0	21.21769
11300.0	12800.0	20.984024
11350.0	12800.0	20.825583
11400.0	12800.0	20.75441
11450.0	12800.0	20.791786
11500.0	12800.0	20.941343
11550.0	12800.0	21.220201
11600.0	12800.0	21.649563
11650.0	12800.0	22.239471
11700.0	12800.0	22.981331
11750.0	12800.0	23.858908
11800.0	12800.0	24.859337
11850.0	12800.0	25.977497
11900.0	12800.0	27.207487
11950.0	12800.0	28.5522
12000.0	12800.0	30.011364
12050.0	12800.0	31.581764
12100.0	12800.0	33.279995
12150.0	12800.0	35.130489
12200.0	12800.0	37.125778
12250.0	12800.0	39.256107
12300.0	12800.0	41.495647
12350.0	12800.0	43.823704
12400.0	12800.0	46.205894
12450.0	12800.0	48.616417
12500.0	12800.0	51.023884
12550.0	12800.0	53.392345
12600.0	12800.0	55.673458
12650.0	12800.0	57.799149
12700.0	12800.0	59.680412
12750.0	12800.0	61.228844
12800.0	12800.0	62.364902
12850.0	12800.0	63.009888
12900.0	12800.0	63.090515
12950.0	12800.0	62.544697
13000.0	12800.0	61.331036
13050.0	12800.0	59.448051
13100.0	12800.0	56.920921
13150.0	12800.0	53.810818
13200.0	12800.0	50.214336
13250.0	12800.0	46.248989
13300.0	12800.0	42.026028
13350.0	12800.0	37.638771
13400.0	12800.0	33.1716
13450.0	12800.0	28.675926
13500.0	12800.0	24.213554
13550.0	12800.0	19.8389
13600.0	12800.0	15.617912
13650.0	12800.0	11.605646
13700.0	12800.0	7.861692
13750.0	12800.0	4.418267
13800.0	12800.0	1.292968
13850.0	12800.0	-1.493564
13900.0	12800.0	-3.924318
13950.0	12800.0	-5.986391
14000.0	12800.0	-7.659699
14050.0	12800.0	-8.929468
14100.0	12800.0	-9.794833
14150.0	12800.0	-10.284712
14200.0	12800.0	-10.428125
14250.0	12800.0	-10.271373
14300.0	12800.0	-9.841864
14350.0	12800.0	-9.174866
14400.0	12800.0	-8.303251
14450.0	12800.0	-7.272498
14500.0	12800.0	-6.135418
14550.0	12800.0	-4.949133
14600.0	12800.0	-3.775643
14650.0	12800.0	-2.673963
14700.0	12800.0	-1.701191
14750.0	12800.0	-0.911902
14800.0	12800.0	-0.378868
14850.0	12800.0	-0.183012
14900.0	12800.0	-0.400496
14950.0	12800.0	-1.097539
15000.0	12800.0	-2.308993
15050.0	12800.0	-4.051015
15100.0	12800.0	-6.314304
15150.0	12800.0	-9.083052
15200.0	12800.0	-12.311676
15250.0	12800.0	-15.934991
15300.0	12800.0	-19.865347
15350.0	12800.0	-24.020227
15400.0	12800.0	-28.337873
15450.0	12800.0	-32.76218
15500.0	12800.0	-37.243042
15550.0	12800.0	-41.737274
15600.0	12800.0	-46.214424
15650.0	12800.0	-50.630692
15700.0	12800.0	-54.913467
15750.0	12800.0	-58.969341
15800.0	12800.0	-62.688091
15850.0	12800.0	-65.945602
15900.0	12800.0	-68.634354
15950.0	12800.0	-70.647278
16000.0	12800.0	-71.934914
16050.0	12800.0	-72.469116
16100.0	12800.0	-72.257744
16150.0	12800.0	-71.338478
16200.0	12800.0	-69.797607
16250.0	12800.0	-67.738892
16300.0	12800.0	-65.278778
16350.0	12800.0	-62.531937
16400.0	12800.0	-59.595146
16450.0	12800.0	-56.527859
16500.0	12800.0	-53.394699
16550.0	12800.0	-50.248817
16600.0	12800.0	-47.145382
16650.0	12800.0	-44.1339
16700.0	12800.0	-41.259617
16750.0	12800.0	-38.554844
16800.0	12800.0	-36.028713
16850.0	12800.0	-33.677624
16900.0	12800.0	-31.499851
16950.0	12800.0	-29.504486
17000.0	12800.0	-27.67717
17050.0	12800.0	-26.004137
17100.0	12800.0	-24.455215
17150.0	12800.0	-23.022638
17200.0	12800.0	-21.697948
17250.0	12800.0	-20.499338
17300.0	12800.0	-19.417124
17350.0	12800.0	-18.460247
17400.0	12800.0	-17.652441
17450.0	12800.0	-17.007788
17500.0	12800.0	-16.506159
17550.0	12800.0	-16.153309
17600.0	12800.0	-15.937249
17650.0	12800.0	-15.860047
17700.0	12800.0	-15.915992
17750.0	12800.0	-16.102751
17800.0	12800.0	-16.412712
17850.0	12800.0	-16.821482
17900.0	12800.0	-17.318983
17950.0	12800.0	-17.885586
18000.0	12800.0	-18.53561
18050.0	12800.0	-19.250046
18100.0	12800.0	-20.030485
18150.0	12800.0	-20.866144
18200.0	12800.0	-21.744295
18250.0	12800.0	-22.635664
18300.0	12800.0	-23.538101
10250.0	12850.0	23.623825
10300.0	12850.0	23.599964
10350.0	12850.0	23.586269
10400.0	12850.0	23.595623
10450.0	12850.0	23.644814
10500.0	12850.0	23.740427
10550.0	12850.0	23.863041
10600.0	12850.0	23.982424
10650.0	12850.0	24.079641
10700.0	12850.0	24.137577
10750.0	12850.0	24.130369
10800.0	12850.0	24.044142
10850.0	12850.0	23.867151
10900.0	12850.0	23.617086
10950.0	12850.0	23.298944
11000.0	12850.0	22.92367
11050.0	12850.0	22.514343
11100.0	12850.0	22.102585
11150.0	12850.0	21.705982
11200.0	12850.0	21.339972
11250.0	12850.0	21.031326
11300.0	12850.0	20.79792
11350.0	12850.0	20.643446
11400.0	12850.0	20.575064
11450.0	12850.0	20.611786
11500.0	12850.0	20.765701
11550.0	12850.0	21.058599
11600.0	12850.0	21.513859
11650.0	12850.0	22.13183
11700.0	12850.0	22.902048
11750.0	12850.0	23.803371
11800.0	12850.0	24.8291
11850.0	12850.0	25.976828
11900.0	12850.0	27.240021
11950.0	12850.0	28.627287
12000.0	12850.0	30.141886
12050.0	12850.0	31.775686
12100.0	12850.0	33.542389
12150.0	12850.0	35.467407
12200.0	12850.0	37.557724
12250.0	12850.0	39.793694
12300.0	12850.0	42.159195
12350.0	12850.0	44.621696
12400.0	12850.0	47.148567
12450.0	12850.0	49.711193
12500.0	12850.0	52.285603
12550.0	12850.0	54.834114
12600.0	12850.0	57.303722
12650.0	12850.0	59.620346
12700.0	12850.0	61.705055
12750.0	12850.0	63.477196
12800.0	12850.0	64.85553
12850.0	12850.0	65.754341
12900.0	12850.0	66.079514
12950.0	12850.0	65.722252
13000.0	12850.0	64.606194
13050.0	12850.0	62.719765
13100.0	12850.0	60.103985
13150.0	12850.0	56.852863
13200.0	12850.0	53.100773
13250.0	12850.0	48.988579
13300.0	12850.0	44.634228
13350.0	12850.0	40.140507
13400.0	12850.0	35.584564
13450.0	12850.0	31.029161
13500.0	12850.0	26.513166
13550.0	12850.0	22.098955
13600.0	12850.0	17.838139
13650.0	12850.0	13.795347
13700.0	12850.0	10.022653
13750.0	12850.0	6.548204
13800.0	12850.0	3.386435
13850.0	12850.0	0.562086
13900.0	12850.0	-1.913087
13950.0	12850.0	-4.024883
14000.0	12850.0	-5.763621
14050.0	12850.0	-7.112101
14100.0	12850.0	-8.072691
14150.0	12850.0	-8.657129
14200.0	12850.0	-8.904668
14250.0	12850.0	-8.847043
14300.0	12850.0	-8.524624
14350.0	12850.0	-7.967784
14400.0	12850.0	-7.208534
14450.0	12850.0	-6.287089
14500.0	12850.0	-5.249496
14550.0	12850.0	-4.148202
14600.0	12850.0	-3.044265
14650.0	12850.0	-1.992677
14700.0	12850.0	-1.044129
14750.0	12850.0	-0.252114
14800.0	12850.0	0.313246
14850.0	12850.0	0.560916
14900.0	12850.0	0.389852
14950.0	12850.0	-0.305452
15000.0	12850.0	-1.590636
15050.0	12850.0	-3.484987
15100.0	12850.0	-5.982597
15150.0	12850.0	-9.032355
15200.0	12850.0	-12.558961
15250.0	12850.0	-16.47007
15300.0	12850.0	-20.671566
15350.0	12850.0	-25.081507
15400.0	12850.0	-29.645771
15450.0	12850.0	-34.324608
15500.0	12850.0	-39.061146
15550.0	12850.0	-43.816185
15600.0	12850.0	-48.554279
15650.0	12850.0	-53.239803
15700.0	12850.0	-57.801987
15750.0	12850.0	-62.14291
15800.0	12850.0	-66.150055
15850.0	12850.0	-69.69175
15900.0	12850.0	-72.631584
15950.0	12850.0	-74.818764
16000.0	12850.0	-76.15033
16050.0	12850.0	-76.595039
16100.0	12850.0	-76.160202
16150.0	12850.0	-74.94352
16200.0	12850.0	-73.07019
16250.0	12850.0	-70.688004
16300.0	12850.0	-67.924049
16350.0	12850.0	-64.895058
16400.0	12850.0	-61.702305
16450.0	12850.0	-58.410542
16500.0	12850.0	-55.064625
16550.0	12850.0	-51.723675
16600.0	12850.0	-48.438629
16650.0	12850.0	-45.260769
16700.0	12850.0	-42.23819
16750.0	12850.0	-39.400978
16800.0	12850.0	-36.753395
16850.0	12850.0	-34.289303
16900.0	12850.0	-32.019863
16950.0	12850.0	-29.938057
17000.0	12850.0	-28.044458
17050.0	12850.0	-26.313425
17100.0	12850.0	-24.72398
17150.0	12850.0	-23.247047
17200.0	12850.0	-21.874424
17250.0	12850.0	-20.616817
17300.0	12850.0	-19.479792
17350.0	12850.0	-18.473637
17400.0	12850.0	-17.617212
17450.0	12850.0	-16.914078
17500.0	12850.0	-16.368097
17550.0	12850.0	-15.981938
17600.0	12850.0	-15.755712
17650.0	12850.0	-15.671054
17700.0	12850.0	-15.734206
17750.0	12850.0	-15.942841
17800.0	12850.0	-16.281012
17850.0	12850.0	-16.723276
17900.0	12850.0	-17.254871
17950.0	12850.0	-17.869459
18000.0	12850.0	-18.556139
18050.0	12850.0	-19.316244
18100.0	12850.0	-20.134743
18150.0	12850.0	-21.020554
18200.0	12850.0	-21.956173
18250.0	12850.0	-22.919519
18300.0	12850.0	-23.887974
10250.0	12900.0	23.473991
10300.0	12900.0	23.506042
10350.0	12900.0	23.541281
10400.0	12900.0	23.590872
10450.0	12900.0	23.671381
10500.0	12900.0	23.78582
10550.0	12900.0	23.909443
10600.0	12900.0	24.024948
10650.0	12900.0	24.123104
10700.0	12900.0	24.170261
10750.0	12900.0	24.149519
10800.0	12900.0	24.043503
10850.0	12900.0	23.859587
10900.0	12900.0	23.593952
10950.0	12900.0	23.255684
11000.0	12900.0	22.854465
11050.0	12900.0	22.424992
11100.0	12900.0	21.995581
11150.0	12900.0	21.581236
11200.0	12900.0	21.202541
11250.0	12900.0	20.883036
11300.0	12900.0	20.643
11350.0	12900.0	20.490479
11400.0	12900.0	20.432478
11450.0	12900.0	20.468981
11500.0	12900.0	20.621201
11550.0	12900.0	20.923313
11600.0	12900.0	21.3967
11650.0	12900.0	22.030603
11700.0	12900.0	22.813076
11750.0	12900.0	23.730957
11800.0	12900.0	24.773838
11850.0	12900.0	25.938253
11900.0	12900.0	27.225767
11950.0	12900.0	28.648279
12000.0	12900.0	30.207495
12050.0	12900.0	31.894058
12100.0	12900.0	33.720833
12150.0	12900.0	35.703098
12200.0	12900.0	37.856606
12250.0	12900.0	40.173336
12300.0	12900.0	42.629948
12350.0	12900.0	45.197609
12400.0	12900.0	47.839073
12450.0	12900.0	50.528725
12500.0	12900.0	53.23838
12550.0	12900.0	55.928761
12600.0	12900.0	58.5355
12650.0	12900.0	60.995956
12700.0	12900.0	63.243412
12750.0	12900.0	65.206848
12800.0	12900.0	66.807541
12850.0	12900.0	67.958817
12900.0	12900.0	68.547928
12950.0	12900.0	68.4291
13000.0	12900.0	67.443321
13050.0	12900.0	65.540115
13100.0	12900.0	62.804039
13150.0	12900.0	59.411095
13200.0	12900.0	55.533516
13250.0	12900.0	51.325066
13300.0	12900.0	46.899857
13350.0	12900.0	42.350498
13400.0	12900.0	37.757683
13450.0	12900.0	33.177559
13500.0	12900.0	28.656895
13550.0	12900.0	24.238676
13600.0	12900.0	19.977177
13650.0	12900.0	15.932343
13700.0	12900.0	12.155231
13750.0	12900.0	8.668361
13800.0	12900.0	5.482985
13850.0	12900.0	2.626753
13900.0	12900.0	0.117874
13950.0	12900.0	-2.034436
14000.0	12900.0	-3.824694
14050.0	12900.0	-5.24502
14100.0	12900.0	-6.298734
14150.0	12900.0	-6.991402
14200.0	12900.0	-7.342855
14250.0	12900.0	-7.392465
14300.0	12900.0	-7.175698
14350.0	12900.0	-6.729979
14400.0	12900.0	-6.084394
14450.0	12900.0	-5.275492
14500.0	12900.0	-4.345597
14550.0	12900.0	-3.342191
14600.0	12900.0	-2.322265
14650.0	12900.0	-1.332372
14700.0	12900.0	-0.431651
14750.0	12900.0	0.343465
14800.0	12900.0	0.922478
14850.0	12900.0	1.217151
14900.0	12900.0	1.10808
14950.0	12900.0	0.454114
15000.0	12900.0	-0.879573
15050.0	12900.0	-2.954464
15100.0	12900.0	-5.728629
15150.0	12900.0	-9.079784
15200.0	12900.0	-12.892777
15250.0	12900.0	-17.059427
15300.0	12900.0	-21.485971
15350.0	12900.0	-26.101206
15400.0	12900.0	-30.86878
15450.0	12900.0	-35.742649
15500.0	12900.0	-40.684509
15550.0	12900.0	-45.646175
15600.0	12900.0	-50.590839
15650.0	12900.0	-55.4837
15700.0	12900.0	-60.252369
15750.0	12900.0	-64.807213
15800.0	12900.0	-69.042351
15850.0	12900.0	-72.829163
15900.0	12900.0	-76.019234
15950.0	12900.0	-78.416138
16000.0	12900.0	-79.822762
16050.0	12900.0	-80.14415
16100.0	12900.0	-79.446709
16150.0	12900.0	-77.912704
16200.0	12900.0	-75.733643
16250.0	12900.0	-73.075943
16300.0	12900.0	-70.066055
16350.0	12900.0	-66.812248
16400.0	12900.0	-63.413097
16450.0	12900.0	-59.937267
16500.0	12900.0	-56.427135
16550.0	12900.0	-52.934757
16600.0	12900.0	-49.509476
16650.0	12900.0	-46.209595
16700.0	12900.0	-43.072353
16750.0	12900.0	-40.128452
16800.0	12900.0	-37.381458
16850.0	12900.0	-34.832203
16900.0	12900.0	-32.479023
16950.0	12900.0	-30.323509
17000.0	12900.0	-28.360739
17050.0	12900.0	-26.575161
17100.0	12900.0	-24.938938
17150.0	12900.0	-23.427305
17200.0	12900.0	-22.020786
17250.0	12900.0	-20.718014
17300.0	12900.0	-19.542307
17350.0	12900.0	-18.502186
17400.0	12900.0	-17.605099
17450.0	12900.0	-16.853577
17500.0	12900.0	-16.267595
17550.0	12900.0	-15.854548
17600.0	12900.0	-15.609949
17650.0	12900.0	-15.52108
17700.0	12900.0	-15.589883
17750.0	12900.0	-15.818276
17800.0	12900.0	-16.180532
17850.0	12900.0	-16.655396
17900.0	12900.0	-17.222881
17950.0	12900.0	-17.869473
18000.0	12900.0	-18.59094
18050.0	12900.0	-19.37989
18100.0	12900.0	-20.240358
18150.0	12900.0	-21.168812
18200.0	12900.0	-22.150518
18250.0	12900.0	-23.157228
18300.0	12900.0	-24.172604
10250.0	12950.0	23.318853
10300.0	12950.0	23.401144
10350.0	12950.0	23.48402
10400.0	12950.0	23.579681
10450.0	12950.0	23.697021
10500.0	12950.0	23.82744
10550.0	12950.0	23.953604
10600.0	12950.0	24.06395
10650.0	12950.0	24.155479
10700.0	12950.0	24.196592
10750.0	12950.0	24.160105
10800.0	12950.0	24.047325
10850.0	12950.0	23.853285
10900.0	12950.0	23.579138
10950.0	12950.0	23.220119
11000.0	12950.0	22.798418
11050.0	12950.0	22.35174
11100.0	12950.0	21.909634
11150.0	12950.0	21.486078
11200.0	12950.0	21.100027
11250.0	12950.0	20.771212
11300.0	12950.0	20.522482
11350.0	12950.0	20.370003
11400.0	12950.0	20.316631
11450.0	12950.0	20.360147
11500.0	12950.0	20.516914
11550.0	12950.0	20.818226
11600.0	12950.0	21.296389
11650.0	12950.0	21.933201
11700.0	12950.0	22.718861
11750.0	12950.0	23.644684
11800.0	12950.0	24.689758
11850.0	12950.0	25.868225
11900.0	12950.0	27.173056
11950.0	12950.0	28.624269
12000.0	12950.0	30.215385
12050.0	12950.0	31.945261
12100.0	12950.0	33.813477
12150.0	12950.0	35.83741
12200.0	12950.0	38.032909
12250.0	12950.0	40.398266
12300.0	12950.0	42.916576
12350.0	12950.0	45.55048
12400.0	12950.0	48.275787
12450.0	12950.0	51.058514
12500.0	12950.0	53.863777
12550.0	12950.0	56.646954
12600.0	12950.0	59.34576
12650.0	12950.0	61.903812
12700.0	12950.0	64.269257
12750.0	12950.0	66.378891
12800.0	12950.0	68.15522
12850.0	12950.0	69.509705
12900.0	12950.0	70.341583
12950.0	12950.0	70.498489
13000.0	12950.0	69.718338
13050.0	12950.0	67.742226
13100.0	12950.0	64.862381
13150.0	12950.0	61.366005
13200.0	12950.0	57.437706
13250.0	12950.0	53.20718
13300.0	12950.0	48.775196
13350.0	12950.0	44.231197
13400.0	12950.0	39.651478
13450.0	12950.0	35.092434
13500.0	12950.0	30.5987
13550.0	12950.0	26.210762
13600.0	12950.0	21.984299
13650.0	12950.0	17.968697
13700.0	12950.0	14.210202
13750.0	12950.0	10.727392
13800.0	12950.0	7.53208
13850.0	12950.0	4.655544
13900.0	12950.0	2.122345
13950.0	12950.0	-0.057086
14000.0	12950.0	-1.891407
14050.0	12950.0	-3.375284
14100.0	12950.0	-4.518713
14150.0	12950.0	-5.31358
14200.0	12950.0	-5.774255
14250.0	12950.0	-5.93535
14300.0	12950.0	-5.82527
14350.0	12950.0	-5.488502
14400.0	12950.0	-4.956927
14450.0	12950.0	-4.26318
14500.0	12950.0	-3.449908
14550.0	12950.0	-2.553551
14600.0	12950.0	-1.625988
14650.0	12950.0	-0.719052
14700.0	12950.0	0.11678
14750.0	12950.0	0.844299
14800.0	12950.0	1.39827
14850.0	12950.0	1.694561
14900.0	12950.0	1.626817
14950.0	12950.0	1.045862
15000.0	12950.0	-0.279568
15050.0	12950.0	-2.587725
15100.0	12950.0	-5.664755
15150.0	12950.0	-9.292973
15200.0	12950.0	-13.342667
15250.0	12950.0	-17.708456
15300.0	12950.0	-22.304945
15350.0	12950.0	-27.081112
15400.0	12950.0	-31.995834
15450.0	12950.0	-37.012218
15500.0	12950.0	-42.094982
15550.0	12950.0	-47.200584
15600.0	12950.0	-52.285671
15650.0	12950.0	-57.3069
15700.0	12950.0	-62.201069
15750.0	12950.0	-66.884666
15800.0	12950.0	-71.256134
15850.0	12950.0	-75.202629
15900.0	12950.0	-78.597473
15950.0	12950.0	-81.236908
16000.0	12950.0	-82.78643
16050.0	12950.0	-82.907066
16100.0	12950.0	-81.910934
16150.0	12950.0	-80.11042
16200.0	12950.0	-77.700531
16250.0	12950.0	-74.843033
16300.0	12950.0	-71.660698
16350.0	12950.0	-68.251488
16400.0	12950.0	-64.706474
16450.0	12950.0	-61.094494
16500.0	12950.0	-57.463562
16550.0	12950.0	-53.860893
16600.0	12950.0	-50.345146
16650.0	12950.0	-46.962135
16700.0	12950.0	-43.750633
16750.0	12950.0	-40.732574
16800.0	12950.0	-37.908775
16850.0	12950.0	-35.289501
16900.0	12950.0	-32.872601
16950.0	12950.0	-30.655699
17000.0	12950.0	-28.633251
17050.0	12950.0	-26.790638
17100.0	12950.0	-25.111105
17150.0	12950.0	-23.565596
17200.0	12950.0	-22.130005
17250.0	12950.0	-20.80443
17300.0	12950.0	-19.602606
17350.0	12950.0	-18.533718
17400.0	12950.0	-17.605276
17450.0	12950.0	-16.825504
17500.0	12950.0	-16.212196
17550.0	12950.0	-15.773225
17600.0	12950.0	-15.507159
17650.0	12950.0	-15.418524
17700.0	12950.0	-15.495106
17750.0	12950.0	-15.734133
17800.0	12950.0	-16.122404
17850.0	12950.0	-16.618891
17900.0	12950.0	-17.21146
17950.0	12950.0	-17.888533
18000.0	12950.0	-18.634548
18050.0	12950.0	-19.458189
18100.0	12950.0	-20.349955
18150.0	12950.0	-21.309704
18200.0	12950.0	-22.315157
18250.0	12950.0	-23.347704
18300.0	12950.0	-24.390329
10250.0	13000.0	23.174339
10300.0	13000.0	23.288149
10350.0	13000.0	23.412796
10400.0	13000.0	23.556995
10450.0	13000.0	23.706778
10500.0	13000.0	23.858067
10550.0	13000.0	23.990314
10600.0	13000.0	24.101549
10650.0	13000.0	24.181818
10700.0	13000.0	24.214514
10750.0	13000.0	24.174498
10800.0	13000.0	24.054981
10850.0	13000.0	23.850264
10900.0	13000.0	23.562405
10950.0	13000.0	23.191305
11000.0	13000.0	22.75679
11050.0	13000.0	22.296385
11100.0	13000.0	21.847376
11150.0	13000.0	21.416883
11200.0	13000.0	21.029287
11250.0	13000.0	20.698956
11300.0	13000.0	20.442343
11350.0	13000.0	20.284916
11400.0	13000.0	20.227808
11450.0	13000.0	20.275789
11500.0	13000.0	20.440096
11550.0	13000.0	20.746319
11600.0	13000.0	21.214394
11650.0	13000.0	21.842339
11700.0	13000.0	22.621979
11750.0	13000.0	23.547144
11800.0	13000.0	24.597708
11850.0	13000.0	25.774796
11900.0	13000.0	27.09498
11950.0	13000.0	28.561811
12000.0	13000.0	30.174778
12050.0	13000.0	31.921978
12100.0	13000.0	33.819473
12150.0	13000.0	35.874165
12200.0	13000.0	38.087952
12250.0	13000.0	40.474335
12300.0	13000.0	43.019482
12350.0	13000.0	45.68737
12400.0	13000.0	48.456638
12450.0	13000.0	51.291122
12500.0	13000.0	54.143726
12550.0	13000.0	56.98
12600.0	13000.0	59.733345
12650.0	13000.0	62.352764
12700.0	13000.0	64.78891
12750.0	13000.0	66.979736
12800.0	13000.0	68.852463
12850.0	13000.0	70.32074
12900.0	13000.0	71.301048
12950.0	13000.0	71.665436
13000.0	13000.0	71.181122
13050.0	13000.0	69.067604
13100.0	13000.0	66.137138
13150.0	13000.0	62.659714
13200.0	13000.0	58.776047
13250.0	13000.0	54.604843
13300.0	13000.0	50.233948
13350.0	13000.0	45.749363
13400.0	13000.0	41.226082
13450.0	13000.0	36.724159
13500.0	13000.0	32.289307
13550.0	13000.0	27.970728
13600.0	13000.0	23.815962
13650.0	13000.0	19.862633
13700.0	13000.0	16.149103
13750.0	13000.0	12.691531
13800.0	13000.0	9.5054
13850.0	13000.0	6.624488
13900.0	13000.0	4.078275
13950.0	13000.0	1.873092
14000.0	13000.0	-0.0
14050.0	13000.0	-1.5398
14100.0	13000.0	-2.755529
14150.0	13000.0	-3.645714
14200.0	13000.0	-4.212351
14250.0	13000.0	-4.484364
14300.0	13000.0	-4.488422
14350.0	13000.0	-4.266025
14400.0	13000.0	-3.852851
14450.0	13000.0	-3.284993
14500.0	13000.0	-2.590941
14550.0	13000.0	-1.812159
14600.0	13000.0	-0.986679
14650.0	13000.0	-0.173277
14700.0	13000.0	0.58263
14750.0	13000.0	1.233634
14800.0	13000.0	1.713626
14850.0	13000.0	1.944801
14900.0	13000.0	1.829411
14950.0	13000.0	1.255953
15000.0	13000.0	-0.0
15050.0	13000.0	-2.606102
15100.0	13000.0	-5.917535
15150.0	13000.0	-9.725394
15200.0	13000.0	-13.91828
15250.0	13000.0	-18.406977
15300.0	13000.0	-23.113279
15350.0	13000.0	-27.99477
15400.0	13000.0	-33.005157
15450.0	13000.0	-38.110249
15500.0	13000.0	-43.269424
15550.0	13000.0	-48.448349
15600.0	13000.0	-53.600285
15650.0	13000.0	-58.671154
15700.0	13000.0	-63.600525
15750.0	13000.0	-68.314766
15800.0	13000.0	-72.721985
15850.0	13000.0	-76.713852
15900.0	13000.0	-80.178299
15950.0	13000.0	-82.955971
16000.0	13000.0	-84.734039
16050.0	13000.0	-84.560364
16100.0	13000.0	-83.360481
16150.0	13000.0	-81.426804
16200.0	13000.0	-78.911522
16250.0	13000.0	-75.958939
16300.0	13000.0	-72.687469
16350.0	13000.0	-69.194801
16400.0	13000.0	-65.561394
16450.0	13000.0	-61.861359
16500.0	13000.0	-58.154812
16550.0	13000.0	-54.495453
16600.0	13000.0	-50.933586
16650.0	13000.0	-47.512501
16700.0	13000.0	-44.26429
16750.0	13000.0	-41.201206
16800.0	13000.0	-38.32917
16850.0	13000.0	-35.660572
16900.0	13000.0	-33.191929
16950.0	13000.0	-30.930014
17000.0	13000.0	-28.860285
17050.0	13000.0	-26.968534
17100.0	13000.0	-25.241352
17150.0	13000.0	-23.660704
17200.0	13000.0	-22.206791
17250.0	13000.0	-20.874712
17300.0	13000.0	-19.65807
17350.0	13000.0	-18.567173
17400.0	13000.0	-17.617685
17450.0	13000.0	-16.819742
17500.0	13000.0	-16.194559
17550.0	13000.0	-15.738879
17600.0	13000.0	-15.46756
17650.0	13000.0	-15.375998
17700.0	13000.0	-15.455798
17750.0	13000.0	-15.6973
17800.0	13000.0	-16.093872
17850.0	13000.0	-16.611742
17900.0	13000.0	-17.230145
17950.0	13000.0	-17.925282
18000.0	13000.0	-18.697304
18050.0	13000.0	-19.546371
18100.0	13000.0	-20.462759
18150.0	13000.0	-21.43442
18200.0	13000.0	-22.453238
18250.0	13000.0	-23.491095
18300.0	13000.0	-24.539064
10250.0	13050.0	23.037758
10300.0	13050.0	23.177729
10350.0	13050.0	23.33839
10400.0	13050.0	23.517338
10450.0	13050.0	23.699188
10500.0	13050.0	23.865017
10550.0	13050.0	24.01058
10600.0	13050.0	24.13308
10650.0	13050.0	24.21237
10700.0	13050.0	24.235266
10750.0	13050.0	24.189386
10800.0	13050.0	24.062941
10850.0	13050.0	23.843567
10900.0	13050.0	23.544497
10950.0	13050.0	23.170868
11000.0	13050.0	22.73068
11050.0	13050.0	22.259428
11100.0	13050.0	21.803286
11150.0	13050.0	21.376278
11200.0	13050.0	20.991129
11250.0	13050.0	20.663776
11300.0	13050.0	20.405352
11350.0	13050.0	20.237425
11400.0	13050.0	20.167038
11450.0	13050.0	20.209162
11500.0	13050.0	20.382551
11550.0	13050.0	20.692654
11600.0	13050.0	21.150803
11650.0	13050.0	21.765623
11700.0	13050.0	22.537012
11750.0	13050.0	23.454706
11800.0	13050.0	24.496828
11850.0	13050.0	25.676474
11900.0	13050.0	26.997087
11950.0	13050.0	28.470606
12000.0	13050.0	30.08733
12050.0	13050.0	31.841623
12100.0	13050.0	33.740036
12150.0	13050.0	35.797287
12200.0	13050.0	38.020302
12250.0	13050.0	40.403118
12300.0	13050.0	42.942974
12350.0	13050.0	45.610111
12400.0	13050.0	48.384247
12450.0	13050.0	51.225952
12500.0	13050.0	54.093285
12550.0	13050.0	56.941235
12600.0	13050.0	59.710743
12650.0	13050.0	62.345665
12700.0	13050.0	64.795235
12750.0	13050.0	67.001724
12800.0	13050.0	68.891342
12850.0	13050.0	70.377953
12900.0	13050.0	71.358467
12950.0	13050.0	71.667961
13000.0	13050.0	71.052498
13050.0	13050.0	69.258453
13100.0	13050.0	66.567055
13150.0	13050.0	63.259972
13200.0	13050.0	59.523808
13250.0	13050.0	55.487846
13300.0	13050.0	51.247467
13350.0	13050.0	46.873413
13400.0	13050.0	42.455288
13450.0	13050.0	38.052032
13500.0	13050.0	33.718288
13550.0	13050.0	29.501856
13600.0	13050.0	25.444668
13650.0	13050.0	21.576027
13700.0	13050.0	17.927639
13750.0	13050.0	14.517863
13800.0	13050.0	11.36138
13850.0	13050.0	8.491416
13900.0	13050.0	5.940942
13950.0	13050.0	3.715782
14000.0	13050.0	1.80851
14050.0	13050.0	0.222514
14100.0	13050.0	-1.056206
14150.0	13050.0	-2.020502
14200.0	13050.0	-2.683915
14250.0	13050.0	-3.064575
14300.0	13050.0	-3.187181
14350.0	13050.0	-3.084277
14400.0	13050.0	-2.793865
14450.0	13050.0	-2.349176
14500.0	13050.0	-1.783192
14550.0	13050.0	-1.126369
14600.0	13050.0	-0.414718
14650.0	13050.0	0.289461
14700.0	13050.0	0.93916
14750.0	13050.0	1.47784
14800.0	13050.0	1.838274
14850.0	13050.0	1.93853
14900.0	13050.0	1.662182
14950.0	13050.0	0.861483
15000.0	13050.0	-0.68906
15050.0	13050.0	-3.224434
15100.0	13050.0	-6.526276
15150.0	13050.0	-10.372849
15200.0	13050.0	-14.614157
15250.0	13050.0	-19.147791
15300.0	13050.0	-23.896288
15350.0	13050.0	-28.814289
15400.0	13050.0	-33.861149
15450.0	13050.0	-38.996277
15500.0	13050.0	-44.173698
15550.0	13050.0	-49.357876
15600.0	13050.0	-54.500225
15650.0	13050.0	-59.540508
15700.0	13050.0	-64.425438
15750.0	13050.0	-69.077797
15800.0	13050.0	-73.411903
15850.0	13050.0	-77.323792
15900.0	13050.0	-80.668678
15950.0	13050.0	-83.242973
16000.0	13050.0	-84.718407
16050.0	13050.0	-84.771408
16100.0	13050.0	-83.704781
16150.0	13050.0	-81.827644
16200.0	13050.0	-79.342339
16250.0	13050.0	-76.401688
16300.0	13050.0	-73.126602
16350.0	13050.0	-69.620361
16400.0	13050.0	-65.964912
16450.0	13050.0	-62.23394
16500.0	13050.0	-58.507736
16550.0	13050.0	-54.839111
16600.0	13050.0	-51.275734
16650.0	13050.0	-47.849625
16700.0	13050.0	-44.596783
16750.0	13050.0	-41.519608
16800.0	13050.0	-38.631741
16850.0	13050.0	-35.937012
16900.0	13050.0	-33.441257
16950.0	13050.0	-31.145544
17000.0	13050.0	-29.036631
17050.0	13050.0	-27.101767
17100.0	13050.0	-25.337952
17150.0	13050.0	-23.727571
17200.0	13050.0	-22.256872
17250.0	13050.0	-20.920389
17300.0	13050.0	-19.699003
17350.0	13050.0	-18.598713
17400.0	13050.0	-17.643518
17450.0	13050.0	-16.846905
17500.0	13050.0	-16.216452
17550.0	13050.0	-15.758884
17600.0	13050.0	-15.486054
17650.0	13050.0	-15.397378
17700.0	13050.0	-15.470339
17750.0	13050.0	-15.708386
17800.0	13050.0	-16.105423
17850.0	13050.0	-16.63578
17900.0	13050.0	-17.270674
17950.0	13050.0	-17.986883
18000.0	13050.0	-18.779121
18050.0	13050.0	-19.647228
18100.0	13050.0	-20.57021
18150.0	13050.0	-21.543863
18200.0	13050.0	-22.555647
18250.0	13050.0	-23.588926
18300.0	13050.0	-24.62491
10250.0	13100.0	22.904322
10300.0	13100.0	23.075218
10350.0	13100.0	23.263796
10400.0	13100.0	23.46772
10450.0	13100.0	23.669971
10500.0	13100.0	23.85574
10550.0	13100.0	24.014914
10600.0	13100.0	24.1462
10650.0	13100.0	24.239744
10700.0	13100.0	24.261599
10750.0	13100.0	24.208212
10800.0	13100.0	24.068266
10850.0	13100.0	23.838173
10900.0	13100.0	23.52729
10950.0	13100.0	23.146725
11000.0	13100.0	22.709703
11050.0	13100.0	22.245567
11100.0	13100.0	21.791704
11150.0	13100.0	21.367952
11200.0	13100.0	20.985003
11250.0	13100.0	20.658138
11300.0	13100.0	20.397089
11350.0	13100.0	20.219433
11400.0	13100.0	20.137749
11450.0	13100.0	20.172029
11500.0	13100.0	20.340628
11550.0	13100.0	20.651011
11600.0	13100.0	21.106285
11650.0	13100.0	21.706617
11700.0	13100.0	22.467266
11750.0	13100.0	23.369598
11800.0	13100.0	24.402939
11850.0	13100.0	25.577972
11900.0	13100.0	26.896786
11950.0	13100.0	28.358694
12000.0	13100.0	29.960176
12050.0	13100.0	31.698935
12100.0	13100.0	33.577511
12150.0	13100.0	35.615585
12200.0	13100.0	37.822163
12250.0	13100.0	40.183483
12300.0	13100.0	42.696537
12350.0	13100.0	45.332603
12400.0	13100.0	48.071327
12450.0	13100.0	50.883724
12500.0	13100.0	53.72361
12550.0	13100.0	56.545216
12600.0	13100.0	59.284245
12650.0	13100.0	61.888912
12700.0	13100.0	64.305321
12750.0	13100.0	66.465126
12800.0	13100.0	68.296242
12850.0	13100.0	69.706062
12900.0	13100.0	70.587456
12950.0	13100.0	70.776115
13000.0	13100.0	70.116394
13050.0	13100.0	68.557465
13100.0	13100.0	66.182205
13150.0	13100.0	63.156494
13200.0	13100.0	59.664024
13250.0	13100.0	55.84523
13300.0	13100.0	51.80077
13350.0	13100.0	47.60471
13400.0	13100.0	43.343178
13450.0	13100.0	39.081944
13500.0	13100.0	34.880245
13550.0	13100.0	30.787558
13600.0	13100.0	26.842346
13650.0	13100.0	23.065014
13700.0	13100.0	19.495163
13750.0	13100.0	16.149748
13800.0	13100.0	13.043346
13850.0	13100.0	10.207613
13900.0	13100.0	7.665134
13950.0	13100.0	5.426917
14000.0	13100.0	3.49578
14050.0	13100.0	1.866562
14100.0	13100.0	0.545811
14150.0	13100.0	-0.484863
14200.0	13100.0	-1.230876
14250.0	13100.0	-1.711266
14300.0	13100.0	-1.945791
14350.0	13100.0	-1.964097
14400.0	13100.0	-1.794449
14450.0	13100.0	-1.470984
14500.0	13100.0	-1.021994
14550.0	13100.0	-0.484284
14600.0	13100.0	0.093055
14650.0	13100.0	0.662218
14700.0	13100.0	1.165045
14750.0	13100.0	1.5537
14800.0	13100.0	1.747064
14850.0	13100.0	1.650394
14900.0	13100.0	1.139103
14950.0	13100.0	0.069669
15000.0	13100.0	-1.694909
15050.0	13100.0	-4.213737
15100.0	13100.0	-7.427541
15150.0	13100.0	-11.202209
15200.0	13100.0	-15.398017
15250.0	13100.0	-19.902502
15300.0	13100.0	-24.627003
15350.0	13100.0	-29.517166
15400.0	13100.0	-34.537449
15450.0	13100.0	-39.641113
15500.0	13100.0	-44.775578
15550.0	13100.0	-49.898609
15600.0	13100.0	-54.954071
15650.0	13100.0	-59.894688
15700.0	13100.0	-64.655746
15750.0	13100.0	-69.164597
15800.0	13100.0	-73.332726
15850.0	13100.0	-77.041687
15900.0	13100.0	-80.130913
15950.0	13100.0	-82.399086
16000.0	13100.0	-83.667564
16050.0	13100.0	-83.849403
16100.0	13100.0	-83.003616
16150.0	13100.0	-81.318596
16200.0	13100.0	-78.987289
16250.0	13100.0	-76.159935
16300.0	13100.0	-72.971405
16350.0	13100.0	-69.525017
16400.0	13100.0	-65.913788
16450.0	13100.0	-62.220524
16500.0	13100.0	-58.525944
16550.0	13100.0	-54.894234
16600.0	13100.0	-51.367348
16650.0	13100.0	-47.974625
16700.0	13100.0	-44.741173
16750.0	13100.0	-41.682487
16800.0	13100.0	-38.802608
16850.0	13100.0	-36.112495
16900.0	13100.0	-33.606544
16950.0	13100.0	-31.294703
17000.0	13100.0	-29.159033
17050.0	13100.0	-27.198828
17100.0	13100.0	-25.403412
17150.0	13100.0	-23.767269
17200.0	13100.0	-22.286253
17250.0	13100.0	-20.941843
17300.0	13100.0	-19.725203
17350.0	13100.0	-18.632599
17400.0	13100.0	-17.6926
17450.0	13100.0	-16.903131
17500.0	13100.0	-16.280764
17550.0	13100.0	-15.833298
17600.0	13100.0	-15.567122
17650.0	13100.0	-15.467998
17700.0	13100.0	-15.538756
17750.0	13100.0	-15.769373
17800.0	13100.0	-16.164597
17850.0	13100.0	-16.69655
17900.0	13100.0	-17.339458
17950.0	13100.0	-18.071453
18000.0	13100.0	-18.877943
18050.0	13100.0	-19.744204
18100.0	13100.0	-20.667473
18150.0	13100.0	-21.635477
18200.0	13100.0	-22.632334
18250.0	13100.0	-23.642286
18300.0	13100.0	-24.650576
10250.0	13150.0	22.774475
10300.0	13150.0	22.97681
10350.0	13150.0	23.189827
10400.0	13150.0	23.410234
10450.0	13150.0	23.627222
10500.0	13150.0	23.833597
10550.0	13150.0	24.006966
10600.0	13150.0	24.151024
10650.0	13150.0	24.251539
10700.0	13150.0	24.281343
10750.0	13150.0	24.222572
10800.0	13150.0	24.074356
10850.0	13150.0	23.829456
10900.0	13150.0	23.510523
10950.0	13150.0	23.125931
11000.0	13150.0	22.700003
11050.0	13150.0	22.256195
11100.0	13150.0	21.811367
11150.0	13150.0	21.387579
11200.0	13150.0	21.003298
11250.0	13150.0	20.669722
11300.0	13150.0	20.410837
11350.0	13150.0	20.230534
11400.0	13150.0	20.145748
11450.0	13150.0	20.168459
11500.0	13150.0	20.325439
11550.0	13150.0	20.622297
11600.0	13150.0	21.066555
11650.0	13150.0	21.664757
11700.0	13150.0	22.415468
11750.0	13150.0	23.301451
11800.0	13150.0	24.326128
11850.0	13150.0	25.49165
11900.0	13150.0	26.792301
11950.0	13150.0	28.229084
12000.0	13150.0	29.798813
12050.0	13150.0	31.497021
12100.0	13150.0	33.336296
12150.0	13150.0	35.335064
12200.0	13150.0	37.50227
12250.0	13150.0	39.824535
12300.0	13150.0	42.285091
12350.0	13150.0	44.863644
12400.0	13150.0	47.540577
12450.0	13150.0	50.282818
12500.0	13150.0	53.057499
12550.0	13150.0	55.812134
12600.0	13150.0	58.483521
12650.0	13150.0	61.016113
12700.0	13150.0	63.349106
12750.0	13150.0	65.411964
12800.0	13150.0	67.12355
12850.0	13150.0	68.406906
12900.0	13150.0	69.147751
12950.0	13150.0	69.241058
13000.0	13150.0	68.59436
13050.0	13150.0	67.207062
13100.0	13150.0	65.113998
13150.0	13150.0	62.412571
13200.0	13150.0	59.231876
13250.0	13150.0	55.698273
13300.0	13150.0	51.905701
13350.0	13150.0	47.939857
13400.0	13150.0	43.880383
13450.0	13150.0	39.805496
13500.0	13150.0	35.761795
13550.0	13150.0	31.807219
13600.0	13150.0	27.975464
13650.0	13150.0	24.304001
13700.0	13150.0	20.823696
13750.0	13150.0	17.556856
13800.0	13150.0	14.517519
13850.0	13150.0	11.735321
13900.0	13150.0	9.220908
13950.0	13150.0	6.991313
14000.0	13150.0	5.040676
14050.0	13150.0	3.391423
14100.0	13150.0	2.024049
14150.0	13150.0	0.936584
14200.0	13150.0	0.117632
14250.0	13150.0	-0.450921
14300.0	13150.0	-0.789019
14350.0	13150.0	-0.922405
14400.0	13150.0	-0.867356
14450.0	13150.0	-0.651979
14500.0	13150.0	-0.319655
14550.0	13150.0	0.0892
14600.0	13150.0	0.524405
14650.0	13150.0	0.93203
14700.0	13150.0	1.262081
14750.0	13150.0	1.460943
14800.0	13150.0	1.448156
14850.0	13150.0	1.121158
14900.0	13150.0	0.366206
14950.0	13150.0	-0.926694
15000.0	13150.0	-2.830199
15050.0	13150.0	-5.358719
15100.0	13150.0	-8.487657
15150.0	13150.0	-12.142197
15200.0	13150.0	-16.224089
15250.0	13150.0	-20.628313
15300.0	13150.0	-25.266479
15350.0	13150.0	-30.073751
15400.0	13150.0	-35.008324
15450.0	13150.0	-40.01815
15500.0	13150.0	-45.048607
15550.0	13150.0	-50.040028
15600.0	13150.0	-54.951313
15650.0	13150.0	-59.729069
15700.0	13150.0	-64.308937
15750.0	13150.0	-68.60096
15800.0	13150.0	-72.522919
15850.0	13150.0	-75.945541
15900.0	13150.0	-78.734352
15950.0	13150.0	-80.745949
16000.0	13150.0	-81.879227
16050.0	13150.0	-82.110641
16100.0	13150.0	-81.448677
16150.0	13150.0	-79.996071
16200.0	13150.0	-77.884239
16250.0	13150.0	-75.252014
16300.0	13150.0	-72.22567
16350.0	13150.0	-68.915596
16400.0	13150.0	-65.419846
16450.0	13150.0	-61.824417
16500.0	13150.0	-58.213223
16550.0	13150.0	-54.662361
16600.0	13150.0	-51.209782
16650.0	13150.0	-47.882042
16700.0	13150.0	-44.700977
16750.0	13150.0	-41.68536
16800.0	13150.0	-38.843006
16850.0	13150.0	-36.176338
16900.0	13150.0	-33.682438
16950.0	13150.0	-31.362085
17000.0	13150.0	-29.221462
17050.0	13150.0	-27.248787
17100.0	13150.0	-25.441545
17150.0	13150.0	-23.792385
17200.0	13150.0	-22.296906
17250.0	13150.0	-20.951563
17300.0	13150.0	-19.744312
17350.0	13150.0	-18.674646
17400.0	13150.0	-17.75701
17450.0	13150.0	-16.996176
17500.0	13150.0	-16.392849
17550.0	13150.0	-15.960094
17600.0	13150.0	-15.693225
17650.0	13150.0	-15.588701
17700.0	13150.0	-15.655094
17750.0	13150.0	-15.888071
17800.0	13150.0	-16.274523
17850.0	13150.0	-16.801985
17900.0	13150.0	-17.43973
17950.0	13150.0	-18.173525
18000.0	13150.0	-18.979105
18050.0	13150.0	-19.839315
18100.0	13150.0	-20.750492
18150.0	13150.0	-21.704662
18200.0	13150.0	-22.680738
18250.0	13150.0	-23.655783
18300.0	13150.0	-24.625412
10250.0	13200.0	22.654663
10300.0	13200.0	22.875759
10350.0	13200.0	23.108171
10400.0	13200.0	23.346155
10450.0	13200.0	23.583584
10500.0	13200.0	23.805153
10550.0	13200.0	23.998535
10600.0	13200.0	24.144007
10650.0	13200.0	24.248487
10700.0	13200.0	24.277691
10750.0	13200.0	24.223511
10800.0	13200.0	24.068893
10850.0	13200.0	23.821938
10900.0	13200.0	23.499916
10950.0	13200.0	23.12254
11000.0	13200.0	22.711199
11050.0	13200.0	22.285091
11100.0	13200.0	21.849464
11150.0	13200.0	21.424894
11200.0	13200.0	21.03458
11250.0	13200.0	20.703522
11300.0	13200.0	20.445778
11350.0	13200.0	20.272837
11400.0	13200.0	20.18577
11450.0	13200.0	20.199396
11500.0	13200.0	20.334179
11550.0	13200.0	20.609755
11600.0	13200.0	21.042423
11650.0	13200.0	21.641281
11700.0	13200.0	22.384457
11750.0	13200.0	23.260054
11800.0	13200.0	24.268366
11850.0	13200.0	25.414408
11900.0	13200.0	26.683426
11950.0	13200.0	28.078754
12000.0	13200.0	29.598164
12050.0	13200.0	31.244772
12100.0	13200.0	33.029072
12150.0	13200.0	34.971256
12200.0	13200.0	37.073299
12250.0	13200.0	39.329086
12300.0	13200.0	41.7201
12350.0	13200.0	44.220196
12400.0	13200.0	46.806046
12450.0	13200.0	49.451439
12500.0	13200.0	52.123188
12550.0	13200.0	54.773983
12600.0	13200.0	57.34621
12650.0	13200.0	59.76461
12700.0	13200.0	61.976238
12750.0	13200.0	63.896179
12800.0	13200.0	65.462166
12850.0	13200.0	66.588005
12900.0	13200.0	67.198067
12950.0	13200.0	67.221626
13000.0	13200.0	66.611565
13050.0	13200.0	65.37188
13100.0	13200.0	63.534149
13150.0	13200.0	61.148449
13200.0	13200.0	58.298737
13250.0	13200.0	55.073452
13300.0	13200.0	51.566895
13350.0	13200.0	47.864452
13400.0	13200.0	44.050343
13450.0	13200.0	40.188423
13500.0	13200.0	36.3358
13550.0	13200.0	32.541069
13600.0	13200.0	28.848017
13650.0	13200.0	25.295231
13700.0	13200.0	21.922529
13750.0	13200.0	18.750099
13800.0	13200.0	15.7948
13850.0	13200.0	13.076148
13900.0	13200.0	10.610687
13950.0	13200.0	8.4015
14000.0	13200.0	6.458274
14050.0	13200.0	4.786074
14100.0	13200.0	3.388011
14150.0	13200.0	2.249587
14200.0	13200.0	1.365323
14250.0	13200.0	0.716305
14300.0	13200.0	0.281603
14350.0	13200.0	0.045962
14400.0	13200.0	-0.008621
14450.0	13200.0	0.089073
14500.0	13200.0	0.295361
14550.0	13200.0	0.565248
14600.0	13200.0	0.841848
14650.0	13200.0	1.078267
14700.0	13200.0	1.221294
14750.0	13200.0	1.214459
14800.0	13200.0	0.979572
14850.0	13200.0	0.423744
14900.0	13200.0	-0.544405
14950.0	13200.0	-2.00575
15000.0	13200.0	-4.005705
15050.0	13200.0	-6.542553
15100.0	13200.0	-9.593491
15150.0	13200.0	-13.111916
15200.0	13200.0	-17.033316
15250.0	13200.0	-21.288307
15300.0	13200.0	-25.78142
15350.0	13200.0	-30.452879
15400.0	13200.0	-35.246197
15450.0	13200.0	-40.109188
15500.0	13200.0	-44.971642
15550.0	13200.0	-49.784008
15600.0	13200.0	-54.499008
15650.0	13200.0	-59.067211
15700.0	13200.0	-63.40662
15750.0	13200.0	-67.436676
15800.0	13200.0	-71.054108
15850.0	13200.0	-74.166389
15900.0	13200.0	-76.66906
15950.0	13200.0	-78.467674
16000.0	13200.0	-79.50309
16050.0	13200.0	-79.754814
16100.0	13200.0	-79.235031
16150.0	13200.0	-77.998367
16200.0	13200.0	-76.126968
16250.0	13200.0	-73.727203
16300.0	13200.0	-70.921761
16350.0	13200.0	-67.811874
16400.0	13200.0	-64.494865
16450.0	13200.0	-61.060692
16500.0	13200.0	-57.581219
16550.0	13200.0	-54.150864
16600.0	13200.0	-50.804333
16650.0	13200.0	-47.570534
16700.0	13200.0	-44.472565
16750.0	13200.0	-41.524754
16800.0	13200.0	-38.743107
16850.0	13200.0	-36.124882
16900.0	13200.0	-33.660221
16950.0	13200.0	-31.35075
17000.0	13200.0	-29.218779
17050.0	13200.0	-27.252556
17100.0	13200.0	-25.445601
17150.0	13200.0	-23.796345
17200.0	13200.0	-22.30088
17250.0	13200.0	-20.958534
17300.0	13200.0	-19.772518
17350.0	13200.0	-18.730646
17400.0	13200.0	-17.843534
17450.0	13200.0	-17.115866
17500.0	13200.0	-16.544548
17550.0	13200.0	-16.131445
17600.0	13200.0	-15.870197
17650.0	13200.0	-15.764619
17700.0	13200.0	-15.823806
17750.0	13200.0	-16.051128
17800.0	13200.0	-16.432806
17850.0	13200.0	-16.947996
17900.0	13200.0	-17.578497
17950.0	13200.0	-18.292679
18000.0	13200.0	-19.081989
18050.0	13200.0	-19.926361
18100.0	13200.0	-20.816196
18150.0	13200.0	-21.74806
18200.0	13200.0	-22.692524
18250.0	13200.0	-23.629982
18300.0	13200.0	-24.565784
10250.0	13250.0	22.539295
10300.0	13250.0	22.777679
10350.0	13250.0	23.021378
10400.0	13250.0	23.282032
10450.0	13250.0	23.537006
10500.0	13250.0	23.777889
10550.0	13250.0	23.980591
10600.0	13250.0	24.135174
10650.0	13250.0	24.223919
10700.0	13250.0	24.252913
10750.0	13250.0	24.196329
10800.0	13250.0	24.05101
10850.0	13250.0	23.812513
10900.0	13250.0	23.507059
10950.0	13250.0	23.141794
11000.0	13250.0	22.741995
11050.0	13250.0	22.321617
11100.0	13250.0	21.895538
11150.0	13250.0	21.473021
11200.0	13250.0	21.088894
11250.0	13250.0	20.763079
11300.0	13250.0	20.507885
11350.0	13250.0	20.331873
11400.0	13250.0	20.240271
11450.0	13250.0	20.247849
11500.0	13250.0	20.371162
11550.0	13250.0	20.635876
11600.0	13250.0	21.058958
11650.0	13250.0	21.645008
11700.0	13250.0	22.373024
11750.0	13250.0	23.235577
11800.0	13250.0	24.22751
11850.0	13250.0	25.337614
11900.0	13250.0	26.564205
11950.0	13250.0	27.907347
12000.0	13250.0	29.368034
12050.0	13250.0	30.945324
12100.0	13250.0	32.66127
12150.0	13250.0	34.524731
12200.0	13250.0	36.545918
12250.0	13250.0	38.717026
12300.0	13250.0	41.019493
12350.0	13250.0	43.424225
12400.0	13250.0	45.904392
12450.0	13250.0	48.425842
12500.0	13250.0	50.963943
12550.0	13250.0	53.481033
12600.0	13250.0	55.909672
12650.0	13250.0	58.188591
12700.0	13250.0	60.238342
12750.0	13250.0	61.997757
12800.0	13250.0	63.395611
12850.0	13250.0	64.375137
12900.0	13250.0	64.870064
12950.0	13250.0	64.844284
13000.0	13250.0	64.278458
13050.0	13250.0	63.174194
13100.0	13250.0	61.553745
13150.0	13250.0	59.453545
13200.0	13250.0	56.917831
13250.0	13250.0	54.009258
13300.0	13250.0	50.806908
13350.0	13250.0	47.394768
13400.0	13250.0	43.847778
13450.0	13250.0	40.233707
13500.0	13250.0	36.597233
13550.0	13250.0	32.990635
13600.0	13250.0	29.455864
13650.0	13250.0	26.044975
13700.0	13250.0	22.793344
13750.0	13250.0	19.728348
13800.0	13250.0	16.865309
13850.0	13250.0	14.224949
13900.0	13250.0	11.813853
13950.0	13250.0	9.642608
14000.0	13250.0	7.712923
14050.0	13250.0	6.040046
14100.0	13250.0	4.615307
14150.0	13250.0	3.438542
14200.0	13250.0	2.498837
14250.0	13250.0	1.776572
14300.0	13250.0	1.261601
14350.0	13250.0	0.934861
14400.0	13250.0	0.774234
14450.0	13250.0	0.748823
14500.0	13250.0	0.814453
14550.0	13250.0	0.927421
14600.0	13250.0	1.038336
14650.0	13250.0	1.096711
14700.0	13250.0	1.04994
14750.0	13250.0	0.83471
14800.0	13250.0	0.383108
14850.0	13250.0	-0.377535
14900.0	13250.0	-1.521862
14950.0	13250.0	-3.104442
15000.0	13250.0	-5.158476
15050.0	13250.0	-7.684984
15100.0	13250.0	-10.653992
15150.0	13250.0	-14.032064
15200.0	13250.0	-17.778553
15250.0	13250.0	-21.842108
15300.0	13250.0	-26.152145
15350.0	13250.0	-30.638155
15400.0	13250.0	-35.242363
15450.0	13250.0	-39.901009
15500.0	13250.0	-44.553795
15550.0	13250.0	-49.141129
15600.0	13250.0	-53.61694
15650.0	13250.0	-57.929523
15700.0	13250.0	-61.995285
15750.0	13250.0	-65.725563
15800.0	13250.0	-69.035309
15850.0	13250.0	-71.84156
15900.0	13250.0	-74.085701
15950.0	13250.0	-75.699913
16000.0	13250.0	-76.643608
16050.0	13250.0	-76.909264
16100.0	13250.0	-76.505875
16150.0	13250.0	-75.459427
16200.0	13250.0	-73.822754
16250.0	13250.0	-71.681015
16300.0	13250.0	-69.125046
16350.0	13250.0	-66.254524
16400.0	13250.0	-63.166718
16450.0	13250.0	-59.934555
16500.0	13250.0	-56.647549
16550.0	13250.0	-53.369194
16600.0	13250.0	-50.159664
16650.0	13250.0	-47.044086
16700.0	13250.0	-44.052059
16750.0	13250.0	-41.19949
16800.0	13250.0	-38.495869
16850.0	13250.0	-35.945484
16900.0	13250.0	-33.533154
16950.0	13250.0	-31.266727
17000.0	13250.0	-29.157198
17050.0	13250.0	-27.206337
17100.0	13250.0	-25.41363
17150.0	13250.0	-23.781004
17200.0	13250.0	-22.298283
17250.0	13250.0	-20.974918
17300.0	13250.0	-19.812618
17350.0	13250.0	-18.805706
17400.0	13250.0	-17.953157
17450.0	13250.0	-17.265898
17500.0	13250.0	-16.730825
17550.0	13250.0	-16.341509
17600.0	13250.0	-16.096037
17650.0	13250.0	-15.994054
17700.0	13250.0	-16.047035
17750.0	13250.0	-16.26313
17800.0	13250.0	-16.629919
17850.0	13250.0	-17.132856
17900.0	13250.0	-17.742056
17950.0	13250.0	-18.430355
18000.0	13250.0	-19.184885
18050.0	13250.0	-20.004478
18100.0	13250.0	-20.86607
18150.0	13250.0	-21.760403
18200.0	13250.0	-22.668673
18250.0	13250.0	-23.571642
18300.0	13250.0	-24.476101
10250.0	13300.0	22.424208
10300.0	13300.0	22.683571
10350.0	13300.0	22.944965
10400.0	13300.0	23.217926
10450.0	13300.0	23.494301
10500.0	13300.0	23.739857
10550.0	13300.0	23.951683
10600.0	13300.0	24.106146
10650.0	13300.0	24.193888
10700.0	13300.0	24.207342
10750.0	13300.0	24.150919
10800.0	13300.0	24.018419
10850.0	13300.0	23.804132
10900.0	13300.0	23.519032
10950.0	13300.0	23.17491
11000.0	13300.0	22.783604
11050.0	13300.0	22.373623
11100.0	13300.0	21.951134
11150.0	13300.0	21.542517
11200.0	13300.0	21.166134
11250.0	13300.0	20.840822
11300.0	13300.0	20.579155
11350.0	13300.0	20.395903
11400.0	13300.0	20.305904
11450.0	13300.0	20.32052
11500.0	13300.0	20.446379
11550.0	13300.0	20.707645
11600.0	13300.0	21.121023
11650.0	13300.0	21.678877
11700.0	13300.0	22.384544
11750.0	13300.0	23.231493
11800.0	13300.0	24.192694
11850.0	13300.0	25.258455
11900.0	13300.0	26.429287
11950.0	13300.0	27.709126
12000.0	13300.0	29.099768
12050.0	13300.0	30.604692
12100.0	13300.0	32.23365
12150.0	13300.0	34.01302
12200.0	13300.0	35.941364
12250.0	13300.0	38.016613
12300.0	13300.0	40.208553
12350.0	13300.0	42.499233
12400.0	13300.0	44.847454
12450.0	13300.0	47.230412
12500.0	13300.0	49.616497
12550.0	13300.0	51.962086
12600.0	13300.0	54.219105
12650.0	13300.0	56.317204
12700.0	13300.0	58.196533
12750.0	13300.0	59.785412
12800.0	13300.0	61.028652
12850.0	13300.0	61.869015
12900.0	13300.0	62.269764
12950.0	13300.0	62.207573
13000.0	13300.0	61.682068
13050.0	13300.0	60.693069
13100.0	13300.0	59.261089
13150.0	13300.0	57.405655
13200.0	13300.0	55.157024
13250.0	13300.0	52.560146
13300.0	13300.0	49.671173
13350.0	13300.0	46.566589
13400.0	13300.0	43.308151
13450.0	13300.0	39.951107
13500.0	13300.0	36.54948
13550.0	13300.0	33.14719
13600.0	13300.0	29.795826
13650.0	13300.0	26.539507
13700.0	13300.0	23.425068
13750.0	13300.0	20.471756
13800.0	13300.0	17.706839
13850.0	13300.0	15.149244
13900.0	13300.0	12.804269
13950.0	13300.0	10.676926
14000.0	13300.0	8.780597
14050.0	13300.0	7.118445
14100.0	13300.0	5.687024
14150.0	13300.0	4.482975
14200.0	13300.0	3.497933
14250.0	13300.0	2.719393
14300.0	13300.0	2.137348
14350.0	13300.0	1.730178
14400.0	13300.0	1.469879
14450.0	13300.0	1.317043
14500.0	13300.0	1.23745
14550.0	13300.0	1.191345
14600.0	13300.0	1.131689
14650.0	13300.0	1.009685
14700.0	13300.0	0.767225
14750.0	13300.0	0.351543
14800.0	13300.0	-0.29496
14850.0	13300.0	-1.236776
14900.0	13300.0	-2.519212
14950.0	13300.0	-4.183
15000.0	13300.0	-6.25239
15050.0	13300.0	-8.733569
15100.0	13300.0	-11.607503
15150.0	13300.0	-14.844774
15200.0	13300.0	-18.41168
15250.0	13300.0	-22.272741
15300.0	13300.0	-26.366087
15350.0	13300.0	-30.62524
15400.0	13300.0	-34.993568
15450.0	13300.0	-39.410137
15500.0	13300.0	-43.808376
15550.0	13300.0	-48.135399
15600.0	13300.0	-52.33709
15650.0	13300.0	-56.354393
15700.0	13300.0	-60.116318
15750.0	13300.0	-63.543484
15800.0	13300.0	-66.555092
15850.0	13300.0	-69.088356
15900.0	13300.0	-71.097984
15950.0	13300.0	-72.5429
16000.0	13300.0	-73.405006
16050.0	13300.0	-73.678505
16100.0	13300.0	-73.36618
16150.0	13300.0	-72.488602
16200.0	13300.0	-71.079727
16250.0	13300.0	-69.199135
16300.0	13300.0	-66.913994
16350.0	13300.0	-64.306602
16400.0	13300.0	-61.468422
16450.0	13300.0	-58.482334
16500.0	13300.0	-55.413258
16550.0	13300.0	-52.331161
16600.0	13300.0	-49.284805
16650.0	13300.0	-46.315418
16700.0	13300.0	-43.44894
16750.0	13300.0	-40.710636
16800.0	13300.0	-38.106018
16850.0	13300.0	-35.634045
16900.0	13300.0	-33.298347
16950.0	13300.0	-31.095438
17000.0	13300.0	-29.029821
17050.0	13300.0	-27.113909
17100.0	13300.0	-25.355015
17150.0	13300.0	-23.74917
17200.0	13300.0	-22.293739
17250.0	13300.0	-20.99859
17300.0	13300.0	-19.869411
17350.0	13300.0	-18.898048
17400.0	13300.0	-18.093618
17450.0	13300.0	-17.448328
17500.0	13300.0	-16.952007
17550.0	13300.0	-16.587324
17600.0	13300.0	-16.360338
17650.0	13300.0	-16.271387
17700.0	13300.0	-16.324701
17750.0	13300.0	-16.525208
17800.0	13300.0	-16.874479
17850.0	13300.0	-17.343309
17900.0	13300.0	-17.915264
17950.0	13300.0	-18.572014
18000.0	13300.0	-19.295483
18050.0	13300.0	-20.074978
18100.0	13300.0	-20.901476
18150.0	13300.0	-21.751896
18200.0	13300.0	-22.611937
18250.0	13300.0	-23.478594
18300.0	13300.0	-24.358095
10250.0	13350.0	22.313204
10300.0	13350.0	22.596079
10350.0	13350.0	22.879885
10400.0	13350.0	23.164841
10450.0	13350.0	23.440414
10500.0	13350.0	23.693209
10550.0	13350.0	23.904818
10600.0	13350.0	24.060284
10650.0	13350.0	24.145323
10700.0	13350.0	24.154346
10750.0	13350.0	24.099386
10800.0	13350.0	23.978418
10850.0	13350.0	23.789587
10900.0	13350.0	23.528084
10950.0	13350.0	23.203878
11000.0	13350.0	22.838991
11050.0	13350.0	22.437532
11100.0	13350.0	22.027613
11150.0	13350.0	21.630285
11200.0	13350.0	21.259964
11250.0	13350.0	20.927462
11300.0	13350.0	20.658844
11350.0	13350.0	20.469738
11400.0	13350.0	20.387453
11450.0	13350.0	20.417616
11500.0	13350.0	20.559538
11550.0	13350.0	20.818827
11600.0	13350.0	21.217991
11650.0	13350.0	21.750389
11700.0	13350.0	22.428619
11750.0	13350.0	23.239998
11800.0	13350.0	24.162344
11850.0	13350.0	25.172176
11900.0	13350.0	26.274237
11950.0	13350.0	27.481102
12000.0	13350.0	28.794418
12050.0	13350.0	30.215427
12100.0	13350.0	31.766344
12150.0	13350.0	33.455585
12200.0	13350.0	35.286423
12250.0	13350.0	37.243427
12300.0	13350.0	39.305386
12350.0	13350.0	41.450817
12400.0	13350.0	43.650768
12450.0	13350.0	45.875946
12500.0	13350.0	48.090908
12550.0	13350.0	50.248344
12600.0	13350.0	52.304352
12650.0	13350.0	54.210232
12700.0	13350.0	55.904373
12750.0	13350.0	57.33189
12800.0	13350.0	58.426971
12850.0	13350.0	59.151337
12900.0	13350.0	59.468811
12950.0	13350.0	59.38253
13000.0	13350.0	58.893467
13050.0	13350.0	58.013412
13100.0	13350.0	56.741154
13150.0	13350.0	55.098808
13200.0	13350.0	53.109524
13250.0	13350.0	50.803944
13300.0	13350.0	48.221424
13350.0	13350.0	45.418873
13400.0	13350.0	42.450127
13450.0	13350.0	39.356621
13500.0	13350.0	36.190327
13550.0	13350.0	33.003345
13600.0	13350.0	29.847628
13650.0	13350.0	26.768747
13700.0	13350.0	23.800335
13750.0	13350.0	20.973385
13800.0	13350.0	18.314062
13850.0	13350.0	15.849136
13900.0	13350.0	13.579335
13950.0	13350.0	11.51419
14000.0	13350.0	9.659131
14050.0	13350.0	8.024307
14100.0	13350.0	6.598154
14150.0	13350.0	5.38029
14200.0	13350.0	4.367362
14250.0	13350.0	3.545708
14300.0	13350.0	2.905291
14350.0	13350.0	2.421996
14400.0	13350.0	2.058816
14450.0	13350.0	1.785497
14500.0	13350.0	1.564052
14550.0	13350.0	1.362685
14600.0	13350.0	1.131319
14650.0	13350.0	0.829356
14700.0	13350.0	0.404578
14750.0	13350.0	-0.190279
14800.0	13350.0	-1.009609
14850.0	13350.0	-2.097375
14900.0	13350.0	-3.491942
14950.0	13350.0	-5.21097
15000.0	13350.0	-7.271962
15050.0	13350.0	-9.683629
15100.0	13350.0	-12.440145
15150.0	13350.0	-15.523112
15200.0	13350.0	-18.910076
15250.0	13350.0	-22.55492
15300.0	13350.0	-26.409601
15350.0	13350.0	-30.413443
15400.0	13350.0	-34.511616
15450.0	13350.0	-38.644318
15500.0	13350.0	-42.761501
15550.0	13350.0	-46.797939
15600.0	13350.0	-50.697411
15650.0	13350.0	-54.398697
15700.0	13350.0	-57.84177
15750.0	13350.0	-60.965488
15800.0	13350.0	-63.702339
15850.0	13350.0	-65.992378
15900.0	13350.0	-67.800827
15950.0	13350.0	-69.101349
16000.0	13350.0	-69.889641
16050.0	13350.0	-70.158089
16100.0	13350.0	-69.92308
16150.0	13350.0	-69.191635
16200.0	13350.0	-67.996101
16250.0	13350.0	-66.367867
16300.0	13350.0	-64.35482
16350.0	13350.0	-62.02565
16400.0	13350.0	-59.460979
16450.0	13350.0	-56.738857
16500.0	13350.0	-53.913635
16550.0	13350.0	-51.04818
16600.0	13350.0	-48.193111
16650.0	13350.0	-45.391376
16700.0	13350.0	-42.672356
16750.0	13350.0	-40.066803
16800.0	13350.0	-37.575146
16850.0	13350.0	-35.20192
16900.0	13350.0	-32.954967
16950.0	13350.0	-30.833651
17000.0	13350.0	-28.833595
17050.0	13350.0	-26.975803
17100.0	13350.0	-25.261595
17150.0	13350.0	-23.69655
17200.0	13350.0	-22.288517
17250.0	13350.0	-21.036974
17300.0	13350.0	-19.944382
17350.0	13350.0	-19.020426
17400.0	13350.0	-18.262592
17450.0	13350.0	-17.663364
17500.0	13350.0	-17.203554
17550.0	13350.0	-16.873499
17600.0	13350.0	-16.662771
17650.0	13350.0	-16.586557
17700.0	13350.0	-16.643139
17750.0	13350.0	-16.831285
17800.0	13350.0	-17.152731
17850.0	13350.0	-17.581657
17900.0	13350.0	-18.103859
17950.0	13350.0	-18.716679
18000.0	13350.0	-19.401838
18050.0	13350.0	-20.13805
18100.0	13350.0	-20.921429
18150.0	13350.0	-21.726311
18200.0	13350.0	-22.536568
18250.0	13350.0	-23.362457
18300.0	13350.0	-24.198694
10250.0	13400.0	22.219461
10300.0	13400.0	22.519039
10350.0	13400.0	22.818302
10400.0	13400.0	23.108179
10450.0	13400.0	23.383755
10500.0	13400.0	23.633671
10550.0	13400.0	23.84417
10600.0	13400.0	23.99534
10650.0	13400.0	24.077253
10700.0	13400.0	24.096842
10750.0	13400.0	24.046185
10800.0	13400.0	23.938984
10850.0	13400.0	23.768066
10900.0	13400.0	23.528324
10950.0	13400.0	23.232319
11000.0	13400.0	22.889097
11050.0	13400.0	22.510588
11100.0	13400.0	22.121212
11150.0	13400.0	21.733784
11200.0	13400.0	21.360203
11250.0	13400.0	21.028419
11300.0	13400.0	20.756456
11350.0	13400.0	20.571188
11400.0	13400.0	20.493555
11450.0	13400.0	20.536346
11500.0	13400.0	20.686249
11550.0	13400.0	20.956821
11600.0	13400.0	21.341858
11650.0	13400.0	21.861654
11700.0	13400.0	22.503426
11750.0	13400.0	23.264782
11800.0	13400.0	24.125391
11850.0	13400.0	25.071995
11900.0	13400.0	26.104563
11950.0	13400.0	27.232063
12000.0	13400.0	28.456051
12050.0	13400.0	29.798031
12100.0	13400.0	31.266481
12150.0	13400.0	32.864319
12200.0	13400.0	34.58033
12250.0	13400.0	36.401707
12300.0	13400.0	38.315449
12350.0	13400.0	40.302204
12400.0	13400.0	42.33976
12450.0	13400.0	44.392426
12500.0	13400.0	46.420151
12550.0	13400.0	48.375168
12600.0	13400.0	50.222805
12650.0	13400.0	51.923409
12700.0	13400.0	53.43235
12750.0	13400.0	54.693466
12800.0	13400.0	55.653576
12850.0	13400.0	56.266468
12900.0	13400.0	56.531067
12950.0	13400.0	56.43425
13000.0	13400.0	55.99086
13050.0	13400.0	55.200253
13100.0	13400.0	54.071239
13150.0	13400.0	52.612968
13200.0	13400.0	50.851376
13250.0	13400.0	48.809315
13300.0	13400.0	46.511646
13350.0	13400.0	43.992508
13400.0	13400.0	41.29871
13450.0	13400.0	38.464661
13500.0	13400.0	35.539272
13550.0	13400.0	32.572166
13600.0	13400.0	29.620024
13650.0	13400.0	26.722582
13700.0	13400.0	23.916632
13750.0	13400.0	21.229
13800.0	13400.0	18.694534
13850.0	13400.0	16.326426
13900.0	13400.0	14.143744
13950.0	13400.0	12.147767
14000.0	13400.0	10.353127
14050.0	13400.0	8.750913
14100.0	13400.0	7.345268
14150.0	13400.0	6.128433
14200.0	13400.0	5.103055
14250.0	13400.0	4.252956
14300.0	13400.0	3.561808
14350.0	13400.0	2.996627
14400.0	13400.0	2.539611
14450.0	13400.0	2.147958
14500.0	13400.0	1.794925
14550.0	13400.0	1.436751
14600.0	13400.0	1.045136
14650.0	13400.0	0.575841
14700.0	13400.0	-0.010176
14750.0	13400.0	-0.763912
14800.0	13400.0	-1.725323
14850.0	13400.0	-2.931604
14900.0	13400.0	-4.404751
14950.0	13400.0	-6.156105
15000.0	13400.0	-8.189735
15050.0	13400.0	-10.518875
15100.0	13400.0	-13.147471
15150.0	13400.0	-16.068295
15200.0	13400.0	-19.25728
15250.0	13400.0	-22.676733
15300.0	13400.0	-26.279844
15350.0	13400.0	-30.007936
15400.0	13400.0	-33.806114
15450.0	13400.0	-37.62851
15500.0	13400.0	-41.427227
15550.0	13400.0	-45.154182
15600.0	13400.0	-48.74258
15650.0	13400.0	-52.128407
15700.0	13400.0	-55.262432
15750.0	13400.0	-58.092289
15800.0	13400.0	-60.564117
15850.0	13400.0	-62.638382
15900.0	13400.0	-64.271133
15950.0	13400.0	-65.450752
16000.0	13400.0	-66.171547
16050.0	13400.0	-66.441551
16100.0	13400.0	-66.269447
16150.0	13400.0	-65.675186
16200.0	13400.0	-64.668839
16250.0	13400.0	-63.272663
16300.0	13400.0	-61.519939
16350.0	13400.0	-59.471027
16400.0	13400.0	-57.194916
16450.0	13400.0	-54.746265
16500.0	13400.0	-52.185341
16550.0	13400.0	-49.551414
16600.0	13400.0	-46.903065
16650.0	13400.0	-44.286919
16700.0	13400.0	-41.737041
16750.0	13400.0	-39.27367
16800.0	13400.0	-36.912804
16850.0	13400.0	-34.654285
16900.0	13400.0	-32.507973
16950.0	13400.0	-30.479143
17000.0	13400.0	-28.571283
17050.0	13400.0	-26.783003
17100.0	13400.0	-25.131723
17150.0	13400.0	-23.627327
17200.0	13400.0	-22.279438
17250.0	13400.0	-21.084206
17300.0	13400.0	-20.046331
17350.0	13400.0	-19.175552
17400.0	13400.0	-18.46726
17450.0	13400.0	-17.907238
17500.0	13400.0	-17.489075
17550.0	13400.0	-17.188986
17600.0	13400.0	-17.003086
17650.0	13400.0	-16.935783
17700.0	13400.0	-16.99007
17750.0	13400.0	-17.163502
17800.0	13400.0	-17.451668
17850.0	13400.0	-17.842703
17900.0	13400.0	-18.313259
17950.0	13400.0	-18.870825
18000.0	13400.0	-19.507456
18050.0	13400.0	-20.199587
18100.0	13400.0	-20.926949
18150.0	13400.0	-21.679842
18200.0	13400.0	-22.44557
18250.0	13400.0	-23.219225
18300.0	13400.0	-24.00316
10250.0	13450.0	22.151117
10300.0	13450.0	22.456842
10350.0	13450.0	22.757872
10400.0	13450.0	23.044985
10450.0	13450.0	23.313276
10500.0	13450.0	23.561777
10550.0	13450.0	23.768801
10600.0	13450.0	23.914053
10650.0	13450.0	24.002056
10700.0	13450.0	24.032047
10750.0	13450.0	23.995493
10800.0	13450.0	23.895498
10850.0	13450.0	23.741837
10900.0	13450.0	23.522505
10950.0	13450.0	23.248642
11000.0	13450.0	22.933779
11050.0	13450.0	22.585806
11100.0	13450.0	22.219769
11150.0	13450.0	21.845995
11200.0	13450.0	21.477873
11250.0	13450.0	21.146215
11300.0	13450.0	20.880621
11350.0	13450.0	20.700693
11400.0	13450.0	20.632101
11450.0	13450.0	20.674
11500.0	13450.0	20.83605
11550.0	13450.0	21.104458
11600.0	13450.0	21.488255
11650.0	13450.0	21.984035
11700.0	13450.0	22.591564
11750.0	13450.0	23.296818
11800.0	13450.0	24.087608
11850.0	13450.0	24.961987
11900.0	13450.0	25.926455
11950.0	13450.0	26.970661
12000.0	13450.0	28.109634
12050.0	13450.0	29.360693
12100.0	13450.0	30.73719
12150.0	13450.0	32.227398
12200.0	13450.0	33.823139
12250.0	13450.0	35.505009
12300.0	13450.0	37.264008
12350.0	13450.0	39.085735
12400.0	13450.0	40.946362
12450.0	13450.0	42.811161
12500.0	13450.0	44.634121
12550.0	13450.0	46.382744
12600.0	13450.0	48.019562
12650.0	13450.0	49.519436
12700.0	13450.0	50.837879
12750.0	13450.0	51.932274
12800.0	13450.0	52.758915
12850.0	13450.0	53.287987
12900.0	13450.0	53.507038
12950.0	13450.0	53.419586
13000.0	13450.0	53.018353
13050.0	13450.0	52.311375
13100.0	13450.0	51.304909
13150.0	13450.0	50.009979
13200.0	13450.0	48.446388
13250.0	13450.0	46.633156
13300.0	13450.0	44.588047
13350.0	13450.0	42.329327
13400.0	13450.0	39.886677
13450.0	13450.0	37.304329
13500.0	13450.0	34.619751
13550.0	13450.0	31.879187
13600.0	13450.0	29.130501
13650.0	13450.0	26.421103
13700.0	13450.0	23.780937
13750.0	13450.0	21.244745
13800.0	13450.0	18.84338
13850.0	13450.0	16.588749
13900.0	13450.0	14.496503
13950.0	13450.0	12.57817
14000.0	13450.0	10.847121
14050.0	13450.0	9.294958
14100.0	13450.0	7.921375
14150.0	13450.0	6.726027
14200.0	13450.0	5.696231
14250.0	13450.0	4.830119
14300.0	13450.0	4.086039
14350.0	13450.0	3.45453
14400.0	13450.0	2.902027
14450.0	13450.0	2.403045
14500.0	13450.0	1.921763
14550.0	13450.0	1.42549
14600.0	13450.0	0.887414
14650.0	13450.0	0.272275
14700.0	13450.0	-0.459111
14750.0	13450.0	-1.346506
14800.0	13450.0	-2.420791
14850.0	13450.0	-3.706749
14900.0	13450.0	-5.225721
14950.0	13450.0	-6.979931
15000.0	13450.0	-8.975083
15050.0	13450.0	-11.213949
15100.0	13450.0	-13.712427
15150.0	13450.0	-16.462648
15200.0	13450.0	-19.445171
15250.0	13450.0	-22.626989
15300.0	13450.0	-25.963047
15350.0	13450.0	-29.403149
15400.0	13450.0	-32.892624
15450.0	13450.0	-36.388897
15500.0	13450.0	-39.859234
15550.0	13450.0	-43.255939
15600.0	13450.0	-46.528996
15650.0	13450.0	-49.607994
15700.0	13450.0	-52.447968
15750.0	13450.0	-54.998966
15800.0	13450.0	-57.229836
15850.0	13450.0	-59.103756
15900.0	13450.0	-60.58456
15950.0	13450.0	-61.656624
16000.0	13450.0	-62.324696
16050.0	13450.0	-62.595219
16100.0	13450.0	-62.486816
16150.0	13450.0	-62.010899
16200.0	13450.0	-61.175331
16250.0	13450.0	-59.989651
16300.0	13450.0	-58.492153
16350.0	13450.0	-56.720394
16400.0	13450.0	-54.721008
16450.0	13450.0	-52.552849
16500.0	13450.0	-50.257881
16550.0	13450.0	-47.87215
16600.0	13450.0	-45.446827
16650.0	13450.0	-43.026855
16700.0	13450.0	-40.654778
16750.0	13450.0	-38.348137
16800.0	13450.0	-36.126904
16850.0	13450.0	-33.992489
16900.0	13450.0	-31.95859
16950.0	13450.0	-30.038368
17000.0	13450.0	-28.23304
17050.0	13450.0	-26.543453
17100.0	13450.0	-24.972521
17150.0	13450.0	-23.542105
17200.0	13450.0	-22.26346
17250.0	13450.0	-21.141472
17300.0	13450.0	-20.169226
17350.0	13450.0	-19.364584
17400.0	13450.0	-18.707228
17450.0	13450.0	-18.187387
17500.0	13450.0	-17.8016
17550.0	13450.0	-17.532253
17600.0	13450.0	-17.367022
17650.0	13450.0	-17.308594
17700.0	13450.0	-17.355772
17750.0	13450.0	-17.512732
17800.0	13450.0	-17.769516
17850.0	13450.0	-18.115765
17900.0	13450.0	-18.541452
17950.0	13450.0	-19.04117
18000.0	13450.0	-19.6199
18050.0	13450.0	-20.258102
18100.0	13450.0	-20.9251
18150.0	13450.0	-21.616201
18200.0	13450.0	-22.330538
18250.0	13450.0	-23.054483
18300.0	13450.0	-23.771843
10250.0	13500.0	22.107681
10300.0	13500.0	22.411989
10350.0	13500.0	22.70188
10400.0	13500.0	22.974195
10450.0	13500.0	23.235947
10500.0	13500.0	23.471937
10550.0	13500.0	23.6695
10600.0	13500.0	23.822594
10650.0	13500.0	23.925089
10700.0	13500.0	23.965084
10750.0	13500.0	23.942808
10800.0	13500.0	23.849684
10850.0	13500.0	23.700542
10900.0	13500.0	23.505671
10950.0	13500.0	23.264128
11000.0	13500.0	22.977425
11050.0	13500.0	22.658697
11100.0	13500.0	22.314018
11150.0	13500.0	21.952637
11200.0	13500.0	21.602304
11250.0	13500.0	21.289139
11300.0	13500.0	21.037968
11350.0	13500.0	20.874613
11400.0	13500.0	20.804188
11450.0	13500.0	20.84235
11500.0	13500.0	20.996704
11550.0	13500.0	21.266119
11600.0	13500.0	21.631611
11650.0	13500.0	22.101978
11700.0	13500.0	22.66968
11750.0	13500.0	23.320797
11800.0	13500.0	24.049664
11850.0	13500.0	24.859308
11900.0	13500.0	25.742308
11950.0	13500.0	26.704092
12000.0	13500.0	27.754089
12050.0	13500.0	28.912775
12100.0	13500.0	30.185493
12150.0	13500.0	31.56225
12200.0	13500.0	33.028946
12250.0	13500.0	34.569183
12300.0	13500.0	36.173393
12350.0	13500.0	37.821026
12400.0	13500.0	39.494698
12450.0	13500.0	41.157288
12500.0	13500.0	42.773636
12550.0	13500.0	44.309418
12600.0	13500.0	45.744965
12650.0	13500.0	47.048317
12700.0	13500.0	48.186092
12750.0	13500.0	49.118816
12800.0	13500.0	49.821701
12850.0	13500.0	50.269928
12900.0	13500.0	50.454071
12950.0	13500.0	50.368088
13000.0	13500.0	50.00819
13050.0	13500.0	49.377899
13100.0	13500.0	48.481487
13150.0	13500.0	47.335499
13200.0	13500.0	45.948467
13250.0	13500.0	44.330116
13300.0	13500.0	42.502151
13350.0	13500.0	40.470497
13400.0	13500.0	38.261951
13450.0	13500.0	35.911922
13500.0	13500.0	33.459415
13550.0	13500.0	30.943068
13600.0	13500.0	28.402956
13650.0	13500.0	25.881292
13700.0	13500.0	23.408834
13750.0	13500.0	21.027624
13800.0	13500.0	18.766523
13850.0	13500.0	16.636038
13900.0	13500.0	14.642917
13950.0	13500.0	12.80712
14000.0	13500.0	11.14156
14050.0	13500.0	9.648721
14100.0	13500.0	8.324638
14150.0	13500.0	7.160353
14200.0	13500.0	6.139974
14250.0	13500.0	5.248904
14300.0	13500.0	4.471044
14350.0	13500.0	3.776295
14400.0	13500.0	3.142821
14450.0	13500.0	2.541507
14500.0	13500.0	1.951659
14550.0	13500.0	1.341169
14600.0	13500.0	0.681353
14650.0	13500.0	-0.06138
14700.0	13500.0	-0.912601
14750.0	13500.0	-1.903547
14800.0	13500.0	-3.059366
14850.0	13500.0	-4.398052
14900.0	13500.0	-5.929187
14950.0	13500.0	-7.663078
15000.0	13500.0	-9.602226
15050.0	13500.0	-11.749879
15100.0	13500.0	-14.111068
15150.0	13500.0	-16.684658
15200.0	13500.0	-19.447887
15250.0	13500.0	-22.386333
15300.0	13500.0	-25.451849
15350.0	13500.0	-28.602427
15400.0	13500.0	-31.783569
15450.0	13500.0	-34.962482
15500.0	13500.0	-38.105488
15550.0	13500.0	-41.177303
15600.0	13500.0	-44.124706
15650.0	13500.0	-46.900307
15700.0	13500.0	-49.455696
15750.0	13500.0	-51.760258
15800.0	13500.0	-53.769878
15850.0	13500.0	-55.462368
15900.0	13500.0	-56.803226
15950.0	13500.0	-57.790058
16000.0	13500.0	-58.414639
16050.0	13500.0	-58.694473
16100.0	13500.0	-58.638783
16150.0	13500.0	-58.262306
16200.0	13500.0	-57.577858
16250.0	13500.0	-56.597408
16300.0	13500.0	-55.340115
16350.0	13500.0	-53.835571
16400.0	13500.0	-52.105762
16450.0	13500.0	-50.205818
16500.0	13500.0	-48.174267
16550.0	13500.0	-46.041058
16600.0	13500.0	-43.843037
16650.0	13500.0	-41.632313
16700.0	13500.0	-39.44849
16750.0	13500.0	-37.311089
16800.0	13500.0	-35.229691
16850.0	13500.0	-33.225529
16900.0	13500.0	-31.311575
16950.0	13500.0	-29.512602
17000.0	13500.0	-27.828949
17050.0	13500.0	-26.251749
17100.0	13500.0	-24.789402
17150.0	13500.0	-23.447441
17200.0	13500.0	-22.248255
17250.0	13500.0	-21.199619
17300.0	13500.0	-20.316839
17350.0	13500.0	-19.577362
17400.0	13500.0	-18.978146
17450.0	13500.0	-18.500603
17500.0	13500.0	-18.139257
17550.0	13500.0	-17.890326
17600.0	13500.0	-17.745146
17650.0	13500.0	-17.693785
17700.0	13500.0	-17.736101
17750.0	13500.0	-17.87541
17800.0	13500.0	-18.100618
17850.0	13500.0	-18.400818
17900.0	13500.0	-18.779266
17950.0	13500.0	-19.230167
18000.0	13500.0	-19.743814
18050.0	13500.0	-20.312477
18100.0	13500.0	-20.917816
18150.0	13500.0	-21.547533
18200.0	13500.0	-22.198208
18250.0	13500.0	-22.856045
18300.0	13500.0	-23.508751
10250.0	13550.0	22.08876
10300.0	13550.0	22.375837
10350.0	13550.0	22.652807
10400.0	13550.0	22.908792
10450.0	13550.0	23.147226
10500.0	13550.0	23.367922
10550.0	13550.0	23.562067
10600.0	13550.0	23.723047
10650.0	13550.0	23.834892
10700.0	13550.0	23.887054
10750.0	13550.0	23.874031
10800.0	13550.0	23.79921
10850.0	13550.0	23.661453
10900.0	13550.0	23.491287
10950.0	13550.0	23.278477
11000.0	13550.0	23.015823
11050.0	13550.0	22.716795
11100.0	13550.0	22.389236
11150.0	13550.0	22.054411
11200.0	13550.0	21.736059
11250.0	13550.0	21.454895
11300.0	13550.0	21.23807
11350.0	13550.0	21.089689
11400.0	13550.0	21.017092
11450.0	13550.0	21.039896
11500.0	13550.0	21.175718
11550.0	13550.0	21.420008
11600.0	13550.0	21.766171
11650.0	13550.0	22.20599
11700.0	13550.0	22.730295
11750.0	13550.0	23.33099
11800.0	13550.0	24.004705
11850.0	13550.0	24.744532
11900.0	13550.0	25.553463
11950.0	13550.0	26.431833
12000.0	13550.0	27.39897
12050.0	13550.0	28.467543
12100.0	13550.0	29.632277
12150.0	13550.0	30.887928
12200.0	13550.0	32.218456
12250.0	13550.0	33.611073
12300.0	13550.0	35.048771
12350.0	13550.0	36.520439
12400.0	13550.0	38.000977
12450.0	13550.0	39.460865
12500.0	13550.0	40.869492
12550.0	13550.0	42.204781
12600.0	13550.0	43.445457
12650.0	13550.0	44.564095
12700.0	13550.0	45.53355
12750.0	13550.0	46.32251
12800.0	13550.0	46.90506
12850.0	13550.0	47.274441
12900.0	13550.0	47.412529
12950.0	13550.0	47.322521
13000.0	13550.0	46.997223
13050.0	13550.0	46.433712
13100.0	13550.0	45.642551
13150.0	13550.0	44.626476
13200.0	13550.0	43.391453
13250.0	13550.0	41.944729
13300.0	13550.0	40.296284
13350.0	13550.0	38.466785
13400.0	13550.0	36.466572
13450.0	13550.0	34.333004
13500.0	13550.0	32.097
13550.0	13550.0	29.792225
13600.0	13550.0	27.453783
13650.0	13550.0	25.118275
13700.0	13550.0	22.819147
13750.0	13550.0	20.59639
13800.0	13550.0	18.470778
13850.0	13550.0	16.463053
13900.0	13550.0	14.578567
13950.0	13550.0	12.836902
14000.0	13550.0	11.246802
14050.0	13550.0	9.81423
14100.0	13550.0	8.540877
14150.0	13550.0	7.40995
14200.0	13550.0	6.40653
14250.0	13550.0	5.510387
14300.0	13550.0	4.700566
14350.0	13550.0	3.958129
14400.0	13550.0	3.258162
14450.0	13550.0	2.581468
14500.0	13550.0	1.901119
14550.0	13550.0	1.195723
14600.0	13550.0	0.432681
14650.0	13550.0	-0.40254
14700.0	13550.0	-1.344293
14750.0	13550.0	-2.410377
14800.0	13550.0	-3.61781
14850.0	13550.0	-4.979457
14900.0	13550.0	-6.501235
14950.0	13550.0	-8.197909
15000.0	13550.0	-10.064124
15050.0	13550.0	-12.102378
15100.0	13550.0	-14.316975
15150.0	13550.0	-16.705275
15200.0	13550.0	-19.259287
15250.0	13550.0	-21.948778
15300.0	13550.0	-24.750732
15350.0	13550.0	-27.616966
15400.0	13550.0	-30.505604
15450.0	13550.0	-33.380764
15500.0	13550.0	-36.213432
15550.0	13550.0	-38.963375
15600.0	13550.0	-41.597095
15650.0	13550.0	-44.077694
15700.0	13550.0	-46.370354
15750.0	13550.0	-48.437328
15800.0	13550.0	-50.247822
15850.0	13550.0	-51.771626
15900.0	13550.0	-52.991909
15950.0	13550.0	-53.902313
16000.0	13550.0	-54.503757
16050.0	13550.0	-54.797291
16100.0	13550.0	-54.790646
16150.0	13550.0	-54.505116
16200.0	13550.0	-53.956703
16250.0	13550.0	-53.157768
16300.0	13550.0	-52.124233
16350.0	13550.0	-50.861919
16400.0	13550.0	-49.398575
16450.0	13550.0	-47.757458
16500.0	13550.0	-45.976707
16550.0	13550.0	-44.089172
16600.0	13550.0	-42.122849
16650.0	13550.0	-40.124775
16700.0	13550.0	-38.13422
16750.0	13550.0	-36.166515
16800.0	13550.0	-34.236923
16850.0	13550.0	-32.369621
16900.0	13550.0	-30.59557
16950.0	13550.0	-28.923367
17000.0	13550.0	-27.36471
17050.0	13550.0	-25.911268
17100.0	13550.0	-24.56691
17150.0	13550.0	-23.340227
17200.0	13550.0	-22.237494
17250.0	13550.0	-21.283363
17300.0	13550.0	-20.477674
17350.0	13550.0	-19.810432
17400.0	13550.0	-19.260565
17450.0	13550.0	-18.827169
17500.0	13550.0	-18.494366
17550.0	13550.0	-18.266994
17600.0	13550.0	-18.131781
17650.0	13550.0	-18.084305
17700.0	13550.0	-18.125841
17750.0	13550.0	-18.244284
17800.0	13550.0	-18.433981
17850.0	13550.0	-18.700237
17900.0	13550.0	-19.032665
17950.0	13550.0	-19.428516
18000.0	13550.0	-19.875845
18050.0	13550.0	-20.371841
18100.0	13550.0	-20.909975
18150.0	13550.0	-21.471325
18200.0	13550.0	-22.051437
18250.0	13550.0	-22.634195
18300.0	13550.0	-23.208435
10250.0	13600.0	22.08959
10300.0	13600.0	22.348404
10350.0	13600.0	22.603245
10400.0	13600.0	22.846857
10450.0	13600.0	23.066141
10500.0	13600.0	23.269192
10550.0	13600.0	23.44833
10600.0	13600.0	23.605059
10650.0	13600.0	23.721607
10700.0	13600.0	23.786081
10750.0	13600.0	23.797071
10800.0	13600.0	23.745075
10850.0	13600.0	23.636662
10900.0	13600.0	23.478716
10950.0	13600.0	23.278408
11000.0	13600.0	23.036095
11050.0	13600.0	22.758907
11100.0	13600.0	22.459902
11150.0	13600.0	22.160603
11200.0	13600.0	21.882191
11250.0	13600.0	21.645452
11300.0	13600.0	21.458424
11350.0	13600.0	21.333418
11400.0	13600.0	21.263937
11450.0	13600.0	21.267921
11500.0	13600.0	21.368835
11550.0	13600.0	21.579182
11600.0	13600.0	21.891302
11650.0	13600.0	22.293133
11700.0	13600.0	22.771053
11750.0	13600.0	23.319298
11800.0	13600.0	23.931625
11850.0	13600.0	24.610376
11900.0	13600.0	25.352245
11950.0	13600.0	26.160973
12000.0	13600.0	27.05221
12050.0	13600.0	28.029623
12100.0	13600.0	29.089792
12150.0	13600.0	30.216215
12200.0	13600.0	31.400175
12250.0	13600.0	32.641293
12300.0	13600.0	33.912579
12350.0	13600.0	35.204716
12400.0	13600.0	36.49202
12450.0	13600.0	37.753456
12500.0	13600.0	38.964973
12550.0	13600.0	40.106724
12600.0	13600.0	41.163868
12650.0	13600.0	42.115601
12700.0	13600.0	42.933228
12750.0	13600.0	43.586861
12800.0	13600.0	44.058895
12850.0	13600.0	44.341026
12900.0	13600.0	44.43383
12950.0	13600.0	44.327259
13000.0	13600.0	44.02206
13050.0	13600.0	43.518131
13100.0	13600.0	42.814358
13150.0	13600.0	41.91095
13200.0	13600.0	40.804859
13250.0	13600.0	39.499626
13300.0	13600.0	38.009903
13350.0	13600.0	36.351517
13400.0	13600.0	34.542236
13450.0	13600.0	32.602901
13500.0	13600.0	30.562725
13550.0	13600.0	28.455204
13600.0	13600.0	26.31226
13650.0	13600.0	24.163446
13700.0	13600.0	22.043257
13750.0	13600.0	19.971853
13800.0	13600.0	17.984137
13850.0	13600.0	16.096365
13900.0	13600.0	14.329197
13950.0	13600.0	12.687946
14000.0	13600.0	11.176402
14050.0	13600.0	9.810871
14100.0	13600.0	8.581892
14150.0	13600.0	7.486247
14200.0	13600.0	6.503281
14250.0	13600.0	5.607631
14300.0	13600.0	4.782472
14350.0	13600.0	4.001986
14400.0	13600.0	3.253582
14450.0	13600.0	2.52269
14500.0	13600.0	1.780395
14550.0	13600.0	1.003684
14600.0	13600.0	0.169388
14650.0	13600.0	-0.742303
14700.0	13600.0	-1.742381
14750.0	13600.0	-2.850545
14800.0	13600.0	-4.078154
14850.0	13600.0	-5.437926
14900.0	13600.0	-6.935513
14950.0	13600.0	-8.571658
15000.0	13600.0	-10.348864
15050.0	13600.0	-12.266277
15100.0	13600.0	-14.326277
15150.0	13600.0	-16.533495
15200.0	13600.0	-18.873127
15250.0	13600.0	-21.329901
15300.0	13600.0	-23.873934
15350.0	13600.0	-26.470409
15400.0	13600.0	-29.080841
15450.0	13600.0	-31.675873
15500.0	13600.0	-34.213558
15550.0	13600.0	-36.66547
15600.0	13600.0	-39.00293
15650.0	13600.0	-41.208988
15700.0	13600.0	-43.251892
15750.0	13600.0	-45.097549
15800.0	13600.0	-46.720158
15850.0	13600.0	-48.090576
15900.0	13600.0	-49.202332
15950.0	13600.0	-50.052551
16000.0	13600.0	-50.634369
16050.0	13600.0	-50.949352
16100.0	13600.0	-50.999878
16150.0	13600.0	-50.804832
16200.0	13600.0	-50.381496
16250.0	13600.0	-49.743687
16300.0	13600.0	-48.896347
16350.0	13600.0	-47.854897
16400.0	13600.0	-46.629898
16450.0	13600.0	-45.238167
16500.0	13600.0	-43.701874
16550.0	13600.0	-42.05064
16600.0	13600.0	-40.313503
16650.0	13600.0	-38.532204
16700.0	13600.0	-36.729439
16750.0	13600.0	-34.931763
16800.0	13600.0	-33.162506
16850.0	13600.0	-31.451891
16900.0	13600.0	-29.824249
16950.0	13600.0	-28.291939
17000.0	13600.0	-26.856647
17050.0	13600.0	-25.532179
17100.0	13600.0	-24.315691
17150.0	13600.0	-23.210995
17200.0	13600.0	-22.228197
17250.0	13600.0	-21.380804
17300.0	13600.0	-20.657898
17350.0	13600.0	-20.049028
17400.0	13600.0	-19.551876
17450.0	13600.0	-19.155832
17500.0	13600.0	-18.85298
17550.0	13600.0	-18.645905
17600.0	13600.0	-18.525015
17650.0	13600.0	-18.484217
17700.0	13600.0	-18.517849
17750.0	13600.0	-18.614529
17800.0	13600.0	-18.775038
17850.0	13600.0	-19.000654
17900.0	13600.0	-19.293491
17950.0	13600.0	-19.634193
18000.0	13600.0	-20.021915
18050.0	13600.0	-20.443806
18100.0	13600.0	-20.902954
18150.0	13600.0	-21.38884
18200.0	13600.0	-21.887297
18250.0	13600.0	-22.38644
18300.0	13600.0	-22.880499
10250.0	13650.0	22.098778
10300.0	13650.0	22.333061
10350.0	13650.0	22.56448
10400.0	13650.0	22.786329
10450.0	13650.0	22.991592
10500.0	13650.0	23.169413
10550.0	13650.0	23.334196
10600.0	13650.0	23.478901
10650.0	13650.0	23.594563
10700.0	13650.0	23.673529
10750.0	13650.0	23.70343
10800.0	13650.0	23.681278
10850.0	13650.0	23.601679
10900.0	13650.0	23.458574
10950.0	13650.0	23.268759
11000.0	13650.0	23.046062
11050.0	13650.0	22.796095
11100.0	13650.0	22.532488
11150.0	13650.0	22.276896
11200.0	13650.0	22.045975
11250.0	13650.0	21.850647
11300.0	13650.0	21.697351
11350.0	13650.0	21.580574
11400.0	13650.0	21.515718
11450.0	13650.0	21.511581
11500.0	13650.0	21.589279
11550.0	13650.0	21.755346
11600.0	13650.0	22.020605
11650.0	13650.0	22.36681
11700.0	13650.0	22.787794
11750.0	13650.0	23.271297
11800.0	13650.0	23.832439
11850.0	13650.0	24.456659
11900.0	13650.0	25.136654
11950.0	13650.0	25.88595
12000.0	13650.0	26.707645
12050.0	13650.0	27.601233
12100.0	13650.0	28.55044
12150.0	13650.0	29.549479
12200.0	13650.0	30.594458
12250.0	13650.0	31.673807
12300.0	13650.0	32.783775
12350.0	13650.0	33.897343
12400.0	13650.0	34.991962
12450.0	13650.0	36.059708
12500.0	13650.0	37.083302
12550.0	13650.0	38.053127
12600.0	13650.0	38.946293
12650.0	13650.0	39.741043
12700.0	13650.0	40.411766
12750.0	13650.0	40.944221
12800.0	13650.0	41.313236
12850.0	13650.0	41.518677
12900.0	13650.0	41.559162
12950.0	13650.0	41.430424
13000.0	13650.0	41.133236
13050.0	13650.0	40.668018
13100.0	13650.0	40.030525
13150.0	13650.0	39.215683
13200.0	13650.0	38.214756
13250.0	13650.0	37.031719
13300.0	13650.0	35.671921
13350.0	13650.0	34.163158
13400.0	13650.0	32.513599
13450.0	13650.0	30.744194
13500.0	13650.0	28.884068
13550.0	13650.0	26.968842
13600.0	13650.0	25.017084
13650.0	13650.0	23.054739
13700.0	13650.0	21.104214
13750.0	13650.0	19.199888
13800.0	13650.0	17.349997
13850.0	13650.0	15.588289
13900.0	13650.0	13.9315
13950.0	13650.0	12.392989
14000.0	13650.0	10.97069
14050.0	13650.0	9.665167
14100.0	13650.0	8.483378
14150.0	13650.0	7.418197
14200.0	13650.0	6.45024
14250.0	13650.0	5.557678
14300.0	13650.0	4.716075
14350.0	13650.0	3.920367
14400.0	13650.0	3.145703
14450.0	13650.0	2.379676
14500.0	13650.0	1.598128
14550.0	13650.0	0.776137
14600.0	13650.0	-0.104665
14650.0	13650.0	-1.059809
14700.0	13650.0	-2.095541
14750.0	13650.0	-3.219428
14800.0	13650.0	-4.44405
14850.0	13650.0	-5.773916
14900.0	13650.0	-7.220035
14950.0	13650.0	-8.779478
15000.0	13650.0	-10.453614
15050.0	13650.0	-12.241943
15100.0	13650.0	-14.151607
15150.0	13650.0	-16.179987
15200.0	13650.0	-18.324049
15250.0	13650.0	-20.5502
15300.0	13650.0	-22.845554
15350.0	13650.0	-25.185274
15400.0	13650.0	-27.543436
15450.0	13650.0	-29.872637
15500.0	13650.0	-32.138931
15550.0	13650.0	-34.318993
15600.0	13650.0	-36.395416
15650.0	13650.0	-38.347725
15700.0	13650.0	-40.155319
15750.0	13650.0	-41.793999
15800.0	13650.0	-43.240402
15850.0	13650.0	-44.471424
15900.0	13650.0	-45.486782
15950.0	13650.0	-46.280975
16000.0	13650.0	-46.853481
16050.0	13650.0	-47.192879
16100.0	13650.0	-47.312675
16150.0	13650.0	-47.20993
16200.0	13650.0	-46.900204
16250.0	13650.0	-46.401562
16300.0	13650.0	-45.717663
16350.0	13650.0	-44.863735
16400.0	13650.0	-43.850292
16450.0	13650.0	-42.678978
16500.0	13650.0	-41.369007
16550.0	13650.0	-39.949364
16600.0	13650.0	-38.44466
16650.0	13650.0	-36.872753
16700.0	13650.0	-35.258221
16750.0	13650.0	-33.635311
16800.0	13650.0	-32.035725
16850.0	13650.0	-30.490261
16900.0	13650.0	-29.014339
16950.0	13650.0	-27.621605
17000.0	13650.0	-26.324865
17050.0	13650.0	-25.134605
17100.0	13650.0	-24.047665
17150.0	13650.0	-23.070576
17200.0	13650.0	-22.215355
17250.0	13650.0	-21.470734
17300.0	13650.0	-20.834751
17350.0	13650.0	-20.29438
17400.0	13650.0	-19.843935
17450.0	13650.0	-19.483545
17500.0	13650.0	-19.209953
17550.0	13650.0	-19.017096
17600.0	13650.0	-18.912329
17650.0	13650.0	-18.880613
17700.0	13650.0	-18.911201
17750.0	13650.0	-18.992035
17800.0	13650.0	-19.120083
17850.0	13650.0	-19.30689
17900.0	13650.0	-19.552965
17950.0	13650.0	-19.847162
18000.0	13650.0	-20.170603
18050.0	13650.0	-20.525452
18100.0	13650.0	-20.902508
18150.0	13650.0	-21.300215
18200.0	13650.0	-21.711143
18250.0	13650.0	-22.121836
18300.0	13650.0	-22.525743
10250.0	13700.0	22.114954
10300.0	13700.0	22.329046
10350.0	13700.0	22.534367
10400.0	13700.0	22.731176
10450.0	13700.0	22.910288
10500.0	13700.0	23.071594
10550.0	13700.0	23.223503
10600.0	13700.0	23.358379
10650.0	13700.0	23.471004
10700.0	13700.0	23.55377
10750.0	13700.0	23.599663
10800.0	13700.0	23.591623
10850.0	13700.0	23.532482
10900.0	13700.0	23.413021
10950.0	13700.0	23.251026
11000.0	13700.0	23.061468
11050.0	13700.0	22.847336
11100.0	13700.0	22.621498
11150.0	13700.0	22.407091
11200.0	13700.0	22.217138
11250.0	13700.0	22.056801
11300.0	13700.0	21.928392
11350.0	13700.0	21.828299
11400.0	13700.0	21.770859
11450.0	13700.0	21.765251
11500.0	13700.0	21.818502
11550.0	13700.0	21.946241
11600.0	13700.0	22.151045
11650.0	13700.0	22.435652
11700.0	13700.0	22.788338
11750.0	13700.0	23.213247
11800.0	13700.0	23.709854
11850.0	13700.0	24.278589
11900.0	13700.0	24.908283
11950.0	13700.0	25.602757
12000.0	13700.0	26.357447
12050.0	13700.0	27.161415
12100.0	13700.0	28.004074
12150.0	13700.0	28.88694
12200.0	13700.0	29.800741
12250.0	13700.0	30.736002
12300.0	13700.0	31.678196
12350.0	13700.0	32.607712
12400.0	13700.0	33.522121
12450.0	13700.0	34.40807
12500.0	13700.0	35.263294
12550.0	13700.0	36.069313
12600.0	13700.0	36.808094
12650.0	13700.0	37.456829
12700.0	13700.0	37.99472
12750.0	13700.0	38.4081
12800.0	13700.0	38.691372
12850.0	13700.0	38.830883
12900.0	13700.0	38.824326
12950.0	13700.0	38.668427
13000.0	13700.0	38.366749
13050.0	13700.0	37.92334
13100.0	13700.0	37.326805
13150.0	13700.0	36.569893
13200.0	13700.0	35.647926
13250.0	13700.0	34.559212
13300.0	13700.0	33.313129
13350.0	13700.0	31.919252
13400.0	13700.0	30.40801
13450.0	13700.0	28.792233
13500.0	13700.0	27.108603
13550.0	13700.0	25.376072
13600.0	13700.0	23.611652
13650.0	13700.0	21.829794
13700.0	13700.0	20.054588
13750.0	13700.0	18.305357
13800.0	13700.0	16.603138
13850.0	13700.0	14.964647
13900.0	13700.0	13.418016
13950.0	13700.0	11.975467
14000.0	13700.0	10.634892
14050.0	13700.0	9.399234
14100.0	13700.0	8.263675
14150.0	13700.0	7.224472
14200.0	13700.0	6.26484
14250.0	13700.0	5.371257
14300.0	13700.0	4.53719
14350.0	13700.0	3.739212
14400.0	13700.0	2.958659
14450.0	13700.0	2.175753
14500.0	13700.0	1.369054
14550.0	13700.0	0.522466
14600.0	13700.0	-0.382754
14650.0	13700.0	-1.354829
14700.0	13700.0	-2.397204
14750.0	13700.0	-3.51676
14800.0	13700.0	-4.71746
14850.0	13700.0	-6.001041
14900.0	13700.0	-7.367739
14950.0	13700.0	-8.828129
15000.0	13700.0	-10.385193
15050.0	13700.0	-12.051416
15100.0	13700.0	-13.816586
15150.0	13700.0	-15.680449
15200.0	13700.0	-17.628172
15250.0	13700.0	-19.643091
15300.0	13700.0	-21.707758
15350.0	13700.0	-23.809366
15400.0	13700.0	-25.916763
15450.0	13700.0	-27.99811
15500.0	13700.0	-30.02125
15550.0	13700.0	-31.964762
15600.0	13700.0	-33.80574
15650.0	13700.0	-35.531048
15700.0	13700.0	-37.122715
15750.0	13700.0	-38.570591
15800.0	13700.0	-39.849922
15850.0	13700.0	-40.955181
15900.0	13700.0	-41.885128
15950.0	13700.0	-42.635162
16000.0	13700.0	-43.199448
16050.0	13700.0	-43.578484
16100.0	13700.0	-43.758202
16150.0	13700.0	-43.741581
16200.0	13700.0	-43.538929
16250.0	13700.0	-43.163151
16300.0	13700.0	-42.624275
16350.0	13700.0	-41.931271
16400.0	13700.0	-41.096161
16450.0	13700.0	-40.123184
16500.0	13700.0	-39.023872
16550.0	13700.0	-37.818764
16600.0	13700.0	-36.529156
16650.0	13700.0	-35.166637
16700.0	13700.0	-33.74791
16750.0	13700.0	-32.307796
16800.0	13700.0	-30.879704
16850.0	13700.0	-29.495956
16900.0	13700.0	-28.175032
16950.0	13700.0	-26.931904
17000.0	13700.0	-25.781332
17050.0	13700.0	-24.731894
17100.0	13700.0	-23.780062
17150.0	13700.0	-22.931807
17200.0	13700.0	-22.193493
17250.0	13700.0	-21.5509
17300.0	13700.0	-20.997187
17350.0	13700.0	-20.522423
17400.0	13700.0	-20.122952
17450.0	13700.0	-19.800385
17500.0	13700.0	-19.558939
17550.0	13700.0	-19.386711
17600.0	13700.0	-19.292963
17650.0	13700.0	-19.267899
17700.0	13700.0	-19.29487
17750.0	13700.0	-19.364231
17800.0	13700.0	-19.47123
17850.0	13700.0	-19.618597
17900.0	13700.0	-19.816364
17950.0	13700.0	-20.058228
18000.0	13700.0	-20.324739
18050.0	13700.0	-20.6061
18100.0	13700.0	-20.902588
18150.0	13700.0	-21.213467
18200.0	13700.0	-21.525024
18250.0	13700.0	-21.841055
18300.0	13700.0	-22.157167
10250.0	13750.0	22.144793
10300.0	13750.0	22.326719
10350.0	13750.0	22.505274
10400.0	13750.0	22.673334
10450.0	13750.0	22.832714
10500.0	13750.0	22.98407
10550.0	13750.0	23.122059
10600.0	13750.0	23.247524
10650.0	13750.0	23.351698
10700.0	13750.0	23.433681
10750.0	13750.0	23.47419
10800.0	13750.0	23.47467
10850.0	13750.0	23.432775
10900.0	13750.0	23.347338
10950.0	13750.0	23.225876
11000.0	13750.0	23.078201
11050.0	13750.0	22.905878
11100.0	13750.0	22.728308
11150.0	13750.0	22.553354
11200.0	13750.0	22.397234
11250.0	13750.0	22.263597
11300.0	13750.0	22.14543
11350.0	13750.0	22.062637
11400.0	13750.0	22.019049
11450.0	13750.0	22.015913
11500.0	13750.0	22.049772
11550.0	13750.0	22.133757
11600.0	13750.0	22.28611
11650.0	13750.0	22.504356
11700.0	13750.0	22.791014
11750.0	13750.0	23.150106
11800.0	13750.0	23.584171
11850.0	13750.0	24.08901
11900.0	13750.0	24.667412
11950.0	13750.0	25.304317
12000.0	13750.0	25.989668
12050.0	13750.0	26.702909
12100.0	13750.0	27.448273
12150.0	13750.0	28.221004
12200.0	13750.0	29.015257
12250.0	13750.0	29.81144
12300.0	13750.0	30.595356
12350.0	13750.0	31.360783
12400.0	13750.0	32.103451
12450.0	13750.0	32.825829
12500.0	13750.0	33.519882
12550.0	13750.0	34.171722
12600.0	13750.0	34.762394
12650.0	13750.0	35.272621
12700.0	13750.0	35.68573
12750.0	13750.0	36.000668
12800.0	13750.0	36.206245
12850.0	13750.0	36.288254
12900.0	13750.0	36.237095
12950.0	13750.0	36.0494
13000.0	13750.0	35.737244
13050.0	13750.0	35.295265
13100.0	13750.0	34.721455
13150.0	13750.0	34.001678
13200.0	13750.0	33.130661
13250.0	13750.0	32.112995
13300.0	13750.0	30.956226
13350.0	13750.0	29.672066
13400.0	13750.0	28.278177
13450.0	13750.0	26.808834
13500.0	13750.0	25.282066
13550.0	13750.0	23.716808
13600.0	13750.0	22.125769
13650.0	13750.0	20.514915
13700.0	13750.0	18.904192
13750.0	13750.0	17.309317
13800.0	13750.0	15.749193
13850.0	13750.0	14.237349
13900.0	13750.0	12.80016
13950.0	13750.0	11.446576
14000.0	13750.0	10.192994
14050.0	13750.0	9.018856
14100.0	13750.0	7.931023
14150.0	13750.0	6.913541
14200.0	13750.0	5.96615
14250.0	13750.0	5.087938
14300.0	13750.0	4.266186
14350.0	13750.0	3.481458
14400.0	13750.0	2.712094
14450.0	13750.0	1.924269
14500.0	13750.0	1.110769
14550.0	13750.0	0.253338
14600.0	13750.0	-0.649485
14650.0	13750.0	-1.609954
14700.0	13750.0	-2.639612
14750.0	13750.0	-3.734968
14800.0	13750.0	-4.894951
14850.0	13750.0	-6.114826
14900.0	13750.0	-7.398173
14950.0	13750.0	-8.751886
15000.0	13750.0	-10.193268
15050.0	13750.0	-11.726764
15100.0	13750.0	-13.352761
15150.0	13750.0	-15.054002
15200.0	13750.0	-16.821539
15250.0	13750.0	-18.635838
15300.0	13750.0	-20.49041
15350.0	13750.0	-22.366814
15400.0	13750.0	-24.245825
15450.0	13750.0	-26.097454
15500.0	13750.0	-27.898022
15550.0	13750.0	-29.622786
15600.0	13750.0	-31.260384
15650.0	13750.0	-32.784916
15700.0	13750.0	-34.19025
15750.0	13750.0	-35.45837
15800.0	13750.0	-36.594414
15850.0	13750.0	-37.590153
15900.0	13750.0	-38.449459
15950.0	13750.0	-39.161404
16000.0	13750.0	-39.724262
16050.0	13750.0	-40.127377
16100.0	13750.0	-40.366676
16150.0	13750.0	-40.428383
16200.0	13750.0	-40.319675
16250.0	13750.0	-40.050644
16300.0	13750.0	-39.635468
16350.0	13750.0	-39.085461
16400.0	13750.0	-38.408871
16450.0	13750.0	-37.612339
16500.0	13750.0	-36.705082
16550.0	13750.0	-35.695435
16600.0	13750.0	-34.606834
16650.0	13750.0	-33.442501
16700.0	13750.0	-32.21426
16750.0	13750.0	-30.954565
16800.0	13750.0	-29.70508
16850.0	13750.0	-28.487741
16900.0	13750.0	-27.331179
16950.0	13750.0	-26.243746
17000.0	13750.0	-25.243078
17050.0	13750.0	-24.331556
17100.0	13750.0	-23.516405
17150.0	13750.0	-22.800488
17200.0	13750.0	-22.168238
17250.0	13750.0	-21.617071
17300.0	13750.0	-21.133204
17350.0	13750.0	-20.723291
17400.0	13750.0	-20.376245
17450.0	13750.0	-20.096893
17500.0	13750.0	-19.891251
17550.0	13750.0	-19.753765
17600.0	13750.0	-19.671354
17650.0	13750.0	-19.645714
17700.0	13750.0	-19.661804
17750.0	13750.0	-19.721767
17800.0	13750.0	-19.812441
17850.0	13750.0	-19.933825
17900.0	13750.0	-20.09054
17950.0	13750.0	-20.272125
18000.0	13750.0	-20.473282
18050.0	13750.0	-20.684753
18100.0	13750.0	-20.900049
18150.0	13750.0	-21.117561
18200.0	13750.0	-21.33477
18250.0	13750.0	-21.555662
18300.0	13750.0	-21.785091
10250.0	13800.0	22.177748
10300.0	13800.0	22.328688
10350.0	13800.0	22.476978
10400.0	13800.0	22.622133
10450.0	13800.0	22.763348
10500.0	13800.0	22.904015
10550.0	13800.0	23.032097
10600.0	13800.0	23.14385
10650.0	13800.0	23.235821
10700.0	13800.0	23.302269
10750.0	13800.0	23.33246
10800.0	13800.0	23.338245
10850.0	13800.0	23.319754
10900.0	13800.0	23.272522
10950.0	13800.0	23.194288
11000.0	13800.0	23.084433
11050.0	13800.0	22.965246
11100.0	13800.0	22.837669
11150.0	13800.0	22.708765
11200.0	13800.0	22.583832
11250.0	13800.0	22.466387
11300.0	13800.0	22.359365
11350.0	13800.0	22.287453
11400.0	13800.0	22.250172
11450.0	13800.0	22.244213
11500.0	13800.0	22.264032
11550.0	13800.0	22.319876
11600.0	13800.0	22.419949
11650.0	13800.0	22.576029
11700.0	13800.0	22.798443
11750.0	13800.0	23.097675
11800.0	13800.0	23.466681
11850.0	13800.0	23.906841
11900.0	13800.0	24.41955
11950.0	13800.0	24.990778
12000.0	13800.0	25.594532
12050.0	13800.0	26.227674
12100.0	13800.0	26.881662
12150.0	13800.0	27.553289
12200.0	13800.0	28.225231
12250.0	13800.0	28.88574
12300.0	13800.0	29.528549
12350.0	13800.0	30.145351
12400.0	13800.0	30.74361
12450.0	13800.0	31.3183
12500.0	13800.0	31.863968
12550.0	13800.0	32.374161
12600.0	13800.0	32.823341
12650.0	13800.0	33.204498
12700.0	13800.0	33.509598
12750.0	13800.0	33.723984
12800.0	13800.0	33.851608
12850.0	13800.0	33.871067
12900.0	13800.0	33.776272
12950.0	13800.0	33.560257
13000.0	13800.0	33.232792
13050.0	13800.0	32.787533
13100.0	13800.0	32.222374
13150.0	13800.0	31.528204
13200.0	13800.0	30.69673
13250.0	13800.0	29.735239
13300.0	13800.0	28.653282
13350.0	13800.0	27.458061
13400.0	13800.0	26.179928
13450.0	13800.0	24.834284
13500.0	13800.0	23.446871
13550.0	13800.0	22.023869
13600.0	13800.0	20.587955
13650.0	13800.0	19.139709
13700.0	13800.0	17.687767
13750.0	13800.0	16.238928
13800.0	13800.0	14.812385
13850.0	13800.0	13.422716
13900.0	13800.0	12.095783
13950.0	13800.0	10.840161
14000.0	13800.0	9.658737
14050.0	13800.0	8.547565
14100.0	13800.0	7.497319
14150.0	13800.0	6.511885
14200.0	13800.0	5.591473
14250.0	13800.0	4.735868
14300.0	13800.0	3.933498
14350.0	13800.0	3.167794
14400.0	13800.0	2.411245
14450.0	13800.0	1.635976
14500.0	13800.0	0.8306
14550.0	13800.0	-0.013316
14600.0	13800.0	-0.892815
14650.0	13800.0	-1.825845
14700.0	13800.0	-2.813996
14750.0	13800.0	-3.862101
14800.0	13800.0	-4.965522
14850.0	13800.0	-6.118277
14900.0	13800.0	-7.319979
14950.0	13800.0	-8.578051
15000.0	13800.0	-9.910285
15050.0	13800.0	-11.318231
15100.0	13800.0	-12.800102
15150.0	13800.0	-14.342687
15200.0	13800.0	-15.931552
15250.0	13800.0	-17.564796
15300.0	13800.0	-19.219967
15350.0	13800.0	-20.886026
15400.0	13800.0	-22.55031
15450.0	13800.0	-24.193979
15500.0	13800.0	-25.796427
15550.0	13800.0	-27.337488
15600.0	13800.0	-28.789986
15650.0	13800.0	-30.146397
15700.0	13800.0	-31.382753
15750.0	13800.0	-32.504505
15800.0	13800.0	-33.510326
15850.0	13800.0	-34.414467
15900.0	13800.0	-35.212547
15950.0	13800.0	-35.894173
16000.0	13800.0	-36.448456
16050.0	13800.0	-36.871017
16100.0	13800.0	-37.154461
16150.0	13800.0	-37.284531
16200.0	13800.0	-37.255386
16250.0	13800.0	-37.082771
16300.0	13800.0	-36.780922
16350.0	13800.0	-36.358841
16400.0	13800.0	-35.823174
16450.0	13800.0	-35.183956
16500.0	13800.0	-34.445282
16550.0	13800.0	-33.612656
16600.0	13800.0	-32.700691
16650.0	13800.0	-31.714279
16700.0	13800.0	-30.673077
16750.0	13800.0	-29.600491
16800.0	13800.0	-28.531218
16850.0	13800.0	-27.491467
16900.0	13800.0	-26.501942
16950.0	13800.0	-25.575554
17000.0	13800.0	-24.71883
17050.0	13800.0	-23.943134
17100.0	13800.0	-23.261988
17150.0	13800.0	-22.666647
17200.0	13800.0	-22.136026
17250.0	13800.0	-21.661028
17300.0	13800.0	-21.243881
17350.0	13800.0	-20.891983
17400.0	13800.0	-20.605303
17450.0	13800.0	-20.37993
17500.0	13800.0	-20.209225
17550.0	13800.0	-20.095316
17600.0	13800.0	-20.030592
17650.0	13800.0	-20.006344
17700.0	13800.0	-20.022362
17750.0	13800.0	-20.069279
17800.0	13800.0	-20.143208
17850.0	13800.0	-20.239056
17900.0	13800.0	-20.354443
17950.0	13800.0	-20.485062
18000.0	13800.0	-20.622696
18050.0	13800.0	-20.760742
18100.0	13800.0	-20.890814
18150.0	13800.0	-21.014624
18200.0	13800.0	-21.140173
18250.0	13800.0	-21.270697
18300.0	13800.0	-21.423862
10250.0	13850.0	22.203945
10300.0	13850.0	22.330492
10350.0	13850.0	22.459824
10400.0	13850.0	22.586811
10450.0	13850.0	22.708881
10500.0	13850.0	22.829308
10550.0	13850.0	22.943018
10600.0	13850.0	23.039354
10650.0	13850.0	23.115116
10700.0	13850.0	23.160206
10750.0	13850.0	23.190491
10800.0	13850.0	23.203323
10850.0	13850.0	23.201677
10900.0	13850.0	23.189175
10950.0	13850.0	23.149008
11000.0	13850.0	23.087391
11050.0	13850.0	23.016991
11100.0	13850.0	22.941536
11150.0	13850.0	22.854967
11200.0	13850.0	22.762318
11250.0	13850.0	22.664185
11300.0	13850.0	22.577309
11350.0	13850.0	22.503963
11400.0	13850.0	22.461163
11450.0	13850.0	22.44319
11500.0	13850.0	22.45323
11550.0	13850.0	22.491158
11600.0	13850.0	22.554562
11650.0	13850.0	22.655779
11700.0	13850.0	22.819166
11750.0	13850.0	23.056318
11800.0	13850.0	23.361444
11850.0	13850.0	23.736959
11900.0	13850.0	24.17564
11950.0	13850.0	24.66288
12000.0	13850.0	25.188171
12050.0	13850.0	25.737597
12100.0	13850.0	26.305977
12150.0	13850.0	26.870457
12200.0	13850.0	27.421911
12250.0	13850.0	27.955488
12300.0	13850.0	28.469862
12350.0	13850.0	28.966187
12400.0	13850.0	29.439434
12450.0	13850.0	29.881258
12500.0	13850.0	30.294943
12550.0	13850.0	30.673275
12600.0	13850.0	31.002884
12650.0	13850.0	31.266617
12700.0	13850.0	31.459764
12750.0	13850.0	31.577461
12800.0	13850.0	31.61293
12850.0	13850.0	31.570602
12900.0	13850.0	31.431217
12950.0	13850.0	31.194944
13000.0	13850.0	30.850813
13050.0	13850.0	30.399759
13100.0	13850.0	29.838652
13150.0	13850.0	29.160614
13200.0	13850.0	28.363775
13250.0	13850.0	27.449835
13300.0	13850.0	26.432043
13350.0	13850.0	25.323488
13400.0	13850.0	24.141911
13450.0	13850.0	22.913776
13500.0	13850.0	21.645836
13550.0	13850.0	20.354923
13600.0	13850.0	19.049343
13650.0	13850.0	17.74226
13700.0	13850.0	16.432711
13750.0	13850.0	15.125533
13800.0	13850.0	13.823553
13850.0	13850.0	12.558147
13900.0	13850.0	11.338896
13950.0	13850.0	10.177645
14000.0	13850.0	9.068859
14050.0	13850.0	8.00966
14100.0	13850.0	7.006213
14150.0	13850.0	6.057054
14200.0	13850.0	5.173275
14250.0	13850.0	4.347041
14300.0	13850.0	3.567904
14350.0	13850.0	2.818421
14400.0	13850.0	2.076506
14450.0	13850.0	1.322351
14500.0	13850.0	0.543728
14550.0	13850.0	-0.26398
14600.0	13850.0	-1.110785
14650.0	13850.0	-1.99733
14700.0	13850.0	-2.93339
14750.0	13850.0	-3.91735
14800.0	13850.0	-4.948673
14850.0	13850.0	-6.028512
14900.0	13850.0	-7.154808
14950.0	13850.0	-8.334514
15000.0	13850.0	-9.569195
15050.0	13850.0	-10.860526
15100.0	13850.0	-12.198955
15150.0	13850.0	-13.588786
15200.0	13850.0	-15.012218
15250.0	13850.0	-16.46476
15300.0	13850.0	-17.930548
15350.0	13850.0	-19.399345
15400.0	13850.0	-20.868055
15450.0	13850.0	-22.32408
15500.0	13850.0	-23.752041
15550.0	13850.0	-25.127378
15600.0	13850.0	-26.426094
15650.0	13850.0	-27.631369
15700.0	13850.0	-28.733421
15750.0	13850.0	-29.729639
15800.0	13850.0	-30.63629
15850.0	13850.0	-31.460009
15900.0	13850.0	-32.197639
15950.0	13850.0	-32.84264
16000.0	13850.0	-33.386204
16050.0	13850.0	-33.820396
16100.0	13850.0	-34.131672
16150.0	13850.0	-34.311977
16200.0	13850.0	-34.359383
16250.0	13850.0	-34.277939
16300.0	13850.0	-34.082993
16350.0	13850.0	-33.777142
16400.0	13850.0	-33.365944
16450.0	13850.0	-32.857903
16500.0	13850.0	-32.264523
16550.0	13850.0	-31.590719
16600.0	13850.0	-30.838175
16650.0	13850.0	-30.016417
16700.0	13850.0	-29.150215
16750.0	13850.0	-28.265104
16800.0	13850.0	-27.383192
16850.0	13850.0	-26.527012
16900.0	13850.0	-25.703632
16950.0	13850.0	-24.933565
17000.0	13850.0	-24.219566
17050.0	13850.0	-23.574827
17100.0	13850.0	-23.014814
17150.0	13850.0	-22.521757
17200.0	13850.0	-22.080168
17250.0	13850.0	-21.682455
17300.0	13850.0	-21.336239
17350.0	13850.0	-21.043119
17400.0	13850.0	-20.81576
17450.0	13850.0	-20.637991
17500.0	13850.0	-20.503115
17550.0	13850.0	-20.411087
17600.0	13850.0	-20.364338
17650.0	13850.0	-20.350548
17700.0	13850.0	-20.365076
17750.0	13850.0	-20.401415
17800.0	13850.0	-20.456314
17850.0	13850.0	-20.531988
17900.0	13850.0	-20.609982
17950.0	13850.0	-20.686449
18000.0	13850.0	-20.759054
18050.0	13850.0	-20.8239
18100.0	13850.0	-20.875891
18150.0	13850.0	-20.914637
18200.0	13850.0	-20.949863
18250.0	13850.0	-21.004957
18300.0	13850.0	-21.070265
10250.0	13900.0	22.22401
10300.0	13900.0	22.333002
10350.0	13900.0	22.450909
10400.0	13900.0	22.562775
10450.0	13900.0	22.670921
10500.0	13900.0	22.764923
10550.0	13900.0	22.848797
10600.0	13900.0	22.926287
10650.0	13900.0	22.986036
10700.0	13900.0	23.025185
10750.0	13900.0	23.054441
10800.0	13900.0	23.077473
10850.0	13900.0	23.086784
10900.0	13900.0	23.095337
10950.0	13900.0	23.095621
11000.0	13900.0	23.083515
11050.0	13900.0	23.06065
11100.0	13900.0	23.028994
11150.0	13900.0	22.985552
11200.0	13900.0	22.923302
11250.0	13900.0	22.850842
11300.0	13900.0	22.776348
11350.0	13900.0	22.71043
11400.0	13900.0	22.654026
11450.0	13900.0	22.624689
11500.0	13900.0	22.622896
11550.0	13900.0	22.643457
11600.0	13900.0	22.680557
11650.0	13900.0	22.745544
11700.0	13900.0	22.857626
11750.0	13900.0	23.030928
11800.0	13900.0	23.265535
11850.0	13900.0	23.570559
11900.0	13900.0	23.934202
11950.0	13900.0	24.341608
12000.0	13900.0	24.781282
12050.0	13900.0	25.245451
12100.0	13900.0	25.710606
12150.0	13900.0	26.166134
12200.0	13900.0	26.605709
12250.0	13900.0	27.026737
12300.0	13900.0	27.435545
12350.0	13900.0	27.823729
12400.0	13900.0	28.183077
12450.0	13900.0	28.513382
12500.0	13900.0	28.812462
12550.0	13900.0	29.074007
12600.0	13900.0	29.290211
12650.0	13900.0	29.442337
12700.0	13900.0	29.531076
12750.0	13900.0	29.548727
12800.0	13900.0	29.499989
12850.0	13900.0	29.38776
12900.0	13900.0	29.204338
12950.0	13900.0	28.943333
13000.0	13900.0	28.585094
13050.0	13900.0	28.124573
13100.0	13900.0	27.558584
13150.0	13900.0	26.888954
13200.0	13900.0	26.125418
13250.0	13900.0	25.264746
13300.0	13900.0	24.315256
13350.0	13900.0	23.291168
13400.0	13900.0	22.210756
13450.0	13900.0	21.090267
13500.0	13900.0	19.935223
13550.0	13900.0	18.757481
13600.0	13900.0	17.562626
13650.0	13900.0	16.366102
13700.0	13900.0	15.1774
13750.0	13900.0	13.995584
13800.0	13900.0	12.829086
13850.0	13900.0	11.685354
13900.0	13900.0	10.573283
13950.0	13900.0	9.498331
14000.0	13900.0	8.452057
14050.0	13900.0	7.455048
14100.0	13900.0	6.500078
14150.0	13900.0	5.597899
14200.0	13900.0	4.751025
14250.0	13900.0	3.952244
14300.0	13900.0	3.194002
14350.0	13900.0	2.457007
14400.0	13900.0	1.728692
14450.0	13900.0	1.00635
14500.0	13900.0	0.266905
14550.0	13900.0	-0.493626
14600.0	13900.0	-1.292432
14650.0	13900.0	-2.129876
14700.0	13900.0	-3.009913
14750.0	13900.0	-3.928543
14800.0	13900.0	-4.887538
14850.0	13900.0	-5.890685
14900.0	13900.0	-6.942835
14950.0	13900.0	-8.042549
15000.0	13900.0	-9.185679
15050.0	13900.0	-10.366563
15100.0	13900.0	-11.583738
15150.0	13900.0	-12.825727
15200.0	13900.0	-14.09248
15250.0	13900.0	-15.371572
15300.0	13900.0	-16.657305
15350.0	13900.0	-17.95084
15400.0	13900.0	-19.242432
15450.0	13900.0	-20.531538
15500.0	13900.0	-21.799774
15550.0	13900.0	-23.025644
15600.0	13900.0	-24.184792
15650.0	13900.0	-25.261614
15700.0	13900.0	-26.252781
15750.0	13900.0	-27.156134
15800.0	13900.0	-27.981699
15850.0	13900.0	-28.738321
15900.0	13900.0	-29.41189
15950.0	13900.0	-30.014574
16000.0	13900.0	-30.5338
16050.0	13900.0	-30.964224
16100.0	13900.0	-31.295258
16150.0	13900.0	-31.525593
16200.0	13900.0	-31.644871
16250.0	13900.0	-31.64983
16300.0	13900.0	-31.549124
16350.0	13900.0	-31.34626
16400.0	13900.0	-31.044651
16450.0	13900.0	-30.655281
16500.0	13900.0	-30.183868
16550.0	13900.0	-29.646357
16600.0	13900.0	-29.038437
16650.0	13900.0	-28.379194
16700.0	13900.0	-27.686802
16750.0	13900.0	-26.983614
16800.0	13900.0	-26.28363
16850.0	13900.0	-25.601494
16900.0	13900.0	-24.945324
16950.0	13900.0	-24.324553
17000.0	13900.0	-23.745983
17050.0	13900.0	-23.226322
17100.0	13900.0	-22.766373
17150.0	13900.0	-22.36109
17200.0	13900.0	-22.003569
17250.0	13900.0	-21.688475
17300.0	13900.0	-21.414368
17350.0	13900.0	-21.184803
17400.0	13900.0	-21.004457
17450.0	13900.0	-20.868883
17500.0	13900.0	-20.767328
17550.0	13900.0	-20.701836
17600.0	13900.0	-20.672749
17650.0	13900.0	-20.669458
17700.0	13900.0	-20.682943
17750.0	13900.0	-20.709087
17800.0	13900.0	-20.754946
17850.0	13900.0	-20.805424
17900.0	13900.0	-20.84531
17950.0	13900.0	-20.868881
18000.0	13900.0	-20.876465
18050.0	13900.0	-20.86936
18100.0	13900.0	-20.854151
18150.0	13900.0	-20.820885
18200.0	13900.0	-20.785164
18250.0	13900.0	-20.756779
18300.0	13900.0	-20.731409
10250.0	13950.0	22.246794
10300.0	13950.0	22.342932
10350.0	13950.0	22.437761
10400.0	13950.0	22.538963
10450.0	13950.0	22.632498
10500.0	13950.0	22.708948
10550.0	13950.0	22.766411
10600.0	13950.0	22.812954
10650.0	13950.0	22.858109
10700.0	13950.0	22.893185
10750.0	13950.0	22.925972
10800.0	13950.0	22.956888
10850.0	13950.0	22.983126
10900.0	13950.0	23.006645
10950.0	13950.0	23.036835
11000.0	13950.0	23.067574
11050.0	13950.0	23.088608
11100.0	13950.0	23.096926
11150.0	13950.0	23.093464
11200.0	13950.0	23.06422
11250.0	13950.0	23.007944
11300.0	13950.0	22.950298
11350.0	13950.0	22.888523
11400.0	13950.0	22.836283
11450.0	13950.0	22.799547
11500.0	13950.0	22.787193
11550.0	13950.0	22.780739
11600.0	13950.0	22.793663
11650.0	13950.0	22.829819
11700.0	13950.0	22.907764
11750.0	13950.0	23.019835
11800.0	13950.0	23.188057
11850.0	13950.0	23.416025
11900.0	13950.0	23.696394
11950.0	13950.0	24.020893
12000.0	13950.0	24.378857
12050.0	13950.0	24.744181
12100.0	13950.0	25.105789
12150.0	13950.0	25.455547
12200.0	13950.0	25.790787
12250.0	13950.0	26.119225
12300.0	13950.0	26.429937
12350.0	13950.0	26.719126
12400.0	13950.0	26.97403
12450.0	13950.0	27.205402
12500.0	13950.0	27.40229
12550.0	13950.0	27.562418
12600.0	13950.0	27.66888
12650.0	13950.0	27.716562
12700.0	13950.0	27.700033
12750.0	13950.0	27.627213
12800.0	13950.0	27.502127
12850.0	13950.0	27.328413
12900.0	13950.0	27.09943
12950.0	13950.0	26.803152
13000.0	13950.0	26.422319
13050.0	13950.0	25.950142
13100.0	13950.0	25.377407
13150.0	13950.0	24.722315
13200.0	13950.0	23.986778
13250.0	13950.0	23.184063
13300.0	13950.0	22.308481
13350.0	13950.0	21.380093
13400.0	13950.0	20.400579
13450.0	13950.0	19.387367
13500.0	13950.0	18.34049
13550.0	13950.0	17.269251
13600.0	13950.0	16.176249
13650.0	13950.0	15.076738
13700.0	13950.0	13.985749
13750.0	13950.0	12.91745
13800.0	13950.0	11.872062
13850.0	13950.0	10.850451
13900.0	13950.0	9.837813
13950.0	13950.0	8.838125
14000.0	13950.0	7.858696
14050.0	13950.0	6.919323
14100.0	13950.0	6.022145
14150.0	13950.0	5.16963
14200.0	13950.0	4.357841
14250.0	13950.0	3.586465
14300.0	13950.0	2.843549
14350.0	13950.0	2.118753
14400.0	13950.0	1.408989
14450.0	13950.0	0.709889
14500.0	13950.0	0.009133
14550.0	13950.0	-0.707341
14600.0	13950.0	-1.455839
14650.0	13950.0	-2.240553
14700.0	13950.0	-3.061802
14750.0	13950.0	-3.918616
14800.0	13950.0	-4.811167
14850.0	13950.0	-5.743927
14900.0	13950.0	-6.718771
14950.0	13950.0	-7.730528
15000.0	13950.0	-8.782562
15050.0	13950.0	-9.866866
15100.0	13950.0	-10.969569
15150.0	13950.0	-12.080256
15200.0	13950.0	-13.195949
15250.0	13950.0	-14.315255
15300.0	13950.0	-15.444562
15350.0	13950.0	-16.579199
15400.0	13950.0	-17.717241
15450.0	13950.0	-18.850996
15500.0	13950.0	-19.970695
15550.0	13950.0	-21.054758
15600.0	13950.0	-22.089211
15650.0	13950.0	-23.057724
15700.0	13950.0	-23.955027
15750.0	13950.0	-24.781702
15800.0	13950.0	-25.543165
15850.0	13950.0	-26.232346
15900.0	13950.0	-26.856279
15950.0	13950.0	-27.404436
16000.0	13950.0	-27.892307
16050.0	13950.0	-28.310774
16100.0	13950.0	-28.654827
16150.0	13950.0	-28.924679
16200.0	13950.0	-29.108067
16250.0	13950.0	-29.193655
16300.0	13950.0	-29.179245
16350.0	13950.0	-29.070875
16400.0	13950.0	-28.866459
16450.0	13950.0	-28.578806
16500.0	13950.0	-28.217762
16550.0	13950.0	-27.800268
16600.0	13950.0	-27.332561
16650.0	13950.0	-26.831427
16700.0	13950.0	-26.314419
16750.0	13950.0	-25.782856
16800.0	13950.0	-25.251766
16850.0	13950.0	-24.735329
16900.0	13950.0	-24.231297
16950.0	13950.0	-23.743052
17000.0	13950.0	-23.291506
17050.0	13950.0	-22.881445
17100.0	13950.0	-22.517759
17150.0	13950.0	-22.198338
17200.0	13950.0	-21.922497
17250.0	13950.0	-21.680946
17300.0	13950.0	-21.477535
17350.0	13950.0	-21.309786
17400.0	13950.0	-21.176229
17450.0	13950.0	-21.075193
17500.0	13950.0	-21.003452
17550.0	13950.0	-20.963625
17600.0	13950.0	-20.95019
17650.0	13950.0	-20.95619
17700.0	13950.0	-20.972643
17750.0	13950.0	-20.997318
17800.0	13950.0	-21.03101
17850.0	13950.0	-21.051817
17900.0	13950.0	-21.045633
17950.0	13950.0	-21.02039
18000.0	13950.0	-20.97237
18050.0	13950.0	-20.906258
18100.0	13950.0	-20.826212
18150.0	13950.0	-20.739
18200.0	13950.0	-20.639013
18250.0	13950.0	-20.530107
18300.0	13950.0	-20.422659
10250.0	14000.0	22.280945
10300.0	14000.0	22.352953
10350.0	14000.0	22.426392
10400.0	14000.0	22.50592
10450.0	14000.0	22.586456
10500.0	14000.0	22.649542
10550.0	14000.0	22.692709
10600.0	14000.0	22.716793
10650.0	14000.0	22.741436
10700.0	14000.0	22.771854
10750.0	14000.0	22.803251
10800.0	14000.0	22.840672
10850.0	14000.0	22.884562
10900.0	14000.0	22.932926
10950.0	14000.0	22.98374
11000.0	14000.0	23.041557
11050.0	14000.0	23.094742
11100.0	14000.0	23.139189
11150.0	14000.0	23.164902
11200.0	14000.0	23.164711
11250.0	14000.0	23.143381
11300.0	14000.0	23.099838
11350.0	14000.0	23.049011
11400.0	14000.0	23.000427
11450.0	14000.0	22.96479
11500.0	14000.0	22.933477
11550.0	14000.0	22.911303
11600.0	14000.0	22.897842
11650.0	14000.0	22.914118
11700.0	14000.0	22.95079
11750.0	14000.0	23.019117
11800.0	14000.0	23.130653
11850.0	14000.0	23.279076
11900.0	14000.0	23.471346
11950.0	14000.0	23.707457
12000.0	14000.0	23.96858
12050.0	14000.0	24.238758
12100.0	14000.0	24.501381
12150.0	14000.0	24.753366
12200.0	14000.0	25.001101
12250.0	14000.0	25.237465
12300.0	14000.0	25.458412
12350.0	14000.0	25.655119
12400.0	14000.0	25.826683
12450.0	14000.0	25.959105
12500.0	14000.0	26.061289
12550.0	14000.0	26.113457
12600.0	14000.0	26.119331
12650.0	14000.0	26.067329
12700.0	14000.0	25.95998
12750.0	14000.0	25.807995
12800.0	14000.0	25.618467
12850.0	14000.0	25.38645
12900.0	14000.0	25.109653
12950.0	14000.0	24.772505
13000.0	14000.0	24.363646
13050.0	14000.0	23.873983
13100.0	14000.0	23.308853
13150.0	14000.0	22.666191
13200.0	14000.0	21.965778
13250.0	14000.0	21.213774
13300.0	14000.0	20.426344
13350.0	14000.0	19.598015
13400.0	14000.0	18.735701
13450.0	14000.0	17.823849
13500.0	14000.0	16.883072
13550.0	14000.0	15.907802
13600.0	14000.0	14.912842
13650.0	14000.0	13.909777
13700.0	14000.0	12.913711
13750.0	14000.0	11.940024
13800.0	14000.0	10.995885
13850.0	14000.0	10.069758
13900.0	14000.0	9.148512
13950.0	14000.0	8.223104
14000.0	14000.0	7.314403
14050.0	14000.0	6.435401
14100.0	14000.0	5.595707
14150.0	14000.0	4.790247
14200.0	14000.0	4.016683
14250.0	14000.0	3.266916
14300.0	14000.0	2.539147
14350.0	14000.0	1.829479
14400.0	14000.0	1.137743
14450.0	14000.0	0.458356
14500.0	14000.0	-0.216942
14550.0	14000.0	-0.900382
14600.0	14000.0	-1.606528
14650.0	14000.0	-2.340937
14700.0	14000.0	-3.104721
14750.0	14000.0	-3.904157
14800.0	14000.0	-4.736501
14850.0	14000.0	-5.602064
14900.0	14000.0	-6.499172
14950.0	14000.0	-7.432661
15000.0	14000.0	-8.394169
15050.0	14000.0	-9.381192
15100.0	14000.0	-10.375444
15150.0	14000.0	-11.363248
15200.0	14000.0	-12.348983
15250.0	14000.0	-13.334419
15300.0	14000.0	-14.324742
15350.0	14000.0	-15.319854
15400.0	14000.0	-16.31863
15450.0	14000.0	-17.312586
15500.0	14000.0	-18.289852
15550.0	14000.0	-19.238916
15600.0	14000.0	-20.155569
15650.0	14000.0	-21.024231
15700.0	14000.0	-21.840895
15750.0	14000.0	-22.604698
15800.0	14000.0	-23.305681
15850.0	14000.0	-23.942041
15900.0	14000.0	-24.508451
15950.0	14000.0	-25.015944
16000.0	14000.0	-25.471292
16050.0	14000.0	-25.872492
16100.0	14000.0	-26.22168
16150.0	14000.0	-26.515015
16200.0	14000.0	-26.744133
16250.0	14000.0	-26.898146
16300.0	14000.0	-26.962887
16350.0	14000.0	-26.936577
16400.0	14000.0	-26.824924
16450.0	14000.0	-26.634954
16500.0	14000.0	-26.386608
16550.0	14000.0	-26.087387
16600.0	14000.0	-25.753784
16650.0	14000.0	-25.401642
16700.0	14000.0	-25.039724
16750.0	14000.0	-24.674475
16800.0	14000.0	-24.305454
16850.0	14000.0	-23.933468
16900.0	14000.0	-23.559883
16950.0	14000.0	-23.193991
17000.0	14000.0	-22.852345
17050.0	14000.0	-22.547026
17100.0	14000.0	-22.274693
17150.0	14000.0	-22.039686
17200.0	14000.0	-21.837368
17250.0	14000.0	-21.667259
17300.0	14000.0	-21.526295
17350.0	14000.0	-21.415747
17400.0	14000.0	-21.326694
17450.0	14000.0	-21.254467
17500.0	14000.0	-21.212902
17550.0	14000.0	-21.197744
17600.0	14000.0	-21.197479
17650.0	14000.0	-21.211664
17700.0	14000.0	-21.236696
17750.0	14000.0	-21.261066
17800.0	14000.0	-21.26832
17850.0	14000.0	-21.25128
17900.0	14000.0	-21.21364
17950.0	14000.0	-21.141487
18000.0	14000.0	-21.049131
18050.0	14000.0	-20.933882
18100.0	14000.0	-20.799992
18150.0	14000.0	-20.656479
18200.0	14000.0	-20.504538
18250.0	14000.0	-20.336336
18300.0	14000.0	-20.157379
10250.0	14050.0	22.321312
10300.0	14050.0	22.366968
10350.0	14050.0	22.41419
10400.0	14050.0	22.47257
10450.0	14050.0	22.531921
10500.0	14050.0	22.583435
10550.0	14050.0	22.616114
10600.0	14050.0	22.633223
10650.0	14050.0	22.641258
10700.0	14050.0	22.665228
10750.0	14050.0	22.698475
10800.0	14050.0	22.738462
10850.0	14050.0	22.798618
10900.0	14050.0	22.861412
10950.0	14050.0	22.930128
11000.0	14050.0	23.004087
11050.0	14050.0	23.082182
11100.0	14050.0	23.150482
11150.0	14050.0	23.200975
11200.0	14050.0	23.233328
11250.0	14050.0	23.244034
11300.0	14050.0	23.227081
11350.0	14050.0	23.190258
11400.0	14050.0	23.147062
11450.0	14050.0	23.10401
11500.0	14050.0	23.065746
11550.0	14050.0	23.028387
11600.0	14050.0	23.002653
11650.0	14050.0	22.992193
11700.0	14050.0	22.994825
11750.0	14050.0	23.024126
11800.0	14050.0	23.077291
11850.0	14050.0	23.15591
11900.0	14050.0	23.264654
11950.0	14050.0	23.401911
12000.0	14050.0	23.566933
12050.0	14050.0	23.739342
12100.0	14050.0	23.911722
12150.0	14050.0	24.079121
12200.0	14050.0	24.238869
12250.0	14050.0	24.391937
12300.0	14050.0	24.525715
12350.0	14050.0	24.644188
12400.0	14050.0	24.733084
12450.0	14050.0	24.785843
12500.0	14050.0	24.784977
12550.0	14050.0	24.736206
12600.0	14050.0	24.636301
12650.0	14050.0	24.497141
12700.0	14050.0	24.311583
12750.0	14050.0	24.09552
12800.0	14050.0	23.844343
12850.0	14050.0	23.553637
12900.0	14050.0	23.223871
12950.0	14050.0	22.846581
13000.0	14050.0	22.413151
13050.0	14050.0	21.912659
13100.0	14050.0	21.351513
13150.0	14050.0	20.737984
13200.0	14050.0	20.083187
13250.0	14050.0	19.400276
13300.0	14050.0	18.694681
13350.0	14050.0	17.969032
13400.0	14050.0	17.209921
13450.0	14050.0	16.410959
13500.0	14050.0	15.563475
13550.0	14050.0	14.682462
13600.0	14050.0	13.779952
13650.0	14050.0	12.87349
13700.0	14050.0	11.97816
13750.0	14050.0	11.093893
13800.0	14050.0	10.229753
13850.0	14050.0	9.379176
13900.0	14050.0	8.534304
13950.0	14050.0	7.684396
14000.0	14050.0	6.849039
14050.0	14050.0	6.027517
14100.0	14050.0	5.235792
14150.0	14050.0	4.474273
14200.0	14050.0	3.732463
14250.0	14050.0	3.007703
14300.0	14050.0	2.293417
14350.0	14050.0	1.59532
14400.0	14050.0	0.917838
14450.0	14050.0	0.251606
14500.0	14050.0	-0.404559
14550.0	14050.0	-1.066944
14600.0	14050.0	-1.73654
14650.0	14050.0	-2.425335
14700.0	14050.0	-3.139512
14750.0	14050.0	-3.885751
14800.0	14050.0	-4.659779
14850.0	14050.0	-5.46277
14900.0	14050.0	-6.296175
14950.0	14050.0	-7.157365
15000.0	14050.0	-8.039159
15050.0	14050.0	-8.92759
15100.0	14050.0	-9.814197
15150.0	14050.0	-10.694565
15200.0	14050.0	-11.565881
15250.0	14050.0	-12.440142
15300.0	14050.0	-13.312341
15350.0	14050.0	-14.187458
15400.0	14050.0	-15.061823
15450.0	14050.0	-15.927122
15500.0	14050.0	-16.771461
15550.0	14050.0	-17.595224
15600.0	14050.0	-18.397541
15650.0	14050.0	-19.172142
15700.0	14050.0	-19.916286
15750.0	14050.0	-20.620029
15800.0	14050.0	-21.262497
15850.0	14050.0	-21.840231
15900.0	14050.0	-22.365883
15950.0	14050.0	-22.840239
16000.0	14050.0	-23.265274
16050.0	14050.0	-23.649385
16100.0	14050.0	-23.994778
16150.0	14050.0	-24.298973
16200.0	14050.0	-24.558786
16250.0	14050.0	-24.757498
16300.0	14050.0	-24.886282
16350.0	14050.0	-24.937519
16400.0	14050.0	-24.919468
16450.0	14050.0	-24.835646
16500.0	14050.0	-24.70196
16550.0	14050.0	-24.523165
16600.0	14050.0	-24.321011
16650.0	14050.0	-24.104708
16700.0	14050.0	-23.884325
16750.0	14050.0	-23.664515
16800.0	14050.0	-23.437389
16850.0	14050.0	-23.189844
16900.0	14050.0	-22.935255
16950.0	14050.0	-22.683418
17000.0	14050.0	-22.451151
17050.0	14050.0	-22.237751
17100.0	14050.0	-22.04476
17150.0	14050.0	-21.880291
17200.0	14050.0	-21.745735
17250.0	14050.0	-21.642605
17300.0	14050.0	-21.564175
17350.0	14050.0	-21.500284
17400.0	14050.0	-21.446844
17450.0	14050.0	-21.412613
17500.0	14050.0	-21.401909
17550.0	14050.0	-21.406502
17600.0	14050.0	-21.419188
17650.0	14050.0	-21.441229
17700.0	14050.0	-21.465748
17750.0	14050.0	-21.47591
17800.0	14050.0	-21.461021
17850.0	14050.0	-21.418077
17900.0	14050.0	-21.340422
17950.0	14050.0	-21.235226
18000.0	14050.0	-21.100908
18050.0	14050.0	-20.945011
18100.0	14050.0	-20.767523
18150.0	14050.0	-20.583942
18200.0	14050.0	-20.3901
18250.0	14050.0	-20.174452
18300.0	14050.0	-19.942932
10250.0	14100.0	22.358454
10300.0	14100.0	22.383801
10350.0	14100.0	22.411089
10400.0	14100.0	22.441628
10450.0	14100.0	22.473814
10500.0	14100.0	22.50831
10550.0	14100.0	22.536755
10600.0	14100.0	22.549238
10650.0	14100.0	22.559217
10700.0	14100.0	22.578407
10750.0	14100.0	22.611801
10800.0	14100.0	22.662689
10850.0	14100.0	22.719223
10900.0	14100.0	22.789555
10950.0	14100.0	22.869555
11000.0	14100.0	22.956806
11050.0	14100.0	23.050217
11100.0	14100.0	23.139296
11150.0	14100.0	23.213785
11200.0	14100.0	23.270657
11250.0	14100.0	23.306026
11300.0	14100.0	23.317284
11350.0	14100.0	23.305275
11400.0	14100.0	23.272696
11450.0	14100.0	23.229858
11500.0	14100.0	23.177195
11550.0	14100.0	23.132627
11600.0	14100.0	23.095613
11650.0	14100.0	23.065273
11700.0	14100.0	23.042946
11750.0	14100.0	23.028372
11800.0	14100.0	23.026558
11850.0	14100.0	23.037525
11900.0	14100.0	23.066425
11950.0	14100.0	23.11965
12000.0	14100.0	23.18321
12050.0	14100.0	23.263359
12100.0	14100.0	23.350986
12150.0	14100.0	23.440136
12200.0	14100.0	23.525002
12250.0	14100.0	23.595821
12300.0	14100.0	23.649622
12350.0	14100.0	23.685444
12400.0	14100.0	23.698706
12450.0	14100.0	23.666763
12500.0	14100.0	23.583004
12550.0	14100.0	23.436203
12600.0	14100.0	23.244295
12650.0	14100.0	23.016676
12700.0	14100.0	22.769056
12750.0	14100.0	22.492136
12800.0	14100.0	22.182301
12850.0	14100.0	21.835915
12900.0	14100.0	21.455782
12950.0	14100.0	21.047565
13000.0	14100.0	20.595446
13050.0	14100.0	20.096609
13100.0	14100.0	19.552782
13150.0	14100.0	18.975451
13200.0	14100.0	18.377485
13250.0	14100.0	17.766382
13300.0	14100.0	17.139511
13350.0	14100.0	16.495649
13400.0	14100.0	15.828889
13450.0	14100.0	15.123234
13500.0	14100.0	14.377723
13550.0	14100.0	13.594395
13600.0	14100.0	12.792504
13650.0	14100.0	11.990074
13700.0	14100.0	11.190014
13750.0	14100.0	10.39621
13800.0	14100.0	9.606245
13850.0	14100.0	8.817265
13900.0	14100.0	8.029082
13950.0	14100.0	7.24795
14000.0	14100.0	6.476957
14050.0	14100.0	5.716411
14100.0	14100.0	4.967857
14150.0	14100.0	4.237522
14200.0	14100.0	3.522779
14250.0	14100.0	2.814024
14300.0	14100.0	2.11306
14350.0	14100.0	1.423892
14400.0	14100.0	0.748233
14450.0	14100.0	0.087518
14500.0	14100.0	-0.562236
14550.0	14100.0	-1.207812
14600.0	14100.0	-1.850387
14650.0	14100.0	-2.501223
14700.0	14100.0	-3.169404
14750.0	14100.0	-3.859175
14800.0	14100.0	-4.577896
14850.0	14100.0	-5.324468
14900.0	14100.0	-6.101383
14950.0	14100.0	-6.902453
15000.0	14100.0	-7.709753
15050.0	14100.0	-8.5106
15100.0	14100.0	-9.304492
15150.0	14100.0	-10.088204
15200.0	14100.0	-10.865177
15250.0	14100.0	-11.637155
15300.0	14100.0	-12.410984
15350.0	14100.0	-13.181315
15400.0	14100.0	-13.944045
15450.0	14100.0	-14.689866
15500.0	14100.0	-15.417134
15550.0	14100.0	-16.129402
15600.0	14100.0	-16.826242
15650.0	14100.0	-17.513521
15700.0	14100.0	-18.183481
15750.0	14100.0	-18.817833
15800.0	14100.0	-19.401768
15850.0	14100.0	-19.935843
15900.0	14100.0	-20.423853
15950.0	14100.0	-20.870131
16000.0	14100.0	-21.268534
16050.0	14100.0	-21.63265
16100.0	14100.0	-21.969143
16150.0	14100.0	-22.278118
16200.0	14100.0	-22.548229
16250.0	14100.0	-22.778349
16300.0	14100.0	-22.957632
16350.0	14100.0	-23.083212
16400.0	14100.0	-23.159061
16450.0	14100.0	-23.186598
16500.0	14100.0	-23.161894
16550.0	14100.0	-23.107307
16600.0	14100.0	-23.032104
16650.0	14100.0	-22.946514
16700.0	14100.0	-22.854179
16750.0	14100.0	-22.757013
16800.0	14100.0	-22.6462
16850.0	14100.0	-22.509695
16900.0	14100.0	-22.366577
16950.0	14100.0	-22.227346
17000.0	14100.0	-22.090672
17050.0	14100.0	-21.958399
17100.0	14100.0	-21.833364
17150.0	14100.0	-21.729191
17200.0	14100.0	-21.650988
17250.0	14100.0	-21.606266
17300.0	14100.0	-21.577959
17350.0	14100.0	-21.556381
17400.0	14100.0	-21.543856
17450.0	14100.0	-21.553759
17500.0	14100.0	-21.572186
17550.0	14100.0	-21.598068
17600.0	14100.0	-21.616076
17650.0	14100.0	-21.636679
17700.0	14100.0	-21.647711
17750.0	14100.0	-21.645275
17800.0	14100.0	-21.611305
17850.0	14100.0	-21.539743
17900.0	14100.0	-21.431786
17950.0	14100.0	-21.292376
18000.0	14100.0	-21.128675
18050.0	14100.0	-20.940289
18100.0	14100.0	-20.736614
18150.0	14100.0	-20.519056
18200.0	14100.0	-20.292738
18250.0	14100.0	-20.047834
18300.0	14100.0	-19.785078
10250.0	14150.0	22.389574
10300.0	14150.0	22.400415
10350.0	14150.0	22.411316
10400.0	14150.0	22.416204
10450.0	14150.0	22.420483
10500.0	14150.0	22.433847
10550.0	14150.0	22.451773
10600.0	14150.0	22.47184
10650.0	14150.0	22.487144
10700.0	14150.0	22.507715
10750.0	14150.0	22.544495
10800.0	14150.0	22.591112
10850.0	14150.0	22.650124
10900.0	14150.0	22.722382
10950.0	14150.0	22.810797
11000.0	14150.0	22.905956
11050.0	14150.0	23.004166
11100.0	14150.0	23.105019
11150.0	14150.0	23.199268
11200.0	14150.0	23.278761
11250.0	14150.0	23.336824
11300.0	14150.0	23.372538
11350.0	14150.0	23.384245
11400.0	14150.0	23.373316
11450.0	14150.0	23.33098
11500.0	14150.0	23.276457
11550.0	14150.0	23.224401
11600.0	14150.0	23.174904
11650.0	14150.0	23.127487
11700.0	14150.0	23.078699
11750.0	14150.0	23.028015
11800.0	14150.0	22.976463
11850.0	14150.0	22.926254
11900.0	14150.0	22.883675
11950.0	14150.0	22.852699
12000.0	14150.0	22.833347
12050.0	14150.0	22.828432
12100.0	14150.0	22.83783
12150.0	14150.0	22.854317
12200.0	14150.0	22.859232
12250.0	14150.0	22.854624
12300.0	14150.0	22.835451
12350.0	14150.0	22.797682
12400.0	14150.0	22.730877
12450.0	14150.0	22.624088
12500.0	14150.0	22.455997
12550.0	14150.0	22.232475
12600.0	14150.0	21.958082
12650.0	14150.0	21.658152
12700.0	14150.0	21.340706
12750.0	14150.0	21.005798
12800.0	14150.0	20.644255
12850.0	14150.0	20.259525
12900.0	14150.0	19.849197
12950.0	14150.0	19.410385
13000.0	14150.0	18.949118
13050.0	14150.0	18.464178
13100.0	14150.0	17.947289
13150.0	14150.0	17.411776
13200.0	14150.0	16.860964
13250.0	14150.0	16.311533
13300.0	14150.0	15.758035
13350.0	14150.0	15.19217
13400.0	14150.0	14.599646
13450.0	14150.0	13.982283
13500.0	14150.0	13.333786
13550.0	14150.0	12.659785
13600.0	14150.0	11.966553
13650.0	14150.0	11.26125
13700.0	14150.0	10.549281
13750.0	14150.0	9.835494
13800.0	14150.0	9.114566
13850.0	14150.0	8.386931
13900.0	14150.0	7.651952
13950.0	14150.0	6.925946
14000.0	14150.0	6.210653
14050.0	14150.0	5.501798
14100.0	14150.0	4.796058
14150.0	14150.0	4.091879
14200.0	14150.0	3.388523
14250.0	14150.0	2.692782
14300.0	14150.0	2.001395
14350.0	14150.0	1.318776
14400.0	14150.0	0.638453
14450.0	14150.0	-0.029487
14500.0	14150.0	-0.68319
14550.0	14150.0	-1.318109
14600.0	14150.0	-1.944992
14650.0	14150.0	-2.568378
14700.0	14150.0	-3.197587
14750.0	14150.0	-3.837988
14800.0	14150.0	-4.503239
14850.0	14150.0	-5.2012
14900.0	14150.0	-5.927911
14950.0	14150.0	-6.668353
15000.0	14150.0	-7.40672
15050.0	14150.0	-8.133429
15100.0	14150.0	-8.849186
15150.0	14150.0	-9.55703
15200.0	14150.0	-10.251457
15250.0	14150.0	-10.939948
15300.0	14150.0	-11.621848
15350.0	14150.0	-12.293961
15400.0	14150.0	-12.952032
15450.0	14150.0	-13.59404
15500.0	14150.0	-14.221933
15550.0	14150.0	-14.837874
15600.0	14150.0	-15.444546
15650.0	14150.0	-16.047333
15700.0	14150.0	-16.633839
15750.0	14150.0	-17.196133
15800.0	14150.0	-17.726986
15850.0	14150.0	-18.22057
15900.0	14150.0	-18.6752
15950.0	14150.0	-19.087109
16000.0	14150.0	-19.466585
16050.0	14150.0	-19.816603
16100.0	14150.0	-20.140514
16150.0	14150.0	-20.435484
16200.0	14150.0	-20.711308
16250.0	14150.0	-20.967913
16300.0	14150.0	-21.194654
16350.0	14150.0	-21.390102
16400.0	14150.0	-21.553446
16450.0	14150.0	-21.681099
16500.0	14150.0	-21.773886
16550.0	14150.0	-21.838501
16600.0	14150.0	-21.883554
16650.0	14150.0	-21.917761
16700.0	14150.0	-21.938511
16750.0	14150.0	-21.945805
16800.0	14150.0	-21.935068
16850.0	14150.0	-21.909517
16900.0	14150.0	-21.868946
16950.0	14150.0	-21.823521
17000.0	14150.0	-21.770739
17050.0	14150.0	-21.70822
17100.0	14150.0	-21.649279
17150.0	14150.0	-21.59314
17200.0	14150.0	-21.560236
17250.0	14150.0	-21.552553
17300.0	14150.0	-21.565901
17350.0	14150.0	-21.590712
17400.0	14150.0	-21.626366
17450.0	14150.0	-21.67297
17500.0	14150.0	-21.723679
17550.0	14150.0	-21.761435
17600.0	14150.0	-21.790249
17650.0	14150.0	-21.798008
17700.0	14150.0	-21.788984
17750.0	14150.0	-21.762241
17800.0	14150.0	-21.709406
17850.0	14150.0	-21.616278
17900.0	14150.0	-21.484257
17950.0	14150.0	-21.322931
18000.0	14150.0	-21.135134
18050.0	14150.0	-20.924458
18100.0	14150.0	-20.701086
18150.0	14150.0	-20.46357
18200.0	14150.0	-20.210894
18250.0	14150.0	-19.952965
18300.0	14150.0	-19.69051
10250.0	14200.0	22.416142
10300.0	14200.0	22.413221
10350.0	14200.0	22.407448
10400.0	14200.0	22.39263
10450.0	14200.0	22.377495
10500.0	14200.0	22.369858
10550.0	14200.0	22.377411
10600.0	14200.0	22.39926
10650.0	14200.0	22.420338
10700.0	14200.0	22.443968
10750.0	14200.0	22.477015
10800.0	14200.0	22.525682
10850.0	14200.0	22.591282
10900.0	14200.0	22.667395
10950.0	14200.0	22.754829
11000.0	14200.0	22.853113
11050.0	14200.0	22.950962
11100.0	14200.0	23.054907
11150.0	14200.0	23.15955
11200.0	14200.0	23.255585
11250.0	14200.0	23.338026
11300.0	14200.0	23.398222
11350.0	14200.0	23.433884
11400.0	14200.0	23.435965
11450.0	14200.0	23.406033
11500.0	14200.0	23.353586
11550.0	14200.0	23.298521
11600.0	14200.0	23.243265
11650.0	14200.0	23.176456
11700.0	14200.0	23.099232
11750.0	14200.0	23.012926
11800.0	14200.0	22.9172
11850.0	14200.0	22.82036
11900.0	14200.0	22.721098
11950.0	14200.0	22.617739
12000.0	14200.0	22.524992
12050.0	14200.0	22.446697
12100.0	14200.0	22.381603
12150.0	14200.0	22.320107
12200.0	14200.0	22.259745
12250.0	14200.0	22.183077
12300.0	14200.0	22.097927
12350.0	14200.0	21.98584
12400.0	14200.0	21.844984
12450.0	14200.0	21.659433
12500.0	14200.0	21.418797
12550.0	14200.0	21.121016
12600.0	14200.0	20.782719
12650.0	14200.0	20.418444
12700.0	14200.0	20.045059
12750.0	14200.0	19.658096
12800.0	14200.0	19.258883
12850.0	14200.0	18.846331
12900.0	14200.0	18.418011
12950.0	14200.0	17.967455
13000.0	14200.0	17.504793
13050.0	14200.0	17.026556
13100.0	14200.0	16.540539
13150.0	14200.0	16.042166
13200.0	14200.0	15.548463
13250.0	14200.0	15.051301
13300.0	14200.0	14.558122
13350.0	14200.0	14.056215
13400.0	14200.0	13.540866
13450.0	14200.0	13.007654
13500.0	14200.0	12.453893
13550.0	14200.0	11.880472
13600.0	14200.0	11.287812
13650.0	14200.0	10.677134
13700.0	14200.0	10.044247
13750.0	14200.0	9.397206
13800.0	14200.0	8.740593
13850.0	14200.0	8.069857
13900.0	14200.0	7.396148
13950.0	14200.0	6.725403
14000.0	14200.0	6.054626
14050.0	14200.0	5.384609
14100.0	14200.0	4.708624
14150.0	14200.0	4.025811
14200.0	14200.0	3.337995
14250.0	14200.0	2.646359
14300.0	14200.0	1.955302
14350.0	14200.0	1.269613
14400.0	14200.0	0.590449
14450.0	14200.0	-0.086278
14500.0	14200.0	-0.746862
14550.0	14200.0	-1.389517
14600.0	14200.0	-2.008474
14650.0	14200.0	-2.618066
14700.0	14200.0	-3.221221
14750.0	14200.0	-3.833401
14800.0	14200.0	-4.463866
14850.0	14200.0	-5.119837
14900.0	14200.0	-5.795847
14950.0	14200.0	-6.477973
15000.0	14200.0	-7.149713
15050.0	14200.0	-7.809615
15100.0	14200.0	-8.457197
15150.0	14200.0	-9.096737
15200.0	14200.0	-9.727188
15250.0	14200.0	-10.343352
15300.0	14200.0	-10.943481
15350.0	14200.0	-11.527999
15400.0	14200.0	-12.090535
15450.0	14200.0	-12.643452
15500.0	14200.0	-13.184086
15550.0	14200.0	-13.715289
15600.0	14200.0	-14.236174
15650.0	14200.0	-14.752531
15700.0	14200.0	-15.259148
15750.0	14200.0	-15.750583
15800.0	14200.0	-16.22596
15850.0	14200.0	-16.679163
15900.0	14200.0	-17.099997
15950.0	14200.0	-17.493277
16000.0	14200.0	-17.852306
16050.0	14200.0	-18.180161
16100.0	14200.0	-18.484846
16150.0	14200.0	-18.773188
16200.0	14200.0	-19.057522
16250.0	14200.0	-19.3354
16300.0	14200.0	-19.605921
16350.0	14200.0	-19.863338
16400.0	14200.0	-20.105391
16450.0	14200.0	-20.329361
16500.0	14200.0	-20.535772
16550.0	14200.0	-20.710863
16600.0	14200.0	-20.866304
16650.0	14200.0	-21.006197
16700.0	14200.0	-21.131495
16750.0	14200.0	-21.23531
16800.0	14200.0	-21.316841
16850.0	14200.0	-21.38446
16900.0	14200.0	-21.437693
16950.0	14200.0	-21.47473
17000.0	14200.0	-21.486675
17050.0	14200.0	-21.491419
17100.0	14200.0	-21.482401
17150.0	14200.0	-21.472576
17200.0	14200.0	-21.477026
17250.0	14200.0	-21.501503
17300.0	14200.0	-21.546364
17350.0	14200.0	-21.6134
17400.0	14200.0	-21.692268
17450.0	14200.0	-21.768661
17500.0	14200.0	-21.839066
17550.0	14200.0	-21.8922
17600.0	14200.0	-21.925486
17650.0	14200.0	-21.924635
17700.0	14200.0	-21.893972
17750.0	14200.0	-21.839148
17800.0	14200.0	-21.75564
17850.0	14200.0	-21.644125
17900.0	14200.0	-21.502668
17950.0	14200.0	-21.327175
18000.0	14200.0	-21.121136
18050.0	14200.0	-20.900675
18100.0	14200.0	-20.662876
18150.0	14200.0	-20.408863
18200.0	14200.0	-20.150015
18250.0	14200.0	-19.898952
18300.0	14200.0	-19.649996
10250.0	14250.0	22.438061
10300.0	14250.0	22.420795
10350.0	14250.0	22.397552
10400.0	14250.0	22.369677
10450.0	14250.0	22.343449
10500.0	14250.0	22.322996
10550.0	14250.0	22.32099
10600.0	14250.0	22.333206
10650.0	14250.0	22.351921
10700.0	14250.0	22.375528
10750.0	14250.0	22.414869
10800.0	14250.0	22.471056
10850.0	14250.0	22.537874
10900.0	14250.0	22.615452
10950.0	14250.0	22.700174
11000.0	14250.0	22.794252
11050.0	14250.0	22.90086
11100.0	14250.0	23.00194
11150.0	14250.0	23.104389
11200.0	14250.0	23.20838
11250.0	14250.0	23.307266
11300.0	14250.0	23.391491
11350.0	14250.0	23.447731
11400.0	14250.0	23.466362
11450.0	14250.0	23.449316
11500.0	14250.0	23.409168
11550.0	14250.0	23.353483
11600.0	14250.0	23.2873
11650.0	14250.0	23.203039
11700.0	14250.0	23.102745
11750.0	14250.0	22.984352
11800.0	14250.0	22.853729
11850.0	14250.0	22.71871
11900.0	14250.0	22.574646
11950.0	14250.0	22.421106
12000.0	14250.0	22.266724
12050.0	14250.0	22.120861
12100.0	14250.0	21.984989
12150.0	14250.0	21.859406
12200.0	14250.0	21.733854
12250.0	14250.0	21.599054
12300.0	14250.0	21.44451
12350.0	14250.0	21.259245
12400.0	14250.0	21.034861
12450.0	14250.0	20.774822
12500.0	14250.0	20.467485
12550.0	14250.0	20.115921
12600.0	14250.0	19.724792
12650.0	14250.0	19.315212
12700.0	14250.0	18.896797
12750.0	14250.0	18.471714
12800.0	14250.0	18.042459
12850.0	14250.0	17.607813
12900.0	14250.0	17.167091
12950.0	14250.0	16.714256
13000.0	14250.0	16.250458
13050.0	14250.0	15.788034
13100.0	14250.0	15.326807
13150.0	14250.0	14.880808
13200.0	14250.0	14.439017
13250.0	14250.0	13.9965
13300.0	14250.0	13.55169
13350.0	14250.0	13.103997
13400.0	14250.0	12.64946
13450.0	14250.0	12.193101
13500.0	14250.0	11.725226
13550.0	14250.0	11.245259
13600.0	14250.0	10.745464
13650.0	14250.0	10.218555
13700.0	14250.0	9.66425
13750.0	14250.0	9.084933
13800.0	14250.0	8.482504
13850.0	14250.0	7.868352
13900.0	14250.0	7.251915
13950.0	14250.0	6.634101
14000.0	14250.0	6.006589
14050.0	14250.0	5.363526
14100.0	14250.0	4.707389
14150.0	14250.0	4.039012
14200.0	14250.0	3.357777
14250.0	14250.0	2.669366
14300.0	14250.0	1.975958
14350.0	14250.0	1.283417
14400.0	14250.0	0.593826
14450.0	14250.0	-0.084571
14500.0	14250.0	-0.754184
14550.0	14250.0	-1.404231
14600.0	14250.0	-2.036868
14650.0	14250.0	-2.646154
14700.0	14250.0	-3.244278
14750.0	14250.0	-3.843712
14800.0	14250.0	-4.459416
14850.0	14250.0	-5.086644
14900.0	14250.0	-5.718463
14950.0	14250.0	-6.341257
15000.0	14250.0	-6.956946
15050.0	14250.0	-7.555698
15100.0	14250.0	-8.142619
15150.0	14250.0	-8.720922
15200.0	14250.0	-9.289031
15250.0	14250.0	-9.841814
15300.0	14250.0	-10.373394
15350.0	14250.0	-10.88118
15400.0	14250.0	-11.367364
15450.0	14250.0	-11.83673
15500.0	14250.0	-12.29845
15550.0	14250.0	-12.747279
15600.0	14250.0	-13.191342
15650.0	14250.0	-13.620921
15700.0	14250.0	-14.043637
15750.0	14250.0	-14.463241
15800.0	14250.0	-14.883794
15850.0	14250.0	-15.29528
15900.0	14250.0	-15.691732
15950.0	14250.0	-16.066256
16000.0	14250.0	-16.407642
16050.0	14250.0	-16.720461
16100.0	14250.0	-17.007656
16150.0	14250.0	-17.293398
16200.0	14250.0	-17.585552
16250.0	14250.0	-17.886856
16300.0	14250.0	-18.193567
16350.0	14250.0	-18.508917
16400.0	14250.0	-18.82081
16450.0	14250.0	-19.136139
16500.0	14250.0	-19.435207
16550.0	14250.0	-19.715937
16600.0	14250.0	-19.973864
16650.0	14250.0	-20.215868
16700.0	14250.0	-20.434681
16750.0	14250.0	-20.623566
16800.0	14250.0	-20.787676
16850.0	14250.0	-20.934254
16900.0	14250.0	-21.060509
16950.0	14250.0	-21.162037
17000.0	14250.0	-21.241989
17050.0	14250.0	-21.296837
17100.0	14250.0	-21.338123
17150.0	14250.0	-21.371399
17200.0	14250.0	-21.413309
17250.0	14250.0	-21.466427
17300.0	14250.0	-21.540281
17350.0	14250.0	-21.632473
17400.0	14250.0	-21.735931
17450.0	14250.0	-21.832901
17500.0	14250.0	-21.917492
17550.0	14250.0	-21.979084
17600.0	14250.0	-22.012987
17650.0	14250.0	-22.006784
17700.0	14250.0	-21.960131
17750.0	14250.0	-21.879004
17800.0	14250.0	-21.769075
17850.0	14250.0	-21.639301
17900.0	14250.0	-21.484888
17950.0	14250.0	-21.300022
18000.0	14250.0	-21.087324
18050.0	14250.0	-20.860928
18100.0	14250.0	-20.619789
18150.0	14250.0	-20.369732
18200.0	14250.0	-20.119898
18250.0	14250.0	-19.882044
18300.0	14250.0	-19.651142
10250.0	14300.0	22.4536
10300.0	14300.0	22.420712
10350.0	14300.0	22.387476
10400.0	14300.0	22.35074
10450.0	14300.0	22.317699
10500.0	14300.0	22.289827
10550.0	14300.0	22.270279
10600.0	14300.0	22.270624
10650.0	14300.0	22.290243
10700.0	14300.0	22.318687
10750.0	14300.0	22.361446
10800.0	14300.0	22.412476
10850.0	14300.0	22.47904
10900.0	14300.0	22.558599
10950.0	14300.0	22.650078
11000.0	14300.0	22.749224
11050.0	14300.0	22.846315
11100.0	14300.0	22.944374
11150.0	14300.0	23.043699
11200.0	14300.0	23.147806
11250.0	14300.0	23.252827
11300.0	14300.0	23.350786
11350.0	14300.0	23.422331
11400.0	14300.0	23.458359
11450.0	14300.0	23.462181
11500.0	14300.0	23.441391
11550.0	14300.0	23.384192
11600.0	14300.0	23.302063
11650.0	14300.0	23.201115
11700.0	14300.0	23.088228
11750.0	14300.0	22.950008
11800.0	14300.0	22.791811
11850.0	14300.0	22.620085
11900.0	14300.0	22.440611
11950.0	14300.0	22.250305
12000.0	14300.0	22.058712
12050.0	14300.0	21.863712
12100.0	14300.0	21.670658
12150.0	14300.0	21.479553
12200.0	14300.0	21.292273
12250.0	14300.0	21.093369
12300.0	14300.0	20.869318
12350.0	14300.0	20.60927
12400.0	14300.0	20.311407
12450.0	14300.0	19.976017
12500.0	14300.0	19.615978
12550.0	14300.0	19.222424
12600.0	14300.0	18.805332
12650.0	14300.0	18.363676
12700.0	14300.0	17.906776
12750.0	14300.0	17.449915
12800.0	14300.0	16.998821
12850.0	14300.0	16.548592
12900.0	14300.0	16.095291
12950.0	14300.0	15.639112
13000.0	14300.0	15.187971
13050.0	14300.0	14.743481
13100.0	14300.0	14.321141
13150.0	14300.0	13.916894
13200.0	14300.0	13.522532
13250.0	14300.0	13.128942
13300.0	14300.0	12.731049
13350.0	14300.0	12.329795
13400.0	14300.0	11.934266
13450.0	14300.0	11.534527
13500.0	14300.0	11.140845
13550.0	14300.0	10.738912
13600.0	14300.0	10.324062
13650.0	14300.0	9.875541
13700.0	14300.0	9.393135
13750.0	14300.0	8.876384
13800.0	14300.0	8.333488
13850.0	14300.0	7.770255
13900.0	14300.0	7.199442
13950.0	14300.0	6.622447
14000.0	14300.0	6.029062
14050.0	14300.0	5.413776
14100.0	14300.0	4.775854
14150.0	14300.0	4.116225
14200.0	14300.0	3.441461
14250.0	14300.0	2.750355
14300.0	14300.0	2.055435
14350.0	14300.0	1.352762
14400.0	14300.0	0.655487
14450.0	14300.0	-0.034436
14500.0	14300.0	-0.712516
14550.0	14300.0	-1.377525
14600.0	14300.0	-2.025185
14650.0	14300.0	-2.651729
14700.0	14300.0	-3.266397
14750.0	14300.0	-3.876425
14800.0	14300.0	-4.483882
14850.0	14300.0	-5.088196
14900.0	14300.0	-5.680142
14950.0	14300.0	-6.263517
15000.0	14300.0	-6.829891
15050.0	14300.0	-7.381633
15100.0	14300.0	-7.917255
15150.0	14300.0	-8.438641
15200.0	14300.0	-8.950217
15250.0	14300.0	-9.435402
15300.0	14300.0	-9.904579
15350.0	14300.0	-10.345231
15400.0	14300.0	-10.764762
15450.0	14300.0	-11.1615
15500.0	14300.0	-11.547062
15550.0	14300.0	-11.928398
15600.0	14300.0	-12.292738
15650.0	14300.0	-12.644759
15700.0	14300.0	-12.987659
15750.0	14300.0	-13.337992
15800.0	14300.0	-13.697338
15850.0	14300.0	-14.062309
15900.0	14300.0	-14.428087
15950.0	14300.0	-14.778332
16000.0	14300.0	-15.113565
16050.0	14300.0	-15.418121
16100.0	14300.0	-15.712992
16150.0	14300.0	-16.005114
16200.0	14300.0	-16.304041
16250.0	14300.0	-16.621199
16300.0	14300.0	-16.966215
16350.0	14300.0	-17.333382
16400.0	14300.0	-17.713299
16450.0	14300.0	-18.093655
16500.0	14300.0	-18.476372
16550.0	14300.0	-18.848125
16600.0	14300.0	-19.205782
16650.0	14300.0	-19.536541
16700.0	14300.0	-19.835594
16750.0	14300.0	-20.100403
16800.0	14300.0	-20.335526
16850.0	14300.0	-20.546978
16900.0	14300.0	-20.734493
16950.0	14300.0	-20.888609
17000.0	14300.0	-21.018967
17050.0	14300.0	-21.127396
17100.0	14300.0	-21.218977
17150.0	14300.0	-21.302971
17200.0	14300.0	-21.379456
17250.0	14300.0	-21.455225
17300.0	14300.0	-21.542364
17350.0	14300.0	-21.648197
17400.0	14300.0	-21.759312
17450.0	14300.0	-21.869518
17500.0	14300.0	-21.959509
17550.0	14300.0	-22.021557
17600.0	14300.0	-22.048073
17650.0	14300.0	-22.034466
17700.0	14300.0	-21.980827
17750.0	14300.0	-21.884975
17800.0	14300.0	-21.759914
17850.0	14300.0	-21.610359
17900.0	14300.0	-21.438467
17950.0	14300.0	-21.242214
18000.0	14300.0	-21.032459
18050.0	14300.0	-20.806694
18100.0	14300.0	-20.579826
18150.0	14300.0	-20.349535
18200.0	14300.0	-20.121248
18250.0	14300.0	-19.897739
18300.0	14300.0	-19.68368
10250.0	14350.0	22.463552
10300.0	14350.0	22.417261
10350.0	14350.0	22.372517
10400.0	14350.0	22.334745
10450.0	14350.0	22.298214
10500.0	14350.0	22.263088
10550.0	14350.0	22.234186
10600.0	14350.0	22.215836
10650.0	14350.0	22.228546
10700.0	14350.0	22.268673
10750.0	14350.0	22.310749
10800.0	14350.0	22.360296
10850.0	14350.0	22.421244
10900.0	14350.0	22.502466
10950.0	14350.0	22.598221
11000.0	14350.0	22.695276
11050.0	14350.0	22.796164
11100.0	14350.0	22.892012
11150.0	14350.0	22.984247
11200.0	14350.0	23.080698
11250.0	14350.0	23.180147
11300.0	14350.0	23.273033
11350.0	14350.0	23.357246
11400.0	14350.0	23.416933
11450.0	14350.0	23.446554
11500.0	14350.0	23.436312
11550.0	14350.0	23.38529
11600.0	14350.0	23.294491
11650.0	14350.0	23.182648
11700.0	14350.0	23.049847
11750.0	14350.0	22.901514
11800.0	14350.0	22.727634
11850.0	14350.0	22.532967
11900.0	14350.0	22.326494
11950.0	14350.0	22.116081
12000.0	14350.0	21.894928
12050.0	14350.0	21.665722
12100.0	14350.0	21.428879
12150.0	14350.0	21.185789
12200.0	14350.0	20.931211
12250.0	14350.0	20.666403
12300.0	14350.0	20.369135
12350.0	14350.0	20.043606
12400.0	14350.0	19.679647
12450.0	14350.0	19.2854
12500.0	14350.0	18.867685
12550.0	14350.0	18.44622
12600.0	14350.0	18.011276
12650.0	14350.0	17.557753
12700.0	14350.0	17.08358
12750.0	14350.0	16.602304
12800.0	14350.0	16.126684
12850.0	14350.0	15.663226
12900.0	14350.0	15.202712
12950.0	14350.0	14.75276
13000.0	14350.0	14.312158
13050.0	14350.0	13.898934
13100.0	14350.0	13.513162
13150.0	14350.0	13.148054
13200.0	14350.0	12.787121
13250.0	14350.0	12.427671
13300.0	14350.0	12.07085
13350.0	14350.0	11.716974
13400.0	14350.0	11.369239
13450.0	14350.0	11.028793
13500.0	14350.0	10.692749
13550.0	14350.0	10.356974
13600.0	14350.0	10.010249
13650.0	14350.0	9.634307
13700.0	14350.0	9.217998
13750.0	14350.0	8.761646
13800.0	14350.0	8.270348
13850.0	14350.0	7.758655
13900.0	14350.0	7.229155
13950.0	14350.0	6.681758
14000.0	14350.0	6.114653
14050.0	14350.0	5.524221
14100.0	14350.0	4.906487
14150.0	14350.0	4.257378
14200.0	14350.0	3.582799
14250.0	14350.0	2.887867
14300.0	14350.0	2.183214
14350.0	14350.0	1.468654
14400.0	14350.0	0.755776
14450.0	14350.0	0.053991
14500.0	14350.0	-0.637196
14550.0	14350.0	-1.318882
14600.0	14350.0	-1.991875
14650.0	14350.0	-2.650144
14700.0	14350.0	-3.293304
14750.0	14350.0	-3.919389
14800.0	14350.0	-4.528048
14850.0	14350.0	-5.117795
14900.0	14350.0	-5.685609
14950.0	14350.0	-6.234331
15000.0	14350.0	-6.769978
15050.0	14350.0	-7.288106
15100.0	14350.0	-7.785032
15150.0	14350.0	-8.254908
15200.0	14350.0	-8.700946
15250.0	14350.0	-9.126601
15300.0	14350.0	-9.528499
15350.0	14350.0	-9.910332
15400.0	14350.0	-10.267786
15450.0	14350.0	-10.604465
15500.0	14350.0	-10.925902
15550.0	14350.0	-11.232461
15600.0	14350.0	-11.527375
15650.0	14350.0	-11.806101
15700.0	14350.0	-12.087564
15750.0	14350.0	-12.372879
15800.0	14350.0	-12.676589
15850.0	14350.0	-12.993493
15900.0	14350.0	-13.318098
15950.0	14350.0	-13.642675
16000.0	14350.0	-13.96452
16050.0	14350.0	-14.282733
16100.0	14350.0	-14.592454
16150.0	14350.0	-14.899177
16200.0	14350.0	-15.217831
16250.0	14350.0	-15.562284
16300.0	14350.0	-15.93954
16350.0	14350.0	-16.343763
16400.0	14350.0	-16.77063
16450.0	14350.0	-17.209888
16500.0	14350.0	-17.660694
16550.0	14350.0	-18.113596
16600.0	14350.0	-18.548122
16650.0	14350.0	-18.952106
16700.0	14350.0	-19.319557
16750.0	14350.0	-19.650719
16800.0	14350.0	-19.948032
16850.0	14350.0	-20.214022
16900.0	14350.0	-20.446325
16950.0	14350.0	-20.651703
17000.0	14350.0	-20.834549
17050.0	14350.0	-20.991381
17100.0	14350.0	-21.129768
17150.0	14350.0	-21.258913
17200.0	14350.0	-21.365858
17250.0	14350.0	-21.46207
17300.0	14350.0	-21.560396
17350.0	14350.0	-21.662706
17400.0	14350.0	-21.774076
17450.0	14350.0	-21.877523
17500.0	14350.0	-21.960848
17550.0	14350.0	-22.019711
17600.0	14350.0	-22.035028
17650.0	14350.0	-22.014051
17700.0	14350.0	-21.954777
17750.0	14350.0	-21.857138
17800.0	14350.0	-21.721148
17850.0	14350.0	-21.553652
17900.0	14350.0	-21.367479
17950.0	14350.0	-21.168671
18000.0	14350.0	-20.962124
18050.0	14350.0	-20.754702
18100.0	14350.0	-20.545626
18150.0	14350.0	-20.345331
18200.0	14350.0	-20.145651
18250.0	14350.0	-19.939613
18300.0	14350.0	-19.741957
10250.0	14400.0	22.461805
10300.0	14400.0	22.416225
10350.0	14400.0	22.364248
10400.0	14400.0	22.317942
10450.0	14400.0	22.275627
10500.0	14400.0	22.238646
10550.0	14400.0	22.201319
10600.0	14400.0	22.178535
10650.0	14400.0	22.183586
10700.0	14400.0	22.213797
10750.0	14400.0	22.254686
10800.0	14400.0	22.307949
10850.0	14400.0	22.374016
10900.0	14400.0	22.458122
10950.0	14400.0	22.548307
11000.0	14400.0	22.642862
11050.0	14400.0	22.737095
11100.0	14400.0	22.830605
11150.0	14400.0	22.920036
11200.0	14400.0	23.009281
11250.0	14400.0	23.096327
11300.0	14400.0	23.183601
11350.0	14400.0	23.265093
11400.0	14400.0	23.338398
11450.0	14400.0	23.390688
11500.0	14400.0	23.395315
11550.0	14400.0	23.349266
11600.0	14400.0	23.262974
11650.0	14400.0	23.145718
11700.0	14400.0	23.001032
11750.0	14400.0	22.841215
11800.0	14400.0	22.662735
11850.0	14400.0	22.463406
11900.0	14400.0	22.242748
11950.0	14400.0	22.01148
12000.0	14400.0	21.772291
12050.0	14400.0	21.517084
12100.0	14400.0	21.246159
12150.0	14400.0	20.956516
12200.0	14400.0	20.646433
12250.0	14400.0	20.312267
12300.0	14400.0	19.954002
12350.0	14400.0	19.562355
12400.0	14400.0	19.145031
12450.0	14400.0	18.698107
12500.0	14400.0	18.243763
12550.0	14400.0	17.792171
12600.0	14400.0	17.34096
12650.0	14400.0	16.878605
12700.0	14400.0	16.402376
12750.0	14400.0	15.917798
12800.0	14400.0	15.4305
12850.0	14400.0	14.948353
12900.0	14400.0	14.483318
12950.0	14400.0	14.041624
13000.0	14400.0	13.629205
13050.0	14400.0	13.238942
13100.0	14400.0	12.88244
13150.0	14400.0	12.539639
13200.0	14400.0	12.205879
13250.0	14400.0	11.876374
13300.0	14400.0	11.55246
13350.0	14400.0	11.244364
13400.0	14400.0	10.945642
13450.0	14400.0	10.65729
13500.0	14400.0	10.374189
13550.0	14400.0	10.092809
13600.0	14400.0	9.796696
13650.0	14400.0	9.472778
13700.0	14400.0	9.116598
13750.0	14400.0	8.713148
13800.0	14400.0	8.271545
13850.0	14400.0	7.795897
13900.0	14400.0	7.302591
13950.0	14400.0	6.784939
14000.0	14400.0	6.241767
14050.0	14400.0	5.66959
14100.0	14400.0	5.066043
14150.0	14400.0	4.429586
14200.0	14400.0	3.758559
14250.0	14400.0	3.060922
14300.0	14400.0	2.338645
14350.0	14400.0	1.613051
14400.0	14400.0	0.891223
14450.0	14400.0	0.172645
14500.0	14400.0	-0.538038
14550.0	14400.0	-1.248192
14600.0	14400.0	-1.949102
14650.0	14400.0	-2.644331
14700.0	14400.0	-3.320972
14750.0	14400.0	-3.97154
14800.0	14400.0	-4.58882
14850.0	14400.0	-5.170192
14900.0	14400.0	-5.725216
14950.0	14400.0	-6.254348
15000.0	14400.0	-6.763156
15050.0	14400.0	-7.253898
15100.0	14400.0	-7.71355
15150.0	14400.0	-8.143061
15200.0	14400.0	-8.540009
15250.0	14400.0	-8.907787
15300.0	14400.0	-9.246921
15350.0	14400.0	-9.567491
15400.0	14400.0	-9.870359
15450.0	14400.0	-10.150149
15500.0	14400.0	-10.407439
15550.0	14400.0	-10.649551
15600.0	14400.0	-10.877988
15650.0	14400.0	-11.103168
15700.0	14400.0	-11.328709
15750.0	14400.0	-11.566849
15800.0	14400.0	-11.819145
15850.0	14400.0	-12.091631
15900.0	14400.0	-12.378777
15950.0	14400.0	-12.677461
16000.0	14400.0	-12.989415
16050.0	14400.0	-13.312162
16100.0	14400.0	-13.641319
16150.0	14400.0	-13.980194
16200.0	14400.0	-14.329572
16250.0	14400.0	-14.699567
16300.0	14400.0	-15.103191
16350.0	14400.0	-15.536202
16400.0	14400.0	-16.003529
16450.0	14400.0	-16.490385
16500.0	14400.0	-16.990017
16550.0	14400.0	-17.498453
16600.0	14400.0	-17.994667
16650.0	14400.0	-18.452629
16700.0	14400.0	-18.877121
16750.0	14400.0	-19.262257
16800.0	14400.0	-19.610977
16850.0	14400.0	-19.922001
16900.0	14400.0	-20.202568
16950.0	14400.0	-20.459541
17000.0	14400.0	-20.686996
17050.0	14400.0	-20.886667
17100.0	14400.0	-21.06813
17150.0	14400.0	-21.229965
17200.0	14400.0	-21.365818
17250.0	14400.0	-21.482386
17300.0	14400.0	-21.585758
17350.0	14400.0	-21.685877
17400.0	14400.0	-21.780478
17450.0	14400.0	-21.866392
17500.0	14400.0	-21.930075
17550.0	14400.0	-21.969778
17600.0	14400.0	-21.978212
17650.0	14400.0	-21.951288
17700.0	14400.0	-21.891888
17750.0	14400.0	-21.788368
17800.0	14400.0	-21.6432
17850.0	14400.0	-21.466248
17900.0	14400.0	-21.276371
17950.0	14400.0	-21.088881
18000.0	14400.0	-20.900534
18050.0	14400.0	-20.7101
18100.0	14400.0	-20.526127
18150.0	14400.0	-20.349621
18200.0	14400.0	-20.176859
18250.0	14400.0	-20.002478
18300.0	14400.0	-19.823545
10250.0	14450.0	22.456347
10300.0	14450.0	22.407042
10350.0	14450.0	22.360567
10400.0	14450.0	22.305706
10450.0	14450.0	22.25379
10500.0	14450.0	22.208654
10550.0	14450.0	22.172581
10600.0	14450.0	22.149132
10650.0	14450.0	22.148325
10700.0	14450.0	22.164444
10750.0	14450.0	22.202984
10800.0	14450.0	22.258797
10850.0	14450.0	22.335274
10900.0	14450.0	22.421043
10950.0	14450.0	22.506565
11000.0	14450.0	22.589964
11050.0	14450.0	22.670784
11100.0	14450.0	22.753969
11150.0	14450.0	22.841587
11200.0	14450.0	22.926851
11250.0	14450.0	23.010317
11300.0	14450.0	23.093023
11350.0	14450.0	23.166321
11400.0	14450.0	23.23737
11450.0	14450.0	23.289753
11500.0	14450.0	23.305923
11550.0	14450.0	23.275446
11600.0	14450.0	23.200712
11650.0	14450.0	23.090542
11700.0	14450.0	22.949293
11750.0	14450.0	22.783716
11800.0	14450.0	22.607473
11850.0	14450.0	22.40823
11900.0	14450.0	22.184837
11950.0	14450.0	21.944185
12000.0	14450.0	21.681683
12050.0	14450.0	21.403362
12100.0	14450.0	21.104471
12150.0	14450.0	20.779982
12200.0	14450.0	20.420368
12250.0	14450.0	20.029083
12300.0	14450.0	19.608639
12350.0	14450.0	19.165993
12400.0	14450.0	18.698059
12450.0	14450.0	18.21896
12500.0	14450.0	17.736698
12550.0	14450.0	17.26228
12600.0	14450.0	16.793646
12650.0	14450.0	16.325178
12700.0	14450.0	15.853885
12750.0	14450.0	15.371768
12800.0	14450.0	14.884778
12850.0	14450.0	14.401105
12900.0	14450.0	13.9352
12950.0	14450.0	13.503881
13000.0	14450.0	13.105468
13050.0	14450.0	12.747079
13100.0	14450.0	12.404799
13150.0	14450.0	12.077426
13200.0	14450.0	11.760034
13250.0	14450.0	11.460392
13300.0	14450.0	11.175153
13350.0	14450.0	10.906341
13400.0	14450.0	10.649367
13450.0	14450.0	10.403881
13500.0	14450.0	10.16382
13550.0	14450.0	9.924015
13600.0	14450.0	9.660485
13650.0	14450.0	9.374624
13700.0	14450.0	9.054149
13750.0	14450.0	8.701755
13800.0	14450.0	8.300309
13850.0	14450.0	7.867645
13900.0	14450.0	7.399237
13950.0	14450.0	6.901598
14000.0	14450.0	6.372903
14050.0	14450.0	5.819232
14100.0	14450.0	5.23271
14150.0	14450.0	4.60565
14200.0	14450.0	3.937341
14250.0	14450.0	3.235022
14300.0	14450.0	2.512814
14350.0	14450.0	1.781916
14400.0	14450.0	1.044227
14450.0	14450.0	0.307969
14500.0	14450.0	-0.435026
14550.0	14450.0	-1.171742
14600.0	14450.0	-1.90881
14650.0	14450.0	-2.636877
14700.0	14450.0	-3.345526
14750.0	14450.0	-4.022134
14800.0	14450.0	-4.654697
14850.0	14450.0	-5.243221
14900.0	14450.0	-5.790703
14950.0	14450.0	-6.305285
15000.0	14450.0	-6.795016
15050.0	14450.0	-7.257205
15100.0	14450.0	-7.688371
15150.0	14450.0	-8.084528
15200.0	14450.0	-8.440213
15250.0	14450.0	-8.764822
15300.0	14450.0	-9.052776
15350.0	14450.0	-9.316376
15400.0	14450.0	-9.558463
15450.0	14450.0	-9.780407
15500.0	14450.0	-9.98244
15550.0	14450.0	-10.168219
15600.0	14450.0	-10.346363
15650.0	14450.0	-10.525429
15700.0	14450.0	-10.710468
15750.0	14450.0	-10.906808
15800.0	14450.0	-11.120749
15850.0	14450.0	-11.355804
15900.0	14450.0	-11.611243
15950.0	14450.0	-11.88813
16000.0	14450.0	-12.188518
16050.0	14450.0	-12.519138
16100.0	14450.0	-12.871264
16150.0	14450.0	-13.239171
16200.0	14450.0	-13.620113
16250.0	14450.0	-14.020541
16300.0	14450.0	-14.444272
16350.0	14450.0	-14.907511
16400.0	14450.0	-15.402586
16450.0	14450.0	-15.928086
16500.0	14450.0	-16.461805
16550.0	14450.0	-17.00395
16600.0	14450.0	-17.533449
16650.0	14450.0	-18.034645
16700.0	14450.0	-18.497335
16750.0	14450.0	-18.928562
16800.0	14450.0	-19.321651
16850.0	14450.0	-19.678328
16900.0	14450.0	-20.003887
16950.0	14450.0	-20.302113
17000.0	14450.0	-20.567663
17050.0	14450.0	-20.809649
17100.0	14450.0	-21.02541
17150.0	14450.0	-21.210133
17200.0	14450.0	-21.372295
17250.0	14450.0	-21.507006
17300.0	14450.0	-21.620544
17350.0	14450.0	-21.710819
17400.0	14450.0	-21.785868
17450.0	14450.0	-21.839634
17500.0	14450.0	-21.874699
17550.0	14450.0	-21.887133
17600.0	14450.0	-21.879509
17650.0	14450.0	-21.852058
17700.0	14450.0	-21.784149
17750.0	14450.0	-21.673725
17800.0	14450.0	-21.527088
17850.0	14450.0	-21.35775
17900.0	14450.0	-21.179428
17950.0	14450.0	-21.012278
18000.0	14450.0	-20.846195
18050.0	14450.0	-20.678923
18100.0	14450.0	-20.517334
18150.0	14450.0	-20.364199
18200.0	14450.0	-20.216494
18250.0	14450.0	-20.071911
18300.0	14450.0	-19.924854
10250.0	14500.0	22.453257
10300.0	14500.0	22.395609
10350.0	14500.0	22.343079
10400.0	14500.0	22.293274
10450.0	14500.0	22.237099
10500.0	14500.0	22.181889
10550.0	14500.0	22.142132
10600.0	14500.0	22.120209
10650.0	14500.0	22.116762
10700.0	14500.0	22.130211
10750.0	14500.0	22.163744
10800.0	14500.0	22.227999
10850.0	14500.0	22.305281
10900.0	14500.0	22.381235
10950.0	14500.0	22.458529
11000.0	14500.0	22.530016
11050.0	14500.0	22.595907
11100.0	14500.0	22.672354
11150.0	14500.0	22.756193
11200.0	14500.0	22.837669
11250.0	14500.0	22.919641
11300.0	14500.0	22.995153
11350.0	14500.0	23.06473
11400.0	14500.0	23.120756
11450.0	14500.0	23.159298
11500.0	14500.0	23.176487
11550.0	14500.0	23.162767
11600.0	14500.0	23.111265
11650.0	14500.0	23.018139
11700.0	14500.0	22.89031
11750.0	14500.0	22.737249
11800.0	14500.0	22.563456
11850.0	14500.0	22.367304
11900.0	14500.0	22.151325
11950.0	14500.0	21.90144
12000.0	14500.0	21.623049
12050.0	14500.0	21.319988
12100.0	14500.0	20.99173
12150.0	14500.0	20.632849
12200.0	14500.0	20.234705
12250.0	14500.0	19.796827
12300.0	14500.0	19.332636
12350.0	14500.0	18.843149
12400.0	14500.0	18.342682
12450.0	14500.0	17.834148
12500.0	14500.0	17.335377
12550.0	14500.0	16.843351
12600.0	14500.0	16.366661
12650.0	14500.0	15.897636
12700.0	14500.0	15.428448
12750.0	14500.0	14.955048
12800.0	14500.0	14.476174
12850.0	14500.0	14.002596
12900.0	14500.0	13.54701
12950.0	14500.0	13.121732
13000.0	14500.0	12.738162
13050.0	14500.0	12.388902
13100.0	14500.0	12.063425
13150.0	14500.0	11.749834
13200.0	14500.0	11.457355
13250.0	14500.0	11.185277
13300.0	14500.0	10.933968
13350.0	14500.0	10.692869
13400.0	14500.0	10.467664
13450.0	14500.0	10.249104
13500.0	14500.0	10.036482
13550.0	14500.0	9.811578
13600.0	14500.0	9.572685
13650.0	14500.0	9.308589
13700.0	14500.0	9.019032
13750.0	14500.0	8.694903
13800.0	14500.0	8.337965
13850.0	14500.0	7.94258
13900.0	14500.0	7.499707
13950.0	14500.0	7.014985
14000.0	14500.0	6.500819
14050.0	14500.0	5.9615
14100.0	14500.0	5.386556
14150.0	14500.0	4.766022
14200.0	14500.0	4.10181
14250.0	14500.0	3.405149
14300.0	14500.0	2.686457
14350.0	14500.0	1.94933
14400.0	14500.0	1.198361
14450.0	14500.0	0.432592
14500.0	14500.0	-0.336262
14550.0	14500.0	-1.103616
14600.0	14500.0	-1.865939
14650.0	14500.0	-2.619753
14700.0	14500.0	-3.356101
14750.0	14500.0	-4.057388
14800.0	14500.0	-4.711951
14850.0	14500.0	-5.314974
14900.0	14500.0	-5.869236
14950.0	14500.0	-6.381161
15000.0	14500.0	-6.853335
15050.0	14500.0	-7.294162
15100.0	14500.0	-7.700787
15150.0	14500.0	-8.066278
15200.0	14500.0	-8.393403
15250.0	14500.0	-8.682317
15300.0	14500.0	-8.933749
15350.0	14500.0	-9.146212
15400.0	14500.0	-9.33058
15450.0	14500.0	-9.49668
15500.0	14500.0	-9.646951
15550.0	14500.0	-9.784884
15600.0	14500.0	-9.92223
15650.0	14500.0	-10.067544
15700.0	14500.0	-10.223342
15750.0	14500.0	-10.39579
15800.0	14500.0	-10.578984
15850.0	14500.0	-10.786345
15900.0	14500.0	-11.013721
15950.0	14500.0	-11.274341
16000.0	14500.0	-11.571129
16050.0	14500.0	-11.907329
16100.0	14500.0	-12.278461
16150.0	14500.0	-12.672616
16200.0	14500.0	-13.084357
16250.0	14500.0	-13.511166
16300.0	14500.0	-13.963738
16350.0	14500.0	-14.443758
16400.0	14500.0	-14.958068
16450.0	14500.0	-15.499442
16500.0	14500.0	-16.060198
16550.0	14500.0	-16.619621
16600.0	14500.0	-17.166744
16650.0	14500.0	-17.694881
16700.0	14500.0	-18.188082
16750.0	14500.0	-18.650858
16800.0	14500.0	-19.082228
16850.0	14500.0	-19.480328
16900.0	14500.0	-19.843809
16950.0	14500.0	-20.171877
17000.0	14500.0	-20.471117
17050.0	14500.0	-20.744196
17100.0	14500.0	-20.98934
17150.0	14500.0	-21.197832
17200.0	14500.0	-21.381451
17250.0	14500.0	-21.540123
17300.0	14500.0	-21.655157
17350.0	14500.0	-21.733139
17400.0	14500.0	-21.78018
17450.0	14500.0	-21.800415
17500.0	14500.0	-21.8022
17550.0	14500.0	-21.78397
17600.0	14500.0	-21.756645
17650.0	14500.0	-21.711916
17700.0	14500.0	-21.630579
17750.0	14500.0	-21.51532
17800.0	14500.0	-21.382711
17850.0	14500.0	-21.240324
17900.0	14500.0	-21.091389
17950.0	14500.0	-20.937704
18000.0	14500.0	-20.793072
18050.0	14500.0	-20.654079
18100.0	14500.0	-20.519123
18150.0	14500.0	-20.392307
18200.0	14500.0	-20.270052
18250.0	14500.0	-20.149302
18300.0	14500.0	-20.029799
10250.0	14550.0	22.448423
10300.0	14550.0	22.385429
10350.0	14550.0	22.326645
10400.0	14550.0	22.270906
10450.0	14550.0	22.20813
10500.0	14550.0	22.15188
10550.0	14550.0	22.112837
10600.0	14550.0	22.102585
10650.0	14550.0	22.098848
10700.0	14550.0	22.111937
10750.0	14550.0	22.148647
10800.0	14550.0	22.206419
10850.0	14550.0	22.273241
10900.0	14550.0	22.335514
10950.0	14550.0	22.395399
11000.0	14550.0	22.460539
11050.0	14550.0	22.526239
11100.0	14550.0	22.592955
11150.0	14550.0	22.666052
11200.0	14550.0	22.741804
11250.0	14550.0	22.817595
11300.0	14550.0	22.887672
11350.0	14550.0	22.950886
11400.0	14550.0	22.995661
11450.0	14550.0	23.019133
11500.0	14550.0	23.026964
11550.0	14550.0	23.027414
11600.0	14550.0	22.997368
11650.0	14550.0	22.927799
11700.0	14550.0	22.821301
11750.0	14550.0	22.687229
11800.0	14550.0	22.529188
11850.0	14550.0	22.347046
11900.0	14550.0	22.130297
11950.0	14550.0	21.877815
12000.0	14550.0	21.586882
12050.0	14550.0	21.259478
12100.0	14550.0	20.901033
12150.0	14550.0	20.503948
12200.0	14550.0	20.07188
12250.0	14550.0	19.603922
12300.0	14550.0	19.103504
12350.0	14550.0	18.589094
12400.0	14550.0	18.062307
12450.0	14550.0	17.545319
12500.0	14550.0	17.034504
12550.0	14550.0	16.538015
12600.0	14550.0	16.054379
12650.0	14550.0	15.585994
12700.0	14550.0	15.12128
12750.0	14550.0	14.654266
12800.0	14550.0	14.186662
12850.0	14550.0	13.723519
12900.0	14550.0	13.281276
12950.0	14550.0	12.869083
13000.0	14550.0	12.491204
13050.0	14550.0	12.150192
13100.0	14550.0	11.83505
13150.0	14550.0	11.547175
13200.0	14550.0	11.283885
13250.0	14550.0	11.039099
13300.0	14550.0	10.807451
13350.0	14550.0	10.586164
13400.0	14550.0	10.372769
13450.0	14550.0	10.172209
13500.0	14550.0	9.966331
13550.0	14550.0	9.750919
13600.0	14550.0	9.512918
13650.0	14550.0	9.264894
13700.0	14550.0	8.99597
13750.0	14550.0	8.697707
13800.0	14550.0	8.367348
13850.0	14550.0	7.992501
13900.0	14550.0	7.577506
13950.0	14550.0	7.117523
14000.0	14550.0	6.623644
14050.0	14550.0	6.085858
14100.0	14550.0	5.506308
14150.0	14550.0	4.893158
14200.0	14550.0	4.243672
14250.0	14550.0	3.560618
14300.0	14550.0	2.841856
14350.0	14550.0	2.097848
14400.0	14550.0	1.329563
14450.0	14550.0	0.544317
14500.0	14550.0	-0.249683
14550.0	14550.0	-1.045939
14600.0	14550.0	-1.829281
14650.0	14550.0	-2.603096
14700.0	14550.0	-3.352667
14750.0	14550.0	-4.074289
14800.0	14550.0	-4.748781
14850.0	14550.0	-5.37294
14900.0	14550.0	-5.944766
14950.0	14550.0	-6.463712
15000.0	14550.0	-6.932484
15050.0	14550.0	-7.353096
15100.0	14550.0	-7.737097
15150.0	14550.0	-8.083914
15200.0	14550.0	-8.386314
15250.0	14550.0	-8.650366
15300.0	14550.0	-8.864391
15350.0	14550.0	-9.039378
15400.0	14550.0	-9.182011
15450.0	14550.0	-9.304457
15500.0	14550.0	-9.404919
15550.0	14550.0	-9.500632
15600.0	14550.0	-9.608144
15650.0	14550.0	-9.73191
15700.0	14550.0	-9.872042
15750.0	14550.0	-10.021385
15800.0	14550.0	-10.185365
15850.0	14550.0	-10.366231
15900.0	14550.0	-10.577196
15950.0	14550.0	-10.829535
16000.0	14550.0	-11.122812
16050.0	14550.0	-11.466382
16100.0	14550.0	-11.849833
16150.0	14550.0	-12.269125
16200.0	14550.0	-12.709157
16250.0	14550.0	-13.166583
16300.0	14550.0	-13.638913
16350.0	14550.0	-14.1364
16400.0	14550.0	-14.655574
16450.0	14550.0	-15.20465
16500.0	14550.0	-15.770065
16550.0	14550.0	-16.334557
16600.0	14550.0	-16.892042
16650.0	14550.0	-17.431826
16700.0	14550.0	-17.949669
16750.0	14550.0	-18.435457
16800.0	14550.0	-18.894196
16850.0	14550.0	-19.316893
16900.0	14550.0	-19.706697
16950.0	14550.0	-20.06185
17000.0	14550.0	-20.391367
17050.0	14550.0	-20.694618
17100.0	14550.0	-20.960524
17150.0	14550.0	-21.19404
17200.0	14550.0	-21.393965
17250.0	14550.0	-21.555595
17300.0	14550.0	-21.672894
17350.0	14550.0	-21.743204
17400.0	14550.0	-21.763237
17450.0	14550.0	-21.753464
17500.0	14550.0	-21.720053
17550.0	14550.0	-21.670361
17600.0	14550.0	-21.610889
17650.0	14550.0	-21.53487
17700.0	14550.0	-21.442862
17750.0	14550.0	-21.338915
17800.0	14550.0	-21.226889
17850.0	14550.0	-21.112684
17900.0	14550.0	-20.993773
17950.0	14550.0	-20.867079
18000.0	14550.0	-20.746925
18050.0	14550.0	-20.63797
18100.0	14550.0	-20.53495
18150.0	14550.0	-20.431376
18200.0	14550.0	-20.329731
18250.0	14550.0	-20.231323
18300.0	14550.0	-20.135025
10250.0	14600.0	22.445799
10300.0	14600.0	22.374516
10350.0	14600.0	22.302975
10400.0	14600.0	22.231844
10450.0	14600.0	22.170078
10500.0	14600.0	22.120695
10550.0	14600.0	22.098236
10600.0	14600.0	22.094185
10650.0	14600.0	22.097105
10700.0	14600.0	22.111725
10750.0	14600.0	22.148064
10800.0	14600.0	22.190647
10850.0	14600.0	22.233624
10900.0	14600.0	22.280029
10950.0	14600.0	22.329264
11000.0	14600.0	22.387571
11050.0	14600.0	22.452785
11100.0	14600.0	22.512962
11150.0	14600.0	22.575388
11200.0	14600.0	22.643845
11250.0	14600.0	22.708693
11300.0	14600.0	22.768229
11350.0	14600.0	22.819559
11400.0	14600.0	22.857378
11450.0	14600.0	22.876978
11500.0	14600.0	22.887682
11550.0	14600.0	22.888325
11600.0	14600.0	22.868198
11650.0	14600.0	22.816998
11700.0	14600.0	22.739828
11750.0	14600.0	22.633715
11800.0	14600.0	22.499071
11850.0	14600.0	22.32966
11900.0	14600.0	22.114883
11950.0	14600.0	21.855696
12000.0	14600.0	21.554449
12050.0	14600.0	21.214993
12100.0	14600.0	20.826172
12150.0	14600.0	20.393929
12200.0	14600.0	19.930593
12250.0	14600.0	19.43434
12300.0	14600.0	18.919641
12350.0	14600.0	18.388397
12400.0	14600.0	17.858482
12450.0	14600.0	17.339941
12500.0	14600.0	16.832403
12550.0	14600.0	16.335392
12600.0	14600.0	15.852299
12650.0	14600.0	15.380894
12700.0	14600.0	14.916454
12750.0	14600.0	14.454995
12800.0	14600.0	13.998824
12850.0	14600.0	13.551698
12900.0	14600.0	13.124905
12950.0	14600.0	12.720816
13000.0	14600.0	12.355687
13050.0	14600.0	12.017777
13100.0	14600.0	11.715766
13150.0	14600.0	11.448419
13200.0	14600.0	11.209077
13250.0	14600.0	10.986461
13300.0	14600.0	10.770299
13350.0	14600.0	10.556004
13400.0	14600.0	10.349299
13450.0	14600.0	10.14833
13500.0	14600.0	9.944823
13550.0	14600.0	9.721101
13600.0	14600.0	9.489797
13650.0	14600.0	9.244735
13700.0	14600.0	8.983917
13750.0	14600.0	8.700048
13800.0	14600.0	8.387467
13850.0	14600.0	8.037983
13900.0	14600.0	7.642693
13950.0	14600.0	7.20448
14000.0	14600.0	6.716775
14050.0	14600.0	6.18046
14100.0	14600.0	5.600644
14150.0	14600.0	4.988542
14200.0	14600.0	4.34927
14250.0	14600.0	3.678782
14300.0	14600.0	2.968034
14350.0	14600.0	2.216858
14400.0	14600.0	1.433879
14450.0	14600.0	0.627908
14500.0	14600.0	-0.184119
14550.0	14600.0	-0.998102
14600.0	14600.0	-1.805617
14650.0	14600.0	-2.590981
14700.0	14600.0	-3.352194
14750.0	14600.0	-4.079405
14800.0	14600.0	-4.769621
14850.0	14600.0	-5.41328
14900.0	14600.0	-6.002757
14950.0	14600.0	-6.531212
15000.0	14600.0	-6.996787
15050.0	14600.0	-7.410653
15100.0	14600.0	-7.78193
15150.0	14600.0	-8.113476
15200.0	14600.0	-8.403777
15250.0	14600.0	-8.639733
15300.0	14600.0	-8.832695
15350.0	14600.0	-8.976837
15400.0	14600.0	-9.091599
15450.0	14600.0	-9.181899
15500.0	14600.0	-9.257666
15550.0	14600.0	-9.328874
15600.0	14600.0	-9.41436
15650.0	14600.0	-9.523251
15700.0	14600.0	-9.649007
15750.0	14600.0	-9.786779
15800.0	14600.0	-9.932547
15850.0	14600.0	-10.097925
15900.0	14600.0	-10.300799
15950.0	14600.0	-10.547355
16000.0	14600.0	-10.846583
16050.0	14600.0	-11.189741
16100.0	14600.0	-11.588638
16150.0	14600.0	-12.022584
16200.0	14600.0	-12.48741
16250.0	14600.0	-12.968735
16300.0	14600.0	-13.460959
16350.0	14600.0	-13.96759
16400.0	14600.0	-14.490802
16450.0	14600.0	-15.028543
16500.0	14600.0	-15.587141
16550.0	14600.0	-16.145256
16600.0	14600.0	-16.698013
16650.0	14600.0	-17.246405
16700.0	14600.0	-17.775835
16750.0	14600.0	-18.275955
16800.0	14600.0	-18.744131
16850.0	14600.0	-19.187422
16900.0	14600.0	-19.596542
16950.0	14600.0	-19.975801
17000.0	14600.0	-20.330112
17050.0	14600.0	-20.654482
17100.0	14600.0	-20.940306
17150.0	14600.0	-21.188908
17200.0	14600.0	-21.392078
17250.0	14600.0	-21.550282
17300.0	14600.0	-21.664848
17350.0	14600.0	-21.726038
17400.0	14600.0	-21.732426
17450.0	14600.0	-21.694778
17500.0	14600.0	-21.627766
17550.0	14600.0	-21.54808
17600.0	14600.0	-21.451183
17650.0	14600.0	-21.344969
17700.0	14600.0	-21.245682
17750.0	14600.0	-21.152435
17800.0	14600.0	-21.064539
17850.0	14600.0	-20.977501
17900.0	14600.0	-20.888031
17950.0	14600.0	-20.796032
18000.0	14600.0	-20.707851
18050.0	14600.0	-20.631777
18100.0	14600.0	-20.560167
18150.0	14600.0	-20.477499
18200.0	14600.0	-20.393698
18250.0	14600.0	-20.316029
18300.0	14600.0	-20.237476
10250.0	14650.0	22.44467
10300.0	14650.0	22.354959
10350.0	14650.0	22.262995
10400.0	14650.0	22.183975
10450.0	14650.0	22.134161
10500.0	14650.0	22.101229
10550.0	14650.0	22.093983
10600.0	14650.0	22.096134
10650.0	14650.0	22.104673
10700.0	14650.0	22.122929
10750.0	14650.0	22.152184
10800.0	14650.0	22.173561
10850.0	14650.0	22.195295
10900.0	14650.0	22.222755
10950.0	14650.0	22.265581
11000.0	14650.0	22.31109
11050.0	14650.0	22.369873
11100.0	14650.0	22.430376
11150.0	14650.0	22.484377
11200.0	14650.0	22.542419
11250.0	14650.0	22.593939
11300.0	14650.0	22.64106
11350.0	14650.0	22.683508
11400.0	14650.0	22.713583
11450.0	14650.0	22.735159
11500.0	14650.0	22.753181
11550.0	14650.0	22.752974
11600.0	14650.0	22.738134
11650.0	14650.0	22.704493
11700.0	14650.0	22.653475
11750.0	14650.0	22.575935
11800.0	14650.0	22.456818
11850.0	14650.0	22.294746
11900.0	14650.0	22.087318
11950.0	14650.0	21.82626
12000.0	14650.0	21.519423
12050.0	14650.0	21.160683
12100.0	14650.0	20.750835
12150.0	14650.0	20.298864
12200.0	14650.0	19.810772
12250.0	14650.0	19.306599
12300.0	14650.0	18.780003
12350.0	14650.0	18.252405
12400.0	14650.0	17.733185
12450.0	14650.0	17.221252
12500.0	14650.0	16.721415
12550.0	14650.0	16.227253
12600.0	14650.0	15.742166
12650.0	14650.0	15.267923
12700.0	14650.0	14.802287
12750.0	14650.0	14.350505
12800.0	14650.0	13.907726
12850.0	14650.0	13.482316
12900.0	14650.0	13.070129
12950.0	14650.0	12.680789
13000.0	14650.0	12.31409
13050.0	14650.0	11.982251
13100.0	14650.0	11.684937
13150.0	14650.0	11.42578
13200.0	14650.0	11.198038
13250.0	14650.0	10.988064
13300.0	14650.0	10.784691
13350.0	14650.0	10.582051
13400.0	14650.0	10.378053
13450.0	14650.0	10.169294
13500.0	14650.0	9.955449
13550.0	14650.0	9.730444
13600.0	14650.0	9.496094
13650.0	14650.0	9.250153
13700.0	14650.0	8.983523
13750.0	14650.0	8.704015
13800.0	14650.0	8.40764
13850.0	14650.0	8.080249
13900.0	14650.0	7.702059
13950.0	14650.0	7.27052
14000.0	14650.0	6.782838
14050.0	14650.0	6.244837
14100.0	14650.0	5.666057
14150.0	14650.0	5.051596
14200.0	14650.0	4.414041
14250.0	14650.0	3.744819
14300.0	14650.0	3.041537
14350.0	14650.0	2.289478
14400.0	14650.0	1.497141
14450.0	14650.0	0.683665
14500.0	14650.0	-0.144125
14550.0	14650.0	-0.969008
14600.0	14650.0	-1.790502
14650.0	14650.0	-2.585256
14700.0	14650.0	-3.354926
14750.0	14650.0	-4.08624
14800.0	14650.0	-4.786622
14850.0	14650.0	-5.442395
14900.0	14650.0	-6.036604
14950.0	14650.0	-6.570328
15000.0	14650.0	-7.039804
15050.0	14650.0	-7.454419
15100.0	14650.0	-7.823052
15150.0	14650.0	-8.144125
15200.0	14650.0	-8.419844
15250.0	14650.0	-8.640861
15300.0	14650.0	-8.820124
15350.0	14650.0	-8.953864
15400.0	14650.0	-9.047437
15450.0	14650.0	-9.119144
15500.0	14650.0	-9.187602
15550.0	14650.0	-9.261318
15600.0	14650.0	-9.341796
15650.0	14650.0	-9.437768
15700.0	14650.0	-9.553633
15750.0	14650.0	-9.68362
15800.0	14650.0	-9.832082
15850.0	14650.0	-9.992803
15900.0	14650.0	-10.194554
15950.0	14650.0	-10.44067
16000.0	14650.0	-10.740077
16050.0	14650.0	-11.092761
16100.0	14650.0	-11.490983
16150.0	14650.0	-11.934786
16200.0	14650.0	-12.409984
16250.0	14650.0	-12.907373
16300.0	14650.0	-13.41505
16350.0	14650.0	-13.92344
16400.0	14650.0	-14.440194
16450.0	14650.0	-14.968691
16500.0	14650.0	-15.504136
16550.0	14650.0	-16.045967
16600.0	14650.0	-16.586693
16650.0	14650.0	-17.125549
16700.0	14650.0	-17.652864
16750.0	14650.0	-18.15984
16800.0	14650.0	-18.63961
16850.0	14650.0	-19.094498
16900.0	14650.0	-19.521412
16950.0	14650.0	-19.919834
17000.0	14650.0	-20.285862
17050.0	14650.0	-20.616585
17100.0	14650.0	-20.913902
17150.0	14650.0	-21.166834
17200.0	14650.0	-21.370398
17250.0	14650.0	-21.523006
17300.0	14650.0	-21.628979
17350.0	14650.0	-21.677605
17400.0	14650.0	-21.671457
17450.0	14650.0	-21.614439
17500.0	14650.0	-21.524889
17550.0	14650.0	-21.414753
17600.0	14650.0	-21.296227
17650.0	14650.0	-21.169245
17700.0	14650.0	-21.052624
17750.0	14650.0	-20.965986
17800.0	14650.0	-20.896753
17850.0	14650.0	-20.836788
17900.0	14650.0	-20.782553
17950.0	14650.0	-20.729515
18000.0	14650.0	-20.677143
18050.0	14650.0	-20.632082
18100.0	14650.0	-20.580502
18150.0	14650.0	-20.522232
18200.0	14650.0	-20.461819
18250.0	14650.0	-20.402719
18300.0	14650.0	-20.33852
10250.0	14700.0	22.426964
10300.0	14700.0	22.321127
10350.0	14700.0	22.223974
10400.0	14700.0	22.146193
10450.0	14700.0	22.101366
10500.0	14700.0	22.095768
10550.0	14700.0	22.096373
10600.0	14700.0	22.101959
10650.0	14700.0	22.116888
10700.0	14700.0	22.138065
10750.0	14700.0	22.149279
10800.0	14700.0	22.155737
10850.0	14700.0	22.162563
10900.0	14700.0	22.179081
10950.0	14700.0	22.199755
11000.0	14700.0	22.234814
11050.0	14700.0	22.279558
11100.0	14700.0	22.334618
11150.0	14700.0	22.39185
11200.0	14700.0	22.438875
11250.0	14700.0	22.480667
11300.0	14700.0	22.518089
11350.0	14700.0	22.545731
11400.0	14700.0	22.572712
11450.0	14700.0	22.600782
11500.0	14700.0	22.617489
11550.0	14700.0	22.618685
11600.0	14700.0	22.611671
11650.0	14700.0	22.600706
11700.0	14700.0	22.57432
11750.0	14700.0	22.511276
11800.0	14700.0	22.396366
11850.0	14700.0	22.233831
11900.0	14700.0	22.023909
11950.0	14700.0	21.770967
12000.0	14700.0	21.462242
12050.0	14700.0	21.092411
12100.0	14700.0	20.672266
12150.0	14700.0	20.2124
12200.0	14700.0	19.725018
12250.0	14700.0	19.220503
12300.0	14700.0	18.708344
12350.0	14700.0	18.189411
12400.0	14700.0	17.678152
12450.0	14700.0	17.179535
12500.0	14700.0	16.688057
12550.0	14700.0	16.202898
12600.0	14700.0	15.717534
12650.0	14700.0	15.234752
12700.0	14700.0	14.772648
12750.0	14700.0	14.332088
12800.0	14700.0	13.908051
12850.0	14700.0	13.500884
12900.0	14700.0	13.108847
12950.0	14700.0	12.732896
13000.0	14700.0	12.371764
13050.0	14700.0	12.031055
13100.0	14700.0	11.726616
13150.0	14700.0	11.463579
13200.0	14700.0	11.231768
13250.0	14700.0	11.02325
13300.0	14700.0	10.825581
13350.0	14700.0	10.635805
13400.0	14700.0	10.436468
13450.0	14700.0	10.223154
13500.0	14700.0	9.997648
13550.0	14700.0	9.767602
13600.0	14700.0	9.530408
13650.0	14700.0	9.272918
13700.0	14700.0	9.004465
13750.0	14700.0	8.723273
13800.0	14700.0	8.429214
13850.0	14700.0	8.099505
13900.0	14700.0	7.728939
13950.0	14700.0	7.300684
14000.0	14700.0	6.812229
14050.0	14700.0	6.266377
14100.0	14700.0	5.681044
14150.0	14700.0	5.068685
14200.0	14700.0	4.428055
14250.0	14700.0	3.755832
14300.0	14700.0	3.048482
14350.0	14700.0	2.304414
14400.0	14700.0	1.524272
14450.0	14700.0	0.707561
14500.0	14700.0	-0.126038
14550.0	14700.0	-0.965768
14600.0	14700.0	-1.787378
14650.0	14700.0	-2.590108
14700.0	14700.0	-3.360374
14750.0	14700.0	-4.100858
14800.0	14700.0	-4.800013
14850.0	14700.0	-5.447023
14900.0	14700.0	-6.03923
14950.0	14700.0	-6.571096
15000.0	14700.0	-7.04983
15050.0	14700.0	-7.471308
15100.0	14700.0	-7.837883
15150.0	14700.0	-8.155965
15200.0	14700.0	-8.424019
15250.0	14700.0	-8.640496
15300.0	14700.0	-8.815392
15350.0	14700.0	-8.950338
15400.0	14700.0	-9.044888
15450.0	14700.0	-9.118496
15500.0	14700.0	-9.193824
15550.0	14700.0	-9.278815
15600.0	14700.0	-9.373842
15650.0	14700.0	-9.474589
15700.0	14700.0	-9.586989
15750.0	14700.0	-9.717886
15800.0	14700.0	-9.869021
15850.0	14700.0	-10.047446
15900.0	14700.0	-10.258246
15950.0	14700.0	-10.515108
16000.0	14700.0	-10.820962
16050.0	14700.0	-11.170481
16100.0	14700.0	-11.56249
16150.0	14700.0	-11.994304
16200.0	14700.0	-12.468442
16250.0	14700.0	-12.967007
16300.0	14700.0	-13.475554
16350.0	14700.0	-13.987796
16400.0	14700.0	-14.502227
16450.0	14700.0	-15.009785
16500.0	14700.0	-15.516941
16550.0	14700.0	-16.031359
16600.0	14700.0	-16.550005
16650.0	14700.0	-17.066391
16700.0	14700.0	-17.580515
16750.0	14700.0	-18.084942
16800.0	14700.0	-18.576757
16850.0	14700.0	-19.041546
16900.0	14700.0	-19.482117
16950.0	14700.0	-19.888454
17000.0	14700.0	-20.253029
17050.0	14700.0	-20.57976
17100.0	14700.0	-20.869175
17150.0	14700.0	-21.122641
17200.0	14700.0	-21.325314
17250.0	14700.0	-21.470024
17300.0	14700.0	-21.555979
17350.0	14700.0	-21.590477
17400.0	14700.0	-21.573338
17450.0	14700.0	-21.510704
17500.0	14700.0	-21.410351
17550.0	14700.0	-21.286249
17600.0	14700.0	-21.144409
17650.0	14700.0	-21.003983
17700.0	14700.0	-20.88426
17750.0	14700.0	-20.794981
17800.0	14700.0	-20.736202
17850.0	14700.0	-20.701645
17900.0	14700.0	-20.67823
17950.0	14700.0	-20.666433
18000.0	14700.0	-20.655823
18050.0	14700.0	-20.63006
18100.0	14700.0	-20.594025
18150.0	14700.0	-20.559893
18200.0	14700.0	-20.524715
18250.0	14700.0	-20.484579
18300.0	14700.0	-20.447531
10250.0	14750.0	22.371492
10300.0	14750.0	22.280281
10350.0	14750.0	22.195499
10400.0	14750.0	22.129282
10450.0	14750.0	22.092863
10500.0	14750.0	22.090487
10550.0	14750.0	22.097565
10600.0	14750.0	22.107479
10650.0	14750.0	22.125874
10700.0	14750.0	22.144112
10750.0	14750.0	22.148703
10800.0	14750.0	22.144745
10850.0	14750.0	22.135834
10900.0	14750.0	22.133486
10950.0	14750.0	22.14098
11000.0	14750.0	22.155418
11050.0	14750.0	22.18697
11100.0	14750.0	22.239719
11150.0	14750.0	22.292807
11200.0	14750.0	22.334898
11250.0	14750.0	22.371916
11300.0	14750.0	22.398884
11350.0	14750.0	22.41877
11400.0	14750.0	22.440577
11450.0	14750.0	22.466103
11500.0	14750.0	22.482941
11550.0	14750.0	22.493191
11600.0	14750.0	22.499817
11650.0	14750.0	22.507521
11700.0	14750.0	22.486282
11750.0	14750.0	22.42288
11800.0	14750.0	22.308439
11850.0	14750.0	22.140356
11900.0	14750.0	21.935268
11950.0	14750.0	21.684206
12000.0	14750.0	21.376486
12050.0	14750.0	21.008501
12100.0	14750.0	20.589996
12150.0	14750.0	20.139488
12200.0	14750.0	19.669586
12250.0	14750.0	19.1819
12300.0	14750.0	18.689688
12350.0	14750.0	18.193745
12400.0	14750.0	17.698431
12450.0	14750.0	17.210047
12500.0	14750.0	16.72677
12550.0	14750.0	16.248383
12600.0	14750.0	15.762726
12650.0	14750.0	15.285791
12700.0	14750.0	14.825359
12750.0	14750.0	14.38881
12800.0	14750.0	13.984426
12850.0	14750.0	13.597779
12900.0	14750.0	13.229166
12950.0	14750.0	12.862431
13000.0	14750.0	12.502354
13050.0	14750.0	12.159374
13100.0	14750.0	11.844389
13150.0	14750.0	11.564123
13200.0	14750.0	11.316675
13250.0	14750.0	11.093499
13300.0	14750.0	10.892637
13350.0	14750.0	10.702151
13400.0	14750.0	10.50878
13450.0	14750.0	10.296528
13500.0	14750.0	10.064439
13550.0	14750.0	9.820698
13600.0	14750.0	9.566225
13650.0	14750.0	9.304436
13700.0	14750.0	9.033641
13750.0	14750.0	8.749464
13800.0	14750.0	8.439466
13850.0	14750.0	8.099771
13900.0	14750.0	7.721265
13950.0	14750.0	7.289873
14000.0	14750.0	6.796562
14050.0	14750.0	6.246685
14100.0	14750.0	5.657878
14150.0	14750.0	5.038676
14200.0	14750.0	4.391615
14250.0	14750.0	3.713331
14300.0	14750.0	3.00275
14350.0	14750.0	2.263738
14400.0	14750.0	1.490917
14450.0	14750.0	0.688649
14500.0	14750.0	-0.140283
14550.0	14750.0	-0.976708
14600.0	14750.0	-1.796338
14650.0	14750.0	-2.596211
14700.0	14750.0	-3.364266
14750.0	14750.0	-4.098917
14800.0	14750.0	-4.78676
14850.0	14750.0	-5.420931
14900.0	14750.0	-6.004751
14950.0	14750.0	-6.539552
15000.0	14750.0	-7.023791
15050.0	14750.0	-7.45194
15100.0	14750.0	-7.821804
15150.0	14750.0	-8.139848
15200.0	14750.0	-8.405239
15250.0	14750.0	-8.629136
15300.0	14750.0	-8.808196
15350.0	14750.0	-8.958169
15400.0	14750.0	-9.082424
15450.0	14750.0	-9.184342
15500.0	14750.0	-9.283895
15550.0	14750.0	-9.387791
15600.0	14750.0	-9.493978
15650.0	14750.0	-9.607801
15700.0	14750.0	-9.734061
15750.0	14750.0	-9.876764
15800.0	14750.0	-10.046307
15850.0	14750.0	-10.249934
15900.0	14750.0	-10.487003
15950.0	14750.0	-10.760414
16000.0	14750.0	-11.069397
16050.0	14750.0	-11.411993
16100.0	14750.0	-11.786422
16150.0	14750.0	-12.1999
16200.0	14750.0	-12.648485
16250.0	14750.0	-13.132927
16300.0	14750.0	-13.63825
16350.0	14750.0	-14.147646
16400.0	14750.0	-14.648498
16450.0	14750.0	-15.139526
16500.0	14750.0	-15.620836
16550.0	14750.0	-16.099276
16600.0	14750.0	-16.584696
16650.0	14750.0	-17.069254
16700.0	14750.0	-17.563406
16750.0	14750.0	-18.064838
16800.0	14750.0	-18.552563
16850.0	14750.0	-19.019808
16900.0	14750.0	-19.460119
16950.0	14750.0	-19.867769
17000.0	14750.0	-20.229267
17050.0	14750.0	-20.541906
17100.0	14750.0	-20.819017
17150.0	14750.0	-21.052145
17200.0	14750.0	-21.240906
17250.0	14750.0	-21.375492
17300.0	14750.0	-21.447309
17350.0	14750.0	-21.467707
17400.0	14750.0	-21.443203
17450.0	14750.0	-21.381657
17500.0	14750.0	-21.285118
17550.0	14750.0	-21.151829
17600.0	14750.0	-20.99884
17650.0	14750.0	-20.855221
17700.0	14750.0	-20.740461
17750.0	14750.0	-20.657352
17800.0	14750.0	-20.605942
17850.0	14750.0	-20.580437
17900.0	14750.0	-20.58412
17950.0	14750.0	-20.60537
18000.0	14750.0	-20.620878
18050.0	14750.0	-20.617996
18100.0	14750.0	-20.605875
18150.0	14750.0	-20.591696
18200.0	14750.0	-20.579962
18250.0	14750.0	-20.56814
18300.0	14750.0	-20.555658
10250.0	14800.0	22.284727
10300.0	14800.0	22.226517
10350.0	14800.0	22.173412
10400.0	14800.0	22.132574
10450.0	14800.0	22.10734
10500.0	14800.0	22.096186
10550.0	14800.0	22.100138
10600.0	14800.0	22.108355
10650.0	14800.0	22.126801
10700.0	14800.0	22.143667
10750.0	14800.0	22.143766
10800.0	14800.0	22.128437
10850.0	14800.0	22.11199
10900.0	14800.0	22.094765
10950.0	14800.0	22.082722
11000.0	14800.0	22.086178
11050.0	14800.0	22.104218
11100.0	14800.0	22.14238
11150.0	14800.0	22.192154
11200.0	14800.0	22.235598
11250.0	14800.0	22.267059
11300.0	14800.0	22.284241
11350.0	14800.0	22.298149
11400.0	14800.0	22.318632
11450.0	14800.0	22.341705
11500.0	14800.0	22.360929
11550.0	14800.0	22.377712
11600.0	14800.0	22.398672
11650.0	14800.0	22.402376
11700.0	14800.0	22.37715
11750.0	14800.0	22.302771
11800.0	14800.0	22.186346
11850.0	14800.0	22.025755
11900.0	14800.0	21.820787
11950.0	14800.0	21.56971
12000.0	14800.0	21.267679
12050.0	14800.0	20.912699
12100.0	14800.0	20.513855
12150.0	14800.0	20.084717
12200.0	14800.0	19.636141
12250.0	14800.0	19.178135
12300.0	14800.0	18.715527
12350.0	14800.0	18.250654
12400.0	14800.0	17.785841
12450.0	14800.0	17.313488
12500.0	14800.0	16.839861
12550.0	14800.0	16.358244
12600.0	14800.0	15.885117
12650.0	14800.0	15.415206
12700.0	14800.0	14.961597
12750.0	14800.0	14.533051
12800.0	14800.0	14.135836
12850.0	14800.0	13.767906
12900.0	14800.0	13.408188
12950.0	14800.0	13.054282
13000.0	14800.0	12.70247
13050.0	14800.0	12.360548
13100.0	14800.0	12.040071
13150.0	14800.0	11.741398
13200.0	14800.0	11.466813
13250.0	14800.0	11.218675
13300.0	14800.0	10.999092
13350.0	14800.0	10.794025
13400.0	14800.0	10.590528
13450.0	14800.0	10.36998
13500.0	14800.0	10.128312
13550.0	14800.0	9.874535
13600.0	14800.0	9.609978
13650.0	14800.0	9.337271
13700.0	14800.0	9.055853
13750.0	14800.0	8.76099
13800.0	14800.0	8.43256
13850.0	14800.0	8.074594
13900.0	14800.0	7.676913
13950.0	14800.0	7.232247
14000.0	14800.0	6.732716
14050.0	14800.0	6.188912
14100.0	14800.0	5.599086
14150.0	14800.0	4.971455
14200.0	14800.0	4.307833
14250.0	14800.0	3.621284
14300.0	14800.0	2.910502
14350.0	14800.0	2.171364
14400.0	14800.0	1.404692
14450.0	14800.0	0.616518
14500.0	14800.0	-0.187525
14550.0	14800.0	-0.996129
14600.0	14800.0	-1.807389
14650.0	14800.0	-2.596621
14700.0	14800.0	-3.353016
14750.0	14800.0	-4.065017
14800.0	14800.0	-4.731612
14850.0	14800.0	-5.358532
14900.0	14800.0	-5.943637
14950.0	14800.0	-6.479025
15000.0	14800.0	-6.965595
15050.0	14800.0	-7.401462
15100.0	14800.0	-7.777274
15150.0	14800.0	-8.0994
15200.0	14800.0	-8.374166
15250.0	14800.0	-8.612188
15300.0	14800.0	-8.814364
15350.0	14800.0	-8.995596
15400.0	14800.0	-9.159792
15450.0	14800.0	-9.309527
15500.0	14800.0	-9.444296
15550.0	14800.0	-9.574258
15600.0	14800.0	-9.702077
15650.0	14800.0	-9.833529
15700.0	14800.0	-9.979296
15750.0	14800.0	-10.15138
15800.0	14800.0	-10.355247
15850.0	14800.0	-10.59737
15900.0	14800.0	-10.860446
15950.0	14800.0	-11.149752
16000.0	14800.0	-11.459719
16050.0	14800.0	-11.792755
16100.0	14800.0	-12.148139
16150.0	14800.0	-12.53277
16200.0	14800.0	-12.956604
16250.0	14800.0	-13.413769
16300.0	14800.0	-13.898693
16350.0	14800.0	-14.3907
16400.0	14800.0	-14.871635
16450.0	14800.0	-15.339063
16500.0	14800.0	-15.79118
16550.0	14800.0	-16.238651
16600.0	14800.0	-16.688475
16650.0	14800.0	-17.145939
16700.0	14800.0	-17.615578
16750.0	14800.0	-18.093136
16800.0	14800.0	-18.566339
16850.0	14800.0	-19.023613
16900.0	14800.0	-19.454386
16950.0	14800.0	-19.84684
17000.0	14800.0	-20.195852
17050.0	14800.0	-20.497803
17100.0	14800.0	-20.750383
17150.0	14800.0	-20.956867
17200.0	14800.0	-21.123428
17250.0	14800.0	-21.239439
17300.0	14800.0	-21.3025
17350.0	14800.0	-21.314512
17400.0	14800.0	-21.28791
17450.0	14800.0	-21.225332
17500.0	14800.0	-21.133305
17550.0	14800.0	-21.005234
17600.0	14800.0	-20.863277
17650.0	14800.0	-20.73488
17700.0	14800.0	-20.629389
17750.0	14800.0	-20.554531
17800.0	14800.0	-20.510565
17850.0	14800.0	-20.494013
17900.0	14800.0	-20.505886
17950.0	14800.0	-20.535192
18000.0	14800.0	-20.565845
18050.0	14800.0	-20.590372
18100.0	14800.0	-20.609854
18150.0	14800.0	-20.628334
18200.0	14800.0	-20.639589
18250.0	14800.0	-20.647671
18300.0	14800.0	-20.652206
10250.0	14850.0	22.180119
10300.0	14850.0	22.162766
10350.0	14850.0	22.151855
10400.0	14850.0	22.141729
10450.0	14850.0	22.130047
10500.0	14850.0	22.117464
10550.0	14850.0	22.107731
10600.0	14850.0	22.115923
10650.0	14850.0	22.132418
10700.0	14850.0	22.131308
10750.0	14850.0	22.116709
10800.0	14850.0	22.103868
10850.0	14850.0	22.082157
10900.0	14850.0	22.056292
10950.0	14850.0	22.039141
11000.0	14850.0	22.033493
11050.0	14850.0	22.041861
11100.0	14850.0	22.060328
11150.0	14850.0	22.094475
11200.0	14850.0	22.130569
11250.0	14850.0	22.155867
11300.0	14850.0	22.174736
11350.0	14850.0	22.192379
11400.0	14850.0	22.210722
11450.0	14850.0	22.229916
11500.0	14850.0	22.250687
11550.0	14850.0	22.273989
11600.0	14850.0	22.285051
11650.0	14850.0	22.278444
11700.0	14850.0	22.234974
11750.0	14850.0	22.156422
11800.0	14850.0	22.039907
11850.0	14850.0	21.886143
11900.0	14850.0	21.68265
11950.0	14850.0	21.432638
12000.0	14850.0	21.138531
12050.0	14850.0	20.808552
12100.0	14850.0	20.444757
12150.0	14850.0	20.050091
12200.0	14850.0	19.635197
12250.0	14850.0	19.209099
12300.0	14850.0	18.780188
12350.0	14850.0	18.354042
12400.0	14850.0	17.922796
12450.0	14850.0	17.4811
12500.0	14850.0	17.023367
12550.0	14850.0	16.55735
12600.0	14850.0	16.087778
12650.0	14850.0	15.63173
12700.0	14850.0	15.194185
12750.0	14850.0	14.778207
12800.0	14850.0	14.38401
12850.0	14850.0	14.007244
12900.0	14850.0	13.648715
12950.0	14850.0	13.306643
13000.0	14850.0	12.96847
13050.0	14850.0	12.637153
13100.0	14850.0	12.310186
13150.0	14850.0	11.990973
13200.0	14850.0	11.689785
13250.0	14850.0	11.411652
13300.0	14850.0	11.158237
13350.0	14850.0	10.922785
13400.0	14850.0	10.688689
13450.0	14850.0	10.447688
13500.0	14850.0	10.191828
13550.0	14850.0	9.928942
13600.0	14850.0	9.653392
13650.0	14850.0	9.368217
13700.0	14850.0	9.070717
13750.0	14850.0	8.754903
13800.0	14850.0	8.408645
13850.0	14850.0	8.022255
13900.0	14850.0	7.595506
13950.0	14850.0	7.132272
14000.0	14850.0	6.627799
14050.0	14850.0	6.083146
14100.0	14850.0	5.494353
14150.0	14850.0	4.861893
14200.0	14850.0	4.192266
14250.0	14850.0	3.491392
14300.0	14850.0	2.769763
14350.0	14850.0	2.032098
14400.0	14850.0	1.281765
14450.0	14850.0	0.518926
14500.0	14850.0	-0.255304
14550.0	14850.0	-1.035561
14600.0	14850.0	-1.814171
14650.0	14850.0	-2.578303
14700.0	14850.0	-3.311811
14750.0	14850.0	-4.001912
14800.0	14850.0	-4.649884
14850.0	14850.0	-5.26369
14900.0	14850.0	-5.841876
14950.0	14850.0	-6.383204
15000.0	14850.0	-6.878558
15050.0	14850.0	-7.321105
15100.0	14850.0	-7.711153
15150.0	14850.0	-8.046293
15200.0	14850.0	-8.337587
15250.0	14850.0	-8.600803
15300.0	14850.0	-8.840918
15350.0	14850.0	-9.06783
15400.0	14850.0	-9.283037
15450.0	14850.0	-9.48048
15500.0	14850.0	-9.661435
15550.0	14850.0	-9.832998
15600.0	14850.0	-9.995419
15650.0	14850.0	-10.157681
15700.0	14850.0	-10.330925
15750.0	14850.0	-10.53681
15800.0	14850.0	-10.778497
15850.0	14850.0	-11.05363
15900.0	14850.0	-11.347743
15950.0	14850.0	-11.651678
16000.0	14850.0	-11.958364
16050.0	14850.0	-12.278237
16100.0	14850.0	-12.620222
16150.0	14850.0	-12.992894
16200.0	14850.0	-13.387996
16250.0	14850.0	-13.810778
16300.0	14850.0	-14.255933
16350.0	14850.0	-14.711636
16400.0	14850.0	-15.165474
16450.0	14850.0	-15.605966
16500.0	14850.0	-16.024443
16550.0	14850.0	-16.437593
16600.0	14850.0	-16.853331
16650.0	14850.0	-17.287605
16700.0	14850.0	-17.729151
16750.0	14850.0	-18.175926
16800.0	14850.0	-18.61978
16850.0	14850.0	-19.049917
16900.0	14850.0	-19.45298
16950.0	14850.0	-19.819492
17000.0	14850.0	-20.147135
17050.0	14850.0	-20.429926
17100.0	14850.0	-20.659756
17150.0	14850.0	-20.841835
17200.0	14850.0	-20.975346
17250.0	14850.0	-21.069563
17300.0	14850.0	-21.12122
17350.0	14850.0	-21.128443
17400.0	14850.0	-21.104456
17450.0	14850.0	-21.048798
17500.0	14850.0	-20.95648
17550.0	14850.0	-20.84894
17600.0	14850.0	-20.738247
17650.0	14850.0	-20.640116
17700.0	14850.0	-20.556665
17750.0	14850.0	-20.488571
17800.0	14850.0	-20.447227
17850.0	14850.0	-20.434385
17900.0	14850.0	-20.441957
17950.0	14850.0	-20.467545
18000.0	14850.0	-20.507853
18050.0	14850.0	-20.555611
18100.0	14850.0	-20.607136
18150.0	14850.0	-20.655293
18200.0	14850.0	-20.693745
18250.0	14850.0	-20.717175
18300.0	14850.0	-20.743454
10250.0	14900.0	22.076128
10300.0	14900.0	22.095806
10350.0	14900.0	22.116201
10400.0	14900.0	22.141781
10450.0	14900.0	22.152477
10500.0	14900.0	22.146948
10550.0	14900.0	22.140039
10600.0	14900.0	22.136288
10650.0	14900.0	22.123383
10700.0	14900.0	22.104118
10750.0	14900.0	22.081675
10800.0	14900.0	22.063021
10850.0	14900.0	22.045656
10900.0	14900.0	22.027107
10950.0	14900.0	22.004725
11000.0	14900.0	21.999607
11050.0	14900.0	22.003117
11100.0	14900.0	22.002134
11150.0	14900.0	22.003828
11200.0	14900.0	22.025101
11250.0	14900.0	22.047466
11300.0	14900.0	22.068851
11350.0	14900.0	22.094231
11400.0	14900.0	22.113249
11450.0	14900.0	22.126226
11500.0	14900.0	22.144028
11550.0	14900.0	22.162277
11600.0	14900.0	22.165194
11650.0	14900.0	22.132481
11700.0	14900.0	22.070074
11750.0	14900.0	21.984804
11800.0	14900.0	21.870193
11850.0	14900.0	21.716898
11900.0	14900.0	21.519224
11950.0	14900.0	21.277983
12000.0	14900.0	21.000746
12050.0	14900.0	20.700996
12100.0	14900.0	20.382685
12150.0	14900.0	20.036201
12200.0	14900.0	19.66102
12250.0	14900.0	19.277283
12300.0	14900.0	18.892643
12350.0	14900.0	18.50947
12400.0	14900.0	18.111933
12450.0	14900.0	17.69742
12500.0	14900.0	17.266441
12550.0	14900.0	16.824631
12600.0	14900.0	16.381481
12650.0	14900.0	15.946635
12700.0	14900.0	15.52905
12750.0	14900.0	15.123876
12800.0	14900.0	14.727299
12850.0	14900.0	14.34592
12900.0	14900.0	13.983412
12950.0	14900.0	13.637789
13000.0	14900.0	13.308433
13050.0	14900.0	12.979046
13100.0	14900.0	12.646897
13150.0	14900.0	12.310953
13200.0	14900.0	11.976269
13250.0	14900.0	11.667886
13300.0	14900.0	11.379067
13350.0	14900.0	11.100753
13400.0	14900.0	10.825474
13450.0	14900.0	10.548157
13500.0	14900.0	10.271092
13550.0	14900.0	9.986645
13600.0	14900.0	9.699323
13650.0	14900.0	9.398001
13700.0	14900.0	9.083619
13750.0	14900.0	8.73965
13800.0	14900.0	8.366902
13850.0	14900.0	7.954349
13900.0	14900.0	7.501197
13950.0	14900.0	7.010239
14000.0	14900.0	6.493986
14050.0	14900.0	5.945511
14100.0	14900.0	5.35894
14150.0	14900.0	4.723724
14200.0	14900.0	4.044409
14250.0	14900.0	3.33272
14300.0	14900.0	2.602972
14350.0	14900.0	1.869729
14400.0	14900.0	1.137175
14450.0	14900.0	0.401528
14500.0	14900.0	-0.33663
14550.0	14900.0	-1.077506
14600.0	14900.0	-1.815372
14650.0	14900.0	-2.539968
14700.0	14900.0	-3.240213
14750.0	14900.0	-3.909671
14800.0	14900.0	-4.542618
14850.0	14900.0	-5.144131
14900.0	14900.0	-5.716977
14950.0	14900.0	-6.258879
15000.0	14900.0	-6.763508
15050.0	14900.0	-7.223073
15100.0	14900.0	-7.629221
15150.0	14900.0	-7.983016
15200.0	14900.0	-8.301631
15250.0	14900.0	-8.601502
15300.0	14900.0	-8.893169
15350.0	14900.0	-9.171868
15400.0	14900.0	-9.441549
15450.0	14900.0	-9.70126
15500.0	14900.0	-9.939542
15550.0	14900.0	-10.154914
15600.0	14900.0	-10.364284
15650.0	14900.0	-10.570377
15700.0	14900.0	-10.788343
15750.0	14900.0	-11.028912
15800.0	14900.0	-11.305916
15850.0	14900.0	-11.606307
15900.0	14900.0	-11.92468
15950.0	14900.0	-12.235461
16000.0	14900.0	-12.551326
16050.0	14900.0	-12.871514
16100.0	14900.0	-13.208364
16150.0	14900.0	-13.559769
16200.0	14900.0	-13.929227
16250.0	14900.0	-14.312808
16300.0	14900.0	-14.709229
16350.0	14900.0	-15.117751
16400.0	14900.0	-15.527428
16450.0	14900.0	-15.926213
16500.0	14900.0	-16.318268
16550.0	14900.0	-16.70038
16600.0	14900.0	-17.088835
16650.0	14900.0	-17.484959
16700.0	14900.0	-17.892345
16750.0	14900.0	-18.295124
16800.0	14900.0	-18.701809
16850.0	14900.0	-19.095499
16900.0	14900.0	-19.453712
16950.0	14900.0	-19.782162
17000.0	14900.0	-20.081966
17050.0	14900.0	-20.336826
17100.0	14900.0	-20.539173
17150.0	14900.0	-20.693521
17200.0	14900.0	-20.803911
17250.0	14900.0	-20.874788
17300.0	14900.0	-20.909122
17350.0	14900.0	-20.917128
17400.0	14900.0	-20.893238
17450.0	14900.0	-20.840231
17500.0	14900.0	-20.767151
17550.0	14900.0	-20.696314
17600.0	14900.0	-20.632124
17650.0	14900.0	-20.56554
17700.0	14900.0	-20.503948
17750.0	14900.0	-20.44873
17800.0	14900.0	-20.409742
17850.0	14900.0	-20.394905
17900.0	14900.0	-20.403097
17950.0	14900.0	-20.421488
18000.0	14900.0	-20.46105
18050.0	14900.0	-20.519958
18100.0	14900.0	-20.593653
18150.0	14900.0	-20.665672
18200.0	14900.0	-20.726696
18250.0	14900.0	-20.779491
18300.0	14900.0	-20.831135
10250.0	14950.0	21.975126
10300.0	14950.0	22.029844
10350.0	14950.0	22.083422
10400.0	14950.0	22.130924
10450.0	14950.0	22.165951
10500.0	14950.0	22.173712
10550.0	14950.0	22.172556
10600.0	14950.0	22.155273
10650.0	14950.0	22.11372
10700.0	14950.0	22.069584
10750.0	14950.0	22.04315
10800.0	14950.0	22.019201
10850.0	14950.0	22.007166
10900.0	14950.0	21.997519
10950.0	14950.0	21.992008
11000.0	14950.0	21.984676
11050.0	14950.0	21.973513
11100.0	14950.0	21.954624
11150.0	14950.0	21.938093
11200.0	14950.0	21.931936
11250.0	14950.0	21.946863
11300.0	14950.0	21.976082
11350.0	14950.0	22.000748
11400.0	14950.0	22.013172
11450.0	14950.0	22.017544
11500.0	14950.0	22.027803
11550.0	14950.0	22.0376
11600.0	14950.0	22.022276
11650.0	14950.0	21.971716
11700.0	14950.0	21.894896
11750.0	14950.0	21.798288
11800.0	14950.0	21.675898
11850.0	14950.0	21.521873
11900.0	14950.0	21.332203
11950.0	14950.0	21.107285
12000.0	14950.0	20.862057
12050.0	14950.0	20.604902
12100.0	14950.0	20.328897
12150.0	14950.0	20.032673
12200.0	14950.0	19.718044
12250.0	14950.0	19.388874
12300.0	14950.0	19.048424
12350.0	14950.0	18.702436
12400.0	14950.0	18.340828
12450.0	14950.0	17.959013
12500.0	14950.0	17.558701
12550.0	14950.0	17.152096
12600.0	14950.0	16.747391
12650.0	14950.0	16.349689
12700.0	14950.0	15.947989
12750.0	14950.0	15.551131
12800.0	14950.0	15.16265
12850.0	14950.0	14.7845
12900.0	14950.0	14.418204
12950.0	14950.0	14.067591
13000.0	14950.0	13.728328
13050.0	14950.0	13.392617
13100.0	14950.0	13.041573
13150.0	14950.0	12.679258
13200.0	14950.0	12.326938
13250.0	14950.0	11.984678
13300.0	14950.0	11.650533
13350.0	14950.0	11.321959
13400.0	14950.0	11.001572
13450.0	14950.0	10.693065
13500.0	14950.0	10.389883
13550.0	14950.0	10.079379
13600.0	14950.0	9.762875
13650.0	14950.0	9.443957
13700.0	14950.0	9.100698
13750.0	14950.0	8.722803
13800.0	14950.0	8.307974
13850.0	14950.0	7.860528
13900.0	14950.0	7.378525
13950.0	14950.0	6.868071
14000.0	14950.0	6.33406
14050.0	14950.0	5.776157
14100.0	14950.0	5.184147
14150.0	14950.0	4.5489
14200.0	14950.0	3.871042
14250.0	14950.0	3.160583
14300.0	14950.0	2.433492
14350.0	14950.0	1.706868
14400.0	14950.0	0.99022
14450.0	14950.0	0.283887
14500.0	14950.0	-0.41732
14550.0	14950.0	-1.11657
14600.0	14950.0	-1.808738
14650.0	14950.0	-2.488677
14700.0	14950.0	-3.153705
14750.0	14950.0	-3.796912
14800.0	14950.0	-4.416725
14850.0	14950.0	-5.005736
14900.0	14950.0	-5.568175
14950.0	14950.0	-6.110438
15000.0	14950.0	-6.623482
15050.0	14950.0	-7.09669
15100.0	14950.0	-7.528434
15150.0	14950.0	-7.920399
15200.0	14950.0	-8.28915
15250.0	14950.0	-8.639062
15300.0	14950.0	-8.980095
15350.0	14950.0	-9.310035
15400.0	14950.0	-9.637213
15450.0	14950.0	-9.956841
15500.0	14950.0	-10.259503
15550.0	14950.0	-10.535781
15600.0	14950.0	-10.79995
15650.0	14950.0	-11.065008
15700.0	14950.0	-11.338476
15750.0	14950.0	-11.625684
15800.0	14950.0	-11.924139
15850.0	14950.0	-12.238881
15900.0	14950.0	-12.56706
15950.0	14950.0	-12.90003
16000.0	14950.0	-13.22677
16050.0	14950.0	-13.557007
16100.0	14950.0	-13.890454
16150.0	14950.0	-14.22563
16200.0	14950.0	-14.562086
16250.0	14950.0	-14.903358
16300.0	14950.0	-15.252517
16350.0	14950.0	-15.606491
16400.0	14950.0	-15.959691
16450.0	14950.0	-16.31395
16500.0	14950.0	-16.671732
16550.0	14950.0	-17.026943
16600.0	14950.0	-17.377605
16650.0	14950.0	-17.735811
16700.0	14950.0	-18.092266
16750.0	14950.0	-18.454435
16800.0	14950.0	-18.80385
16850.0	14950.0	-19.138517
16900.0	14950.0	-19.452991
16950.0	14950.0	-19.739958
17000.0	14950.0	-19.990845
17050.0	14950.0	-20.210316
17100.0	14950.0	-20.388021
17150.0	14950.0	-20.522341
17200.0	14950.0	-20.606884
17250.0	14950.0	-20.654093
17300.0	14950.0	-20.678852
17350.0	14950.0	-20.677441
17400.0	14950.0	-20.655262
17450.0	14950.0	-20.621582
17500.0	14950.0	-20.582903
17550.0	14950.0	-20.549847
17600.0	14950.0	-20.526844
17650.0	14950.0	-20.499495
17700.0	14950.0	-20.462723
17750.0	14950.0	-20.425972
17800.0	14950.0	-20.39493
17850.0	14950.0	-20.383121
17900.0	14950.0	-20.385832
17950.0	14950.0	-20.401295
18000.0	14950.0	-20.430607
18050.0	14950.0	-20.493191
18100.0	14950.0	-20.573559
18150.0	14950.0	-20.656651
18200.0	14950.0	-20.742928
18250.0	14950.0	-20.829872
18300.0	14950.0	-20.908962
10250.0	15000.0	21.88175
10300.0	15000.0	21.968843
10350.0	15000.0	22.055618
10400.0	15000.0	22.122389
10450.0	15000.0	22.164845
10500.0	15000.0	22.188732
10550.0	15000.0	22.184509
10600.0	15000.0	22.148499
10650.0	15000.0	22.096809
10700.0	15000.0	22.044817
10750.0	15000.0	22.012871
10800.0	15000.0	21.994547
10850.0	15000.0	21.979031
10900.0	15000.0	21.976093
10950.0	15000.0	21.981306
11000.0	15000.0	21.972094
11050.0	15000.0	21.950981
11100.0	15000.0	21.923044
11150.0	15000.0	21.889797
11200.0	15000.0	21.87067
11250.0	15000.0	21.870625
11300.0	15000.0	21.887514
11350.0	15000.0	21.900112
11400.0	15000.0	21.903681
11450.0	15000.0	21.902287
11500.0	15000.0	21.900383
11550.0	15000.0	21.886551
11600.0	15000.0	21.852789
11650.0	15000.0	21.792284
11700.0	15000.0	21.708075
11750.0	15000.0	21.596098
11800.0	15000.0	21.466291
11850.0	15000.0	21.314249
11900.0	15000.0	21.134676
11950.0	15000.0	20.93725
12000.0	15000.0	20.73152
12050.0	15000.0	20.514238
12100.0	15000.0	20.287081
12150.0	15000.0	20.048103
12200.0	15000.0	19.794388
12250.0	15000.0	19.523232
12300.0	15000.0	19.233763
12350.0	15000.0	18.924343
12400.0	15000.0	18.602041
12450.0	15000.0	18.256771
12500.0	15000.0	17.897179
12550.0	15000.0	17.533035
12600.0	15000.0	17.17992
12650.0	15000.0	16.817362
12700.0	15000.0	16.442537
12750.0	15000.0	16.061892
12800.0	15000.0	15.682015
12850.0	15000.0	15.313208
12900.0	15000.0	14.949763
12950.0	15000.0	14.590714
13000.0	15000.0	14.233849
13050.0	15000.0	13.870292
13100.0	15000.0	13.498598
13150.0	15000.0	13.122257
13200.0	15000.0	12.74315
13250.0	15000.0	12.362035
13300.0	15000.0	11.978989
13350.0	15000.0	11.601328
13400.0	15000.0	11.234664
13450.0	15000.0	10.886189
13500.0	15000.0	10.550756
13550.0	15000.0	10.212036
13600.0	15000.0	9.860651
13650.0	15000.0	9.496019
13700.0	15000.0	9.109363
13750.0	15000.0	8.688922
13800.0	15000.0	8.231443
13850.0	15000.0	7.742758
13900.0	15000.0	7.230659
13950.0	15000.0	6.699493
14000.0	15000.0	6.152701
14050.0	15000.0	5.580662
14100.0	15000.0	4.975629
14150.0	15000.0	4.337697
14200.0	15000.0	3.670414
14250.0	15000.0	2.977776
14300.0	15000.0	2.270928
14350.0	15000.0	1.558211
14400.0	15000.0	0.858362
14450.0	15000.0	0.175842
14500.0	15000.0	-0.488653
14550.0	15000.0	-1.141822
14600.0	15000.0	-1.790948
14650.0	15000.0	-2.430372
14700.0	15000.0	-3.060507
14750.0	15000.0	-3.673674
14800.0	15000.0	-4.270334
14850.0	15000.0	-4.850786
14900.0	15000.0	-5.412671
14950.0	15000.0	-5.952955
15000.0	15000.0	-6.46547
15050.0	15000.0	-6.952466
15100.0	15000.0	-7.417935
15150.0	15000.0	-7.867
15200.0	15000.0	-8.298937
15250.0	15000.0	-8.707051
15300.0	15000.0	-9.102958
15350.0	15000.0	-9.48952
15400.0	15000.0	-9.872769
15450.0	15000.0	-10.251941
15500.0	15000.0	-10.615324
15550.0	15000.0	-10.963528
15600.0	15000.0	-11.298742
15650.0	15000.0	-11.632674
15700.0	15000.0	-11.965306
15750.0	15000.0	-12.293299
15800.0	15000.0	-12.620025
15850.0	15000.0	-12.945522
15900.0	15000.0	-13.284342
15950.0	15000.0	-13.628746
16000.0	15000.0	-13.976417
16050.0	15000.0	-14.314856
16100.0	15000.0	-14.643392
16150.0	15000.0	-14.961882
16200.0	15000.0	-15.273883
16250.0	15000.0	-15.579469
16300.0	15000.0	-15.87571
16350.0	15000.0	-16.16934
16400.0	15000.0	-16.467833
16450.0	15000.0	-16.77244
16500.0	15000.0	-17.087086
16550.0	15000.0	-17.409182
16600.0	15000.0	-17.723349
16650.0	15000.0	-18.029446
16700.0	15000.0	-18.33234
16750.0	15000.0	-18.626638
16800.0	15000.0	-18.913427
16850.0	15000.0	-19.182878
16900.0	15000.0	-19.44121
16950.0	15000.0	-19.675713
17000.0	15000.0	-19.883432
17050.0	15000.0	-20.060049
17100.0	15000.0	-20.211292
17150.0	15000.0	-20.317232
17200.0	15000.0	-20.380888
17250.0	15000.0	-20.411018
17300.0	15000.0	-20.425045
17350.0	15000.0	-20.424244
17400.0	15000.0	-20.416166
17450.0	15000.0	-20.403534
17500.0	15000.0	-20.403063
17550.0	15000.0	-20.409639
17600.0	15000.0	-20.417721
17650.0	15000.0	-20.426485
17700.0	15000.0	-20.42609
17750.0	15000.0	-20.414015
17800.0	15000.0	-20.402855
17850.0	15000.0	-20.396418
17900.0	15000.0	-20.388439
17950.0	15000.0	-20.393997
18000.0	15000.0	-20.425125
18050.0	15000.0	-20.480017
18100.0	15000.0	-20.554403
18150.0	15000.0	-20.6462
18200.0	15000.0	-20.748688
18250.0	15000.0	-20.858393
18300.0	15000.0	-20.965746
10250.0	15050.0	21.802904
10300.0	15050.0	21.925621
10350.0	15050.0	22.029097
10400.0	15050.0	22.106066
10450.0	15050.0	22.154215
10500.0	15050.0	22.172945
10550.0	15050.0	22.158609
10600.0	15050.0	22.123377
10650.0	15050.0	22.074524
10700.0	15050.0	22.03484
10750.0	15050.0	22.004801
10800.0	15050.0	21.984203
10850.0	15050.0	21.97138
10900.0	15050.0	21.965927
10950.0	15050.0	21.967125
11000.0	15050.0	21.959766
11050.0	15050.0	21.934334
11100.0	15050.0	21.904362
11150.0	15050.0	21.871304
11200.0	15050.0	21.832325
11250.0	15050.0	21.811823
11300.0	15050.0	21.800499
11350.0	15050.0	21.792269
11400.0	15050.0	21.783056
11450.0	15050.0	21.777206
11500.0	15050.0	21.758085
11550.0	15050.0	21.718395
11600.0	15050.0	21.659428
11650.0	15050.0	21.585936
11700.0	15050.0	21.491476
11750.0	15050.0	21.380154
11800.0	15050.0	21.248316
11850.0	15050.0	21.101606
11900.0	15050.0	20.945538
11950.0	15050.0	20.784101
12000.0	15050.0	20.615049
12050.0	15050.0	20.440853
12100.0	15050.0	20.261158
12150.0	15050.0	20.076414
12200.0	15050.0	19.881945
12250.0	15050.0	19.662079
12300.0	15050.0	19.423618
12350.0	15050.0	19.161036
12400.0	15050.0	18.87797
12450.0	15050.0	18.583954
12500.0	15050.0	18.279423
12550.0	15050.0	17.971832
12600.0	15050.0	17.655169
12650.0	15050.0	17.333874
12700.0	15050.0	16.996128
12750.0	15050.0	16.642424
12800.0	15050.0	16.283651
12850.0	15050.0	15.919682
12900.0	15050.0	15.558281
12950.0	15050.0	15.185488
13000.0	15050.0	14.803722
13050.0	15050.0	14.420116
13100.0	15050.0	14.034395
13150.0	15050.0	13.643861
13200.0	15050.0	13.239513
13250.0	15050.0	12.81746
13300.0	15050.0	12.387184
13350.0	15050.0	11.958347
13400.0	15050.0	11.539447
13450.0	15050.0	11.138913
13500.0	15050.0	10.751672
13550.0	15050.0	10.364729
13600.0	15050.0	9.96263
13650.0	15050.0	9.538943
13700.0	15050.0	9.088037
13750.0	15050.0	8.612936
13800.0	15050.0	8.114785
13850.0	15050.0	7.592807
13900.0	15050.0	7.051692
13950.0	15050.0	6.49796
14000.0	15050.0	5.931057
14050.0	15050.0	5.344628
14100.0	15050.0	4.730579
14150.0	15050.0	4.09639
14200.0	15050.0	3.445451
14250.0	15050.0	2.782599
14300.0	15050.0	2.105993
14350.0	15050.0	1.428201
14400.0	15050.0	0.753219
14450.0	15050.0	0.098937
14500.0	15050.0	-0.535246
14550.0	15050.0	-1.152424
14600.0	15050.0	-1.7545
14650.0	15050.0	-2.353405
14700.0	15050.0	-2.943941
14750.0	15050.0	-3.531859
14800.0	15050.0	-4.115395
14850.0	15050.0	-4.692211
14900.0	15050.0	-5.25656
14950.0	15050.0	-5.796385
15000.0	15050.0	-6.313781
15050.0	15050.0	-6.817675
15100.0	15050.0	-7.323036
15150.0	15050.0	-7.828434
15200.0	15050.0	-8.316483
15250.0	15050.0	-8.791424
15300.0	15050.0	-9.252632
15350.0	15050.0	-9.710166
15400.0	15050.0	-10.155023
15450.0	15050.0	-10.588369
15500.0	15050.0	-11.015978
15550.0	15050.0	-11.438358
15600.0	15050.0	-11.85128
15650.0	15050.0	-12.254705
15700.0	15050.0	-12.644252
15750.0	15050.0	-13.0167
15800.0	15050.0	-13.37342
15850.0	15050.0	-13.724292
15900.0	15050.0	-14.066304
15950.0	15050.0	-14.420672
16000.0	15050.0	-14.773599
16050.0	15050.0	-15.121099
16100.0	15050.0	-15.450484
16150.0	15050.0	-15.759436
16200.0	15050.0	-16.049181
16250.0	15050.0	-16.317402
16300.0	15050.0	-16.566364
16350.0	15050.0	-16.804613
16400.0	15050.0	-17.046995
16450.0	15050.0	-17.306719
16500.0	15050.0	-17.575857
16550.0	15050.0	-17.843969
16600.0	15050.0	-18.109716
16650.0	15050.0	-18.357775
16700.0	15050.0	-18.590199
16750.0	15050.0	-18.813068
16800.0	15050.0	-19.020271
16850.0	15050.0	-19.220732
16900.0	15050.0	-19.414145
16950.0	15050.0	-19.597076
17000.0	15050.0	-19.75791
17050.0	15050.0	-19.897202
17100.0	15050.0	-20.004507
17150.0	15050.0	-20.075966
17200.0	15050.0	-20.122345
17250.0	15050.0	-20.14637
17300.0	15050.0	-20.155764
17350.0	15050.0	-20.171345
17400.0	15050.0	-20.181047
17450.0	15050.0	-20.199942
17500.0	15050.0	-20.230209
17550.0	15050.0	-20.267601
17600.0	15050.0	-20.309635
17650.0	15050.0	-20.351664
17700.0	15050.0	-20.381828
17750.0	15050.0	-20.407442
17800.0	15050.0	-20.418814
17850.0	15050.0	-20.412912
17900.0	15050.0	-20.407545
17950.0	15050.0	-20.414951
18000.0	15050.0	-20.441004
18050.0	15050.0	-20.485355
18100.0	15050.0	-20.552389
18150.0	15050.0	-20.639986
18200.0	15050.0	-20.745687
18250.0	15050.0	-20.866467
18300.0	15050.0	-20.989346
10250.0	15100.0	21.768009
10300.0	15100.0	21.889437
10350.0	15100.0	21.993374
10400.0	15100.0	22.067272
10450.0	15100.0	22.111057
10500.0	15100.0	22.129328
10550.0	15100.0	22.118364
10600.0	15100.0	22.089039
10650.0	15100.0	22.057541
10700.0	15100.0	22.03447
10750.0	15100.0	22.004244
10800.0	15100.0	21.982548
10850.0	15100.0	21.977024
10900.0	15100.0	21.975657
10950.0	15100.0	21.966753
11000.0	15100.0	21.953054
11050.0	15100.0	21.928183
11100.0	15100.0	21.897411
11150.0	15100.0	21.858784
11200.0	15100.0	21.808702
11250.0	15100.0	21.760294
11300.0	15100.0	21.715508
11350.0	15100.0	21.682484
11400.0	15100.0	21.664537
11450.0	15100.0	21.64196
11500.0	15100.0	21.597437
11550.0	15100.0	21.528912
11600.0	15100.0	21.441498
11650.0	15100.0	21.350061
11700.0	15100.0	21.25362
11750.0	15100.0	21.145739
11800.0	15100.0	21.028702
11850.0	15100.0	20.897781
11900.0	15100.0	20.773535
11950.0	15100.0	20.645615
12000.0	15100.0	20.516476
12050.0	15100.0	20.3841
12100.0	15100.0	20.250355
12150.0	15100.0	20.114571
12200.0	15100.0	19.967644
12250.0	15100.0	19.803898
12300.0	15100.0	19.617901
12350.0	15100.0	19.401865
12400.0	15100.0	19.169338
12450.0	15100.0	18.932993
12500.0	15100.0	18.694386
12550.0	15100.0	18.445044
12600.0	15100.0	18.176729
12650.0	15100.0	17.887762
12700.0	15100.0	17.589184
12750.0	15100.0	17.272257
12800.0	15100.0	16.938168
12850.0	15100.0	16.583481
12900.0	15100.0	16.214428
12950.0	15100.0	15.830787
13000.0	15100.0	15.443518
13050.0	15100.0	15.051457
13100.0	15100.0	14.653473
13150.0	15100.0	14.244982
13200.0	15100.0	13.815181
13250.0	15100.0	13.354856
13300.0	15100.0	12.876117
13350.0	15100.0	12.38782
13400.0	15100.0	11.908834
13450.0	15100.0	11.438286
13500.0	15100.0	10.980412
13550.0	15100.0	10.525578
13600.0	15100.0	10.060671
13650.0	15100.0	9.566778
13700.0	15100.0	9.045616
13750.0	15100.0	8.504498
13800.0	15100.0	7.954285
13850.0	15100.0	7.395031
13900.0	15100.0	6.832275
13950.0	15100.0	6.256071
14000.0	15100.0	5.669241
14050.0	15100.0	5.062815
14100.0	15100.0	4.452075
14150.0	15100.0	3.833748
14200.0	15100.0	3.209215
14250.0	15100.0	2.577997
14300.0	15100.0	1.944332
14350.0	15100.0	1.310215
14400.0	15100.0	0.679362
14450.0	15100.0	0.053787
14500.0	15100.0	-0.549436
14550.0	15100.0	-1.132921
14600.0	15100.0	-1.691481
14650.0	15100.0	-2.243509
14700.0	15100.0	-2.797718
14750.0	15100.0	-3.366514
14800.0	15100.0	-3.947321
14850.0	15100.0	-4.525131
14900.0	15100.0	-5.094399
14950.0	15100.0	-5.644703
15000.0	15100.0	-6.184669
15050.0	15100.0	-6.724752
15100.0	15100.0	-7.266932
15150.0	15100.0	-7.816431
15200.0	15100.0	-8.363635
15250.0	15100.0	-8.905319
15300.0	15100.0	-9.438365
15350.0	15100.0	-9.959605
15400.0	15100.0	-10.465446
15450.0	15100.0	-10.963569
15500.0	15100.0	-11.46151
15550.0	15100.0	-11.956188
15600.0	15100.0	-12.443152
15650.0	15100.0	-12.912822
15700.0	15100.0	-13.361368
15750.0	15100.0	-13.78077
15800.0	15100.0	-14.174372
15850.0	15100.0	-14.548303
15900.0	15100.0	-14.908674
15950.0	15100.0	-15.262469
16000.0	15100.0	-15.619462
16050.0	15100.0	-15.967206
16100.0	15100.0	-16.298969
16150.0	15100.0	-16.599792
16200.0	15100.0	-16.867687
16250.0	15100.0	-17.100126
16300.0	15100.0	-17.307613
16350.0	15100.0	-17.503471
16400.0	15100.0	-17.703384
16450.0	15100.0	-17.906857
16500.0	15100.0	-18.118784
16550.0	15100.0	-18.325653
16600.0	15100.0	-18.526337
16650.0	15100.0	-18.705618
16700.0	15100.0	-18.867241
16750.0	15100.0	-19.005444
16800.0	15100.0	-19.134367
16850.0	15100.0	-19.254601
16900.0	15100.0	-19.379339
16950.0	15100.0	-19.497845
17000.0	15100.0	-19.609932
17050.0	15100.0	-19.702131
17100.0	15100.0	-19.767128
17150.0	15100.0	-19.810545
17200.0	15100.0	-19.842384
17250.0	15100.0	-19.867489
17300.0	15100.0	-19.886406
17350.0	15100.0	-19.914722
17400.0	15100.0	-19.955566
17450.0	15100.0	-20.004755
17500.0	15100.0	-20.067892
17550.0	15100.0	-20.13447
17600.0	15100.0	-20.204687
17650.0	15100.0	-20.270519
17700.0	15100.0	-20.334465
17750.0	15100.0	-20.389114
17800.0	15100.0	-20.423717
17850.0	15100.0	-20.43256
17900.0	15100.0	-20.438925
17950.0	15100.0	-20.456039
18000.0	15100.0	-20.483027
18050.0	15100.0	-20.519272
18100.0	15100.0	-20.570395
18150.0	15100.0	-20.644451
18200.0	15100.0	-20.740393
18250.0	15100.0	-20.850763
18300.0	15100.0	-20.974663
10250.0	15150.0	21.783041
10300.0	15150.0	21.864487
10350.0	15150.0	21.938126
10400.0	15150.0	21.995911
10450.0	15150.0	22.038626
10500.0	15150.0	22.06258
10550.0	15150.0	22.06555
10600.0	15150.0	22.055384
10650.0	15150.0	22.049109
10700.0	15150.0	22.031836
10750.0	15150.0	22.009674
10800.0	15150.0	21.997313
10850.0	15150.0	21.993683
10900.0	15150.0	21.994614
10950.0	15150.0	21.987471
11000.0	15150.0	21.961828
11050.0	15150.0	21.931992
11100.0	15150.0	21.892553
11150.0	15150.0	21.843626
11200.0	15150.0	21.78546
11250.0	15150.0	21.713488
11300.0	15150.0	21.641768
11350.0	15150.0	21.584314
11400.0	15150.0	21.539181
11450.0	15150.0	21.489351
11500.0	15150.0	21.413942
11550.0	15150.0	21.315136
11600.0	15150.0	21.20826
11650.0	15150.0	21.10309
11700.0	15150.0	21.003172
11750.0	15150.0	20.904646
11800.0	15150.0	20.802294
11850.0	15150.0	20.705112
11900.0	15150.0	20.608467
11950.0	15150.0	20.520918
12000.0	15150.0	20.431515
12050.0	15150.0	20.338863
12100.0	15150.0	20.245707
12150.0	15150.0	20.152231
12200.0	15150.0	20.058699
12250.0	15150.0	19.953632
12300.0	15150.0	19.819918
12350.0	15150.0	19.660379
12400.0	15150.0	19.48662
12450.0	15150.0	19.308966
12500.0	15150.0	19.131701
12550.0	15150.0	18.940695
12600.0	15150.0	18.720753
12650.0	15150.0	18.475729
12700.0	15150.0	18.212378
12750.0	15150.0	17.932779
12800.0	15150.0	17.622564
12850.0	15150.0	17.282713
12900.0	15150.0	16.91374
12950.0	15150.0	16.536156
13000.0	15150.0	16.148088
13050.0	15150.0	15.74921
13100.0	15150.0	15.338026
13150.0	15150.0	14.906575
13200.0	15150.0	14.444987
13250.0	15150.0	13.949063
13300.0	15150.0	13.420957
13350.0	15150.0	12.877656
13400.0	15150.0	12.330179
13450.0	15150.0	11.786779
13500.0	15150.0	11.241402
13550.0	15150.0	10.699088
13600.0	15150.0	10.147719
13650.0	15150.0	9.576915
13700.0	15150.0	8.983748
13750.0	15150.0	8.37706
13800.0	15150.0	7.766765
13850.0	15150.0	7.16422
13900.0	15150.0	6.566605
13950.0	15150.0	5.970065
14000.0	15150.0	5.358148
14050.0	15150.0	4.746888
14100.0	15150.0	4.141271
14150.0	15150.0	3.549689
14200.0	15150.0	2.962438
14250.0	15150.0	2.376646
14300.0	15150.0	1.792649
14350.0	15150.0	1.210144
14400.0	15150.0	0.625842
14450.0	15150.0	0.046997
14500.0	15150.0	-0.522557
14550.0	15150.0	-1.064412
14600.0	15150.0	-1.589978
14650.0	15150.0	-2.106084
14700.0	15150.0	-2.637384
14750.0	15150.0	-3.191833
14800.0	15150.0	-3.765329
14850.0	15150.0	-4.34538
14900.0	15150.0	-4.918875
14950.0	15150.0	-5.491168
15000.0	15150.0	-6.068959
15050.0	15150.0	-6.65095
15100.0	15150.0	-7.238184
15150.0	15150.0	-7.833643
15200.0	15150.0	-8.442156
15250.0	15150.0	-9.05437
15300.0	15150.0	-9.654284
15350.0	15150.0	-10.236807
15400.0	15150.0	-10.809101
15450.0	15150.0	-11.374238
15500.0	15150.0	-11.939917
15550.0	15150.0	-12.505432
15600.0	15150.0	-13.058034
15650.0	15150.0	-13.591795
15700.0	15150.0	-14.097409
15750.0	15150.0	-14.569763
15800.0	15150.0	-15.004033
15850.0	15150.0	-15.40646
15900.0	15150.0	-15.785167
15950.0	15150.0	-16.152727
16000.0	15150.0	-16.50543
16050.0	15150.0	-16.849419
16100.0	15150.0	-17.171707
16150.0	15150.0	-17.464521
16200.0	15150.0	-17.70878
16250.0	15150.0	-17.912683
16300.0	15150.0	-18.090231
16350.0	15150.0	-18.253155
16400.0	15150.0	-18.40671
16450.0	15150.0	-18.558294
16500.0	15150.0	-18.70092
16550.0	15150.0	-18.842999
16600.0	15150.0	-18.968954
16650.0	15150.0	-19.075521
16700.0	15150.0	-19.153635
16750.0	15150.0	-19.21125
16800.0	15150.0	-19.25169
16850.0	15150.0	-19.293966
16900.0	15150.0	-19.336557
16950.0	15150.0	-19.387093
17000.0	15150.0	-19.43022
17050.0	15150.0	-19.464415
17100.0	15150.0	-19.495615
17150.0	15150.0	-19.526915
17200.0	15150.0	-19.554588
17250.0	15150.0	-19.585804
17300.0	15150.0	-19.625214
17350.0	15150.0	-19.667799
17400.0	15150.0	-19.731064
17450.0	15150.0	-19.81632
17500.0	15150.0	-19.910341
17550.0	15150.0	-20.010544
17600.0	15150.0	-20.103321
17650.0	15150.0	-20.193256
17700.0	15150.0	-20.279362
17750.0	15150.0	-20.352825
17800.0	15150.0	-20.407335
17850.0	15150.0	-20.449333
17900.0	15150.0	-20.483416
17950.0	15150.0	-20.51676
18000.0	15150.0	-20.547407
18050.0	15150.0	-20.57692
18100.0	15150.0	-20.611368
18150.0	15150.0	-20.663376
18200.0	15150.0	-20.732527
18250.0	15150.0	-20.821007
18300.0	15150.0	-20.918545
10250.0	15200.0	21.82971
10300.0	15200.0	21.849234
10350.0	15200.0	21.87495
10400.0	15200.0	21.910791
10450.0	15200.0	21.945852
10500.0	15200.0	21.971199
10550.0	15200.0	21.995438
10600.0	15200.0	22.015194
10650.0	15200.0	22.031284
10700.0	15200.0	22.033808
10750.0	15200.0	22.035242
10800.0	15200.0	22.032143
10850.0	15200.0	22.030302
10900.0	15200.0	22.022898
10950.0	15200.0	22.002588
11000.0	15200.0	21.978903
11050.0	15200.0	21.942545
11100.0	15200.0	21.891794
11150.0	15200.0	21.829269
11200.0	15200.0	21.761021
11250.0	15200.0	21.671198
11300.0	15200.0	21.577972
11350.0	15200.0	21.492149
11400.0	15200.0	21.409386
11450.0	15200.0	21.315863
11500.0	15200.0	21.207048
11550.0	15200.0	21.08617
11600.0	15200.0	20.968277
11650.0	15200.0	20.855515
11700.0	15200.0	20.75149
11750.0	15200.0	20.657984
11800.0	15200.0	20.576107
11850.0	15200.0	20.50967
11900.0	15200.0	20.450485
11950.0	15200.0	20.399002
12000.0	15200.0	20.350319
12050.0	15200.0	20.29981
12100.0	15200.0	20.248901
12150.0	15200.0	20.20182
12200.0	15200.0	20.155127
12250.0	15200.0	20.102533
12300.0	15200.0	20.029585
12350.0	15200.0	19.939579
12400.0	15200.0	19.831898
12450.0	15200.0	19.713541
12500.0	15200.0	19.587208
12550.0	15200.0	19.442265
12600.0	15200.0	19.274862
12650.0	15200.0	19.07913
12700.0	15200.0	18.858437
12750.0	15200.0	18.608124
12800.0	15200.0	18.325336
12850.0	15200.0	18.008781
12900.0	15200.0	17.662893
12950.0	15200.0	17.294865
13000.0	15200.0	16.902473
13050.0	15200.0	16.48955
13100.0	15200.0	16.060371
13150.0	15200.0	15.600757
13200.0	15200.0	15.101092
13250.0	15200.0	14.566308
13300.0	15200.0	14.000177
13350.0	15200.0	13.411986
13400.0	15200.0	12.804013
13450.0	15200.0	12.176402
13500.0	15200.0	11.535263
13550.0	15200.0	10.888294
13600.0	15200.0	10.237389
13650.0	15200.0	9.573936
13700.0	15200.0	8.903925
13750.0	15200.0	8.235738
13800.0	15200.0	7.571387
13850.0	15200.0	6.919479
13900.0	15200.0	6.277293
13950.0	15200.0	5.647255
14000.0	15200.0	5.023923
14050.0	15200.0	4.415607
14100.0	15200.0	3.825573
14150.0	15200.0	3.254311
14200.0	15200.0	2.707219
14250.0	15200.0	2.177241
14300.0	15200.0	1.65499
14350.0	15200.0	1.126952
14400.0	15200.0	0.59763
14450.0	15200.0	0.071539
14500.0	15200.0	-0.44568
14550.0	15200.0	-0.948974
14600.0	15200.0	-1.450421
14650.0	15200.0	-1.955676
14700.0	15200.0	-2.478302
14750.0	15200.0	-3.019718
14800.0	15200.0	-3.578029
14850.0	15200.0	-4.155263
14900.0	15200.0	-4.740106
14950.0	15200.0	-5.339088
15000.0	15200.0	-5.95111
15050.0	15200.0	-6.581395
15100.0	15200.0	-7.225991
15150.0	15200.0	-7.878324
15200.0	15200.0	-8.543533
15250.0	15200.0	-9.212554
15300.0	15200.0	-9.8783
15350.0	15200.0	-10.535662
15400.0	15200.0	-11.181877
15450.0	15200.0	-11.818784
15500.0	15200.0	-12.44861
15550.0	15200.0	-13.075654
15600.0	15200.0	-13.693649
15650.0	15200.0	-14.283876
15700.0	15200.0	-14.839865
15750.0	15200.0	-15.364079
15800.0	15200.0	-15.849063
15850.0	15200.0	-16.289354
15900.0	15200.0	-16.696842
15950.0	15200.0	-17.071745
16000.0	15200.0	-17.42997
16050.0	15200.0	-17.762197
16100.0	15200.0	-18.062263
16150.0	15200.0	-18.326902
16200.0	15200.0	-18.554491
16250.0	15200.0	-18.747284
16300.0	15200.0	-18.907139
16350.0	15200.0	-19.040125
16400.0	15200.0	-19.149981
16450.0	15200.0	-19.241829
16500.0	15200.0	-19.319357
16550.0	15200.0	-19.384661
16600.0	15200.0	-19.430838
16650.0	15200.0	-19.452751
16700.0	15200.0	-19.442949
16750.0	15200.0	-19.413136
16800.0	15200.0	-19.378103
16850.0	15200.0	-19.339561
16900.0	15200.0	-19.298256
16950.0	15200.0	-19.25778
17000.0	15200.0	-19.227518
17050.0	15200.0	-19.20557
17100.0	15200.0	-19.199272
17150.0	15200.0	-19.217928
17200.0	15200.0	-19.256779
17250.0	15200.0	-19.305361
17300.0	15200.0	-19.36635
17350.0	15200.0	-19.435198
17400.0	15200.0	-19.524157
17450.0	15200.0	-19.634579
17500.0	15200.0	-19.758759
17550.0	15200.0	-19.884478
17600.0	15200.0	-20.002573
17650.0	15200.0	-20.110714
17700.0	15200.0	-20.214504
17750.0	15200.0	-20.303282
17800.0	15200.0	-20.385675
17850.0	15200.0	-20.465561
17900.0	15200.0	-20.533985
17950.0	15200.0	-20.585089
18000.0	15200.0	-20.6234
18050.0	15200.0	-20.6506
18100.0	15200.0	-20.673792
18150.0	15200.0	-20.697742
18200.0	15200.0	-20.735619
18250.0	15200.0	-20.776922
18300.0	15200.0	-20.824783
10250.0	15250.0	21.879112
10300.0	15250.0	21.846899
10350.0	15250.0	21.825979
10400.0	15250.0	21.82449
10450.0	15250.0	21.836596
10500.0	15250.0	21.862865
10550.0	15250.0	21.904562
10600.0	15250.0	21.95871
10650.0	15250.0	22.004826
10700.0	15250.0	22.045097
10750.0	15250.0	22.074455
10800.0	15250.0	22.088341
10850.0	15250.0	22.081511
10900.0	15250.0	22.060251
10950.0	15250.0	22.026936
11000.0	15250.0	21.988213
11050.0	15250.0	21.945265
11100.0	15250.0	21.885853
11150.0	15250.0	21.81732
11200.0	15250.0	21.737043
11250.0	15250.0	21.638155
11300.0	15250.0	21.526081
11350.0	15250.0	21.406878
11400.0	15250.0	21.272606
11450.0	15250.0	21.126005
11500.0	15250.0	20.983559
11550.0	15250.0	20.848026
11600.0	15250.0	20.720793
11650.0	15250.0	20.604172
11700.0	15250.0	20.503389
11750.0	15250.0	20.421047
11800.0	15250.0	20.356232
11850.0	15250.0	20.311167
11900.0	15250.0	20.286516
11950.0	15250.0	20.271822
12000.0	15250.0	20.264843
12050.0	15250.0	20.264309
12100.0	15250.0	20.265594
12150.0	15250.0	20.264633
12200.0	15250.0	20.259665
12250.0	15250.0	20.254894
12300.0	15250.0	20.242064
12350.0	15250.0	20.221762
12400.0	15250.0	20.185455
12450.0	15250.0	20.131786
12500.0	15250.0	20.052984
12550.0	15250.0	19.952402
12600.0	15250.0	19.828171
12650.0	15250.0	19.681549
12700.0	15250.0	19.500576
12750.0	15250.0	19.285959
12800.0	15250.0	19.037184
12850.0	15250.0	18.756536
12900.0	15250.0	18.439354
12950.0	15250.0	18.084599
13000.0	15250.0	17.690063
13050.0	15250.0	17.260908
13100.0	15250.0	16.796013
13150.0	15250.0	16.296278
13200.0	15250.0	15.761912
13250.0	15250.0	15.195926
13300.0	15250.0	14.597279
13350.0	15250.0	13.966622
13400.0	15250.0	13.300779
13450.0	15250.0	12.595863
13500.0	15250.0	11.858923
13550.0	15250.0	11.10346
13600.0	15250.0	10.339338
13650.0	15250.0	9.57597
13700.0	15250.0	8.822427
13750.0	15250.0	8.085939
13800.0	15250.0	7.367528
13850.0	15250.0	6.663388
13900.0	15250.0	5.979735
13950.0	15250.0	5.319226
14000.0	15250.0	4.689236
14050.0	15250.0	4.087492
14100.0	15250.0	3.514409
14150.0	15250.0	2.970654
14200.0	15250.0	2.459762
14250.0	15250.0	1.977753
14300.0	15250.0	1.511929
14350.0	15250.0	1.050867
14400.0	15250.0	0.592363
14450.0	15250.0	0.132398
14500.0	15250.0	-0.330259
14550.0	15250.0	-0.806048
14600.0	15250.0	-1.29429
14650.0	15250.0	-1.79926
14700.0	15250.0	-2.31689
14750.0	15250.0	-2.846425
14800.0	15250.0	-3.39128
14850.0	15250.0	-3.956614
14900.0	15250.0	-4.552253
14950.0	15250.0	-5.176083
15000.0	15250.0	-5.828916
15050.0	15250.0	-6.507022
15100.0	15250.0	-7.207338
15150.0	15250.0	-7.922767
15200.0	15250.0	-8.642513
15250.0	15250.0	-9.367517
15300.0	15250.0	-10.100103
15350.0	15250.0	-10.836718
15400.0	15250.0	-11.568923
15450.0	15250.0	-12.285048
15500.0	15250.0	-12.987633
15550.0	15250.0	-13.674732
15600.0	15250.0	-14.340391
15650.0	15250.0	-14.978456
15700.0	15250.0	-15.58672
15750.0	15250.0	-16.160225
15800.0	15250.0	-16.696646
15850.0	15250.0	-17.188385
15900.0	15250.0	-17.633558
15950.0	15250.0	-18.031137
16000.0	15250.0	-18.383808
16050.0	15250.0	-18.692814
16100.0	15250.0	-18.962767
16150.0	15250.0	-19.196175
16200.0	15250.0	-19.403467
16250.0	15250.0	-19.583809
16300.0	15250.0	-19.734221
16350.0	15250.0	-19.847967
16400.0	15250.0	-19.924242
16450.0	15250.0	-19.963528
16500.0	15250.0	-19.97024
16550.0	15250.0	-19.945782
16600.0	15250.0	-19.893484
16650.0	15250.0	-19.820869
16700.0	15250.0	-19.731182
16750.0	15250.0	-19.620283
16800.0	15250.0	-19.500271
16850.0	15250.0	-19.380056
16900.0	15250.0	-19.25057
16950.0	15250.0	-19.125294
17000.0	15250.0	-19.018833
17050.0	15250.0	-18.942215
17100.0	15250.0	-18.900227
17150.0	15250.0	-18.901356
17200.0	15250.0	-18.939577
17250.0	15250.0	-19.012627
17300.0	15250.0	-19.101948
17350.0	15250.0	-19.20973
17400.0	15250.0	-19.337151
17450.0	15250.0	-19.476337
17500.0	15250.0	-19.613098
17550.0	15250.0	-19.752056
17600.0	15250.0	-19.888466
17650.0	15250.0	-20.018063
17700.0	15250.0	-20.139988
17750.0	15250.0	-20.259367
17800.0	15250.0	-20.373369
17850.0	15250.0	-20.480602
17900.0	15250.0	-20.576113
17950.0	15250.0	-20.649153
18000.0	15250.0	-20.702465
18050.0	15250.0	-20.737396
18100.0	15250.0	-20.75325
18150.0	15250.0	-20.75329
18200.0	15250.0	-20.742096
18250.0	15250.0	-20.72471
18300.0	15250.0	-20.703995
10250.0	15300.0	21.925093
10300.0	15300.0	21.852514
10350.0	15300.0	21.786192
10400.0	15300.0	21.736704
10450.0	15300.0	21.72238
10500.0	15300.0	21.749327
10550.0	15300.0	21.80863
10600.0	15300.0	21.887028
10650.0	15300.0	21.973745
10700.0	15300.0	22.05686
10750.0	15300.0	22.11997
10800.0	15300.0	22.150663
10850.0	15300.0	22.145248
10900.0	15300.0	22.109076
10950.0	15300.0	22.059065
11000.0	15300.0	21.998131
11050.0	15300.0	21.931625
11100.0	15300.0	21.868738
11150.0	15300.0	21.79851
11200.0	15300.0	21.714016
11250.0	15300.0	21.619686
11300.0	15300.0	21.494059
11350.0	15300.0	21.323559
11400.0	15300.0	21.125648
11450.0	15300.0	20.928902
11500.0	15300.0	20.750402
11550.0	15300.0	20.599596
11600.0	15300.0	20.469315
11650.0	15300.0	20.35623
11700.0	15300.0	20.259995
11750.0	15300.0	20.18634
11800.0	15300.0	20.141314
11850.0	15300.0	20.119207
11900.0	15300.0	20.118032
11950.0	15300.0	20.137392
12000.0	15300.0	20.176189
12050.0	15300.0	20.228262
12100.0	15300.0	20.283644
12150.0	15300.0	20.332823
12200.0	15300.0	20.373926
12250.0	15300.0	20.409328
12300.0	15300.0	20.455336
12350.0	15300.0	20.503567
12400.0	15300.0	20.542749
12450.0	15300.0	20.552134
12500.0	15300.0	20.525389
12550.0	15300.0	20.466543
12600.0	15300.0	20.382824
12650.0	15300.0	20.271437
12700.0	15300.0	20.130842
12750.0	15300.0	19.958359
12800.0	15300.0	19.754036
12850.0	15300.0	19.511757
12900.0	15300.0	19.226007
12950.0	15300.0	18.884836
13000.0	15300.0	18.489355
13050.0	15300.0	18.03573
13100.0	15300.0	17.527592
13150.0	15300.0	16.981169
13200.0	15300.0	16.412947
13250.0	15300.0	15.823348
13300.0	15300.0	15.204195
13350.0	15300.0	14.535948
13400.0	15300.0	13.808848
13450.0	15300.0	13.027411
13500.0	15300.0	12.19856
13550.0	15300.0	11.330611
13600.0	15300.0	10.448817
13650.0	15300.0	9.583652
13700.0	15300.0	8.746352
13750.0	15300.0	7.93599
13800.0	15300.0	7.153876
13850.0	15300.0	6.400845
13900.0	15300.0	5.678979
13950.0	15300.0	4.994023
14000.0	15300.0	4.355805
14050.0	15300.0	3.764102
14100.0	15300.0	3.215824
14150.0	15300.0	2.706207
14200.0	15300.0	2.227463
14250.0	15300.0	1.778325
14300.0	15300.0	1.360226
14350.0	15300.0	0.972459
14400.0	15300.0	0.596935
14450.0	15300.0	0.213044
14500.0	15300.0	-0.199608
14550.0	15300.0	-0.650476
14600.0	15300.0	-1.134302
14650.0	15300.0	-1.638652
14700.0	15300.0	-2.150199
14750.0	15300.0	-2.667078
14800.0	15300.0	-3.198146
14850.0	15300.0	-3.756971
14900.0	15300.0	-4.357971
14950.0	15300.0	-5.005549
15000.0	15300.0	-5.694362
15050.0	15300.0	-6.415754
15100.0	15300.0	-7.16235
15150.0	15300.0	-7.930284
15200.0	15300.0	-8.716511
15250.0	15300.0	-9.517591
15300.0	15300.0	-10.328858
15350.0	15300.0	-11.144481
15400.0	15300.0	-11.958843
15450.0	15300.0	-12.765168
15500.0	15300.0	-13.543913
15550.0	15300.0	-14.284902
15600.0	15300.0	-14.992077
15650.0	15300.0	-15.67369
15700.0	15300.0	-16.328924
15750.0	15300.0	-16.953749
15800.0	15300.0	-17.54435
15850.0	15300.0	-18.094788
15900.0	15300.0	-18.586758
15950.0	15300.0	-19.00876
16000.0	15300.0	-19.352814
16050.0	15300.0	-19.632385
16100.0	15300.0	-19.86595
16150.0	15300.0	-20.070778
16200.0	15300.0	-20.255116
16250.0	15300.0	-20.41996
16300.0	15300.0	-20.557951
16350.0	15300.0	-20.658741
16400.0	15300.0	-20.70985
16450.0	15300.0	-20.702692
16500.0	15300.0	-20.636925
16550.0	15300.0	-20.518497
16600.0	15300.0	-20.365423
16650.0	15300.0	-20.191719
16700.0	15300.0	-20.01083
16750.0	15300.0	-19.825792
16800.0	15300.0	-19.624826
16850.0	15300.0	-19.405388
16900.0	15300.0	-19.189674
16950.0	15300.0	-18.988066
17000.0	15300.0	-18.814539
17050.0	15300.0	-18.686161
17100.0	15300.0	-18.610971
17150.0	15300.0	-18.585163
17200.0	15300.0	-18.615179
17250.0	15300.0	-18.698038
17300.0	15300.0	-18.831045
17350.0	15300.0	-18.995838
17400.0	15300.0	-19.162313
17450.0	15300.0	-19.319353
17500.0	15300.0	-19.472221
17550.0	15300.0	-19.619068
17600.0	15300.0	-19.767946
17650.0	15300.0	-19.919426
17700.0	15300.0	-20.068319
17750.0	15300.0	-20.216581
17800.0	15300.0	-20.362032
17850.0	15300.0	-20.496382
17900.0	15300.0	-20.612949
17950.0	15300.0	-20.710361
18000.0	15300.0	-20.781725
18050.0	15300.0	-20.826311
18100.0	15300.0	-20.840714
18150.0	15300.0	-20.818798
18200.0	15300.0	-20.757477
18250.0	15300.0	-20.669573
18300.0	15300.0	-20.567257
