-1256.279183 -745.399335 20.910660
-1206.279183 -745.399335 18.621586
-1156.279183 -745.399335 16.323509
-1106.279183 -745.399335 13.985922
-1056.279183 -745.399335 11.621858
-1006.279183 -745.399335 9.309000
-956.279183 -745.399335 7.075943
-906.279183 -745.399335 4.908375
-856.279183 -745.399335 2.796420
-806.279183 -745.399335 0.792131
-756.279183 -745.399335 -1.062204
-706.279183 -745.399335 -2.777901
-656.279183 -745.399335 -4.360944
-606.279183 -745.399335 -5.819017
-556.279183 -745.399335 -7.138288
-506.279183 -745.399335 -8.338558
-456.279183 -745.399335 -9.469481
-406.279183 -745.399335 -10.525210
-356.279183 -745.399335 -11.490669
-306.279183 -745.399335 -12.329051
-256.279183 -745.399335 -12.989196
-206.279183 -745.399335 -13.432040
-156.279183 -745.399335 -13.604505
-106.279183 -745.399335 -13.488069
-56.279183 -745.399335 -13.026109
-6.279183 -745.399335 -12.156508
43.720817 -745.399335 -10.902964
93.720817 -745.399335 -9.259773
143.720817 -745.399335 -7.247015
193.720817 -745.399335 -4.890374
243.720817 -745.399335 -2.214484
293.720817 -745.399335 0.711433
343.720817 -745.399335 3.830343
393.720817 -745.399335 7.080377
443.720817 -745.399335 10.428479
493.720817 -745.399335 13.849156
543.720817 -745.399335 17.312454
593.720817 -745.399335 20.781893
643.720817 -745.399335 24.192581
693.720817 -745.399335 27.527258
743.720817 -745.399335 30.800137
793.720817 -745.399335 33.990967
843.720817 -745.399335 37.124958
893.720817 -745.399335 40.198895
943.720817 -745.399335 43.180672
993.720817 -745.399335 46.060059
1043.720817 -745.399335 48.810486
1093.720817 -745.399335 51.366806
1143.720817 -745.399335 53.691231
1193.720817 -745.399335 55.772160
1243.720817 -745.399335 57.592319
1293.720817 -745.399335 59.129791
1343.720817 -745.399335 60.393509
1393.720817 -745.399335 61.401764
1443.720817 -745.399335 62.165554
1493.720817 -745.399335 62.685863
1543.720817 -745.399335 62.951553
1593.720817 -745.399335 62.975895
1643.720817 -745.399335 62.816654
1693.720817 -745.399335 62.552696
1743.720817 -745.399335 62.216053
1793.720817 -745.399335 61.790657
1843.720817 -745.399335 61.278343
1893.720817 -745.399335 60.676544
1943.720817 -745.399335 59.976837
1993.720817 -745.399335 59.166199
2043.720817 -745.399335 58.206688
2093.720817 -745.399335 57.108223
2143.720817 -745.399335 55.826935
2193.720817 -745.399335 54.346233
2243.720817 -745.399335 52.698795
2293.720817 -745.399335 50.988892
2343.720817 -745.399335 49.294739
2393.720817 -745.399335 47.717941
2443.720817 -745.399335 46.286167
2493.720817 -745.399335 44.991692
2543.720817 -745.399335 43.854111
2593.720817 -745.399335 42.883804
2643.720817 -745.399335 42.129494
2693.720817 -745.399335 41.668655
2743.720817 -745.399335 41.558826
2793.720817 -745.399335 41.832462
2843.720817 -745.399335 42.467857
2893.720817 -745.399335 43.423584
2943.720817 -745.399335 44.684597
2993.720817 -745.399335 46.249332
3043.720817 -745.399335 48.118835
3093.720817 -745.399335 50.299770
3143.720817 -745.399335 52.815605
3193.720817 -745.399335 55.694729
3243.720817 -745.399335 58.905067
3293.720817 -745.399335 62.476120
3343.720817 -745.399335 66.430351
3393.720817 -745.399335 70.758949
3443.720817 -745.399335 75.429588
3493.720817 -745.399335 80.452606
3543.720817 -745.399335 85.875916
3593.720817 -745.399335 91.757195
3643.720817 -745.399335 98.287910
3693.720817 -745.399335 105.838112
3743.720817 -745.399335 113.995026
3793.720817 -745.399335 122.513962
3843.720817 -745.399335 131.267899
3893.720817 -745.399335 140.175888
3943.720817 -745.399335 149.218445
3993.720817 -745.399335 158.330246
-1256.279183 -695.399335 18.543106
-1206.279183 -695.399335 16.660215
-1156.279183 -695.399335 14.772605
-1106.279183 -695.399335 12.874607
-1056.279183 -695.399335 10.970880
-1006.279183 -695.399335 9.110489
-956.279183 -695.399335 7.331034
-906.279183 -695.399335 5.617845
-856.279183 -695.399335 3.981356
-806.279183 -695.399335 2.428269
-756.279183 -695.399335 0.994160
-706.279183 -695.399335 -0.308685
-656.279183 -695.399335 -1.500286
-606.279183 -695.399335 -2.584840
-556.279183 -695.399335 -3.577915
-506.279183 -695.399335 -4.472920
-456.279183 -695.399335 -5.301668
-406.279183 -695.399335 -6.076538
-356.279183 -695.399335 -6.799767
-306.279183 -695.399335 -7.424495
-256.279183 -695.399335 -7.909346
-206.279183 -695.399335 -8.233993
-156.279183 -695.399335 -8.357224
-106.279183 -695.399335 -8.237893
-56.279183 -695.399335 -7.832022
-6.279183 -695.399335 -7.134674
43.720817 -695.399335 -6.143985
93.720817 -695.399335 -4.845234
143.720817 -695.399335 -3.214204
193.720817 -695.399335 -1.293278
243.720817 -695.399335 0.891305
293.720817 -695.399335 3.305502
343.720817 -695.399335 5.885808
393.720817 -695.399335 8.570155
443.720817 -695.399335 11.334985
493.720817 -695.399335 14.177069
543.720817 -695.399335 17.040789
593.720817 -695.399335 19.903463
643.720817 -695.399335 22.729298
693.720817 -695.399335 25.515665
743.720817 -695.399335 28.261158
793.720817 -695.399335 30.964371
843.720817 -695.399335 33.601875
893.720817 -695.399335 36.170174
943.720817 -695.399335 38.637505
993.720817 -695.399335 40.992069
1043.720817 -695.399335 43.225994
1093.720817 -695.399335 45.305023
1143.720817 -695.399335 47.197506
1193.720817 -695.399335 48.886204
1243.720817 -695.399335 50.361897
1293.720817 -695.399335 51.633842
1343.720817 -695.399335 52.720497
1393.720817 -695.399335 53.611599
1443.720817 -695.399335 54.291080
1493.720817 -695.399335 54.782848
1543.720817 -695.399335 55.093403
1593.720817 -695.399335 55.253475
1643.720817 -695.399335 55.331348
1693.720817 -695.399335 55.356167
1743.720817 -695.399335 55.331482
1793.720817 -695.399335 55.268997
1843.720817 -695.399335 55.148632
1893.720817 -695.399335 54.933750
1943.720817 -695.399335 54.610828
1993.720817 -695.399335 54.186607
2043.720817 -695.399335 53.676437
2093.720817 -695.399335 53.035679
2143.720817 -695.399335 52.278893
2193.720817 -695.399335 51.413521
2243.720817 -695.399335 50.475201
2293.720817 -695.399335 49.500137
2343.720817 -695.399335 48.530617
2393.720817 -695.399335 47.628376
2443.720817 -695.399335 46.860413
2493.720817 -695.399335 46.258705
2543.720817 -695.399335 45.820965
2593.720817 -695.399335 45.554134
2643.720817 -695.399335 45.514935
2693.720817 -695.399335 45.766220
2743.720817 -695.399335 46.308735
2793.720817 -695.399335 47.142574
2843.720817 -695.399335 48.258640
2893.720817 -695.399335 49.637840
2943.720817 -695.399335 51.275589
2993.720817 -695.399335 53.189255
3043.720817 -695.399335 55.370499
3093.720817 -695.399335 57.794598
3143.720817 -695.399335 60.473095
3193.720817 -695.399335 63.442928
3243.720817 -695.399335 66.725815
3293.720817 -695.399335 70.327888
3343.720817 -695.399335 74.280579
3393.720817 -695.399335 78.585991
3443.720817 -695.399335 83.226372
3493.720817 -695.399335 88.211937
3543.720817 -695.399335 93.594917
3593.720817 -695.399335 99.439102
3643.720817 -695.399335 105.829552
3693.720817 -695.399335 112.810936
3743.720817 -695.399335 120.272194
3793.720817 -695.399335 128.083420
3843.720817 -695.399335 136.122284
3893.720817 -695.399335 144.311295
3943.720817 -695.399335 152.602722
3993.720817 -695.399335 160.967102
-1256.279183 -645.399335 16.191299
-1206.279183 -645.399335 14.707263
-1156.279183 -645.399335 13.239779
-1106.279183 -645.399335 11.785132
-1056.279183 -645.399335 10.351596
-1006.279183 -645.399335 8.955550
-956.279183 -645.399335 7.606150
-906.279183 -645.399335 6.352195
-856.279183 -645.399335 5.161885
-806.279183 -645.399335 4.070244
-756.279183 -645.399335 3.062879
-706.279183 -645.399335 2.163695
-656.279183 -645.399335 1.364452
-606.279183 -645.399335 0.639633
-556.279183 -645.399335 -0.013107
-506.279183 -645.399335 -0.602604
-456.279183 -645.399335 -1.127371
-406.279183 -645.399335 -1.629404
-356.279183 -645.399335 -2.095052
-306.279183 -645.399335 -2.511682
-256.279183 -645.399335 -2.839058
-206.279183 -645.399335 -3.050541
-156.279183 -645.399335 -3.125622
-106.279183 -645.399335 -3.009176
-56.279183 -645.399335 -2.677219
-6.279183 -645.399335 -2.144494
43.720817 -645.399335 -1.415211
93.720817 -645.399335 -0.448215
143.720817 -645.399335 0.790895
193.720817 -645.399335 2.282574
243.720817 -645.399335 3.998760
293.720817 -645.399335 5.901070
343.720817 -645.399335 7.939335
393.720817 -645.399335 10.061390
443.720817 -645.399335 12.252364
493.720817 -645.399335 14.492788
543.720817 -645.399335 16.754293
593.720817 -645.399335 19.024372
643.720817 -645.399335 21.281593
693.720817 -645.399335 23.519402
743.720817 -645.399335 25.746258
793.720817 -645.399335 27.931458
843.720817 -645.399335 30.070948
893.720817 -645.399335 32.121571
943.720817 -645.399335 34.079613
993.720817 -645.399335 35.929852
1043.720817 -645.399335 37.652012
1093.720817 -645.399335 39.237240
1143.720817 -645.399335 40.689449
1193.720817 -645.399335 41.995056
1243.720817 -645.399335 43.140308
1293.720817 -645.399335 44.143974
1343.720817 -645.399335 45.031326
1393.720817 -645.399335 45.786190
1443.720817 -645.399335 46.385891
1493.720817 -645.399335 46.882896
1543.720817 -645.399335 47.261482
1593.720817 -645.399335 47.576824
1643.720817 -645.399335 47.877972
1693.720817 -645.399335 48.171467
1743.720817 -645.399335 48.463242
1793.720817 -645.399335 48.741924
1843.720817 -645.399335 48.994724
1893.720817 -645.399335 49.167995
1943.720817 -645.399335 49.236607
1993.720817 -645.399335 49.221226
2043.720817 -645.399335 49.133751
2093.720817 -645.399335 48.987671
2143.720817 -645.399335 48.767799
2193.720817 -645.399335 48.521278
2243.720817 -645.399335 48.259491
2293.720817 -645.399335 47.994648
2343.720817 -645.399335 47.742180
2393.720817 -645.399335 47.532917
2443.720817 -645.399335 47.449898
2493.720817 -645.399335 47.538784
2543.720817 -645.399335 47.801506
2593.720817 -645.399335 48.242695
2643.720817 -645.399335 48.917904
2693.720817 -645.399335 49.837120
2743.720817 -645.399335 51.015419
2793.720817 -645.399335 52.410519
2843.720817 -645.399335 54.015240
2893.720817 -645.399335 55.837967
2943.720817 -645.399335 57.872356
2993.720817 -645.399335 60.130096
3043.720817 -645.399335 62.591167
3093.720817 -645.399335 65.244568
3143.720817 -645.399335 68.096199
3193.720817 -645.399335 71.188797
3243.720817 -645.399335 74.543373
3293.720817 -645.399335 78.187561
3343.720817 -645.399335 82.132011
3393.720817 -645.399335 86.394691
3443.720817 -645.399335 90.995041
3493.720817 -645.399335 95.931358
3543.720817 -645.399335 101.239830
3593.720817 -645.399335 106.962212
3643.720817 -645.399335 113.097000
3693.720817 -645.399335 119.594986
3743.720817 -645.399335 126.453812
3793.720817 -645.399335 133.597336
3843.720817 -645.399335 140.947052
3893.720817 -645.399335 148.412003
3943.720817 -645.399335 155.965149
3993.720817 -645.399335 163.568604
-1256.279183 -595.399335 13.865280
-1206.279183 -595.399335 12.806908
-1156.279183 -595.399335 11.767288
-1106.279183 -595.399335 10.761995
-1056.279183 -595.399335 9.784235
-1006.279183 -595.399335 8.835182
-956.279183 -595.399335 7.946851
-906.279183 -595.399335 7.125259
-856.279183 -595.399335 6.383627
-806.279183 -595.399335 5.721571
-756.279183 -595.399335 5.147997
-706.279183 -595.399335 4.649776
-656.279183 -595.399335 4.234884
-606.279183 -595.399335 3.881034
-556.279183 -595.399335 3.556650
-506.279183 -595.399335 3.281058
-456.279183 -595.399335 3.033366
-406.279183 -595.399335 2.803155
-356.279183 -595.399335 2.577884
-306.279183 -595.399335 2.377596
-256.279183 -595.399335 2.213299
-206.279183 -595.399335 2.108761
-156.279183 -595.399335 2.087675
-106.279183 -595.399335 2.175694
-56.279183 -595.399335 2.397719
-6.279183 -595.399335 2.758880
43.720817 -595.399335 3.245397
93.720817 -595.399335 3.909396
143.720817 -595.399335 4.771412
193.720817 -595.399335 5.832940
243.720817 -595.399335 7.092386
293.720817 -595.399335 8.490435
343.720817 -595.399335 9.987863
393.720817 -595.399335 11.544477
443.720817 -595.399335 13.153711
493.720817 -595.399335 14.795170
543.720817 -595.399335 16.460171
593.720817 -595.399335 18.157864
643.720817 -595.399335 19.860176
693.720817 -595.399335 21.557676
743.720817 -595.399335 23.243845
793.720817 -595.399335 24.911036
843.720817 -595.399335 26.521914
893.720817 -595.399335 28.065823
943.720817 -595.399335 29.505957
993.720817 -595.399335 30.840820
1043.720817 -595.399335 32.044937
1093.720817 -595.399335 33.144024
1143.720817 -595.399335 34.158733
1193.720817 -595.399335 35.088150
1243.720817 -595.399335 35.924793
1293.720817 -595.399335 36.672321
1343.720817 -595.399335 37.343849
1393.720817 -595.399335 37.935802
1443.720817 -595.399335 38.479401
1493.720817 -595.399335 38.985222
1543.720817 -595.399335 39.465134
1593.720817 -595.399335 39.950424
1643.720817 -595.399335 40.468067
1693.720817 -595.399335 41.029858
1743.720817 -595.399335 41.630863
1793.720817 -595.399335 42.234226
1843.720817 -595.399335 42.828472
1893.720817 -595.399335 43.370522
1943.720817 -595.399335 43.846321
1993.720817 -595.399335 44.240089
2043.720817 -595.399335 44.603146
2093.720817 -595.399335 44.943439
2143.720817 -595.399335 45.310745
2193.720817 -595.399335 45.684452
2243.720817 -595.399335 46.076775
2293.720817 -595.399335 46.497784
2343.720817 -595.399335 46.936977
2393.720817 -595.399335 47.438919
2443.720817 -595.399335 48.060600
2493.720817 -595.399335 48.856705
2543.720817 -595.399335 49.813084
2593.720817 -595.399335 50.972992
2643.720817 -595.399335 52.336487
2693.720817 -595.399335 53.903393
2743.720817 -595.399335 55.678345
2793.720817 -595.399335 57.628704
2843.720817 -595.399335 59.746258
2893.720817 -595.399335 62.013531
2943.720817 -595.399335 64.432549
2993.720817 -595.399335 67.022942
3043.720817 -595.399335 69.760475
3093.720817 -595.399335 72.632957
3143.720817 -595.399335 75.678558
3193.720817 -595.399335 78.899963
3243.720817 -595.399335 82.346062
3293.720817 -595.399335 86.030724
3343.720817 -595.399335 89.978951
3393.720817 -595.399335 94.193512
3443.720817 -595.399335 98.713814
3493.720817 -595.399335 103.546219
3543.720817 -595.399335 108.714401
3593.720817 -595.399335 114.222702
3643.720817 -595.399335 120.030876
3693.720817 -595.399335 126.112389
3743.720817 -595.399335 132.447906
3793.720817 -595.399335 138.990967
3843.720817 -595.399335 145.677032
3893.720817 -595.399335 152.450180
3943.720817 -595.399335 159.289597
3993.720817 -595.399335 166.160706
-1256.279183 -545.399335 11.615754
-1206.279183 -545.399335 10.990425
-1156.279183 -545.399335 10.383982
-1106.279183 -545.399335 9.809429
-1056.279183 -545.399335 9.274383
-1006.279183 -545.399335 8.791916
-956.279183 -545.399335 8.350368
-906.279183 -545.399335 7.966682
-856.279183 -545.399335 7.651611
-806.279183 -545.399335 7.416944
-756.279183 -545.399335 7.249737
-706.279183 -545.399335 7.156059
-656.279183 -545.399335 7.111478
-606.279183 -545.399335 7.096209
-556.279183 -545.399335 7.112353
-506.279183 -545.399335 7.137421
-456.279183 -545.399335 7.176668
-406.279183 -545.399335 7.197819
-356.279183 -545.399335 7.219130
-306.279183 -545.399335 7.223529
-256.279183 -545.399335 7.221780
-206.279183 -545.399335 7.228411
-156.279183 -545.399335 7.244011
-106.279183 -545.399335 7.294736
-56.279183 -545.399335 7.398288
-6.279183 -545.399335 7.567732
43.720817 -545.399335 7.833076
93.720817 -545.399335 8.213228
143.720817 -545.399335 8.728719
193.720817 -545.399335 9.371689
243.720817 -545.399335 10.155975
293.720817 -545.399335 11.051989
343.720817 -545.399335 12.013684
393.720817 -545.399335 13.027767
443.720817 -545.399335 14.054508
493.720817 -545.399335 15.100735
543.720817 -545.399335 16.195269
593.720817 -545.399335 17.309870
643.720817 -545.399335 18.453720
693.720817 -545.399335 19.594397
743.720817 -545.399335 20.748976
793.720817 -545.399335 21.876026
843.720817 -545.399335 22.967985
893.720817 -545.399335 23.980976
943.720817 -545.399335 24.898975
993.720817 -545.399335 25.704191
1043.720817 -545.399335 26.405684
1093.720817 -545.399335 27.022343
1143.720817 -545.399335 27.606695
1193.720817 -545.399335 28.163946
1243.720817 -545.399335 28.690205
1293.720817 -545.399335 29.191116
1343.720817 -545.399335 29.654844
1393.720817 -545.399335 30.108711
1443.720817 -545.399335 30.592115
1493.720817 -545.399335 31.120796
1543.720817 -545.399335 31.706707
1593.720817 -545.399335 32.365932
1643.720817 -545.399335 33.103992
1693.720817 -545.399335 33.929276
1743.720817 -545.399335 34.817108
1793.720817 -545.399335 35.739651
1843.720817 -545.399335 36.659782
1893.720817 -545.399335 37.562866
1943.720817 -545.399335 38.424259
1993.720817 -545.399335 39.244179
2043.720817 -545.399335 40.064816
2093.720817 -545.399335 40.944923
2143.720817 -545.399335 41.893566
2193.720817 -545.399335 42.889206
2243.720817 -545.399335 43.917336
2293.720817 -545.399335 44.991234
2343.720817 -545.399335 46.121475
2393.720817 -545.399335 47.333515
2443.720817 -545.399335 48.685009
2493.720817 -545.399335 50.201271
2543.720817 -545.399335 51.887188
2593.720817 -545.399335 53.743099
2643.720817 -545.399335 55.784279
2693.720817 -545.399335 57.970135
2743.720817 -545.399335 60.315006
2793.720817 -545.399335 62.800781
2843.720817 -545.399335 65.408722
2893.720817 -545.399335 68.112770
2943.720817 -545.399335 70.913399
2993.720817 -545.399335 73.829277
3043.720817 -545.399335 76.846405
3093.720817 -545.399335 79.964714
3143.720817 -545.399335 83.190002
3193.720817 -545.399335 86.557304
3243.720817 -545.399335 90.090370
3293.720817 -545.399335 93.832764
3343.720817 -545.399335 97.778343
3393.720817 -545.399335 101.936813
3443.720817 -545.399335 106.336952
3493.720817 -545.399335 111.007393
3543.720817 -545.399335 115.963814
3593.720817 -545.399335 121.193802
3643.720817 -545.399335 126.654526
3693.720817 -545.399335 132.333511
3743.720817 -545.399335 138.191010
3793.720817 -545.399335 144.194977
3843.720817 -545.399335 150.259216
3893.720817 -545.399335 156.373047
3943.720817 -545.399335 162.533493
3993.720817 -545.399335 168.717484
-1256.279183 -495.399335 9.532486
-1206.279183 -495.399335 9.318444
-1156.279183 -495.399335 9.127988
-1106.279183 -495.399335 8.967638
-1056.279183 -495.399335 8.869446
-1006.279183 -495.399335 8.835671
-956.279183 -495.399335 8.857085
-906.279183 -495.399335 8.892848
-856.279183 -495.399335 9.001253
-806.279183 -495.399335 9.162729
-756.279183 -495.399335 9.398020
-706.279183 -495.399335 9.665764
-656.279183 -495.399335 9.968312
-606.279183 -495.399335 10.294780
-556.279183 -495.399335 10.627021
-506.279183 -495.399335 10.951770
-456.279183 -495.399335 11.262448
-406.279183 -495.399335 11.547668
-356.279183 -495.399335 11.804403
-306.279183 -495.399335 12.012533
-256.279183 -495.399335 12.165280
-206.279183 -495.399335 12.259214
-156.279183 -495.399335 12.301845
-106.279183 -495.399335 12.306923
-56.279183 -495.399335 12.295202
-6.279183 -495.399335 12.300238
43.720817 -495.399335 12.346044
93.720817 -495.399335 12.451958
143.720817 -495.399335 12.629240
193.720817 -495.399335 12.871603
243.720817 -495.399335 13.186418
293.720817 -495.399335 13.573812
343.720817 -495.399335 14.021578
393.720817 -495.399335 14.493211
443.720817 -495.399335 14.958152
493.720817 -495.399335 15.437049
543.720817 -495.399335 15.938061
593.720817 -495.399335 16.474571
643.720817 -495.399335 17.042538
693.720817 -495.399335 17.637360
743.720817 -495.399335 18.242529
793.720817 -495.399335 18.830158
843.720817 -495.399335 19.372198
893.720817 -495.399335 19.847923
943.720817 -495.399335 20.222128
993.720817 -495.399335 20.505758
1043.720817 -495.399335 20.710840
1093.720817 -495.399335 20.877260
1143.720817 -495.399335 21.037550
1193.720817 -495.399335 21.217388
1243.720817 -495.399335 21.439507
1293.720817 -495.399335 21.688814
1343.720817 -495.399335 21.967993
1393.720817 -495.399335 22.299931
1443.720817 -495.399335 22.754093
1493.720817 -495.399335 23.323380
1543.720817 -495.399335 24.008923
1593.720817 -495.399335 24.818821
1643.720817 -495.399335 25.756958
1693.720817 -495.399335 26.824133
1743.720817 -495.399335 27.998909
1793.720817 -495.399335 29.228985
1843.720817 -495.399335 30.475874
1893.720817 -495.399335 31.723169
1943.720817 -495.399335 32.973228
1993.720817 -495.399335 34.246983
2043.720817 -495.399335 35.577450
2093.720817 -495.399335 37.003403
2143.720817 -495.399335 38.526176
2193.720817 -495.399335 40.112495
2243.720817 -495.399335 41.767979
2293.720817 -495.399335 43.477871
2343.720817 -495.399335 45.290936
2393.720817 -495.399335 47.235104
2443.720817 -495.399335 49.326420
2493.720817 -495.399335 51.586205
2543.720817 -495.399335 54.003342
2593.720817 -495.399335 56.569901
2643.720817 -495.399335 59.250763
2693.720817 -495.399335 62.039471
2743.720817 -495.399335 64.927094
2793.720817 -495.399335 67.921669
2843.720817 -495.399335 70.994019
2893.720817 -495.399335 74.127975
2943.720817 -495.399335 77.317734
2993.720817 -495.399335 80.544159
3043.720817 -495.399335 83.838966
3093.720817 -495.399335 87.191284
3143.720817 -495.399335 90.617714
3193.720817 -495.399335 94.131622
3243.720817 -495.399335 97.755943
3293.720817 -495.399335 101.528603
3343.720817 -495.399335 105.444160
3393.720817 -495.399335 109.518806
3443.720817 -495.399335 113.787422
3493.720817 -495.399335 118.262489
3543.720817 -495.399335 122.966797
3593.720817 -495.399335 127.875244
3643.720817 -495.399335 132.974747
3693.720817 -495.399335 138.245834
3743.720817 -495.399335 143.654068
3793.720817 -495.399335 149.131989
3843.720817 -495.399335 154.633698
3893.720817 -495.399335 160.127502
3943.720817 -495.399335 165.626358
3993.720817 -495.399335 171.132065
-1256.279183 -445.399335 7.632621
-1206.279183 -445.399335 7.830946
-1156.279183 -445.399335 8.034925
-1106.279183 -445.399335 8.288690
-1056.279183 -445.399335 8.620472
-1006.279183 -445.399335 9.029491
-956.279183 -445.399335 9.465828
-906.279183 -445.399335 9.936768
-856.279183 -445.399335 10.435862
-806.279183 -445.399335 10.988947
-756.279183 -445.399335 11.580380
-706.279183 -445.399335 12.202129
-656.279183 -445.399335 12.826311
-606.279183 -445.399335 13.466224
-556.279183 -445.399335 14.086791
-506.279183 -445.399335 14.696052
-456.279183 -445.399335 15.272794
-406.279183 -445.399335 15.826316
-356.279183 -445.399335 16.300920
-306.279183 -445.399335 16.690147
-256.279183 -445.399335 16.971722
-206.279183 -445.399335 17.134857
-156.279183 -445.399335 17.188877
-106.279183 -445.399335 17.149086
-56.279183 -445.399335 17.048880
-6.279183 -445.399335 16.902107
43.720817 -445.399335 16.744957
93.720817 -445.399335 16.585768
143.720817 -445.399335 16.430439
193.720817 -445.399335 16.290234
243.720817 -445.399335 16.155411
293.720817 -445.399335 16.047255
343.720817 -445.399335 15.972305
393.720817 -445.399335 15.914929
443.720817 -445.399335 15.851310
493.720817 -445.399335 15.771591
543.720817 -445.399335 15.699485
593.720817 -445.399335 15.645747
643.720817 -445.399335 15.629972
693.720817 -445.399335 15.666690
743.720817 -445.399335 15.714524
793.720817 -445.399335 15.746721
843.720817 -445.399335 15.719671
893.720817 -445.399335 15.625416
943.720817 -445.399335 15.452270
993.720817 -445.399335 15.219410
1043.720817 -445.399335 14.945772
1093.720817 -445.399335 14.670367
1143.720817 -445.399335 14.436245
1193.720817 -445.399335 14.265765
1243.720817 -445.399335 14.178940
1293.720817 -445.399335 14.192087
1343.720817 -445.399335 14.307201
1393.720817 -445.399335 14.557237
1443.720817 -445.399335 14.973315
1493.720817 -445.399335 15.573635
1543.720817 -445.399335 16.345459
1593.720817 -445.399335 17.294804
1643.720817 -445.399335 18.426687
1693.720817 -445.399335 19.721439
1743.720817 -445.399335 21.143280
1793.720817 -445.399335 22.660913
1843.720817 -445.399335 24.235899
1893.720817 -445.399335 25.852108
1943.720817 -445.399335 27.509624
1993.720817 -445.399335 29.267889
2043.720817 -445.399335 31.132664
2093.720817 -445.399335 33.114246
2143.720817 -445.399335 35.186077
2193.720817 -445.399335 37.367981
2243.720817 -445.399335 39.625130
2293.720817 -445.399335 41.997818
2343.720817 -445.399335 44.508949
2393.720817 -445.399335 47.183117
2443.720817 -445.399335 50.033623
2493.720817 -445.399335 53.026230
2543.720817 -445.399335 56.174320
2593.720817 -445.399335 59.413525
2643.720817 -445.399335 62.724899
2693.720817 -445.399335 66.093262
2743.720817 -445.399335 69.518646
2793.720817 -445.399335 72.994919
2843.720817 -445.399335 76.531181
2893.720817 -445.399335 80.083229
2943.720817 -445.399335 83.643280
2993.720817 -445.399335 87.196617
3043.720817 -445.399335 90.749016
3093.720817 -445.399335 94.321205
3143.720817 -445.399335 97.933174
3193.720817 -445.399335 101.586029
3243.720817 -445.399335 105.285133
3293.720817 -445.399335 109.049568
3343.720817 -445.399335 112.901146
3393.720817 -445.399335 116.869720
3443.720817 -445.399335 120.967979
3493.720817 -445.399335 125.231590
3543.720817 -445.399335 129.648499
3593.720817 -445.399335 134.212173
3643.720817 -445.399335 138.943008
3693.720817 -445.399335 143.810516
3743.720817 -445.399335 148.753876
3793.720817 -445.399335 153.720840
3843.720817 -445.399335 158.666351
3893.720817 -445.399335 163.579254
3943.720817 -445.399335 168.460800
3993.720817 -445.399335 173.332840
-1256.279183 -395.399335 5.946855
-1206.279183 -395.399335 6.555378
-1156.279183 -395.399335 7.169210
-1106.279183 -395.399335 7.841285
-1056.279183 -395.399335 8.586580
-1006.279183 -395.399335 9.392864
-956.279183 -395.399335 10.232485
-906.279183 -395.399335 11.092678
-856.279183 -395.399335 11.968422
-806.279183 -395.399335 12.874450
-756.279183 -395.399335 13.807884
-706.279183 -395.399335 14.749740
-656.279183 -395.399335 15.682252
-606.279183 -395.399335 16.597828
-556.279183 -395.399335 17.494009
-506.279183 -395.399335 18.357599
-456.279183 -395.399335 19.189619
-406.279183 -395.399335 19.956665
-356.279183 -395.399335 20.626314
-306.279183 -395.399335 21.157640
-256.279183 -395.399335 21.533806
-206.279183 -395.399335 21.763529
-156.279183 -395.399335 21.840868
-106.279183 -395.399335 21.785519
-56.279183 -395.399335 21.599667
-6.279183 -395.399335 21.322676
43.720817 -395.399335 20.968330
93.720817 -395.399335 20.553658
143.720817 -395.399335 20.077185
193.720817 -395.399335 19.562004
243.720817 -395.399335 19.010832
293.720817 -395.399335 18.438509
343.720817 -395.399335 17.844276
393.720817 -395.399335 17.249994
443.720817 -395.399335 16.668371
493.720817 -395.399335 16.066877
543.720817 -395.399335 15.440697
593.720817 -395.399335 14.808867
643.720817 -395.399335 14.215373
693.720817 -395.399335 13.663242
743.720817 -395.399335 13.125516
793.720817 -395.399335 12.577434
843.720817 -395.399335 11.975104
893.720817 -395.399335 11.296713
943.720817 -395.399335 10.588334
993.720817 -395.399335 9.843872
1043.720817 -395.399335 9.104607
1093.720817 -395.399335 8.409034
1143.720817 -395.399335 7.787584
1193.720817 -395.399335 7.278801
1243.720817 -395.399335 6.911770
1293.720817 -395.399335 6.721751
1343.720817 -395.399335 6.704593
1393.720817 -395.399335 6.871688
1443.720817 -395.399335 7.260306
1493.720817 -395.399335 7.865645
1543.720817 -395.399335 8.716269
1593.720817 -395.399335 9.790498
1643.720817 -395.399335 11.093410
1693.720817 -395.399335 12.590427
1743.720817 -395.399335 14.250942
1793.720817 -395.399335 16.036983
1843.720817 -395.399335 17.923742
1893.720817 -395.399335 19.912865
1943.720817 -395.399335 22.034924
1993.720817 -395.399335 24.297737
2043.720817 -395.399335 26.714170
2093.720817 -395.399335 29.241190
2143.720817 -395.399335 31.888727
2193.720817 -395.399335 34.654339
2243.720817 -395.399335 37.550186
2293.720817 -395.399335 40.593765
2343.720817 -395.399335 43.815037
2393.720817 -395.399335 47.232162
2443.720817 -395.399335 50.798042
2493.720817 -395.399335 54.514404
2543.720817 -395.399335 58.347019
2593.720817 -395.399335 62.254982
2643.720817 -395.399335 66.175217
2693.720817 -395.399335 70.124336
2743.720817 -395.399335 74.079147
2793.720817 -395.399335 78.050163
2843.720817 -395.399335 82.006287
2893.720817 -395.399335 85.956367
2943.720817 -395.399335 89.883705
2993.720817 -395.399335 93.767204
3043.720817 -395.399335 97.582062
3093.720817 -395.399335 101.358459
3143.720817 -395.399335 105.121048
3193.720817 -395.399335 108.875427
3243.720817 -395.399335 112.614960
3293.720817 -395.399335 116.346375
3343.720817 -395.399335 120.109459
3393.720817 -395.399335 123.926254
3443.720817 -395.399335 127.826630
3493.720817 -395.399335 131.839737
3543.720817 -395.399335 135.945160
3593.720817 -395.399335 140.161331
3643.720817 -395.399335 144.499725
3693.720817 -395.399335 148.922470
3743.720817 -395.399335 153.382172
3793.720817 -395.399335 157.815750
3843.720817 -395.399335 162.214218
3893.720817 -395.399335 166.579041
3943.720817 -395.399335 170.899841
3993.720817 -395.399335 175.201950
-1256.279183 -345.399335 4.565153
-1206.279183 -345.399335 5.577516
-1156.279183 -345.399335 6.606497
-1106.279183 -345.399335 7.676313
-1056.279183 -345.399335 8.797709
-1006.279183 -345.399335 9.964042
-956.279183 -345.399335 11.161622
-906.279183 -345.399335 12.370158
-856.279183 -345.399335 13.582375
-806.279183 -345.399335 14.806709
-756.279183 -345.399335 16.047764
-706.279183 -345.399335 17.289614
-656.279183 -345.399335 18.502977
-606.279183 -345.399335 19.673931
-556.279183 -345.399335 20.808027
-506.279183 -345.399335 21.895620
-456.279183 -345.399335 22.919775
-406.279183 -345.399335 23.856380
-356.279183 -345.399335 24.664558
-306.279183 -345.399335 25.319418
-256.279183 -345.399335 25.793146
-206.279183 -345.399335 26.083687
-156.279183 -345.399335 26.201931
-106.279183 -345.399335 26.134581
-56.279183 -345.399335 25.887520
-6.279183 -345.399335 25.477797
43.720817 -345.399335 24.944187
93.720817 -345.399335 24.279955
143.720817 -345.399335 23.497145
193.720817 -345.399335 22.623974
243.720817 -345.399335 21.676657
293.720817 -345.399335 20.660654
343.720817 -345.399335 19.582808
393.720817 -345.399335 18.480066
443.720817 -345.399335 17.368856
493.720817 -345.399335 16.252584
543.720817 -345.399335 15.097589
593.720817 -345.399335 13.918555
643.720817 -345.399335 12.746150
693.720817 -345.399335 11.600675
743.720817 -345.399335 10.449250
793.720817 -345.399335 9.282994
843.720817 -345.399335 8.087910
893.720817 -345.399335 6.863793
943.720817 -345.399335 5.619309
993.720817 -345.399335 4.392588
1043.720817 -345.399335 3.199448
1093.720817 -345.399335 2.087482
1143.720817 -345.399335 1.089737
1193.720817 -345.399335 0.270080
1243.720817 -345.399335 -0.339266
1293.720817 -345.399335 -0.724961
1343.720817 -345.399335 -0.862497
1393.720817 -345.399335 -0.745376
1443.720817 -345.399335 -0.392189
1493.720817 -345.399335 0.234229
1543.720817 -345.399335 1.134977
1593.720817 -345.399335 2.315114
1643.720817 -345.399335 3.757991
1693.720817 -345.399335 5.446179
1743.720817 -345.399335 7.319711
1793.720817 -345.399335 9.369458
1843.720817 -345.399335 11.574559
1893.720817 -345.399335 13.943924
1943.720817 -345.399335 16.520138
1993.720817 -345.399335 19.310020
2043.720817 -345.399335 22.266846
2093.720817 -345.399335 25.381327
2143.720817 -345.399335 28.612795
2193.720817 -345.399335 31.996609
2243.720817 -345.399335 35.540691
2293.720817 -345.399335 39.280350
2343.720817 -345.399335 43.230919
2393.720817 -345.399335 47.356758
2443.720817 -345.399335 51.622311
2493.720817 -345.399335 56.010963
2543.720817 -345.399335 60.503830
2593.720817 -345.399335 65.045860
2643.720817 -345.399335 69.581451
2693.720817 -345.399335 74.102364
2743.720817 -345.399335 78.595108
2793.720817 -345.399335 83.046921
2843.720817 -345.399335 87.433144
2893.720817 -345.399335 91.761772
2943.720817 -345.399335 96.023109
2993.720817 -345.399335 100.208206
3043.720817 -345.399335 104.292313
3093.720817 -345.399335 108.272606
3143.720817 -345.399335 112.156410
3193.720817 -345.399335 115.973206
3243.720817 -345.399335 119.711372
3293.720817 -345.399335 123.391304
3343.720817 -345.399335 127.038986
3393.720817 -345.399335 130.689957
3443.720817 -345.399335 134.358994
3493.720817 -345.399335 138.078506
3543.720817 -345.399335 141.845963
3593.720817 -345.399335 145.677353
3643.720817 -345.399335 149.567551
3693.720817 -345.399335 153.504120
3743.720817 -345.399335 157.433990
3793.720817 -345.399335 161.327255
3843.720817 -345.399335 165.188034
3893.720817 -345.399335 169.015808
3943.720817 -345.399335 172.821091
3993.720817 -345.399335 176.599716
-1256.279183 -295.399335 3.618186
-1206.279183 -295.399335 5.004939
-1156.279183 -295.399335 6.416843
-1106.279183 -295.399335 7.855913
-1056.279183 -295.399335 9.310825
-1006.279183 -295.399335 10.782806
-956.279183 -295.399335 12.286050
-906.279183 -295.399335 13.787637
-856.279183 -295.399335 15.286823
-806.279183 -295.399335 16.787535
-756.279183 -295.399335 18.293880
-706.279183 -295.399335 19.800547
-656.279183 -295.399335 21.265339
-606.279183 -295.399335 22.646313
-556.279183 -295.399335 23.974970
-506.279183 -295.399335 25.240833
-456.279183 -295.399335 26.400028
-406.279183 -295.399335 27.450098
-356.279183 -295.399335 28.366257
-306.279183 -295.399335 29.118715
-256.279183 -295.399335 29.677298
-206.279183 -295.399335 30.033667
-156.279183 -295.399335 30.186295
-106.279183 -295.399335 30.109682
-56.279183 -295.399335 29.799131
-6.279183 -295.399335 29.289392
43.720817 -295.399335 28.587910
93.720817 -295.399335 27.696703
143.720817 -295.399335 26.626465
193.720817 -295.399335 25.415106
243.720817 -295.399335 24.077810
293.720817 -295.399335 22.629696
343.720817 -295.399335 21.113014
393.720817 -295.399335 19.532167
443.720817 -295.399335 17.924809
493.720817 -295.399335 16.292206
543.720817 -295.399335 14.612226
593.720817 -295.399335 12.895720
643.720817 -295.399335 11.154079
693.720817 -295.399335 9.402949
743.720817 -295.399335 7.633129
793.720817 -295.399335 5.852772
843.720817 -295.399335 4.078947
893.720817 -295.399335 2.299958
943.720817 -295.399335 0.556930
993.720817 -295.399335 -1.160906
1043.720817 -295.399335 -2.778977
1093.720817 -295.399335 -4.279017
1143.720817 -295.399335 -5.618885
1193.720817 -295.399335 -6.730700
1243.720817 -295.399335 -7.575916
1293.720817 -295.399335 -8.142982
1343.720817 -295.399335 -8.405937
1393.720817 -295.399335 -8.338851
1443.720817 -295.399335 -7.988920
1493.720817 -295.399335 -7.365825
1543.720817 -295.399335 -6.413951
1593.720817 -295.399335 -5.142735
1643.720817 -295.399335 -3.561553
1693.720817 -295.399335 -1.717735
1743.720817 -295.399335 0.378089
1793.720817 -295.399335 2.691687
1843.720817 -295.399335 5.219456
1893.720817 -295.399335 7.980982
1943.720817 -295.399335 11.007204
1993.720817 -295.399335 14.288724
2043.720817 -295.399335 17.795845
2093.720817 -295.399335 21.483196
2143.720817 -295.399335 25.344671
2193.720817 -295.399335 29.364384
2243.720817 -295.399335 33.594624
2293.720817 -295.399335 38.034828
2343.720817 -295.399335 42.687737
2393.720817 -295.399335 47.518490
2443.720817 -295.399335 52.466251
2493.720817 -295.399335 57.506020
2543.720817 -295.399335 62.620163
2593.720817 -295.399335 67.773804
2643.720817 -295.399335 72.916771
2693.720817 -295.399335 78.014671
2743.720817 -295.399335 83.033615
2793.720817 -295.399335 87.959778
2843.720817 -295.399335 92.773659
2893.720817 -295.399335 97.470634
2943.720817 -295.399335 102.062294
2993.720817 -295.399335 106.510635
3043.720817 -295.399335 110.828224
3093.720817 -295.399335 114.992569
3143.720817 -295.399335 119.001778
3193.720817 -295.399335 122.859352
3243.720817 -295.399335 126.584610
3293.720817 -295.399335 130.189148
3343.720817 -295.399335 133.706833
3393.720817 -295.399335 137.150192
3443.720817 -295.399335 140.556793
3493.720817 -295.399335 143.947098
3543.720817 -295.399335 147.337555
3593.720817 -295.399335 150.719650
3643.720817 -295.399335 154.110764
3693.720817 -295.399335 157.495255
3743.720817 -295.399335 160.858643
3793.720817 -295.399335 164.192123
3843.720817 -295.399335 167.500626
3893.720817 -295.399335 170.803268
3943.720817 -295.399335 174.091476
3993.720817 -295.399335 177.373596
-1256.279183 -245.399335 3.232854
-1206.279183 -245.399335 4.958097
-1156.279183 -245.399335 6.692592
-1106.279183 -245.399335 8.431954
-1056.279183 -245.399335 10.155583
-1006.279183 -245.399335 11.876598
-956.279183 -245.399335 13.604939
-906.279183 -245.399335 15.350224
-856.279183 -245.399335 17.098679
-806.279183 -245.399335 18.840050
-756.279183 -245.399335 20.559586
-706.279183 -245.399335 22.262505
-656.279183 -245.399335 23.912910
-606.279183 -245.399335 25.475998
-556.279183 -245.399335 26.955748
-506.279183 -245.399335 28.339827
-456.279183 -245.399335 29.605293
-406.279183 -245.399335 30.730015
-356.279183 -245.399335 31.716631
-306.279183 -245.399335 32.525482
-256.279183 -245.399335 33.141903
-206.279183 -245.399335 33.532249
-156.279183 -245.399335 33.704487
-106.279183 -245.399335 33.615749
-56.279183 -245.399335 33.266056
-6.279183 -245.399335 32.664932
43.720817 -245.399335 31.825226
93.720817 -245.399335 30.733789
143.720817 -245.399335 29.397545
193.720817 -245.399335 27.861490
243.720817 -245.399335 26.152227
293.720817 -245.399335 24.312897
343.720817 -245.399335 22.370052
393.720817 -245.399335 20.337809
443.720817 -245.399335 18.258291
493.720817 -245.399335 16.111818
543.720817 -245.399335 13.914070
593.720817 -245.399335 11.665409
643.720817 -245.399335 9.356618
693.720817 -245.399335 7.020698
743.720817 -245.399335 4.667062
793.720817 -245.399335 2.295693
843.720817 -245.399335 -0.061677
893.720817 -245.399335 -2.368031
943.720817 -245.399335 -4.631933
993.720817 -245.399335 -6.798333
1043.720817 -245.399335 -8.834877
1093.720817 -245.399335 -10.695422
1143.720817 -245.399335 -12.346910
1193.720817 -245.399335 -13.741581
1243.720817 -245.399335 -14.818550
1293.720817 -245.399335 -15.562587
1343.720817 -245.399335 -15.928816
1393.720817 -245.399335 -15.934688
1443.720817 -245.399335 -15.609880
1493.720817 -245.399335 -14.957046
1543.720817 -245.399335 -13.948868
1593.720817 -245.399335 -12.570534
1643.720817 -245.399335 -10.878811
1693.720817 -245.399335 -8.874874
1743.720817 -245.399335 -6.578331
1793.720817 -245.399335 -3.987773
1843.720817 -245.399335 -1.127060
1893.720817 -245.399335 2.040982
1943.720817 -245.399335 5.504480
1993.720817 -245.399335 9.267079
2043.720817 -245.399335 13.295568
2093.720817 -245.399335 17.564577
2143.720817 -245.399335 22.047832
2193.720817 -245.399335 26.748528
2243.720817 -245.399335 31.675486
2293.720817 -245.399335 36.814552
2343.720817 -245.399335 42.151752
2393.720817 -245.399335 47.664864
2443.720817 -245.399335 53.291119
2493.720817 -245.399335 58.962608
2543.720817 -245.399335 64.684265
2593.720817 -245.399335 70.420319
2643.720817 -245.399335 76.165779
2693.720817 -245.399335 81.836502
2743.720817 -245.399335 87.384583
2793.720817 -245.399335 92.770447
2843.720817 -245.399335 97.998596
2893.720817 -245.399335 103.075462
2943.720817 -245.399335 107.969833
2993.720817 -245.399335 112.682419
3043.720817 -245.399335 117.199600
3093.720817 -245.399335 121.524780
3143.720817 -245.399335 125.635292
3193.720817 -245.399335 129.521866
3243.720817 -245.399335 133.214661
3293.720817 -245.399335 136.729355
3343.720817 -245.399335 140.078751
3393.720817 -245.399335 143.294098
3443.720817 -245.399335 146.402008
3493.720817 -245.399335 149.420715
3543.720817 -245.399335 152.372070
3593.720817 -245.399335 155.272369
3643.720817 -245.399335 158.113617
3693.720817 -245.399335 160.910339
3743.720817 -245.399335 163.674667
3793.720817 -245.399335 166.406937
3843.720817 -245.399335 169.131363
3893.720817 -245.399335 171.862183
3943.720817 -245.399335 174.612122
3993.720817 -245.399335 177.368546
-1256.279183 -195.399335 3.508077
-1206.279183 -195.399335 5.505316
-1156.279183 -195.399335 7.489213
-1106.279183 -195.399335 9.439792
-1056.279183 -195.399335 11.372349
-1006.279183 -195.399335 13.272055
-956.279183 -195.399335 15.175163
-906.279183 -195.399335 17.102989
-856.279183 -195.399335 19.028297
-806.279183 -195.399335 20.946547
-756.279183 -195.399335 22.837337
-706.279183 -195.399335 24.663067
-656.279183 -195.399335 26.443422
-606.279183 -195.399335 28.146416
-556.279183 -195.399335 29.733217
-506.279183 -195.399335 31.189432
-456.279183 -195.399335 32.512032
-406.279183 -195.399335 33.687164
-356.279183 -195.399335 34.697296
-306.279183 -195.399335 35.530369
-256.279183 -195.399335 36.154991
-206.279183 -195.399335 36.557526
-156.279183 -195.399335 36.712994
-106.279183 -195.399335 36.611088
-56.279183 -195.399335 36.231476
-6.279183 -195.399335 35.561886
43.720817 -195.399335 34.574306
93.720817 -195.399335 33.290878
143.720817 -195.399335 31.721151
193.720817 -195.399335 29.887798
243.720817 -195.399335 27.850847
293.720817 -195.399335 25.643515
343.720817 -195.399335 23.303926
393.720817 -195.399335 20.854940
443.720817 -195.399335 18.295965
493.720817 -195.399335 15.653776
543.720817 -195.399335 12.938164
593.720817 -195.399335 10.172596
643.720817 -195.399335 7.332824
693.720817 -195.399335 4.431061
743.720817 -195.399335 1.520086
793.720817 -195.399335 -1.418754
843.720817 -195.399335 -4.331038
893.720817 -195.399335 -7.178481
943.720817 -195.399335 -9.929299
993.720817 -195.399335 -12.538409
1043.720817 -195.399335 -14.967202
1093.720817 -195.399335 -17.179245
1143.720817 -195.399335 -19.138510
1193.720817 -195.399335 -20.784914
1243.720817 -195.399335 -22.076252
1293.720817 -195.399335 -22.976192
1343.720817 -195.399335 -23.473829
1393.720817 -195.399335 -23.554626
1443.720817 -195.399335 -23.246078
1493.720817 -195.399335 -22.546423
1543.720817 -195.399335 -21.460426
1593.720817 -195.399335 -19.992975
1643.720817 -195.399335 -18.169178
1693.720817 -195.399335 -16.017891
1743.720817 -195.399335 -13.517128
1793.720817 -195.399335 -10.659616
1843.720817 -195.399335 -7.444988
1893.720817 -195.399335 -3.877744
1943.720817 -195.399335 0.035686
1993.720817 -195.399335 4.268140
2043.720817 -195.399335 8.803912
2093.720817 -195.399335 13.628925
2143.720817 -195.399335 18.734003
2193.720817 -195.399335 24.094454
2243.720817 -195.399335 29.709345
2293.720817 -195.399335 35.551041
2343.720817 -195.399335 41.585121
2393.720817 -195.399335 47.763496
2443.720817 -195.399335 54.037174
2493.720817 -195.399335 60.360104
2543.720817 -195.399335 66.675224
2593.720817 -195.399335 73.004417
2643.720817 -195.399335 79.307404
2693.720817 -195.399335 85.528564
2743.720817 -195.399335 91.592705
2793.720817 -195.399335 97.458359
2843.720817 -195.399335 103.108879
2893.720817 -195.399335 108.545372
2943.720817 -195.399335 113.754051
2993.720817 -195.399335 118.715645
3043.720817 -195.399335 123.406754
3093.720817 -195.399335 127.846992
3143.720817 -195.399335 132.023895
3193.720817 -195.399335 135.927704
3243.720817 -195.399335 139.573837
3293.720817 -195.399335 142.960617
3343.720817 -195.399335 146.122223
3393.720817 -195.399335 149.079483
3443.720817 -195.399335 151.847000
3493.720817 -195.399335 154.453949
3543.720817 -195.399335 156.924438
3593.720817 -195.399335 159.298065
3643.720817 -195.399335 161.567230
3693.720817 -195.399335 163.751984
3743.720817 -195.399335 165.881195
3793.720817 -195.399335 167.988281
3843.720817 -195.399335 170.090530
3893.720817 -195.399335 172.222549
3943.720817 -195.399335 174.373978
3993.720817 -195.399335 176.520538
-1256.279183 -145.399335 4.572343
-1206.279183 -145.399335 6.719874
-1156.279183 -145.399335 8.842104
-1106.279183 -145.399335 10.929074
-1056.279183 -145.399335 12.982803
-1006.279183 -145.399335 15.008772
-956.279183 -145.399335 17.028210
-906.279183 -145.399335 19.061264
-856.279183 -145.399335 21.105997
-806.279183 -145.399335 23.135622
-756.279183 -145.399335 25.111710
-706.279183 -145.399335 27.012571
-656.279183 -145.399335 28.849819
-606.279183 -145.399335 30.626688
-556.279183 -145.399335 32.281509
-506.279183 -145.399335 33.776268
-456.279183 -145.399335 35.122475
-406.279183 -145.399335 36.299408
-356.279183 -145.399335 37.297840
-306.279183 -145.399335 38.106598
-256.279183 -145.399335 38.718735
-206.279183 -145.399335 39.103065
-156.279183 -145.399335 39.240200
-106.279183 -145.399335 39.103237
-56.279183 -145.399335 38.685131
-6.279183 -145.399335 37.922977
43.720817 -145.399335 36.810562
93.720817 -145.399335 35.343182
143.720817 -145.399335 33.548306
193.720817 -145.399335 31.462921
243.720817 -145.399335 29.115122
293.720817 -145.399335 26.565619
343.720817 -145.399335 23.860323
393.720817 -145.399335 21.004011
443.720817 -145.399335 17.988970
493.720817 -145.399335 14.865574
543.720817 -145.399335 11.660885
593.720817 -145.399335 8.387200
643.720817 -145.399335 5.044147
693.720817 -145.399335 1.624186
743.720817 -145.399335 -1.855931
793.720817 -145.399335 -5.322528
843.720817 -145.399335 -8.761230
893.720817 -145.399335 -12.112993
943.720817 -145.399335 -15.340113
993.720817 -145.399335 -18.387136
1043.720817 -145.399335 -21.209671
1093.720817 -145.399335 -23.766830
1143.720817 -145.399335 -26.002245
1193.720817 -145.399335 -27.884596
1243.720817 -145.399335 -29.367273
1293.720817 -145.399335 -30.418739
1343.720817 -145.399335 -31.021830
1393.720817 -145.399335 -31.192486
1443.720817 -145.399335 -30.894146
1493.720817 -145.399335 -30.144096
1543.720817 -145.399335 -28.974047
1593.720817 -145.399335 -27.403603
1643.720817 -145.399335 -25.454771
1693.720817 -145.399335 -23.136551
1743.720817 -145.399335 -20.424072
1793.720817 -145.399335 -17.289341
1843.720817 -145.399335 -13.725276
1893.720817 -145.399335 -9.748265
1943.720817 -145.399335 -5.399739
1993.720817 -145.399335 -0.698141
2043.720817 -145.399335 4.338406
2093.720817 -145.399335 9.709769
2143.720817 -145.399335 15.404150
2193.720817 -145.399335 21.408373
2243.720817 -145.399335 27.695047
2293.720817 -145.399335 34.227985
2343.720817 -145.399335 40.941296
2393.720817 -145.399335 47.775860
2443.720817 -145.399335 54.699165
2493.720817 -145.399335 61.653095
2543.720817 -145.399335 68.587204
2593.720817 -145.399335 75.488167
2643.720817 -145.399335 82.333359
2693.720817 -145.399335 89.071442
2743.720817 -145.399335 95.647491
2793.720817 -145.399335 101.984398
2843.720817 -145.399335 108.075035
2893.720817 -145.399335 113.886002
2943.720817 -145.399335 119.388527
2993.720817 -145.399335 124.566635
3043.720817 -145.399335 129.422348
3093.720817 -145.399335 133.961914
3143.720817 -145.399335 138.171844
3193.720817 -145.399335 142.064636
3243.720817 -145.399335 145.630783
3293.720817 -145.399335 148.876968
3343.720817 -145.399335 151.811707
3393.720817 -145.399335 154.468338
3443.720817 -145.399335 156.866013
3493.720817 -145.399335 159.016479
3543.720817 -145.399335 160.991119
3593.720817 -145.399335 162.801910
3643.720817 -145.399335 164.478531
3693.720817 -145.399335 166.028320
3743.720817 -145.399335 167.496811
3793.720817 -145.399335 168.935928
3843.720817 -145.399335 170.395554
3893.720817 -145.399335 171.879257
3943.720817 -145.399335 173.370972
3993.720817 -145.399335 174.856781
-1256.279183 -95.399335 6.533998
-1206.279183 -95.399335 8.697377
-1156.279183 -95.399335 10.847977
-1106.279183 -95.399335 12.961433
-1056.279183 -95.399335 15.043496
-1006.279183 -95.399335 17.110857
-956.279183 -95.399335 19.176119
-906.279183 -95.399335 21.257355
-856.279183 -95.399335 23.345583
-806.279183 -95.399335 25.395184
-756.279183 -95.399335 27.382236
-706.279183 -95.399335 29.297941
-656.279183 -95.399335 31.146662
-606.279183 -95.399335 32.918842
-556.279183 -95.399335 34.576077
-506.279183 -95.399335 36.085171
-456.279183 -95.399335 37.419773
-406.279183 -95.399335 38.569092
-356.279183 -95.399335 39.516651
-306.279183 -95.399335 40.287560
-256.279183 -95.399335 40.856876
-206.279183 -95.399335 41.200081
-156.279183 -95.399335 41.281612
-106.279183 -95.399335 41.087605
-56.279183 -95.399335 40.566387
-6.279183 -95.399335 39.704224
43.720817 -95.399335 38.456524
93.720817 -95.399335 36.825500
143.720817 -95.399335 34.850487
193.720817 -95.399335 32.528126
243.720817 -95.399335 29.907293
293.720817 -95.399335 27.037056
343.720817 -95.399335 23.967037
393.720817 -95.399335 20.718754
443.720817 -95.399335 17.293825
493.720817 -95.399335 13.707387
543.720817 -95.399335 10.036027
593.720817 -95.399335 6.276110
643.720817 -95.399335 2.452799
693.720817 -95.399335 -1.472007
743.720817 -95.399335 -5.457225
793.720817 -95.399335 -9.439354
843.720817 -95.399335 -13.352201
893.720817 -95.399335 -17.192850
943.720817 -95.399335 -20.881596
993.720817 -95.399335 -24.361368
1043.720817 -95.399335 -27.573107
1093.720817 -95.399335 -30.453262
1143.720817 -95.399335 -32.953243
1193.720817 -95.399335 -35.049286
1243.720817 -95.399335 -36.712864
1293.720817 -95.399335 -37.888123
1343.720817 -95.399335 -38.602692
1393.720817 -95.399335 -38.816181
1443.720817 -95.399335 -38.537029
1493.720817 -95.399335 -37.756626
1543.720817 -95.399335 -36.511490
1593.720817 -95.399335 -34.831741
1643.720817 -95.399335 -32.737289
1693.720817 -95.399335 -30.225508
1743.720817 -95.399335 -27.267717
1793.720817 -95.399335 -23.845037
1843.720817 -95.399335 -19.927269
1893.720817 -95.399335 -15.565604
1943.720817 -95.399335 -10.786835
1993.720817 -95.399335 -5.638266
2043.720817 -95.399335 -0.101640
2093.720817 -95.399335 5.811736
2143.720817 -95.399335 12.095667
2193.720817 -95.399335 18.725975
2243.720817 -95.399335 25.665010
2293.720817 -95.399335 32.847076
2343.720817 -95.399335 40.203346
2393.720817 -95.399335 47.680103
2443.720817 -95.399335 55.228756
2493.720817 -95.399335 62.810413
2543.720817 -95.399335 70.354912
2593.720817 -95.399335 77.839912
2643.720817 -95.399335 85.216133
2693.720817 -95.399335 92.462212
2743.720817 -95.399335 99.521759
2793.720817 -95.399335 106.337532
2843.720817 -95.399335 112.862770
2893.720817 -95.399335 119.042023
2943.720817 -95.399335 124.839729
2993.720817 -95.399335 130.226852
3043.720817 -95.399335 135.233429
3093.720817 -95.399335 139.846542
3143.720817 -95.399335 144.085297
3193.720817 -95.399335 147.919876
3243.720817 -95.399335 151.368118
3293.720817 -95.399335 154.416855
3343.720817 -95.399335 157.097809
3393.720817 -95.399335 159.419403
3443.720817 -95.399335 161.411240
3493.720817 -95.399335 163.100403
3543.720817 -95.399335 164.541443
3593.720817 -95.399335 165.773956
3643.720817 -95.399335 166.815628
3693.720817 -95.399335 167.713745
3743.720817 -95.399335 168.503235
3793.720817 -95.399335 169.265244
3843.720817 -95.399335 170.041199
3893.720817 -95.399335 170.841690
3943.720817 -95.399335 171.649277
3993.720817 -95.399335 172.460617
-1256.279183 -45.399335 9.463928
-1206.279183 -45.399335 11.520087
-1156.279183 -45.399335 13.573017
-1106.279183 -45.399335 15.600934
-1056.279183 -45.399335 17.615023
-1006.279183 -45.399335 19.631914
-956.279183 -45.399335 21.656340
-906.279183 -45.399335 23.699614
-856.279183 -45.399335 25.741581
-806.279183 -45.399335 27.734776
-756.279183 -45.399335 29.662889
-706.279183 -45.399335 31.535097
-656.279183 -45.399335 33.318298
-606.279183 -45.399335 35.035744
-556.279183 -45.399335 36.649555
-506.279183 -45.399335 38.116932
-456.279183 -45.399335 39.389366
-406.279183 -45.399335 40.467659
-356.279183 -45.399335 41.365437
-306.279183 -45.399335 42.065689
-256.279183 -45.399335 42.573215
-206.279183 -45.399335 42.844757
-156.279183 -45.399335 42.822739
-106.279183 -45.399335 42.504444
-56.279183 -45.399335 41.859913
-6.279183 -45.399335 40.854984
43.720817 -45.399335 39.473484
93.720817 -45.399335 37.695869
143.720817 -45.399335 35.539673
193.720817 -45.399335 33.011765
243.720817 -45.399335 30.147337
293.720817 -45.399335 26.989311
343.720817 -45.399335 23.576149
393.720817 -45.399335 19.953798
443.720817 -45.399335 16.134453
493.720817 -45.399335 12.150608
543.720817 -45.399335 8.033813
593.720817 -45.399335 3.819730
643.720817 -45.399335 -0.478598
693.720817 -45.399335 -4.876494
743.720817 -45.399335 -9.330910
793.720817 -45.399335 -13.771505
843.720817 -45.399335 -18.172272
893.720817 -45.399335 -22.458267
943.720817 -45.399335 -26.586046
993.720817 -45.399335 -30.467464
1043.720817 -45.399335 -34.027363
1093.720817 -45.399335 -37.201115
1143.720817 -45.399335 -39.948345
1193.720817 -45.399335 -42.266483
1243.720817 -45.399335 -44.090508
1293.720817 -45.399335 -45.407284
1343.720817 -45.399335 -46.194298
1393.720817 -45.399335 -46.471954
1443.720817 -45.399335 -46.183380
1493.720817 -45.399335 -45.365673
1543.720817 -45.399335 -44.059727
1593.720817 -45.399335 -42.261581
1643.720817 -45.399335 -39.999428
1693.720817 -45.399335 -37.269043
1743.720817 -45.399335 -34.045444
1793.720817 -45.399335 -30.306465
1843.720817 -45.399335 -26.048544
1893.720817 -45.399335 -21.297140
1943.720817 -45.399335 -16.102974
1993.720817 -45.399335 -10.487012
2043.720817 -45.399335 -4.470006
2093.720817 -45.399335 1.969268
2143.720817 -45.399335 8.813989
2193.720817 -45.399335 16.050543
2243.720817 -45.399335 23.601271
2293.720817 -45.399335 31.394857
2343.720817 -45.399335 39.362820
2393.720817 -45.399335 47.438343
2443.720817 -45.399335 55.612450
2493.720817 -45.399335 63.795097
2543.720817 -45.399335 71.951653
2593.720817 -45.399335 80.000702
2643.720817 -45.399335 87.925529
2693.720817 -45.399335 95.673843
2743.720817 -45.399335 103.198013
2793.720817 -45.399335 110.466217
2843.720817 -45.399335 117.401962
2893.720817 -45.399335 123.942177
2943.720817 -45.399335 130.030121
2993.720817 -45.399335 135.650513
3043.720817 -45.399335 140.788147
3093.720817 -45.399335 145.471832
3143.720817 -45.399335 149.679749
3193.720817 -45.399335 153.427856
3243.720817 -45.399335 156.713760
3293.720817 -45.399335 159.563095
3343.720817 -45.399335 161.954285
3393.720817 -45.399335 163.933060
3443.720817 -45.399335 165.500198
3493.720817 -45.399335 166.699646
3543.720817 -45.399335 167.570709
3593.720817 -45.399335 168.170135
3643.720817 -45.399335 168.550674
3693.720817 -45.399335 168.761154
3743.720817 -45.399335 168.868301
3793.720817 -45.399335 168.942902
3843.720817 -45.399335 169.022781
3893.720817 -45.399335 169.124420
3943.720817 -45.399335 169.236099
3993.720817 -45.399335 169.356857
-1256.279183 4.600665 13.389634
-1206.279183 4.600665 15.228069
-1156.279183 4.600665 17.059381
-1106.279183 4.600665 18.895113
-1056.279183 4.600665 20.736542
-1006.279183 4.600665 22.611893
-956.279183 4.600665 24.512665
-906.279183 4.600665 26.427368
-856.279183 4.600665 28.330885
-806.279183 4.600665 30.181787
-756.279183 4.600665 31.972368
-706.279183 4.600665 33.707344
-656.279183 4.600665 35.381729
-606.279183 4.600665 36.989807
-556.279183 4.600665 38.498905
-506.279183 4.600665 39.852547
-456.279183 4.600665 41.020691
-406.279183 4.600665 42.004585
-356.279183 4.600665 42.803547
-306.279183 4.600665 43.408314
-256.279183 4.600665 43.810284
-206.279183 4.600665 43.963768
-156.279183 4.600665 43.818378
-106.279183 4.600665 43.354126
-56.279183 4.600665 42.548573
-6.279183 4.600665 41.377724
43.720817 4.600665 39.816963
93.720817 4.600665 37.877464
143.720817 4.600665 35.543011
193.720817 4.600665 32.832481
243.720817 4.600665 29.755127
293.720817 4.600665 26.348961
343.720817 4.600665 22.630066
393.720817 4.600665 18.661491
443.720817 4.600665 14.493505
493.720817 4.600665 10.139574
543.720817 4.600665 5.626367
593.720817 4.600665 0.990921
643.720817 4.600665 -3.764137
693.720817 4.600665 -8.605624
743.720817 4.600665 -13.498805
793.720817 4.600665 -18.394543
843.720817 4.600665 -23.245129
893.720817 4.600665 -27.954819
943.720817 4.600665 -32.455162
993.720817 4.600665 -36.677998
1043.720817 4.600665 -40.541309
1093.720817 4.600665 -43.991085
1143.720817 4.600665 -46.980045
1193.720817 4.600665 -49.482925
1243.720817 4.600665 -51.483982
1293.720817 4.600665 -52.935654
1343.720817 4.600665 -53.824867
1393.720817 4.600665 -54.110458
1443.720817 4.600665 -53.824951
1493.720817 4.600665 -52.966969
1543.720817 4.600665 -51.568073
1593.720817 4.600665 -49.657448
1643.720817 4.600665 -47.219883
1693.720817 4.600665 -44.243301
1743.720817 4.600665 -40.725861
1793.720817 4.600665 -36.660740
1843.720817 4.600665 -32.042233
1893.720817 4.600665 -26.908400
1943.720817 4.600665 -21.291370
1993.720817 4.600665 -15.236805
2043.720817 4.600665 -8.732596
2093.720817 4.600665 -1.801299
2143.720817 4.600665 5.577719
2193.720817 4.600665 13.356748
2243.720817 4.600665 21.475677
2293.720817 4.600665 29.853437
2343.720817 4.600665 38.395672
2393.720817 4.600665 47.060677
2443.720817 4.600665 55.804001
2493.720817 4.600665 64.586197
2543.720817 4.600665 73.318008
2593.720817 4.600665 81.940567
2643.720817 4.600665 90.397057
2693.720817 4.600665 98.649002
2743.720817 4.600665 106.632484
2793.720817 4.600665 114.313461
2843.720817 4.600665 121.634773
2893.720817 4.600665 128.515213
2943.720817 4.600665 134.884903
2993.720817 4.600665 140.719101
3043.720817 4.600665 146.009689
3093.720817 4.600665 150.738754
3143.720817 4.600665 154.910446
3193.720817 4.600665 158.539185
3243.720817 4.600665 161.653488
3293.720817 4.600665 164.263901
3343.720817 4.600665 166.379318
3393.720817 4.600665 167.988235
3443.720817 4.600665 169.122299
3493.720817 4.600665 169.798950
3543.720817 4.600665 170.068085
3593.720817 4.600665 169.991150
3643.720817 4.600665 169.658661
3693.720817 4.600665 169.154114
3743.720817 4.600665 168.568283
3793.720817 4.600665 167.957214
3843.720817 4.600665 167.341263
3893.720817 4.600665 166.725922
3943.720817 4.600665 166.117325
3993.720817 4.600665 165.524750
-1256.279183 54.600665 18.278198
-1206.279183 54.600665 19.804626
-1156.279183 54.600665 21.336040
-1106.279183 54.600665 22.886175
-1056.279183 54.600665 24.479382
-1006.279183 54.600665 26.116623
-956.279183 54.600665 27.789608
-906.279183 54.600665 29.475676
-856.279183 54.600665 31.143009
-806.279183 54.600665 32.757721
-756.279183 54.600665 34.333828
-706.279183 54.600665 35.858288
-656.279183 54.600665 37.348156
-606.279183 54.600665 38.764622
-556.279183 54.600665 40.090424
-506.279183 54.600665 41.278751
-456.279183 54.600665 42.305706
-406.279183 54.600665 43.153542
-356.279183 54.600665 43.810795
-306.279183 54.600665 44.268635
-256.279183 54.600665 44.504559
-206.279183 54.600665 44.501602
-156.279183 54.600665 44.203526
-106.279183 54.600665 43.580315
-56.279183 54.600665 42.601166
-6.279183 54.600665 41.229759
43.720817 54.600665 39.478256
93.720817 54.600665 37.357212
143.720817 54.600665 34.847767
193.720817 54.600665 31.940367
243.720817 54.600665 28.672949
293.720817 54.600665 25.041380
343.720817 54.600665 21.062231
393.720817 54.600665 16.797693
443.720817 54.600665 12.305760
493.720817 54.600665 7.628258
543.720817 54.600665 2.768496
593.720817 54.600665 -2.258557
643.720817 54.600665 -7.428324
693.720817 54.600665 -12.695688
743.720817 54.600665 -18.008474
793.720817 54.600665 -23.316559
843.720817 54.600665 -28.555180
893.720817 54.600665 -33.633190
943.720817 54.600665 -38.459373
993.720817 54.600665 -42.980038
1043.720817 54.600665 -47.119335
1093.720817 54.600665 -50.814156
1143.720817 54.600665 -54.027721
1193.720817 54.600665 -56.714691
1243.720817 54.600665 -58.863483
1293.720817 54.600665 -60.452911
1343.720817 54.600665 -61.414722
1393.720817 54.600665 -61.749249
1443.720817 54.600665 -61.454670
1493.720817 54.600665 -60.544735
1543.720817 54.600665 -59.029915
1593.720817 54.600665 -56.964748
1643.720817 54.600665 -54.334450
1693.720817 54.600665 -51.107109
1743.720817 54.600665 -47.282841
1793.720817 54.600665 -42.883610
1843.720817 54.600665 -37.913666
1893.720817 54.600665 -32.387863
1943.720817 54.600665 -26.366243
1993.720817 54.600665 -19.859011
2043.720817 54.600665 -12.903036
2093.720817 54.600665 -5.487864
2143.720817 54.600665 2.381355
2193.720817 54.600665 10.666015
2243.720817 54.600665 19.302198
2293.720817 54.600665 28.206081
2343.720817 54.600665 37.293941
2393.720817 54.600665 46.516140
2443.720817 54.600665 55.817314
2493.720817 54.600665 65.131783
2543.720817 54.600665 74.397881
2593.720817 54.600665 83.552597
2643.720817 54.600665 92.540649
2693.720817 54.600665 101.282959
2743.720817 54.600665 109.729668
2793.720817 54.600665 117.819252
2843.720817 54.600665 125.491798
2893.720817 54.600665 132.671539
2943.720817 54.600665 139.317490
2993.720817 54.600665 145.360153
3043.720817 54.600665 150.793976
3093.720817 54.600665 155.586472
3143.720817 54.600665 159.727631
3193.720817 54.600665 163.235947
3243.720817 54.600665 166.161499
3293.720817 54.600665 168.522125
3343.720817 54.600665 170.311081
3393.720817 54.600665 171.534241
3443.720817 54.600665 172.200684
3493.720817 54.600665 172.321335
3543.720817 54.600665 171.949921
3593.720817 54.600665 171.182266
3643.720817 54.600665 170.137009
3693.720817 54.600665 168.906036
3743.720817 54.600665 167.597809
3793.720817 54.600665 166.265686
3843.720817 54.600665 164.941223
3893.720817 54.600665 163.599548
3943.720817 54.600665 162.277374
3993.720817 54.600665 160.957474
-1256.279183 104.600665 24.097054
-1206.279183 104.600665 25.252230
-1156.279183 104.600665 26.431320
-1106.279183 104.600665 27.650660
-1056.279183 104.600665 28.911316
-1006.279183 104.600665 30.206041
-956.279183 104.600665 31.542860
-906.279183 104.600665 32.878136
-856.279183 104.600665 34.191898
-806.279183 104.600665 35.484837
-756.279183 104.600665 36.760868
-706.279183 104.600665 38.004234
-656.279183 104.600665 39.213463
-606.279183 104.600665 40.357861
-556.279183 104.600665 41.414162
-506.279183 104.600665 42.382072
-456.279183 104.600665 43.223240
-406.279183 104.600665 43.885357
-356.279183 104.600665 44.347649
-306.279183 104.600665 44.593048
-256.279183 104.600665 44.623405
-206.279183 104.600665 44.408154
-156.279183 104.600665 43.929688
-106.279183 104.600665 43.117756
-56.279183 104.600665 41.952213
-6.279183 104.600665 40.400646
43.720817 104.600665 38.459862
93.720817 104.600665 36.129478
143.720817 104.600665 33.427052
193.720817 104.600665 30.333450
243.720817 104.600665 26.870197
293.720817 104.600665 23.030319
343.720817 104.600665 18.836624
393.720817 104.600665 14.317261
443.720817 104.600665 9.533742
493.720817 104.600665 4.554518
543.720817 104.600665 -0.612777
593.720817 104.600665 -5.987643
643.720817 104.600665 -11.530875
693.720817 104.600665 -17.163330
743.720817 104.600665 -22.833467
793.720817 104.600665 -28.507223
843.720817 104.600665 -34.080753
893.720817 104.600665 -39.466431
943.720817 104.600665 -44.585629
993.720817 104.600665 -49.363472
1043.720817 104.600665 -53.736233
1093.720817 104.600665 -57.657001
1143.720817 104.600665 -61.066093
1193.720817 104.600665 -63.927628
1243.720817 104.600665 -66.230400
1293.720817 104.600665 -67.927795
1343.720817 104.600665 -68.981087
1393.720817 104.600665 -69.359306
1443.720817 104.600665 -69.058594
1493.720817 104.600665 -68.067284
1543.720817 104.600665 -66.425682
1593.720817 104.600665 -64.166023
1643.720817 104.600665 -61.304966
1693.720817 104.600665 -57.812523
1743.720817 104.600665 -53.701263
1793.720817 104.600665 -48.978218
1843.720817 104.600665 -43.651531
1893.720817 104.600665 -37.760830
1943.720817 104.600665 -31.328465
1993.720817 104.600665 -24.397127
2043.720817 104.600665 -16.982168
2093.720817 104.600665 -9.092443
2143.720817 104.600665 -0.756408
2193.720817 104.600665 7.998463
2243.720817 104.600665 17.088987
2293.720817 104.600665 26.459164
2343.720817 104.600665 36.038906
2393.720817 104.600665 45.771595
2443.720817 104.600665 55.573627
2493.720817 104.600665 65.380302
2543.720817 104.600665 75.139221
2593.720817 104.600665 84.781647
2643.720817 104.600665 94.253822
2693.720817 104.600665 103.466194
2743.720817 104.600665 112.352982
2793.720817 104.600665 120.852066
2843.720817 104.600665 128.869553
2893.720817 104.600665 136.357162
2943.720817 104.600665 143.253326
2993.720817 104.600665 149.520264
3043.720817 104.600665 155.106445
3093.720817 104.600665 159.954758
3143.720817 104.600665 164.076035
3193.720817 104.600665 167.492889
3243.720817 104.600665 170.225281
3293.720817 104.600665 172.299576
3343.720817 104.600665 173.716629
3393.720817 104.600665 174.494644
3443.720817 104.600665 174.633102
3493.720817 104.600665 174.162994
3543.720817 104.600665 173.147675
3593.720817 104.600665 171.707413
3643.720817 104.600665 169.945129
3693.720817 104.600665 167.989197
3743.720817 104.600665 165.932312
3793.720817 104.600665 163.864182
3843.720817 104.600665 161.795120
3893.720817 104.600665 159.742233
3943.720817 104.600665 157.697067
3993.720817 104.600665 155.680817
-1256.279183 154.600665 30.792444
-1206.279183 154.600665 31.561440
-1156.279183 154.600665 32.339577
-1106.279183 154.600665 33.161457
-1056.279183 154.600665 34.003296
-1006.279183 154.600665 34.882572
-956.279183 154.600665 35.759254
-906.279183 154.600665 36.639893
-856.279183 154.600665 37.516373
-806.279183 154.600665 38.402691
-756.279183 154.600665 39.281612
-706.279183 154.600665 40.145344
-656.279183 154.600665 40.976063
-606.279183 154.600665 41.761131
-556.279183 154.600665 42.492630
-506.279183 154.600665 43.163521
-456.279183 154.600665 43.727665
-406.279183 154.600665 44.130463
-356.279183 154.600665 44.344738
-306.279183 154.600665 44.362350
-256.279183 154.600665 44.142841
-206.279183 154.600665 43.691532
-156.279183 154.600665 42.975407
-106.279183 154.600665 41.952797
-56.279183 154.600665 40.587223
-6.279183 154.600665 38.845432
43.720817 154.600665 36.701111
93.720817 154.600665 34.177425
143.720817 154.600665 31.262140
193.720817 154.600665 28.004417
243.720817 154.600665 24.356564
293.720817 154.600665 20.320658
343.720817 154.600665 15.918586
393.720817 154.600665 11.171078
443.720817 154.600665 6.142114
493.720817 154.600665 0.893756
543.720817 154.600665 -4.561185
593.720817 154.600665 -10.236194
643.720817 154.600665 -16.073490
693.720817 154.600665 -22.000763
743.720817 154.600665 -27.972919
793.720817 154.600665 -33.938026
843.720817 154.600665 -39.800671
893.720817 154.600665 -45.461121
943.720817 154.600665 -50.819729
993.720817 154.600665 -55.793617
1043.720817 154.600665 -60.361885
1093.720817 154.600665 -64.485588
1143.720817 154.600665 -68.091423
1193.720817 154.600665 -71.127068
1243.720817 154.600665 -73.565926
1293.720817 154.600665 -75.377342
1343.720817 154.600665 -76.503059
1393.720817 154.600665 -76.915489
1443.720817 154.600665 -76.587738
1493.720817 154.600665 -75.526695
1543.720817 154.600665 -73.740898
1593.720817 154.600665 -71.289520
1643.720817 154.600665 -68.169563
1693.720817 154.600665 -64.386314
1743.720817 154.600665 -59.973545
1793.720817 154.600665 -54.929184
1843.720817 154.600665 -49.285381
1893.720817 154.600665 -43.037903
1943.720817 154.600665 -36.212788
1993.720817 154.600665 -28.844282
2043.720817 154.600665 -20.963675
2093.720817 154.600665 -12.611952
2143.720817 154.600665 -3.817156
2193.720817 154.600665 5.359810
2243.720817 154.600665 14.855359
2293.720817 154.600665 24.617472
2343.720817 154.600665 34.614986
2393.720817 154.600665 44.780754
2443.720817 154.600665 55.018486
2493.720817 154.600665 65.275566
2543.720817 154.600665 75.483025
2593.720817 154.600665 85.573135
2643.720817 154.600665 95.458824
2693.720817 154.600665 105.080215
2743.720817 154.600665 114.386940
2793.720817 154.600665 123.285095
2843.720817 154.600665 131.676498
2893.720817 154.600665 139.474426
2943.720817 154.600665 146.634094
2993.720817 154.600665 153.130783
3043.720817 154.600665 158.874222
3093.720817 154.600665 163.808945
3143.720817 154.600665 167.916977
3193.720817 154.600665 171.240540
3243.720817 154.600665 173.778763
3293.720817 154.600665 175.536987
3343.720817 154.600665 176.536743
3393.720817 154.600665 176.803452
3443.720817 154.600665 176.355225
3493.720817 154.600665 175.257172
3543.720817 154.600665 173.604324
3593.720817 154.600665 171.495483
3643.720817 154.600665 169.039581
3693.720817 154.600665 166.371201
3743.720817 154.600665 163.581787
3793.720817 154.600665 160.755539
3843.720817 154.600665 157.949387
3893.720817 154.600665 155.175430
3943.720817 154.600665 152.433716
3993.720817 154.600665 149.696060
-1256.279183 204.600665 38.365009
-1206.279183 204.600665 38.669468
-1156.279183 204.600665 38.990402
-1106.279183 204.600665 39.329067
-1056.279183 204.600665 39.686657
-1006.279183 204.600665 40.042736
-956.279183 204.600665 40.405945
-906.279183 204.600665 40.763691
-856.279183 204.600665 41.126484
-806.279183 204.600665 41.524147
-756.279183 204.600665 41.903179
-706.279183 204.600665 42.276867
-656.279183 204.600665 42.637039
-606.279183 204.600665 42.996063
-556.279183 204.600665 43.318741
-506.279183 204.600665 43.596592
-456.279183 204.600665 43.797386
-406.279183 204.600665 43.882107
-356.279183 204.600665 43.811939
-306.279183 204.600665 43.547222
-256.279183 204.600665 43.064285
-206.279183 204.600665 42.353035
-156.279183 204.600665 41.382549
-106.279183 204.600665 40.119865
-56.279183 204.600665 38.511215
-6.279183 204.600665 36.541233
43.720817 204.600665 34.194576
93.720817 204.600665 31.463923
143.720817 204.600665 28.394571
193.720817 204.600665 24.959877
243.720817 204.600665 21.139181
293.720817 204.600665 16.909889
343.720817 204.600665 12.300722
393.720817 204.600665 7.352210
443.720817 204.600665 2.123607
493.720817 204.600665 -3.360429
543.720817 204.600665 -9.075548
593.720817 204.600665 -14.987876
643.720817 204.600665 -21.050501
693.720817 204.600665 -27.212954
743.720817 204.600665 -33.425831
793.720817 204.600665 -39.611874
843.720817 204.600665 -45.695034
893.720817 204.600665 -51.574112
943.720817 204.600665 -57.129250
993.720817 204.600665 -62.292084
1043.720817 204.600665 -67.025871
1093.720817 204.600665 -71.305573
1143.720817 204.600665 -75.081726
1193.720817 204.600665 -78.273903
1243.720817 204.600665 -80.850456
1293.720817 204.600665 -82.762794
1343.720817 204.600665 -83.952179
1393.720817 204.600665 -84.377243
1443.720817 204.600665 -84.014519
1493.720817 204.600665 -82.881882
1543.720817 204.600665 -80.987755
1593.720817 204.600665 -78.327667
1643.720817 204.600665 -74.939537
1693.720817 204.600665 -70.871597
1743.720817 204.600665 -66.135117
1793.720817 204.600665 -60.782085
1843.720817 204.600665 -54.804722
1893.720817 204.600665 -48.197479
1943.720817 204.600665 -40.983101
1993.720817 204.600665 -33.194798
2043.720817 204.600665 -24.869535
2093.720817 204.600665 -16.061237
2143.720817 204.600665 -6.837961
2193.720817 204.600665 2.731581
2243.720817 204.600665 12.586329
2293.720817 204.600665 22.702267
2343.720817 204.600665 33.048180
2393.720817 204.600665 43.554367
2443.720817 204.600665 54.150845
2493.720817 204.600665 64.789009
2543.720817 204.600665 75.381714
2593.720817 204.600665 85.835831
2643.720817 204.600665 96.087936
2693.720817 204.600665 106.075020
2743.720817 204.600665 115.747810
2793.720817 204.600665 125.017105
2843.720817 204.600665 133.769287
2893.720817 204.600665 141.906662
2943.720817 204.600665 149.371216
2993.720817 204.600665 156.112122
3043.720817 204.600665 162.040619
3093.720817 204.600665 167.078018
3143.720817 204.600665 171.221039
3193.720817 204.600665 174.447510
3243.720817 204.600665 176.754456
3293.720817 204.600665 178.151062
3343.720817 204.600665 178.690643
3393.720817 204.600665 178.390625
3443.720817 204.600665 177.312881
3493.720817 204.600665 175.580246
3543.720817 204.600665 173.280243
3593.720817 204.600665 170.504013
3643.720817 204.600665 167.369995
3693.720817 204.600665 163.996979
3743.720817 204.600665 160.489655
3793.720817 204.600665 156.934113
3843.720817 204.600665 153.415665
3893.720817 204.600665 149.927490
3943.720817 204.600665 146.461899
3993.720817 204.600665 143.015137
-1256.279183 254.600665 46.755608
-1206.279183 254.600665 46.539307
-1156.279183 254.600665 46.313042
-1106.279183 254.600665 46.089397
-1056.279183 254.600665 45.860165
-1006.279183 254.600665 45.636395
-956.279183 254.600665 45.417374
-906.279183 254.600665 45.189590
-856.279183 254.600665 44.989689
-806.279183 254.600665 44.794525
-756.279183 254.600665 44.597263
-706.279183 254.600665 44.401161
-656.279183 254.600665 44.222500
-606.279183 254.600665 44.053364
-556.279183 254.600665 43.897087
-506.279183 254.600665 43.710922
-456.279183 254.600665 43.480209
-406.279183 254.600665 43.179482
-356.279183 254.600665 42.758480
-306.279183 254.600665 42.174671
-256.279183 254.600665 41.403606
-206.279183 254.600665 40.407887
-156.279183 254.600665 39.169415
-106.279183 254.600665 37.632664
-56.279183 254.600665 35.748013
-6.279183 254.600665 33.519066
43.720817 254.600665 30.952324
93.720817 254.600665 28.052547
143.720817 254.600665 24.796192
193.720817 254.600665 21.186052
243.720817 254.600665 17.180704
293.720817 254.600665 12.792171
343.720817 254.600665 8.017693
393.720817 254.600665 2.903273
443.720817 254.600665 -2.505474
493.720817 254.600665 -8.189677
543.720817 254.600665 -14.112508
593.720817 254.600665 -20.204700
643.720817 254.600665 -26.434008
693.720817 254.600665 -32.774399
743.720817 254.600665 -39.175671
793.720817 254.600665 -45.540623
843.720817 254.600665 -51.777023
893.720817 254.600665 -57.803116
943.720817 254.600665 -63.528862
993.720817 254.600665 -68.858017
1043.720817 254.600665 -73.749130
1093.720817 254.600665 -78.144760
1143.720817 254.600665 -82.026863
1193.720817 254.600665 -85.336021
1243.720817 254.600665 -88.013138
1293.720817 254.600665 -90.011261
1343.720817 254.600665 -91.254585
1393.720817 254.600665 -91.711601
1443.720817 254.600665 -91.335426
1493.720817 254.600665 -90.130211
1543.720817 254.600665 -88.099777
1593.720817 254.600665 -85.256386
1643.720817 254.600665 -81.619339
1693.720817 254.600665 -77.248444
1743.720817 254.600665 -72.208641
1793.720817 254.600665 -66.514923
1843.720817 254.600665 -60.204502
1893.720817 254.600665 -53.244267
1943.720817 254.600665 -45.649403
1993.720817 254.600665 -37.443878
2043.720817 254.600665 -28.693905
2093.720817 254.600665 -19.479858
2143.720817 254.600665 -9.874694
2193.720817 254.600665 0.054696
2243.720817 254.600665 10.264156
2293.720817 254.600665 20.703651
2343.720817 254.600665 31.341846
2393.720817 254.600665 42.118046
2443.720817 254.600665 53.005466
2493.720817 254.600665 63.916145
2543.720817 254.600665 74.794579
2593.720817 254.600665 85.547165
2643.720817 254.600665 96.092422
2693.720817 254.600665 106.391266
2743.720817 254.600665 116.373055
2793.720817 254.600665 125.944237
2843.720817 254.600665 135.026627
2893.720817 254.600665 143.516525
2943.720817 254.600665 151.326736
2993.720817 254.600665 158.369766
3043.720817 254.600665 164.525452
3093.720817 254.600665 169.717896
3143.720817 254.600665 173.896500
3193.720817 254.600665 177.032181
3243.720817 254.600665 179.069092
3293.720817 254.600665 180.070313
3343.720817 254.600665 180.089371
3393.720817 254.600665 179.160965
3443.720817 254.600665 177.438309
3493.720817 254.600665 175.057785
3543.720817 254.600665 172.114365
3593.720817 254.600665 168.678711
3643.720817 254.600665 164.871338
3693.720817 254.600665 160.808243
3743.720817 254.600665 156.620285
3793.720817 254.600665 152.389099
3843.720817 254.600665 148.174240
3893.720817 254.600665 143.993393
3943.720817 254.600665 139.838974
3993.720817 254.600665 135.681976
-1256.279183 304.600665 55.907761
-1206.279183 304.600665 55.067726
-1156.279183 304.600665 54.217438
-1106.279183 304.600665 53.347301
-1056.279183 304.600665 52.475876
-1006.279183 304.600665 51.597466
-956.279183 304.600665 50.740013
-906.279183 304.600665 49.880501
-856.279183 304.600665 49.020187
-806.279183 304.600665 48.172916
-756.279183 304.600665 47.337685
-706.279183 304.600665 46.533310
-656.279183 304.600665 45.750179
-606.279183 304.600665 44.976833
-556.279183 304.600665 44.240807
-506.279183 304.600665 43.523582
-456.279183 304.600665 42.803875
-406.279183 304.600665 42.065189
-356.279183 304.600665 41.239578
-306.279183 304.600665 40.304386
-256.279183 304.600665 39.204670
-206.279183 304.600665 37.894814
-156.279183 304.600665 36.341793
-106.279183 304.600665 34.501637
-56.279183 304.600665 32.347710
-6.279183 304.600665 29.865450
43.720817 304.600665 27.076075
93.720817 304.600665 23.968704
143.720817 304.600665 20.527969
193.720817 304.600665 16.733215
243.720817 304.600665 12.560480
293.720817 304.600665 8.006065
343.720817 304.600665 3.096194
393.720817 304.600665 -2.154402
443.720817 304.600665 -7.724410
493.720817 304.600665 -13.575323
543.720817 304.600665 -19.632416
593.720817 304.600665 -25.838417
643.720817 304.600665 -32.195629
693.720817 304.600665 -38.669617
743.720817 304.600665 -45.199337
793.720817 304.600665 -51.693710
843.720817 304.600665 -58.040043
893.720817 304.600665 -64.180405
943.720817 304.600665 -70.021461
993.720817 304.600665 -75.496887
1043.720817 304.600665 -80.504578
1093.720817 304.600665 -84.989258
1143.720817 304.600665 -88.934464
1193.720817 304.600665 -92.314499
1243.720817 304.600665 -95.061050
1293.720817 304.600665 -97.088875
1343.720817 304.600665 -98.380699
1393.720817 304.600665 -98.859016
1443.720817 304.600665 -98.473701
1493.720817 304.600665 -97.199448
1543.720817 304.600665 -95.050613
1593.720817 304.600665 -92.031395
1643.720817 304.600665 -88.163055
1693.720817 304.600665 -83.520790
1743.720817 304.600665 -78.167053
1793.720817 304.600665 -72.153008
1843.720817 304.600665 -65.480644
1893.720817 304.600665 -58.171146
1943.720817 304.600665 -50.205471
1993.720817 304.600665 -41.619484
2043.720817 304.600665 -32.490414
2093.720817 304.600665 -22.909145
2143.720817 304.600665 -12.948941
2193.720817 304.600665 -2.676828
2243.720817 304.600665 7.851015
2293.720817 304.600665 18.597807
2343.720817 304.600665 29.494007
2393.720817 304.600665 40.492336
2443.720817 304.600665 51.557648
2493.720817 304.600665 62.663311
2543.720817 304.600665 73.728874
2593.720817 304.600665 84.684593
2643.720817 304.600665 95.444786
2693.720817 304.600665 105.962379
2743.720817 304.600665 116.171074
2793.720817 304.600665 125.996773
2843.720817 304.600665 135.360794
2893.720817 304.600665 144.190384
2943.720817 304.600665 152.358414
2993.720817 304.600665 159.743271
3043.720817 304.600665 166.195557
3093.720817 304.600665 171.603134
3143.720817 304.600665 175.864609
3193.720817 304.600665 178.886658
3243.720817 304.600665 180.653580
3293.720817 304.600665 181.185120
3343.720817 304.600665 180.584930
3393.720817 304.600665 179.003662
3443.720817 304.600665 176.621735
3493.720817 304.600665 173.590790
3543.720817 304.600665 169.995590
3593.720817 304.600665 165.919006
3643.720817 304.600665 161.475464
3693.720817 304.600665 156.792816
3743.720817 304.600665 151.978622
3793.720817 304.600665 147.114410
3843.720817 304.600665 142.239746
3893.720817 304.600665 137.404236
3943.720817 304.600665 132.590790
3993.720817 304.600665 127.807449
-1256.279183 354.600665 65.764175
-1206.279183 354.600665 64.201454
-1156.279183 354.600665 62.633339
-1106.279183 354.600665 61.048943
-1056.279183 354.600665 59.470417
-1006.279183 354.600665 57.900772
-956.279183 354.600665 56.323071
-906.279183 354.600665 54.753502
-856.279183 354.600665 53.182144
-806.279183 354.600665 51.621742
-756.279183 354.600665 50.114601
-706.279183 354.600665 48.651131
-656.279183 354.600665 47.209194
-606.279183 354.600665 45.779953
-556.279183 354.600665 44.397919
-506.279183 354.600665 43.073345
-456.279183 354.600665 41.817654
-406.279183 354.600665 40.575691
-356.279183 354.600665 39.318581
-306.279183 354.600665 37.978458
-256.279183 354.600665 36.497192
-206.279183 354.600665 34.817101
-156.279183 354.600665 32.923897
-106.279183 354.600665 30.776926
-56.279183 354.600665 28.343817
-6.279183 354.600665 25.610287
43.720817 354.600665 22.600855
93.720817 354.600665 19.292913
143.720817 354.600665 15.656920
193.720817 354.600665 11.678357
243.720817 354.600665 7.330872
293.720817 354.600665 2.626374
343.720817 354.600665 -2.432033
393.720817 354.600665 -7.807011
443.720817 354.600665 -13.494237
493.720817 354.600665 -19.449440
543.720817 354.600665 -25.593424
593.720817 354.600665 -31.890018
643.720817 354.600665 -38.333439
693.720817 354.600665 -44.885365
743.720817 354.600665 -51.483486
793.720817 354.600665 -58.046204
843.720817 354.600665 -64.475815
893.720817 354.600665 -70.690201
943.720817 354.600665 -76.611687
993.720817 354.600665 -82.155113
1043.720817 354.600665 -87.247169
1093.720817 354.600665 -91.813507
1143.720817 354.600665 -95.811012
1193.720817 354.600665 -99.228844
1243.720817 354.600665 -101.988266
1293.720817 354.600665 -104.043457
1343.720817 354.600665 -105.323288
1393.720817 354.600665 -105.786789
1443.720817 354.600665 -105.372673
1493.720817 354.600665 -104.050064
1543.720817 354.600665 -101.795410
1593.720817 354.600665 -98.619080
1643.720817 354.600665 -94.539978
1693.720817 354.600665 -89.640808
1743.720817 354.600665 -84.010330
1793.720817 354.600665 -77.668266
1843.720817 354.600665 -70.661995
1893.720817 354.600665 -63.003292
1943.720817 354.600665 -54.688721
1993.720817 354.600665 -45.752792
2043.720817 354.600665 -36.293922
2093.720817 354.600665 -26.364300
2143.720817 354.600665 -16.063786
2193.720817 354.600665 -5.468950
2243.720817 354.600665 5.363572
2293.720817 354.600665 16.356186
2343.720817 354.600665 27.462091
2393.720817 354.600665 38.626522
2443.720817 354.600665 49.827900
2493.720817 354.600665 61.024979
2543.720817 354.600665 72.181763
2593.720817 354.600665 83.236504
2643.720817 354.600665 94.116776
2693.720817 354.600665 104.756447
2743.720817 354.600665 115.122307
2793.720817 354.600665 125.136688
2843.720817 354.600665 134.737823
2893.720817 354.600665 143.840347
2943.720817 354.600665 152.328827
2993.720817 354.600665 160.047546
3043.720817 354.600665 166.858414
3093.720817 354.600665 172.569046
3143.720817 354.600665 176.968369
3193.720817 354.600665 179.902115
3243.720817 354.600665 181.334808
3293.720817 354.600665 181.334839
3343.720817 354.600665 180.076675
3393.720817 354.600665 177.801849
3443.720817 354.600665 174.752182
3493.720817 354.600665 171.073181
3543.720817 354.600665 166.841446
3593.720817 354.600665 162.174255
3643.720817 354.600665 157.166473
3693.720817 354.600665 151.927521
3743.720817 354.600665 146.554062
3793.720817 354.600665 141.110062
3843.720817 354.600665 135.638885
3893.720817 354.600665 130.200684
3943.720817 354.600665 124.821808
3993.720817 354.600665 119.469139
-1256.279183 404.600665 76.260231
-1206.279183 404.600665 73.882721
-1156.279183 404.600665 71.512993
-1106.279183 404.600665 69.151047
-1056.279183 404.600665 66.810768
-1006.279183 404.600665 64.479439
-956.279183 404.600665 62.143337
-906.279183 404.600665 59.782173
-856.279183 404.600665 57.443810
-806.279183 404.600665 55.149155
-756.279183 404.600665 52.914898
-706.279183 404.600665 50.727428
-656.279183 404.600665 48.578308
-606.279183 404.600665 46.459969
-556.279183 404.600665 44.396885
-506.279183 404.600665 42.430695
-456.279183 404.600665 40.573143
-406.279183 404.600665 38.789608
-356.279183 404.600665 37.024761
-306.279183 404.600665 35.230980
-256.279183 404.600665 33.309597
-206.279183 404.600665 31.222683
-156.279183 404.600665 28.951761
-106.279183 404.600665 26.482157
-56.279183 404.600665 23.764828
-6.279183 404.600665 20.791027
43.720817 404.600665 17.557337
93.720817 404.600665 14.041117
143.720817 404.600665 10.210221
193.720817 404.600665 6.046382
243.720817 404.600665 1.543906
293.720817 404.600665 -3.318834
343.720817 404.600665 -8.499066
393.720817 404.600665 -13.984483
443.720817 404.600665 -19.757700
493.720817 404.600665 -25.769245
543.720817 404.600665 -31.982504
593.720817 404.600665 -38.342304
643.720817 404.600665 -44.833778
693.720817 404.600665 -51.403225
743.720817 404.600665 -58.016941
793.720817 404.600665 -64.602859
843.720817 404.600665 -71.068535
893.720817 404.600665 -77.311653
943.720817 404.600665 -83.256706
993.720817 404.600665 -88.818092
1043.720817 404.600665 -93.947899
1093.720817 404.600665 -98.572571
1143.720817 404.600665 -102.630264
1193.720817 404.600665 -106.053848
1243.720817 404.600665 -108.820518
1293.720817 404.600665 -110.853378
1343.720817 404.600665 -112.096161
1393.720817 404.600665 -112.499390
1443.720817 404.600665 -112.019531
1493.720817 404.600665 -110.622917
1543.720817 404.600665 -108.275749
1593.720817 404.600665 -104.953377
1643.720817 404.600665 -100.694176
1693.720817 404.600665 -95.589844
1743.720817 404.600665 -89.695396
1793.720817 404.600665 -83.069290
1843.720817 404.600665 -75.733124
1893.720817 404.600665 -67.742805
1943.720817 404.600665 -59.110538
1993.720817 404.600665 -49.878166
2043.720817 404.600665 -40.098202
2093.720817 404.600665 -29.848309
2143.720817 404.600665 -19.228516
2193.720817 404.600665 -8.343926
2243.720817 404.600665 2.732218
2293.720817 404.600665 13.931499
2343.720817 404.600665 25.205374
2393.720817 404.600665 36.499004
2443.720817 404.600665 47.776512
2493.720817 404.600665 59.006119
2543.720817 404.600665 70.166290
2593.720817 404.600665 81.228577
2643.720817 404.600665 92.114067
2693.720817 404.600665 102.798286
2743.720817 404.600665 113.241028
2793.720817 404.600665 123.380028
2843.720817 404.600665 133.137650
2893.720817 404.600665 142.425812
2943.720817 404.600665 151.138809
2993.720817 404.600665 159.149155
3043.720817 404.600665 166.292053
3093.720817 404.600665 172.336578
3143.720817 404.600665 176.971680
3193.720817 404.600665 179.876419
3243.720817 404.600665 180.930359
3293.720817 404.600665 180.291672
3343.720817 404.600665 178.333008
3393.720817 404.600665 175.395370
3443.720817 404.600665 171.720764
3493.720817 404.600665 167.428375
3543.720817 404.600665 162.636154
3593.720817 404.600665 157.438065
3643.720817 404.600665 151.933624
3693.720817 404.600665 146.206543
3743.720817 404.600665 140.340332
3793.720817 404.600665 134.389740
3843.720817 404.600665 128.422989
3893.720817 404.600665 122.496269
3943.720817 404.600665 116.620811
3993.720817 404.600665 110.784767
-1256.279183 454.600665 87.289276
-1206.279183 454.600665 84.054527
-1156.279183 454.600665 80.825356
-1106.279183 454.600665 77.622536
-1056.279183 454.600665 74.443855
-1006.279183 454.600665 71.281425
-956.279183 454.600665 68.117325
-906.279183 454.600665 64.956444
-856.279183 454.600665 61.811150
-806.279183 454.600665 58.727592
-756.279183 454.600665 55.700665
-706.279183 454.600665 52.733086
-656.279183 454.600665 49.824524
-606.279183 454.600665 46.987930
-556.279183 454.600665 44.240021
-506.279183 454.600665 41.620338
-456.279183 454.600665 39.131882
-406.279183 454.600665 36.751720
-356.279183 454.600665 34.433556
-306.279183 454.600665 32.116741
-256.279183 454.600665 29.708366
-206.279183 454.600665 27.161551
-156.279183 454.600665 24.492945
-106.279183 454.600665 21.682226
-56.279183 454.600665 18.677567
-6.279183 454.600665 15.450675
43.720817 454.600665 11.982367
93.720817 454.600665 8.240027
143.720817 454.600665 4.208559
193.720817 454.600665 -0.123368
243.720817 454.600665 -4.778644
293.720817 454.600665 -9.746922
343.720817 454.600665 -15.043239
393.720817 454.600665 -20.623417
443.720817 454.600665 -26.465107
493.720817 454.600665 -32.529636
543.720817 454.600665 -38.772663
593.720817 454.600665 -45.157204
643.720817 454.600665 -51.658047
693.720817 454.600665 -58.205231
743.720817 454.600665 -64.790077
793.720817 454.600665 -71.348312
843.720817 454.600665 -77.796165
893.720817 454.600665 -84.023170
943.720817 454.600665 -89.929276
993.720817 454.600665 -95.476608
1043.720817 454.600665 -100.598503
1093.720817 454.600665 -105.238853
1143.720817 454.600665 -109.328079
1193.720817 454.600665 -112.770111
1243.720817 454.600665 -115.508026
1293.720817 454.600665 -117.503212
1343.720817 454.600665 -118.673576
1393.720817 454.600665 -118.988548
1443.720817 454.600665 -118.413040
1493.720817 454.600665 -116.904800
1543.720817 454.600665 -114.433876
1593.720817 454.600665 -110.988785
1643.720817 454.600665 -106.595055
1693.720817 454.600665 -101.302719
1743.720817 454.600665 -95.199089
1793.720817 454.600665 -88.321922
1843.720817 454.600665 -80.704849
1893.720817 454.600665 -72.400795
1943.720817 454.600665 -63.469662
1993.720817 454.600665 -53.939571
2043.720817 454.600665 -43.868561
2093.720817 454.600665 -33.343616
2143.720817 454.600665 -22.473452
2193.720817 454.600665 -11.356089
2243.720817 454.600665 -0.082073
2293.720817 454.600665 11.283066
2343.720817 454.600665 22.682322
2393.720817 454.600665 34.062786
2443.720817 454.600665 45.378544
2493.720817 454.600665 56.591911
2543.720817 454.600665 67.704834
2593.720817 454.600665 78.692993
2643.720817 454.600665 89.526131
2693.720817 454.600665 100.169495
2743.720817 454.600665 110.604912
2793.720817 454.600665 120.763809
2843.720817 454.600665 130.564789
2893.720817 454.600665 139.924713
2943.720817 454.600665 148.748215
2993.720817 454.600665 156.922043
3043.720817 454.600665 164.273712
3093.720817 454.600665 170.588104
3143.720817 454.600665 175.531219
3193.720817 454.600665 178.557465
3243.720817 454.600665 179.096848
3293.720817 454.600665 177.764938
3343.720817 454.600665 175.158295
3393.720817 454.600665 171.655090
3443.720817 454.600665 167.432373
3493.720817 454.600665 162.635666
3543.720817 454.600665 157.371689
3593.720817 454.600665 151.723846
3643.720817 454.600665 145.794678
3693.720817 454.600665 139.650772
3743.720817 454.600665 133.378387
3793.720817 454.600665 127.021400
3843.720817 454.600665 120.642487
3893.720817 454.600665 114.303154
3943.720817 454.600665 108.032120
3993.720817 454.600665 101.794411
-1256.279183 504.600665 98.760735
-1206.279183 504.600665 94.624794
-1156.279183 504.600665 90.508102
-1106.279183 504.600665 86.405998
-1056.279183 504.600665 82.318512
-1006.279183 504.600665 78.262642
-956.279183 504.600665 74.233818
-906.279183 504.600665 70.226082
-856.279183 504.600665 66.250427
-806.279183 504.600665 62.318562
-756.279183 504.600665 58.455326
-706.279183 504.600665 54.654396
-656.279183 504.600665 50.957466
-606.279183 504.600665 47.376156
-556.279183 504.600665 43.933334
-506.279183 504.600665 40.645008
-456.279183 504.600665 37.513626
-406.279183 504.600665 34.507710
-356.279183 504.600665 31.582178
-306.279183 504.600665 28.674749
-256.279183 504.600665 25.730085
-206.279183 504.600665 22.728920
-156.279183 504.600665 19.651789
-106.279183 504.600665 16.459526
-56.279183 504.600665 13.138018
-6.279183 504.600665 9.631694
43.720817 504.600665 5.896352
93.720817 504.600665 1.914752
143.720817 504.600665 -2.300733
193.720817 504.600665 -6.792793
243.720817 504.600665 -11.570177
293.720817 504.600665 -16.639931
343.720817 504.600665 -22.010574
393.720817 504.600665 -27.669643
443.720817 504.600665 -33.581226
493.720817 504.600665 -39.687099
543.720817 504.600665 -45.941750
593.720817 504.600665 -52.315136
643.720817 504.600665 -58.763783
693.720817 504.600665 -65.261581
743.720817 504.600665 -71.773727
793.720817 504.600665 -78.262192
843.720817 504.600665 -84.626450
893.720817 504.600665 -90.782555
943.720817 504.600665 -96.622925
993.720817 504.600665 -102.111954
1043.720817 504.600665 -107.183128
1093.720817 504.600665 -111.785332
1143.720817 504.600665 -115.861382
1193.720817 504.600665 -119.296036
1243.720817 504.600665 -122.017319
1293.720817 504.600665 -123.949356
1343.720817 504.600665 -125.032875
1393.720817 504.600665 -125.243500
1443.720817 504.600665 -124.544502
1493.720817 504.600665 -122.892395
1543.720817 504.600665 -120.284821
1593.720817 504.600665 -116.722412
1643.720817 504.600665 -112.217064
1693.720817 504.600665 -106.784157
1743.720817 504.600665 -100.494125
1793.720817 504.600665 -93.396347
1843.720817 504.600665 -85.525368
1893.720817 504.600665 -76.951996
1943.720817 504.600665 -67.741959
1993.720817 504.600665 -57.925179
2043.720817 504.600665 -47.588219
2093.720817 504.600665 -36.845421
2143.720817 504.600665 -25.789183
2193.720817 504.600665 -14.504656
2243.720817 504.600665 -3.075673
2293.720817 504.600665 8.394987
2343.720817 504.600665 19.874247
2393.720817 504.600665 31.291630
2443.720817 504.600665 42.599606
2493.720817 504.600665 53.762409
2543.720817 504.600665 64.800911
2593.720817 504.600665 75.698875
2643.720817 504.600665 86.408432
2693.720817 504.600665 96.950699
2743.720817 504.600665 107.275711
2793.720817 504.600665 117.335976
2843.720817 504.600665 127.050117
2893.720817 504.600665 136.349487
2943.720817 504.600665 145.141251
2993.720817 504.600665 153.294937
3043.720817 504.600665 160.642166
3093.720817 504.600665 166.991196
3143.720817 504.600665 172.085434
3193.720817 504.600665 175.414291
3243.720817 504.600665 175.290329
3293.720817 504.600665 173.422333
3343.720817 504.600665 170.400391
3393.720817 504.600665 166.483017
3443.720817 504.600665 161.868530
3493.720817 504.600665 156.690338
3543.720817 504.600665 151.053436
3593.720817 504.600665 145.073303
3643.720817 504.600665 138.803986
3693.720817 504.600665 132.341614
3743.720817 504.600665 125.742424
3793.720817 504.600665 119.065186
3843.720817 504.600665 112.345619
3893.720817 504.600665 105.670845
3943.720817 504.600665 99.059067
3993.720817 504.600665 92.494118
-1256.279183 554.600665 110.621849
-1206.279183 554.600665 105.556763
-1156.279183 554.600665 100.506668
-1106.279183 554.600665 95.455429
-1056.279183 554.600665 90.421440
-1006.279183 554.600665 85.426888
-956.279183 554.600665 80.478920
-906.279183 554.600665 75.562668
-856.279183 554.600665 70.700706
-806.279183 554.600665 65.911179
-756.279183 554.600665 61.175880
-706.279183 554.600665 56.535934
-656.279183 554.600665 52.022228
-606.279183 554.600665 47.672974
-556.279183 554.600665 43.506172
-506.279183 554.600665 39.519299
-456.279183 554.600665 35.709927
-406.279183 554.600665 32.041809
-356.279183 554.600665 28.464161
-306.279183 554.600665 24.946106
-256.279183 554.600665 21.446716
-206.279183 554.600665 17.957659
-156.279183 554.600665 14.453823
-106.279183 554.600665 10.867042
-56.279183 554.600665 7.182587
-6.279183 554.600665 3.346178
43.720817 554.600665 -0.672469
93.720817 554.600665 -4.873351
143.720817 554.600665 -9.288706
193.720817 554.600665 -13.922630
243.720817 554.600665 -18.809597
293.720817 554.600665 -23.972466
343.720817 554.600665 -29.419371
393.720817 554.600665 -35.137203
443.720817 554.600665 -41.082165
493.720817 554.600665 -47.201283
543.720817 554.600665 -53.443424
593.720817 554.600665 -59.756916
643.720817 554.600665 -66.125031
693.720817 554.600665 -72.519691
743.720817 554.600665 -78.931709
793.720817 554.600665 -85.289322
843.720817 554.600665 -91.523575
893.720817 554.600665 -97.551804
943.720817 554.600665 -103.299400
993.720817 554.600665 -108.693581
1043.720817 554.600665 -113.672966
1093.720817 554.600665 -118.200737
1143.720817 554.600665 -122.208206
1193.720817 554.600665 -125.594978
1243.720817 554.600665 -128.267700
1293.720817 554.600665 -130.134628
1343.720817 554.600665 -131.135025
1393.720817 554.600665 -131.247345
1443.720817 554.600665 -130.417984
1493.720817 554.600665 -128.612656
1543.720817 554.600665 -125.855263
1593.720817 554.600665 -122.181160
1643.720817 554.600665 -117.562347
1693.720817 554.600665 -112.005348
1743.720817 554.600665 -105.551178
1793.720817 554.600665 -98.259285
1843.720817 554.600665 -90.173393
1893.720817 554.600665 -81.362923
1943.720817 554.600665 -71.889282
1993.720817 554.600665 -61.812771
2043.720817 554.600665 -51.261330
2093.720817 554.600665 -40.344898
2143.720817 554.600665 -29.148989
2193.720817 554.600665 -17.761471
2243.720817 554.600665 -6.258048
2293.720817 554.600665 5.279574
2343.720817 554.600665 16.783529
2393.720817 554.600665 28.189352
2443.720817 554.600665 39.448536
2493.720817 554.600665 50.545605
2543.720817 554.600665 61.481117
2593.720817 554.600665 72.240829
2643.720817 554.600665 82.823196
2693.720817 554.600665 93.187660
2743.720817 554.600665 103.322182
2793.720817 554.600665 113.166451
2843.720817 554.600665 122.673286
2893.720817 554.600665 131.767029
2943.720817 554.600665 140.352997
2993.720817 554.600665 148.297958
3043.720817 554.600665 155.412140
3093.720817 554.600665 161.447952
3143.720817 554.600665 166.085144
3193.720817 554.600665 168.760086
3243.720817 554.600665 168.915680
3293.720817 554.600665 167.140396
3343.720817 554.600665 164.011887
3393.720817 554.600665 159.906708
3443.720817 554.600665 155.058090
3493.720817 554.600665 149.635681
3543.720817 554.600665 143.758698
3593.720817 554.600665 137.529831
3643.720817 554.600665 131.020660
3693.720817 554.600665 124.306931
3743.720817 554.600665 117.460464
3793.720817 554.600665 110.516312
3843.720817 554.600665 103.547028
3893.720817 554.600665 96.602684
3943.720817 554.600665 89.715637
3993.720817 554.600665 82.865555
-1256.279183 604.600665 122.831696
-1206.279183 604.600665 116.808052
-1156.279183 604.600665 110.784386
-1106.279183 604.600665 104.749626
-1056.279183 604.600665 98.733788
-1006.279183 604.600665 92.766876
-956.279183 604.600665 86.844284
-906.279183 604.600665 80.965477
-856.279183 604.600665 75.181320
-806.279183 604.600665 69.485382
-756.279183 604.600665 63.878941
-706.279183 604.600665 58.393360
-656.279183 604.600665 53.062160
-606.279183 604.600665 47.925835
-556.279183 604.600665 42.985329
-506.279183 604.600665 38.256237
-456.279183 604.600665 33.724590
-406.279183 604.600665 29.350098
-356.279183 604.600665 25.095385
-306.279183 604.600665 20.947058
-256.279183 604.600665 16.883368
-206.279183 604.600665 12.895029
-156.279183 604.600665 8.915659
-106.279183 604.600665 4.911919
-56.279183 604.600665 0.827664
-6.279183 604.600665 -3.359212
43.720817 604.600665 -7.672361
93.720817 604.600665 -12.123565
143.720817 604.600665 -16.724415
193.720817 604.600665 -21.496067
243.720817 604.600665 -26.498449
293.720817 604.600665 -31.767439
343.720817 604.600665 -37.284248
393.720817 604.600665 -43.022278
443.720817 604.600665 -48.951416
493.720817 604.600665 -55.033058
543.720817 604.600665 -61.211472
593.720817 604.600665 -67.434731
643.720817 604.600665 -73.682480
693.720817 604.600665 -79.949738
743.720817 604.600665 -86.203827
793.720817 604.600665 -92.393791
843.720817 604.600665 -98.438606
893.720817 604.600665 -104.302826
943.720817 604.600665 -109.906891
993.720817 604.600665 -115.163597
1043.720817 604.600665 -120.028259
1093.720817 604.600665 -124.440193
1143.720817 604.600665 -128.328125
1193.720817 604.600665 -131.626434
1243.720817 604.600665 -134.227341
1293.720817 604.600665 -136.033813
1343.720817 604.600665 -136.961090
1393.720817 604.600665 -136.976288
1443.720817 604.600665 -136.013794
1493.720817 604.600665 -134.067947
1543.720817 604.600665 -131.174088
1593.720817 604.600665 -127.372810
1643.720817 604.600665 -122.634743
1693.720817 604.600665 -116.949837
1743.720817 604.600665 -110.363380
1793.720817 604.600665 -102.910057
1843.720817 604.600665 -94.622368
1893.720817 604.600665 -85.583183
1943.720817 604.600665 -75.863083
1993.720817 604.600665 -65.590569
2043.720817 604.600665 -54.880207
2093.720817 604.600665 -43.832157
2143.720817 604.600665 -32.547497
2193.720817 604.600665 -21.124735
2243.720817 604.600665 -9.602693
2293.720817 604.600665 1.938159
2343.720817 604.600665 13.416945
2393.720817 604.600665 24.769234
2443.720817 604.600665 35.957199
2493.720817 604.600665 46.959366
2543.720817 604.600665 57.775352
2593.720817 604.600665 68.387733
2643.720817 604.600665 78.775192
2693.720817 604.600665 88.919739
2743.720817 604.600665 98.781616
2793.720817 604.600665 108.338669
2843.720817 604.600665 117.523643
2893.720817 604.600665 126.277496
2943.720817 604.600665 134.487564
2993.720817 604.600665 142.032578
3043.720817 604.600665 148.677200
3093.720817 604.600665 154.151917
3143.720817 604.600665 158.144577
3193.720817 604.600665 160.327057
3243.720817 604.600665 160.573624
3293.720817 604.600665 159.037613
3343.720817 604.600665 156.056015
3393.720817 604.600665 151.966248
3443.720817 604.600665 147.067307
3493.720817 604.600665 141.547943
3543.720817 604.600665 135.535660
3593.720817 604.600665 129.135132
3643.720817 604.600665 122.456192
3693.720817 604.600665 115.553421
3743.720817 604.600665 108.499016
3793.720817 604.600665 101.377571
3843.720817 604.600665 94.222404
3893.720817 604.600665 87.093460
3943.720817 604.600665 79.991798
3993.720817 604.600665 72.923035
-1256.279183 654.600665 135.321686
-1206.279183 654.600665 128.296417
-1156.279183 654.600665 121.258316
-1106.279183 654.600665 114.226715
-1056.279183 654.600665 107.212914
-1006.279183 654.600665 100.239342
-956.279183 654.600665 93.319275
-906.279183 654.600665 86.466217
-856.279183 654.600665 79.724518
-806.279183 654.600665 73.104622
-756.279183 654.600665 66.592194
-706.279183 654.600665 60.238338
-656.279183 654.600665 54.082100
-606.279183 654.600665 48.123322
-556.279183 654.600665 42.382545
-506.279183 654.600665 36.874413
-456.279183 654.600665 31.581911
-406.279183 654.600665 26.458494
-356.279183 654.600665 21.496248
-306.279183 654.600665 16.713200
-256.279183 654.600665 12.085819
-206.279183 654.600665 7.542505
-156.279183 654.600665 3.079377
-106.279183 654.600665 -1.384652
-56.279183 654.600665 -5.885385
-6.279183 654.600665 -10.454267
43.720817 654.600665 -15.094017
93.720817 654.600665 -19.808327
143.720817 654.600665 -24.620844
193.720817 654.600665 -29.535275
243.720817 654.600665 -34.658283
293.720817 654.600665 -40.001522
343.720817 654.600665 -45.557007
393.720817 654.600665 -51.283642
443.720817 654.600665 -57.152496
493.720817 654.600665 -63.146152
543.720817 654.600665 -69.212646
593.720817 654.600665 -75.293266
643.720817 654.600665 -81.404564
693.720817 654.600665 -87.497505
743.720817 654.600665 -93.547829
793.720817 654.600665 -99.512764
843.720817 654.600665 -105.343842
893.720817 654.600665 -110.982933
943.720817 654.600665 -116.382233
993.720817 654.600665 -121.472672
1043.720817 654.600665 -126.172592
1093.720817 654.600665 -130.433548
1143.720817 654.600665 -134.196655
1193.720817 654.600665 -137.373001
1243.720817 654.600665 -139.886429
1293.720817 654.600665 -141.615005
1343.720817 654.600665 -142.476364
1393.720817 654.600665 -142.393356
1443.720817 654.600665 -141.318359
1493.720817 654.600665 -139.256134
1543.720817 654.600665 -136.240463
1593.720817 654.600665 -132.307159
1643.720817 654.600665 -127.447693
1693.720817 654.600665 -121.640450
1743.720817 654.600665 -114.916069
1793.720817 654.600665 -107.301300
1843.720817 654.600665 -98.833733
1893.720817 654.600665 -89.576462
1943.720817 654.600665 -79.667984
1993.720817 654.600665 -69.241997
2043.720817 654.600665 -58.430264
2093.720817 654.600665 -47.310040
2143.720817 654.600665 -36.001186
2193.720817 654.600665 -24.579330
2243.720817 654.600665 -13.086901
2293.720817 654.600665 -1.600103
2343.720817 654.600665 9.794732
2393.720817 654.600665 21.050529
2443.720817 654.600665 32.144833
2493.720817 654.600665 43.044270
2543.720817 654.600665 53.723804
2593.720817 654.600665 64.156036
2643.720817 654.600665 74.296501
2693.720817 654.600665 84.150475
2743.720817 654.600665 93.691605
2793.720817 654.600665 102.882500
2843.720817 654.600665 111.674767
2893.720817 654.600665 119.963570
2943.720817 654.600665 127.663559
2993.720817 654.600665 134.636993
3043.720817 654.600665 140.665375
3093.720817 654.600665 145.504181
3143.720817 654.600665 148.888229
3193.720817 654.600665 150.688324
3243.720817 654.600665 150.876968
3293.720817 654.600665 149.505798
3343.720817 654.600665 146.734558
3393.720817 654.600665 142.803360
3443.720817 654.600665 137.973602
3493.720817 654.600665 132.458618
3543.720817 654.600665 126.407410
3593.720817 654.600665 119.919968
3643.720817 654.600665 113.106125
3693.720817 654.600665 106.070313
3743.720817 654.600665 98.900200
3793.720817 654.600665 91.659889
3843.720817 654.600665 84.396790
3893.720817 654.600665 77.133537
3943.720817 654.600665 69.904579
3993.720817 654.600665 62.683197
-1256.279183 704.600665 147.957565
-1206.279183 704.600665 139.896790
-1156.279183 704.600665 131.840424
-1106.279183 704.600665 123.806549
-1056.279183 704.600665 115.807785
-1006.279183 704.600665 107.835175
-956.279183 704.600665 99.926773
-906.279183 704.600665 92.101120
-856.279183 704.600665 84.393082
-806.279183 704.600665 76.817940
-756.279183 704.600665 69.386604
-706.279183 704.600665 62.131233
-656.279183 704.600665 55.109959
-606.279183 704.600665 48.301552
-556.279183 704.600665 41.738781
-506.279183 704.600665 35.402363
-456.279183 704.600665 29.290575
-406.279183 704.600665 23.401997
-356.279183 704.600665 17.726858
-306.279183 704.600665 12.280604
-256.279183 704.600665 7.043665
-206.279183 704.600665 1.957508
-156.279183 704.600665 -3.039848
-106.279183 704.600665 -7.998461
-56.279183 704.600665 -12.949978
-6.279183 704.600665 -17.925718
43.720817 704.600665 -22.912817
93.720817 704.600665 -27.923651
143.720817 704.600665 -32.947163
193.720817 704.600665 -38.034142
243.720817 704.600665 -43.250420
293.720817 704.600665 -48.648087
343.720817 704.600665 -54.198704
393.720817 704.600665 -59.877472
443.720817 704.600665 -65.656036
493.720817 704.600665 -71.507835
543.720817 704.600665 -77.396286
593.720817 704.600665 -83.294647
643.720817 704.600665 -89.203194
693.720817 704.600665 -95.090340
743.720817 704.600665 -100.903198
793.720817 704.600665 -106.613663
843.720817 704.600665 -112.181732
893.720817 704.600665 -117.551559
943.720817 704.600665 -122.694084
993.720817 704.600665 -127.554062
1043.720817 704.600665 -132.058502
1093.720817 704.600665 -136.144302
1143.720817 704.600665 -139.761230
1193.720817 704.600665 -142.809769
1243.720817 704.600665 -145.191589
1293.720817 704.600665 -146.825119
1343.720817 704.600665 -147.617844
1393.720817 704.600665 -147.460861
1443.720817 704.600665 -146.305298
1493.720817 704.600665 -144.152664
1543.720817 704.600665 -141.042862
1593.720817 704.600665 -136.982574
1643.720817 704.600665 -131.978470
1693.720817 704.600665 -126.041550
1743.720817 704.600665 -119.159515
1793.720817 704.600665 -111.382492
1843.720817 704.600665 -102.746864
1893.720817 704.600665 -93.335045
1943.720817 704.600665 -83.296089
1993.720817 704.600665 -72.789497
2043.720817 704.600665 -61.925964
2093.720817 704.600665 -50.808617
2143.720817 704.600665 -39.517994
2193.720817 704.600665 -28.126167
2243.720817 704.600665 -16.706762
2293.720817 704.600665 -5.317478
2343.720817 704.600665 5.957771
2393.720817 704.600665 17.090694
2443.720817 704.600665 28.059933
2493.720817 704.600665 38.813824
2543.720817 704.600665 49.327782
2593.720817 704.600665 59.535099
2643.720817 704.600665 69.412392
2693.720817 704.600665 78.921577
2743.720817 704.600665 88.077148
2793.720817 704.600665 96.844803
2843.720817 704.600665 105.153000
2893.720817 704.600665 112.911911
2943.720817 704.600665 120.011810
2993.720817 704.600665 126.327400
3043.720817 704.600665 131.686890
3093.720817 704.600665 135.869324
3143.720817 704.600665 138.740204
3193.720817 704.600665 140.195480
3243.720817 704.600665 140.252533
3293.720817 704.600665 138.941284
3343.720817 704.600665 136.341812
3393.720817 704.600665 132.586411
3443.720817 704.600665 127.882042
3493.720817 704.600665 122.440308
3543.720817 704.600665 116.405426
3593.720817 704.600665 109.889557
3643.720817 704.600665 103.025253
3693.720817 704.600665 95.922188
3743.720817 704.600665 88.690819
3793.720817 704.600665 81.402786
3843.720817 704.600665 74.075783
3893.720817 704.600665 66.755898
3943.720817 704.600665 59.456612
3993.720817 704.600665 52.175022
-1256.279183 754.600665 160.531754
-1206.279183 754.600665 151.469620
-1156.279183 754.600665 142.417145
-1106.279183 754.600665 133.399460
-1056.279183 754.600665 124.426704
-1006.279183 754.600665 115.499420
-956.279183 754.600665 106.638397
-906.279183 754.600665 97.854027
-856.279183 754.600665 89.190521
-806.279183 754.600665 80.666405
-756.279183 754.600665 72.298431
-706.279183 754.600665 64.136398
-656.279183 754.600665 56.204449
-606.279183 754.600665 48.511810
-556.279183 754.600665 41.071712
-506.279183 754.600665 33.865944
-456.279183 754.600665 26.914795
-406.279183 754.600665 20.243795
-356.279183 754.600665 13.827660
-306.279183 754.600665 7.692553
-256.279183 754.600665 1.823037
-206.279183 754.600665 -3.862545
-156.279183 754.600665 -9.420133
-106.279183 754.600665 -14.897058
-56.279183 754.600665 -20.319542
-6.279183 754.600665 -25.734270
43.720817 754.600665 -31.100801
93.720817 754.600665 -36.402946
143.720817 754.600665 -41.660946
193.720817 754.600665 -46.910564
243.720817 754.600665 -52.231956
293.720817 754.600665 -57.655262
343.720817 754.600665 -63.171913
393.720817 754.600665 -68.761810
443.720817 754.600665 -74.394852
493.720817 754.600665 -80.063217
543.720817 754.600665 -85.738495
593.720817 754.600665 -91.396683
643.720817 754.600665 -97.044441
693.720817 754.600665 -102.658905
743.720817 754.600665 -108.195290
793.720817 754.600665 -113.613976
843.720817 754.600665 -118.888123
893.720817 754.600665 -123.972366
943.720817 754.600665 -128.810806
993.720817 754.600665 -133.373520
1043.720817 754.600665 -137.628418
1093.720817 754.600665 -141.523041
1143.720817 754.600665 -144.971619
1193.720817 754.600665 -147.863174
1243.720817 754.600665 -150.091461
1293.720817 754.600665 -151.615616
1343.720817 754.600665 -152.331390
1393.720817 754.600665 -152.139679
1443.720817 754.600665 -150.925003
1493.720817 754.600665 -148.732635
1543.720817 754.600665 -145.538300
1593.720817 754.600665 -141.364075
1643.720817 754.600665 -136.207916
1693.720817 754.600665 -130.096237
1743.720817 754.600665 -123.048729
1793.720817 754.600665 -115.104980
1843.720817 754.600665 -106.344597
1893.720817 754.600665 -96.840858
1943.720817 754.600665 -86.753326
1993.720817 754.600665 -76.219246
2043.720817 754.600665 -65.371117
2093.720817 754.600665 -54.313267
2143.720817 754.600665 -43.099754
2193.720817 754.600665 -31.788490
2243.720817 754.600665 -20.473064
2293.720817 754.600665 -9.211218
2343.720817 754.600665 1.944369
2393.720817 754.600665 12.938310
2443.720817 754.600665 23.747108
2493.720817 754.600665 34.324059
2543.720817 754.600665 44.607891
2593.720817 754.600665 54.558353
2643.720817 754.600665 64.109642
2693.720817 754.600665 73.257057
2743.720817 754.600665 81.997215
2793.720817 754.600665 90.292908
2843.720817 754.600665 98.062576
2893.720817 754.600665 105.224930
2943.720817 754.600665 111.688187
2993.720817 754.600665 117.327225
3043.720817 754.600665 122.007042
3093.720817 754.600665 125.581345
3143.720817 754.600665 127.968193
3193.720817 754.600665 129.106644
3243.720817 754.600665 128.987167
3293.720817 754.600665 127.646500
3343.720817 754.600665 125.131340
3393.720817 754.600665 121.508575
3443.720817 754.600665 116.938858
3493.720817 754.600665 111.582542
3543.720817 754.600665 105.597282
3593.720817 754.600665 99.109581
3643.720817 754.600665 92.248970
3693.720817 754.600665 85.150612
3743.720817 754.600665 77.923103
3793.720817 754.600665 70.627281
3843.720817 754.600665 63.298462
3893.720817 754.600665 55.977329
3943.720817 754.600665 48.691566
3993.720817 754.600665 41.421314
-1256.279183 804.600665 172.842621
-1206.279183 804.600665 162.855850
-1156.279183 804.600665 152.858688
-1106.279183 804.600665 142.895081
-1056.279183 804.600665 132.977386
-1006.279183 804.600665 123.138367
-956.279183 804.600665 113.378990
-906.279183 804.600665 103.694374
-856.279183 804.600665 94.093956
-806.279183 804.600665 84.621513
-756.279183 804.600665 75.344658
-706.279183 804.600665 66.273621
-656.279183 804.600665 57.421505
-606.279183 804.600665 48.798828
-556.279183 804.600665 40.420551
-506.279183 804.600665 32.329815
-456.279183 804.600665 24.532158
-406.279183 804.600665 17.047123
-356.279183 804.600665 9.881054
-306.279183 804.600665 3.025680
-256.279183 804.600665 -3.536654
-206.279183 804.600665 -9.860129
-156.279183 804.600665 -16.014067
-106.279183 804.600665 -22.039085
-56.279183 804.600665 -27.971113
-6.279183 804.600665 -33.816879
43.720817 804.600665 -39.565811
93.720817 804.600665 -45.169773
143.720817 804.600665 -50.668919
193.720817 804.600665 -56.095825
243.720817 804.600665 -61.511620
293.720817 804.600665 -66.940727
343.720817 804.600665 -72.394135
393.720817 804.600665 -77.847252
443.720817 804.600665 -83.304993
493.720817 804.600665 -88.761429
543.720817 804.600665 -94.186790
593.720817 804.600665 -99.566132
643.720817 804.600665 -104.893250
693.720817 804.600665 -110.173683
743.720817 804.600665 -115.378067
793.720817 804.600665 -120.480995
843.720817 804.600665 -125.416641
893.720817 804.600665 -130.162735
943.720817 804.600665 -134.659409
993.720817 804.600665 -138.891678
1043.720817 804.600665 -142.857635
1093.720817 804.600665 -146.510147
1143.720817 804.600665 -149.735870
1193.720817 804.600665 -152.424942
1243.720817 804.600665 -154.511185
1293.720817 804.600665 -155.920044
1343.720817 804.600665 -156.569077
1393.720817 804.600665 -156.349625
1443.720817 804.600665 -155.152161
1493.720817 804.600665 -152.917633
1543.720817 804.600665 -149.665375
1593.720817 804.600665 -145.381790
1643.720817 804.600665 -140.080688
1693.720817 804.600665 -133.778702
1743.720817 804.600665 -126.522041
1793.720817 804.600665 -118.433289
1843.720817 804.600665 -109.588684
1893.720817 804.600665 -100.080116
1943.720817 804.600665 -90.008774
1993.720817 804.600665 -79.510277
2043.720817 804.600665 -68.743004
2093.720817 804.600665 -57.795963
2143.720817 804.600665 -46.712601
2193.720817 804.600665 -35.539860
2243.720817 804.600665 -24.355391
2293.720817 804.600665 -13.237130
2343.720817 804.600665 -2.231595
2393.720817 804.600665 8.600858
2443.720817 804.600665 19.222273
2493.720817 804.600665 29.582272
2543.720817 804.600665 39.622673
2593.720817 804.600665 49.253624
2643.720817 804.600665 58.452358
2693.720817 804.600665 67.194443
2743.720817 804.600665 75.492607
2793.720817 804.600665 83.291130
2843.720817 804.600665 90.495979
2893.720817 804.600665 97.038101
2943.720817 804.600665 102.832130
2993.720817 804.600665 107.814224
3043.720817 804.600665 111.870094
3093.720817 804.600665 114.895988
3143.720817 804.600665 116.820839
3193.720817 804.600665 117.622108
3243.720817 804.600665 117.289246
3293.720817 804.600665 115.849617
3343.720817 804.600665 113.328911
3393.720817 804.600665 109.781502
3443.720817 804.600665 105.301292
3493.720817 804.600665 100.026215
3543.720817 804.600665 94.094185
3593.720817 804.600665 87.665779
3643.720817 804.600665 80.867302
3693.720817 804.600665 73.827156
3743.720817 804.600665 66.624123
3793.720817 804.600665 59.364544
3843.720817 804.600665 52.088810
3893.720817 804.600665 44.820217
3943.720817 804.600665 37.585083
3993.720817 804.600665 30.380743
-1256.279183 854.600665 184.738876
-1206.279183 854.600665 173.908447
-1156.279183 854.600665 163.067261
-1106.279183 854.600665 152.222519
-1056.279183 854.600665 141.427750
-1006.279183 854.600665 130.707977
-956.279183 854.600665 120.088379
-906.279183 854.600665 109.541260
-856.279183 854.600665 99.053543
-806.279183 854.600665 88.705719
-756.279183 854.600665 78.530403
-706.279183 854.600665 68.550400
-656.279183 854.600665 58.759972
-606.279183 854.600665 49.182610
-556.279183 854.600665 39.868622
-506.279183 854.600665 30.861092
-456.279183 854.600665 22.211264
-406.279183 854.600665 13.909454
-356.279183 854.600665 5.956005
-306.279183 854.600665 -1.660564
-256.279183 854.600665 -8.969365
-206.279183 854.600665 -15.986625
-156.279183 854.600665 -22.781843
-106.279183 854.600665 -29.380342
-56.279183 854.600665 -35.828560
-6.279183 854.600665 -42.126396
43.720817 854.600665 -48.228317
93.720817 854.600665 -54.137169
143.720817 854.600665 -59.880939
193.720817 854.600665 -65.485863
243.720817 854.600665 -70.985336
293.720817 854.600665 -76.404045
343.720817 854.600665 -81.756012
393.720817 854.600665 -87.064278
443.720817 854.600665 -92.324486
493.720817 854.600665 -97.533333
543.720817 854.600665 -102.676201
593.720817 854.600665 -107.743385
643.720817 854.600665 -112.726891
693.720817 854.600665 -117.622322
743.720817 854.600665 -122.446625
793.720817 854.600665 -127.155106
843.720817 854.600665 -131.702072
893.720817 854.600665 -136.060379
943.720817 854.600665 -140.192551
993.720817 854.600665 -144.056839
1043.720817 854.600665 -147.684387
1093.720817 854.600665 -151.017319
1143.720817 854.600665 -153.968857
1193.720817 854.600665 -156.430801
1243.720817 854.600665 -158.363281
1293.720817 854.600665 -159.662323
1343.720817 854.600665 -160.244614
1393.720817 854.600665 -160.023285
1443.720817 854.600665 -158.863449
1493.720817 854.600665 -156.660431
1543.720817 854.600665 -153.358337
1593.720817 854.600665 -148.966599
1643.720817 854.600665 -143.492813
1693.720817 854.600665 -136.985092
1743.720817 854.600665 -129.554565
1793.720817 854.600665 -121.349060
1843.720817 854.600665 -112.468658
1893.720817 854.600665 -103.003181
1943.720817 854.600665 -93.029678
1993.720817 854.600665 -82.654144
2043.720817 854.600665 -72.024139
2093.720817 854.600665 -61.239822
2143.720817 854.600665 -50.323826
2193.720817 854.600665 -39.319065
2243.720817 854.600665 -28.314901
2293.720817 854.600665 -17.379961
2343.720817 854.600665 -6.572567
2393.720817 854.600665 4.064219
2443.720817 854.600665 14.469827
2493.720817 854.600665 24.590340
2543.720817 854.600665 34.329811
2593.720817 854.600665 43.638145
2643.720817 854.600665 52.471184
2693.720817 854.600665 60.811749
2743.720817 854.600665 68.646851
2793.720817 854.600665 75.914131
2843.720817 854.600665 82.543808
2893.720817 854.600665 88.459465
2943.720817 854.600665 93.610802
2993.720817 854.600665 97.969185
3043.720817 854.600665 101.460609
3093.720817 854.600665 103.982178
3143.720817 854.600665 105.481712
3193.720817 854.600665 105.939087
3243.720817 854.600665 105.349663
3293.720817 854.600665 103.740547
3343.720817 854.600665 101.135017
3393.720817 854.600665 97.584984
3443.720817 854.600665 93.156982
3493.720817 854.600665 87.927345
3543.720817 854.600665 82.035599
3593.720817 854.600665 75.660194
3643.720817 854.600665 68.933197
3693.720817 854.600665 61.954929
3743.720817 854.600665 54.826263
3793.720817 854.600665 47.633667
3843.720817 854.600665 40.437794
3893.720817 854.600665 33.257790
3943.720817 854.600665 26.101721
3993.720817 854.600665 18.970423
-1256.279183 904.600665 196.076828
-1206.279183 904.600665 184.496246
-1156.279183 904.600665 172.892944
-1106.279183 904.600665 161.279724
-1056.279183 904.600665 149.692581
-1006.279183 904.600665 138.178879
-956.279183 904.600665 126.729713
-906.279183 904.600665 115.351959
-856.279183 904.600665 104.057632
-806.279183 904.600665 92.878799
-756.279183 904.600665 81.844101
-706.279183 904.600665 70.956696
-656.279183 904.600665 60.229050
-606.279183 904.600665 49.726402
-556.279183 904.600665 39.481709
-506.279183 904.600665 29.564337
-456.279183 904.600665 20.034651
-406.279183 904.600665 10.886737
-356.279183 904.600665 2.115961
-306.279183 904.600665 -6.316569
-256.279183 904.600665 -14.409314
-206.279183 904.600665 -22.176435
-156.279183 904.600665 -29.637737
-106.279183 904.600665 -36.841930
-56.279183 904.600665 -43.806332
-6.279183 904.600665 -50.522697
43.720817 904.600665 -56.997540
93.720817 904.600665 -63.202286
143.720817 904.600665 -69.179291
193.720817 904.600665 -74.945297
243.720817 904.600665 -80.526527
293.720817 904.600665 -85.936043
343.720817 904.600665 -91.199677
393.720817 904.600665 -96.337997
443.720817 904.600665 -101.384476
493.720817 904.600665 -106.324677
543.720817 904.600665 -111.147316
593.720817 904.600665 -115.863197
643.720817 904.600665 -120.474777
693.720817 904.600665 -124.975342
743.720817 904.600665 -129.359299
793.720817 904.600665 -133.613358
843.720817 904.600665 -137.704391
893.720817 904.600665 -141.625504
943.720817 904.600665 -145.334259
993.720817 904.600665 -148.804489
1043.720817 904.600665 -152.019882
1093.720817 904.600665 -154.978821
1143.720817 904.600665 -157.603638
1193.720817 904.600665 -159.837173
1243.720817 904.600665 -161.587479
1293.720817 904.600665 -162.771744
1343.720817 904.600665 -163.287674
1393.720817 904.600665 -163.054443
1443.720817 904.600665 -161.949356
1493.720817 904.600665 -159.810501
1543.720817 904.600665 -156.520355
1593.720817 904.600665 -152.014923
1643.720817 904.600665 -146.338593
1693.720817 904.600665 -139.639511
1743.720817 904.600665 -132.092865
1793.720817 904.600665 -123.830902
1843.720817 904.600665 -114.983673
1893.720817 904.600665 -105.624702
1943.720817 904.600665 -95.807289
1993.720817 904.600665 -85.621552
2043.720817 904.600665 -75.195107
2093.720817 904.600665 -64.611977
2143.720817 904.600665 -53.904373
2193.720817 904.600665 -43.112774
2243.720817 904.600665 -32.335384
2293.720817 904.600665 -21.636864
2343.720817 904.600665 -11.063493
2393.720817 904.600665 -0.663917
2443.720817 904.600665 9.493945
2493.720817 904.600665 19.339138
2543.720817 904.600665 28.753244
2593.720817 904.600665 37.727772
2643.720817 904.600665 46.211636
2693.720817 904.600665 54.142483
2743.720817 904.600665 61.502117
2793.720817 904.600665 68.250534
2843.720817 904.600665 74.311211
2893.720817 904.600665 79.637138
2943.720817 904.600665 84.194740
2993.720817 904.600665 87.970932
3043.720817 904.600665 90.928467
3093.720817 904.600665 92.980362
3143.720817 904.600665 94.061951
3193.720817 904.600665 94.164146
3243.720817 904.600665 93.290390
3293.720817 904.600665 91.463531
3343.720817 904.600665 88.719269
3393.720817 904.600665 85.094231
3443.720817 904.600665 80.639053
3493.720817 904.600665 75.415092
3543.720817 904.600665 69.539474
3593.720817 904.600665 63.204418
3643.720817 904.600665 56.525764
3693.720817 904.600665 49.611565
3743.720817 904.600665 42.550175
3793.720817 904.600665 35.429340
3843.720817 904.600665 28.335791
3893.720817 904.600665 21.252197
3943.720817 904.600665 14.184364
3993.720817 904.600665 7.127205
-1256.279183 954.600665 206.696609
-1206.279183 954.600665 194.454605
-1156.279183 954.600665 182.203308
-1106.279183 954.600665 169.933228
-1056.279183 954.600665 157.667648
-1006.279183 954.600665 145.447205
-956.279183 954.600665 133.243973
-906.279183 954.600665 121.103355
-856.279183 954.600665 109.060333
-806.279183 954.600665 97.102417
-756.279183 954.600665 85.246254
-706.279183 954.600665 73.501053
-656.279183 954.600665 61.889812
-606.279183 954.600665 50.480724
-556.279183 954.600665 39.326954
-506.279183 954.600665 28.503572
-456.279183 954.600665 18.063190
-406.279183 954.600665 8.032019
-356.279183 954.600665 -1.608678
-306.279183 954.600665 -10.877151
-256.279183 954.600665 -19.782358
-206.279183 954.600665 -28.307096
-156.279183 954.600665 -36.461597
-106.279183 954.600665 -44.276337
-56.279183 954.600665 -51.746281
-6.279183 954.600665 -58.912659
43.720817 954.600665 -65.748329
93.720817 954.600665 -72.258133
143.720817 954.600665 -78.438522
193.720817 954.600665 -84.362770
243.720817 954.600665 -90.022575
293.720817 954.600665 -95.425362
343.720817 954.600665 -100.619041
393.720817 954.600665 -105.602249
443.720817 954.600665 -110.406242
493.720817 954.600665 -115.050270
543.720817 954.600665 -119.532646
593.720817 954.600665 -123.877533
643.720817 954.600665 -128.086990
693.720817 954.600665 -132.145309
743.720817 954.600665 -136.059418
793.720817 954.600665 -139.802689
843.720817 954.600665 -143.388077
893.720817 954.600665 -146.809464
943.720817 954.600665 -150.034515
993.720817 954.600665 -153.040405
1043.720817 954.600665 -155.816452
1093.720817 954.600665 -158.360092
1143.720817 954.600665 -160.643631
1193.720817 954.600665 -162.603271
1243.720817 954.600665 -164.150909
1293.720817 954.600665 -165.171371
1343.720817 954.600665 -165.591324
1393.720817 954.600665 -165.319992
1443.720817 954.600665 -164.247101
1493.720817 954.600665 -162.217529
1543.720817 954.600665 -158.996628
1593.720817 954.600665 -154.338577
1643.720817 954.600665 -148.466431
1693.720817 954.600665 -141.653397
1743.720817 954.600665 -134.095413
1793.720817 954.600665 -125.894165
1843.720817 954.600665 -117.151672
1893.720817 954.600665 -107.948631
1943.720817 954.600665 -98.349266
1993.720817 954.600665 -88.417313
2043.720817 954.600665 -78.231583
2093.720817 954.600665 -67.884712
2143.720817 954.600665 -57.423344
2193.720817 954.600665 -46.902016
2243.720817 954.600665 -36.397018
2293.720817 954.600665 -25.972204
2343.720817 954.600665 -15.673058
2393.720817 954.600665 -5.556793
2443.720817 954.600665 4.324416
2493.720817 954.600665 13.845480
2543.720817 954.600665 22.958172
2593.720817 954.600665 31.589874
2643.720817 954.600665 39.699432
2693.720817 954.600665 47.234280
2743.720817 954.600665 54.138287
2793.720817 954.600665 60.387180
2843.720817 954.600665 65.930138
2893.720817 954.600665 70.713776
2943.720817 954.600665 74.739410
2993.720817 954.600665 77.977211
3043.720817 954.600665 80.419342
3093.720817 954.600665 82.002121
3143.720817 954.600665 82.671852
3193.720817 954.600665 82.406303
3243.720817 954.600665 81.227135
3293.720817 954.600665 79.148117
3343.720817 954.600665 76.215118
3393.720817 954.600665 72.445663
3443.720817 954.600665 67.898460
3493.720817 954.600665 62.615528
3543.720817 954.600665 56.747242
3593.720817 954.600665 50.417870
3643.720817 954.600665 43.764416
3693.720817 954.600665 36.890759
3743.720817 954.600665 29.880642
3793.720817 954.600665 22.833263
3843.720817 954.600665 15.791459
3893.720817 954.600665 8.770981
3943.720817 954.600665 1.775366
3993.720817 954.600665 -5.199615
-1256.279183 1004.600665 216.415817
-1206.279183 1004.600665 203.664154
-1156.279183 1004.600665 190.884628
-1106.279183 1004.600665 178.079727
-1056.279183 1004.600665 165.255615
-1006.279183 1004.600665 152.416824
-956.279183 1004.600665 139.575409
-906.279183 1004.600665 126.760696
-856.279183 1004.600665 114.017700
-806.279183 1004.600665 101.343735
-756.279183 1004.600665 88.729294
-706.279183 1004.600665 76.193275
-656.279183 1004.600665 63.768223
-606.279183 1004.600665 51.486668
-556.279183 1004.600665 39.461151
-506.279183 1004.600665 27.730047
-456.279183 1004.600665 16.358955
-406.279183 1004.600665 5.394721
-356.279183 1004.600665 -5.141207
-306.279183 1004.600665 -15.274169
-256.279183 1004.600665 -24.983898
-206.279183 1004.600665 -34.263744
-156.279183 1004.600665 -43.109035
-106.279183 1004.600665 -51.530045
-56.279183 1004.600665 -59.552135
-6.279183 1004.600665 -67.170547
43.720817 1004.600665 -74.391388
93.720817 1004.600665 -81.175873
143.720817 1004.600665 -87.592682
193.720817 1004.600665 -93.641121
243.720817 1004.600665 -99.371094
293.720817 1004.600665 -104.793068
343.720817 1004.600665 -109.915459
393.720817 1004.600665 -114.735184
443.720817 1004.600665 -119.299294
493.720817 1004.600665 -123.638863
543.720817 1004.600665 -127.771698
593.720817 1004.600665 -131.722076
643.720817 1004.600665 -135.487778
693.720817 1004.600665 -139.053589
743.720817 1004.600665 -142.437225
793.720817 1004.600665 -145.648270
843.720817 1004.600665 -148.682678
893.720817 1004.600665 -151.553802
943.720817 1004.600665 -154.243881
993.720817 1004.600665 -156.751480
1043.720817 1004.600665 -159.059082
1093.720817 1004.600665 -161.171936
1143.720817 1004.600665 -163.064545
1193.720817 1004.600665 -164.698807
1243.720817 1004.600665 -165.981339
1293.720817 1004.600665 -166.808640
1343.720817 1004.600665 -167.084885
1393.720817 1004.600665 -166.731857
1443.720817 1004.600665 -165.621811
1493.720817 1004.600665 -163.650131
1543.720817 1004.600665 -160.570084
1593.720817 1004.600665 -155.712296
1643.720817 1004.600665 -149.771469
1693.720817 1004.600665 -142.989777
1743.720817 1004.600665 -135.544449
1793.720817 1004.600665 -127.510780
1843.720817 1004.600665 -118.971092
1893.720817 1004.600665 -110.000771
1943.720817 1004.600665 -100.663605
1993.720817 1004.600665 -91.012489
2043.720817 1004.600665 -81.112358
2093.720817 1004.600665 -71.040489
2143.720817 1004.600665 -60.868553
2193.720817 1004.600665 -50.640705
2243.720817 1004.600665 -40.438244
2293.720817 1004.600665 -30.318382
2343.720817 1004.600665 -20.341753
2393.720817 1004.600665 -10.538509
2443.720817 1004.600665 -0.991910
2493.720817 1004.600665 8.208324
2543.720817 1004.600665 16.990084
2593.720817 1004.600665 25.286036
2643.720817 1004.600665 33.022694
2693.720817 1004.600665 40.144531
2743.720817 1004.600665 46.629356
2793.720817 1004.600665 52.438515
2843.720817 1004.600665 57.518047
2893.720817 1004.600665 61.836449
2943.720817 1004.600665 65.365692
2993.720817 1004.600665 68.111580
3043.720817 1004.600665 70.060432
3093.720817 1004.600665 71.177551
3143.720817 1004.600665 71.430588
3193.720817 1004.600665 70.801468
3243.720817 1004.600665 69.294647
3293.720817 1004.600665 66.929382
3343.720817 1004.600665 63.750370
3393.720817 1004.600665 59.795200
3443.720817 1004.600665 55.098701
3493.720817 1004.600665 49.740089
3543.720817 1004.600665 43.819302
3593.720817 1004.600665 37.466431
3643.720817 1004.600665 30.789152
3693.720817 1004.600665 23.910959
3743.720817 1004.600665 16.918829
3793.720817 1004.600665 9.884285
3843.720817 1004.600665 2.854379
3893.720817 1004.600665 -4.157854
3943.720817 1004.600665 -11.122148
3993.720817 1004.600665 -18.049839
-1256.279183 1054.600665 225.043015
-1206.279183 1054.600665 211.931747
-1156.279183 1054.600665 198.786697
-1106.279183 1054.600665 185.580856
-1056.279183 1054.600665 172.318985
-1006.279183 1054.600665 159.003098
-956.279183 1054.600665 145.637207
-906.279183 1054.600665 132.263046
-856.279183 1054.600665 118.918716
-806.279183 1054.600665 105.599609
-756.279183 1054.600665 92.307053
-706.279183 1054.600665 79.053238
-656.279183 1054.600665 65.847221
-606.279183 1054.600665 52.771259
-556.279183 1054.600665 39.885288
-506.279183 1054.600665 27.255245
-456.279183 1054.600665 14.958566
-406.279183 1054.600665 3.075633
-356.279183 1054.600665 -8.377254
-306.279183 1054.600665 -19.367434
-256.279183 1054.600665 -29.901196
-206.279183 1054.600665 -39.933117
-156.279183 1054.600665 -49.469284
-106.279183 1054.600665 -58.518826
-56.279183 1054.600665 -67.091530
-6.279183 1054.600665 -75.198936
43.720817 1054.600665 -82.801208
93.720817 1054.600665 -89.907982
143.720817 1054.600665 -96.527321
193.720817 1054.600665 -102.725121
243.720817 1054.600665 -108.528099
293.720817 1054.600665 -113.949219
343.720817 1054.600665 -118.980156
393.720817 1054.600665 -123.644897
443.720817 1054.600665 -127.973602
493.720817 1054.600665 -132.006348
543.720817 1054.600665 -135.766357
593.720817 1054.600665 -139.291367
643.720817 1054.600665 -142.580658
693.720817 1054.600665 -145.612625
743.720817 1054.600665 -148.419952
793.720817 1054.600665 -151.049744
843.720817 1054.600665 -153.510284
893.720817 1054.600665 -155.805725
943.720817 1054.600665 -157.938110
993.720817 1054.600665 -159.914230
1043.720817 1054.600665 -161.720688
1093.720817 1054.600665 -163.374985
1143.720817 1054.600665 -164.854080
1193.720817 1054.600665 -166.104309
1243.720817 1054.600665 -167.070831
1293.720817 1054.600665 -167.650116
1343.720817 1054.600665 -167.757660
1393.720817 1054.600665 -167.260254
1443.720817 1054.600665 -166.017334
1493.720817 1054.600665 -163.867554
1543.720817 1054.600665 -160.586533
1593.720817 1054.600665 -155.962967
1643.720817 1054.600665 -150.233414
1693.720817 1054.600665 -143.667923
1743.720817 1054.600665 -136.437195
1793.720817 1054.600665 -128.669998
1843.720817 1054.600665 -120.430176
1893.720817 1054.600665 -111.757675
1943.720817 1054.600665 -102.730240
1993.720817 1054.600665 -93.400375
2043.720817 1054.600665 -83.808098
2093.720817 1054.600665 -74.043068
2143.720817 1054.600665 -64.182297
2193.720817 1054.600665 -54.290173
2243.720817 1054.600665 -44.421501
2293.720817 1054.600665 -34.640118
2343.720817 1054.600665 -24.988319
2393.720817 1054.600665 -15.538452
2443.720817 1054.600665 -6.340975
2493.720817 1054.600665 2.511500
2543.720817 1054.600665 10.948599
2593.720817 1054.600665 18.873674
2643.720817 1054.600665 26.237352
2693.720817 1054.600665 32.982040
2743.720817 1054.600665 39.067646
2793.720817 1054.600665 44.473007
2843.720817 1054.600665 49.150982
2893.720817 1054.600665 53.050331
2943.720817 1054.600665 56.157810
2993.720817 1054.600665 58.457973
3043.720817 1054.600665 59.954521
3093.720817 1054.600665 60.618771
3143.720817 1054.600665 60.460590
3193.720817 1054.600665 59.467346
3243.720817 1054.600665 57.612762
3293.720817 1054.600665 54.935978
3343.720817 1054.600665 51.483479
3393.720817 1054.600665 47.308182
3443.720817 1054.600665 42.436474
3493.720817 1054.600665 36.947784
3543.720817 1054.600665 30.921881
3593.720817 1054.600665 24.484730
3643.720817 1054.600665 17.747189
3693.720817 1054.600665 10.816399
3743.720817 1054.600665 3.776305
3793.720817 1054.600665 -3.305126
3843.720817 1054.600665 -10.396384
3893.720817 1054.600665 -17.461090
3943.720817 1054.600665 -24.461384
3993.720817 1054.600665 -31.432093
-1256.279183 1104.600665 232.373291
-1206.279183 1104.600665 219.068481
-1156.279183 1104.600665 205.702820
-1106.279183 1104.600665 192.270309
-1056.279183 1104.600665 178.728485
-1006.279183 1104.600665 165.074020
-956.279183 1104.600665 151.336639
-906.279183 1104.600665 137.534103
-856.279183 1104.600665 123.702591
-806.279183 1104.600665 109.848091
-756.279183 1104.600665 95.969849
-706.279183 1104.600665 82.063545
-656.279183 1104.600665 68.170258
-606.279183 1104.600665 54.328735
-556.279183 1104.600665 40.615108
-506.279183 1104.600665 27.116199
-456.279183 1104.600665 13.931586
-406.279183 1104.600665 1.144906
-356.279183 1104.600665 -11.201273
-306.279183 1104.600665 -23.058886
-256.279183 1104.600665 -34.402061
-206.279183 1104.600665 -45.221397
-156.279183 1104.600665 -55.474472
-106.279183 1104.600665 -65.158844
-56.279183 1104.600665 -74.309166
-6.279183 1104.600665 -82.913544
43.720817 1104.600665 -90.928192
93.720817 1104.600665 -98.363464
143.720817 1104.600665 -105.232445
193.720817 1104.600665 -111.581497
243.720817 1104.600665 -117.451797
293.720817 1104.600665 -122.830246
343.720817 1104.600665 -127.752289
393.720817 1104.600665 -132.241302
443.720817 1104.600665 -136.329544
493.720817 1104.600665 -140.046417
543.720817 1104.600665 -143.417282
593.720817 1104.600665 -146.480804
643.720817 1104.600665 -149.236572
693.720817 1104.600665 -151.707428
743.720817 1104.600665 -153.919601
793.720817 1104.600665 -155.942871
843.720817 1104.600665 -157.798691
893.720817 1104.600665 -159.494843
943.720817 1104.600665 -161.051926
993.720817 1104.600665 -162.483017
1043.720817 1104.600665 -163.778000
1093.720817 1104.600665 -164.940643
1143.720817 1104.600665 -165.972504
1193.720817 1104.600665 -166.822998
1243.720817 1104.600665 -167.438660
1293.720817 1104.600665 -167.742172
1343.720817 1104.600665 -167.620117
1393.720817 1104.600665 -166.912888
1443.720817 1104.600665 -165.473633
1493.720817 1104.600665 -163.132385
1543.720817 1104.600665 -159.786575
1593.720817 1104.600665 -155.363647
1643.720817 1104.600665 -149.966003
1693.720817 1104.600665 -143.712219
1743.720817 1104.600665 -136.801010
1793.720817 1104.600665 -129.372482
1843.720817 1104.600665 -121.489113
1893.720817 1104.600665 -113.187248
1943.720817 1104.600665 -104.515175
1993.720817 1104.600665 -95.527496
2043.720817 1104.600665 -86.286476
2093.720817 1104.600665 -76.864342
2143.720817 1104.600665 -67.354599
2193.720817 1104.600665 -57.806293
2243.720817 1104.600665 -48.294624
2293.720817 1104.600665 -38.876854
2343.720817 1104.600665 -29.598652
2393.720817 1104.600665 -20.509270
2443.720817 1104.600665 -11.682869
2493.720817 1104.600665 -3.186545
2543.720817 1104.600665 4.884061
2593.720817 1104.600665 12.447710
2643.720817 1104.600665 19.448454
2693.720817 1104.600665 25.826220
2743.720817 1104.600665 31.539503
2793.720817 1104.600665 36.567661
2843.720817 1104.600665 40.880085
2893.720817 1104.600665 44.415958
2943.720817 1104.600665 47.147556
2993.720817 1104.600665 49.056698
3043.720817 1104.600665 50.148834
3093.720817 1104.600665 50.417259
3143.720817 1104.600665 49.866623
3193.720817 1104.600665 48.493156
3243.720817 1104.600665 46.296963
3293.720817 1104.600665 43.315830
3343.720817 1104.600665 39.581486
3393.720817 1104.600665 35.148354
3443.720817 1104.600665 30.062027
3493.720817 1104.600665 24.372715
3543.720817 1104.600665 18.198933
3593.720817 1104.600665 11.627207
3643.720817 1104.600665 4.765582
3693.720817 1104.600665 -2.291835
3743.720817 1104.600665 -9.453452
3793.720817 1104.600665 -16.654425
3843.720817 1104.600665 -23.860210
3893.720817 1104.600665 -31.038906
3943.720817 1104.600665 -38.170570
3993.720817 1104.600665 -45.277805
-1256.279183 1154.600665 238.266403
-1206.279183 1154.600665 224.890671
-1156.279183 1154.600665 211.473022
-1106.279183 1154.600665 197.970917
-1056.279183 1154.600665 184.326630
-1006.279183 1154.600665 170.527634
-956.279183 1154.600665 156.582870
-906.279183 1154.600665 142.505600
-856.279183 1154.600665 128.327652
-806.279183 1154.600665 114.066711
-756.279183 1154.600665 99.703583
-706.279183 1154.600665 85.253670
-656.279183 1154.600665 70.735214
-606.279183 1154.600665 56.189648
-556.279183 1154.600665 41.711514
-506.279183 1154.600665 27.401882
-456.279183 1154.600665 13.365175
-406.279183 1154.600665 -0.301905
-356.279183 1154.600665 -13.527070
-306.279183 1154.600665 -26.239410
-256.279183 1154.600665 -38.418552
-206.279183 1154.600665 -50.030296
-156.279183 1154.600665 -61.025208
-106.279183 1154.600665 -71.385590
-56.279183 1154.600665 -81.114311
-6.279183 1154.600665 -90.232216
43.720817 1154.600665 -98.699074
93.720817 1154.600665 -106.496170
143.720817 1154.600665 -113.634979
193.720817 1154.600665 -120.141655
243.720817 1154.600665 -126.044876
293.720817 1154.600665 -131.384186
343.720817 1154.600665 -136.178146
393.720817 1154.600665 -140.468781
443.720817 1154.600665 -144.272873
493.720817 1154.600665 -147.638245
543.720817 1154.600665 -150.598358
593.720817 1154.600665 -153.163757
643.720817 1154.600665 -155.368240
693.720817 1154.600665 -157.244812
743.720817 1154.600665 -158.845993
793.720817 1154.600665 -160.223053
843.720817 1154.600665 -161.448792
893.720817 1154.600665 -162.538910
943.720817 1154.600665 -163.524399
993.720817 1154.600665 -164.417633
1043.720817 1154.600665 -165.194687
1093.720817 1154.600665 -165.853821
1143.720817 1154.600665 -166.418015
1193.720817 1154.600665 -166.862961
1243.720817 1154.600665 -167.117889
1293.720817 1154.600665 -167.105240
1343.720817 1154.600665 -166.700302
1393.720817 1154.600665 -165.765839
1443.720817 1154.600665 -164.126404
1493.720817 1154.600665 -161.688797
1543.720817 1154.600665 -158.360489
1593.720817 1154.600665 -154.158386
1643.720817 1154.600665 -149.076645
1693.720817 1154.600665 -143.200928
1743.720817 1154.600665 -136.674698
1793.720817 1154.600665 -129.623947
1843.720817 1154.600665 -122.128929
1893.720817 1154.600665 -114.229790
1943.720817 1154.600665 -105.957932
1993.720817 1154.600665 -97.356880
2043.720817 1154.600665 -88.510147
2093.720817 1154.600665 -79.478706
2143.720817 1154.600665 -70.340508
2193.720817 1154.600665 -61.163010
2243.720817 1154.600665 -52.037327
2293.720817 1154.600665 -43.005466
2343.720817 1154.600665 -34.119530
2393.720817 1154.600665 -25.405144
2443.720817 1154.600665 -16.943869
2493.720817 1154.600665 -8.815349
2543.720817 1154.600665 -1.123246
2593.720817 1154.600665 6.081978
2643.720817 1154.600665 12.728956
2693.720817 1154.600665 18.762163
2743.720817 1154.600665 24.113226
2793.720817 1154.600665 28.793255
2843.720817 1154.600665 32.760689
2893.720817 1154.600665 35.970539
2943.720817 1154.600665 38.376869
2993.720817 1154.600665 39.956322
3043.720817 1154.600665 40.714695
3093.720817 1154.600665 40.630489
3143.720817 1154.600665 39.714916
3193.720817 1154.600665 37.987984
3243.720817 1154.600665 35.459316
3293.720817 1154.600665 32.162956
3343.720817 1154.600665 28.158461
3393.720817 1154.600665 23.452520
3443.720817 1154.600665 18.112932
3493.720817 1154.600665 12.185751
3543.720817 1154.600665 5.792168
3593.720817 1154.600665 -0.970374
3643.720817 1154.600665 -8.028110
3693.720817 1154.600665 -15.289145
3743.720817 1154.600665 -22.668278
3793.720817 1154.600665 -30.074818
3843.720817 1154.600665 -37.468948
3893.720817 1154.600665 -44.845711
3943.720817 1154.600665 -52.181446
3993.720817 1154.600665 -59.506706
-1256.279183 1204.600665 242.616547
-1206.279183 1204.600665 229.322525
-1156.279183 1204.600665 215.990692
-1106.279183 1204.600665 202.575455
-1056.279183 1204.600665 189.007446
-1006.279183 1204.600665 175.251068
-956.279183 1204.600665 161.283539
-906.279183 1204.600665 147.110733
-856.279183 1204.600665 132.743912
-806.279183 1204.600665 118.197235
-756.279183 1204.600665 103.497627
-706.279183 1204.600665 88.613632
-656.279183 1204.600665 73.554016
-606.279183 1204.600665 58.407093
-556.279183 1204.600665 43.246231
-506.279183 1204.600665 28.202463
-456.279183 1204.600665 13.368759
-406.279183 1204.600665 -1.152937
-356.279183 1204.600665 -15.249364
-306.279183 1204.600665 -28.830322
-256.279183 1204.600665 -41.852478
-206.279183 1204.600665 -54.270050
-156.279183 1204.600665 -66.026283
-106.279183 1204.600665 -77.081673
-56.279183 1204.600665 -87.437737
-6.279183 1204.600665 -97.091270
43.720817 1204.600665 -106.029770
93.720817 1204.600665 -114.199577
143.720817 1204.600665 -121.615540
193.720817 1204.600665 -128.270752
243.720817 1204.600665 -134.227036
293.720817 1204.600665 -139.511139
343.720817 1204.600665 -144.177734
393.720817 1204.600665 -148.228165
443.720817 1204.600665 -151.723434
493.720817 1204.600665 -154.698395
543.720817 1204.600665 -157.197266
593.720817 1204.600665 -159.230942
643.720817 1204.600665 -160.849686
693.720817 1204.600665 -162.114044
743.720817 1204.600665 -163.074982
793.720817 1204.600665 -163.817001
843.720817 1204.600665 -164.388840
893.720817 1204.600665 -164.879791
943.720817 1204.600665 -165.296082
993.720817 1204.600665 -165.629898
1043.720817 1204.600665 -165.903519
1093.720817 1204.600665 -166.106720
1143.720817 1204.600665 -166.239090
1193.720817 1204.600665 -166.254272
1243.720817 1204.600665 -166.126724
1293.720817 1204.600665 -165.771515
1343.720817 1204.600665 -165.093445
1393.720817 1204.600665 -163.933060
1443.720817 1204.600665 -162.164383
1493.720817 1204.600665 -159.685410
1543.720817 1204.600665 -156.460007
1593.720817 1204.600665 -152.471268
1643.720817 1204.600665 -147.710739
1693.720817 1204.600665 -142.217010
1743.720817 1204.600665 -136.084610
1793.720817 1204.600665 -129.446884
1843.720817 1204.600665 -122.358597
1893.720817 1204.600665 -114.879021
1943.720817 1204.600665 -107.035210
1993.720817 1204.600665 -98.860512
2043.720817 1204.600665 -90.435982
2093.720817 1204.600665 -81.831329
2143.720817 1204.600665 -73.093163
2193.720817 1204.600665 -64.328323
2243.720817 1204.600665 -55.595776
2293.720817 1204.600665 -46.971298
2343.720817 1204.600665 -38.485435
2393.720817 1204.600665 -30.166555
2443.720817 1204.600665 -22.070000
2493.720817 1204.600665 -14.311269
2543.720817 1204.600665 -6.977754
2593.720817 1204.600665 -0.135829
2643.720817 1204.600665 6.167840
2693.720817 1204.600665 11.848083
2743.720817 1204.600665 16.864685
2793.720817 1204.600665 21.212549
2843.720817 1204.600665 24.860750
2893.720817 1204.600665 27.761692
2943.720817 1204.600665 29.868065
2993.720817 1204.600665 31.174465
3043.720817 1204.600665 31.653536
3093.720817 1204.600665 31.289566
3143.720817 1204.600665 30.062038
3193.720817 1204.600665 27.986338
3243.720817 1204.600665 25.130766
3293.720817 1204.600665 21.554201
3343.720817 1204.600665 17.253839
3393.720817 1204.600665 12.289032
3443.720817 1204.600665 6.673611
3493.720817 1204.600665 0.497224
3543.720817 1204.600665 -6.165637
3593.720817 1204.600665 -13.201057
3643.720817 1204.600665 -20.515583
3693.720817 1204.600665 -28.045490
3743.720817 1204.600665 -35.713089
3793.720817 1204.600665 -43.428867
3843.720817 1204.600665 -51.126759
3893.720817 1204.600665 -58.800018
3943.720817 1204.600665 -66.436081
3993.720817 1204.600665 -74.059456
-1256.279183 1254.600665 245.280624
-1206.279183 1254.600665 232.250671
-1156.279183 1254.600665 219.176254
-1106.279183 1254.600665 206.008972
-1056.279183 1254.600665 192.678284
-1006.279183 1254.600665 179.140945
-956.279183 1254.600665 165.340088
-906.279183 1254.600665 151.260803
-856.279183 1254.600665 136.897415
-806.279183 1254.600665 122.253906
-756.279183 1254.600665 107.328262
-706.279183 1254.600665 92.122467
-656.279183 1254.600665 76.660629
-606.279183 1254.600665 61.018173
-556.279183 1254.600665 45.297638
-506.279183 1254.600665 29.590887
-456.279183 1254.600665 14.016047
-406.279183 1254.600665 -1.313322
-356.279183 1254.600665 -16.266785
-306.279183 1254.600665 -30.730955
-256.279183 1254.600665 -44.597546
-206.279183 1254.600665 -57.843449
-156.279183 1254.600665 -70.373245
-106.279183 1254.600665 -82.162888
-56.279183 1254.600665 -93.173965
-6.279183 1254.600665 -103.407234
43.720817 1254.600665 -112.811768
93.720817 1254.600665 -121.359306
143.720817 1254.600665 -129.042450
193.720817 1254.600665 -135.874344
243.720817 1254.600665 -141.875107
293.720817 1254.600665 -147.116119
343.720817 1254.600665 -151.621719
393.720817 1254.600665 -155.428207
443.720817 1254.600665 -158.566727
493.720817 1254.600665 -161.112823
543.720817 1254.600665 -163.099213
593.720817 1254.600665 -164.558319
643.720817 1254.600665 -165.577530
693.720817 1254.600665 -166.211792
743.720817 1254.600665 -166.530212
793.720817 1254.600665 -166.614136
843.720817 1254.600665 -166.569458
893.720817 1254.600665 -166.450912
943.720817 1254.600665 -166.295837
993.720817 1254.600665 -166.094284
1043.720817 1254.600665 -165.880875
1093.720817 1254.600665 -165.661926
1143.720817 1254.600665 -165.384933
1193.720817 1254.600665 -165.030823
1243.720817 1254.600665 -164.527908
1293.720817 1254.600665 -163.848007
1343.720817 1254.600665 -162.892319
1393.720817 1254.600665 -161.562225
1443.720817 1254.600665 -159.705551
1493.720817 1254.600665 -157.263245
1543.720817 1254.600665 -154.162003
1593.720817 1254.600665 -150.384094
1643.720817 1254.600665 -145.930099
1693.720817 1254.600665 -140.813477
1743.720817 1254.600665 -135.092545
1793.720817 1254.600665 -128.877213
1843.720817 1254.600665 -122.221062
1893.720817 1254.600665 -115.154488
1943.720817 1254.600665 -107.734558
1993.720817 1254.600665 -100.018921
2043.720817 1254.600665 -92.043312
2093.720817 1254.600665 -83.867912
2143.720817 1254.600665 -75.582443
2193.720817 1254.600665 -67.251091
2243.720817 1254.600665 -58.948658
2293.720817 1254.600665 -50.742226
2343.720817 1254.600665 -42.674400
2393.720817 1254.600665 -34.760254
2443.720817 1254.600665 -27.042809
2493.720817 1254.600665 -19.649128
2543.720817 1254.600665 -12.658498
2593.720817 1254.600665 -6.151449
2643.720817 1254.600665 -0.196901
2693.720817 1254.600665 5.156698
2743.720817 1254.600665 9.862580
2793.720817 1254.600665 13.909387
2843.720817 1254.600665 17.266144
2893.720817 1254.600665 19.871120
2943.720817 1254.600665 21.691811
2993.720817 1254.600665 22.729406
3043.720817 1254.600665 22.960712
3093.720817 1254.600665 22.361477
3143.720817 1254.600665 20.878481
3193.720817 1254.600665 18.515408
3243.720817 1254.600665 15.380905
3293.720817 1254.600665 11.520018
3343.720817 1254.600665 6.950634
3393.720817 1254.600665 1.690279
3443.720817 1254.600665 -4.180677
3493.720817 1254.600665 -10.621921
3543.720817 1254.600665 -17.578970
3593.720817 1254.600665 -24.944244
3643.720817 1254.600665 -32.601929
3693.720817 1254.600665 -40.472519
3743.720817 1254.600665 -48.483150
3793.720817 1254.600665 -56.579914
3843.720817 1254.600665 -64.690231
3893.720817 1254.600665 -72.767662
3943.720817 1254.600665 -80.828911
3993.720817 1254.600665 -88.870110
-1256.279183 1304.600665 246.149719
-1206.279183 1304.600665 233.548691
-1156.279183 1304.600665 220.911316
-1106.279183 1304.600665 208.160248
-1056.279183 1304.600665 195.251877
-1006.279183 1304.600665 182.112732
-956.279183 1304.600665 168.676575
-906.279183 1304.600665 154.891953
-856.279183 1304.600665 140.727219
-806.279183 1304.600665 126.157845
-756.279183 1304.600665 111.173141
-706.279183 1304.600665 95.790474
-656.279183 1304.600665 80.062454
-606.279183 1304.600665 64.062286
-556.279183 1304.600665 47.888630
-506.279183 1304.600665 31.606295
-456.279183 1304.600665 15.354836
-406.279183 1304.600665 -0.729898
-356.279183 1304.600665 -16.509020
-306.279183 1304.600665 -31.814175
-256.279183 1304.600665 -46.551064
-206.279183 1304.600665 -60.623829
-156.279183 1304.600665 -73.962410
-106.279183 1304.600665 -86.517372
-56.279183 1304.600665 -98.232727
-6.279183 1304.600665 -109.042618
43.720817 1304.600665 -118.929626
93.720817 1304.600665 -127.844040
143.720817 1304.600665 -135.817108
193.720817 1304.600665 -142.822723
243.720817 1304.600665 -148.901352
293.720817 1304.600665 -154.090088
343.720817 1304.600665 -158.424759
393.720817 1304.600665 -161.934006
443.720817 1304.600665 -164.680328
493.720817 1304.600665 -166.746262
543.720817 1304.600665 -168.174728
593.720817 1304.600665 -169.037018
643.720817 1304.600665 -169.420609
693.720817 1304.600665 -169.428696
743.720817 1304.600665 -169.106918
793.720817 1304.600665 -168.566589
843.720817 1304.600665 -167.913559
893.720817 1304.600665 -167.209412
943.720817 1304.600665 -166.489182
993.720817 1304.600665 -165.794800
1043.720817 1304.600665 -165.139206
1093.720817 1304.600665 -164.505219
1143.720817 1304.600665 -163.860764
1193.720817 1304.600665 -163.159393
1243.720817 1304.600665 -162.361496
1293.720817 1304.600665 -161.390289
1343.720817 1304.600665 -160.216324
1393.720817 1304.600665 -158.731918
1443.720817 1304.600665 -156.843002
1493.720817 1304.600665 -154.458038
1543.720817 1304.600665 -151.504700
1593.720817 1304.600665 -147.956512
1643.720817 1304.600665 -143.800797
1693.720817 1304.600665 -139.040558
1743.720817 1304.600665 -133.719269
1793.720817 1304.600665 -127.911972
1843.720817 1304.600665 -121.691399
1893.720817 1304.600665 -115.063019
1943.720817 1304.600665 -108.088333
1993.720817 1304.600665 -100.809807
2043.720817 1304.600665 -93.295227
2093.720817 1304.600665 -85.602394
2143.720817 1304.600665 -77.790947
2193.720817 1304.600665 -69.931213
2243.720817 1304.600665 -62.086151
2293.720817 1304.600665 -54.315060
2343.720817 1304.600665 -46.674152
2393.720817 1304.600665 -39.159340
2443.720817 1304.600665 -31.827299
2493.720817 1304.600665 -24.796528
2543.720817 1304.600665 -18.144440
2593.720817 1304.600665 -11.967804
2643.720817 1304.600665 -6.326617
2693.720817 1304.600665 -1.286583
2743.720817 1304.600665 3.156311
2793.720817 1304.600665 6.928857
2843.720817 1304.600665 10.006337
2893.720817 1304.600665 12.337609
2943.720817 1304.600665 13.897719
2993.720817 1304.600665 14.673157
3043.720817 1304.600665 14.672397
3093.720817 1304.600665 13.841690
3143.720817 1304.600665 12.156393
3193.720817 1304.600665 9.593274
3243.720817 1304.600665 6.215787
3293.720817 1304.600665 2.106705
3343.720817 1304.600665 -2.727439
3393.720817 1304.600665 -8.251842
3443.720817 1304.600665 -14.404813
3493.720817 1304.600665 -21.141502
3543.720817 1304.600665 -28.419413
3593.720817 1304.600665 -36.134682
3643.720817 1304.600665 -44.176449
3693.720817 1304.600665 -52.437935
3743.720817 1304.600665 -60.876503
3793.720817 1304.600665 -69.407967
3843.720817 1304.600665 -77.996292
3893.720817 1304.600665 -86.597893
3943.720817 1304.600665 -95.196548
3993.720817 1304.600665 -103.804688
-1256.279183 1354.600665 245.123627
-1206.279183 1354.600665 233.133377
-1156.279183 1354.600665 221.101547
-1106.279183 1354.600665 208.958527
-1056.279183 1354.600665 196.644562
-1006.279183 1354.600665 184.090408
-956.279183 1354.600665 171.218689
-906.279183 1354.600665 157.914413
-856.279183 1354.600665 144.145584
-806.279183 1354.600665 129.827850
-756.279183 1354.600665 114.960510
-706.279183 1354.600665 99.577560
-656.279183 1354.600665 83.744072
-606.279183 1354.600665 67.525902
-556.279183 1354.600665 50.995781
-506.279183 1354.600665 34.266853
-456.279183 1354.600665 17.447647
-406.279183 1354.600665 0.693480
-356.279183 1354.600665 -15.843772
-306.279183 1354.600665 -31.989223
-256.279183 1354.600665 -47.584263
-206.279183 1354.600665 -62.523731
-156.279183 1354.600665 -76.699951
-106.279183 1354.600665 -90.043747
-56.279183 1354.600665 -102.465118
-6.279183 1354.600665 -113.902855
43.720817 1354.600665 -124.276054
93.720817 1354.600665 -133.601166
143.720817 1354.600665 -141.853867
193.720817 1354.600665 -149.037994
243.720817 1354.600665 -155.175827
293.720817 1354.600665 -160.299744
343.720817 1354.600665 -164.435623
393.720817 1354.600665 -167.625824
443.720817 1354.600665 -169.947266
493.720817 1354.600665 -171.473404
543.720817 1354.600665 -172.311310
593.720817 1354.600665 -172.544678
643.720817 1354.600665 -172.286972
693.720817 1354.600665 -171.640640
743.720817 1354.600665 -170.700241
793.720817 1354.600665 -169.564774
843.720817 1354.600665 -168.348969
893.720817 1354.600665 -167.106400
943.720817 1354.600665 -165.890732
993.720817 1354.600665 -164.736847
1043.720817 1354.600665 -163.664734
1093.720817 1354.600665 -162.665070
1143.720817 1354.600665 -161.689758
1193.720817 1354.600665 -160.696823
1243.720817 1354.600665 -159.643280
1293.720817 1354.600665 -158.473236
1343.720817 1354.600665 -157.123489
1393.720817 1354.600665 -155.536423
1443.720817 1354.600665 -153.632538
1493.720817 1354.600665 -151.331284
1543.720817 1354.600665 -148.551819
1593.720817 1354.600665 -145.235596
1643.720817 1354.600665 -141.353012
1693.720817 1354.600665 -136.932953
1743.720817 1354.600665 -132.001328
1793.720817 1354.600665 -126.597153
1843.720817 1354.600665 -120.792625
1893.720817 1354.600665 -114.613327
1943.720817 1354.600665 -108.080414
1993.720817 1354.600665 -101.261940
2043.720817 1354.600665 -94.219604
2093.720817 1354.600665 -87.014908
2143.720817 1354.600665 -79.714752
2193.720817 1354.600665 -72.357452
2243.720817 1354.600665 -64.991692
2293.720817 1354.600665 -57.665756
2343.720817 1354.600665 -50.439999
2393.720817 1354.600665 -43.337215
2443.720817 1354.600665 -36.411533
2493.720817 1354.600665 -29.747023
2543.720817 1354.600665 -23.442146
2593.720817 1354.600665 -17.581167
2643.720817 1354.600665 -12.236575
2693.720817 1354.600665 -7.445253
2743.720817 1354.600665 -3.262845
2793.720817 1354.600665 0.273070
2843.720817 1354.600665 3.092937
2893.720817 1354.600665 5.176635
2943.720817 1354.600665 6.497588
2993.720817 1354.600665 7.046123
3043.720817 1354.600665 6.817230
3093.720817 1354.600665 5.783842
3143.720817 1354.600665 3.910588
3193.720817 1354.600665 1.191763
3243.720817 1354.600665 -2.346598
3293.720817 1354.600665 -6.680925
3343.720817 1354.600665 -11.762533
3393.720817 1354.600665 -17.546028
3443.720817 1354.600665 -23.989887
3493.720817 1354.600665 -31.051332
3543.720817 1354.600665 -38.665665
3593.720817 1354.600665 -46.736000
3643.720817 1354.600665 -55.165127
3693.720817 1354.600665 -63.857769
3743.720817 1354.600665 -72.743423
3793.720817 1354.600665 -81.781349
3843.720817 1354.600665 -90.923805
3893.720817 1354.600665 -100.149330
3943.720817 1354.600665 -109.399063
3993.720817 1354.600665 -118.654060
-1256.279183 1404.600665 242.172668
-1206.279183 1404.600665 230.957169
-1156.279183 1404.600665 219.692276
-1106.279183 1404.600665 208.320343
-1056.279183 1404.600665 196.778732
-1006.279183 1404.600665 184.999832
-956.279183 1404.600665 172.845795
-906.279183 1404.600665 160.243530
-856.279183 1404.600665 147.028885
-806.279183 1404.600665 133.153870
-756.279183 1404.600665 118.584518
-706.279183 1404.600665 103.387131
-656.279183 1404.600665 87.612602
-606.279183 1404.600665 71.339172
-556.279183 1404.600665 54.656284
-506.279183 1404.600665 37.626450
-456.279183 1404.600665 20.372864
-406.279183 1404.600665 3.046220
-356.279183 1404.600665 -14.176223
-306.279183 1404.600665 -31.122402
-256.279183 1404.600665 -47.591946
-206.279183 1404.600665 -63.412525
-156.279183 1404.600665 -78.469460
-106.279183 1404.600665 -92.622055
-56.279183 1404.600665 -105.783775
-6.279183 1404.600665 -117.858574
43.720817 1404.600665 -128.789673
93.720817 1404.600665 -138.522400
143.720817 1404.600665 -147.070099
193.720817 1404.600665 -154.423874
243.720817 1404.600665 -160.605713
293.720817 1404.600665 -165.628326
343.720817 1404.600665 -169.524384
393.720817 1404.600665 -172.365555
443.720817 1404.600665 -174.204987
493.720817 1404.600665 -175.164520
543.720817 1404.600665 -175.373062
593.720817 1404.600665 -174.956467
643.720817 1404.600665 -174.032501
693.720817 1404.600665 -172.748383
743.720817 1404.600665 -171.209229
793.720817 1404.600665 -169.527496
843.720817 1404.600665 -167.811279
893.720817 1404.600665 -166.119446
943.720817 1404.600665 -164.475677
993.720817 1404.600665 -162.937256
1043.720817 1404.600665 -161.504028
1093.720817 1404.600665 -160.179123
1143.720817 1404.600665 -158.911819
1193.720817 1404.600665 -157.690628
1243.720817 1404.600665 -156.453003
1293.720817 1404.600665 -155.135437
1343.720817 1404.600665 -153.675797
1393.720817 1404.600665 -152.029297
1443.720817 1404.600665 -150.142731
1493.720817 1404.600665 -147.937027
1543.720817 1404.600665 -145.337784
1593.720817 1404.600665 -142.236176
1643.720817 1404.600665 -138.641678
1693.720817 1404.600665 -134.548401
1743.720817 1404.600665 -129.973373
1793.720817 1404.600665 -124.962509
1843.720817 1404.600665 -119.566826
1893.720817 1404.600665 -113.816475
1943.720817 1404.600665 -107.750488
1993.720817 1404.600665 -101.408966
2043.720817 1404.600665 -94.842415
2093.720817 1404.600665 -88.145149
2143.720817 1404.600665 -81.347755
2193.720817 1404.600665 -74.493057
2243.720817 1404.600665 -67.621536
2293.720817 1404.600665 -60.756142
2343.720817 1404.600665 -53.961166
2393.720817 1404.600665 -47.281017
2443.720817 1404.600665 -40.776508
2493.720817 1404.600665 -34.507965
2543.720817 1404.600665 -28.563425
2593.720817 1404.600665 -23.015162
2643.720817 1404.600665 -17.913155
2693.720817 1404.600665 -13.353207
2743.720817 1404.600665 -9.392113
2793.720817 1404.600665 -6.078456
2843.720817 1404.600665 -3.479438
2893.720817 1404.600665 -1.602442
2943.720817 1404.600665 -0.488880
2993.720817 1404.600665 -0.140286
3043.720817 1404.600665 -0.567362
3093.720817 1404.600665 -1.780885
3143.720817 1404.600665 -3.810056
3193.720817 1404.600665 -6.666841
3243.720817 1404.600665 -10.345900
3293.720817 1404.600665 -14.856442
3343.720817 1404.600665 -20.166477
3393.720817 1404.600665 -26.199793
3443.720817 1404.600665 -32.930637
3493.720817 1404.600665 -40.304718
3543.720817 1404.600665 -48.246101
3593.720817 1404.600665 -56.673111
3643.720817 1404.600665 -65.492645
3693.720817 1404.600665 -74.634819
3743.720817 1404.600665 -84.032921
3793.720817 1404.600665 -93.620872
3843.720817 1404.600665 -103.376167
3893.720817 1404.600665 -113.245430
3943.720817 1404.600665 -123.198257
3993.720817 1404.600665 -133.150894
-1256.279183 1454.600665 237.330231
-1206.279183 1454.600665 227.007019
-1156.279183 1454.600665 216.649628
-1106.279183 1454.600665 206.186295
-1056.279183 1454.600665 195.572174
-1006.279183 1454.600665 184.701828
-956.279183 1454.600665 173.470566
-906.279183 1454.600665 161.710037
-856.279183 1454.600665 149.251770
-806.279183 1454.600665 135.983429
-756.279183 1454.600665 121.902534
-706.279183 1454.600665 107.066391
-656.279183 1454.600665 91.576744
-606.279183 1454.600665 75.495834
-556.279183 1454.600665 58.851646
-506.279183 1454.600665 41.723557
-456.279183 1454.600665 24.199854
-406.279183 1454.600665 6.435068
-356.279183 1454.600665 -11.383194
-306.279183 1454.600665 -29.073515
-256.279183 1454.600665 -46.393272
-206.279183 1454.600665 -63.116806
-156.279183 1454.600665 -79.082466
-106.279183 1454.600665 -94.123360
-56.279183 1454.600665 -108.066841
-6.279183 1454.600665 -120.829842
43.720817 1454.600665 -132.325363
93.720817 1454.600665 -142.508682
143.720817 1454.600665 -151.359512
193.720817 1454.600665 -158.875763
243.720817 1454.600665 -165.067520
293.720817 1454.600665 -169.957581
343.720817 1454.600665 -173.563980
393.720817 1454.600665 -175.962631
443.720817 1454.600665 -177.273163
493.720817 1454.600665 -177.623901
543.720817 1454.600665 -177.179001
593.720817 1454.600665 -176.100418
643.720817 1454.600665 -174.544128
693.720817 1454.600665 -172.655563
743.720817 1454.600665 -170.578979
793.720817 1454.600665 -168.420700
843.720817 1454.600665 -166.284637
893.720817 1454.600665 -164.221008
943.720817 1454.600665 -162.255417
993.720817 1454.600665 -160.400238
1043.720817 1454.600665 -158.680801
1093.720817 1454.600665 -157.084213
1143.720817 1454.600665 -155.605637
1193.720817 1454.600665 -154.211838
1243.720817 1454.600665 -152.847321
1293.720817 1454.600665 -151.429047
1343.720817 1454.600665 -149.905441
1393.720817 1454.600665 -148.261078
1443.720817 1454.600665 -146.429276
1493.720817 1454.600665 -144.323486
1543.720817 1454.600665 -141.873077
1593.720817 1454.600665 -139.019043
1643.720817 1454.600665 -135.691681
1693.720817 1454.600665 -131.919250
1743.720817 1454.600665 -127.680733
1793.720817 1454.600665 -123.041153
1843.720817 1454.600665 -118.049362
1893.720817 1454.600665 -112.742065
1943.720817 1454.600665 -107.140030
1993.720817 1454.600665 -101.266235
2043.720817 1454.600665 -95.198280
2093.720817 1454.600665 -88.991905
2143.720817 1454.600665 -82.698433
2193.720817 1454.600665 -76.351028
2243.720817 1454.600665 -69.972961
2293.720817 1454.600665 -63.595619
2343.720817 1454.600665 -57.248398
2393.720817 1454.600665 -51.008205
2443.720817 1454.600665 -44.936455
2493.720817 1454.600665 -39.062260
2543.720817 1454.600665 -33.462486
2593.720817 1454.600665 -28.199762
2643.720817 1454.600665 -23.353441
2693.720817 1454.600665 -19.006729
2743.720817 1454.600665 -15.242975
2793.720817 1454.600665 -12.126136
2843.720817 1454.600665 -9.704010
2893.720817 1454.600665 -8.011915
2943.720817 1454.600665 -7.072050
2993.720817 1454.600665 -6.882701
3043.720817 1454.600665 -7.468573
3093.720817 1454.600665 -8.843795
3143.720817 1454.600665 -11.000697
3193.720817 1454.600665 -13.974078
3243.720817 1454.600665 -17.787176
3293.720817 1454.600665 -22.458536
3343.720817 1454.600665 -27.940811
3393.720817 1454.600665 -34.196224
3443.720817 1454.600665 -41.182701
3493.720817 1454.600665 -48.838470
3543.720817 1454.600665 -57.091022
3593.720817 1454.600665 -65.851585
3643.720817 1454.600665 -75.074547
3693.720817 1454.600665 -84.691414
3743.720817 1454.600665 -94.628098
3793.720817 1454.600665 -104.818726
3843.720817 1454.600665 -115.215851
3893.720817 1454.600665 -125.744942
3943.720817 1454.600665 -136.345428
3993.720817 1454.600665 -146.984146
-1256.279183 1504.600665 230.658173
-1206.279183 1504.600665 221.320923
-1156.279183 1504.600665 211.968781
-1106.279183 1504.600665 202.524109
-1056.279183 1504.600665 192.937759
-1006.279183 1504.600665 183.110001
-956.279183 1504.600665 172.918381
-906.279183 1504.600665 162.180328
-856.279183 1504.600665 150.671494
-806.279183 1504.600665 138.164230
-756.279183 1504.600665 124.738182
-706.279183 1504.600665 110.509705
-656.279183 1504.600665 95.560547
-606.279183 1504.600665 79.908241
-556.279183 1504.600665 63.574268
-506.279183 1504.600665 46.567390
-456.279183 1504.600665 28.988943
-406.279183 1504.600665 10.962564
-356.279183 1504.600665 -7.314688
-306.279183 1504.600665 -25.649000
-256.279183 1504.600665 -43.775036
-206.279183 1504.600665 -61.407360
-156.279183 1504.600665 -78.339668
-106.279183 1504.600665 -94.323570
-56.279183 1504.600665 -109.143837
-6.279183 1504.600665 -122.647507
43.720817 1504.600665 -134.762360
93.720817 1504.600665 -145.417648
143.720817 1504.600665 -154.591675
193.720817 1504.600665 -162.260132
243.720817 1504.600665 -168.429886
293.720817 1504.600665 -173.108826
343.720817 1504.600665 -176.334763
393.720817 1504.600665 -178.220718
443.720817 1504.600665 -178.923691
493.720817 1504.600665 -178.631653
543.720817 1504.600665 -177.528702
593.720817 1504.600665 -175.813980
643.720817 1504.600665 -173.677368
693.720817 1504.600665 -171.284378
743.720817 1504.600665 -168.772705
793.720817 1504.600665 -166.241348
843.720817 1504.600665 -163.775604
893.720817 1504.600665 -161.431366
943.720817 1504.600665 -159.226807
993.720817 1504.600665 -157.162994
1043.720817 1504.600665 -155.236710
1093.720817 1504.600665 -153.460693
1143.720817 1504.600665 -151.835480
1193.720817 1504.600665 -150.328812
1243.720817 1504.600665 -148.862320
1293.720817 1504.600665 -147.392105
1343.720817 1504.600665 -145.863571
1393.720817 1504.600665 -144.259506
1443.720817 1504.600665 -142.496735
1493.720817 1504.600665 -140.505310
1543.720817 1504.600665 -138.225189
1593.720817 1504.600665 -135.584274
1643.720817 1504.600665 -132.540283
1693.720817 1504.600665 -129.060394
1743.720817 1504.600665 -125.159599
1793.720817 1504.600665 -120.883965
1843.720817 1504.600665 -116.292236
1893.720817 1504.600665 -111.422867
1943.720817 1504.600665 -106.272697
1993.720817 1504.600665 -100.877281
2043.720817 1504.600665 -95.292931
2093.720817 1504.600665 -89.592491
2143.720817 1504.600665 -83.801239
2193.720817 1504.600665 -77.962837
2243.720817 1504.600665 -72.090134
2293.720817 1504.600665 -66.191536
2343.720817 1504.600665 -60.317993
2393.720817 1504.600665 -54.535686
2443.720817 1504.600665 -48.870510
2493.720817 1504.600665 -43.372303
2543.720817 1504.600665 -38.089184
2593.720817 1504.600665 -33.109486
2643.720817 1504.600665 -28.495552
2693.720817 1504.600665 -24.378256
2743.720817 1504.600665 -20.818544
2793.720817 1504.600665 -17.876778
2843.720817 1504.600665 -15.608907
2893.720817 1504.600665 -14.060008
2943.720817 1504.600665 -13.246726
2993.720817 1504.600665 -13.195734
3043.720817 1504.600665 -13.905692
3093.720817 1504.600665 -15.399167
3143.720817 1504.600665 -17.669344
3193.720817 1504.600665 -20.738932
3243.720817 1504.600665 -24.659216
3293.720817 1504.600665 -29.444050
3343.720817 1504.600665 -35.067890
3393.720817 1504.600665 -41.492847
3443.720817 1504.600665 -48.675842
3493.720817 1504.600665 -56.567974
3543.720817 1504.600665 -65.088539
3593.720817 1504.600665 -74.195427
3643.720817 1504.600665 -83.824562
3693.720817 1504.600665 -93.939644
3743.720817 1504.600665 -104.430016
3793.720817 1504.600665 -115.229340
3843.720817 1504.600665 -126.260986
3893.720817 1504.600665 -137.419525
3943.720817 1504.600665 -148.653534
3993.720817 1504.600665 -159.921280
-1256.279183 1554.600665 222.192520
-1206.279183 1554.600665 213.949768
-1156.279183 1554.600665 205.679428
-1106.279183 1554.600665 197.342484
-1056.279183 1554.600665 188.855530
-1006.279183 1554.600665 180.140656
-956.279183 1554.600665 171.043304
-906.279183 1554.600665 161.433289
-856.279183 1554.600665 151.072723
-806.279183 1554.600665 139.441528
-756.279183 1554.600665 126.925201
-706.279183 1554.600665 113.584900
-656.279183 1554.600665 99.448959
-606.279183 1554.600665 84.516884
-556.279183 1554.600665 68.754021
-506.279183 1554.600665 52.166401
-456.279183 1554.600665 34.792503
-406.279183 1554.600665 16.750097
-356.279183 1554.600665 -1.785941
-306.279183 1554.600665 -20.617279
-256.279183 1554.600665 -39.482639
-206.279183 1554.600665 -58.042946
-156.279183 1554.600665 -75.987206
-106.279183 1554.600665 -92.999672
-56.279183 1554.600665 -108.790787
-6.279183 1554.600665 -123.155754
43.720817 1554.600665 -135.946228
93.720817 1554.600665 -147.114746
143.720817 1554.600665 -156.607071
193.720817 1554.600665 -164.401001
243.720817 1554.600665 -170.484055
293.720817 1554.600665 -174.853455
343.720817 1554.600665 -177.593307
393.720817 1554.600665 -178.874939
443.720817 1554.600665 -178.922989
493.720817 1554.600665 -177.962082
543.720817 1554.600665 -176.216904
593.720817 1554.600665 -173.925095
643.720817 1554.600665 -171.322952
693.720817 1554.600665 -168.551971
743.720817 1554.600665 -165.744141
793.720817 1554.600665 -162.979996
843.720817 1554.600665 -160.306396
893.720817 1554.600665 -157.790527
943.720817 1554.600665 -155.454178
993.720817 1554.600665 -153.263382
1043.720817 1554.600665 -151.244003
1093.720817 1554.600665 -149.384949
1143.720817 1554.600665 -147.677292
1193.720817 1554.600665 -146.086166
1243.720817 1554.600665 -144.562790
1293.720817 1554.600665 -143.070450
1343.720817 1554.600665 -141.580154
1393.720817 1554.600665 -140.040649
1443.720817 1554.600665 -138.376709
1493.720817 1554.600665 -136.516510
1543.720817 1554.600665 -134.423157
1593.720817 1554.600665 -131.994171
1643.720817 1554.600665 -129.209427
1693.720817 1554.600665 -126.026733
1743.720817 1554.600665 -122.454010
1793.720817 1554.600665 -118.540596
1843.720817 1554.600665 -114.341698
1893.720817 1554.600665 -109.884872
1943.720817 1554.600665 -105.183388
1993.720817 1554.600665 -100.265312
2043.720817 1554.600665 -95.180672
2093.720817 1554.600665 -89.981407
2143.720817 1554.600665 -84.704369
2193.720817 1554.600665 -79.366135
2243.720817 1554.600665 -73.974686
2293.720817 1554.600665 -68.564949
2343.720817 1554.600665 -63.164619
2393.720817 1554.600665 -57.812393
2443.720817 1554.600665 -52.544987
2493.720817 1554.600665 -47.397179
2543.720817 1554.600665 -42.416569
2593.720817 1554.600665 -37.706581
2643.720817 1554.600665 -33.347126
2693.720817 1554.600665 -29.448387
2743.720817 1554.600665 -26.067825
2793.720817 1554.600665 -23.301929
2843.720817 1554.600665 -21.181622
2893.720817 1554.600665 -19.742483
2943.720817 1554.600665 -19.039417
2993.720817 1554.600665 -19.079889
3043.720817 1554.600665 -19.874399
3093.720817 1554.600665 -21.440231
3143.720817 1554.600665 -23.775908
3193.720817 1554.600665 -26.919386
3243.720817 1554.600665 -30.914444
3293.720817 1554.600665 -35.766216
3343.720817 1554.600665 -41.491180
3393.720817 1554.600665 -48.038429
3443.720817 1554.600665 -55.368809
3493.720817 1554.600665 -63.431488
3543.720817 1554.600665 -72.217033
3593.720817 1554.600665 -81.655289
3643.720817 1554.600665 -91.701935
3693.720817 1554.600665 -102.281540
3743.720817 1554.600665 -113.313324
3793.720817 1554.600665 -124.676331
3843.720817 1554.600665 -136.305145
3893.720817 1554.600665 -148.072998
3943.720817 1554.600665 -159.922852
3993.720817 1554.600665 -171.810684
-1256.279183 1604.600665 211.993652
-1206.279183 1604.600665 204.926590
-1156.279183 1604.600665 197.825485
-1106.279183 1604.600665 190.631943
-1056.279183 1604.600665 183.308258
-1006.279183 1604.600665 175.737259
-956.279183 1604.600665 167.763367
-906.279183 1604.600665 159.225159
-856.279183 1604.600665 149.914093
-806.279183 1604.600665 139.588348
-756.279183 1604.600665 128.316299
-706.279183 1604.600665 116.164795
-656.279183 1604.600665 103.127731
-606.279183 1604.600665 89.202797
-556.279183 1604.600665 74.325874
-506.279183 1604.600665 58.461056
-456.279183 1604.600665 41.639687
-406.279183 1604.600665 23.906700
-356.279183 1604.600665 5.384802
-306.279183 1604.600665 -13.763756
-256.279183 1604.600665 -33.252281
-206.279183 1604.600665 -52.713844
-156.279183 1604.600665 -71.741562
-106.279183 1604.600665 -89.889091
-56.279183 1604.600665 -106.779266
-6.279183 1604.600665 -122.117218
43.720817 1604.600665 -135.699173
93.720817 1604.600665 -147.423279
143.720817 1604.600665 -157.225082
193.720817 1604.600665 -165.075043
243.720817 1604.600665 -170.956085
293.720817 1604.600665 -174.903732
343.720817 1604.600665 -177.047653
393.720817 1604.600665 -177.633011
443.720817 1604.600665 -176.982986
493.720817 1604.600665 -175.362640
543.720817 1604.600665 -173.054504
593.720817 1604.600665 -170.324463
643.720817 1604.600665 -167.391342
693.720817 1604.600665 -164.418045
743.720817 1604.600665 -161.484756
793.720817 1604.600665 -158.630737
843.720817 1604.600665 -155.901276
893.720817 1604.600665 -153.331894
943.720817 1604.600665 -150.970718
993.720817 1604.600665 -148.789673
1043.720817 1604.600665 -146.777145
1093.720817 1604.600665 -144.923111
1143.720817 1604.600665 -143.185562
1193.720817 1604.600665 -141.547684
1243.720817 1604.600665 -139.990356
1293.720817 1604.600665 -138.505341
1343.720817 1604.600665 -137.076965
1393.720817 1604.600665 -135.630051
1443.720817 1604.600665 -134.088013
1493.720817 1604.600665 -132.392014
1543.720817 1604.600665 -130.478409
1593.720817 1604.600665 -128.277512
1643.720817 1604.600665 -125.747398
1693.720817 1604.600665 -122.848717
1743.720817 1604.600665 -119.609505
1793.720817 1604.600665 -116.055786
1843.720817 1604.600665 -112.228233
1893.720817 1604.600665 -108.171875
1943.720817 1604.600665 -103.913696
1993.720817 1604.600665 -99.467018
2043.720817 1604.600665 -94.872131
2093.720817 1604.600665 -90.186829
2143.720817 1604.600665 -85.417572
2193.720817 1604.600665 -80.573189
2243.720817 1604.600665 -75.666046
2293.720817 1604.600665 -70.710793
2343.720817 1604.600665 -65.755363
2393.720817 1604.600665 -60.812477
2443.720817 1604.600665 -55.911808
2493.720817 1604.600665 -51.093647
2543.720817 1604.600665 -46.412872
2593.720817 1604.600665 -41.964066
2643.720817 1604.600665 -37.861725
2693.720817 1604.600665 -34.173973
2743.720817 1604.600665 -30.977226
2793.720817 1604.600665 -28.371132
2843.720817 1604.600665 -26.406309
2893.720817 1604.600665 -25.092749
2943.720817 1604.600665 -24.454319
2993.720817 1604.600665 -24.550947
3043.720817 1604.600665 -25.388264
3093.720817 1604.600665 -26.972990
3143.720817 1604.600665 -29.332003
3193.720817 1604.600665 -32.499733
3243.720817 1604.600665 -36.510216
3293.720817 1604.600665 -41.394756
3343.720817 1604.600665 -47.163033
3393.720817 1604.600665 -53.799210
3443.720817 1604.600665 -61.245937
3493.720817 1604.600665 -69.462311
3543.720817 1604.600665 -78.447601
3593.720817 1604.600665 -88.178299
3643.720817 1604.600665 -98.582352
3693.720817 1604.600665 -109.591194
3743.720817 1604.600665 -121.097595
3793.720817 1604.600665 -133.001617
3843.720817 1604.600665 -145.185303
3893.720817 1604.600665 -157.552887
3943.720817 1604.600665 -170.007339
3993.720817 1604.600665 -182.484360
-1256.279183 1654.600665 200.142334
-1206.279183 1654.600665 194.278625
-1156.279183 1654.600665 188.396408
-1106.279183 1654.600665 182.427261
-1056.279183 1654.600665 176.293793
-1006.279183 1654.600665 169.900070
-956.279183 1654.600665 163.081528
-906.279183 1654.600665 155.689255
-856.279183 1654.600665 147.592865
-806.279183 1654.600665 138.662231
-756.279183 1654.600665 128.841980
-706.279183 1654.600665 118.127876
-656.279183 1654.600665 106.473839
-606.279183 1654.600665 93.845688
-556.279183 1654.600665 80.168404
-506.279183 1654.600665 65.390099
-456.279183 1654.600665 49.477253
-406.279183 1654.600665 32.441833
-356.279183 1654.600665 14.278510
-306.279183 1654.600665 -4.888244
-256.279183 1654.600665 -24.821953
-206.279183 1654.600665 -45.102200
-156.279183 1654.600665 -65.226547
-106.279183 1654.600665 -84.636086
-56.279183 1654.600665 -102.793419
-6.279183 1654.600665 -119.269829
43.720817 1654.600665 -133.771851
93.720817 1654.600665 -146.113205
143.720817 1654.600665 -156.201675
193.720817 1654.600665 -164.006195
243.720817 1654.600665 -169.547073
293.720817 1654.600665 -172.908722
343.720817 1654.600665 -174.329666
393.720817 1654.600665 -174.173462
443.720817 1654.600665 -172.820862
493.720817 1654.600665 -170.626892
543.720817 1654.600665 -167.903748
593.720817 1654.600665 -164.927307
643.720817 1654.600665 -161.861755
693.720817 1654.600665 -158.859985
743.720817 1654.600665 -155.972595
793.720817 1654.600665 -153.210495
843.720817 1654.600665 -150.568008
893.720817 1654.600665 -148.107224
943.720817 1654.600665 -145.858658
993.720817 1654.600665 -143.793121
1043.720817 1654.600665 -141.900330
1093.720817 1654.600665 -140.113007
1143.720817 1654.600665 -138.400574
1193.720817 1654.600665 -136.754150
1243.720817 1654.600665 -135.199158
1293.720817 1654.600665 -133.747833
1343.720817 1654.600665 -132.361588
1393.720817 1654.600665 -131.016434
1443.720817 1654.600665 -129.625656
1493.720817 1654.600665 -128.096542
1543.720817 1654.600665 -126.368477
1593.720817 1654.600665 -124.409576
1643.720817 1654.600665 -122.140305
1693.720817 1654.600665 -119.552574
1743.720817 1654.600665 -116.639519
1793.720817 1654.600665 -113.422600
1843.720817 1654.600665 -109.965080
1893.720817 1654.600665 -106.318123
1943.720817 1654.600665 -102.500648
1993.720817 1654.600665 -98.533051
2043.720817 1654.600665 -94.428818
2093.720817 1654.600665 -90.226662
2143.720817 1654.600665 -85.948837
2193.720817 1654.600665 -81.583931
2243.720817 1654.600665 -77.132744
2293.720817 1654.600665 -72.627937
2343.720817 1654.600665 -68.083939
2393.720817 1654.600665 -63.527916
2443.720817 1654.600665 -58.977726
2493.720817 1654.600665 -54.461853
2543.720817 1654.600665 -50.062107
2593.720817 1654.600665 -45.867428
2643.720817 1654.600665 -41.992748
2693.720817 1654.600665 -38.526978
2743.720817 1654.600665 -35.535194
2793.720817 1654.600665 -33.093769
2843.720817 1654.600665 -31.266205
2893.720817 1654.600665 -30.053589
2943.720817 1654.600665 -29.478409
2993.720817 1654.600665 -29.590830
3043.720817 1654.600665 -30.420736
3093.720817 1654.600665 -31.993513
3143.720817 1654.600665 -34.330311
3193.720817 1654.600665 -37.470520
3243.720817 1654.600665 -41.457096
3293.720817 1654.600665 -46.311005
3343.720817 1654.600665 -52.089664
3393.720817 1654.600665 -58.760300
3443.720817 1654.600665 -66.288246
3493.720817 1654.600665 -74.615494
3543.720817 1654.600665 -83.748383
3593.720817 1654.600665 -93.661713
3643.720817 1654.600665 -104.348259
3693.720817 1654.600665 -115.705910
3743.720817 1654.600665 -127.641975
3793.720817 1654.600665 -140.030899
3843.720817 1654.600665 -152.759445
3893.720817 1654.600665 -165.687195
3943.720817 1654.600665 -178.736389
3993.720817 1654.600665 -191.823608
-1256.279183 1704.600665 186.695892
-1206.279183 1704.600665 182.077728
-1156.279183 1704.600665 177.442108
-1106.279183 1704.600665 172.728378
-1056.279183 1704.600665 167.834427
-1006.279183 1704.600665 162.659149
-956.279183 1704.600665 157.063766
-906.279183 1704.600665 150.936874
-856.279183 1704.600665 144.191589
-806.279183 1704.600665 136.743423
-756.279183 1704.600665 128.496140
-706.279183 1704.600665 119.384750
-656.279183 1704.600665 109.342163
-606.279183 1704.600665 98.287483
-556.279183 1704.600665 86.147766
-506.279183 1704.600665 72.827095
-456.279183 1704.600665 58.215240
-406.279183 1704.600665 42.236122
-356.279183 1704.600665 24.855024
-306.279183 1704.600665 6.074977
-256.279183 1704.600665 -13.933864
-206.279183 1704.600665 -34.820583
-156.279183 1704.600665 -55.999386
-106.279183 1704.600665 -76.768501
-56.279183 1704.600665 -96.387970
-6.279183 1704.600665 -114.221710
43.720817 1704.600665 -129.800385
93.720817 1704.600665 -142.846130
143.720817 1704.600665 -153.208908
193.720817 1704.600665 -160.848755
243.720817 1704.600665 -165.858505
293.720817 1704.600665 -168.464035
343.720817 1704.600665 -169.062531
393.720817 1704.600665 -168.138992
443.720817 1704.600665 -166.189209
493.720817 1704.600665 -163.592636
543.720817 1704.600665 -160.672760
593.720817 1704.600665 -157.675690
643.720817 1704.600665 -154.721313
693.720817 1704.600665 -151.910339
743.720817 1704.600665 -149.267273
793.720817 1704.600665 -146.749435
843.720817 1704.600665 -144.378113
893.720817 1704.600665 -142.176010
943.720817 1704.600665 -140.167358
993.720817 1704.600665 -138.327881
1043.720817 1704.600665 -136.599716
1093.720817 1704.600665 -134.959579
1143.720817 1704.600665 -133.335495
1193.720817 1704.600665 -131.742691
1243.720817 1704.600665 -130.228745
1293.720817 1704.600665 -128.799713
1343.720817 1704.600665 -127.480148
1393.720817 1704.600665 -126.213058
1443.720817 1704.600665 -124.950890
1493.720817 1704.600665 -123.590370
1543.720817 1704.600665 -122.069984
1593.720817 1704.600665 -120.344345
1643.720817 1704.600665 -118.368721
1693.720817 1704.600665 -116.090820
1743.720817 1704.600665 -113.508698
1793.720817 1704.600665 -110.657234
1843.720817 1704.600665 -107.584404
1893.720817 1704.600665 -104.347717
1943.720817 1704.600665 -100.969070
1993.720817 1704.600665 -97.472618
2043.720817 1704.600665 -93.848770
2093.720817 1704.600665 -90.117035
2143.720817 1704.600665 -86.289680
2193.720817 1704.600665 -82.376549
2243.720817 1704.600665 -78.379028
2293.720817 1704.600665 -74.291908
2343.720817 1704.600665 -70.142273
2393.720817 1704.600665 -65.929840
2443.720817 1704.600665 -61.692570
2493.720817 1704.600665 -57.473885
2543.720817 1704.600665 -53.329132
2593.720817 1704.600665 -49.381512
2643.720817 1704.600665 -45.741451
2693.720817 1704.600665 -42.495750
2743.720817 1704.600665 -39.701809
2793.720817 1704.600665 -37.434216
2843.720817 1704.600665 -35.724972
2893.720817 1704.600665 -34.592384
2943.720817 1704.600665 -34.063034
2993.720817 1704.600665 -34.171593
3043.720817 1704.600665 -34.964142
3093.720817 1704.600665 -36.473846
3143.720817 1704.600665 -38.752754
3193.720817 1704.600665 -41.841949
3243.720817 1704.600665 -45.764778
3293.720817 1704.600665 -50.565083
3343.720817 1704.600665 -56.276077
3393.720817 1704.600665 -62.915138
3443.720817 1704.600665 -70.451599
3493.720817 1704.600665 -78.839005
3543.720817 1704.600665 -88.031326
3593.720817 1704.600665 -98.059143
3643.720817 1704.600665 -108.907181
3693.720817 1704.600665 -120.530472
3743.720817 1704.600665 -132.805725
3793.720817 1704.600665 -145.629852
3843.720817 1704.600665 -158.842712
3893.720817 1704.600665 -172.316589
3943.720817 1704.600665 -185.922882
3993.720817 1704.600665 -199.598694
-1256.279183 1754.600665 171.720978
-1206.279183 1754.600665 168.395615
-1156.279183 1754.600665 165.035995
-1106.279183 1754.600665 161.601547
-1056.279183 1754.600665 157.984146
-1006.279183 1754.600665 154.081772
-956.279183 1754.600665 149.801620
-906.279183 1754.600665 145.049576
-856.279183 1754.600665 139.764130
-806.279183 1754.600665 133.887207
-756.279183 1754.600665 127.308090
-706.279183 1754.600665 119.919487
-656.279183 1754.600665 111.650726
-606.279183 1754.600665 102.406715
-556.279183 1754.600665 92.077309
-506.279183 1754.600665 80.535103
-456.279183 1754.600665 67.594116
-406.279183 1754.600665 53.115948
-356.279183 1754.600665 36.972248
-306.279183 1754.600665 19.101290
-256.279183 1754.600665 -0.486855
-206.279183 1754.600665 -21.544062
-156.279183 1754.600665 -43.547474
-106.279183 1754.600665 -65.684471
-56.279183 1754.600665 -86.975838
-6.279183 1754.600665 -106.433319
43.720817 1754.600665 -123.309029
93.720817 1754.600665 -137.181137
143.720817 1754.600665 -147.793350
193.720817 1754.600665 -155.141785
243.720817 1754.600665 -159.416306
293.720817 1754.600665 -161.080551
343.720817 1754.600665 -160.784531
393.720817 1754.600665 -159.207947
443.720817 1754.600665 -156.873886
493.720817 1754.600665 -154.157578
543.720817 1754.600665 -151.348694
593.720817 1754.600665 -148.616287
643.720817 1754.600665 -146.039215
693.720817 1754.600665 -143.636902
743.720817 1754.600665 -141.406998
793.720817 1754.600665 -139.336395
843.720817 1754.600665 -137.391510
893.720817 1754.600665 -135.581146
943.720817 1754.600665 -133.920319
993.720817 1754.600665 -132.379700
1043.720817 1754.600665 -130.908691
1093.720817 1754.600665 -129.462860
1143.720817 1754.600665 -127.995895
1193.720817 1754.600665 -126.520988
1243.720817 1754.600665 -125.077705
1293.720817 1754.600665 -123.714462
1343.720817 1754.600665 -122.439667
1393.720817 1754.600665 -121.267570
1443.720817 1754.600665 -120.107307
1493.720817 1754.600665 -118.911514
1543.720817 1754.600665 -117.589897
1593.720817 1754.600665 -116.109360
1643.720817 1754.600665 -114.410980
1693.720817 1754.600665 -112.448456
1743.720817 1754.600665 -110.231377
1793.720817 1754.600665 -107.755226
1843.720817 1754.600665 -105.088264
1893.720817 1754.600665 -102.270248
1943.720817 1754.600665 -99.337708
1993.720817 1754.600665 -96.282059
2043.720817 1754.600665 -93.139450
2093.720817 1754.600665 -89.845245
2143.720817 1754.600665 -86.448013
2193.720817 1754.600665 -82.947777
2243.720817 1754.600665 -79.359200
2293.720817 1754.600665 -75.668839
2343.720817 1754.600665 -71.869102
2393.720817 1754.600665 -67.983452
2443.720817 1754.600665 -64.050903
2493.720817 1754.600665 -60.107307
2543.720817 1754.600665 -56.214931
2593.720817 1754.600665 -52.507061
2643.720817 1754.600665 -49.106335
2693.720817 1754.600665 -46.068726
2743.720817 1754.600665 -43.474678
2793.720817 1754.600665 -41.348152
2843.720817 1754.600665 -39.732750
2893.720817 1754.600665 -38.671539
2943.720817 1754.600665 -38.181942
2993.720817 1754.600665 -38.281353
3043.720817 1754.600665 -39.013634
3093.720817 1754.600665 -40.437023
3143.720817 1754.600665 -42.634697
3193.720817 1754.600665 -45.621418
3243.720817 1754.600665 -49.455219
3293.720817 1754.600665 -54.139603
3343.720817 1754.600665 -59.726223
3393.720817 1754.600665 -66.248924
3443.720817 1754.600665 -73.714172
3493.720817 1754.600665 -82.044472
3543.720817 1754.600665 -91.245331
3593.720817 1754.600665 -101.300232
3643.720817 1754.600665 -112.225792
3693.720817 1754.600665 -123.977089
3743.720817 1754.600665 -136.480682
3793.720817 1754.600665 -149.640259
3843.720817 1754.600665 -163.284927
3893.720817 1754.600665 -177.218765
3943.720817 1754.600665 -191.320770
3993.720817 1754.600665 -205.483963
-1256.279183 1804.600665 155.323044
-1206.279183 1804.600665 153.325775
-1156.279183 1804.600665 151.277115
-1106.279183 1804.600665 149.151001
-1056.279183 1804.600665 146.851974
-1006.279183 1804.600665 144.283386
-956.279183 1804.600665 141.400970
-906.279183 1804.600665 138.115814
-856.279183 1804.600665 134.388321
-806.279183 1804.600665 130.139252
-756.279183 1804.600665 125.276291
-706.279183 1804.600665 119.722389
-656.279183 1804.600665 113.357491
-606.279183 1804.600665 106.074165
-556.279183 1804.600665 97.763000
-506.279183 1804.600665 88.243492
-456.279183 1804.600665 77.307121
-406.279183 1804.600665 64.747421
-356.279183 1804.600665 50.375019
-306.279183 1804.600665 33.981419
-256.279183 1804.600665 15.479407
-206.279183 1804.600665 -5.095599
-156.279183 1804.600665 -27.392645
-106.279183 1804.600665 -50.674915
-56.279183 1804.600665 -73.743835
-6.279183 1804.600665 -95.181305
43.720817 1804.600665 -113.714813
93.720817 1804.600665 -128.567902
143.720817 1804.600665 -139.420319
193.720817 1804.600665 -146.276077
243.720817 1804.600665 -149.561935
293.720817 1804.600665 -150.153290
343.720817 1804.600665 -149.055939
393.720817 1804.600665 -147.090347
443.720817 1804.600665 -144.763718
493.720817 1804.600665 -142.339172
543.720817 1804.600665 -140.009995
593.720817 1804.600665 -137.855377
643.720817 1804.600665 -135.895538
693.720817 1804.600665 -134.122299
743.720817 1804.600665 -132.508713
793.720817 1804.600665 -131.035156
843.720817 1804.600665 -129.660767
893.720817 1804.600665 -128.365616
943.720817 1804.600665 -127.147919
993.720817 1804.600665 -125.979210
1043.720817 1804.600665 -124.813232
1093.720817 1804.600665 -123.620949
1143.720817 1804.600665 -122.367020
1193.720817 1804.600665 -121.064537
1243.720817 1804.600665 -119.761223
1293.720817 1804.600665 -118.494904
1343.720817 1804.600665 -117.317604
1393.720817 1804.600665 -116.225067
1443.720817 1804.600665 -115.178741
1493.720817 1804.600665 -114.114845
1543.720817 1804.600665 -112.991371
1593.720817 1804.600665 -111.742897
1643.720817 1804.600665 -110.316483
1693.720817 1804.600665 -108.670250
1743.720817 1804.600665 -106.801620
1793.720817 1804.600665 -104.717400
1843.720817 1804.600665 -102.454567
1893.720817 1804.600665 -100.080299
1943.720817 1804.600665 -97.587921
1993.720817 1804.600665 -94.990532
2043.720817 1804.600665 -92.271645
2093.720817 1804.600665 -89.425278
2143.720817 1804.600665 -86.426262
2193.720817 1804.600665 -83.321289
2243.720817 1804.600665 -80.093636
2293.720817 1804.600665 -76.735428
2343.720817 1804.600665 -73.262215
2393.720817 1804.600665 -69.692505
2443.720817 1804.600665 -66.060333
2493.720817 1804.600665 -62.389977
2543.720817 1804.600665 -58.753857
2593.720817 1804.600665 -55.293354
2643.720817 1804.600665 -52.094311
2693.720817 1804.600665 -49.254284
2743.720817 1804.600665 -46.823837
2793.720817 1804.600665 -44.818691
2843.720817 1804.600665 -43.288044
2893.720817 1804.600665 -42.265629
2943.720817 1804.600665 -41.790798
2993.720817 1804.600665 -41.878265
3043.720817 1804.600665 -42.578026
3093.720817 1804.600665 -43.919594
3143.720817 1804.600665 -45.980999
3193.720817 1804.600665 -48.811653
3243.720817 1804.600665 -52.489578
3293.720817 1804.600665 -57.030121
3343.720817 1804.600665 -62.445145
3393.720817 1804.600665 -68.782433
3443.720817 1804.600665 -76.068687
3493.720817 1804.600665 -84.264961
3543.720817 1804.600665 -93.350906
3593.720817 1804.600665 -103.342201
3643.720817 1804.600665 -114.226120
3693.720817 1804.600665 -125.981865
3743.720817 1804.600665 -138.580215
3793.720817 1804.600665 -151.927383
3843.720817 1804.600665 -165.863052
3893.720817 1804.600665 -180.161331
3943.720817 1804.600665 -194.618042
3993.720817 1804.600665 -209.094696
-1256.279183 1854.600665 137.669296
-1206.279183 1854.600665 136.988159
-1156.279183 1854.600665 136.277542
-1106.279183 1854.600665 135.488678
-1056.279183 1854.600665 134.548569
-1006.279183 1854.600665 133.391937
-956.279183 1854.600665 131.970490
-906.279183 1854.600665 130.228073
-856.279183 1854.600665 128.097549
-806.279183 1854.600665 125.528015
-756.279183 1854.600665 122.430649
-706.279183 1854.600665 118.742493
-656.279183 1854.600665 114.361488
-606.279183 1854.600665 109.158394
-556.279183 1854.600665 102.994667
-506.279183 1854.600665 95.696220
-456.279183 1854.600665 87.024033
-406.279183 1854.600665 76.744568
-356.279183 1854.600665 64.617767
-306.279183 1854.600665 50.363197
-256.279183 1854.600665 33.716068
-206.279183 1854.600665 14.505032
-156.279183 1854.600665 -7.223460
-106.279183 1854.600665 -30.972628
-56.279183 1854.600665 -55.632137
-6.279183 1854.600665 -79.388023
43.720817 1854.600665 -100.142944
93.720817 1854.600665 -116.280846
143.720817 1854.600665 -127.319641
193.720817 1854.600665 -133.330566
243.720817 1854.600665 -135.377548
293.720817 1854.600665 -135.010132
343.720817 1854.600665 -133.519653
393.720817 1854.600665 -131.701645
443.720817 1854.600665 -129.909897
493.720817 1854.600665 -128.265381
543.720817 1854.600665 -126.794235
593.720817 1854.600665 -125.520523
643.720817 1854.600665 -124.439819
693.720817 1854.600665 -123.507660
743.720817 1854.600665 -122.687607
793.720817 1854.600665 -121.928719
843.720817 1854.600665 -121.229591
893.720817 1854.600665 -120.542038
943.720817 1854.600665 -119.856140
993.720817 1854.600665 -119.123848
1043.720817 1854.600665 -118.336136
1093.720817 1854.600665 -117.442192
1143.720817 1854.600665 -116.460793
1193.720817 1854.600665 -115.389259
1243.720817 1854.600665 -114.277359
1293.720817 1854.600665 -113.177193
1343.720817 1854.600665 -112.124001
1393.720817 1854.600665 -111.132355
1443.720817 1854.600665 -110.192207
1493.720817 1854.600665 -109.278847
1543.720817 1854.600665 -108.330650
1593.720817 1854.600665 -107.300598
1643.720817 1854.600665 -106.118706
1693.720817 1854.600665 -104.777290
1743.720817 1854.600665 -103.256363
1793.720817 1854.600665 -101.560127
1843.720817 1854.600665 -99.717133
1893.720817 1854.600665 -97.759521
1943.720817 1854.600665 -95.714828
1993.720817 1854.600665 -93.546791
2043.720817 1854.600665 -91.264893
2093.720817 1854.600665 -88.840691
2143.720817 1854.600665 -86.247414
2193.720817 1854.600665 -83.493912
2243.720817 1854.600665 -80.581886
2293.720817 1854.600665 -77.538292
2343.720817 1854.600665 -74.349190
2393.720817 1854.600665 -71.079689
2443.720817 1854.600665 -67.723404
2493.720817 1854.600665 -64.327713
2543.720817 1854.600665 -60.967003
2593.720817 1854.600665 -57.755230
2643.720817 1854.600665 -54.770481
2693.720817 1854.600665 -52.080204
2743.720817 1854.600665 -49.760838
2793.720817 1854.600665 -47.847672
2843.720817 1854.600665 -46.362667
2893.720817 1854.600665 -45.369129
2943.720817 1854.600665 -44.879601
2993.720817 1854.600665 -44.949783
3043.720817 1854.600665 -45.582626
3093.720817 1854.600665 -46.835945
3143.720817 1854.600665 -48.743744
3193.720817 1854.600665 -51.401970
3243.720817 1854.600665 -54.877220
3293.720817 1854.600665 -59.212719
3343.720817 1854.600665 -64.416847
3393.720817 1854.600665 -70.502235
3443.720817 1854.600665 -77.524155
3493.720817 1854.600665 -85.479057
3543.720817 1854.600665 -94.349136
3593.720817 1854.600665 -104.135040
3643.720817 1854.600665 -114.845123
3693.720817 1854.600665 -126.461006
3743.720817 1854.600665 -138.972046
3793.720817 1854.600665 -152.308640
3843.720817 1854.600665 -166.338547
3893.720817 1854.600665 -180.856644
3943.720817 1854.600665 -195.520111
3993.720817 1854.600665 -209.939194
-1256.279183 1904.600665 118.895561
-1206.279183 1904.600665 119.536987
-1156.279183 1904.600665 120.167473
-1106.279183 1904.600665 120.742508
-1056.279183 1904.600665 121.202881
-1006.279183 1904.600665 121.493919
-956.279183 1904.600665 121.580017
-906.279183 1904.600665 121.420258
-856.279183 1904.600665 120.934090
-806.279183 1904.600665 120.058472
-756.279183 1904.600665 118.756073
-706.279183 1904.600665 116.961777
-656.279183 1904.600665 114.594437
-606.279183 1904.600665 111.523514
-556.279183 1904.600665 107.592888
-506.279183 1904.600665 102.626793
-456.279183 1904.600665 96.414879
-406.279183 1904.600665 88.704224
-356.279183 1904.600665 79.228409
-306.279183 1904.600665 67.688637
-256.279183 1904.600665 53.693748
-206.279183 1904.600665 36.873238
-156.279183 1904.600665 16.957457
-106.279183 1904.600665 -6.015198
-56.279183 1904.600665 -31.399540
-6.279183 1904.600665 -57.446304
43.720817 1904.600665 -81.200768
93.720817 1904.600665 -99.296463
143.720817 1904.600665 -110.242546
193.720817 1904.600665 -114.885056
243.720817 1904.600665 -115.778130
293.720817 1904.600665 -115.095680
343.720817 1904.600665 -114.062103
393.720817 1904.600665 -113.167648
443.720817 1904.600665 -112.540184
493.720817 1904.600665 -112.141792
543.720817 1904.600665 -111.921890
593.720817 1904.600665 -111.812286
643.720817 1904.600665 -111.815399
693.720817 1904.600665 -111.907448
743.720817 1904.600665 -112.026741
793.720817 1904.600665 -112.119087
843.720817 1904.600665 -112.161194
893.720817 1904.600665 -112.142288
943.720817 1904.600665 -112.052475
993.720817 1904.600665 -111.833237
1043.720817 1904.600665 -111.472954
1093.720817 1904.600665 -110.957405
1143.720817 1904.600665 -110.305389
1193.720817 1904.600665 -109.516304
1243.720817 1904.600665 -108.653801
1293.720817 1904.600665 -107.769913
1343.720817 1904.600665 -106.882790
1393.720817 1904.600665 -106.027458
1443.720817 1904.600665 -105.217041
1493.720817 1904.600665 -104.435890
1543.720817 1904.600665 -103.657402
1593.720817 1904.600665 -102.816429
1643.720817 1904.600665 -101.883820
1693.720817 1904.600665 -100.825798
1743.720817 1904.600665 -99.639832
1793.720817 1904.600665 -98.331238
1843.720817 1904.600665 -96.886505
1893.720817 1904.600665 -95.333282
1943.720817 1904.600665 -93.715958
1993.720817 1904.600665 -91.975327
2043.720817 1904.600665 -90.103378
2093.720817 1904.600665 -88.079857
2143.720817 1904.600665 -85.856430
2193.720817 1904.600665 -83.441063
2243.720817 1904.600665 -80.850319
2293.720817 1904.600665 -78.092430
2343.720817 1904.600665 -75.185814
2393.720817 1904.600665 -72.157990
2443.720817 1904.600665 -69.074318
2493.720817 1904.600665 -65.949852
2543.720817 1904.600665 -62.870296
2593.720817 1904.600665 -59.906353
2643.720817 1904.600665 -57.117203
2693.720817 1904.600665 -54.551964
2743.720817 1904.600665 -52.309784
2793.720817 1904.600665 -50.438385
2843.720817 1904.600665 -48.980068
2893.720817 1904.600665 -47.969711
2943.720817 1904.600665 -47.452694
2993.720817 1904.600665 -47.438129
3043.720817 1904.600665 -47.986794
3093.720817 1904.600665 -49.113758
3143.720817 1904.600665 -50.880001
3193.720817 1904.600665 -53.344013
3243.720817 1904.600665 -56.587700
3293.720817 1904.600665 -60.665958
3343.720817 1904.600665 -65.590233
3393.720817 1904.600665 -71.375214
3443.720817 1904.600665 -78.059441
3493.720817 1904.600665 -85.669212
3543.720817 1904.600665 -94.205368
3593.720817 1904.600665 -103.680420
3643.720817 1904.600665 -114.081306
3693.720817 1904.600665 -125.399498
3743.720817 1904.600665 -137.614685
3793.720817 1904.600665 -150.679977
3843.720817 1904.600665 -164.490219
3893.720817 1904.600665 -178.906693
3943.720817 1904.600665 -193.603317
3993.720817 1904.600665 -207.484131
-1256.279183 1954.600665 99.141724
-1206.279183 1954.600665 101.136154
-1156.279183 1954.600665 103.120468
-1106.279183 1954.600665 105.061813
-1056.279183 1954.600665 106.931061
-1006.279183 1954.600665 108.683441
-956.279183 1954.600665 110.309883
-906.279183 1954.600665 111.742950
-856.279183 1954.600665 112.896614
-806.279183 1954.600665 113.744751
-756.279183 1954.600665 114.242798
-706.279183 1954.600665 114.354073
-656.279183 1954.600665 114.009514
-606.279183 1954.600665 113.072708
-556.279183 1954.600665 111.406746
-506.279183 1954.600665 108.850006
-456.279183 1954.600665 105.218025
-406.279183 1954.600665 100.258736
-356.279183 1954.600665 93.724121
-306.279183 1954.600665 85.306152
-256.279183 1954.600665 74.616203
-206.279183 1954.600665 61.189861
-156.279183 1954.600665 44.518429
-106.279183 1954.600665 24.120419
-56.279183 1954.600665 -0.097823
-6.279183 1954.600665 -27.256332
43.720817 1954.600665 -54.494007
93.720817 1954.600665 -76.093689
143.720817 1954.600665 -85.938210
193.720817 1954.600665 -89.074669
243.720817 1954.600665 -89.904282
293.720817 1954.600665 -90.332558
343.720817 1954.600665 -90.951111
393.720817 1954.600665 -91.855629
443.720817 1954.600665 -92.995064
493.720817 1954.600665 -94.270576
543.720817 1954.600665 -95.579521
593.720817 1954.600665 -96.892242
643.720817 1954.600665 -98.185921
693.720817 1954.600665 -99.439613
743.720817 1954.600665 -100.609474
793.720817 1954.600665 -101.643982
843.720817 1954.600665 -102.520859
893.720817 1954.600665 -103.241867
943.720817 1954.600665 -103.790222
993.720817 1954.600665 -104.140419
1043.720817 1954.600665 -104.270897
1093.720817 1954.600665 -104.191681
1143.720817 1954.600665 -103.916382
1193.720817 1954.600665 -103.470779
1243.720817 1954.600665 -102.904633
1293.720817 1954.600665 -102.274948
1343.720817 1954.600665 -101.603065
1393.720817 1954.600665 -100.932861
1443.720817 1954.600665 -100.287521
1493.720817 1954.600665 -99.661682
1543.720817 1954.600665 -99.030159
1593.720817 1954.600665 -98.378998
1643.720817 1954.600665 -97.661781
1693.720817 1954.600665 -96.874161
1743.720817 1954.600665 -96.009682
1793.720817 1954.600665 -95.058777
1843.720817 1954.600665 -93.990578
1893.720817 1954.600665 -92.832298
1943.720817 1954.600665 -91.598457
1993.720817 1954.600665 -90.259789
2043.720817 1954.600665 -88.784332
2093.720817 1954.600665 -87.131332
2143.720817 1954.600665 -85.250977
2193.720817 1954.600665 -83.163910
2243.720817 1954.600665 -80.873276
2293.720817 1954.600665 -78.407730
2343.720817 1954.600665 -75.760239
2393.720817 1954.600665 -72.996689
2443.720817 1954.600665 -70.157684
2493.720817 1954.600665 -67.292191
2543.720817 1954.600665 -64.464203
2593.720817 1954.600665 -61.718029
2643.720817 1954.600665 -59.101360
2693.720817 1954.600665 -56.657738
2743.720817 1954.600665 -54.448822
2793.720817 1954.600665 -52.593800
2843.720817 1954.600665 -51.122017
2893.720817 1954.600665 -50.077652
2943.720817 1954.600665 -49.474316
2993.720817 1954.600665 -49.363403
3043.720817 1954.600665 -49.777729
3093.720817 1954.600665 -50.758209
3143.720817 1954.600665 -52.336384
3193.720817 1954.600665 -54.599289
3243.720817 1954.600665 -57.588837
3293.720817 1954.600665 -61.351971
3343.720817 1954.600665 -65.917114
3393.720817 1954.600665 -71.337082
3443.720817 1954.600665 -77.610847
3493.720817 1954.600665 -84.798134
3543.720817 1954.600665 -92.911179
3593.720817 1954.600665 -101.967377
3643.720817 1954.600665 -111.935135
3693.720817 1954.600665 -122.807114
3743.720817 1954.600665 -134.533707
3793.720817 1954.600665 -147.064392
3843.720817 1954.600665 -160.268433
3893.720817 1954.600665 -173.954620
3943.720817 1954.600665 -187.794113
3993.720817 1954.600665 -201.402802
-1256.279183 2004.600665 78.599304
-1206.279183 2004.600665 81.949539
-1156.279183 2004.600665 85.284874
-1106.279183 2004.600665 88.588814
-1056.279183 2004.600665 91.857239
-1006.279183 2004.600665 95.081055
-956.279183 2004.600665 98.234688
-906.279183 2004.600665 101.237923
-856.279183 2004.600665 104.022141
-806.279183 2004.600665 106.576439
-756.279183 2004.600665 108.871010
-706.279183 2004.600665 110.891655
-656.279183 2004.600665 112.548866
-606.279183 2004.600665 113.736313
-556.279183 2004.600665 114.345192
-506.279183 2004.600665 114.228432
-456.279183 2004.600665 113.203659
-406.279183 2004.600665 111.092712
-356.279183 2004.600665 107.645836
-306.279183 2004.600665 102.607826
-256.279183 2004.600665 95.647011
-206.279183 2004.600665 86.357132
-156.279183 2004.600665 74.146721
-106.279183 2004.600665 58.277943
-56.279183 2004.600665 37.987270
-6.279183 2004.600665 12.905066
43.720817 2004.600665 -15.774787
93.720817 2004.600665 -42.829678
143.720817 2004.600665 -50.475555
193.720817 2004.600665 -54.439022
243.720817 2004.600665 -57.895233
293.720817 2004.600665 -61.331039
343.720817 2004.600665 -64.789085
393.720817 2004.600665 -68.254486
443.720817 2004.600665 -71.650848
493.720817 2004.600665 -74.920807
543.720817 2004.600665 -78.011681
593.720817 2004.600665 -80.942947
643.720817 2004.600665 -83.680725
693.720817 2004.600665 -86.223145
743.720817 2004.600665 -88.518509
793.720817 2004.600665 -90.567070
843.720817 2004.600665 -92.345505
893.720817 2004.600665 -93.866699
943.720817 2004.600665 -95.123512
993.720817 2004.600665 -96.092606
1043.720817 2004.600665 -96.782829
1093.720817 2004.600665 -97.194443
1143.720817 2004.600665 -97.352417
1193.720817 2004.600665 -97.294968
1243.720817 2004.600665 -97.061958
1293.720817 2004.600665 -96.705307
1343.720817 2004.600665 -96.279816
1393.720817 2004.600665 -95.848579
1443.720817 2004.600665 -95.418518
1493.720817 2004.600665 -94.968330
1543.720817 2004.600665 -94.498352
1593.720817 2004.600665 -94.025330
1643.720817 2004.600665 -93.525604
1693.720817 2004.600665 -92.976006
1743.720817 2004.600665 -92.411781
1793.720817 2004.600665 -91.786697
1843.720817 2004.600665 -91.075714
1893.720817 2004.600665 -90.272491
1943.720817 2004.600665 -89.391685
1993.720817 2004.600665 -88.412964
2043.720817 2004.600665 -87.301178
2093.720817 2004.600665 -85.990860
2143.720817 2004.600665 -84.452553
2193.720817 2004.600665 -82.674217
2243.720817 2004.600665 -80.681725
2293.720817 2004.600665 -78.479057
2343.720817 2004.600665 -76.111801
2393.720817 2004.600665 -73.588554
2443.720817 2004.600665 -70.990852
2493.720817 2004.600665 -68.360138
2543.720817 2004.600665 -65.740112
2593.720817 2004.600665 -63.172054
2643.720817 2004.600665 -60.704689
2693.720817 2004.600665 -58.359604
2743.720817 2004.600665 -56.203178
2793.720817 2004.600665 -54.330490
2843.720817 2004.600665 -52.811909
2893.720817 2004.600665 -51.663307
2943.720817 2004.600665 -50.947521
2993.720817 2004.600665 -50.697201
3043.720817 2004.600665 -50.967793
3093.720817 2004.600665 -51.755417
3143.720817 2004.600665 -53.128262
3193.720817 2004.600665 -55.133987
3243.720817 2004.600665 -57.821011
3293.720817 2004.600665 -61.215618
3343.720817 2004.600665 -65.383652
3393.720817 2004.600665 -70.340767
3443.720817 2004.600665 -76.157089
3493.720817 2004.600665 -82.864449
3543.720817 2004.600665 -90.476433
3593.720817 2004.600665 -99.006317
3643.720817 2004.600665 -108.429482
3693.720817 2004.600665 -118.683723
3743.720817 2004.600665 -129.731827
3793.720817 2004.600665 -141.478424
3843.720817 2004.600665 -153.777817
3893.720817 2004.600665 -166.455353
3943.720817 2004.600665 -179.297623
3993.720817 2004.600665 -192.184921
-1256.279183 2054.600665 57.458153
-1206.279183 2054.600665 62.155186
-1156.279183 2054.600665 66.819206
-1106.279183 2054.600665 71.470955
-1056.279183 2054.600665 76.129974
-1006.279183 2054.600665 80.786652
-956.279183 2054.600665 85.427040
-906.279183 2054.600665 89.967552
-856.279183 2054.600665 94.353203
-806.279183 2054.600665 98.584068
-756.279183 2054.600665 102.662148
-706.279183 2054.600665 106.550919
-656.279183 2054.600665 110.179733
-606.279183 2054.600665 113.475136
-556.279183 2054.600665 116.334770
-506.279183 2054.600665 118.633064
-456.279183 2054.600665 120.220390
-406.279183 2054.600665 120.950874
-356.279183 2054.600665 120.641304
-306.279183 2054.600665 119.072250
-256.279183 2054.600665 116.039368
-206.279183 2054.600665 111.226761
-156.279183 2054.600665 104.189804
-106.279183 2054.600665 94.289986
-56.279183 2054.600665 80.595306
-6.279183 2054.600665 62.045486
43.720817 2054.600665 38.847893
93.720817 2054.600665 15.548644
143.720817 2054.600665 -0.606083
193.720817 2054.600665 -12.041335
243.720817 2054.600665 -21.198219
293.720817 2054.600665 -29.143738
343.720817 2054.600665 -36.287125
393.720817 2054.600665 -42.837711
443.720817 2054.600665 -48.860172
493.720817 2054.600665 -54.386559
543.720817 2054.600665 -59.459915
593.720817 2054.600665 -64.144142
643.720817 2054.600665 -68.439529
693.720817 2054.600665 -72.340912
743.720817 2054.600665 -75.851418
793.720817 2054.600665 -78.964859
843.720817 2054.600665 -81.704597
893.720817 2054.600665 -84.068260
943.720817 2054.600665 -86.082375
993.720817 2054.600665 -87.736145
1043.720817 2054.600665 -89.037521
1093.720817 2054.600665 -89.997719
1143.720817 2054.600665 -90.650864
1193.720817 2054.600665 -91.024689
1243.720817 2054.600665 -91.166687
1293.720817 2054.600665 -91.118690
1343.720817 2054.600665 -90.980621
1393.720817 2054.600665 -90.813126
1443.720817 2054.600665 -90.594887
1493.720817 2054.600665 -90.344055
1543.720817 2054.600665 -90.054878
1593.720817 2054.600665 -89.767815
1643.720817 2054.600665 -89.491516
1693.720817 2054.600665 -89.205147
1743.720817 2054.600665 -88.909256
1793.720817 2054.600665 -88.582489
1843.720817 2054.600665 -88.183388
1893.720817 2054.600665 -87.690712
1943.720817 2054.600665 -87.134720
1993.720817 2054.600665 -86.479912
2043.720817 2054.600665 -85.686378
2093.720817 2054.600665 -84.684525
2143.720817 2054.600665 -83.454559
2193.720817 2054.600665 -81.982246
2243.720817 2054.600665 -80.266922
2293.720817 2054.600665 -78.345428
2343.720817 2054.600665 -76.230446
2393.720817 2054.600665 -73.960907
2443.720817 2054.600665 -71.576256
2493.720817 2054.600665 -69.144066
2543.720817 2054.600665 -66.681473
2593.720817 2054.600665 -64.250854
2643.720817 2054.600665 -61.901104
2693.720817 2054.600665 -59.655426
2743.720817 2054.600665 -57.539371
2793.720817 2054.600665 -55.647522
2843.720817 2054.600665 -54.032593
2893.720817 2054.600665 -52.746109
2943.720817 2054.600665 -51.858582
2993.720817 2054.600665 -51.444309
3043.720817 2054.600665 -51.506157
3093.720817 2054.600665 -52.087128
3143.720817 2054.600665 -53.208912
3193.720817 2054.600665 -54.916546
3243.720817 2054.600665 -57.249706
3293.720817 2054.600665 -60.253613
3343.720817 2054.600665 -63.958076
3393.720817 2054.600665 -68.439262
3443.720817 2054.600665 -73.738869
3493.720817 2054.600665 -79.898056
3543.720817 2054.600665 -86.934906
3593.720817 2054.600665 -94.830467
3643.720817 2054.600665 -103.568253
3693.720817 2054.600665 -113.068901
3743.720817 2054.600665 -123.246407
3793.720817 2054.600665 -134.019897
3843.720817 2054.600665 -145.274017
3893.720817 2054.600665 -156.839874
3943.720817 2054.600665 -168.629456
3993.720817 2054.600665 -180.515915
-1256.279183 2104.600665 35.920147
-1206.279183 2104.600665 41.887398
-1156.279183 2104.600665 47.859531
-1106.279183 2104.600665 53.851318
-1056.279183 2104.600665 59.864536
-1006.279183 2104.600665 65.911758
-956.279183 2104.600665 71.980164
-906.279183 2104.600665 78.012688
-856.279183 2104.600665 83.964783
-806.279183 2104.600665 89.841095
-756.279183 2104.600665 95.631805
-706.279183 2104.600665 101.329025
-656.279183 2104.600665 106.887093
-606.279183 2104.600665 112.231346
-556.279183 2104.600665 117.297211
-506.279183 2104.600665 121.964668
-456.279183 2104.600665 126.128929
-406.279183 2104.600665 129.683121
-356.279183 2104.600665 132.459366
-306.279183 2104.600665 134.331436
-256.279183 2104.600665 135.180328
-206.279183 2104.600665 134.831421
-156.279183 2104.600665 133.050354
-106.279183 2104.600665 129.578751
-56.279183 2104.600665 123.977280
-6.279183 2104.600665 115.157661
43.720817 2104.600665 100.636772
93.720817 2104.600665 77.948799
143.720817 2104.600665 54.350277
193.720817 2104.600665 34.401352
243.720817 2104.600665 18.328995
293.720817 2104.600665 5.117157
343.720817 2104.600665 -6.163075
393.720817 2104.600665 -16.083569
443.720817 2104.600665 -24.953098
493.720817 2104.600665 -32.930786
543.720817 2104.600665 -40.132145
593.720817 2104.600665 -46.670372
643.720817 2104.600665 -52.590096
693.720817 2104.600665 -57.913410
743.720817 2104.600665 -62.694527
793.720817 2104.600665 -66.936020
843.720817 2104.600665 -70.667213
893.720817 2104.600665 -73.908051
943.720817 2104.600665 -76.725319
993.720817 2104.600665 -79.105812
1043.720817 2104.600665 -81.083466
1093.720817 2104.600665 -82.646103
1143.720817 2104.600665 -83.837196
1193.720817 2104.600665 -84.684540
1243.720817 2104.600665 -85.232231
1293.720817 2104.600665 -85.566200
1343.720817 2104.600665 -85.753326
1393.720817 2104.600665 -85.843361
1443.720817 2104.600665 -85.850105
1493.720817 2104.600665 -85.791443
1543.720817 2104.600665 -85.706657
1593.720817 2104.600665 -85.633591
1643.720817 2104.600665 -85.582245
1693.720817 2104.600665 -85.558273
1743.720817 2104.600665 -85.530800
1793.720817 2104.600665 -85.477455
1843.720817 2104.600665 -85.350548
1893.720817 2104.600665 -85.155739
1943.720817 2104.600665 -84.885887
1993.720817 2104.600665 -84.523071
2043.720817 2104.600665 -83.983772
2093.720817 2104.600665 -83.257187
2143.720817 2104.600665 -82.295799
2193.720817 2104.600665 -81.090660
2243.720817 2104.600665 -79.634956
2293.720817 2104.600665 -77.976021
2343.720817 2104.600665 -76.117393
2393.720817 2104.600665 -74.070587
2443.720817 2104.600665 -71.898041
2493.720817 2104.600665 -69.623825
2543.720817 2104.600665 -67.310600
2593.720817 2104.600665 -64.988045
2643.720817 2104.600665 -62.713539
2693.720817 2104.600665 -60.508682
2743.720817 2104.600665 -58.423782
2793.720817 2104.600665 -56.489624
2843.720817 2104.600665 -54.767242
2893.720817 2104.600665 -53.323418
2943.720817 2104.600665 -52.254292
2993.720817 2104.600665 -51.606682
3043.720817 2104.600665 -51.441643
3093.720817 2104.600665 -51.751003
3143.720817 2104.600665 -52.580917
3193.720817 2104.600665 -53.940681
3243.720817 2104.600665 -55.886234
3293.720817 2104.600665 -58.466312
3343.720817 2104.600665 -61.704189
3393.720817 2104.600665 -65.667664
3443.720817 2104.600665 -70.414177
3493.720817 2104.600665 -75.966911
3543.720817 2104.600665 -82.321617
3593.720817 2104.600665 -89.486328
3643.720817 2104.600665 -97.403374
3693.720817 2104.600665 -106.014832
3743.720817 2104.600665 -115.205917
3793.720817 2104.600665 -124.914635
3843.720817 2104.600665 -135.045227
3893.720817 2104.600665 -145.502640
3943.720817 2104.600665 -156.155945
3993.720817 2104.600665 -166.910065
-1256.279183 2154.600665 14.185121
-1206.279183 2154.600665 21.381777
-1156.279183 2154.600665 28.596508
-1106.279183 2154.600665 35.865849
-1056.279183 2154.600665 43.184631
-1006.279183 2154.600665 50.556976
-956.279183 2154.600665 58.000355
-906.279183 2154.600665 65.465996
-856.279183 2154.600665 72.928978
-806.279183 2154.600665 80.380569
-756.279183 2154.600665 87.828590
-706.279183 2154.600665 95.260124
-656.279183 2154.600665 102.662888
-606.279183 2154.600665 109.995728
-556.279183 2154.600665 117.186363
-506.279183 2154.600665 124.149300
-456.279183 2154.600665 130.822815
-406.279183 2154.600665 137.100906
-356.279183 2154.600665 142.870041
-306.279183 2154.600665 148.043442
-256.279183 2154.600665 152.589447
-206.279183 2154.600665 156.421402
-156.279183 2154.600665 159.479935
-106.279183 2154.600665 161.724121
-56.279183 2154.600665 163.032410
-6.279183 2154.600665 162.901016
43.720817 2154.600665 158.128601
93.720817 2154.600665 132.889862
143.720817 2154.600665 105.016693
193.720817 2154.600665 79.710663
243.720817 2154.600665 58.184544
293.720817 2154.600665 40.126854
343.720817 2154.600665 24.778906
393.720817 2154.600665 11.432759
443.720817 2154.600665 -0.352910
493.720817 2154.600665 -10.833411
543.720817 2154.600665 -20.220947
593.720817 2154.600665 -28.664600
643.720817 2154.600665 -36.255459
693.720817 2154.600665 -43.061970
743.720817 2154.600665 -49.141476
793.720817 2154.600665 -54.536964
843.720817 2154.600665 -59.295834
893.720817 2154.600665 -63.472603
943.720817 2154.600665 -67.127525
993.720817 2154.600665 -70.295120
1043.720817 2154.600665 -72.967667
1093.720817 2154.600665 -75.177048
1143.720817 2154.600665 -76.941391
1193.720817 2154.600665 -78.299072
1243.720817 2154.600665 -79.302635
1293.720817 2154.600665 -80.038780
1343.720817 2154.600665 -80.571648
1393.720817 2154.600665 -80.933205
1443.720817 2154.600665 -81.173607
1493.720817 2154.600665 -81.325958
1543.720817 2154.600665 -81.459351
1593.720817 2154.600665 -81.623024
1643.720817 2154.600665 -81.820808
1693.720817 2154.600665 -82.051147
1743.720817 2154.600665 -82.277924
1793.720817 2154.600665 -82.483765
1843.720817 2154.600665 -82.627510
1893.720817 2154.600665 -82.685829
1943.720817 2154.600665 -82.667297
1993.720817 2154.600665 -82.542862
2043.720817 2154.600665 -82.252472
2093.720817 2154.600665 -81.764687
2143.720817 2154.600665 -81.030151
2193.720817 2154.600665 -80.050529
2243.720817 2154.600665 -78.824341
2293.720817 2154.600665 -77.400238
2343.720817 2154.600665 -75.775894
2393.720817 2154.600665 -73.948090
2443.720817 2154.600665 -71.945587
2493.720817 2154.600665 -69.830040
2543.720817 2154.600665 -67.636703
2593.720817 2154.600665 -65.397827
2643.720817 2154.600665 -63.161758
2693.720817 2154.600665 -60.956898
2743.720817 2154.600665 -58.834480
2793.720817 2154.600665 -56.844578
2843.720817 2154.600665 -55.009811
2893.720817 2154.600665 -53.409794
2943.720817 2154.600665 -52.130119
2993.720817 2154.600665 -51.253910
3043.720817 2154.600665 -50.793159
3093.720817 2154.600665 -50.792946
3143.720817 2154.600665 -51.256683
3193.720817 2154.600665 -52.241375
3243.720817 2154.600665 -53.772842
3293.720817 2154.600665 -55.896729
3343.720817 2154.600665 -58.644108
3393.720817 2154.600665 -62.070129
3443.720817 2154.600665 -66.224319
3493.720817 2154.600665 -71.119331
3543.720817 2154.600665 -76.730461
3593.720817 2154.600665 -83.049850
3643.720817 2154.600665 -90.056870
3693.720817 2154.600665 -97.668411
3743.720817 2154.600665 -105.810959
3793.720817 2154.600665 -114.419876
3843.720817 2154.600665 -123.424622
3893.720817 2154.600665 -132.722031
3943.720817 2154.600665 -142.204834
3993.720817 2154.600665 -151.764374
-1256.279183 2204.600665 -7.520319
-1206.279183 2204.600665 0.840800
-1156.279183 2204.600665 9.243522
-1106.279183 2204.600665 17.711216
-1056.279183 2204.600665 26.263582
-1006.279183 2204.600665 34.896908
-956.279183 2204.600665 43.621017
-906.279183 2204.600665 52.445923
-856.279183 2204.600665 61.326679
-806.279183 2204.600665 70.265396
-756.279183 2204.600665 79.289879
-706.279183 2204.600665 88.384056
-656.279183 2204.600665 97.557426
-606.279183 2204.600665 106.778236
-556.279183 2204.600665 115.986008
-506.279183 2204.600665 125.145416
-456.279183 2204.600665 134.199051
-406.279183 2204.600665 143.061050
-356.279183 2204.600665 151.637589
-306.279183 2204.600665 159.897873
-256.279183 2204.600665 167.811630
-206.279183 2204.600665 175.324982
-156.279183 2204.600665 182.404999
-106.279183 2204.600665 188.852097
-56.279183 2204.600665 194.003647
-6.279183 2204.600665 195.896149
43.720817 2204.600665 190.111526
93.720817 2204.600665 171.546829
143.720817 2204.600665 146.294571
193.720817 2204.600665 120.036629
243.720817 2204.600665 95.704491
293.720817 2204.600665 74.200996
343.720817 2204.600665 55.437588
393.720817 2204.600665 38.989277
443.720817 2204.600665 24.450548
493.720817 2204.600665 11.532459
543.720817 2204.600665 0.014254
593.720817 2204.600665 -10.307728
643.720817 2204.600665 -19.566383
693.720817 2204.600665 -27.865479
743.720817 2204.600665 -35.269394
793.720817 2204.600665 -41.863258
843.720817 2204.600665 -47.691780
893.720817 2204.600665 -52.833153
943.720817 2204.600665 -57.379822
993.720817 2204.600665 -61.344769
1043.720817 2204.600665 -64.754669
1093.720817 2204.600665 -67.625725
1143.720817 2204.600665 -69.992867
1193.720817 2204.600665 -71.889671
1243.720817 2204.600665 -73.374168
1293.720817 2204.600665 -74.532265
1343.720817 2204.600665 -75.418953
1393.720817 2204.600665 -76.065369
1443.720817 2204.600665 -76.543167
1493.720817 2204.600665 -76.938721
1543.720817 2204.600665 -77.321205
1593.720817 2204.600665 -77.736633
1643.720817 2204.600665 -78.210243
1693.720817 2204.600665 -78.701576
1743.720817 2204.600665 -79.182487
1793.720817 2204.600665 -79.622330
1843.720817 2204.600665 -80.003220
1893.720817 2204.600665 -80.290916
1943.720817 2204.600665 -80.485214
1993.720817 2204.600665 -80.572021
2043.720817 2204.600665 -80.496086
2093.720817 2204.600665 -80.211929
2143.720817 2204.600665 -79.685448
2193.720817 2204.600665 -78.911659
2243.720817 2204.600665 -77.899788
2293.720817 2204.600665 -76.679504
2343.720817 2204.600665 -75.252159
2393.720817 2204.600665 -73.610367
2443.720817 2204.600665 -71.776085
2493.720817 2204.600665 -69.779251
2543.720817 2204.600665 -67.677315
2593.720817 2204.600665 -65.487289
2643.720817 2204.600665 -63.256546
2693.720817 2204.600665 -61.024715
2743.720817 2204.600665 -58.826023
2793.720817 2204.600665 -56.742508
2843.720817 2204.600665 -54.788132
2893.720817 2204.600665 -53.019661
2943.720817 2204.600665 -51.526306
2993.720817 2204.600665 -50.377193
3043.720817 2204.600665 -49.615566
3093.720817 2204.600665 -49.248882
3143.720817 2204.600665 -49.333176
3193.720817 2204.600665 -49.882130
3243.720817 2204.600665 -50.963806
3293.720817 2204.600665 -52.607281
3343.720817 2204.600665 -54.829586
3393.720817 2204.600665 -57.683884
3443.720817 2204.600665 -61.199631
3493.720817 2204.600665 -65.382042
3543.720817 2204.600665 -70.199509
3593.720817 2204.600665 -75.638527
3643.720817 2204.600665 -81.659088
3693.720817 2204.600665 -88.239098
3743.720817 2204.600665 -95.311478
3793.720817 2204.600665 -102.823303
3843.720817 2204.600665 -110.684692
3893.720817 2204.600665 -118.813339
3943.720817 2204.600665 -127.093895
3993.720817 2204.600665 -135.449707
-1256.279183 2254.600665 -28.932640
-1206.279183 2254.600665 -19.472343
-1156.279183 2254.600665 -9.981162
-1106.279183 2254.600665 -0.394857
-1056.279183 2254.600665 9.290299
-1006.279183 2254.600665 19.082653
-956.279183 2254.600665 29.001055
-906.279183 2254.600665 39.061665
-856.279183 2254.600665 49.244694
-806.279183 2254.600665 59.580002
-756.279183 2254.600665 70.070854
-706.279183 2254.600665 80.727684
-656.279183 2254.600665 91.561768
-606.279183 2254.600665 102.559082
-556.279183 2254.600665 113.682762
-506.279183 2254.600665 124.897331
-456.279183 2254.600665 136.163818
-406.279183 2254.600665 147.411407
-356.279183 2254.600665 158.562195
-306.279183 2254.600665 169.567749
-256.279183 2254.600665 180.384201
-206.279183 2254.600665 190.889648
-156.279183 2254.600665 200.815842
-106.279183 2254.600665 209.565002
-56.279183 2254.600665 215.836609
-6.279183 2254.600665 217.402603
43.720817 2254.600665 211.665054
93.720817 2254.600665 197.757065
143.720817 2254.600665 177.117340
193.720817 2254.600665 153.085587
243.720817 2254.600665 128.671509
293.720817 2254.600665 105.611481
343.720817 2254.600665 84.595154
393.720817 2254.600665 65.730148
443.720817 2254.600665 48.859547
493.720817 2254.600665 33.767387
543.720817 2254.600665 20.255264
593.720817 2254.600665 8.153182
643.720817 2254.600665 -2.734476
693.720817 2254.600665 -12.490766
743.720817 2254.600665 -21.228159
793.720817 2254.600665 -29.013607
843.720817 2254.600665 -35.942860
893.720817 2254.600665 -42.077736
943.720817 2254.600665 -47.526917
993.720817 2254.600665 -52.306164
1043.720817 2254.600665 -56.476776
1093.720817 2254.600665 -60.030556
1143.720817 2254.600665 -62.997944
1193.720817 2254.600665 -65.443230
1243.720817 2254.600665 -67.436081
1293.720817 2254.600665 -69.023132
1343.720817 2254.600665 -70.262703
1393.720817 2254.600665 -71.221680
1443.720817 2254.600665 -71.979431
1493.720817 2254.600665 -72.659134
1543.720817 2254.600665 -73.301498
1593.720817 2254.600665 -73.993385
1643.720817 2254.600665 -74.730621
1693.720817 2254.600665 -75.488876
1743.720817 2254.600665 -76.225616
1793.720817 2254.600665 -76.897621
1843.720817 2254.600665 -77.481773
1893.720817 2254.600665 -77.966530
1943.720817 2254.600665 -78.347229
1993.720817 2254.600665 -78.604904
2043.720817 2254.600665 -78.709747
2093.720817 2254.600665 -78.608070
2143.720817 2254.600665 -78.280411
2193.720817 2254.600665 -77.708214
2243.720817 2254.600665 -76.886307
2293.720817 2254.600665 -75.845345
2343.720817 2254.600665 -74.579666
2393.720817 2254.600665 -73.089935
2443.720817 2254.600665 -71.399025
2493.720817 2254.600665 -69.503174
2543.720817 2254.600665 -67.449425
2593.720817 2254.600665 -65.281105
2643.720817 2254.600665 -63.031311
2693.720817 2254.600665 -60.744877
2743.720817 2254.600665 -58.473267
2793.720817 2254.600665 -56.276535
2843.720817 2254.600665 -54.189732
2893.720817 2254.600665 -52.232697
2943.720817 2254.600665 -50.499901
2993.720817 2254.600665 -49.051273
3043.720817 2254.600665 -47.936306
3093.720817 2254.600665 -47.198799
3143.720817 2254.600665 -46.860794
3193.720817 2254.600665 -46.965225
3243.720817 2254.600665 -47.538666
3293.720817 2254.600665 -48.662460
3343.720817 2254.600665 -50.326550
3393.720817 2254.600665 -52.565258
3443.720817 2254.600665 -55.387226
3493.720817 2254.600665 -58.819721
3543.720817 2254.600665 -62.817337
3593.720817 2254.600665 -67.362228
3643.720817 2254.600665 -72.407143
3693.720817 2254.600665 -77.967781
3743.720817 2254.600665 -83.995049
3793.720817 2254.600665 -90.423340
3843.720817 2254.600665 -97.157532
3893.720817 2254.600665 -104.108749
3943.720817 2254.600665 -111.191986
3993.720817 2254.600665 -118.315201
-1256.279183 2304.600665 -49.738899
-1206.279183 2304.600665 -39.286343
-1156.279183 2304.600665 -28.802536
-1106.279183 2304.600665 -18.237463
-1056.279183 2304.600665 -7.542852
-1006.279183 2304.600665 3.288420
-956.279183 2304.600665 14.283803
-906.279183 2304.600665 25.445671
-856.279183 2304.600665 36.812885
-806.279183 2304.600665 48.399567
-756.279183 2304.600665 60.220299
-706.279183 2304.600665 72.305710
-656.279183 2304.600665 84.671928
-606.279183 2304.600665 97.312378
-556.279183 2304.600665 110.215294
-506.279183 2304.600665 123.332626
-456.279183 2304.600665 136.630447
-406.279183 2304.600665 150.026566
-356.279183 2304.600665 163.430237
-306.279183 2304.600665 176.768219
-256.279183 2304.600665 189.896881
-206.279183 2304.600665 202.529999
-156.279183 2304.600665 214.135147
-106.279183 2304.600665 223.744751
-56.279183 2304.600665 230.016602
-6.279183 2304.600665 231.357407
43.720817 2304.600665 226.634995
93.720817 2304.600665 215.773849
143.720817 2304.600665 199.226761
193.720817 2304.600665 178.548996
243.720817 2304.600665 155.869324
293.720817 2304.600665 133.002426
343.720817 2304.600665 111.116829
393.720817 2304.600665 90.786888
443.720817 2304.600665 72.214920
493.720817 2304.600665 55.361008
543.720817 2304.600665 40.132492
593.720817 2304.600665 26.391108
643.720817 2304.600665 13.991509
693.720817 2304.600665 2.839037
743.720817 2304.600665 -7.168430
793.720817 2304.600665 -16.134699
843.720817 2304.600665 -24.151316
893.720817 2304.600665 -31.283726
943.720817 2304.600665 -37.633072
993.720817 2304.600665 -43.242954
1043.720817 2304.600665 -48.150383
1093.720817 2304.600665 -52.384834
1143.720817 2304.600665 -55.962269
1193.720817 2304.600665 -58.966778
1243.720817 2304.600665 -61.458168
1293.720817 2304.600665 -63.480957
1343.720817 2304.600665 -65.108086
1393.720817 2304.600665 -66.418236
1443.720817 2304.600665 -67.518875
1493.720817 2304.600665 -68.495529
1543.720817 2304.600665 -69.440193
1593.720817 2304.600665 -70.410011
1643.720817 2304.600665 -71.400131
1693.720817 2304.600665 -72.393272
1743.720817 2304.600665 -73.370514
1793.720817 2304.600665 -74.263184
1843.720817 2304.600665 -75.040405
1893.720817 2304.600665 -75.709503
1943.720817 2304.600665 -76.253578
1993.720817 2304.600665 -76.662193
2043.720817 2304.600665 -76.915794
2093.720817 2304.600665 -76.986565
2143.720817 2304.600665 -76.832741
2193.720817 2304.600665 -76.424309
2243.720817 2304.600665 -75.765350
2293.720817 2304.600665 -74.874649
2343.720817 2304.600665 -73.752495
2393.720817 2304.600665 -72.407127
2443.720817 2304.600665 -70.827850
2493.720817 2304.600665 -69.007568
2543.720817 2304.600665 -66.994431
2593.720817 2304.600665 -64.824295
2643.720817 2304.600665 -62.534603
2693.720817 2304.600665 -60.191395
2743.720817 2304.600665 -57.834675
2793.720817 2304.600665 -55.523033
2843.720817 2304.600665 -53.278782
2893.720817 2304.600665 -51.130524
2943.720817 2304.600665 -49.129890
2993.720817 2304.600665 -47.352680
3043.720817 2304.600665 -45.858780
3093.720817 2304.600665 -44.701523
3143.720817 2304.600665 -43.920979
3193.720817 2304.600665 -43.528519
3243.720817 2304.600665 -43.588058
3293.720817 2304.600665 -44.131165
3343.720817 2304.600665 -45.190346
3393.720817 2304.600665 -46.763088
3443.720817 2304.600665 -48.874275
3493.720817 2304.600665 -51.525593
3543.720817 2304.600665 -54.714184
3593.720817 2304.600665 -58.379856
3643.720817 2304.600665 -62.509323
3693.720817 2304.600665 -67.091675
3743.720817 2304.600665 -72.114532
3793.720817 2304.600665 -77.489059
3843.720817 2304.600665 -83.123360
3893.720817 2304.600665 -88.929611
3943.720817 2304.600665 -94.819290
3993.720817 2304.600665 -100.733864
-1256.279183 2354.600665 -69.636314
-1206.279183 2354.600665 -58.342640
-1156.279183 2354.600665 -47.011917
-1106.279183 2354.600665 -35.590576
-1056.279183 2354.600665 -24.051249
-1006.279183 2354.600665 -12.321802
-956.279183 2354.600665 -0.400109
-906.279183 2354.600665 11.724977
-856.279183 2354.600665 24.102865
-806.279183 2354.600665 36.783237
-756.279183 2354.600665 49.793205
-706.279183 2354.600665 63.162727
-656.279183 2354.600665 76.904572
-606.279183 2354.600665 91.034500
-556.279183 2354.600665 105.536804
-506.279183 2354.600665 120.380058
-456.279183 2354.600665 135.484741
-406.279183 2354.600665 150.775391
-356.279183 2354.600665 166.098007
-306.279183 2354.600665 181.273346
-256.279183 2354.600665 196.073090
-206.279183 2354.600665 210.014481
-156.279183 2354.600665 222.387146
-106.279183 2354.600665 232.212708
-56.279183 2354.600665 238.383499
-6.279183 2354.600665 239.985977
43.720817 2354.600665 236.530212
93.720817 2354.600665 228.003571
143.720817 2354.600665 214.674545
193.720817 2354.600665 197.291977
243.720817 2354.600665 177.141495
293.720817 2354.600665 155.678864
343.720817 2354.600665 134.136932
393.720817 2354.600665 113.357033
443.720817 2354.600665 93.832588
493.720817 2354.600665 75.760010
543.720817 2354.600665 59.192501
593.720817 2354.600665 44.079208
643.720817 2354.600665 30.353834
693.720817 2354.600665 17.913874
743.720817 2354.600665 6.712136
793.720817 2354.600665 -3.377619
843.720817 2354.600665 -12.438757
893.720817 2354.600665 -20.549173
943.720817 2354.600665 -27.782230
993.720817 2354.600665 -34.198563
1043.720817 2354.600665 -39.813393
1093.720817 2354.600665 -44.705284
1143.720817 2354.600665 -48.893703
1193.720817 2354.600665 -52.452526
1243.720817 2354.600665 -55.439018
1293.720817 2354.600665 -57.918468
1343.720817 2354.600665 -59.963268
1393.720817 2354.600665 -61.676609
1443.720817 2354.600665 -63.145260
1493.720817 2354.600665 -64.468140
1543.720817 2354.600665 -65.729210
1593.720817 2354.600665 -66.984138
1643.720817 2354.600665 -68.215851
1693.720817 2354.600665 -69.412643
1743.720817 2354.600665 -70.589951
1793.720817 2354.600665 -71.683647
1843.720817 2354.600665 -72.653618
1893.720817 2354.600665 -73.488846
1943.720817 2354.600665 -74.198364
1993.720817 2354.600665 -74.747353
2043.720817 2354.600665 -75.149765
2093.720817 2354.600665 -75.359680
2143.720817 2354.600665 -75.340385
2193.720817 2354.600665 -75.064011
2243.720817 2354.600665 -74.530922
2293.720817 2354.600665 -73.772293
2343.720817 2354.600665 -72.778259
2393.720817 2354.600665 -71.542953
2443.720817 2354.600665 -70.054512
2493.720817 2354.600665 -68.298744
2543.720817 2354.600665 -66.321144
2593.720817 2354.600665 -64.139816
2643.720817 2354.600665 -61.815372
2693.720817 2354.600665 -59.403801
2743.720817 2354.600665 -56.956551
2793.720817 2354.600665 -54.506676
2843.720817 2354.600665 -52.099339
2893.720817 2354.600665 -49.736961
2943.720817 2354.600665 -47.480164
2993.720817 2354.600665 -45.375847
3043.720817 2354.600665 -43.495369
3093.720817 2354.600665 -41.887196
3143.720817 2354.600665 -40.596348
3193.720817 2354.600665 -39.685177
3243.720817 2354.600665 -39.168629
3293.720817 2354.600665 -39.103825
3343.720817 2354.600665 -39.501930
3393.720817 2354.600665 -40.392174
3443.720817 2354.600665 -41.781902
3493.720817 2354.600665 -43.668762
3543.720817 2354.600665 -46.044102
3593.720817 2354.600665 -48.875725
3643.720817 2354.600665 -52.140511
3693.720817 2354.600665 -55.825012
3743.720817 2354.600665 -59.886265
3793.720817 2354.600665 -64.248413
3843.720817 2354.600665 -68.838997
3893.720817 2354.600665 -73.549507
3943.720817 2354.600665 -78.332932
3993.720817 2354.600665 -83.150085
-1256.279183 2404.600665 -88.291580
-1206.279183 2404.600665 -76.348679
-1156.279183 2404.600665 -64.367111
-1106.279183 2404.600665 -52.296215
-1056.279183 2404.600665 -40.084332
-1006.279183 2404.600665 -27.659685
-956.279183 2404.600665 -14.975572
-906.279183 2404.600665 -2.048770
-856.279183 2404.600665 11.180073
-806.279183 2404.600665 24.795332
-756.279183 2404.600665 38.850677
-706.279183 2404.600665 53.350380
-656.279183 2404.600665 68.314522
-606.279183 2404.600665 83.753922
-556.279183 2404.600665 99.659927
-506.279183 2404.600665 115.994789
-456.279183 2404.600665 132.662476
-406.279183 2404.600665 149.542679
-356.279183 2404.600665 166.394287
-306.279183 2404.600665 182.966690
-256.279183 2404.600665 198.862411
-206.279183 2404.600665 213.497528
-156.279183 2404.600665 226.162064
-106.279183 2404.600665 236.025986
-56.279183 2404.600665 242.317307
-6.279183 2404.600665 244.485611
43.720817 2404.600665 242.302063
93.720817 2404.600665 235.734390
143.720817 2404.600665 224.992493
193.720817 2404.600665 210.499863
243.720817 2404.600665 193.006134
293.720817 2404.600665 173.556931
343.720817 2404.600665 153.219162
393.720817 2404.600665 132.870941
443.720817 2404.600665 113.136879
493.720817 2404.600665 94.442261
543.720817 2404.600665 76.989540
593.720817 2404.600665 60.858089
643.720817 2404.600665 46.040970
693.720817 2404.600665 32.504570
743.720817 2404.600665 20.211084
793.720817 2404.600665 9.095070
843.720817 2404.600665 -0.947983
893.720817 2404.600665 -9.969521
943.720817 2404.600665 -18.044601
993.720817 2404.600665 -25.214180
1043.720817 2404.600665 -31.524174
1093.720817 2404.600665 -37.026024
1143.720817 2404.600665 -41.811829
1193.720817 2404.600665 -45.921616
1243.720817 2404.600665 -49.409740
1293.720817 2404.600665 -52.367271
1343.720817 2404.600665 -54.876614
1393.720817 2404.600665 -57.003033
1443.720817 2404.600665 -58.866947
1493.720817 2404.600665 -60.555546
1543.720817 2404.600665 -62.143036
1593.720817 2404.600665 -63.675835
1643.720817 2404.600665 -65.143806
1693.720817 2404.600665 -66.546532
1743.720817 2404.600665 -67.888817
1793.720817 2404.600665 -69.161255
1843.720817 2404.600665 -70.310120
1893.720817 2404.600665 -71.317009
1943.720817 2404.600665 -72.164574
1993.720817 2404.600665 -72.848984
2043.720817 2404.600665 -73.369293
2093.720817 2404.600665 -73.705780
2143.720817 2404.600665 -73.798424
2193.720817 2404.600665 -73.634842
2243.720817 2404.600665 -73.226120
2293.720817 2404.600665 -72.571182
2343.720817 2404.600665 -71.674210
2393.720817 2404.600665 -70.520187
2443.720817 2404.600665 -69.102249
2493.720817 2404.600665 -67.402122
2543.720817 2404.600665 -65.425613
2593.720817 2404.600665 -63.222858
2643.720817 2404.600665 -60.868187
2693.720817 2404.600665 -58.399635
2743.720817 2404.600665 -55.861824
2793.720817 2404.600665 -53.286896
2843.720817 2404.600665 -50.704197
2893.720817 2404.600665 -48.137978
2943.720817 2404.600665 -45.618168
2993.720817 2404.600665 -43.181057
3043.720817 2404.600665 -40.892231
3093.720817 2404.600665 -38.814579
3143.720817 2404.600665 -37.004436
3193.720817 2404.600665 -35.508312
3243.720817 2404.600665 -34.394547
3293.720817 2404.600665 -33.680378
3343.720817 2404.600665 -33.419693
3393.720817 2404.600665 -33.607086
3443.720817 2404.600665 -34.262215
3493.720817 2404.600665 -35.397110
3543.720817 2404.600665 -36.984795
3593.720817 2404.600665 -39.009323
3643.720817 2404.600665 -41.458160
3693.720817 2404.600665 -44.313789
3743.720817 2404.600665 -47.483017
3793.720817 2404.600665 -50.919754
3843.720817 2404.600665 -54.537846
3893.720817 2404.600665 -58.273338
3943.720817 2404.600665 -62.080219
3993.720817 2404.600665 -65.918976
-1256.279183 2454.600665 -105.370628
-1206.279183 2454.600665 -93.014435
-1156.279183 2454.600665 -80.611473
-1106.279183 2454.600665 -68.135399
-1056.279183 2454.600665 -55.492027
-1006.279183 2454.600665 -42.576550
-956.279183 2454.600665 -29.359104
-906.279183 2454.600665 -15.809106
-856.279183 2454.600665 -1.863426
-806.279183 2454.600665 12.543393
-756.279183 2454.600665 27.464037
-706.279183 2454.600665 42.928032
-656.279183 2454.600665 58.951118
-606.279183 2454.600665 75.510551
-556.279183 2454.600665 92.614143
-506.279183 2454.600665 110.197807
-456.279183 2454.600665 128.149124
-406.279183 2454.600665 146.281540
-356.279183 2454.600665 164.309204
-306.279183 2454.600665 181.864807
-256.279183 2454.600665 198.422440
-206.279183 2454.600665 213.403885
-156.279183 2454.600665 226.185501
-106.279183 2454.600665 236.160034
-56.279183 2454.600665 242.759567
-6.279183 2454.600665 245.645355
43.720817 2454.600665 244.663956
93.720817 2454.600665 239.825058
143.720817 2454.600665 231.253494
193.720817 2454.600665 219.232910
243.720817 2454.600665 204.235092
293.720817 2454.600665 186.989456
343.720817 2454.600665 168.319626
393.720817 2454.600665 149.011703
443.720817 2454.600665 129.728348
493.720817 2454.600665 110.984108
543.720817 2454.600665 93.117767
593.720817 2454.600665 76.351158
643.720817 2454.600665 60.757988
693.720817 2454.600665 46.346272
743.720817 2454.600665 33.140759
793.720817 2454.600665 21.109362
843.720817 2454.600665 10.193809
893.720817 2454.600665 0.346923
943.720817 2454.600665 -8.481918
993.720817 2454.600665 -16.360106
1043.720817 2454.600665 -23.319332
1093.720817 2454.600665 -29.430723
1143.720817 2454.600665 -34.774593
1193.720817 2454.600665 -39.419174
1243.720817 2454.600665 -43.431244
1293.720817 2454.600665 -46.885025
1343.720817 2454.600665 -49.846645
1393.720817 2454.600665 -52.420654
1443.720817 2454.600665 -54.684357
1493.720817 2454.600665 -56.739273
1543.720817 2454.600665 -58.649540
1593.720817 2454.600665 -60.456341
1643.720817 2454.600665 -62.159657
1693.720817 2454.600665 -63.765228
1743.720817 2454.600665 -65.286346
1793.720817 2454.600665 -66.717407
1843.720817 2454.600665 -68.023682
1893.720817 2454.600665 -69.161079
1943.720817 2454.600665 -70.133553
1993.720817 2454.600665 -70.938393
2043.720817 2454.600665 -71.569672
2093.720817 2454.600665 -72.005592
2143.720817 2454.600665 -72.192062
2193.720817 2454.600665 -72.120010
2243.720817 2454.600665 -71.820198
2293.720817 2454.600665 -71.262917
2343.720817 2454.600665 -70.449852
2393.720817 2454.600665 -69.370461
2443.720817 2454.600665 -67.990379
2493.720817 2454.600665 -66.309731
2543.720817 2454.600665 -64.326660
2593.720817 2454.600665 -62.099895
2643.720817 2454.600665 -59.692646
2693.720817 2454.600665 -57.175526
2743.720817 2454.600665 -54.573128
2793.720817 2454.600665 -51.888317
2843.720817 2454.600665 -49.142502
2893.720817 2454.600665 -46.382137
2943.720817 2454.600665 -43.609402
2993.720817 2454.600665 -40.834122
3043.720817 2454.600665 -38.132744
3093.720817 2454.600665 -35.564362
3143.720817 2454.600665 -33.210938
3193.720817 2454.600665 -31.128658
3243.720817 2454.600665 -29.379089
3293.720817 2454.600665 -28.016085
3343.720817 2454.600665 -27.062254
3393.720817 2454.600665 -26.543949
3443.720817 2454.600665 -26.469112
3493.720817 2454.600665 -26.852001
3543.720817 2454.600665 -27.680885
3593.720817 2454.600665 -28.954027
3643.720817 2454.600665 -30.640593
3693.720817 2454.600665 -32.709709
3743.720817 2454.600665 -35.080341
3793.720817 2454.600665 -37.694405
3843.720817 2454.600665 -40.477749
3893.720817 2454.600665 -43.384331
3943.720817 2454.600665 -46.366779
3993.720817 2454.600665 -49.389542
-1256.279183 2504.600665 -120.585075
-1206.279183 2504.600665 -108.077019
-1156.279183 2504.600665 -95.529182
-1106.279183 2504.600665 -82.897507
-1056.279183 2504.600665 -70.074661
-1006.279183 2504.600665 -56.925278
-956.279183 2504.600665 -43.399845
-906.279183 2504.600665 -29.437344
-856.279183 2504.600665 -14.956785
-806.279183 2504.600665 0.080395
-756.279183 2504.600665 15.698978
-706.279183 2504.600665 31.951054
-656.279183 2504.600665 48.833111
-606.279183 2504.600665 66.332848
-556.279183 2504.600665 84.421776
-506.279183 2504.600665 103.037437
-456.279183 2504.600665 121.998283
-406.279183 2504.600665 141.091003
-356.279183 2504.600665 159.967926
-306.279183 2504.600665 178.155106
-256.279183 2504.600665 195.108719
-206.279183 2504.600665 210.288437
-156.279183 2504.600665 223.194656
-106.279183 2504.600665 233.341965
-56.279183 2504.600665 240.356552
-6.279183 2504.600665 244.007141
43.720817 2504.600665 244.174438
93.720817 2504.600665 240.869232
143.720817 2504.600665 234.189865
193.720817 2504.600665 224.317566
243.720817 2504.600665 211.580444
293.720817 2504.600665 196.480408
343.720817 2504.600665 179.657867
393.720817 2504.600665 161.751816
443.720817 2504.600665 143.386703
493.720817 2504.600665 125.083107
543.720817 2504.600665 107.272438
593.720817 2504.600665 90.262718
643.720817 2504.600665 74.204239
693.720817 2504.600665 59.197136
743.720817 2504.600665 45.283073
793.720817 2504.600665 32.498638
843.720817 2504.600665 20.839867
893.720817 2504.600665 10.301144
943.720817 2504.600665 0.795180
993.720817 2504.600665 -7.713922
1043.720817 2504.600665 -15.278120
1093.720817 2504.600665 -21.958857
1143.720817 2504.600665 -27.851103
1193.720817 2504.600665 -33.025196
1243.720817 2504.600665 -37.551197
1293.720817 2504.600665 -41.486309
1343.720817 2504.600665 -44.922867
1393.720817 2504.600665 -47.932701
1443.720817 2504.600665 -50.594120
1493.720817 2504.600665 -52.998104
1543.720817 2504.600665 -55.224724
1593.720817 2504.600665 -57.306244
1643.720817 2504.600665 -59.245403
1693.720817 2504.600665 -61.065327
1743.720817 2504.600665 -62.759838
1793.720817 2504.600665 -64.329102
1843.720817 2504.600665 -65.747536
1893.720817 2504.600665 -67.003685
1943.720817 2504.600665 -68.099213
1993.720817 2504.600665 -69.010857
2043.720817 2504.600665 -69.730598
2093.720817 2504.600665 -70.241982
2143.720817 2504.600665 -70.508804
2193.720817 2504.600665 -70.535133
2243.720817 2504.600665 -70.310341
2293.720817 2504.600665 -69.838997
2343.720817 2504.600665 -69.097206
2393.720817 2504.600665 -68.071724
2443.720817 2504.600665 -66.714302
2493.720817 2504.600665 -65.038696
2543.720817 2504.600665 -63.059166
2593.720817 2504.600665 -60.809052
2643.720817 2504.600665 -58.354412
2693.720817 2504.600665 -55.773449
2743.720817 2504.600665 -53.106049
2793.720817 2504.600665 -50.342438
2843.720817 2504.600665 -47.477966
2893.720817 2504.600665 -44.516792
2943.720817 2504.600665 -41.485664
2993.720817 2504.600665 -38.397968
3043.720817 2504.600665 -35.284168
3093.720817 2504.600665 -32.243340
3143.720817 2504.600665 -29.340622
3193.720817 2504.600665 -26.674536
3243.720817 2504.600665 -24.296011
3293.720817 2504.600665 -22.250687
3343.720817 2504.600665 -20.586065
3393.720817 2504.600665 -19.346010
3443.720817 2504.600665 -18.549742
3493.720817 2504.600665 -18.198673
3543.720817 2504.600665 -18.309927
3593.720817 2504.600665 -18.870327
3643.720817 2504.600665 -19.852709
3693.720817 2504.600665 -21.191435
3743.720817 2504.600665 -22.853859
3793.720817 2504.600665 -24.767921
3843.720817 2504.600665 -26.884314
3893.720817 2504.600665 -29.143885
3943.720817 2504.600665 -31.487396
3993.720817 2504.600665 -33.854820
-1256.279183 2554.600665 -133.665878
-1206.279183 2554.600665 -121.290688
-1156.279183 2554.600665 -108.890198
-1106.279183 2554.600665 -96.381149
-1056.279183 2554.600665 -83.619225
-1006.279183 2554.600665 -70.499733
-956.279183 2554.600665 -56.918610
-906.279183 2554.600665 -42.784393
-856.279183 2554.600665 -27.992767
-806.279183 2554.600665 -12.531193
-756.279183 2554.600665 3.601843
-706.279183 2554.600665 20.438177
-656.279183 2554.600665 37.998837
-606.279183 2554.600665 56.259266
-556.279183 2554.600665 75.166946
-506.279183 2554.600665 94.596870
-456.279183 2554.600665 114.368309
-406.279183 2554.600665 134.166245
-356.279183 2554.600665 153.607040
-306.279183 2554.600665 172.175415
-256.279183 2554.600665 189.368195
-206.279183 2554.600665 204.694199
-156.279183 2554.600665 217.735229
-106.279183 2554.600665 228.133942
-56.279183 2554.600665 235.615921
-6.279183 2554.600665 240.014145
43.720817 2554.600665 241.272278
93.720817 2554.600665 239.363083
143.720817 2554.600665 234.341766
193.720817 2554.600665 226.356613
243.720817 2554.600665 215.652542
293.720817 2554.600665 202.575928
343.720817 2554.600665 187.583374
393.720817 2554.600665 171.236176
443.720817 2554.600665 154.077271
493.720817 2554.600665 136.604202
543.720817 2554.600665 119.242355
593.720817 2554.600665 102.349762
643.720817 2554.600665 86.147667
693.720817 2554.600665 70.804131
743.720817 2554.600665 56.439346
793.720817 2554.600665 43.113983
843.720817 2554.600665 30.875956
893.720817 2554.600665 19.739668
943.720817 2554.600665 9.673884
993.720817 2554.600665 0.622803
1043.720817 2554.600665 -7.471757
1093.720817 2554.600665 -14.688715
1143.720817 2554.600665 -21.116745
1193.720817 2554.600665 -26.804859
1243.720817 2554.600665 -31.818022
1293.720817 2554.600665 -36.227177
1343.720817 2554.600665 -40.103806
1393.720817 2554.600665 -43.537113
1443.720817 2554.600665 -46.590942
1493.720817 2554.600665 -49.342724
1543.720817 2554.600665 -51.869015
1593.720817 2554.600665 -54.195766
1643.720817 2554.600665 -56.381775
1693.720817 2554.600665 -58.403591
1743.720817 2554.600665 -60.261620
1793.720817 2554.600665 -61.945503
1843.720817 2554.600665 -63.464622
1893.720817 2554.600665 -64.828133
1943.720817 2554.600665 -66.045586
1993.720817 2554.600665 -67.063599
2043.720817 2554.600665 -67.855125
2093.720817 2554.600665 -68.421036
2143.720817 2554.600665 -68.770416
2193.720817 2554.600665 -68.860100
2243.720817 2554.600665 -68.705589
2293.720817 2554.600665 -68.304855
2343.720817 2554.600665 -67.614220
2393.720817 2554.600665 -66.614609
2443.720817 2554.600665 -65.279396
2493.720817 2554.600665 -63.617020
2543.720817 2554.600665 -61.646648
2593.720817 2554.600665 -59.389988
2643.720817 2554.600665 -56.901081
2693.720817 2554.600665 -54.261089
2743.720817 2554.600665 -51.521137
2793.720817 2554.600665 -48.677914
2843.720817 2554.600665 -45.707031
2893.720817 2554.600665 -42.581093
2943.720817 2554.600665 -39.305706
2993.720817 2554.600665 -35.918331
3043.720817 2554.600665 -32.435535
3093.720817 2554.600665 -28.941189
3143.720817 2554.600665 -25.536150
3193.720817 2554.600665 -22.285189
3243.720817 2554.600665 -19.272217
3293.720817 2554.600665 -16.538254
3343.720817 2554.600665 -14.162148
3393.720817 2554.600665 -12.187451
3443.720817 2554.600665 -10.657464
3493.720817 2554.600665 -9.600824
3543.720817 2554.600665 -9.028535
3593.720817 2554.600665 -8.937931
3643.720817 2554.600665 -9.273538
3693.720817 2554.600665 -9.986839
3743.720817 2554.600665 -11.038719
3793.720817 2554.600665 -12.382286
3843.720817 2554.600665 -13.996668
3893.720817 2554.600665 -15.786914
3943.720817 2554.600665 -17.658216
3993.720817 2554.600665 -19.531439
-1256.279183 2604.600665 -144.414398
-1206.279183 2604.600665 -132.454605
-1156.279183 2604.600665 -120.458908
-1106.279183 2604.600665 -108.318741
-1056.279183 2604.600665 -95.899033
-1006.279183 2604.600665 -83.055504
-956.279183 2604.600665 -69.696144
-906.279183 2604.600665 -55.660999
-856.279183 2604.600665 -40.836399
-806.279183 2604.600665 -25.213236
-756.279183 2604.600665 -8.788629
-706.279183 2604.600665 8.462839
-656.279183 2604.600665 26.543030
-606.279183 2604.600665 45.413155
-556.279183 2604.600665 64.973450
-506.279183 2604.600665 85.069321
-456.279183 2604.600665 105.439743
-406.279183 2604.600665 125.747398
-356.279183 2604.600665 145.533203
-306.279183 2604.600665 164.328308
-256.279183 2604.600665 181.636444
-206.279183 2604.600665 197.070221
-156.279183 2604.600665 210.275742
-106.279183 2604.600665 220.966446
-56.279183 2604.600665 228.947250
-6.279183 2604.600665 234.072754
43.720817 2604.600665 236.317795
93.720817 2604.600665 235.656067
143.720817 2604.600665 232.115753
193.720817 2604.600665 225.817612
243.720817 2604.600665 216.934006
293.720817 2604.600665 205.702789
343.720817 2604.600665 192.486282
393.720817 2604.600665 177.732300
443.720817 2604.600665 161.932510
493.720817 2604.600665 145.523026
543.720817 2604.600665 128.922546
593.720817 2604.600665 112.452736
643.720817 2604.600665 96.399841
693.720817 2604.600665 81.003738
743.720817 2604.600665 66.430374
793.720817 2604.600665 52.783894
843.720817 2604.600665 40.149708
893.720817 2604.600665 28.561422
943.720817 2604.600665 18.035788
993.720817 2604.600665 8.534437
1043.720817 2604.600665 -0.019604
1093.720817 2604.600665 -7.717039
1143.720817 2604.600665 -14.625482
1193.720817 2604.600665 -20.797537
1243.720817 2604.600665 -26.279692
1293.720817 2604.600665 -31.132029
1343.720817 2604.600665 -35.440979
1393.720817 2604.600665 -39.275692
1443.720817 2604.600665 -42.690567
1493.720817 2604.600665 -45.765186
1543.720817 2604.600665 -48.561733
1593.720817 2604.600665 -51.136662
1643.720817 2604.600665 -53.537197
1693.720817 2604.600665 -55.755527
1743.720817 2604.600665 -57.754162
1793.720817 2604.600665 -59.551018
1843.720817 2604.600665 -61.164158
1893.720817 2604.600665 -62.648174
1943.720817 2604.600665 -63.953552
1993.720817 2604.600665 -65.055817
2043.720817 2604.600665 -65.919006
2093.720817 2604.600665 -66.552216
2143.720817 2604.600665 -66.951416
2193.720817 2604.600665 -67.116562
2243.720817 2604.600665 -67.028160
2293.720817 2604.600665 -66.662514
2343.720817 2604.600665 -66.005623
2393.720817 2604.600665 -65.022675
2443.720817 2604.600665 -63.712524
2493.720817 2604.600665 -62.076004
2543.720817 2604.600665 -60.114178
2593.720817 2604.600665 -57.857723
2643.720817 2604.600665 -55.347698
2693.720817 2604.600665 -52.685570
2743.720817 2604.600665 -49.887543
2793.720817 2604.600665 -46.963146
2843.720817 2604.600665 -43.888981
2893.720817 2604.600665 -40.626633
2943.720817 2604.600665 -37.138714
2993.720817 2604.600665 -33.476330
3043.720817 2604.600665 -29.661238
3093.720817 2604.600665 -25.785561
3143.720817 2604.600665 -21.911314
3193.720817 2604.600665 -18.120790
3243.720817 2604.600665 -14.472787
3293.720817 2604.600665 -11.065215
3343.720817 2604.600665 -7.975151
3393.720817 2604.600665 -5.280581
3443.720817 2604.600665 -3.024048
3493.720817 2604.600665 -1.271376
3543.720817 2604.600665 -0.045365
3593.720817 2604.600665 0.666363
3643.720817 2604.600665 0.884841
3693.720817 2604.600665 0.687369
3743.720817 2604.600665 0.104661
3793.720817 2604.600665 -0.832458
3843.720817 2604.600665 -2.063425
3893.720817 2604.600665 -3.513593
3943.720817 2604.600665 -5.048996
3993.720817 2604.600665 -6.602345
-1256.279183 2654.600665 -152.733368
-1206.279183 2654.600665 -141.394287
-1156.279183 2654.600665 -130.012894
-1106.279183 2654.600665 -118.476349
-1056.279183 2654.600665 -106.638428
-1006.279183 2654.600665 -94.366676
-956.279183 2654.600665 -81.507584
-906.279183 2654.600665 -67.873589
-856.279183 2654.600665 -53.337852
-806.279183 2654.600665 -37.825584
-756.279183 2654.600665 -21.334240
-706.279183 2654.600665 -3.848812
-656.279183 2654.600665 14.609584
-606.279183 2654.600665 33.952553
-556.279183 2654.600665 54.041515
-506.279183 2654.600665 74.647209
-456.279183 2654.600665 95.475357
-406.279183 2654.600665 116.095970
-356.279183 2654.600665 136.088852
-306.279183 2654.600665 154.975342
-256.279183 2654.600665 172.335983
-206.279183 2654.600665 187.852646
-156.279183 2654.600665 201.220383
-106.279183 2654.600665 212.231354
-56.279183 2654.600665 220.677628
-6.279183 2654.600665 226.483978
43.720817 2654.600665 229.617325
93.720817 2654.600665 230.065643
143.720817 2654.600665 227.849060
193.720817 2654.600665 223.050552
243.720817 2654.600665 215.787018
293.720817 2654.600665 206.247116
343.720817 2654.600665 194.707062
393.720817 2654.600665 181.549194
443.720817 2654.600665 167.157791
493.720817 2654.600665 151.947876
543.720817 2654.600665 136.278152
593.720817 2654.600665 120.461876
643.720817 2654.600665 104.829582
693.720817 2654.600665 89.654167
743.720817 2654.600665 75.120857
793.720817 2654.600665 61.379490
843.720817 2654.600665 48.536701
893.720817 2654.600665 36.656025
943.720817 2654.600665 25.789665
993.720817 2654.600665 15.916183
1043.720817 2654.600665 6.958113
1093.720817 2654.600665 -1.152641
1143.720817 2654.600665 -8.481261
1193.720817 2654.600665 -15.065456
1243.720817 2654.600665 -20.973795
1293.720817 2654.600665 -26.251867
1343.720817 2654.600665 -30.958618
1393.720817 2654.600665 -35.162876
1443.720817 2654.600665 -38.915916
1493.720817 2654.600665 -42.288986
1543.720817 2654.600665 -45.352146
1593.720817 2654.600665 -48.155128
1643.720817 2654.600665 -50.741375
1693.720817 2654.600665 -53.108883
1743.720817 2654.600665 -55.243259
1793.720817 2654.600665 -57.142673
1843.720817 2654.600665 -58.864784
1893.720817 2654.600665 -60.421574
1943.720817 2654.600665 -61.805138
1993.720817 2654.600665 -62.979137
2043.720817 2654.600665 -63.920647
2093.720817 2654.600665 -64.617111
2143.720817 2654.600665 -65.073875
2193.720817 2654.600665 -65.299545
2243.720817 2654.600665 -65.268311
2293.720817 2654.600665 -64.941948
2343.720817 2654.600665 -64.305237
2393.720817 2654.600665 -63.345325
2443.720817 2654.600665 -62.059334
2493.720817 2654.600665 -60.440754
2543.720817 2654.600665 -58.500420
2593.720817 2654.600665 -56.241920
2643.720817 2654.600665 -53.756630
2693.720817 2654.600665 -51.080597
2743.720817 2654.600665 -48.247944
2793.720817 2654.600665 -45.248825
2843.720817 2654.600665 -42.085796
2893.720817 2654.600665 -38.693684
2943.720817 2654.600665 -35.056286
2993.720817 2654.600665 -31.159426
3043.720817 2654.600665 -27.069530
3093.720817 2654.600665 -22.849089
3143.720817 2654.600665 -18.566830
3193.720817 2654.600665 -14.265594
3243.720817 2654.600665 -10.053718
3293.720817 2654.600665 -6.008001
3343.720817 2654.600665 -2.246070
3393.720817 2654.600665 1.164025
3443.720817 2654.600665 4.136521
3493.720817 2654.600665 6.573316
3543.720817 2654.600665 8.427393
3593.720817 2654.600665 9.685512
3643.720817 2654.600665 10.382226
3693.720817 2654.600665 10.583733
3743.720817 2654.600665 10.336629
3793.720817 2654.600665 9.664588
3843.720817 2654.600665 8.660010
3893.720817 2654.600665 7.443783
3943.720817 2654.600665 6.119181
3993.720817 2654.600665 4.746880
-1256.279183 2704.600665 -158.501251
-1206.279183 2704.600665 -147.956161
-1156.279183 2704.600665 -137.362457
-1106.279183 2704.600665 -126.621735
-1056.279183 2704.600665 -115.610535
-1006.279183 2704.600665 -104.171783
-956.279183 2704.600665 -92.106873
-906.279183 2704.600665 -79.204208
-856.279183 2704.600665 -65.263947
-806.279183 2704.600665 -50.170246
-756.279183 2704.600665 -33.854248
-706.279183 2704.600665 -16.325985
-656.279183 2704.600665 2.365823
-606.279183 2704.600665 22.096367
-556.279183 2704.600665 42.617466
-506.279183 2704.600665 63.623737
-456.279183 2704.600665 84.745468
-406.279183 2704.600665 105.559036
-356.279183 2704.600665 125.619713
-306.279183 2704.600665 144.513718
-256.279183 2704.600665 161.881104
-206.279183 2704.600665 177.417191
-156.279183 2704.600665 190.918396
-106.279183 2704.600665 202.178772
-56.279183 2704.600665 211.076263
-6.279183 2704.600665 217.512909
43.720817 2704.600665 221.437744
93.720817 2704.600665 222.875610
143.720817 2704.600665 221.831268
193.720817 2704.600665 218.361130
243.720817 2704.600665 212.547150
293.720817 2704.600665 204.542969
343.720817 2704.600665 194.584030
393.720817 2704.600665 182.963348
443.720817 2704.600665 169.993439
493.720817 2704.600665 156.024368
543.720817 2704.600665 141.380493
593.720817 2704.600665 126.386940
643.720817 2704.600665 111.379662
693.720817 2704.600665 96.643463
743.720817 2704.600665 82.383644
793.720817 2704.600665 68.765511
843.720817 2704.600665 55.920258
893.720817 2704.600665 43.917889
943.720817 2704.600665 32.828442
993.720817 2704.600665 22.663589
1043.720817 2704.600665 13.375750
1093.720817 2704.600665 4.914071
1143.720817 2704.600665 -2.745439
1193.720817 2704.600665 -9.702710
1243.720817 2704.600665 -15.972890
1293.720817 2704.600665 -21.622675
1343.720817 2704.600665 -26.686966
1393.720817 2704.600665 -31.226168
1443.720817 2704.600665 -35.288208
1493.720817 2704.600665 -38.925262
1543.720817 2704.600665 -42.238400
1593.720817 2704.600665 -45.258781
1643.720817 2704.600665 -47.992897
1693.720817 2704.600665 -50.484287
1743.720817 2704.600665 -52.726879
1793.720817 2704.600665 -54.747444
1843.720817 2704.600665 -56.560303
1893.720817 2704.600665 -58.188026
1943.720817 2704.600665 -59.621052
1993.720817 2704.600665 -60.851727
2043.720817 2704.600665 -61.852077
2093.720817 2704.600665 -62.614185
2143.720817 2704.600665 -63.136448
2193.720817 2704.600665 -63.420017
2243.720817 2704.600665 -63.428425
2293.720817 2704.600665 -63.147934
2343.720817 2704.600665 -62.545311
2393.720817 2704.600665 -61.615932
2443.720817 2704.600665 -60.356934
2493.720817 2704.600665 -58.761818
2543.720817 2704.600665 -56.833984
2593.720817 2704.600665 -54.620152
2643.720817 2704.600665 -52.160954
2693.720817 2704.600665 -49.502529
2743.720817 2704.600665 -46.642200
2793.720817 2704.600665 -43.600204
2843.720817 2704.600665 -40.357929
2893.720817 2704.600665 -36.862282
2943.720817 2704.600665 -33.068691
2993.720817 2704.600665 -29.015902
3043.720817 2704.600665 -24.718283
3093.720817 2704.600665 -20.219875
3143.720817 2704.600665 -15.568080
3193.720817 2704.600665 -10.849184
3243.720817 2704.600665 -6.134395
3293.720817 2704.600665 -1.534941
3343.720817 2704.600665 2.860887
3393.720817 2704.600665 6.936528
3443.720817 2704.600665 10.597138
3493.720817 2704.600665 13.691174
3543.720817 2704.600665 16.138723
3593.720817 2704.600665 17.884352
3643.720817 2704.600665 18.960993
3693.720817 2704.600665 19.430950
3743.720817 2704.600665 19.380384
3793.720817 2704.600665 18.848860
3843.720817 2704.600665 17.956810
3893.720817 2704.600665 16.849062
3943.720817 2704.600665 15.622899
3993.720817 2704.600665 14.339879
-1256.279183 2754.600665 -161.645264
-1206.279183 2754.600665 -152.029678
-1156.279183 2754.600665 -142.376495
-1106.279183 2754.600665 -132.616272
-1056.279183 2754.600665 -122.620903
-1006.279183 2754.600665 -112.242546
-956.279183 2754.600665 -101.247520
-906.279183 2754.600665 -89.389313
-856.279183 2754.600665 -76.390923
-806.279183 2754.600665 -62.013489
-756.279183 2754.600665 -46.121063
-706.279183 2754.600665 -28.724417
-656.279183 2754.600665 -9.899838
-606.279183 2754.600665 10.139209
-556.279183 2754.600665 31.017124
-506.279183 2754.600665 52.324165
-456.279183 2754.600665 73.601120
-406.279183 2754.600665 94.441917
-356.279183 2754.600665 114.470703
-306.279183 2754.600665 133.285721
-256.279183 2754.600665 150.563553
-206.279183 2754.600665 166.081955
-156.279183 2754.600665 179.628403
-106.279183 2754.600665 191.085144
-56.279183 2754.600665 200.360092
-6.279183 2754.600665 207.346985
43.720817 2754.600665 211.989777
93.720817 2754.600665 214.300003
143.720817 2754.600665 214.305466
193.720817 2754.600665 212.003494
243.720817 2754.600665 207.491867
293.720817 2754.600665 200.898468
343.720817 2754.600665 192.408401
393.720817 2754.600665 182.240768
443.720817 2754.600665 170.645508
493.720817 2754.600665 157.912552
543.720817 2754.600665 144.367691
593.720817 2754.600665 130.315720
643.720817 2754.600665 116.082878
693.720817 2754.600665 101.945518
743.720817 2754.600665 88.140625
793.720817 2754.600665 74.845406
843.720817 2754.600665 62.166813
893.720817 2754.600665 50.190048
943.720817 2754.600665 39.020344
993.720817 2754.600665 28.683323
1043.720817 2754.600665 19.166016
1093.720817 2754.600665 10.448478
1143.720817 2754.600665 2.478753
1193.720817 2754.600665 -4.759798
1243.720817 2754.600665 -11.333597
1293.720817 2754.600665 -17.283117
1343.720817 2754.600665 -22.655918
1393.720817 2754.600665 -27.472666
1443.720817 2754.600665 -31.797562
1493.720817 2754.600665 -35.686928
1543.720817 2754.600665 -39.211636
1593.720817 2754.600665 -42.409512
1643.720817 2754.600665 -45.299171
1693.720817 2754.600665 -47.904034
1743.720817 2754.600665 -50.256977
1793.720817 2754.600665 -52.378868
1843.720817 2754.600665 -54.273430
1893.720817 2754.600665 -55.944698
1943.720817 2754.600665 -57.407131
1993.720817 2754.600665 -58.679447
2043.720817 2754.600665 -59.745991
2093.720817 2754.600665 -60.570229
2143.720817 2754.600665 -61.146366
2193.720817 2754.600665 -61.486603
2243.720817 2754.600665 -61.562157
2293.720817 2754.600665 -61.322250
2343.720817 2754.600665 -60.765541
2393.720817 2754.600665 -59.884033
2443.720817 2754.600665 -58.654446
2493.720817 2754.600665 -57.090355
2543.720817 2754.600665 -55.209427
2593.720817 2754.600665 -53.035740
2643.720817 2754.600665 -50.627380
2693.720817 2754.600665 -47.976452
2743.720817 2754.600665 -45.132618
2793.720817 2754.600665 -42.073051
2843.720817 2754.600665 -38.777336
2893.720817 2754.600665 -35.199402
2943.720817 2754.600665 -31.320892
2993.720817 2754.600665 -27.144930
3043.720817 2754.600665 -22.679207
3093.720817 2754.600665 -17.938761
3143.720817 2754.600665 -13.006287
3193.720817 2754.600665 -7.943144
3243.720817 2754.600665 -2.848929
3293.720817 2754.600665 2.196418
3343.720817 2754.600665 7.117946
3393.720817 2754.600665 11.823588
3443.720817 2754.600665 16.126673
3493.720817 2754.600665 19.858601
3543.720817 2754.600665 22.830372
3593.720817 2754.600665 24.998346
3643.720817 2754.600665 26.364386
3693.720817 2754.600665 26.984777
3743.720817 2754.600665 26.956659
3793.720817 2754.600665 26.443739
3843.720817 2754.600665 25.565960
3893.720817 2754.600665 24.476820
3943.720817 2754.600665 23.277477
3993.720817 2754.600665 22.030535
-1256.279183 2804.600665 -162.156418
-1206.279183 2804.600665 -153.593857
-1156.279183 2804.600665 -145.017593
-1106.279183 2804.600665 -136.356674
-1056.279183 2804.600665 -127.535995
-1006.279183 2804.600665 -118.379425
-956.279183 2804.600665 -108.670418
-906.279183 2804.600665 -98.139488
-856.279183 2804.600665 -86.405251
-806.279183 2804.600665 -73.053848
-756.279183 2804.600665 -57.833481
-706.279183 2804.600665 -40.705177
-656.279183 2804.600665 -21.816431
-606.279183 2804.600665 -1.541839
-556.279183 2804.600665 19.594013
-506.279183 2804.600665 41.036713
-456.279183 2804.600665 62.315933
-406.279183 2804.600665 83.050812
-356.279183 2804.600665 102.909546
-306.279183 2804.600665 121.552254
-256.279183 2804.600665 138.670334
-206.279183 2804.600665 154.072510
-156.279183 2804.600665 167.615250
-106.279183 2804.600665 179.217728
-56.279183 2804.600665 188.766754
-6.279183 2804.600665 196.207550
43.720817 2804.600665 201.480469
93.720817 2804.600665 204.567444
143.720817 2804.600665 205.479568
193.720817 2804.600665 204.221329
243.720817 2804.600665 200.871109
293.720817 2804.600665 195.557388
343.720817 2804.600665 188.416733
393.720817 2804.600665 179.602936
443.720817 2804.600665 169.320145
493.720817 2804.600665 157.822083
543.720817 2804.600665 145.404510
593.720817 2804.600665 132.360825
643.720817 2804.600665 118.988602
693.720817 2804.600665 105.588013
743.720817 2804.600665 92.382950
793.720817 2804.600665 79.538902
843.720817 2804.600665 67.167381
893.720817 2804.600665 55.366859
943.720817 2804.600665 44.258991
993.720817 2804.600665 33.881344
1043.720817 2804.600665 24.244244
1093.720817 2804.600665 15.344499
1143.720817 2804.600665 7.179707
1193.720817 2804.600665 -0.283529
1243.720817 2804.600665 -7.080827
1293.720817 2804.600665 -13.277708
1343.720817 2804.600665 -18.887093
1393.720817 2804.600665 -23.936779
1443.720817 2804.600665 -28.473267
1493.720817 2804.600665 -32.571888
1543.720817 2804.600665 -36.267620
1593.720817 2804.600665 -39.623489
1643.720817 2804.600665 -42.655716
1693.720817 2804.600665 -45.388969
1743.720817 2804.600665 -47.852985
1793.720817 2804.600665 -50.057716
1843.720817 2804.600665 -52.013962
1893.720817 2804.600665 -53.720226
1943.720817 2804.600665 -55.197124
1993.720817 2804.600665 -56.489922
2043.720817 2804.600665 -57.608067
2093.720817 2804.600665 -58.494644
2143.720817 2804.600665 -59.146969
2193.720817 2804.600665 -59.566605
2243.720817 2804.600665 -59.705322
2293.720817 2804.600665 -59.510941
2343.720817 2804.600665 -59.009819
2393.720817 2804.600665 -58.174171
2443.720817 2804.600665 -57.007446
2493.720817 2804.600665 -55.499363
2543.720817 2804.600665 -53.680264
2593.720817 2804.600665 -51.577633
2643.720817 2804.600665 -49.208309
2693.720817 2804.600665 -46.589558
2743.720817 2804.600665 -43.790527
2793.720817 2804.600665 -40.740246
2843.720817 2804.600665 -37.414566
2893.720817 2804.600665 -33.793995
2943.720817 2804.600665 -29.856419
2993.720817 2804.600665 -25.591682
3043.720817 2804.600665 -20.979500
3093.720817 2804.600665 -16.090544
3143.720817 2804.600665 -10.976541
3193.720817 2804.600665 -5.692293
3243.720817 2804.600665 -0.331929
3293.720817 2804.600665 5.038875
3343.720817 2804.600665 10.389466
3393.720817 2804.600665 15.597775
3443.720817 2804.600665 20.485144
3493.720817 2804.600665 24.797548
3543.720817 2804.600665 28.286367
3593.720817 2804.600665 30.810493
3643.720817 2804.600665 32.354847
3693.720817 2804.600665 32.956417
3743.720817 2804.600665 32.814865
3793.720817 2804.600665 32.169998
3843.720817 2804.600665 31.225433
3893.720817 2804.600665 30.114513
3943.720817 2804.600665 28.920443
3993.720817 2804.600665 27.701591
-1256.279183 2854.600665 -160.133530
-1206.279183 2854.600665 -152.730331
-1156.279183 2854.600665 -145.323669
-1106.279183 2854.600665 -137.868469
-1056.279183 2854.600665 -130.274994
-1006.279183 2854.600665 -122.421089
-956.279183 2854.600665 -114.097565
-906.279183 2854.600665 -105.035545
-856.279183 2854.600665 -94.813316
-806.279183 2854.600665 -82.846214
-756.279183 2854.600665 -68.566948
-706.279183 2854.600665 -51.802456
-656.279183 2854.600665 -32.857456
-606.279183 2854.600665 -12.441912
-556.279183 2854.600665 8.738251
-506.279183 2854.600665 30.088301
-456.279183 2854.600665 51.177525
-406.279183 2854.600665 71.623787
-356.279183 2854.600665 91.174744
-306.279183 2854.600665 109.501450
-256.279183 2854.600665 126.370293
-206.279183 2854.600665 141.585297
-156.279183 2854.600665 155.066925
-106.279183 2854.600665 166.713837
-56.279183 2854.600665 176.483490
-6.279183 2854.600665 184.301178
43.720817 2854.600665 190.107437
93.720817 2854.600665 193.861069
143.720817 2854.600665 195.543488
193.720817 2854.600665 195.195053
243.720817 2854.600665 192.880432
293.720817 2854.600665 188.710022
343.720817 2854.600665 182.781952
393.720817 2854.600665 175.228088
443.720817 2854.600665 166.189758
493.720817 2854.600665 155.914917
543.720817 2854.600665 144.658264
593.720817 2854.600665 132.663910
643.720817 2854.600665 120.233650
693.720817 2854.600665 107.630455
743.720817 2854.600665 95.108841
793.720817 2854.600665 82.818199
843.720817 2854.600665 70.874969
893.720817 2854.600665 59.386539
943.720817 2854.600665 48.454487
993.720817 2854.600665 38.159149
1043.720817 2854.600665 28.521360
1093.720817 2854.600665 19.571314
1143.720817 2854.600665 11.299514
1193.720817 2854.600665 3.697386
1243.720817 2854.600665 -3.274853
1293.720817 2854.600665 -9.642407
1343.720817 2854.600665 -15.423531
1393.720817 2854.600665 -20.636583
1443.720817 2854.600665 -25.337086
1493.720817 2854.600665 -29.578527
1543.720817 2854.600665 -33.432350
1593.720817 2854.600665 -36.929394
1643.720817 2854.600665 -40.099072
1693.720817 2854.600665 -42.950470
1743.720817 2854.600665 -45.506077
1793.720817 2854.600665 -47.771408
1843.720817 2854.600665 -49.780663
1893.720817 2854.600665 -51.527271
1943.720817 2854.600665 -53.040924
1993.720817 2854.600665 -54.350727
2043.720817 2854.600665 -55.486538
2093.720817 2854.600665 -56.445404
2143.720817 2854.600665 -57.184788
2193.720817 2854.600665 -57.667908
2243.720817 2854.600665 -57.867775
2293.720817 2854.600665 -57.744640
2343.720817 2854.600665 -57.297768
2393.720817 2854.600665 -56.530296
2443.720817 2854.600665 -55.439011
2493.720817 2854.600665 -54.017651
2543.720817 2854.600665 -52.287464
2593.720817 2854.600665 -50.281315
2643.720817 2854.600665 -47.999508
2693.720817 2854.600665 -45.468555
2743.720817 2854.600665 -42.697636
2793.720817 2854.600665 -39.656548
2843.720817 2854.600665 -36.300346
2893.720817 2854.600665 -32.653343
2943.720817 2854.600665 -28.681515
2993.720817 2854.600665 -24.369259
3043.720817 2854.600665 -19.714201
3093.720817 2854.600665 -14.768538
3143.720817 2854.600665 -9.573221
3193.720817 2854.600665 -4.198915
3243.720817 2854.600665 1.296423
3293.720817 2854.600665 6.867115
3343.720817 2854.600665 12.468490
3393.720817 2854.600665 18.033644
3443.720817 2854.600665 23.365923
3493.720817 2854.600665 28.218435
3543.720817 2854.600665 32.230434
3593.720817 2854.600665 35.065296
3643.720817 2854.600665 36.610542
3693.720817 2854.600665 37.027580
3743.720817 2854.600665 36.641911
3793.720817 2854.600665 35.811886
3843.720817 2854.600665 34.766644
3893.720817 2854.600665 33.625652
3943.720817 2854.600665 32.434723
3993.720817 2854.600665 31.239189
-1256.279183 2904.600665 -155.739944
-1206.279183 2904.600665 -149.577240
-1156.279183 2904.600665 -143.404053
-1106.279183 2904.600665 -137.186325
-1056.279183 2904.600665 -130.841476
-1006.279183 2904.600665 -124.278687
-956.279183 2904.600665 -117.307114
-906.279183 2904.600665 -109.666710
-856.279183 2904.600665 -101.002594
-806.279183 2904.600665 -90.707268
-756.279183 2904.600665 -77.801712
-706.279183 2904.600665 -61.322395
-656.279183 2904.600665 -42.369350
-606.279183 2904.600665 -22.067984
-556.279183 2904.600665 -1.178758
-506.279183 2904.600665 19.765411
-456.279183 2904.600665 40.392487
-406.279183 2904.600665 60.374214
-356.279183 2904.600665 79.427101
-306.279183 2904.600665 97.309532
-256.279183 2904.600665 113.793968
-206.279183 2904.600665 128.769791
-156.279183 2904.600665 142.126205
-106.279183 2904.600665 153.789780
-56.279183 2904.600665 163.692902
-6.279183 2904.600665 171.786987
43.720817 2904.600665 178.004593
93.720817 2904.600665 182.307083
143.720817 2904.600665 184.658859
193.720817 2904.600665 185.098114
243.720817 2904.600665 183.698502
293.720817 2904.600665 180.529770
343.720817 2904.600665 175.698471
393.720817 2904.600665 169.282211
443.720817 2904.600665 161.436813
493.720817 2904.600665 152.351440
543.720817 2904.600665 142.240997
593.720817 2904.600665 131.341644
643.720817 2904.600665 119.891693
693.720817 2904.600665 108.167778
743.720817 2904.600665 96.374405
793.720817 2904.600665 84.699585
843.720817 2904.600665 73.290260
893.720817 2904.600665 62.215607
943.720817 2904.600665 51.569401
993.720817 2904.600665 41.462219
1043.720817 2904.600665 31.952156
1093.720817 2904.600665 23.056822
1143.720817 2904.600665 14.790410
1193.720817 2904.600665 7.134405
1243.720817 2904.600665 0.069644
1293.720817 2904.600665 -6.403611
1343.720817 2904.600665 -12.285026
1393.720817 2904.600665 -17.603136
1443.720817 2904.600665 -22.403383
1493.720817 2904.600665 -26.768072
1543.720817 2904.600665 -30.741833
1593.720817 2904.600665 -34.357887
1643.720817 2904.600665 -37.638088
1693.720817 2904.600665 -40.580627
1743.720817 2904.600665 -43.198418
1793.720817 2904.600665 -45.522610
1843.720817 2904.600665 -47.585400
1893.720817 2904.600665 -49.387932
1943.720817 2904.600665 -50.939079
1993.720817 2904.600665 -52.285149
2043.720817 2904.600665 -53.458481
2093.720817 2904.600665 -54.465298
2143.720817 2904.600665 -55.266087
2193.720817 2904.600665 -55.800636
2243.720817 2904.600665 -56.057312
2293.720817 2904.600665 -56.014313
2343.720817 2904.600665 -55.633339
2393.720817 2904.600665 -54.954002
2443.720817 2904.600665 -53.961857
2493.720817 2904.600665 -52.652550
2543.720817 2904.600665 -51.059383
2593.720817 2904.600665 -49.168682
2643.720817 2904.600665 -47.000351
2693.720817 2904.600665 -44.554981
2743.720817 2904.600665 -41.829483
2793.720817 2904.600665 -38.796688
2843.720817 2904.600665 -35.455952
2893.720817 2904.600665 -31.783859
2943.720817 2904.600665 -27.822258
2993.720817 2904.600665 -23.538998
3043.720817 2904.600665 -18.921368
3093.720817 2904.600665 -14.005956
3143.720817 2904.600665 -8.857378
3193.720817 2904.600665 -3.524842
3243.720817 2904.600665 1.959776
3293.720817 2904.600665 7.562326
3343.720817 2904.600665 13.246863
3393.720817 2904.600665 18.929897
3443.720817 2904.600665 24.504997
3493.720817 2904.600665 29.735939
3543.720817 2904.600665 34.263229
3593.720817 2904.600665 37.457012
3643.720817 2904.600665 38.767017
3693.720817 2904.600665 38.806995
3743.720817 2904.600665 38.178642
3793.720817 2904.600665 37.198997
3843.720817 2904.600665 36.084961
3893.720817 2904.600665 34.928616
3943.720817 2904.600665 33.764729
3993.720817 2904.600665 32.604557
-1256.279183 2954.600665 -149.076263
-1206.279183 2954.600665 -144.209564
-1156.279183 2954.600665 -139.314758
-1106.279183 2954.600665 -134.348129
-1056.279183 2954.600665 -129.236496
-1006.279183 2954.600665 -123.894211
-956.279183 2954.600665 -118.132378
-906.279183 2954.600665 -111.727165
-856.279183 2954.600665 -104.379219
-806.279183 2954.600665 -95.639381
-756.279183 2954.600665 -84.566788
-706.279183 2954.600665 -68.212822
-656.279183 2954.600665 -49.689758
-606.279183 2954.600665 -30.053560
-556.279183 2954.600665 -9.907650
-506.279183 2954.600665 10.271480
-456.279183 2954.600665 30.160431
-406.279183 2954.600665 49.438595
-356.279183 2954.600665 67.839485
-306.279183 2954.600665 85.128502
-256.279183 2954.600665 101.141449
-206.279183 2954.600665 115.785789
-156.279183 2954.600665 128.951050
-106.279183 2954.600665 140.549057
-56.279183 2954.600665 150.508530
-6.279183 2954.600665 158.775284
43.720817 2954.600665 165.293671
93.720817 2954.600665 170.022766
143.720817 2954.600665 172.940079
193.720817 2954.600665 174.067276
243.720817 2954.600665 173.449509
293.720817 2954.600665 171.183151
343.720817 2954.600665 167.325897
393.720817 2954.600665 161.971527
443.720817 2954.600665 155.226990
493.720817 2954.600665 147.284531
543.720817 2954.600665 138.309494
593.720817 2954.600665 128.491501
643.720817 2954.600665 118.054131
693.720817 2954.600665 107.241722
743.720817 2954.600665 96.236786
793.720817 2954.600665 85.239906
843.720817 2954.600665 74.413315
893.720817 2954.600665 63.833393
943.720817 2954.600665 53.591000
993.720817 2954.600665 43.795307
1043.720817 2954.600665 34.518440
1093.720817 2954.600665 25.790102
1143.720817 2954.600665 17.610693
1193.720817 2954.600665 10.001524
1243.720817 2954.600665 2.943882
1293.720817 2954.600665 -3.555595
1343.720817 2954.600665 -9.471490
1393.720817 2954.600665 -14.834300
1443.720817 2954.600665 -19.706202
1493.720817 2954.600665 -24.141947
1543.720817 2954.600665 -28.189445
1593.720817 2954.600665 -31.880997
1643.720817 2954.600665 -35.227455
1693.720817 2954.600665 -38.248470
1743.720817 2954.600665 -40.938065
1793.720817 2954.600665 -43.326675
1843.720817 2954.600665 -45.434227
1893.720817 2954.600665 -47.285019
1943.720817 2954.600665 -48.892189
1993.720817 2954.600665 -50.282639
2043.720817 2954.600665 -51.489819
2093.720817 2954.600665 -52.547119
2143.720817 2954.600665 -53.380108
2193.720817 2954.600665 -53.969143
2243.720817 2954.600665 -54.301113
2293.720817 2954.600665 -54.328449
2343.720817 2954.600665 -54.022690
2393.720817 2954.600665 -53.425549
2443.720817 2954.600665 -52.561729
2493.720817 2954.600665 -51.411968
2543.720817 2954.600665 -49.961948
2593.720817 2954.600665 -48.211250
2643.720817 2954.600665 -46.156166
2693.720817 2954.600665 -43.799370
2743.720817 2954.600665 -41.135231
2793.720817 2954.600665 -38.152721
2843.720817 2954.600665 -34.844429
2893.720817 2954.600665 -31.229500
2943.720817 2954.600665 -27.324398
2993.720817 2954.600665 -23.126520
3043.720817 2954.600665 -18.635189
3093.720817 2954.600665 -13.878156
3143.720817 2954.600665 -8.884913
3193.720817 2954.600665 -3.714864
3243.720817 2954.600665 1.611162
3293.720817 2954.600665 7.071045
3343.720817 2954.600665 12.627925
3393.720817 2954.600665 18.209610
3443.720817 2954.600665 23.722933
3493.720817 2954.600665 28.992460
3543.720817 2954.600665 33.736656
3593.720817 2954.600665 37.397381
3643.720817 2954.600665 38.202309
3693.720817 2954.600665 37.957386
3743.720817 2954.600665 37.222588
3793.720817 2954.600665 36.222374
3843.720817 2954.600665 35.117989
3893.720817 2954.600665 33.992226
3943.720817 2954.600665 32.893147
3993.720817 2954.600665 31.806684
-1256.279183 3004.600665 -140.249405
-1206.279183 3004.600665 -136.679672
-1156.279183 3004.600665 -133.088669
-1106.279183 3004.600665 -129.366302
-1056.279183 3004.600665 -125.448364
-1006.279183 3004.600665 -121.243217
-956.279183 3004.600665 -116.564270
-906.279183 3004.600665 -111.167213
-856.279183 3004.600665 -104.701248
-806.279183 3004.600665 -96.571373
-756.279183 3004.600665 -85.787666
-706.279183 3004.600665 -71.394600
-656.279183 3004.600665 -54.498463
-606.279183 3004.600665 -36.215752
-556.279183 3004.600665 -17.292671
-506.279183 3004.600665 1.769975
-456.279183 3004.600665 20.630384
-406.279183 3004.600665 38.981518
-356.279183 3004.600665 56.564255
-306.279183 3004.600665 73.149689
-256.279183 3004.600665 88.573524
-206.279183 3004.600665 102.773109
-156.279183 3004.600665 115.646782
-106.279183 3004.600665 127.084877
-56.279183 3004.600665 137.006760
-6.279183 3004.600665 145.354462
43.720817 3004.600665 152.077072
93.720817 3004.600665 157.127548
143.720817 3004.600665 160.498138
193.720817 3004.600665 162.209122
243.720817 3004.600665 162.289566
293.720817 3004.600665 160.804886
343.720817 3004.600665 157.836853
393.720817 3004.600665 153.447784
443.720817 3004.600665 147.744568
493.720817 3004.600665 140.867172
543.720817 3004.600665 132.975082
593.720817 3004.600665 124.217369
643.720817 3004.600665 114.793419
693.720817 3004.600665 104.912636
743.720817 3004.600665 94.747742
793.720817 3004.600665 84.487991
843.720817 3004.600665 74.301575
893.720817 3004.600665 64.287300
943.720817 3004.600665 54.538273
993.720817 3004.600665 45.160011
1043.720817 3004.600665 36.214546
1093.720817 3004.600665 27.743990
1143.720817 3004.600665 19.776609
1193.720817 3004.600665 12.315220
1243.720817 3004.600665 5.350813
1293.720817 3004.600665 -1.094571
1343.720817 3004.600665 -6.986770
1393.720817 3004.600665 -12.352445
1443.720817 3004.600665 -17.236671
1493.720817 3004.600665 -21.702129
1543.720817 3004.600665 -25.766441
1593.720817 3004.600665 -29.485754
1643.720817 3004.600665 -32.871578
1693.720817 3004.600665 -35.949059
1743.720817 3004.600665 -38.711132
1793.720817 3004.600665 -41.162151
1843.720817 3004.600665 -43.310764
1893.720817 3004.600665 -45.206627
1943.720817 3004.600665 -46.864143
1993.720817 3004.600665 -48.312023
2043.720817 3004.600665 -49.574448
2093.720817 3004.600665 -50.639313
2143.720817 3004.600665 -51.505310
2193.720817 3004.600665 -52.153698
2243.720817 3004.600665 -52.564171
2293.720817 3004.600665 -52.661655
2343.720817 3004.600665 -52.460209
2393.720817 3004.600665 -51.981350
2443.720817 3004.600665 -51.255039
2493.720817 3004.600665 -50.249935
2543.720817 3004.600665 -48.949974
2593.720817 3004.600665 -47.339859
2643.720817 3004.600665 -45.411510
2693.720817 3004.600665 -43.163246
2743.720817 3004.600665 -40.590755
2793.720817 3004.600665 -37.691406
2843.720817 3004.600665 -34.480320
2893.720817 3004.600665 -30.986032
2943.720817 3004.600665 -27.215019
2993.720817 3004.600665 -23.182224
3043.720817 3004.600665 -18.891966
3093.720817 3004.600665 -14.392755
3143.720817 3004.600665 -9.680347
3193.720817 3004.600665 -4.799400
3243.720817 3004.600665 0.232578
3293.720817 3004.600665 5.386026
3343.720817 3004.600665 10.606292
3393.720817 3004.600665 15.842643
3443.720817 3004.600665 20.991850
3493.720817 3004.600665 25.855980
3543.720817 3004.600665 30.072645
3593.720817 3004.600665 33.075001
3643.720817 3004.600665 34.287949
3693.720817 3004.600665 34.311527
3743.720817 3004.600665 33.729771
3793.720817 3004.600665 32.858849
3843.720817 3004.600665 31.857586
3893.720817 3004.600665 30.850952
3943.720817 3004.600665 29.876911
3993.720817 3004.600665 28.912285
-1256.279183 3054.600665 -129.385910
-1206.279183 3054.600665 -127.108170
-1156.279183 3054.600665 -124.778419
-1106.279183 3054.600665 -122.290367
-1056.279183 3054.600665 -119.535500
-1006.279183 3054.600665 -116.403381
-956.279183 3054.600665 -112.686363
-906.279183 3054.600665 -108.076416
-856.279183 3054.600665 -102.193565
-806.279183 3054.600665 -94.488579
-756.279183 3054.600665 -84.426086
-706.279183 3054.600665 -71.807701
-656.279183 3054.600665 -56.955524
-606.279183 3054.600665 -40.533463
-556.279183 3054.600665 -23.259377
-506.279183 3054.600665 -5.647745
-456.279183 3054.600665 11.925561
-406.279183 3054.600665 29.155661
-356.279183 3054.600665 45.747929
-306.279183 3054.600665 61.488869
-256.279183 3054.600665 76.231987
-206.279183 3054.600665 89.876877
-156.279183 3054.600665 102.334435
-106.279183 3054.600665 113.499329
-56.279183 3054.600665 123.279106
-6.279183 3054.600665 131.617966
43.720817 3054.600665 138.458313
93.720817 3054.600665 143.739105
143.720817 3054.600665 147.465210
193.720817 3054.600665 149.660355
243.720817 3054.600665 150.332916
293.720817 3054.600665 149.549103
343.720817 3054.600665 147.365692
393.720817 3054.600665 143.857788
443.720817 3054.600665 139.126968
493.720817 3054.600665 133.244751
543.720817 3054.600665 126.358124
593.720817 3054.600665 118.609962
643.720817 3054.600665 110.185738
693.720817 3054.600665 101.246742
743.720817 3054.600665 91.970116
793.720817 3054.600665 82.503113
843.720817 3054.600665 73.020592
893.720817 3054.600665 63.641392
943.720817 3054.600665 54.470497
993.720817 3054.600665 45.591797
1043.720817 3054.600665 37.071636
1093.720817 3054.600665 28.946766
1143.720817 3054.600665 21.280975
1193.720817 3054.600665 14.050714
1243.720817 3054.600665 7.272542
1293.720817 3054.600665 0.963074
1343.720817 3054.600665 -4.838451
1393.720817 3054.600665 -10.156000
1443.720817 3054.600665 -15.012398
1493.720817 3054.600665 -19.447586
1543.720817 3054.600665 -23.497242
1593.720817 3054.600665 -27.201874
1643.720817 3054.600665 -30.602468
1693.720817 3054.600665 -33.708397
1743.720817 3054.600665 -36.519386
1793.720817 3054.600665 -39.011673
1843.720817 3054.600665 -41.187889
1893.720817 3054.600665 -43.115826
1943.720817 3054.600665 -44.819328
1993.720817 3054.600665 -46.330463
2043.720817 3054.600665 -47.635098
2093.720817 3054.600665 -48.731983
2143.720817 3054.600665 -49.636002
2193.720817 3054.600665 -50.344418
2243.720817 3054.600665 -50.814728
2293.720817 3054.600665 -51.022003
2343.720817 3054.600665 -50.954762
2393.720817 3054.600665 -50.625896
2443.720817 3054.600665 -50.018852
2493.720817 3054.600665 -49.137779
2543.720817 3054.600665 -47.983170
2593.720817 3054.600665 -46.516060
2643.720817 3054.600665 -44.738766
2693.720817 3054.600665 -42.634418
2743.720817 3054.600665 -40.185162
2793.720817 3054.600665 -37.410683
2843.720817 3054.600665 -34.364594
2893.720817 3054.600665 -31.045502
2943.720817 3054.600665 -27.496376
2993.720817 3054.600665 -23.710344
3043.720817 3054.600665 -19.732267
3093.720817 3054.600665 -15.557950
3143.720817 3054.600665 -11.220649
3193.720817 3054.600665 -6.736674
3243.720817 3054.600665 -2.155323
3293.720817 3054.600665 2.501934
3343.720817 3054.600665 7.190197
3393.720817 3054.600665 11.847510
3443.720817 3054.600665 16.359697
3493.720817 3054.600665 20.476892
3543.720817 3054.600665 23.894682
3593.720817 3054.600665 26.303663
3643.720817 3054.600665 27.633389
3693.720817 3054.600665 28.007452
3743.720817 3054.600665 27.741629
3793.720817 3054.600665 27.121328
3843.720817 3054.600665 26.350822
3893.720817 3054.600665 25.553139
3943.720817 3054.600665 24.776936
3993.720817 3054.600665 24.011818
-1256.279183 3104.600665 -116.684601
-1206.279183 3104.600665 -115.664268
-1156.279183 3104.600665 -114.566772
-1106.279183 3104.600665 -113.274055
-1056.279183 3104.600665 -111.648453
-1006.279183 3104.600665 -109.514740
-956.279183 3104.600665 -106.651749
-906.279183 3104.600665 -102.756279
-856.279183 3104.600665 -97.453918
-806.279183 3104.600665 -90.412468
-756.279183 3104.600665 -81.395073
-706.279183 3104.600665 -70.406883
-656.279183 3104.600665 -57.553314
-606.279183 3104.600665 -43.187889
-556.279183 3104.600665 -27.812405
-506.279183 3104.600665 -11.915946
-456.279183 3104.600665 4.138572
-406.279183 3104.600665 20.028791
-356.279183 3104.600665 35.478603
-306.279183 3104.600665 50.243824
-256.279183 3104.600665 64.185394
-206.279183 3104.600665 77.174210
-156.279183 3104.600665 89.101593
-106.279183 3104.600665 99.874596
-56.279183 3104.600665 109.417694
-6.279183 3104.600665 117.663322
43.720817 3104.600665 124.512787
93.720817 3104.600665 129.945023
143.720817 3104.600665 133.952133
193.720817 3104.600665 136.530365
243.720817 3104.600665 137.698730
293.720817 3104.600665 137.503494
343.720817 3104.600665 136.020187
393.720817 3104.600665 133.318817
443.720817 3104.600665 129.449341
493.720817 3104.600665 124.497055
543.720817 3104.600665 118.567093
593.720817 3104.600665 111.812798
643.720817 3104.600665 104.358063
693.720817 3104.600665 96.374413
743.720817 3104.600665 87.999725
793.720817 3104.600665 79.365913
843.720817 3104.600665 70.635437
893.720817 3104.600665 61.956013
943.720817 3104.600665 53.418163
993.720817 3104.600665 45.111084
1043.720817 3104.600665 37.098389
1093.720817 3104.600665 29.417879
1143.720817 3104.600665 22.126003
1193.720817 3104.600665 15.232027
1243.720817 3104.600665 8.716983
1293.720817 3104.600665 2.605247
1343.720817 3104.600665 -3.039303
1393.720817 3104.600665 -8.235781
1443.720817 3104.600665 -13.021004
1493.720817 3104.600665 -17.402214
1543.720817 3104.600665 -21.405233
1593.720817 3104.600665 -25.066973
1643.720817 3104.600665 -28.431761
1693.720817 3104.600665 -31.518164
1743.720817 3104.600665 -34.325825
1793.720817 3104.600665 -36.826015
1843.720817 3104.600665 -39.036819
1893.720817 3104.600665 -40.988815
1943.720817 3104.600665 -42.740433
1993.720817 3104.600665 -44.291019
2043.720817 3104.600665 -45.643795
2093.720817 3104.600665 -46.800434
2143.720817 3104.600665 -47.765133
2193.720817 3104.600665 -48.518456
2243.720817 3104.600665 -49.075062
2293.720817 3104.600665 -49.396168
2343.720817 3104.600665 -49.474976
2393.720817 3104.600665 -49.266533
2443.720817 3104.600665 -48.787739
2493.720817 3104.600665 -48.036198
2543.720817 3104.600665 -47.025883
2593.720817 3104.600665 -45.727737
2643.720817 3104.600665 -44.118786
2693.720817 3104.600665 -42.179878
2743.720817 3104.600665 -39.892643
2793.720817 3104.600665 -37.299881
2843.720817 3104.600665 -34.456654
2893.720817 3104.600665 -31.391005
2943.720817 3104.600665 -28.134516
2993.720817 3104.600665 -24.703249
3043.720817 3104.600665 -21.105228
3093.720817 3104.600665 -17.361567
3143.720817 3104.600665 -13.469705
3193.720817 3104.600665 -9.509946
3243.720817 3104.600665 -5.510422
3293.720817 3104.600665 -1.508451
3343.720817 3104.600665 2.459586
3393.720817 3104.600665 6.342672
3443.720817 3104.600665 9.998498
3493.720817 3104.600665 13.214962
3543.720817 3104.600665 15.812033
3593.720817 3104.600665 17.707724
3643.720817 3104.600665 18.889309
3693.720817 3104.600665 19.433552
3743.720817 3104.600665 19.453587
3793.720817 3104.600665 19.147802
3843.720817 3104.600665 18.689857
3893.720817 3104.600665 18.189959
3943.720817 3104.600665 17.704679
3993.720817 3104.600665 17.227600
-1256.279183 3154.600665 -102.426216
-1206.279183 3154.600665 -102.597336
-1156.279183 3154.600665 -102.673882
-1106.279183 3154.600665 -102.536186
-1056.279183 3154.600665 -101.988716
-1006.279183 3154.600665 -100.812767
-956.279183 3154.600665 -98.794662
-906.279183 3154.600665 -95.647423
-856.279183 3154.600665 -91.100174
-806.279183 3154.600665 -84.966820
-756.279183 3154.600665 -77.173241
-706.279183 3154.600665 -67.756470
-656.279183 3154.600665 -56.781403
-606.279183 3154.600665 -44.464592
-556.279183 3154.600665 -31.105711
-506.279183 3154.600665 -17.083900
-456.279183 3154.600665 -2.730659
-406.279183 3154.600665 11.664575
-356.279183 3154.600665 25.811424
-306.279183 3154.600665 39.477718
-256.279183 3154.600665 52.484348
-206.279183 3154.600665 64.699837
-156.279183 3154.600665 75.987274
-106.279183 3154.600665 86.274254
-56.279183 3154.600665 95.495438
-6.279183 3154.600665 103.538544
43.720817 3154.600665 110.320854
93.720817 3154.600665 115.803818
143.720817 3154.600665 119.990936
193.720817 3154.600665 122.858353
243.720817 3154.600665 124.433861
293.720817 3154.600665 124.771385
343.720817 3154.600665 123.907135
393.720817 3154.600665 121.910370
443.720817 3154.600665 118.820930
493.720817 3154.600665 114.731354
543.720817 3154.600665 109.742508
593.720817 3154.600665 103.937881
643.720817 3154.600665 97.436638
693.720817 3154.600665 90.387749
743.720817 3154.600665 82.916122
793.720817 3154.600665 75.148773
843.720817 3154.600665 67.222633
893.720817 3154.600665 59.292202
943.720817 3154.600665 51.449276
993.720817 3154.600665 43.782665
1043.720817 3154.600665 36.337646
1093.720817 3154.600665 29.168512
1143.720817 3154.600665 22.325357
1193.720817 3154.600665 15.817837
1243.720817 3154.600665 9.650883
1293.720817 3154.600665 3.829585
1343.720817 3154.600665 -1.605305
1393.720817 3154.600665 -6.626987
1443.720817 3154.600665 -11.286500
1493.720817 3154.600665 -15.583825
1543.720817 3154.600665 -19.504000
1593.720817 3154.600665 -23.085184
1643.720817 3154.600665 -26.369242
1693.720817 3154.600665 -29.377697
1743.720817 3154.600665 -32.136372
1793.720817 3154.600665 -34.624958
1843.720817 3154.600665 -36.840137
1893.720817 3154.600665 -38.825573
1943.720817 3154.600665 -40.607376
1993.720817 3154.600665 -42.194778
2043.720817 3154.600665 -43.591850
2093.720817 3154.600665 -44.808899
2143.720817 3154.600665 -45.822132
2193.720817 3154.600665 -46.639011
2243.720817 3154.600665 -47.262661
2293.720817 3154.600665 -47.702991
2343.720817 3154.600665 -47.898708
2393.720817 3154.600665 -47.824604
2443.720817 3154.600665 -47.491524
2493.720817 3154.600665 -46.899502
2543.720817 3154.600665 -46.048882
2593.720817 3154.600665 -44.928219
2643.720817 3154.600665 -43.503460
2693.720817 3154.600665 -41.754925
2743.720817 3154.600665 -39.679585
2793.720817 3154.600665 -37.328838
2843.720817 3154.600665 -34.758579
2893.720817 3154.600665 -32.016438
2943.720817 3154.600665 -29.122210
2993.720817 3154.600665 -26.104610
3043.720817 3154.600665 -22.960321
3093.720817 3154.600665 -19.712194
3143.720817 3154.600665 -16.388931
3193.720817 3154.600665 -13.036977
3243.720817 3154.600665 -9.734717
3293.720817 3154.600665 -6.512682
3343.720817 3154.600665 -3.409575
3393.720817 3154.600665 -0.459330
3443.720817 3154.600665 2.211342
3493.720817 3154.600665 4.466128
3543.720817 3154.600665 6.266218
3593.720817 3154.600665 7.600317
3643.720817 3154.600665 8.507680
3693.720817 3154.600665 9.017152
3743.720817 3154.600665 9.217075
3793.720817 3154.600665 9.201803
3843.720817 3154.600665 9.085266
3893.720817 3154.600665 8.947718
3943.720817 3154.600665 8.804214
3993.720817 3154.600665 8.665568
-1256.279183 3204.600665 -86.849503
-1206.279183 3204.600665 -88.143341
-1156.279183 3204.600665 -89.351471
-1106.279183 3204.600665 -90.325241
-1056.279183 3204.600665 -90.827713
-1006.279183 3204.600665 -90.617020
-956.279183 3204.600665 -89.487656
-906.279183 3204.600665 -87.223183
-856.279183 3204.600665 -83.598175
-806.279183 3204.600665 -78.549416
-756.279183 3204.600665 -72.084587
-706.279183 3204.600665 -64.228157
-656.279183 3204.600665 -55.044685
-606.279183 3204.600665 -44.689533
-556.279183 3204.600665 -33.342983
-506.279183 3204.600665 -21.264837
-456.279183 3204.600665 -8.721045
-406.279183 3204.600665 4.047839
-356.279183 3204.600665 16.786278
-306.279183 3204.600665 29.225260
-256.279183 3204.600665 41.173340
-206.279183 3204.600665 52.484707
-156.279183 3204.600665 63.030468
-106.279183 3204.600665 72.742447
-56.279183 3204.600665 81.533607
-6.279183 3204.600665 89.289261
43.720817 3204.600665 95.905518
93.720817 3204.600665 101.356430
143.720817 3204.600665 105.626144
193.720817 3204.600665 108.703201
243.720817 3204.600665 110.610458
293.720817 3204.600665 111.395088
343.720817 3204.600665 111.089684
393.720817 3204.600665 109.721672
443.720817 3204.600665 107.348938
493.720817 3204.600665 104.075424
543.720817 3204.600665 99.972122
593.720817 3204.600665 95.093544
643.720817 3204.600665 89.523476
693.720817 3204.600665 83.391609
743.720817 3204.600665 76.825615
793.720817 3204.600665 69.939148
843.720817 3204.600665 62.858562
893.720817 3204.600665 55.724121
943.720817 3204.600665 48.637711
993.720817 3204.600665 41.647362
1043.720817 3204.600665 34.820255
1093.720817 3204.600665 28.207909
1143.720817 3204.600665 21.862003
1193.720817 3204.600665 15.808645
1243.720817 3204.600665 10.035418
1293.720817 3204.600665 4.569313
1343.720817 3204.600665 -0.554067
1393.720817 3204.600665 -5.354569
1443.720817 3204.600665 -9.830403
1493.720817 3204.600665 -13.975092
1543.720817 3204.600665 -17.771467
1593.720817 3204.600665 -21.237818
1643.720817 3204.600665 -24.409830
1693.720817 3204.600665 -27.322306
1743.720817 3204.600665 -29.999922
1793.720817 3204.600665 -32.449741
1843.720817 3204.600665 -34.653118
1893.720817 3204.600665 -36.632133
1943.720817 3204.600665 -38.416313
1993.720817 3204.600665 -40.013435
2043.720817 3204.600665 -41.441151
2093.720817 3204.600665 -42.694164
2143.720817 3204.600665 -43.765476
2193.720817 3204.600665 -44.640244
2243.720817 3204.600665 -45.341221
2293.720817 3204.600665 -45.879887
2343.720817 3204.600665 -46.197956
2393.720817 3204.600665 -46.270775
2443.720817 3204.600665 -46.099964
2493.720817 3204.600665 -45.683666
2543.720817 3204.600665 -45.020733
2593.720817 3204.600665 -44.087025
2643.720817 3204.600665 -42.870308
2693.720817 3204.600665 -41.359810
2743.720817 3204.600665 -39.552380
2793.720817 3204.600665 -37.502396
2843.720817 3204.600665 -35.273823
2893.720817 3204.600665 -32.905529
2943.720817 3204.600665 -30.432552
2993.720817 3204.600665 -27.866886
3043.720817 3204.600665 -25.229532
3093.720817 3204.600665 -22.539930
3143.720817 3204.600665 -19.867559
3193.720817 3204.600665 -17.226475
3243.720817 3204.600665 -14.687848
3293.720817 3204.600665 -12.339038
3343.720817 3204.600665 -10.183238
3393.720817 3204.600665 -8.281307
3443.720817 3204.600665 -6.661863
3493.720817 3204.600665 -5.389032
3543.720817 3204.600665 -4.431577
3593.720817 3204.600665 -3.726029
3643.720817 3204.600665 -3.211849
3693.720817 3204.600665 -2.841806
3743.720817 3204.600665 -2.579449
3793.720817 3204.600665 -2.370766
3843.720817 3204.600665 -2.154429
3893.720817 3204.600665 -1.955978
3943.720817 3204.600665 -1.777628
3993.720817 3204.600665 -1.602023
-1256.279183 3254.600665 -70.205009
-1206.279183 3254.600665 -72.591705
-1156.279183 3254.600665 -74.895897
-1106.279183 3254.600665 -76.956863
-1056.279183 3254.600665 -78.493645
-1006.279183 3254.600665 -79.276176
-956.279183 3254.600665 -79.103745
-906.279183 3254.600665 -77.802948
-856.279183 3254.600665 -75.268051
-806.279183 3254.600665 -71.436203
-756.279183 3254.600665 -66.367378
-706.279183 3254.600665 -60.082844
-656.279183 3254.600665 -52.648380
-606.279183 3254.600665 -44.166847
-556.279183 3254.600665 -34.769985
-506.279183 3254.600665 -24.623215
-456.279183 3254.600665 -13.903458
-406.279183 3254.600665 -2.829177
-356.279183 3254.600665 8.384720
-306.279183 3254.600665 19.478132
-256.279183 3254.600665 30.250782
-206.279183 3254.600665 40.556252
-156.279183 3254.600665 50.265171
-106.279183 3254.600665 59.294693
-56.279183 3254.600665 67.544006
-6.279183 3254.600665 74.912056
43.720817 3254.600665 81.298630
93.720817 3254.600665 86.650887
143.720817 3254.600665 90.917450
193.720817 3254.600665 94.110779
243.720817 3254.600665 96.263191
293.720817 3254.600665 97.424759
343.720817 3254.600665 97.608940
393.720817 3254.600665 96.828461
443.720817 3254.600665 95.142265
493.720817 3254.600665 92.628616
543.720817 3254.600665 89.352440
593.720817 3254.600665 85.358078
643.720817 3254.600665 80.718933
693.720817 3254.600665 75.503349
743.720817 3254.600665 69.850571
793.720817 3254.600665 63.846611
843.720817 3254.600665 57.626801
893.720817 3254.600665 51.309212
943.720817 3254.600665 45.009190
993.720817 3254.600665 38.731232
1043.720817 3254.600665 32.555573
1093.720817 3254.600665 26.539791
1143.720817 3254.600665 20.735437
1193.720817 3254.600665 15.176080
1243.720817 3254.600665 9.867359
1293.720817 3254.600665 4.829408
1343.720817 3254.600665 0.062630
1393.720817 3254.600665 -4.430045
1443.720817 3254.600665 -8.650751
1493.720817 3254.600665 -12.579346
1543.720817 3254.600665 -16.203585
1593.720817 3254.600665 -19.531458
1643.720817 3254.600665 -22.574692
1693.720817 3254.600665 -25.389084
1743.720817 3254.600665 -27.968216
1793.720817 3254.600665 -30.330233
1843.720817 3254.600665 -32.480064
1893.720817 3254.600665 -34.409573
1943.720817 3254.600665 -36.165291
1993.720817 3254.600665 -37.752499
2043.720817 3254.600665 -39.175430
2093.720817 3254.600665 -40.457287
2143.720817 3254.600665 -41.566174
2193.720817 3254.600665 -42.509727
2243.720817 3254.600665 -43.300133
2293.720817 3254.600665 -43.940815
2343.720817 3254.600665 -44.390118
2393.720817 3254.600665 -44.604919
2443.720817 3254.600665 -44.607040
2493.720817 3254.600665 -44.384930
2543.720817 3254.600665 -43.927792
2593.720817 3254.600665 -43.210587
2643.720817 3254.600665 -42.236816
2693.720817 3254.600665 -40.996338
2743.720817 3254.600665 -39.513428
2793.720817 3254.600665 -37.813568
2843.720817 3254.600665 -35.970791
2893.720817 3254.600665 -34.037762
2943.720817 3254.600665 -32.022053
2993.720817 3254.600665 -29.959366
3043.720817 3254.600665 -27.880783
3093.720817 3254.600665 -25.815508
3143.720817 3254.600665 -23.825947
3193.720817 3254.600665 -21.958735
3243.720817 3254.600665 -20.271955
3293.720817 3254.600665 -18.832619
3343.720817 3254.600665 -17.676346
3393.720817 3254.600665 -16.817423
3443.720817 3254.600665 -16.275385
3493.720817 3254.600665 -16.021669
3543.720817 3254.600665 -15.971331
3593.720817 3254.600665 -15.998914
3643.720817 3254.600665 -15.977168
3693.720817 3254.600665 -15.833127
3743.720817 3254.600665 -15.569386
3793.720817 3254.600665 -15.197055
3843.720817 3254.600665 -14.764081
3893.720817 3254.600665 -14.314418
3943.720817 3254.600665 -13.883460
3993.720817 3254.600665 -13.479768
-1256.279183 3304.600665 -52.931736
-1206.279183 3304.600665 -56.234558
-1156.279183 3304.600665 -59.620396
-1106.279183 3304.600665 -62.748020
-1056.279183 3304.600665 -65.323563
-1006.279183 3304.600665 -67.105789
-956.279183 3304.600665 -67.940208
-906.279183 3304.600665 -67.715607
-856.279183 3304.600665 -66.348099
-806.279183 3304.600665 -63.821785
-756.279183 3304.600665 -60.200245
-706.279183 3304.600665 -55.521160
-656.279183 3304.600665 -49.806057
-606.279183 3304.600665 -43.140270
-556.279183 3304.600665 -35.602604
-506.279183 3304.600665 -27.310537
-456.279183 3304.600665 -18.404854
-406.279183 3304.600665 -9.060878
-356.279183 3304.600665 0.543141
-306.279183 3304.600665 10.201714
-256.279183 3304.600665 19.711334
-206.279183 3304.600665 28.917561
-156.279183 3304.600665 37.699532
-106.279183 3304.600665 45.948318
-56.279183 3304.600665 53.562893
-6.279183 3304.600665 60.449413
43.720817 3304.600665 66.527756
93.720817 3304.600665 71.686424
143.720817 3304.600665 75.890999
193.720817 3304.600665 79.127785
243.720817 3304.600665 81.462700
293.720817 3304.600665 82.920898
343.720817 3304.600665 83.529816
393.720817 3304.600665 83.299072
443.720817 3304.600665 82.255547
493.720817 3304.600665 80.469147
543.720817 3304.600665 77.981949
593.720817 3304.600665 74.853035
643.720817 3304.600665 71.104431
693.720817 3304.600665 66.815643
743.720817 3304.600665 62.057571
793.720817 3304.600665 56.961216
843.720817 3304.600665 51.597946
893.720817 3304.600665 46.117298
943.720817 3304.600665 40.578114
993.720817 3304.600665 35.036449
1043.720817 3304.600665 29.543211
1093.720817 3304.600665 24.186996
1143.720817 3304.600665 18.977917
1193.720817 3304.600665 13.965996
1243.720817 3304.600665 9.177372
1293.720817 3304.600665 4.618081
1343.720817 3304.600665 0.270963
1393.720817 3304.600665 -3.851297
1443.720817 3304.600665 -7.754279
1493.720817 3304.600665 -11.406860
1543.720817 3304.600665 -14.818536
1593.720817 3304.600665 -17.968809
1643.720817 3304.600665 -20.879074
1693.720817 3304.600665 -23.556919
1743.720817 3304.600665 -26.016294
1793.720817 3304.600665 -28.263126
1843.720817 3304.600665 -30.308529
1893.720817 3304.600665 -32.161564
1943.720817 3304.600665 -33.853115
1993.720817 3304.600665 -35.400253
2043.720817 3304.600665 -36.821747
2093.720817 3304.600665 -38.103104
2143.720817 3304.600665 -39.254963
2193.720817 3304.600665 -40.272320
2243.720817 3304.600665 -41.148754
2293.720817 3304.600665 -41.896523
2343.720817 3304.600665 -42.476067
2393.720817 3304.600665 -42.855648
2443.720817 3304.600665 -43.026253
2493.720817 3304.600665 -43.005905
2543.720817 3304.600665 -42.776402
2593.720817 3304.600665 -42.316093
2643.720817 3304.600665 -41.615517
2693.720817 3304.600665 -40.697899
2743.720817 3304.600665 -39.570435
2793.720817 3304.600665 -38.277767
2843.720817 3304.600665 -36.879299
2893.720817 3304.600665 -35.413734
2943.720817 3304.600665 -33.888477
2993.720817 3304.600665 -32.367058
3043.720817 3304.600665 -30.885733
3093.720817 3304.600665 -29.491407
3143.720817 3304.600665 -28.235826
3193.720817 3304.600665 -27.184788
3243.720817 3304.600665 -26.369858
3293.720817 3304.600665 -25.856838
3343.720817 3304.600665 -25.682968
3393.720817 3304.600665 -25.859615
3443.720817 3304.600665 -26.372555
3493.720817 3304.600665 -27.127659
3543.720817 3304.600665 -28.036873
3593.720817 3304.600665 -28.899561
3643.720817 3304.600665 -29.466255
3693.720817 3304.600665 -29.621670
3743.720817 3304.600665 -29.397982
3793.720817 3304.600665 -28.955133
3843.720817 3304.600665 -28.432545
3893.720817 3304.600665 -27.901356
3943.720817 3304.600665 -27.369808
3993.720817 3304.600665 -26.840357
-1256.279183 3354.600665 -35.476280
-1206.279183 3354.600665 -39.472641
-1156.279183 3354.600665 -43.926048
-1106.279183 3354.600665 -48.065159
-1056.279183 3354.600665 -51.614437
-1006.279183 3354.600665 -54.396564
-956.279183 3354.600665 -56.280888
-906.279183 3354.600665 -57.190044
-856.279183 3354.600665 -57.057480
-806.279183 3354.600665 -55.900425
-756.279183 3354.600665 -53.771935
-706.279183 3354.600665 -50.692303
-656.279183 3354.600665 -46.673122
-606.279183 3354.600665 -41.759796
-556.279183 3354.600665 -36.022823
-506.279183 3354.600665 -29.535860
-456.279183 3354.600665 -22.416576
-406.279183 3354.600665 -14.798257
-356.279183 3354.600665 -6.818363
-306.279183 3354.600665 1.359556
-256.279183 3354.600665 9.545979
-206.279183 3354.600665 17.574722
-156.279183 3354.600665 25.335663
-106.279183 3354.600665 32.720963
-56.279183 3354.600665 39.622772
-6.279183 3354.600665 45.956699
43.720817 3354.600665 51.619953
93.720817 3354.600665 56.498337
143.720817 3354.600665 60.555683
193.720817 3354.600665 63.798817
243.720817 3354.600665 66.263237
293.720817 3354.600665 67.976120
343.720817 3354.600665 68.939117
393.720817 3354.600665 69.198174
443.720817 3354.600665 68.774635
493.720817 3354.600665 67.676819
543.720817 3354.600665 65.952286
593.720817 3354.600665 63.638939
643.720817 3354.600665 60.763901
693.720817 3354.600665 57.368141
743.720817 3354.600665 53.516762
793.720817 3354.600665 49.295826
843.720817 3354.600665 44.819576
893.720817 3354.600665 40.160812
943.720817 3354.600665 35.407543
993.720817 3354.600665 30.609133
1043.720817 3354.600665 25.856888
1093.720817 3354.600665 21.188524
1143.720817 3354.600665 16.638544
1193.720817 3354.600665 12.245148
1243.720817 3354.600665 8.023945
1293.720817 3354.600665 3.976520
1343.720817 3354.600665 0.102283
1393.720817 3354.600665 -3.604633
1443.720817 3354.600665 -7.138398
1493.720817 3354.600665 -10.474122
1543.720817 3354.600665 -13.630009
1593.720817 3354.600665 -16.572741
1643.720817 3354.600665 -19.288919
1693.720817 3354.600665 -21.785072
1743.720817 3354.600665 -24.097013
1793.720817 3354.600665 -26.205275
1843.720817 3354.600665 -28.119349
1893.720817 3354.600665 -29.866257
1943.720817 3354.600665 -31.485764
1993.720817 3354.600665 -32.985096
2043.720817 3354.600665 -34.374737
2093.720817 3354.600665 -35.660973
2143.720817 3354.600665 -36.851170
2193.720817 3354.600665 -37.929836
2243.720817 3354.600665 -38.899387
2293.720817 3354.600665 -39.750252
2343.720817 3354.600665 -40.462196
2393.720817 3354.600665 -41.021645
2443.720817 3354.600665 -41.389786
2493.720817 3354.600665 -41.576614
2543.720817 3354.600665 -41.581413
2593.720817 3354.600665 -41.398151
2643.720817 3354.600665 -41.032188
2693.720817 3354.600665 -40.472206
2743.720817 3354.600665 -39.739540
2793.720817 3354.600665 -38.888008
2843.720817 3354.600665 -37.968227
2893.720817 3354.600665 -37.001312
2943.720817 3354.600665 -36.006466
2993.720817 3354.600665 -35.060398
3043.720817 3354.600665 -34.222652
3093.720817 3354.600665 -33.527554
3143.720817 3354.600665 -33.043911
3193.720817 3354.600665 -32.811138
3243.720817 3354.600665 -32.882320
3293.720817 3354.600665 -33.296124
3343.720817 3354.600665 -34.068768
3393.720817 3354.600665 -35.221581
3443.720817 3354.600665 -36.693695
3493.720817 3354.600665 -38.421131
3543.720817 3354.600665 -40.285564
3593.720817 3354.600665 -42.061077
3643.720817 3354.600665 -43.365700
3693.720817 3354.600665 -43.791771
3743.720817 3354.600665 -43.679134
3793.720817 3354.600665 -43.329315
3843.720817 3354.600665 -42.918842
3893.720817 3354.600665 -42.496994
3943.720817 3354.600665 -42.067417
3993.720817 3354.600665 -41.639324
-1256.279183 3404.600665 -18.197760
-1206.279183 3404.600665 -23.179123
-1156.279183 3404.600665 -28.281414
-1106.279183 3404.600665 -33.190269
-1056.279183 3404.600665 -37.643063
-1006.279183 3404.600665 -41.401062
-956.279183 3404.600665 -44.352097
-906.279183 3404.600665 -46.428429
-856.279183 3404.600665 -47.597317
-806.279183 3404.600665 -47.850845
-756.279183 3404.600665 -47.230728
-706.279183 3404.600665 -45.741722
-656.279183 3404.600665 -43.387318
-606.279183 3404.600665 -40.183949
-556.279183 3404.600665 -36.195370
-506.279183 3404.600665 -31.468676
-456.279183 3404.600665 -26.089769
-406.279183 3404.600665 -20.178463
-356.279183 3404.600665 -13.809129
-306.279183 3404.600665 -7.134645
-256.279183 3404.600665 -0.321565
-206.279183 3404.600665 6.495805
-156.279183 3404.600665 13.185988
-106.279183 3404.600665 19.655132
-56.279183 3404.600665 25.789412
-6.279183 3404.600665 31.482283
43.720817 3404.600665 36.618053
93.720817 3404.600665 41.125721
143.720817 3404.600665 44.974827
193.720817 3404.600665 48.174076
243.720817 3404.600665 50.720486
293.720817 3404.600665 52.631210
343.720817 3404.600665 53.932690
393.720817 3404.600665 54.641403
443.720817 3404.600665 54.775414
493.720817 3404.600665 54.328445
543.720817 3404.600665 53.320103
593.720817 3404.600665 51.771065
643.720817 3404.600665 49.733173
693.720817 3404.600665 47.197235
743.720817 3404.600665 44.230957
793.720817 3404.600665 40.907406
843.720817 3404.600665 37.303383
893.720817 3404.600665 33.495396
943.720817 3404.600665 29.552763
993.720817 3404.600665 25.550444
1043.720817 3404.600665 21.558790
1093.720817 3404.600665 17.630249
1143.720817 3404.600665 13.795802
1193.720817 3404.600665 10.058348
1243.720817 3404.600665 6.448761
1293.720817 3404.600665 2.955370
1343.720817 3404.600665 -0.413180
1393.720817 3404.600665 -3.671824
1443.720817 3404.600665 -6.800469
1493.720817 3404.600665 -9.806526
1543.720817 3404.600665 -12.636343
1593.720817 3404.600665 -15.296062
1643.720817 3404.600665 -17.764545
1693.720817 3404.600665 -20.059990
1743.720817 3404.600665 -22.183334
1793.720817 3404.600665 -24.134348
1843.720817 3404.600665 -25.907845
1893.720817 3404.600665 -27.541002
1943.720817 3404.600665 -29.062271
1993.720817 3404.600665 -30.498167
2043.720817 3404.600665 -31.851383
2093.720817 3404.600665 -33.124882
2143.720817 3404.600665 -34.340477
2193.720817 3404.600665 -35.470989
2243.720817 3404.600665 -36.531357
2293.720817 3404.600665 -37.499226
2343.720817 3404.600665 -38.371292
2393.720817 3404.600665 -39.112530
2443.720817 3404.600665 -39.688217
2493.720817 3404.600665 -40.085079
2543.720817 3404.600665 -40.348839
2593.720817 3404.600665 -40.484589
2643.720817 3404.600665 -40.466969
2693.720817 3404.600665 -40.303604
2743.720817 3404.600665 -40.000175
2793.720817 3404.600665 -39.610802
2843.720817 3404.600665 -39.183903
2893.720817 3404.600665 -38.747215
2943.720817 3404.600665 -38.329662
2993.720817 3404.600665 -38.007587
3043.720817 3404.600665 -37.841160
3093.720817 3404.600665 -37.885807
3143.720817 3404.600665 -38.180538
3193.720817 3404.600665 -38.775536
3243.720817 3404.600665 -39.707455
3293.720817 3404.600665 -41.009228
3343.720817 3404.600665 -42.694782
3393.720817 3404.600665 -44.731384
3443.720817 3404.600665 -47.093201
3493.720817 3404.600665 -49.683018
3543.720817 3404.600665 -52.381721
3593.720817 3404.600665 -54.998146
3643.720817 3404.600665 -57.173374
3693.720817 3404.600665 -57.856544
3743.720817 3404.600665 -58.049061
3793.720817 3404.600665 -58.053490
3843.720817 3404.600665 -57.995296
3893.720817 3404.600665 -57.929844
3943.720817 3404.600665 -57.839180
3993.720817 3404.600665 -57.741982
-1256.279183 3454.600665 -0.988126
-1206.279183 3454.600665 -6.826620
-1156.279183 3454.600665 -12.621265
-1106.279183 3454.600665 -18.265289
-1056.279183 3454.600665 -23.548826
-1006.279183 3454.600665 -28.284166
-956.279183 3454.600665 -32.318104
-906.279183 3454.600665 -35.604782
-856.279183 3454.600665 -38.103077
-806.279183 3454.600665 -39.810810
-756.279183 3454.600665 -40.702587
-706.279183 3454.600665 -40.806141
-656.279183 3454.600665 -40.088249
-606.279183 3454.600665 -38.552578
-556.279183 3454.600665 -36.253143
-506.279183 3454.600665 -33.231293
-456.279183 3454.600665 -29.548517
-406.279183 3454.600665 -25.299637
-356.279183 3454.600665 -20.545961
-306.279183 3454.600665 -15.384042
-256.279183 3454.600665 -9.955265
-206.279183 3454.600665 -4.378286
-156.279183 3454.600665 1.222625
-106.279183 3454.600665 6.731479
-56.279183 3454.600665 12.021664
-6.279183 3454.600665 16.992607
43.720817 3454.600665 21.532383
93.720817 3454.600665 25.611809
143.720817 3454.600665 29.198648
193.720817 3454.600665 32.298000
243.720817 3454.600665 34.873947
293.720817 3454.600665 36.970310
343.720817 3454.600665 38.561768
393.720817 3454.600665 39.681671
443.720817 3454.600665 40.316612
493.720817 3454.600665 40.457623
543.720817 3454.600665 40.117668
593.720817 3454.600665 39.308395
643.720817 3454.600665 38.045742
693.720817 3454.600665 36.346676
743.720817 3454.600665 34.258591
793.720817 3454.600665 31.828751
843.720817 3454.600665 29.116049
893.720817 3454.600665 26.176729
943.720817 3454.600665 23.092386
993.720817 3454.600665 19.919333
1043.720817 3454.600665 16.738516
1093.720817 3454.600665 13.591692
1143.720817 3454.600665 10.500036
1193.720817 3454.600665 7.456701
1243.720817 3454.600665 4.469040
1293.720817 3454.600665 1.570726
1343.720817 3454.600665 -1.249909
1393.720817 3454.600665 -4.006689
1443.720817 3454.600665 -6.705547
1493.720817 3454.600665 -9.317002
1543.720817 3454.600665 -11.798512
1593.720817 3454.600665 -14.126450
1643.720817 3454.600665 -16.304415
1693.720817 3454.600665 -18.352160
1743.720817 3454.600665 -20.257349
1793.720817 3454.600665 -22.045509
1843.720817 3454.600665 -23.689125
1893.720817 3454.600665 -25.194124
1943.720817 3454.600665 -26.609749
1993.720817 3454.600665 -27.954666
2043.720817 3454.600665 -29.246843
2093.720817 3454.600665 -30.499886
2143.720817 3454.600665 -31.721821
2193.720817 3454.600665 -32.906128
2243.720817 3454.600665 -34.054146
2293.720817 3454.600665 -35.158611
2343.720817 3454.600665 -36.203602
2393.720817 3454.600665 -37.129501
2443.720817 3454.600665 -37.913357
2493.720817 3454.600665 -38.555351
2543.720817 3454.600665 -39.096142
2593.720817 3454.600665 -39.558357
2643.720817 3454.600665 -39.921173
2693.720817 3454.600665 -40.169384
2743.720817 3454.600665 -40.320168
2793.720817 3454.600665 -40.419621
2843.720817 3454.600665 -40.508099
2893.720817 3454.600665 -40.630112
2943.720817 3454.600665 -40.831104
2993.720817 3454.600665 -41.169670
3043.720817 3454.600665 -41.718494
3093.720817 3454.600665 -42.503563
3143.720817 3454.600665 -43.584827
3193.720817 3454.600665 -44.994076
3243.720817 3454.600665 -46.761860
3293.720817 3454.600665 -48.920666
3343.720817 3454.600665 -51.445583
3393.720817 3454.600665 -54.317635
3443.720817 3454.600665 -57.469097
3493.720817 3454.600665 -60.807819
3543.720817 3454.600665 -64.140770
3593.720817 3454.600665 -67.245644
3643.720817 3454.600665 -69.766922
3693.720817 3454.600665 -71.351051
3743.720817 3454.600665 -72.301147
3793.720817 3454.600665 -72.960945
3843.720817 3454.600665 -73.522621
3893.720817 3454.600665 -74.042999
3943.720817 3454.600665 -74.534233
3993.720817 3454.600665 -75.000969
-1256.279183 3504.600665 16.383089
-1206.279183 3504.600665 9.751731
-1156.279183 3504.600665 3.172848
-1106.279183 3504.600665 -3.251290
-1056.279183 3504.600665 -9.415194
-1006.279183 3504.600665 -15.141778
-956.279183 3504.600665 -20.317915
-906.279183 3504.600665 -24.854948
-856.279183 3504.600665 -28.716572
-806.279183 3504.600665 -31.865234
-756.279183 3504.600665 -34.285358
-706.279183 3504.600665 -35.948761
-656.279183 3504.600665 -36.848251
-606.279183 3504.600665 -36.948296
-556.279183 3504.600665 -36.300678
-506.279183 3504.600665 -34.939934
-456.279183 3504.600665 -32.916206
-406.279183 3504.600665 -30.289476
-356.279183 3504.600665 -27.113750
-306.279183 3504.600665 -23.458670
-256.279183 3504.600665 -19.400515
-206.279183 3504.600665 -15.091722
-156.279183 3504.600665 -10.632412
-106.279183 3504.600665 -6.141552
-56.279183 3504.600665 -1.744768
-6.279183 3504.600665 2.436637
43.720817 3504.600665 6.350015
93.720817 3504.600665 9.966519
143.720817 3504.600665 13.269356
193.720817 3504.600665 16.201750
243.720817 3504.600665 18.786852
293.720817 3504.600665 21.014475
343.720817 3504.600665 22.886887
393.720817 3504.600665 24.357334
443.720817 3504.600665 25.427702
493.720817 3504.600665 26.110041
543.720817 3504.600665 26.395590
593.720817 3504.600665 26.275282
643.720817 3504.600665 25.773203
693.720817 3504.600665 24.887085
743.720817 3504.600665 23.652784
793.720817 3504.600665 22.123344
843.720817 3504.600665 20.306892
893.720817 3504.600665 18.285709
943.720817 3504.600665 16.087149
993.720817 3504.600665 13.799206
1043.720817 3504.600665 11.467582
1093.720817 3504.600665 9.126407
1143.720817 3504.600665 6.788532
1193.720817 3504.600665 4.451116
1243.720817 3504.600665 2.134502
1293.720817 3504.600665 -0.143374
1343.720817 3504.600665 -2.378438
1393.720817 3504.600665 -4.601095
1443.720817 3504.600665 -6.817727
1493.720817 3504.600665 -8.989683
1543.720817 3504.600665 -11.070094
1593.720817 3504.600665 -13.048085
1643.720817 3504.600665 -14.913544
1693.720817 3504.600665 -16.670982
1743.720817 3504.600665 -18.344095
1793.720817 3504.600665 -19.956184
1843.720817 3504.600665 -21.457392
1893.720817 3504.600665 -22.852089
1943.720817 3504.600665 -24.148191
1993.720817 3504.600665 -25.382965
2043.720817 3504.600665 -26.582731
2093.720817 3504.600665 -27.792042
2143.720817 3504.600665 -29.028313
2193.720817 3504.600665 -30.257185
2243.720817 3504.600665 -31.482719
2293.720817 3504.600665 -32.731789
2343.720817 3504.600665 -33.934727
2393.720817 3504.600665 -35.052906
2443.720817 3504.600665 -36.064186
2493.720817 3504.600665 -36.985645
2543.720817 3504.600665 -37.832859
2593.720817 3504.600665 -38.632587
2643.720817 3504.600665 -39.381538
2693.720817 3504.600665 -40.061100
2743.720817 3504.600665 -40.693119
2793.720817 3504.600665 -41.307594
2843.720817 3504.600665 -41.955700
2893.720817 3504.600665 -42.677383
2943.720817 3504.600665 -43.505245
2993.720817 3504.600665 -44.525848
3043.720817 3504.600665 -45.784100
3093.720817 3504.600665 -47.328655
3143.720817 3504.600665 -49.175842
3193.720817 3504.600665 -51.381062
3243.720817 3504.600665 -53.977310
3293.720817 3504.600665 -56.944332
3343.720817 3504.600665 -60.271137
3393.720817 3504.600665 -63.898361
3443.720817 3504.600665 -67.771942
3493.720817 3504.600665 -71.724655
3543.720817 3504.600665 -75.575966
3593.720817 3504.600665 -79.109886
3643.720817 3504.600665 -82.138824
3693.720817 3504.600665 -84.563538
3743.720817 3504.600665 -86.460022
3793.720817 3504.600665 -88.004448
3843.720817 3504.600665 -89.380829
3893.720817 3504.600665 -90.680084
3943.720817 3504.600665 -91.939049
3993.720817 3504.600665 -93.175529
-1256.279183 3554.600665 34.175179
-1206.279183 3554.600665 26.677105
-1156.279183 3554.600665 19.212114
-1106.279183 3554.600665 11.865191
-1056.279183 3554.600665 4.751913
-1006.279183 3554.600665 -2.047348
-956.279183 3554.600665 -8.412052
-906.279183 3554.600665 -14.243861
-856.279183 3554.600665 -19.483330
-806.279183 3554.600665 -24.094126
-756.279183 3554.600665 -28.019823
-706.279183 3554.600665 -31.236053
-656.279183 3554.600665 -33.694599
-606.279183 3554.600665 -35.405643
-556.279183 3554.600665 -36.389061
-506.279183 3554.600665 -36.676754
-456.279183 3554.600665 -36.287552
-406.279183 3554.600665 -35.239700
-356.279183 3554.600665 -33.590649
-306.279183 3554.600665 -31.398319
-256.279183 3554.600665 -28.750904
-206.279183 3554.600665 -25.738764
-156.279183 3554.600665 -22.460146
-106.279183 3554.600665 -19.038790
-56.279183 3554.600665 -15.597428
-6.279183 3554.600665 -12.211814
43.720817 3554.600665 -8.944226
93.720817 3554.600665 -5.802711
143.720817 3554.600665 -2.836067
193.720817 3554.600665 -0.081675
243.720817 3554.600665 2.461427
293.720817 3554.600665 4.806800
343.720817 3554.600665 6.884668
393.720817 3554.600665 8.668166
443.720817 3554.600665 10.142308
493.720817 3554.600665 11.327672
543.720817 3554.600665 12.203179
593.720817 3554.600665 12.749640
643.720817 3554.600665 12.976882
693.720817 3554.600665 12.891858
743.720817 3554.600665 12.507067
793.720817 3554.600665 11.855476
843.720817 3554.600665 10.973341
893.720817 3554.600665 9.876771
943.720817 3554.600665 8.606615
993.720817 3554.600665 7.229590
1043.720817 3554.600665 5.783188
1093.720817 3554.600665 4.262571
1143.720817 3554.600665 2.700251
1193.720817 3554.600665 1.105616
1243.720817 3554.600665 -0.513525
1293.720817 3554.600665 -2.139964
1343.720817 3554.600665 -3.779137
1393.720817 3554.600665 -5.438865
1443.720817 3554.600665 -7.128813
1493.720817 3554.600665 -8.810616
1543.720817 3554.600665 -10.461847
1593.720817 3554.600665 -12.053720
1643.720817 3554.600665 -13.577570
1693.720817 3554.600665 -15.040595
1743.720817 3554.600665 -16.473722
1793.720817 3554.600665 -17.871767
1843.720817 3554.600665 -19.230642
1893.720817 3554.600665 -20.497801
1943.720817 3554.600665 -21.693687
1993.720817 3554.600665 -22.817053
2043.720817 3554.600665 -23.912842
2093.720817 3554.600665 -25.054775
2143.720817 3554.600665 -26.263927
2193.720817 3554.600665 -27.521690
2243.720817 3554.600665 -28.840534
2293.720817 3554.600665 -30.197573
2343.720817 3554.600665 -31.549858
2393.720817 3554.600665 -32.877605
2443.720817 3554.600665 -34.140388
2493.720817 3554.600665 -35.355297
2543.720817 3554.600665 -36.537281
2593.720817 3554.600665 -37.709797
2643.720817 3554.600665 -38.863873
2693.720817 3554.600665 -40.001263
2743.720817 3554.600665 -41.127151
2793.720817 3554.600665 -42.291565
2843.720817 3554.600665 -43.524361
2893.720817 3554.600665 -44.862926
2943.720817 3554.600665 -46.349174
2993.720817 3554.600665 -48.046234
3043.720817 3554.600665 -50.013939
3093.720817 3554.600665 -52.286526
3143.720817 3554.600665 -54.896645
3193.720817 3554.600665 -57.882690
3243.720817 3554.600665 -61.270012
3293.720817 3554.600665 -65.017258
3343.720817 3554.600665 -69.083206
3393.720817 3554.600665 -73.421196
3443.720817 3554.600665 -77.928253
3493.720817 3554.600665 -82.459358
3543.720817 3554.600665 -86.819946
3593.720817 3554.600665 -90.875443
3643.720817 3554.600665 -94.541039
3693.720817 3554.600665 -97.794441
3743.720817 3554.600665 -100.643692
3793.720817 3554.600665 -103.172173
3843.720817 3554.600665 -105.489098
3893.720817 3554.600665 -107.688774
3943.720817 3554.600665 -109.853210
3993.720817 3554.600665 -112.009087
-1256.279183 3604.600665 52.523579
-1206.279183 3604.600665 44.025482
-1156.279183 3604.600665 35.536587
-1106.279183 3604.600665 27.137541
-1056.279183 3604.600665 18.931864
-1006.279183 3604.600665 10.983663
-956.279183 3604.600665 3.377394
-906.279183 3604.600665 -3.781649
-856.279183 3604.600665 -10.425366
-806.279183 3604.600665 -16.489206
-756.279183 3604.600665 -21.929918
-706.279183 3604.600665 -26.664860
-656.279183 3604.600665 -30.688540
-606.279183 3604.600665 -33.986126
-556.279183 3604.600665 -36.580429
-506.279183 3604.600665 -38.480484
-456.279183 3604.600665 -39.679001
-406.279183 3604.600665 -40.180786
-356.279183 3604.600665 -40.041012
-306.279183 3604.600665 -39.319969
-256.279183 3604.600665 -38.070442
-206.279183 3604.600665 -36.370232
-156.279183 3604.600665 -34.306095
-106.279183 3604.600665 -31.992771
-56.279183 3604.600665 -29.526070
-6.279183 3604.600665 -26.969774
43.720817 3604.600665 -24.346846
93.720817 3604.600665 -21.707014
143.720817 3604.600665 -19.092081
193.720817 3604.600665 -16.538710
243.720817 3604.600665 -14.046021
293.720817 3604.600665 -11.667716
343.720817 3604.600665 -9.418629
393.720817 3604.600665 -7.362164
443.720817 3604.600665 -5.508208
493.720817 3604.600665 -3.846578
543.720817 3604.600665 -2.416710
593.720817 3604.600665 -1.226775
643.720817 3604.600665 -0.271078
693.720817 3604.600665 0.442674
743.720817 3604.600665 0.910341
793.720817 3604.600665 1.136919
843.720817 3604.600665 1.165795
893.720817 3604.600665 1.020803
943.720817 3604.600665 0.712331
993.720817 3604.600665 0.273809
1043.720817 3604.600665 -0.288425
1093.720817 3604.600665 -0.960113
1143.720817 3604.600665 -1.716451
1193.720817 3604.600665 -2.544692
1243.720817 3604.600665 -3.430616
1293.720817 3604.600665 -4.394777
1343.720817 3604.600665 -5.423347
1393.720817 3604.600665 -6.504395
1443.720817 3604.600665 -7.638011
1493.720817 3604.600665 -8.799238
1543.720817 3604.600665 -9.971560
1593.720817 3604.600665 -11.149754
1643.720817 3604.600665 -12.311274
1693.720817 3604.600665 -13.468942
1743.720817 3604.600665 -14.644269
1793.720817 3604.600665 -15.832623
1843.720817 3604.600665 -17.016748
1893.720817 3604.600665 -18.156349
1943.720817 3604.600665 -19.225965
1993.720817 3604.600665 -20.246489
2043.720817 3604.600665 -21.257605
2093.720817 3604.600665 -22.322596
2143.720817 3604.600665 -23.472599
2193.720817 3604.600665 -24.746243
2243.720817 3604.600665 -26.135498
2293.720817 3604.600665 -27.599169
2343.720817 3604.600665 -29.089792
2393.720817 3604.600665 -30.608091
2443.720817 3604.600665 -32.130325
2493.720817 3604.600665 -33.650581
2543.720817 3604.600665 -35.193409
2593.720817 3604.600665 -36.761665
2643.720817 3604.600665 -38.347851
2693.720817 3604.600665 -39.959278
2743.720817 3604.600665 -41.624744
2793.720817 3604.600665 -43.356884
2843.720817 3604.600665 -45.200680
2893.720817 3604.600665 -47.176125
2943.720817 3604.600665 -49.336704
2993.720817 3604.600665 -51.710632
3043.720817 3604.600665 -54.384392
3093.720817 3604.600665 -57.380886
3143.720817 3604.600665 -60.730839
3193.720817 3604.600665 -64.475555
3243.720817 3604.600665 -68.603897
3293.720817 3604.600665 -73.069351
3343.720817 3604.600665 -77.835373
3393.720817 3604.600665 -82.842239
3443.720817 3604.600665 -87.977394
3493.720817 3604.600665 -93.084000
3543.720817 3604.600665 -98.014839
3593.720817 3604.600665 -102.677826
3643.720817 3604.600665 -107.046524
3693.720817 3604.600665 -111.124886
3743.720817 3604.600665 -114.924522
3793.720817 3604.600665 -118.457596
3843.720817 3604.600665 -121.771599
3893.720817 3604.600665 -124.952583
3943.720817 3604.600665 -128.093735
3993.720817 3604.600665 -131.239532
-1256.279183 3654.600665 71.467552
-1206.279183 3654.600665 61.799461
-1156.279183 3654.600665 52.147991
-1106.279183 3654.600665 42.568600
-1056.279183 3654.600665 33.140423
-1006.279183 3654.600665 23.934546
-956.279183 3654.600665 15.030682
-906.279183 3654.600665 6.515196
-856.279183 3654.600665 -1.538267
-806.279183 3654.600665 -9.071641
-756.279183 3654.600665 -15.990636
-706.279183 3654.600665 -22.258883
-656.279183 3654.600665 -27.831385
-606.279183 3654.600665 -32.714073
-556.279183 3654.600665 -36.891857
-506.279183 3654.600665 -40.362511
-456.279183 3654.600665 -43.104706
-406.279183 3654.600665 -45.136440
-356.279183 3654.600665 -46.506828
-306.279183 3654.600665 -47.259525
-256.279183 3654.600665 -47.417252
-206.279183 3654.600665 -47.034595
-156.279183 3654.600665 -46.197998
-106.279183 3654.600665 -45.000229
-56.279183 3654.600665 -43.519844
-6.279183 3654.600665 -41.787884
43.720817 3654.600665 -39.847965
93.720817 3654.600665 -37.726738
143.720817 3654.600665 -35.479591
193.720817 3654.600665 -33.141815
243.720817 3654.600665 -30.762285
293.720817 3654.600665 -28.370611
343.720817 3654.600665 -26.003689
393.720817 3654.600665 -23.690767
443.720817 3654.600665 -21.472628
493.720817 3654.600665 -19.363392
543.720817 3654.600665 -17.384993
593.720817 3654.600665 -15.559234
643.720817 3654.600665 -13.893416
693.720817 3654.600665 -12.388820
743.720817 3654.600665 -11.078488
793.720817 3654.600665 -9.955399
843.720817 3654.600665 -9.006601
893.720817 3654.600665 -8.201111
943.720817 3654.600665 -7.551132
993.720817 3654.600665 -7.059566
1043.720817 3654.600665 -6.707843
1093.720817 3654.600665 -6.500155
1143.720817 3654.600665 -6.417931
1193.720817 3654.600665 -6.449873
1243.720817 3654.600665 -6.595736
1293.720817 3654.600665 -6.868696
1343.720817 3654.600665 -7.259725
1393.720817 3654.600665 -7.749717
1443.720817 3654.600665 -8.318826
1493.720817 3654.600665 -8.930443
1543.720817 3654.600665 -9.596479
1593.720817 3654.600665 -10.310304
1643.720817 3654.600665 -11.081503
1693.720817 3654.600665 -11.926513
1743.720817 3654.600665 -12.850120
1793.720817 3654.600665 -13.826195
1843.720817 3654.600665 -14.830212
1893.720817 3654.600665 -15.817958
1943.720817 3654.600665 -16.768589
1993.720817 3654.600665 -17.687134
2043.720817 3654.600665 -18.621803
2093.720817 3654.600665 -19.612232
2143.720817 3654.600665 -20.707918
2193.720817 3654.600665 -21.969660
2243.720817 3654.600665 -23.407198
2293.720817 3654.600665 -24.972996
2343.720817 3654.600665 -26.606588
2393.720817 3654.600665 -28.292862
2443.720817 3654.600665 -30.047909
2493.720817 3654.600665 -31.875566
2543.720817 3654.600665 -33.786983
2593.720817 3654.600665 -35.773056
2643.720817 3654.600665 -37.816162
2693.720817 3654.600665 -39.942238
2743.720817 3654.600665 -42.151524
2793.720817 3654.600665 -44.490131
2843.720817 3654.600665 -46.965797
2893.720817 3654.600665 -49.604168
2943.720817 3654.600665 -52.427902
2993.720817 3654.600665 -55.521873
3043.720817 3654.600665 -58.901211
3093.720817 3654.600665 -62.606064
3143.720817 3654.600665 -66.686836
3193.720817 3654.600665 -71.162003
3243.720817 3654.600665 -75.981575
3293.720817 3654.600665 -81.112198
3343.720817 3654.600665 -86.530113
3393.720817 3654.600665 -92.184509
3443.720817 3654.600665 -97.935219
3493.720817 3654.600665 -103.656784
3543.720817 3654.600665 -109.236885
3593.720817 3654.600665 -114.594589
3643.720817 3654.600665 -119.721443
3693.720817 3654.600665 -124.637550
3743.720817 3654.600665 -129.355499
3793.720817 3654.600665 -133.883118
3843.720817 3654.600665 -138.218781
3893.720817 3654.600665 -142.417953
3943.720817 3654.600665 -146.562454
3993.720817 3654.600665 -150.703766
-1256.279183 3704.600665 90.961189
-1206.279183 3704.600665 79.972916
-1156.279183 3704.600665 69.018585
-1106.279183 3704.600665 58.127880
-1056.279183 3704.600665 47.365459
-1006.279183 3704.600665 36.822697
-956.279183 3704.600665 26.559780
-906.279183 3704.600665 16.650381
-856.279183 3704.600665 7.173518
-806.279183 3704.600665 -1.806731
-756.279183 3704.600665 -10.223480
-706.279183 3704.600665 -18.006077
-656.279183 3704.600665 -25.129351
-606.279183 3704.600665 -31.566114
-556.279183 3704.600665 -37.305435
-506.279183 3704.600665 -42.313248
-456.279183 3704.600665 -46.585583
-406.279183 3704.600665 -50.130455
-356.279183 3704.600665 -52.998909
-306.279183 3704.600665 -55.222534
-256.279183 3704.600665 -56.805382
-206.279183 3704.600665 -57.753845
-156.279183 3704.600665 -58.131584
-106.279183 3704.600665 -58.053127
-56.279183 3704.600665 -57.545116
-6.279183 3704.600665 -56.651276
43.720817 3704.600665 -55.397442
93.720817 3704.600665 -53.827000
143.720817 3704.600665 -51.967804
193.720817 3704.600665 -49.906406
243.720817 3704.600665 -47.666870
293.720817 3704.600665 -45.292362
343.720817 3704.600665 -42.820000
393.720817 3704.600665 -40.281097
443.720817 3704.600665 -37.700001
493.720817 3704.600665 -35.146313
543.720817 3704.600665 -32.630512
593.720817 3704.600665 -30.169312
643.720817 3704.600665 -27.785433
693.720817 3704.600665 -25.512163
743.720817 3704.600665 -23.363333
793.720817 3704.600665 -21.348209
843.720817 3704.600665 -19.468584
893.720817 3704.600665 -17.732353
943.720817 3704.600665 -16.142076
993.720817 3704.600665 -14.706705
1043.720817 3704.600665 -13.431089
1093.720817 3704.600665 -12.316005
1143.720817 3704.600665 -11.378999
1193.720817 3704.600665 -10.595998
1243.720817 3704.600665 -9.988589
1293.720817 3704.600665 -9.549682
1343.720817 3704.600665 -9.261642
1393.720817 3704.600665 -9.129988
1443.720817 3704.600665 -9.110078
1493.720817 3704.600665 -9.155068
1543.720817 3704.600665 -9.272373
1593.720817 3704.600665 -9.506513
1643.720817 3704.600665 -9.881914
1693.720817 3704.600665 -10.418427
1743.720817 3704.600665 -11.096223
1793.720817 3704.600665 -11.855920
1843.720817 3704.600665 -12.651767
1893.720817 3704.600665 -13.492086
1943.720817 3704.600665 -14.321343
1993.720817 3704.600665 -15.151920
2043.720817 3704.600665 -16.011135
2093.720817 3704.600665 -16.939896
2143.720817 3704.600665 -18.001137
2193.720817 3704.600665 -19.248915
2243.720817 3704.600665 -20.715307
2293.720817 3704.600665 -22.351402
2343.720817 3704.600665 -24.111292
2393.720817 3704.600665 -25.969288
2443.720817 3704.600665 -27.946228
2493.720817 3704.600665 -30.063782
2543.720817 3704.600665 -32.327026
2593.720817 3704.600665 -34.726357
2643.720817 3704.600665 -37.256863
2693.720817 3704.600665 -39.908958
2743.720817 3704.600665 -42.714596
2793.720817 3704.600665 -45.663620
2843.720817 3704.600665 -48.786880
2893.720817 3704.600665 -52.088726
2943.720817 3704.600665 -55.623089
2993.720817 3704.600665 -59.420483
3043.720817 3704.600665 -63.511005
3093.720817 3704.600665 -67.945076
3143.720817 3704.600665 -72.743469
3193.720817 3704.600665 -77.895538
3243.720817 3704.600665 -83.375961
3293.720817 3704.600665 -89.149437
3343.720817 3704.600665 -95.202133
3393.720817 3704.600665 -101.469688
3443.720817 3704.600665 -107.846886
3493.720817 3704.600665 -114.211617
3543.720817 3704.600665 -120.483948
3593.720817 3704.600665 -126.604950
3643.720817 3704.600665 -132.550919
3693.720817 3704.600665 -138.327286
3743.720817 3704.600665 -143.959473
3793.720817 3704.600665 -149.452377
3843.720817 3704.600665 -154.803604
3893.720817 3704.600665 -160.045776
3943.720817 3704.600665 -165.209137
3993.720817 3704.600665 -170.353287
-1256.279183 3754.600665 110.951530
-1206.279183 3754.600665 98.498512
-1156.279183 3754.600665 86.104019
-1106.279183 3754.600665 73.782745
-1056.279183 3754.600665 61.607697
-1006.279183 3754.600665 49.655098
-956.279183 3754.600665 37.984768
-906.279183 3754.600665 26.652325
-856.279183 3754.600665 15.736881
-806.279183 3754.600665 5.301653
-756.279183 3754.600665 -4.600194
-706.279183 3754.600665 -13.897350
-656.279183 3754.600665 -22.533709
-606.279183 3754.600665 -30.512108
-556.279183 3754.600665 -37.776295
-506.279183 3754.600665 -44.320702
-456.279183 3754.600665 -50.116486
-406.279183 3754.600665 -55.173409
-356.279183 3754.600665 -59.529079
-306.279183 3754.600665 -63.215801
-256.279183 3754.600665 -66.228455
-206.279183 3754.600665 -68.512184
-156.279183 3754.600665 -70.122307
-106.279183 3754.600665 -71.136436
-56.279183 3754.600665 -71.594246
-6.279183 3754.600665 -71.527168
43.720817 3754.600665 -70.975220
93.720817 3754.600665 -69.968475
143.720817 3754.600665 -68.557045
193.720817 3754.600665 -66.797264
243.720817 3754.600665 -64.739830
293.720817 3754.600665 -62.398964
343.720817 3754.600665 -59.835148
393.720817 3754.600665 -57.067059
443.720817 3754.600665 -54.155972
493.720817 3754.600665 -51.144596
543.720817 3754.600665 -48.072090
593.720817 3754.600665 -44.973923
643.720817 3754.600665 -41.885231
693.720817 3754.600665 -38.830307
743.720817 3754.600665 -35.842262
793.720817 3754.600665 -32.941605
843.720817 3754.600665 -30.156809
893.720817 3754.600665 -27.510550
943.720817 3754.600665 -24.987429
993.720817 3754.600665 -22.607437
1043.720817 3754.600665 -20.398287
1093.720817 3754.600665 -18.391214
1143.720817 3754.600665 -16.584263
1193.720817 3754.600665 -14.983541
1243.720817 3754.600665 -13.589276
1293.720817 3754.600665 -12.399582
1343.720817 3754.600665 -11.405021
1393.720817 3754.600665 -10.598020
1443.720817 3754.600665 -9.937833
1493.720817 3754.600665 -9.398078
1543.720817 3754.600665 -8.981666
1593.720817 3754.600665 -8.732965
1643.720817 3754.600665 -8.729084
1693.720817 3754.600665 -8.951743
1743.720817 3754.600665 -9.363633
1793.720817 3754.600665 -9.892449
1843.720817 3754.600665 -10.494820
1893.720817 3754.600665 -11.160025
1943.720817 3754.600665 -11.888440
1993.720817 3754.600665 -12.632958
2043.720817 3754.600665 -13.439631
2093.720817 3754.600665 -14.329682
2143.720817 3754.600665 -15.365218
2193.720817 3754.600665 -16.609762
2243.720817 3754.600665 -18.070021
2293.720817 3754.600665 -19.754700
2343.720817 3754.600665 -21.615801
2393.720817 3754.600665 -23.628975
2443.720817 3754.600665 -25.816471
2493.720817 3754.600665 -28.197617
2543.720817 3754.600665 -30.802269
2593.720817 3754.600665 -33.621971
2643.720817 3754.600665 -36.627247
2693.720817 3754.600665 -39.842133
2743.720817 3754.600665 -43.246284
2793.720817 3754.600665 -46.831573
2843.720817 3754.600665 -50.611649
2893.720817 3754.600665 -54.614941
2943.720817 3754.600665 -58.865078
2993.720817 3754.600665 -63.368782
3043.720817 3754.600665 -68.178619
3093.720817 3754.600665 -73.328079
3143.720817 3754.600665 -78.837517
3193.720817 3754.600665 -84.672127
3243.720817 3754.600665 -90.788483
3293.720817 3754.600665 -97.202606
3343.720817 3754.600665 -103.878723
3393.720817 3754.600665 -110.758110
3443.720817 3754.600665 -117.751686
3493.720817 3754.600665 -124.774269
3543.720817 3754.600665 -131.755539
3593.720817 3754.600665 -138.681274
3643.720817 3754.600665 -145.481384
3693.720817 3754.600665 -152.155945
3743.720817 3754.600665 -158.703049
3793.720817 3754.600665 -165.153564
3843.720817 3754.600665 -171.513184
3893.720817 3754.600665 -177.799332
3943.720817 3754.600665 -184.016846
3993.720817 3754.600665 -190.190811
-1256.279183 3804.600665 131.320648
-1206.279183 3804.600665 117.297302
-1156.279183 3804.600665 103.341797
-1106.279183 3804.600665 89.505852
-1056.279183 3804.600665 75.844734
-1006.279183 3804.600665 62.429760
-956.279183 3804.600665 49.306091
-906.279183 3804.600665 36.546810
-856.279183 3804.600665 24.197674
-806.279183 3804.600665 12.301938
-756.279183 3804.600665 0.922974
-706.279183 3804.600665 -9.867008
-656.279183 3804.600665 -20.015326
-606.279183 3804.600665 -29.497572
-556.279183 3804.600665 -38.293350
-506.279183 3804.600665 -46.363415
-456.279183 3804.600665 -53.688774
-406.279183 3804.600665 -60.277081
-356.279183 3804.600665 -66.125046
-306.279183 3804.600665 -71.259254
-256.279183 3804.600665 -75.665703
-206.279183 3804.600665 -79.292709
-156.279183 3804.600665 -82.139023
-106.279183 3804.600665 -84.241859
-56.279183 3804.600665 -85.651794
-6.279183 3804.600665 -86.411285
43.720817 3804.600665 -86.574219
93.720817 3804.600665 -86.155373
143.720817 3804.600665 -85.209282
193.720817 3804.600665 -83.783287
243.720817 3804.600665 -81.928612
293.720817 3804.600665 -79.654678
343.720817 3804.600665 -76.988213
393.720817 3804.600665 -74.002167
443.720817 3804.600665 -70.764633
493.720817 3804.600665 -67.296814
543.720817 3804.600665 -63.669579
593.720817 3804.600665 -59.940220
643.720817 3804.600665 -56.127251
693.720817 3804.600665 -52.276058
743.720817 3804.600665 -48.430832
793.720817 3804.600665 -44.663368
843.720817 3804.600665 -40.995068
893.720817 3804.600665 -37.440975
943.720817 3804.600665 -33.990993
993.720817 3804.600665 -30.691895
1043.720817 3804.600665 -27.578180
1093.720817 3804.600665 -24.689438
1143.720817 3804.600665 -22.028925
1193.720817 3804.600665 -19.570732
1243.720817 3804.600665 -17.348063
1293.720817 3804.600665 -15.376171
1343.720817 3804.600665 -13.643214
1393.720817 3804.600665 -12.129176
1443.720817 3804.600665 -10.787721
1493.720817 3804.600665 -9.637595
1543.720817 3804.600665 -8.695824
1593.720817 3804.600665 -8.003716
1643.720817 3804.600665 -7.605982
1693.720817 3804.600665 -7.501382
1743.720817 3804.600665 -7.621440
1793.720817 3804.600665 -7.922549
1843.720817 3804.600665 -8.339005
1893.720817 3804.600665 -8.860937
1943.720817 3804.600665 -9.456191
1993.720817 3804.600665 -10.137048
2043.720817 3804.600665 -10.900292
2093.720817 3804.600665 -11.782399
2143.720817 3804.600665 -12.805986
2193.720817 3804.600665 -14.034430
2243.720817 3804.600665 -15.503267
2293.720817 3804.600665 -17.199139
2343.720817 3804.600665 -19.118397
2393.720817 3804.600665 -21.256771
2443.720817 3804.600665 -23.641088
2493.720817 3804.600665 -26.283001
2543.720817 3804.600665 -29.220980
2593.720817 3804.600665 -32.444942
2643.720817 3804.600665 -35.949142
2693.720817 3804.600665 -39.719288
2743.720817 3804.600665 -43.738075
2793.720817 3804.600665 -47.974831
2843.720817 3804.600665 -52.429638
2893.720817 3804.600665 -57.134209
2943.720817 3804.600665 -62.095455
2993.720817 3804.600665 -67.319557
3043.720817 3804.600665 -72.841354
3093.720817 3804.600665 -78.719856
3143.720817 3804.600665 -84.933929
3193.720817 3804.600665 -91.439087
3243.720817 3804.600665 -98.224945
3293.720817 3804.600665 -105.288589
3343.720817 3804.600665 -112.604523
3393.720817 3804.600665 -120.091331
3443.720817 3804.600665 -127.712669
3493.720817 3804.600665 -135.395294
3543.720817 3804.600665 -143.101807
3593.720817 3804.600665 -150.807495
3643.720817 3804.600665 -158.473434
3693.720817 3804.600665 -166.047974
3743.720817 3804.600665 -173.552185
3793.720817 3804.600665 -180.967880
3843.720817 3804.600665 -188.341293
3893.720817 3804.600665 -195.671524
3943.720817 3804.600665 -202.953339
3993.720817 3804.600665 -210.200256
-1256.279183 3854.600665 151.918976
-1206.279183 3854.600665 136.248703
-1156.279183 3854.600665 120.675041
-1106.279183 3854.600665 105.260262
-1056.279183 3854.600665 90.060936
-1006.279183 3854.600665 75.142891
-956.279183 3854.600665 60.557621
-906.279183 3854.600665 46.354515
-856.279183 3854.600665 32.566380
-806.279183 3854.600665 19.230242
-756.279183 3854.600665 6.397821
-706.279183 3854.600665 -5.865984
-656.279183 3854.600665 -17.516468
-606.279183 3854.600665 -28.514290
-556.279183 3854.600665 -38.832142
-506.279183 3854.600665 -48.441277
-456.279183 3854.600665 -57.322418
-406.279183 3854.600665 -65.440849
-356.279183 3854.600665 -72.789726
-306.279183 3854.600665 -79.355125
-256.279183 3854.600665 -85.131409
-206.279183 3854.600665 -90.070183
-156.279183 3854.600665 -94.141106
-106.279183 3854.600665 -97.336533
-56.279183 3854.600665 -99.702934
-6.279183 3854.600665 -101.306480
43.720817 3854.600665 -102.174576
93.720817 3854.600665 -102.359543
143.720817 3854.600665 -101.890648
193.720817 3854.600665 -100.817551
243.720817 3854.600665 -99.184853
293.720817 3854.600665 -96.990326
343.720817 3854.600665 -94.244316
393.720817 3854.600665 -91.046326
443.720817 3854.600665 -87.468430
493.720817 3854.600665 -83.564156
543.720817 3854.600665 -79.395775
593.720817 3854.600665 -75.020004
643.720817 3854.600665 -70.472809
693.720817 3854.600665 -65.797218
743.720817 3854.600665 -61.095879
793.720817 3854.600665 -56.441345
843.720817 3854.600665 -51.883553
893.720817 3854.600665 -47.420982
943.720817 3854.600665 -43.072086
993.720817 3854.600665 -38.888428
1043.720817 3854.600665 -34.920841
1093.720817 3854.600665 -31.176506
1143.720817 3854.600665 -27.641212
1193.720817 3854.600665 -24.324568
1243.720817 3854.600665 -21.266638
1293.720817 3854.600665 -18.468416
1343.720817 3854.600665 -15.950684
1393.720817 3854.600665 -13.673347
1443.720817 3854.600665 -11.644873
1493.720817 3854.600665 -9.884006
1543.720817 3854.600665 -8.417291
1593.720817 3854.600665 -7.273734
1643.720817 3854.600665 -6.489089
1693.720817 3854.600665 -6.038441
1743.720817 3854.600665 -5.889030
1793.720817 3854.600665 -5.954759
1843.720817 3854.600665 -6.196153
1893.720817 3854.600665 -6.555848
1943.720817 3854.600665 -7.048340
1993.720817 3854.600665 -7.657781
2043.720817 3854.600665 -8.414143
2093.720817 3854.600665 -9.295076
2143.720817 3854.600665 -10.325972
2193.720817 3854.600665 -11.546933
2243.720817 3854.600665 -12.989102
2293.720817 3854.600665 -14.664412
2343.720817 3854.600665 -16.601700
2393.720817 3854.600665 -18.843100
2443.720817 3854.600665 -21.398497
2493.720817 3854.600665 -24.308159
2543.720817 3854.600665 -27.586498
2593.720817 3854.600665 -31.238216
2643.720817 3854.600665 -35.245613
2693.720817 3854.600665 -39.575474
2743.720817 3854.600665 -44.197006
2793.720817 3854.600665 -49.081779
2843.720817 3854.600665 -54.210407
2893.720817 3854.600665 -59.599003
2943.720817 3854.600665 -65.261482
2993.720817 3854.600665 -71.205666
3043.720817 3854.600665 -77.472763
3093.720817 3854.600665 -84.070244
3143.720817 3854.600665 -90.993034
3193.720817 3854.600665 -98.187416
3243.720817 3854.600665 -105.654251
3293.720817 3854.600665 -113.397583
3343.720817 3854.600665 -121.353996
3393.720817 3854.600665 -129.474274
3443.720817 3854.600665 -137.726761
3493.720817 3854.600665 -146.086731
3543.720817 3854.600665 -154.519119
3593.720817 3854.600665 -163.004623
3643.720817 3854.600665 -171.503967
3693.720817 3854.600665 -179.998001
3743.720817 3854.600665 -188.454544
3793.720817 3854.600665 -196.883057
3843.720817 3854.600665 -205.286499
3893.720817 3854.600665 -213.663361
3943.720817 3854.600665 -222.010345
3993.720817 3854.600665 -230.335083
-1256.279183 3904.600665 172.569962
-1206.279183 3904.600665 155.242538
-1156.279183 3904.600665 138.046753
-1106.279183 3904.600665 121.031776
-1056.279183 3904.600665 104.267006
-1006.279183 3904.600665 87.829201
-956.279183 3904.600665 71.762421
-906.279183 3904.600665 56.094677
-856.279183 3904.600665 40.860977
-806.279183 3904.600665 26.087286
-756.279183 3904.600665 11.821077
-706.279183 3904.600665 -1.884107
-656.279183 3904.600665 -15.013159
-606.279183 3904.600665 -27.526110
-556.279183 3904.600665 -39.383301
-506.279183 3904.600665 -50.558228
-456.279183 3904.600665 -60.999126
-406.279183 3904.600665 -70.658546
-356.279183 3904.600665 -79.503632
-306.279183 3904.600665 -87.496162
-256.279183 3904.600665 -94.619766
-206.279183 3904.600665 -100.850357
-156.279183 3904.600665 -106.113434
-106.279183 3904.600665 -110.401627
-56.279183 3904.600665 -113.751259
-6.279183 3904.600665 -116.208199
43.720817 3904.600665 -117.807869
93.720817 3904.600665 -118.579750
143.720817 3904.600665 -118.583984
193.720817 3904.600665 -117.865829
243.720817 3904.600665 -116.457146
293.720817 3904.600665 -114.356903
343.720817 3904.600665 -111.567657
393.720817 3904.600665 -108.175003
443.720817 3904.600665 -104.271355
493.720817 3904.600665 -99.910927
543.720817 3904.600665 -95.179802
593.720817 3904.600665 -90.152611
643.720817 3904.600665 -84.855743
693.720817 3904.600665 -79.369537
743.720817 3904.600665 -73.795593
793.720817 3904.600665 -68.243408
843.720817 3904.600665 -62.766403
893.720817 3904.600665 -57.398621
943.720817 3904.600665 -52.182354
993.720817 3904.600665 -47.152603
1043.720817 3904.600665 -42.349693
1093.720817 3904.600665 -37.765656
1143.720817 3904.600665 -33.379925
1193.720817 3904.600665 -29.206697
1243.720817 3904.600665 -25.288824
1293.720817 3904.600665 -21.655544
1343.720817 3904.600665 -18.296085
1393.720817 3904.600665 -15.238441
1443.720817 3904.600665 -12.504643
1493.720817 3904.600665 -10.133110
1543.720817 3904.600665 -8.143498
1593.720817 3904.600665 -6.551365
1643.720817 3904.600665 -5.370367
1693.720817 3904.600665 -4.587095
1743.720817 3904.600665 -4.148922
1793.720817 3904.600665 -3.992027
1843.720817 3904.600665 -4.029864
1893.720817 3904.600665 -4.255155
1943.720817 3904.600665 -4.650194
1993.720817 3904.600665 -5.236143
2043.720817 3904.600665 -5.982385
2093.720817 3904.600665 -6.868053
2143.720817 3904.600665 -7.904358
2193.720817 3904.600665 -9.108890
2243.720817 3904.600665 -10.504073
2293.720817 3904.600665 -12.135831
2343.720817 3904.600665 -14.063563
2393.720817 3904.600665 -16.361971
2443.720817 3904.600665 -19.088932
2493.720817 3904.600665 -22.268528
2543.720817 3904.600665 -25.913181
2593.720817 3904.600665 -30.011974
2643.720817 3904.600665 -34.540092
2693.720817 3904.600665 -39.424549
2743.720817 3904.600665 -44.628815
2793.720817 3904.600665 -50.131054
2843.720817 3904.600665 -55.918392
2893.720817 3904.600665 -61.992756
2943.720817 3904.600665 -68.361824
2993.720817 3904.600665 -75.048203
3043.720817 3904.600665 -82.052795
3093.720817 3904.600665 -89.388420
3143.720817 3904.600665 -97.013718
3193.720817 3904.600665 -104.910217
3243.720817 3904.600665 -113.080978
3293.720817 3904.600665 -121.496323
3343.720817 3904.600665 -130.098099
3393.720817 3904.600665 -138.864502
3443.720817 3904.600665 -147.777100
3493.720817 3904.600665 -156.825089
3543.720817 3904.600665 -165.989868
3593.720817 3904.600665 -175.243942
3643.720817 3904.600665 -184.574402
3693.720817 3904.600665 -193.963776
3743.720817 3904.600665 -203.395782
3793.720817 3904.600665 -212.853714
3843.720817 3904.600665 -222.316071
3893.720817 3904.600665 -231.753387
3943.720817 3904.600665 -241.141327
3993.720817 3904.600665 -250.509399
-1256.279183 3954.600665 193.023529
-1206.279183 3954.600665 174.198349
-1156.279183 3954.600665 155.427124
-1106.279183 3954.600665 136.810165
-1056.279183 3954.600665 118.477264
-1006.279183 3954.600665 100.508545
-956.279183 3954.600665 82.948524
-906.279183 3954.600665 65.806801
-856.279183 3954.600665 49.106472
-806.279183 3954.600665 32.893806
-756.279183 3954.600665 17.223402
-706.279183 3954.600665 2.095088
-656.279183 3954.600665 -12.498269
-606.279183 3954.600665 -26.525229
-556.279183 3954.600665 -39.947235
-506.279183 3954.600665 -52.697723
-456.279183 3954.600665 -64.706139
-406.279183 3954.600665 -75.915489
-356.279183 3954.600665 -86.251762
-306.279183 3954.600665 -95.654373
-256.279183 3954.600665 -104.114189
-206.279183 3954.600665 -111.619171
-156.279183 3954.600665 -118.083084
-106.279183 3954.600665 -123.458954
-56.279183 3954.600665 -127.781876
-6.279183 3954.600665 -131.096786
43.720817 3954.600665 -133.428391
93.720817 3954.600665 -134.809555
143.720817 3954.600665 -135.278030
193.720817 3954.600665 -134.899216
243.720817 3954.600665 -133.714951
293.720817 3954.600665 -131.719437
343.720817 3954.600665 -128.917191
393.720817 3954.600665 -125.361595
443.720817 3954.600665 -121.119537
493.720817 3954.600665 -116.286446
543.720817 3954.600665 -110.985672
593.720817 3954.600665 -105.296249
643.720817 3954.600665 -99.258606
693.720817 3954.600665 -92.957222
743.720817 3954.600665 -86.521011
793.720817 3954.600665 -80.049606
843.720817 3954.600665 -73.638832
893.720817 3954.600665 -67.356674
943.720817 3954.600665 -61.274036
993.720817 3954.600665 -55.434181
1043.720817 3954.600665 -49.822380
1093.720817 3954.600665 -44.399529
1143.720817 3954.600665 -39.165554
1193.720817 3954.600665 -34.159348
1243.720817 3954.600665 -29.382042
1293.720817 3954.600665 -24.874279
1343.720817 3954.600665 -20.668468
1393.720817 3954.600665 -16.814337
1443.720817 3954.600665 -13.371413
1493.720817 3954.600665 -10.378328
1543.720817 3954.600665 -7.868487
1593.720817 3954.600665 -5.839732
1643.720817 3954.600665 -4.281996
1693.720817 3954.600665 -3.160143
1743.720817 3954.600665 -2.412653
1793.720817 3954.600665 -1.997100
1843.720817 3954.600665 -1.866199
1893.720817 3954.600665 -1.959469
1943.720817 3954.600665 -2.282460
1993.720817 3954.600665 -2.837007
2043.720817 3954.600665 -3.569797
2093.720817 3954.600665 -4.459320
2143.720817 3954.600665 -5.507304
2193.720817 3954.600665 -6.687892
2243.720817 3954.600665 -8.030346
2293.720817 3954.600665 -9.613826
2343.720817 3954.600665 -11.525861
2393.720817 3954.600665 -13.862867
2443.720817 3954.600665 -16.720194
2493.720817 3954.600665 -20.176256
2543.720817 3954.600665 -24.225111
2593.720817 3954.600665 -28.804207
2643.720817 3954.600665 -33.823708
2693.720817 3954.600665 -39.243530
2743.720817 3954.600665 -45.026257
2793.720817 3954.600665 -51.144024
2843.720817 3954.600665 -57.589710
2893.720817 3954.600665 -64.355934
2943.720817 3954.600665 -71.442116
2993.720817 3954.600665 -78.854767
3043.720817 3954.600665 -86.616142
3093.720817 3954.600665 -94.687439
3143.720817 3954.600665 -103.021713
3193.720817 3954.600665 -111.629929
3243.720817 3954.600665 -120.498131
3293.720817 3954.600665 -129.577255
3343.720817 3954.600665 -138.835892
3393.720817 3954.600665 -148.247467
3443.720817 3954.600665 -157.837311
3493.720817 3954.600665 -167.606293
3543.720817 3954.600665 -177.512512
3593.720817 3954.600665 -187.523804
3643.720817 3954.600665 -197.647507
3693.720817 3954.600665 -207.925446
3743.720817 3954.600665 -218.350296
3793.720817 3954.600665 -228.869308
3843.720817 3954.600665 -239.395050
3893.720817 3954.600665 -249.867020
3943.720817 3954.600665 -260.297028
3993.720817 3954.600665 -270.695679