6545.112747 7204.872213 256.041412
6595.112747 7204.872213 255.320541
6645.112747 7204.872213 254.613312
6695.112747 7204.872213 253.940308
6745.112747 7204.872213 253.265030
6795.112747 7204.872213 252.478638
6845.112747 7204.872213 251.458069
6895.112747 7204.872213 250.038620
6945.112747 7204.872213 248.100967
6995.112747 7204.872213 245.606720
7045.112747 7204.872213 242.626938
7095.112747 7204.872213 239.291245
7145.112747 7204.872213 235.787445
7195.112747 7204.872213 232.383850
7245.112747 7204.872213 229.232376
7295.112747 7204.872213 226.450729
7345.112747 7204.872213 224.171112
7395.112747 7204.872213 222.394684
7445.112747 7204.872213 221.038025
7495.112747 7204.872213 220.097778
7545.112747 7204.872213 219.571335
7595.112747 7204.872213 219.369827
7645.112747 7204.872213 219.495102
7695.112747 7204.872213 220.017609
7745.112747 7204.872213 220.877457
7795.112747 7204.872213 221.901199
7845.112747 7204.872213 222.978882
7895.112747 7204.872213 223.985748
7945.112747 7204.872213 224.875336
7995.112747 7204.872213 225.523483
8045.112747 7204.872213 225.846054
8095.112747 7204.872213 225.744553
8145.112747 7204.872213 225.091156
8195.112747 7204.872213 223.790848
8245.112747 7204.872213 221.754089
8295.112747 7204.872213 218.959732
8345.112747 7204.872213 215.372925
8395.112747 7204.872213 210.994858
8445.112747 7204.872213 205.802979
8495.112747 7204.872213 199.829147
8545.112747 7204.872213 193.082443
8595.112747 7204.872213 185.480179
8645.112747 7204.872213 177.005310
8695.112747 7204.872213 167.606171
8745.112747 7204.872213 157.281494
8795.112747 7204.872213 146.096878
8845.112747 7204.872213 134.169174
8895.112747 7204.872213 121.797249
8945.112747 7204.872213 109.325500
8995.112747 7204.872213 97.253021
9045.112747 7204.872213 86.242226
9095.112747 7204.872213 77.167549
9145.112747 7204.872213 71.291779
9195.112747 7204.872213 67.342964
9245.112747 7204.872213 64.643791
9295.112747 7204.872213 62.665833
9345.112747 7204.872213 61.017323
9395.112747 7204.872213 59.466488
9445.112747 7204.872213 57.898426
9495.112747 7204.872213 56.298313
9545.112747 7204.872213 54.730068
9595.112747 7204.872213 53.140015
9645.112747 7204.872213 51.408859
9695.112747 7204.872213 49.459503
9745.112747 7204.872213 47.202972
9795.112747 7204.872213 44.703094
9845.112747 7204.872213 42.099075
9895.112747 7204.872213 39.554382
9945.112747 7204.872213 37.091492
9995.112747 7204.872213 34.712845
10045.112747 7204.872213 32.385109
10095.112747 7204.872213 30.130848
10145.112747 7204.872213 28.119707
10195.112747 7204.872213 26.458221
10245.112747 7204.872213 25.175707
10295.112747 7204.872213 24.281576
10345.112747 7204.872213 23.817417
10395.112747 7204.872213 23.766422
10445.112747 7204.872213 24.172766
10495.112747 7204.872213 25.088659
10545.112747 7204.872213 26.515699
10595.112747 7204.872213 28.489901
10645.112747 7204.872213 31.032595
10695.112747 7204.872213 34.095718
10745.112747 7204.872213 37.714470
10795.112747 7204.872213 41.894745
10845.112747 7204.872213 46.673172
10895.112747 7204.872213 52.122852
10945.112747 7204.872213 58.211063
10995.112747 7204.872213 64.815887
11045.112747 7204.872213 71.888611
11095.112747 7204.872213 79.384720
11145.112747 7204.872213 87.267754
11195.112747 7204.872213 95.448067
11245.112747 7204.872213 103.675293
11295.112747 7204.872213 111.609840
11345.112747 7204.872213 119.044632
11395.112747 7204.872213 125.836052
11445.112747 7204.872213 131.907272
11495.112747 7204.872213 137.124802
11545.112747 7204.872213 141.421005
11595.112747 7204.872213 144.824768
11645.112747 7204.872213 147.368500
11695.112747 7204.872213 149.142227
11745.112747 7204.872213 150.305664
11795.112747 7204.872213 151.053925
11845.112747 7204.872213 151.522125
11895.112747 7204.872213 151.748993
11945.112747 7204.872213 151.789185
11995.112747 7204.872213 151.596619
12045.112747 7204.872213 151.163498
12095.112747 7204.872213 150.486801
12145.112747 7204.872213 149.524811
12195.112747 7204.872213 148.261673
12245.112747 7204.872213 146.685059
12295.112747 7204.872213 144.759094
12345.112747 7204.872213 142.441162
12395.112747 7204.872213 139.706696
12445.112747 7204.872213 136.558807
12495.112747 7204.872213 133.025925
12545.112747 7204.872213 129.158646
12595.112747 7204.872213 125.034889
12645.112747 7204.872213 120.770844
12695.112747 7204.872213 116.474922
12745.112747 7204.872213 112.175476
12795.112747 7204.872213 107.935844
12845.112747 7204.872213 103.784302
12895.112747 7204.872213 99.831673
12945.112747 7204.872213 96.270485
12995.112747 7204.872213 93.180916
13045.112747 7204.872213 90.455566
13095.112747 7204.872213 87.970924
13145.112747 7204.872213 85.643303
13195.112747 7204.872213 83.392303
13245.112747 7204.872213 81.171898
13295.112747 7204.872213 79.023682
13345.112747 7204.872213 77.088455
13395.112747 7204.872213 75.524895
13445.112747 7204.872213 74.400299
13495.112747 7204.872213 73.605225
13545.112747 7204.872213 72.917442
13595.112747 7204.872213 72.177513
13645.112747 7204.872213 71.399521
13695.112747 7204.872213 70.627998
13745.112747 7204.872213 69.894554
13795.112747 7204.872213 69.300056
13845.112747 7204.872213 68.900490
13895.112747 7204.872213 68.744514
13945.112747 7204.872213 68.827408
13995.112747 7204.872213 68.972290
6545.112747 7254.872213 250.069672
6595.112747 7254.872213 249.642685
6645.112747 7254.872213 249.241455
6695.112747 7254.872213 248.837799
6745.112747 7254.872213 248.373215
6795.112747 7254.872213 247.727158
6845.112747 7254.872213 246.845398
6895.112747 7254.872213 245.665283
6945.112747 7254.872213 244.090027
6995.112747 7254.872213 242.072372
7045.112747 7254.872213 239.676361
7095.112747 7254.872213 237.010361
7145.112747 7254.872213 234.210556
7195.112747 7254.872213 231.410477
7245.112747 7254.872213 228.765717
7295.112747 7254.872213 226.407623
7345.112747 7254.872213 224.404831
7395.112747 7254.872213 222.806976
7445.112747 7254.872213 221.562561
7495.112747 7254.872213 220.660675
7545.112747 7254.872213 220.127350
7595.112747 7254.872213 219.872772
7645.112747 7254.872213 219.884567
7695.112747 7254.872213 220.130997
7745.112747 7254.872213 220.597839
7795.112747 7254.872213 221.255386
7845.112747 7254.872213 221.967636
7895.112747 7254.872213 222.602768
7945.112747 7254.872213 223.084732
7995.112747 7254.872213 223.332413
8045.112747 7254.872213 223.278809
8095.112747 7254.872213 222.837906
8145.112747 7254.872213 221.919617
8195.112747 7254.872213 220.429352
8245.112747 7254.872213 218.282333
8295.112747 7254.872213 215.448685
8345.112747 7254.872213 211.938492
8395.112747 7254.872213 207.689072
8445.112747 7254.872213 202.679550
8495.112747 7254.872213 196.952499
8545.112747 7254.872213 190.508011
8595.112747 7254.872213 183.291183
8645.112747 7254.872213 175.348892
8695.112747 7254.872213 166.695755
8745.112747 7254.872213 157.325943
8795.112747 7254.872213 147.326324
8845.112747 7254.872213 136.839508
8895.112747 7254.872213 126.075661
8945.112747 7254.872213 115.386604
8995.112747 7254.872213 105.210213
9045.112747 7254.872213 96.066147
9095.112747 7254.872213 88.526443
9145.112747 7254.872213 82.933578
9195.112747 7254.872213 79.024330
9245.112747 7254.872213 76.367111
9295.112747 7254.872213 74.535652
9345.112747 7254.872213 73.216057
9395.112747 7254.872213 72.165321
9445.112747 7254.872213 71.207642
9495.112747 7254.872213 70.265152
9545.112747 7254.872213 69.301483
9595.112747 7254.872213 68.283012
9645.112747 7254.872213 67.156120
9695.112747 7254.872213 65.865814
9745.112747 7254.872213 64.392418
9795.112747 7254.872213 62.725643
9845.112747 7254.872213 60.962227
9895.112747 7254.872213 59.203678
9945.112747 7254.872213 57.452099
9995.112747 7254.872213 55.688019
10045.112747 7254.872213 53.944401
10095.112747 7254.872213 52.263405
10145.112747 7254.872213 50.741520
10195.112747 7254.872213 49.473072
10245.112747 7254.872213 48.484814
10295.112747 7254.872213 47.864628
10345.112747 7254.872213 47.612396
10395.112747 7254.872213 47.750660
10445.112747 7254.872213 48.236671
10495.112747 7254.872213 49.141819
10545.112747 7254.872213 50.465054
10595.112747 7254.872213 52.232876
10645.112747 7254.872213 54.438709
10695.112747 7254.872213 57.066216
10745.112747 7254.872213 60.146008
10795.112747 7254.872213 63.667828
10845.112747 7254.872213 67.638344
10895.112747 7254.872213 72.134567
10945.112747 7254.872213 77.149765
10995.112747 7254.872213 82.594879
11045.112747 7254.872213 88.409096
11095.112747 7254.872213 94.591774
11145.112747 7254.872213 101.039436
11195.112747 7254.872213 107.662651
11245.112747 7254.872213 114.201721
11295.112747 7254.872213 120.433403
11345.112747 7254.872213 126.197235
11395.112747 7254.872213 131.407089
11445.112747 7254.872213 135.988129
11495.112747 7254.872213 139.856277
11545.112747 7254.872213 142.933990
11595.112747 7254.872213 145.251007
11645.112747 7254.872213 146.809662
11695.112747 7254.872213 147.728226
11745.112747 7254.872213 148.124435
11795.112747 7254.872213 148.137878
11845.112747 7254.872213 147.913773
11895.112747 7254.872213 147.499496
11945.112747 7254.872213 146.882233
11995.112747 7254.872213 146.058838
12045.112747 7254.872213 145.056915
12095.112747 7254.872213 143.928238
12145.112747 7254.872213 142.597763
12195.112747 7254.872213 141.008392
12245.112747 7254.872213 139.127487
12295.112747 7254.872213 136.953690
12345.112747 7254.872213 134.443542
12395.112747 7254.872213 131.640121
12445.112747 7254.872213 128.529434
12495.112747 7254.872213 125.109596
12545.112747 7254.872213 121.419685
12595.112747 7254.872213 117.521240
12645.112747 7254.872213 113.526306
12695.112747 7254.872213 109.515503
12745.112747 7254.872213 105.569290
12795.112747 7254.872213 101.699013
12845.112747 7254.872213 97.919006
12895.112747 7254.872213 94.323135
12945.112747 7254.872213 91.054642
12995.112747 7254.872213 88.191650
13045.112747 7254.872213 85.700378
13095.112747 7254.872213 83.496635
13145.112747 7254.872213 81.486420
13195.112747 7254.872213 79.581528
13245.112747 7254.872213 77.764404
13295.112747 7254.872213 76.098343
13345.112747 7254.872213 74.662613
13395.112747 7254.872213 73.449478
13445.112747 7254.872213 72.491600
13495.112747 7254.872213 71.732773
13545.112747 7254.872213 71.169777
13595.112747 7254.872213 70.684212
13645.112747 7254.872213 70.264763
13695.112747 7254.872213 69.921127
13745.112747 7254.872213 69.661507
13795.112747 7254.872213 69.521400
13845.112747 7254.872213 69.536346
13895.112747 7254.872213 69.662247
13945.112747 7254.872213 69.910820
13995.112747 7254.872213 70.249222
6545.112747 7304.872213 244.258224
6595.112747 7304.872213 244.101563
6645.112747 7304.872213 243.959778
6695.112747 7304.872213 243.783264
6745.112747 7304.872213 243.487030
6795.112747 7304.872213 242.992798
6845.112747 7304.872213 242.293640
6895.112747 7304.872213 241.347549
6945.112747 7304.872213 240.132248
6995.112747 7304.872213 238.573334
7045.112747 7304.872213 236.750610
7095.112747 7304.872213 234.755951
7145.112747 7304.872213 232.607590
7195.112747 7304.872213 230.385757
7245.112747 7304.872213 228.262817
7295.112747 7304.872213 226.319839
7345.112747 7304.872213 224.612396
7395.112747 7304.872213 223.183456
7445.112747 7304.872213 222.063278
7495.112747 7304.872213 221.256042
7545.112747 7304.872213 220.709488
7595.112747 7304.872213 220.375214
7645.112747 7304.872213 220.214600
7695.112747 7304.872213 220.216843
7745.112747 7304.872213 220.353851
7795.112747 7304.872213 220.641006
7845.112747 7304.872213 220.993546
7895.112747 7304.872213 221.219101
7945.112747 7304.872213 221.292007
7995.112747 7304.872213 221.135666
8045.112747 7304.872213 220.682327
8095.112747 7304.872213 219.913788
8145.112747 7304.872213 218.718597
8195.112747 7304.872213 217.044907
8245.112747 7304.872213 214.816681
8295.112747 7304.872213 211.992310
8345.112747 7304.872213 208.517303
8395.112747 7304.872213 204.363953
8445.112747 7304.872213 199.505615
8495.112747 7304.872213 193.977661
8545.112747 7304.872213 187.817566
8595.112747 7304.872213 181.021881
8645.112747 7304.872213 173.638474
8695.112747 7304.872213 165.741272
8745.112747 7304.872213 157.320206
8795.112747 7304.872213 148.517685
8845.112747 7304.872213 139.423889
8895.112747 7304.872213 130.249924
8945.112747 7304.872213 121.264679
8995.112747 7304.872213 112.850426
9045.112747 7304.872213 105.364311
9095.112747 7304.872213 99.081757
9145.112747 7304.872213 94.105186
9195.112747 7304.872213 90.450661
9245.112747 7304.872213 87.967079
9295.112747 7304.872213 86.387703
9345.112747 7304.872213 85.433273
9395.112747 7304.872213 84.859787
9445.112747 7304.872213 84.504036
9495.112747 7304.872213 84.200859
9545.112747 7304.872213 83.870003
9595.112747 7304.872213 83.472038
9645.112747 7304.872213 82.973289
9695.112747 7304.872213 82.380020
9745.112747 7304.872213 81.659981
9795.112747 7304.872213 80.804550
9845.112747 7304.872213 79.854088
9895.112747 7304.872213 78.834595
9945.112747 7304.872213 77.773788
9995.112747 7304.872213 76.656013
10045.112747 7304.872213 75.505867
10095.112747 7304.872213 74.364899
10145.112747 7304.872213 73.293259
10195.112747 7304.872213 72.399414
10245.112747 7304.872213 71.753891
10295.112747 7304.872213 71.376755
10345.112747 7304.872213 71.353325
10395.112747 7304.872213 71.644867
10445.112747 7304.872213 72.246620
10495.112747 7304.872213 73.157639
10545.112747 7304.872213 74.392586
10595.112747 7304.872213 75.957695
10645.112747 7304.872213 77.829185
10695.112747 7304.872213 80.001518
10745.112747 7304.872213 82.516937
10795.112747 7304.872213 85.345558
10845.112747 7304.872213 88.526031
10895.112747 7304.872213 92.090813
10945.112747 7304.872213 96.046326
10995.112747 7304.872213 100.345589
11045.112747 7304.872213 104.936218
11095.112747 7304.872213 109.791786
11145.112747 7304.872213 114.838127
11195.112747 7304.872213 119.877922
11245.112747 7304.872213 124.765999
11295.112747 7304.872213 129.313217
11345.112747 7304.872213 133.423935
11395.112747 7304.872213 137.061554
11445.112747 7304.872213 140.155228
11495.112747 7304.872213 142.666412
11545.112747 7304.872213 144.515717
11595.112747 7304.872213 145.713974
11645.112747 7304.872213 146.320099
11695.112747 7304.872213 146.394409
11745.112747 7304.872213 146.030029
11795.112747 7304.872213 145.308960
11845.112747 7304.872213 144.355942
11895.112747 7304.872213 143.235107
11945.112747 7304.872213 141.967972
11995.112747 7304.872213 140.558044
12045.112747 7304.872213 139.036362
12095.112747 7304.872213 137.397705
12145.112747 7304.872213 135.644104
12195.112747 7304.872213 133.685959
12245.112747 7304.872213 131.526489
12295.112747 7304.872213 129.116318
12345.112747 7304.872213 126.441696
12395.112747 7304.872213 123.546341
12445.112747 7304.872213 120.451439
12495.112747 7304.872213 117.132683
12545.112747 7304.872213 113.616776
12595.112747 7304.872213 109.968796
12645.112747 7304.872213 106.233818
12695.112747 7304.872213 102.568756
12745.112747 7304.872213 98.983711
12795.112747 7304.872213 95.450012
12845.112747 7304.872213 92.026146
12895.112747 7304.872213 88.766106
12945.112747 7304.872213 85.810280
12995.112747 7304.872213 83.228447
13045.112747 7304.872213 80.981705
13095.112747 7304.872213 79.048485
13145.112747 7304.872213 77.338707
13195.112747 7304.872213 75.785172
13245.112747 7304.872213 74.389664
13295.112747 7304.872213 73.184181
13345.112747 7304.872213 72.146881
13395.112747 7304.872213 71.261307
13445.112747 7304.872213 70.493774
13495.112747 7304.872213 69.891388
13545.112747 7304.872213 69.486404
13595.112747 7304.872213 69.253754
13645.112747 7304.872213 69.173195
13695.112747 7304.872213 69.237747
13745.112747 7304.872213 69.423515
13795.112747 7304.872213 69.720840
13845.112747 7304.872213 70.130302
13895.112747 7304.872213 70.574989
13945.112747 7304.872213 71.042419
13995.112747 7304.872213 71.560608
6545.112747 7354.872213 238.657913
6595.112747 7354.872213 238.697037
6645.112747 7354.872213 238.765991
6695.112747 7354.872213 238.808762
6745.112747 7354.872213 238.650055
6795.112747 7354.872213 238.332321
6845.112747 7354.872213 237.821335
6895.112747 7354.872213 237.171967
6945.112747 7354.872213 236.318237
6995.112747 7354.872213 235.203735
7045.112747 7354.872213 233.894653
7095.112747 7354.872213 232.497131
7145.112747 7354.872213 230.986237
7195.112747 7354.872213 229.345428
7245.112747 7354.872213 227.719131
7295.112747 7354.872213 226.209641
7345.112747 7354.872213 224.801712
7395.112747 7354.872213 223.589600
7445.112747 7354.872213 222.584839
7495.112747 7354.872213 221.836945
7545.112747 7354.872213 221.287628
7595.112747 7354.872213 220.855148
7645.112747 7354.872213 220.522049
7695.112747 7354.872213 220.274918
7745.112747 7354.872213 220.127121
7795.112747 7354.872213 220.062408
7845.112747 7354.872213 220.000916
7895.112747 7354.872213 219.836761
7945.112747 7354.872213 219.485931
7995.112747 7354.872213 218.918411
8045.112747 7354.872213 218.117477
8095.112747 7354.872213 217.001221
8145.112747 7354.872213 215.507965
8195.112747 7354.872213 213.635010
8245.112747 7354.872213 211.325317
8295.112747 7354.872213 208.505524
8345.112747 7354.872213 205.078690
8395.112747 7354.872213 201.012436
8445.112747 7354.872213 196.258728
8495.112747 7354.872213 190.883972
8545.112747 7354.872213 184.978317
8595.112747 7354.872213 178.607071
8645.112747 7354.872213 171.823959
8695.112747 7354.872213 164.650986
8745.112747 7354.872213 157.213913
8795.112747 7354.872213 149.558975
8845.112747 7354.872213 141.823029
8895.112747 7354.872213 134.144287
8945.112747 7354.872213 126.737862
8995.112747 7354.872213 119.874313
9045.112747 7354.872213 113.794006
9095.112747 7354.872213 108.637970
9145.112747 7354.872213 104.466721
9195.112747 7354.872213 101.338493
9245.112747 7354.872213 99.255730
9295.112747 7354.872213 98.056877
9345.112747 7354.872213 97.543396
9395.112747 7354.872213 97.496033
9445.112747 7354.872213 97.752670
9495.112747 7354.872213 98.087982
9545.112747 7354.872213 98.411545
9595.112747 7354.872213 98.676689
9645.112747 7354.872213 98.865883
9695.112747 7354.872213 98.981285
9745.112747 7354.872213 99.025970
9795.112747 7354.872213 98.966225
9845.112747 7354.872213 98.787300
9895.112747 7354.872213 98.464905
9945.112747 7354.872213 98.027428
9995.112747 7354.872213 97.541306
10045.112747 7354.872213 96.989388
10095.112747 7354.872213 96.391609
10145.112747 7354.872213 95.789520
10195.112747 7354.872213 95.292068
10245.112747 7354.872213 94.975319
10295.112747 7354.872213 94.869385
10345.112747 7354.872213 95.046577
10395.112747 7354.872213 95.492111
10445.112747 7354.872213 96.191696
10495.112747 7354.872213 97.146324
10545.112747 7354.872213 98.282822
10595.112747 7354.872213 99.622475
10645.112747 7354.872213 101.164848
10695.112747 7354.872213 102.897980
10745.112747 7354.872213 104.839874
10795.112747 7354.872213 106.963898
10845.112747 7354.872213 109.343071
10895.112747 7354.872213 111.994606
10945.112747 7354.872213 114.914391
10995.112747 7354.872213 118.079071
11045.112747 7354.872213 121.433372
11095.112747 7354.872213 124.977196
11145.112747 7354.872213 128.595535
11195.112747 7354.872213 132.098862
11245.112747 7354.872213 135.375717
11295.112747 7354.872213 138.296646
11345.112747 7354.872213 140.825623
11395.112747 7354.872213 142.912369
11445.112747 7354.872213 144.526627
11495.112747 7354.872213 145.643509
11545.112747 7354.872213 146.246719
11595.112747 7354.872213 146.336838
11645.112747 7354.872213 145.977905
11695.112747 7354.872213 145.208252
11745.112747 7354.872213 144.052536
11795.112747 7354.872213 142.579010
11845.112747 7354.872213 140.860428
11895.112747 7354.872213 139.033920
11945.112747 7354.872213 137.123337
11995.112747 7354.872213 135.126984
12045.112747 7354.872213 133.071213
12095.112747 7354.872213 130.921799
12145.112747 7354.872213 128.668457
12195.112747 7354.872213 126.317986
12245.112747 7354.872213 123.860748
12295.112747 7354.872213 121.200783
12345.112747 7354.872213 118.372765
12395.112747 7354.872213 115.392433
12445.112747 7354.872213 112.296432
12495.112747 7354.872213 109.085419
12545.112747 7354.872213 105.766136
12595.112747 7354.872213 102.369377
12645.112747 7354.872213 98.937859
12695.112747 7354.872213 95.605568
12745.112747 7354.872213 92.351990
12795.112747 7354.872213 89.168053
12845.112747 7354.872213 86.088356
12895.112747 7354.872213 83.219330
12945.112747 7354.872213 80.593430
12995.112747 7354.872213 78.271698
13045.112747 7354.872213 76.287964
13095.112747 7354.872213 74.640083
13145.112747 7354.872213 73.227638
13195.112747 7354.872213 72.034164
13245.112747 7354.872213 71.023224
13295.112747 7354.872213 70.218040
13345.112747 7354.872213 69.511330
13395.112747 7354.872213 68.919235
13445.112747 7354.872213 68.407326
13495.112747 7354.872213 68.041878
13545.112747 7354.872213 67.871048
13595.112747 7354.872213 67.933571
13645.112747 7354.872213 68.165306
13695.112747 7354.872213 68.598740
13745.112747 7354.872213 69.200348
13795.112747 7354.872213 69.895462
13845.112747 7354.872213 70.663193
13895.112747 7354.872213 71.427559
13945.112747 7354.872213 72.193909
13995.112747 7354.872213 72.996689
6545.112747 7404.872213 233.161789
6595.112747 7404.872213 233.388153
6645.112747 7404.872213 233.655701
6695.112747 7404.872213 233.875046
6745.112747 7404.872213 233.926407
6795.112747 7404.872213 233.764481
6845.112747 7404.872213 233.494522
6895.112747 7404.872213 233.142990
6945.112747 7404.872213 232.679749
6995.112747 7404.872213 232.018585
7045.112747 7404.872213 231.214981
7095.112747 7404.872213 230.369766
7145.112747 7404.872213 229.435242
7195.112747 7404.872213 228.352448
7245.112747 7404.872213 227.215118
7295.112747 7404.872213 226.063217
7345.112747 7404.872213 224.974289
7395.112747 7404.872213 223.978119
7445.112747 7404.872213 223.122070
7495.112747 7404.872213 222.418457
7545.112747 7404.872213 221.830383
7595.112747 7404.872213 221.302338
7645.112747 7404.872213 220.807236
7695.112747 7404.872213 220.320343
7745.112747 7404.872213 219.856720
7795.112747 7404.872213 219.433350
7845.112747 7404.872213 218.991211
7895.112747 7404.872213 218.414337
7945.112747 7404.872213 217.675659
7995.112747 7404.872213 216.726822
8045.112747 7404.872213 215.555817
8095.112747 7404.872213 214.116852
8145.112747 7404.872213 212.350433
8195.112747 7404.872213 210.257248
8245.112747 7404.872213 207.813065
8295.112747 7404.872213 204.935257
8345.112747 7404.872213 201.542801
8395.112747 7404.872213 197.538681
8445.112747 7404.872213 192.922073
8495.112747 7404.872213 187.707108
8545.112747 7404.872213 182.042694
8595.112747 7404.872213 176.068787
8645.112747 7404.872213 169.842972
8695.112747 7404.872213 163.438309
8745.112747 7404.872213 156.914856
8795.112747 7404.872213 150.380890
8845.112747 7404.872213 143.912949
8895.112747 7404.872213 137.611191
8945.112747 7404.872213 131.633743
8995.112747 7404.872213 126.124306
9045.112747 7404.872213 121.267624
9095.112747 7404.872213 117.151176
9145.112747 7404.872213 113.867798
9195.112747 7404.872213 111.484039
9245.112747 7404.872213 110.029175
9295.112747 7404.872213 109.384201
9345.112747 7404.872213 109.407295
9395.112747 7404.872213 109.952019
9445.112747 7404.872213 110.815544
9495.112747 7404.872213 111.837814
9545.112747 7404.872213 112.850662
9595.112747 7404.872213 113.837486
9645.112747 7404.872213 114.752327
9695.112747 7404.872213 115.626877
9745.112747 7404.872213 116.448311
9795.112747 7404.872213 117.167580
9845.112747 7404.872213 117.730949
9895.112747 7404.872213 118.079338
9945.112747 7404.872213 118.258560
9995.112747 7404.872213 118.333817
10045.112747 7404.872213 118.349136
10095.112747 7404.872213 118.304420
10145.112747 7404.872213 118.229088
10195.112747 7404.872213 118.181580
10245.112747 7404.872213 118.207535
10295.112747 7404.872213 118.387901
10345.112747 7404.872213 118.779900
10395.112747 7404.872213 119.391121
10445.112747 7404.872213 120.191841
10495.112747 7404.872213 121.134712
10545.112747 7404.872213 122.154541
10595.112747 7404.872213 123.240463
10645.112747 7404.872213 124.434341
10695.112747 7404.872213 125.744080
10745.112747 7404.872213 127.122131
10795.112747 7404.872213 128.571152
10845.112747 7404.872213 130.133789
10895.112747 7404.872213 131.860504
10945.112747 7404.872213 133.759415
10995.112747 7404.872213 135.799194
11045.112747 7404.872213 137.955322
11095.112747 7404.872213 140.174225
11145.112747 7404.872213 142.362000
11195.112747 7404.872213 144.343323
11245.112747 7404.872213 146.043274
11295.112747 7404.872213 147.408356
11345.112747 7404.872213 148.389603
11395.112747 7404.872213 148.976990
11445.112747 7404.872213 149.125885
11495.112747 7404.872213 148.864594
11545.112747 7404.872213 148.192184
11595.112747 7404.872213 147.165588
11645.112747 7404.872213 145.836044
11695.112747 7404.872213 144.164948
11745.112747 7404.872213 142.199509
11795.112747 7404.872213 139.936218
11845.112747 7404.872213 137.493179
11895.112747 7404.872213 134.945511
11945.112747 7404.872213 132.354675
11995.112747 7404.872213 129.742569
12045.112747 7404.872213 127.107765
12095.112747 7404.872213 124.442574
12145.112747 7404.872213 121.760193
12195.112747 7404.872213 118.993637
12245.112747 7404.872213 116.176880
12295.112747 7404.872213 113.253578
12345.112747 7404.872213 110.216103
12395.112747 7404.872213 107.148315
12445.112747 7404.872213 104.050247
12495.112747 7404.872213 100.965134
12545.112747 7404.872213 97.858170
12595.112747 7404.872213 94.732422
12645.112747 7404.872213 91.630669
12695.112747 7404.872213 88.606316
12745.112747 7404.872213 85.679451
12795.112747 7404.872213 82.843880
12845.112747 7404.872213 80.176918
12895.112747 7404.872213 77.680336
12945.112747 7404.872213 75.398026
12995.112747 7404.872213 73.349182
13045.112747 7404.872213 71.644417
13095.112747 7404.872213 70.277901
13145.112747 7404.872213 69.172569
13195.112747 7404.872213 68.292549
13245.112747 7404.872213 67.637177
13295.112747 7404.872213 67.135925
13345.112747 7404.872213 66.757538
13395.112747 7404.872213 66.471817
13445.112747 7404.872213 66.267586
13495.112747 7404.872213 66.193214
13545.112747 7404.872213 66.331955
13595.112747 7404.872213 66.661850
13645.112747 7404.872213 67.205322
13695.112747 7404.872213 67.990158
13745.112747 7404.872213 68.962067
13795.112747 7404.872213 70.068069
13845.112747 7404.872213 71.168480
13895.112747 7404.872213 72.265381
13945.112747 7404.872213 73.355682
13995.112747 7404.872213 74.499741
6545.112747 7454.872213 227.739014
6595.112747 7454.872213 228.213135
6645.112747 7454.872213 228.659775
6695.112747 7454.872213 229.067398
6745.112747 7454.872213 229.320786
6795.112747 7454.872213 229.420044
6845.112747 7454.872213 229.403168
6895.112747 7454.872213 229.337799
6945.112747 7454.872213 229.231155
6995.112747 7454.872213 229.054321
7045.112747 7454.872213 228.796646
7095.112747 7454.872213 228.460907
7145.112747 7454.872213 228.025177
7195.112747 7454.872213 227.466339
7245.112747 7454.872213 226.774002
7295.112747 7454.872213 226.005524
7345.112747 7454.872213 225.188629
7395.112747 7454.872213 224.395035
7445.112747 7454.872213 223.654724
7495.112747 7454.872213 222.970505
7545.112747 7454.872213 222.327713
7595.112747 7454.872213 221.677200
7645.112747 7454.872213 221.004135
7695.112747 7454.872213 220.289856
7745.112747 7454.872213 219.544037
7795.112747 7454.872213 218.770599
7845.112747 7454.872213 217.938538
7895.112747 7454.872213 216.979828
7945.112747 7454.872213 215.853180
7995.112747 7454.872213 214.540970
8045.112747 7454.872213 213.007751
8095.112747 7454.872213 211.233124
8145.112747 7454.872213 209.206757
8195.112747 7454.872213 206.897247
8245.112747 7454.872213 204.285126
8295.112747 7454.872213 201.283005
8345.112747 7454.872213 197.872070
8395.112747 7454.872213 193.926392
8445.112747 7454.872213 189.423676
8495.112747 7454.872213 184.429413
8545.112747 7454.872213 179.036728
8595.112747 7454.872213 173.422165
8645.112747 7454.872213 167.744186
8695.112747 7454.872213 162.043350
8745.112747 7454.872213 156.416763
8795.112747 7454.872213 150.920013
8845.112747 7454.872213 145.602325
8895.112747 7454.872213 140.539627
8945.112747 7454.872213 135.810974
8995.112747 7454.872213 131.527161
9045.112747 7454.872213 127.776077
9095.112747 7454.872213 124.661278
9145.112747 7454.872213 122.301208
9195.112747 7454.872213 120.808571
9245.112747 7454.872213 120.130035
9295.112747 7454.872213 120.183807
9345.112747 7454.872213 120.874977
9395.112747 7454.872213 122.046478
9445.112747 7454.872213 123.583359
9495.112747 7454.872213 125.301025
9545.112747 7454.872213 127.095619
9595.112747 7454.872213 128.836517
9645.112747 7454.872213 130.528046
9695.112747 7454.872213 132.169220
9745.112747 7454.872213 133.779800
9795.112747 7454.872213 135.270355
9845.112747 7454.872213 136.559586
9895.112747 7454.872213 137.600601
9945.112747 7454.872213 138.430695
9995.112747 7454.872213 139.117554
10045.112747 7454.872213 139.689804
10095.112747 7454.872213 140.207458
10145.112747 7454.872213 140.660294
10195.112747 7454.872213 141.073883
10245.112747 7454.872213 141.497925
10295.112747 7454.872213 142.010513
10345.112747 7454.872213 142.649078
10395.112747 7454.872213 143.418564
10445.112747 7454.872213 144.267456
10495.112747 7454.872213 145.154922
10545.112747 7454.872213 146.022125
10595.112747 7454.872213 146.870865
10645.112747 7454.872213 147.735703
10695.112747 7454.872213 148.583633
10745.112747 7454.872213 149.415314
10795.112747 7454.872213 150.196289
10845.112747 7454.872213 150.966187
10895.112747 7454.872213 151.759903
10945.112747 7454.872213 152.617722
10995.112747 7454.872213 153.545395
11045.112747 7454.872213 154.488541
11095.112747 7454.872213 155.378647
11145.112747 7454.872213 156.115372
11195.112747 7454.872213 156.609207
11245.112747 7454.872213 156.766159
11295.112747 7454.872213 156.594269
11345.112747 7454.872213 156.072845
11395.112747 7454.872213 155.185730
11445.112747 7454.872213 153.942413
11495.112747 7454.872213 152.332275
11545.112747 7454.872213 150.417114
11595.112747 7454.872213 148.260727
11645.112747 7454.872213 145.881256
11695.112747 7454.872213 143.300430
11745.112747 7454.872213 140.485626
11795.112747 7454.872213 137.463959
11845.112747 7454.872213 134.257416
11895.112747 7454.872213 130.962189
11945.112747 7454.872213 127.662971
11995.112747 7454.872213 124.398643
12045.112747 7454.872213 121.176270
12095.112747 7454.872213 118.018051
12145.112747 7454.872213 114.870300
12195.112747 7454.872213 111.733711
12245.112747 7454.872213 108.528824
12295.112747 7454.872213 105.297722
12345.112747 7454.872213 102.049805
12395.112747 7454.872213 98.840805
12445.112747 7454.872213 95.756012
12495.112747 7454.872213 92.772118
12545.112747 7454.872213 89.870392
12595.112747 7454.872213 87.051552
12645.112747 7454.872213 84.269981
12695.112747 7454.872213 81.565468
12745.112747 7454.872213 78.998055
12795.112747 7454.872213 76.546272
12845.112747 7454.872213 74.246872
12895.112747 7454.872213 72.130478
12945.112747 7454.872213 70.184494
12995.112747 7454.872213 68.475578
13045.112747 7454.872213 67.080345
13095.112747 7454.872213 65.980820
13145.112747 7454.872213 65.152504
13195.112747 7454.872213 64.547943
13245.112747 7454.872213 64.197113
13295.112747 7454.872213 64.011292
13345.112747 7454.872213 63.950073
13395.112747 7454.872213 63.954845
13445.112747 7454.872213 64.072006
13495.112747 7454.872213 64.332756
13545.112747 7454.872213 64.773529
13595.112747 7454.872213 65.410339
13645.112747 7454.872213 66.277054
13695.112747 7454.872213 67.389023
13745.112747 7454.872213 68.738342
13795.112747 7454.872213 70.191689
13845.112747 7454.872213 71.684906
13895.112747 7454.872213 73.130501
13945.112747 7454.872213 74.557747
13995.112747 7454.872213 75.968262
6545.112747 7504.872213 222.498123
6595.112747 7504.872213 223.190521
6645.112747 7504.872213 223.850143
6695.112747 7504.872213 224.440201
6745.112747 7504.872213 224.959625
6795.112747 7504.872213 225.358536
6845.112747 7504.872213 225.653793
6895.112747 7504.872213 225.890961
6945.112747 7504.872213 226.136520
6995.112747 7504.872213 226.411148
7045.112747 7504.872213 226.662064
7095.112747 7504.872213 226.797104
7145.112747 7504.872213 226.810410
7195.112747 7504.872213 226.710327
7245.112747 7504.872213 226.456787
7295.112747 7504.872213 226.042480
7345.112747 7504.872213 225.493561
7395.112747 7504.872213 224.850235
7445.112747 7504.872213 224.173050
7495.112747 7504.872213 223.478729
7545.112747 7504.872213 222.768250
7595.112747 7504.872213 221.989380
7645.112747 7504.872213 221.116135
7695.112747 7504.872213 220.160217
7745.112747 7504.872213 219.146942
7795.112747 7504.872213 218.055939
7845.112747 7504.872213 216.840591
7895.112747 7504.872213 215.505325
7945.112747 7504.872213 214.013123
7995.112747 7504.872213 212.332489
8045.112747 7504.872213 210.452225
8095.112747 7504.872213 208.346786
8145.112747 7504.872213 206.045731
8195.112747 7504.872213 203.516235
8245.112747 7504.872213 200.673874
8295.112747 7504.872213 197.548721
8345.112747 7504.872213 194.040878
8395.112747 7504.872213 190.103729
8445.112747 7504.872213 185.723984
8495.112747 7504.872213 180.930405
8545.112747 7504.872213 175.864212
8595.112747 7504.872213 170.683990
8645.112747 7504.872213 165.520309
8695.112747 7504.872213 160.488892
8745.112747 7504.872213 155.658875
8795.112747 7504.872213 151.083374
8845.112747 7504.872213 146.778778
8895.112747 7504.872213 142.810654
8945.112747 7504.872213 139.198044
8995.112747 7504.872213 136.019409
9045.112747 7504.872213 133.329132
9095.112747 7504.872213 131.235199
9145.112747 7504.872213 129.862030
9195.112747 7504.872213 129.279037
9245.112747 7504.872213 129.455658
9295.112747 7504.872213 130.319153
9345.112747 7504.872213 131.763275
9395.112747 7504.872213 133.683441
9445.112747 7504.872213 135.942108
9495.112747 7504.872213 138.416428
9545.112747 7504.872213 140.972794
9595.112747 7504.872213 143.529816
9645.112747 7504.872213 146.037247
9695.112747 7504.872213 148.505661
9745.112747 7504.872213 150.898849
9795.112747 7504.872213 153.157791
9845.112747 7504.872213 155.186447
9895.112747 7504.872213 156.959595
9945.112747 7504.872213 158.514755
9995.112747 7504.872213 159.864426
10045.112747 7504.872213 161.085098
10095.112747 7504.872213 162.184570
10145.112747 7504.872213 163.182999
10195.112747 7504.872213 164.046585
10245.112747 7504.872213 164.878082
10295.112747 7504.872213 165.710007
10345.112747 7504.872213 166.587570
10395.112747 7504.872213 167.491837
10445.112747 7504.872213 168.364319
10495.112747 7504.872213 169.174255
10545.112747 7504.872213 169.905426
10595.112747 7504.872213 170.539413
10645.112747 7504.872213 171.062073
10695.112747 7504.872213 171.466583
10745.112747 7504.872213 171.724304
10795.112747 7504.872213 171.860077
10845.112747 7504.872213 171.872574
10895.112747 7504.872213 171.752167
10945.112747 7504.872213 171.567337
10995.112747 7504.872213 171.327469
11045.112747 7504.872213 171.029129
11095.112747 7504.872213 170.557556
11145.112747 7504.872213 169.873199
11195.112747 7504.872213 168.893936
11245.112747 7504.872213 167.578949
11295.112747 7504.872213 165.910095
11345.112747 7504.872213 163.902695
11395.112747 7504.872213 161.584305
11445.112747 7504.872213 158.976028
11495.112747 7504.872213 156.066635
11545.112747 7504.872213 152.932693
11595.112747 7504.872213 149.634888
11645.112747 7504.872213 146.206604
11695.112747 7504.872213 142.666580
11745.112747 7504.872213 139.003006
11795.112747 7504.872213 135.171982
11845.112747 7504.872213 131.205338
11895.112747 7504.872213 127.136681
11945.112747 7504.872213 123.107155
11995.112747 7504.872213 119.179085
12045.112747 7504.872213 115.351044
12095.112747 7504.872213 111.627502
12145.112747 7504.872213 108.011909
12195.112747 7504.872213 104.441193
12245.112747 7504.872213 100.878052
12295.112747 7504.872213 97.337654
12345.112747 7504.872213 93.900986
12395.112747 7504.872213 90.615837
12445.112747 7504.872213 87.513336
12495.112747 7504.872213 84.617012
12545.112747 7504.872213 81.905602
12595.112747 7504.872213 79.327782
12645.112747 7504.872213 76.868011
12695.112747 7504.872213 74.508743
12745.112747 7504.872213 72.274902
12795.112747 7504.872213 70.207336
12845.112747 7504.872213 68.276321
12895.112747 7504.872213 66.522354
12945.112747 7504.872213 64.978149
12995.112747 7504.872213 63.661201
13045.112747 7504.872213 62.588280
13095.112747 7504.872213 61.752701
13145.112747 7504.872213 61.159405
13195.112747 7504.872213 60.835476
13245.112747 7504.872213 60.759285
13295.112747 7504.872213 60.873978
13345.112747 7504.872213 61.113289
13395.112747 7504.872213 61.414043
13445.112747 7504.872213 61.820797
13495.112747 7504.872213 62.394764
13545.112747 7504.872213 63.162842
13595.112747 7504.872213 64.152473
13645.112747 7504.872213 65.372925
13695.112747 7504.872213 66.832397
13745.112747 7504.872213 68.501945
13795.112747 7504.872213 70.312279
13845.112747 7504.872213 72.169998
13895.112747 7504.872213 73.988678
13945.112747 7504.872213 75.751518
13995.112747 7504.872213 77.460358
6545.112747 7554.872213 217.544525
6595.112747 7554.872213 218.447754
6645.112747 7554.872213 219.307510
6695.112747 7554.872213 220.127213
6745.112747 7554.872213 220.918686
6795.112747 7554.872213 221.659790
6845.112747 7554.872213 222.318329
6895.112747 7554.872213 222.930588
6945.112747 7554.872213 223.531509
6995.112747 7554.872213 224.206696
7045.112747 7554.872213 224.854309
7095.112747 7554.872213 225.405396
7145.112747 7554.872213 225.833618
7195.112747 7554.872213 226.164215
7245.112747 7554.872213 226.281662
7295.112747 7554.872213 226.185776
7345.112747 7554.872213 225.885468
7395.112747 7554.872213 225.367752
7445.112747 7554.872213 224.709564
7495.112747 7554.872213 223.974243
7545.112747 7554.872213 223.138718
7595.112747 7554.872213 222.206467
7645.112747 7554.872213 221.133621
7695.112747 7554.872213 219.947464
7745.112747 7554.872213 218.656403
7795.112747 7554.872213 217.245163
7845.112747 7554.872213 215.678360
7895.112747 7554.872213 213.991257
7945.112747 7554.872213 212.127106
7995.112747 7554.872213 210.091339
8045.112747 7554.872213 207.835205
8095.112747 7554.872213 205.409149
8145.112747 7554.872213 202.822388
8195.112747 7554.872213 200.012253
8245.112747 7554.872213 196.973114
8295.112747 7554.872213 193.657990
8345.112747 7554.872213 190.004562
8395.112747 7554.872213 186.023514
8445.112747 7554.872213 181.726273
8495.112747 7554.872213 177.160355
8545.112747 7554.872213 172.422607
8595.112747 7554.872213 167.708450
8645.112747 7554.872213 163.082642
8695.112747 7554.872213 158.682388
8745.112747 7554.872213 154.587402
8795.112747 7554.872213 150.781525
8845.112747 7554.872213 147.361038
8895.112747 7554.872213 144.342468
8945.112747 7554.872213 141.757706
8995.112747 7554.872213 139.601242
9045.112747 7554.872213 137.952972
9095.112747 7554.872213 136.912567
9145.112747 7554.872213 136.568314
9195.112747 7554.872213 136.919571
9245.112747 7554.872213 137.974869
9295.112747 7554.872213 139.702087
9345.112747 7554.872213 141.986908
9395.112747 7554.872213 144.728256
9445.112747 7554.872213 147.799149
9495.112747 7554.872213 151.058762
9545.112747 7554.872213 154.420410
9595.112747 7554.872213 157.825272
9645.112747 7554.872213 161.238327
9695.112747 7554.872213 164.558090
9745.112747 7554.872213 167.761810
9795.112747 7554.872213 170.811295
9845.112747 7554.872213 173.617935
9895.112747 7554.872213 176.167709
9945.112747 7554.872213 178.477753
9995.112747 7554.872213 180.574005
10045.112747 7554.872213 182.483917
10095.112747 7554.872213 184.200378
10145.112747 7554.872213 185.728302
10195.112747 7554.872213 187.070923
10245.112747 7554.872213 188.281204
10295.112747 7554.872213 189.419952
10345.112747 7554.872213 190.504593
10395.112747 7554.872213 191.527069
10445.112747 7554.872213 192.436432
10495.112747 7554.872213 193.184113
10545.112747 7554.872213 193.786041
10595.112747 7554.872213 194.186691
10645.112747 7554.872213 194.378006
10695.112747 7554.872213 194.331970
10745.112747 7554.872213 194.031433
10795.112747 7554.872213 193.516708
10845.112747 7554.872213 192.780182
10895.112747 7554.872213 191.795975
10945.112747 7554.872213 190.572235
10995.112747 7554.872213 189.176376
11045.112747 7554.872213 187.613373
11095.112747 7554.872213 185.809128
11145.112747 7554.872213 183.696655
11195.112747 7554.872213 181.265335
11245.112747 7554.872213 178.499435
11295.112747 7554.872213 175.385162
11345.112747 7554.872213 171.934418
11395.112747 7554.872213 168.194580
11445.112747 7554.872213 164.215805
11495.112747 7554.872213 160.034973
11545.112747 7554.872213 155.693604
11595.112747 7554.872213 151.271072
11645.112747 7554.872213 146.801544
11695.112747 7554.872213 142.311356
11745.112747 7554.872213 137.748016
11795.112747 7554.872213 133.104553
11845.112747 7554.872213 128.350296
11895.112747 7554.872213 123.520042
11945.112747 7554.872213 118.742767
11995.112747 7554.872213 114.111526
12045.112747 7554.872213 109.633102
12095.112747 7554.872213 105.327309
12145.112747 7554.872213 101.181297
12195.112747 7554.872213 97.165504
12245.112747 7554.872213 93.251396
12295.112747 7554.872213 89.455635
12345.112747 7554.872213 85.878471
12395.112747 7554.872213 82.537209
12445.112747 7554.872213 79.444893
12495.112747 7554.872213 76.617104
12545.112747 7554.872213 74.030731
12595.112747 7554.872213 71.634804
12645.112747 7554.872213 69.451286
12695.112747 7554.872213 67.427223
12745.112747 7554.872213 65.544617
12795.112747 7554.872213 63.823772
12845.112747 7554.872213 62.299011
12895.112747 7554.872213 60.948170
12945.112747 7554.872213 59.801003
12995.112747 7554.872213 58.860249
13045.112747 7554.872213 58.101070
13095.112747 7554.872213 57.554543
13145.112747 7554.872213 57.241196
13195.112747 7554.872213 57.199409
13245.112747 7554.872213 57.371101
13295.112747 7554.872213 57.743313
13345.112747 7554.872213 58.228432
13395.112747 7554.872213 58.818043
13445.112747 7554.872213 59.528667
13495.112747 7554.872213 60.434998
13545.112747 7554.872213 61.539299
13595.112747 7554.872213 62.871258
13645.112747 7554.872213 64.468033
13695.112747 7554.872213 66.270653
13745.112747 7554.872213 68.279793
13795.112747 7554.872213 70.428085
13845.112747 7554.872213 72.592079
13895.112747 7554.872213 74.783234
13945.112747 7554.872213 76.954239
13995.112747 7554.872213 79.069664
6545.112747 7604.872213 213.000793
6595.112747 7604.872213 214.140442
6645.112747 7604.872213 215.223038
6695.112747 7604.872213 216.271713
6745.112747 7604.872213 217.348328
6795.112747 7604.872213 218.426056
6845.112747 7604.872213 219.501312
6895.112747 7604.872213 220.501266
6945.112747 7604.872213 221.472244
6995.112747 7604.872213 222.449905
7045.112747 7604.872213 223.449722
7095.112747 7604.872213 224.348938
7145.112747 7604.872213 225.169037
7195.112747 7604.872213 225.849136
7245.112747 7604.872213 226.296448
7295.112747 7604.872213 226.451920
7345.112747 7604.872213 226.330597
7395.112747 7604.872213 225.918060
7445.112747 7604.872213 225.282745
7495.112747 7604.872213 224.433273
7545.112747 7604.872213 223.451294
7595.112747 7604.872213 222.323853
7645.112747 7604.872213 221.042435
7695.112747 7604.872213 219.621658
7745.112747 7604.872213 218.079727
7795.112747 7604.872213 216.341232
7845.112747 7604.872213 214.440414
7895.112747 7604.872213 212.390945
7945.112747 7604.872213 210.181030
7995.112747 7604.872213 207.760788
8045.112747 7604.872213 205.152100
8095.112747 7604.872213 202.362320
8145.112747 7604.872213 199.429810
8195.112747 7604.872213 196.327377
8245.112747 7604.872213 193.035507
8295.112747 7604.872213 189.502106
8345.112747 7604.872213 185.710175
8395.112747 7604.872213 181.673813
8445.112747 7604.872213 177.437057
8495.112747 7604.872213 173.096298
8545.112747 7604.872213 168.738297
8595.112747 7604.872213 164.445572
8645.112747 7604.872213 160.343323
8695.112747 7604.872213 156.519547
8745.112747 7604.872213 153.036850
8795.112747 7604.872213 149.974716
8845.112747 7604.872213 147.317978
8895.112747 7604.872213 145.146179
8945.112747 7604.872213 143.469406
8995.112747 7604.872213 142.300369
9045.112747 7604.872213 141.675522
9095.112747 7604.872213 141.697693
9145.112747 7604.872213 142.377808
9195.112747 7604.872213 143.704239
9245.112747 7604.872213 145.674438
9295.112747 7604.872213 148.314331
9345.112747 7604.872213 151.498642
9395.112747 7604.872213 155.116989
9445.112747 7604.872213 159.017380
9495.112747 7604.872213 163.140198
9545.112747 7604.872213 167.374146
9595.112747 7604.872213 171.692337
9645.112747 7604.872213 176.000763
9695.112747 7604.872213 180.227753
9745.112747 7604.872213 184.273941
9795.112747 7604.872213 188.162918
9845.112747 7604.872213 191.819763
9895.112747 7604.872213 195.231094
9945.112747 7604.872213 198.363754
9995.112747 7604.872213 201.221710
10045.112747 7604.872213 203.808914
10095.112747 7604.872213 206.121658
10145.112747 7604.872213 208.191132
10195.112747 7604.872213 210.027496
10245.112747 7604.872213 211.643005
10295.112747 7604.872213 213.095673
10345.112747 7604.872213 214.376404
10395.112747 7604.872213 215.503769
10445.112747 7604.872213 216.432571
10495.112747 7604.872213 217.145462
10545.112747 7604.872213 217.582596
10595.112747 7604.872213 217.755020
10645.112747 7604.872213 217.602264
10695.112747 7604.872213 217.127167
10745.112747 7604.872213 216.300659
10795.112747 7604.872213 215.150925
10845.112747 7604.872213 213.645432
10895.112747 7604.872213 211.810318
10945.112747 7604.872213 209.616608
10995.112747 7604.872213 207.112808
11045.112747 7604.872213 204.304321
11095.112747 7604.872213 201.158966
11145.112747 7604.872213 197.623993
11195.112747 7604.872213 193.764404
11245.112747 7604.872213 189.567474
11295.112747 7604.872213 185.030640
11345.112747 7604.872213 180.162094
11395.112747 7604.872213 175.023315
11445.112747 7604.872213 169.681229
11495.112747 7604.872213 164.215820
11545.112747 7604.872213 158.694901
11595.112747 7604.872213 153.164246
11645.112747 7604.872213 147.642258
11695.112747 7604.872213 142.169144
11745.112747 7604.872213 136.714325
11795.112747 7604.872213 131.227173
11845.112747 7604.872213 125.687035
11895.112747 7604.872213 120.094795
11945.112747 7604.872213 114.571068
11995.112747 7604.872213 109.212914
12045.112747 7604.872213 104.093872
12095.112747 7604.872213 99.193024
12145.112747 7604.872213 94.491371
12195.112747 7604.872213 90.017998
12245.112747 7604.872213 85.763008
12295.112747 7604.872213 81.790543
12345.112747 7604.872213 78.089432
12395.112747 7604.872213 74.680481
12445.112747 7604.872213 71.587074
12495.112747 7604.872213 68.799301
12545.112747 7604.872213 66.289734
12595.112747 7604.872213 64.076668
12645.112747 7604.872213 62.131538
12695.112747 7604.872213 60.389980
12745.112747 7604.872213 58.854984
12795.112747 7604.872213 57.523155
12845.112747 7604.872213 56.389011
12895.112747 7604.872213 55.447212
12945.112747 7604.872213 54.660240
12995.112747 7604.872213 54.055428
13045.112747 7604.872213 53.626366
13095.112747 7604.872213 53.371681
13145.112747 7604.872213 53.374123
13195.112747 7604.872213 53.607979
13245.112747 7604.872213 54.035919
13295.112747 7604.872213 54.607414
13345.112747 7604.872213 55.344772
13395.112747 7604.872213 56.203556
13445.112747 7604.872213 57.246887
13495.112747 7604.872213 58.474487
13545.112747 7604.872213 59.896244
13595.112747 7604.872213 61.584476
13645.112747 7604.872213 63.521542
13695.112747 7604.872213 65.689247
13745.112747 7604.872213 68.024673
13795.112747 7604.872213 70.488434
13845.112747 7604.872213 73.017029
13895.112747 7604.872213 75.593285
13945.112747 7604.872213 78.195869
13995.112747 7604.872213 80.785599
6545.112747 7654.872213 208.939713
6595.112747 7654.872213 210.340836
6645.112747 7654.872213 211.679672
6695.112747 7654.872213 212.980988
6745.112747 7654.872213 214.365540
6795.112747 7654.872213 215.817337
6845.112747 7654.872213 217.262405
6895.112747 7654.872213 218.643921
6945.112747 7654.872213 219.951111
6995.112747 7654.872213 221.264282
7045.112747 7654.872213 222.566833
7095.112747 7654.872213 223.765442
7145.112747 7654.872213 224.832855
7195.112747 7654.872213 225.753418
7245.112747 7654.872213 226.398376
7295.112747 7654.872213 226.725632
7345.112747 7654.872213 226.743469
7395.112747 7654.872213 226.433807
7445.112747 7654.872213 225.801422
7495.112747 7654.872213 224.885773
7545.112747 7654.872213 223.717148
7595.112747 7654.872213 222.373352
7645.112747 7654.872213 220.874741
7695.112747 7654.872213 219.225250
7745.112747 7654.872213 217.386261
7795.112747 7654.872213 215.350250
7845.112747 7654.872213 213.091110
7895.112747 7654.872213 210.656998
7945.112747 7654.872213 208.053070
7995.112747 7654.872213 205.262604
8045.112747 7654.872213 202.298203
8095.112747 7654.872213 199.158417
8145.112747 7654.872213 195.863892
8195.112747 7654.872213 192.418839
8245.112747 7654.872213 188.792252
8295.112747 7654.872213 185.006088
8345.112747 7654.872213 181.062103
8395.112747 7654.872213 176.977127
8445.112747 7654.872213 172.850281
8495.112747 7654.872213 168.740097
8545.112747 7654.872213 164.724380
8595.112747 7654.872213 160.834839
8645.112747 7654.872213 157.194992
8695.112747 7654.872213 153.895767
8745.112747 7654.872213 150.998993
8795.112747 7654.872213 148.558167
8845.112747 7654.872213 146.609024
8895.112747 7654.872213 145.201614
8945.112747 7654.872213 144.373520
8995.112747 7654.872213 144.156311
9045.112747 7654.872213 144.557068
9095.112747 7654.872213 145.602310
9145.112747 7654.872213 147.295959
9195.112747 7654.872213 149.604675
9245.112747 7654.872213 152.543884
9295.112747 7654.872213 156.115417
9345.112747 7654.872213 160.233231
9395.112747 7654.872213 164.765030
9445.112747 7654.872213 169.561386
9495.112747 7654.872213 174.577652
9545.112747 7654.872213 179.755844
9595.112747 7654.872213 184.985046
9645.112747 7654.872213 190.226456
9695.112747 7654.872213 195.371109
9745.112747 7654.872213 200.370285
9795.112747 7654.872213 205.174240
9845.112747 7654.872213 209.742416
9895.112747 7654.872213 214.065674
9945.112747 7654.872213 218.063049
9995.112747 7654.872213 221.691910
10045.112747 7654.872213 224.944443
10095.112747 7654.872213 227.891144
10145.112747 7654.872213 230.538254
10195.112747 7654.872213 232.885117
10245.112747 7654.872213 234.927765
10295.112747 7654.872213 236.685196
10345.112747 7654.872213 238.156570
10395.112747 7654.872213 239.362213
10445.112747 7654.872213 240.320053
10495.112747 7654.872213 240.959961
10545.112747 7654.872213 241.280045
10595.112747 7654.872213 241.205383
10645.112747 7654.872213 240.716766
10695.112747 7654.872213 239.818481
10745.112747 7654.872213 238.506271
10795.112747 7654.872213 236.742310
10845.112747 7654.872213 234.518692
10895.112747 7654.872213 231.819305
10945.112747 7654.872213 228.679138
10995.112747 7654.872213 225.092911
11045.112747 7654.872213 221.063904
11095.112747 7654.872213 216.594208
11145.112747 7654.872213 211.695786
11195.112747 7654.872213 206.445511
11245.112747 7654.872213 200.853241
11295.112747 7654.872213 194.916992
11345.112747 7654.872213 188.675827
11395.112747 7654.872213 182.163422
11445.112747 7654.872213 175.492783
11495.112747 7654.872213 168.751526
11545.112747 7654.872213 162.045441
11595.112747 7654.872213 155.380508
11645.112747 7654.872213 148.803207
11695.112747 7654.872213 142.318649
11745.112747 7654.872213 135.909271
11795.112747 7654.872213 129.563980
11845.112747 7654.872213 123.215393
11895.112747 7654.872213 116.902710
11945.112747 7654.872213 110.653130
11995.112747 7654.872213 104.594086
12045.112747 7654.872213 98.793396
12095.112747 7654.872213 93.278671
12145.112747 7654.872213 88.038681
12195.112747 7654.872213 83.132782
12245.112747 7654.872213 78.579071
12295.112747 7654.872213 74.401772
12345.112747 7654.872213 70.575066
12395.112747 7654.872213 67.083344
12445.112747 7654.872213 63.944035
12495.112747 7654.872213 61.163963
12545.112747 7654.872213 58.768902
12595.112747 7654.872213 56.709400
12645.112747 7654.872213 54.992596
12695.112747 7654.872213 53.534424
12745.112747 7654.872213 52.303658
12795.112747 7654.872213 51.331684
12845.112747 7654.872213 50.546726
12895.112747 7654.872213 49.965473
12945.112747 7654.872213 49.562988
12995.112747 7654.872213 49.309273
13045.112747 7654.872213 49.205536
13095.112747 7654.872213 49.253040
13145.112747 7654.872213 49.539219
13195.112747 7654.872213 50.057713
13245.112747 7654.872213 50.718040
13295.112747 7654.872213 51.501286
13345.112747 7654.872213 52.442608
13395.112747 7654.872213 53.593540
13445.112747 7654.872213 54.972580
13495.112747 7654.872213 56.540424
13545.112747 7654.872213 58.284008
13595.112747 7654.872213 60.266052
13645.112747 7654.872213 62.552402
13695.112747 7654.872213 65.059723
13745.112747 7654.872213 67.721451
13795.112747 7654.872213 70.521347
13845.112747 7654.872213 73.457222
13895.112747 7654.872213 76.474136
13945.112747 7654.872213 79.511719
13995.112747 7654.872213 82.530197
6545.112747 7704.872213 205.707565
6595.112747 7704.872213 207.348984
6645.112747 7704.872213 208.960571
6695.112747 7704.872213 210.552216
6745.112747 7704.872213 212.204910
6795.112747 7704.872213 213.933304
6845.112747 7704.872213 215.684952
6895.112747 7704.872213 217.389938
6945.112747 7704.872213 219.046921
6995.112747 7704.872213 220.656952
7045.112747 7704.872213 222.178894
7095.112747 7704.872213 223.562164
7145.112747 7704.872213 224.794373
7195.112747 7704.872213 225.820618
7245.112747 7704.872213 226.595215
7295.112747 7704.872213 227.039825
7345.112747 7704.872213 227.138138
7395.112747 7704.872213 226.884872
7445.112747 7704.872213 226.242386
7495.112747 7704.872213 225.227066
7545.112747 7704.872213 223.913513
7595.112747 7704.872213 222.391006
7645.112747 7704.872213 220.666931
7695.112747 7704.872213 218.738632
7745.112747 7704.872213 216.597137
7795.112747 7704.872213 214.200912
7845.112747 7704.872213 211.576035
7895.112747 7704.872213 208.736694
7945.112747 7704.872213 205.706604
7995.112747 7704.872213 202.532822
8045.112747 7704.872213 199.188263
8095.112747 7704.872213 195.689972
8145.112747 7704.872213 192.019516
8195.112747 7704.872213 188.195618
8245.112747 7704.872213 184.248779
8295.112747 7704.872213 180.185135
8345.112747 7704.872213 176.051758
8395.112747 7704.872213 171.935349
8445.112747 7704.872213 167.896408
8495.112747 7704.872213 163.995560
8545.112747 7704.872213 160.274582
8595.112747 7704.872213 156.787857
8645.112747 7704.872213 153.578735
8695.112747 7704.872213 150.741913
8745.112747 7704.872213 148.371811
8795.112747 7704.872213 146.525604
8845.112747 7704.872213 145.251587
8895.112747 7704.872213 144.548386
8945.112747 7704.872213 144.511978
8995.112747 7704.872213 145.181900
9045.112747 7704.872213 146.566422
9095.112747 7704.872213 148.628159
9145.112747 7704.872213 151.348160
9195.112747 7704.872213 154.666367
9245.112747 7704.872213 158.582336
9295.112747 7704.872213 163.073563
9345.112747 7704.872213 168.111176
9395.112747 7704.872213 173.571884
9445.112747 7704.872213 179.321350
9495.112747 7704.872213 185.299088
9545.112747 7704.872213 191.432846
9595.112747 7704.872213 197.657394
9645.112747 7704.872213 203.885391
9695.112747 7704.872213 210.039902
9745.112747 7704.872213 216.019653
9795.112747 7704.872213 221.760208
9845.112747 7704.872213 227.278732
9895.112747 7704.872213 232.523697
9945.112747 7704.872213 237.422287
9995.112747 7704.872213 241.875046
10045.112747 7704.872213 245.885101
10095.112747 7704.872213 249.485397
10145.112747 7704.872213 252.721313
10195.112747 7704.872213 255.583664
10245.112747 7704.872213 258.070526
10295.112747 7704.872213 260.152863
10345.112747 7704.872213 261.824341
10395.112747 7704.872213 263.108673
10445.112747 7704.872213 264.059967
10495.112747 7704.872213 264.648132
10545.112747 7704.872213 264.833527
10595.112747 7704.872213 264.551361
10645.112747 7704.872213 263.752747
10695.112747 7704.872213 262.456940
10745.112747 7704.872213 260.646606
10795.112747 7704.872213 258.291931
10845.112747 7704.872213 255.354614
10895.112747 7704.872213 251.845215
10945.112747 7704.872213 247.766510
10995.112747 7704.872213 243.099670
11045.112747 7704.872213 237.877808
11095.112747 7704.872213 232.135681
11145.112747 7704.872213 225.945984
11195.112747 7704.872213 219.343964
11245.112747 7704.872213 212.377701
11295.112747 7704.872213 205.101837
11345.112747 7704.872213 197.514877
11395.112747 7704.872213 189.710403
11445.112747 7704.872213 181.754791
11495.112747 7704.872213 173.780060
11545.112747 7704.872213 165.851303
11595.112747 7704.872213 158.035477
11645.112747 7704.872213 150.345901
11695.112747 7704.872213 142.819992
11745.112747 7704.872213 135.442780
11795.112747 7704.872213 128.162872
11845.112747 7704.872213 120.998100
11895.112747 7704.872213 113.942268
11945.112747 7704.872213 107.019188
11995.112747 7704.872213 100.266541
12045.112747 7704.872213 93.801788
12095.112747 7704.872213 87.696556
12145.112747 7704.872213 81.961510
12195.112747 7704.872213 76.637428
12245.112747 7704.872213 71.758644
12295.112747 7704.872213 67.345718
12345.112747 7704.872213 63.372643
12395.112747 7704.872213 59.792957
12445.112747 7704.872213 56.593437
12495.112747 7704.872213 53.828369
12545.112747 7704.872213 51.490334
12595.112747 7704.872213 49.593628
12645.112747 7704.872213 48.088604
12695.112747 7704.872213 46.905041
12745.112747 7704.872213 45.963734
12795.112747 7704.872213 45.269764
12845.112747 7704.872213 44.822670
12895.112747 7704.872213 44.578407
12945.112747 7704.872213 44.519173
12995.112747 7704.872213 44.615578
13045.112747 7704.872213 44.839958
13095.112747 7704.872213 45.224403
13145.112747 7704.872213 45.805794
13195.112747 7704.872213 46.544983
13245.112747 7704.872213 47.405621
13295.112747 7704.872213 48.390053
13345.112747 7704.872213 49.567101
13395.112747 7704.872213 51.011070
13445.112747 7704.872213 52.702335
13495.112747 7704.872213 54.596420
13545.112747 7704.872213 56.677589
13595.112747 7704.872213 59.008289
13645.112747 7704.872213 61.599167
13695.112747 7704.872213 64.408241
13745.112747 7704.872213 67.398148
13795.112747 7704.872213 70.561211
13845.112747 7704.872213 73.893417
13895.112747 7704.872213 77.350319
13945.112747 7704.872213 80.830864
13995.112747 7704.872213 84.309082
6545.112747 7754.872213 203.622238
6595.112747 7754.872213 205.437286
6645.112747 7754.872213 207.270477
6695.112747 7754.872213 209.122177
6745.112747 7754.872213 211.007797
6795.112747 7754.872213 212.957642
6845.112747 7754.872213 214.913300
6895.112747 7754.872213 216.849716
6945.112747 7754.872213 218.750397
6995.112747 7754.872213 220.564423
7045.112747 7754.872213 222.214584
7095.112747 7754.872213 223.699539
7145.112747 7754.872213 224.990265
7195.112747 7754.872213 226.074478
7245.112747 7754.872213 226.896866
7295.112747 7754.872213 227.385574
7345.112747 7754.872213 227.508850
7395.112747 7754.872213 227.249710
7445.112747 7754.872213 226.567093
7495.112747 7754.872213 225.480057
7545.112747 7754.872213 224.034241
7595.112747 7754.872213 222.298080
7645.112747 7754.872213 220.357513
7695.112747 7754.872213 218.164841
7745.112747 7754.872213 215.660858
7795.112747 7754.872213 212.882263
7845.112747 7754.872213 209.833893
7895.112747 7754.872213 206.568100
7945.112747 7754.872213 203.125015
7995.112747 7754.872213 199.515106
8045.112747 7754.872213 195.771545
8095.112747 7754.872213 191.868622
8145.112747 7754.872213 187.809845
8195.112747 7754.872213 183.620651
8245.112747 7754.872213 179.350891
8295.112747 7754.872213 175.015259
8345.112747 7754.872213 170.689636
8395.112747 7754.872213 166.500198
8445.112747 7754.872213 162.522980
8495.112747 7754.872213 158.802078
8545.112747 7754.872213 155.370575
8595.112747 7754.872213 152.216782
8645.112747 7754.872213 149.408691
8695.112747 7754.872213 147.014603
8745.112747 7754.872213 145.149872
8795.112747 7754.872213 143.847336
8845.112747 7754.872213 143.189468
8895.112747 7754.872213 143.192001
8945.112747 7754.872213 143.915894
8995.112747 7754.872213 145.401489
9045.112747 7754.872213 147.716888
9095.112747 7754.872213 150.781555
9145.112747 7754.872213 154.512665
9195.112747 7754.872213 158.846848
9245.112747 7754.872213 163.756470
9295.112747 7754.872213 169.206665
9345.112747 7754.872213 175.146973
9395.112747 7754.872213 181.514023
9445.112747 7754.872213 188.234711
9495.112747 7754.872213 195.209473
9545.112747 7754.872213 202.383621
9595.112747 7754.872213 209.666519
9645.112747 7754.872213 216.981094
9695.112747 7754.872213 224.195831
9745.112747 7754.872213 231.192230
9795.112747 7754.872213 237.921173
9845.112747 7754.872213 244.389114
9895.112747 7754.872213 250.573395
9945.112747 7754.872213 256.388519
9995.112747 7754.872213 261.744354
10045.112747 7754.872213 266.581757
10095.112747 7754.872213 270.894196
10145.112747 7754.872213 274.690155
10195.112747 7754.872213 278.061737
10245.112747 7754.872213 280.985535
10295.112747 7754.872213 283.436768
10345.112747 7754.872213 285.345581
10395.112747 7754.872213 286.737061
10445.112747 7754.872213 287.685944
10495.112747 7754.872213 288.217438
10545.112747 7754.872213 288.269501
10595.112747 7754.872213 287.791626
10645.112747 7754.872213 286.727356
10695.112747 7754.872213 285.048187
10745.112747 7754.872213 282.738739
10795.112747 7754.872213 279.788147
10845.112747 7754.872213 276.175293
10895.112747 7754.872213 271.877625
10945.112747 7754.872213 266.855164
10995.112747 7754.872213 261.151337
11045.112747 7754.872213 254.785233
11095.112747 7754.872213 247.844803
11145.112747 7754.872213 240.390945
11195.112747 7754.872213 232.463623
11245.112747 7754.872213 224.178146
11295.112747 7754.872213 215.579590
11345.112747 7754.872213 206.719101
11395.112747 7754.872213 197.651398
11445.112747 7754.872213 188.480850
11495.112747 7754.872213 179.305954
11545.112747 7754.872213 170.191452
11595.112747 7754.872213 161.188858
11645.112747 7754.872213 152.370651
11695.112747 7754.872213 143.742126
11745.112747 7754.872213 135.329208
11795.112747 7754.872213 127.135696
11845.112747 7754.872213 119.108253
11895.112747 7754.872213 111.298325
11945.112747 7754.872213 103.659180
11995.112747 7754.872213 96.267982
12045.112747 7754.872213 89.218643
12095.112747 7754.872213 82.557976
12145.112747 7754.872213 76.343071
12195.112747 7754.872213 70.581100
12245.112747 7754.872213 65.355286
12295.112747 7754.872213 60.684246
12345.112747 7754.872213 56.544258
12395.112747 7754.872213 52.891075
12445.112747 7754.872213 49.661102
12495.112747 7754.872213 46.886612
12545.112747 7754.872213 44.609310
12595.112747 7754.872213 42.812668
12645.112747 7754.872213 41.465424
12695.112747 7754.872213 40.505543
12745.112747 7754.872213 39.834469
12795.112747 7754.872213 39.427097
12845.112747 7754.872213 39.286255
12895.112747 7754.872213 39.357147
12945.112747 7754.872213 39.600716
12995.112747 7754.872213 40.009277
13045.112747 7754.872213 40.545654
13095.112747 7754.872213 41.264336
13145.112747 7754.872213 42.108238
13195.112747 7754.872213 43.062050
13245.112747 7754.872213 44.105610
13295.112747 7754.872213 45.329102
13345.112747 7754.872213 46.768513
13395.112747 7754.872213 48.481724
13445.112747 7754.872213 50.470154
13495.112747 7754.872213 52.669441
13545.112747 7754.872213 55.099464
13595.112747 7754.872213 57.772724
13645.112747 7754.872213 60.673450
13695.112747 7754.872213 63.791935
13745.112747 7754.872213 67.088791
13795.112747 7754.872213 70.595894
13845.112747 7754.872213 74.303520
13895.112747 7754.872213 78.176414
13945.112747 7754.872213 82.118103
13995.112747 7754.872213 86.055450
6545.112747 7804.872213 202.810638
6595.112747 7804.872213 204.756958
6645.112747 7804.872213 206.733948
6695.112747 7804.872213 208.766769
6745.112747 7804.872213 210.835556
6795.112747 7804.872213 212.932800
6845.112747 7804.872213 215.026016
6895.112747 7804.872213 217.098557
6945.112747 7804.872213 219.098160
6995.112747 7804.872213 220.964005
7045.112747 7804.872213 222.668991
7095.112747 7804.872213 224.181717
7145.112747 7804.872213 225.482788
7195.112747 7804.872213 226.514954
7245.112747 7804.872213 227.316101
7295.112747 7804.872213 227.785385
7345.112747 7804.872213 227.860489
7395.112747 7804.872213 227.543854
7445.112747 7804.872213 226.802094
7495.112747 7804.872213 225.629959
7545.112747 7804.872213 224.026276
7595.112747 7804.872213 222.092834
7645.112747 7804.872213 219.884857
7695.112747 7804.872213 217.392426
7745.112747 7804.872213 214.545624
7795.112747 7804.872213 211.319321
7845.112747 7804.872213 207.834747
7895.112747 7804.872213 204.124268
7945.112747 7804.872213 200.252167
7995.112747 7804.872213 196.202652
8045.112747 7804.872213 191.992355
8095.112747 7804.872213 187.661270
8145.112747 7804.872213 183.209396
8195.112747 7804.872213 178.654892
8245.112747 7804.872213 174.043884
8295.112747 7804.872213 169.442001
8345.112747 7804.872213 164.943787
8395.112747 7804.872213 160.669937
8445.112747 7804.872213 156.710709
8495.112747 7804.872213 153.148544
8545.112747 7804.872213 149.955078
8595.112747 7804.872213 147.126419
8645.112747 7804.872213 144.671082
8695.112747 7804.872213 142.702789
8745.112747 7804.872213 141.276535
8795.112747 7804.872213 140.508072
8845.112747 7804.872213 140.423416
8895.112747 7804.872213 141.101013
8945.112747 7804.872213 142.573349
8995.112747 7804.872213 144.909119
9045.112747 7804.872213 148.093536
9095.112747 7804.872213 152.086914
9145.112747 7804.872213 156.774170
9195.112747 7804.872213 162.114075
9245.112747 7804.872213 168.030365
9295.112747 7804.872213 174.452774
9345.112747 7804.872213 181.350876
9395.112747 7804.872213 188.647842
9445.112747 7804.872213 196.328308
9495.112747 7804.872213 204.335083
9545.112747 7804.872213 212.587891
9595.112747 7804.872213 221.011948
9645.112747 7804.872213 229.443695
9695.112747 7804.872213 237.739243
9745.112747 7804.872213 245.819397
9795.112747 7804.872213 253.599594
9845.112747 7804.872213 261.112518
9895.112747 7804.872213 268.292236
9945.112747 7804.872213 275.026459
9995.112747 7804.872213 281.272675
10045.112747 7804.872213 286.938568
10095.112747 7804.872213 291.986816
10145.112747 7804.872213 296.436676
10195.112747 7804.872213 300.344391
10245.112747 7804.872213 303.728241
10295.112747 7804.872213 306.513092
10345.112747 7804.872213 308.690948
10395.112747 7804.872213 310.252655
10445.112747 7804.872213 311.265076
10495.112747 7804.872213 311.744659
10545.112747 7804.872213 311.672119
10595.112747 7804.872213 311.007050
10645.112747 7804.872213 309.685852
10695.112747 7804.872213 307.614319
10745.112747 7804.872213 304.817017
10795.112747 7804.872213 301.273987
10845.112747 7804.872213 296.968170
10895.112747 7804.872213 291.875275
10945.112747 7804.872213 285.986359
10995.112747 7804.872213 279.302124
11045.112747 7804.872213 271.847015
11095.112747 7804.872213 263.739319
11145.112747 7804.872213 255.037903
11195.112747 7804.872213 245.846817
11245.112747 7804.872213 236.256180
11295.112747 7804.872213 226.360870
11345.112747 7804.872213 216.253510
11395.112747 7804.872213 205.973297
11445.112747 7804.872213 195.616440
11495.112747 7804.872213 185.275574
11545.112747 7804.872213 175.022598
11595.112747 7804.872213 164.884079
11645.112747 7804.872213 154.918701
11695.112747 7804.872213 145.142700
11745.112747 7804.872213 135.665436
11795.112747 7804.872213 126.491913
11845.112747 7804.872213 117.631622
11895.112747 7804.872213 109.040321
11945.112747 7804.872213 100.715317
11995.112747 7804.872213 92.706818
12045.112747 7804.872213 85.092140
12095.112747 7804.872213 77.905037
12145.112747 7804.872213 71.210594
12195.112747 7804.872213 65.036362
12245.112747 7804.872213 59.459312
12295.112747 7804.872213 54.502647
12345.112747 7804.872213 50.165623
12395.112747 7804.872213 46.409462
12445.112747 7804.872213 43.183739
12495.112747 7804.872213 40.435913
12545.112747 7804.872213 38.184376
12595.112747 7804.872213 36.440517
12645.112747 7804.872213 35.176559
12695.112747 7804.872213 34.356121
12745.112747 7804.872213 33.926609
12795.112747 7804.872213 33.827030
12845.112747 7804.872213 33.973663
12895.112747 7804.872213 34.322060
12945.112747 7804.872213 34.853844
12995.112747 7804.872213 35.530136
13045.112747 7804.872213 36.368011
13095.112747 7804.872213 37.342449
13145.112747 7804.872213 38.428486
13195.112747 7804.872213 39.581234
13245.112747 7804.872213 40.870525
13295.112747 7804.872213 42.357830
13345.112747 7804.872213 44.082584
13395.112747 7804.872213 46.088722
13445.112747 7804.872213 48.312134
13495.112747 7804.872213 50.795982
13545.112747 7804.872213 53.550941
13595.112747 7804.872213 56.561035
13645.112747 7804.872213 59.789871
13695.112747 7804.872213 63.183800
13745.112747 7804.872213 66.799477
13795.112747 7804.872213 70.617538
13845.112747 7804.872213 74.693947
13895.112747 7804.872213 78.956467
13945.112747 7804.872213 83.313553
13995.112747 7804.872213 87.694267
6545.112747 7854.872213 203.329742
6595.112747 7854.872213 205.393188
6645.112747 7854.872213 207.488785
6695.112747 7854.872213 209.615433
6745.112747 7854.872213 211.748108
6795.112747 7854.872213 213.875549
6845.112747 7854.872213 216.004547
6895.112747 7854.872213 218.098526
6945.112747 7854.872213 220.090088
6995.112747 7854.872213 221.915482
7045.112747 7854.872213 223.557617
7095.112747 7854.872213 225.040207
7145.112747 7854.872213 226.265717
7195.112747 7854.872213 227.229767
7245.112747 7854.872213 227.914001
7295.112747 7854.872213 228.302628
7345.112747 7854.872213 228.276627
7395.112747 7854.872213 227.850174
7445.112747 7854.872213 226.972290
7495.112747 7854.872213 225.622375
7545.112747 7854.872213 223.869766
7595.112747 7854.872213 221.715057
7645.112747 7854.872213 219.209930
7695.112747 7854.872213 216.348160
7745.112747 7854.872213 213.092331
7795.112747 7854.872213 209.481491
7845.112747 7854.872213 205.575195
7895.112747 7854.872213 201.420837
7945.112747 7854.872213 197.059174
7995.112747 7854.872213 192.534027
8045.112747 7854.872213 187.844879
8095.112747 7854.872213 183.058212
8145.112747 7854.872213 178.164337
8195.112747 7854.872213 173.240204
8245.112747 7854.872213 168.301788
8295.112747 7854.872213 163.422668
8345.112747 7854.872213 158.772980
8395.112747 7854.872213 154.434021
8445.112747 7854.872213 150.517166
8495.112747 7854.872213 147.059387
8545.112747 7854.872213 144.071609
8595.112747 7854.872213 141.486420
8645.112747 7854.872213 139.362045
8695.112747 7854.872213 137.776932
8745.112747 7854.872213 136.788147
8795.112747 7854.872213 136.487167
8845.112747 7854.872213 136.986160
8895.112747 7854.872213 138.313324
8945.112747 7854.872213 140.532043
8995.112747 7854.872213 143.679749
9045.112747 7854.872213 147.721085
9095.112747 7854.872213 152.568283
9145.112747 7854.872213 158.161819
9195.112747 7854.872213 164.473450
9245.112747 7854.872213 171.387039
9295.112747 7854.872213 178.795013
9345.112747 7854.872213 186.665085
9395.112747 7854.872213 194.955566
9445.112747 7854.872213 203.662262
9495.112747 7854.872213 212.718460
9545.112747 7854.872213 222.096985
9595.112747 7854.872213 231.648926
9645.112747 7854.872213 241.208588
9695.112747 7854.872213 250.642563
9745.112747 7854.872213 259.873077
9795.112747 7854.872213 268.811340
9845.112747 7854.872213 277.417175
9895.112747 7854.872213 285.605194
9945.112747 7854.872213 293.311310
9995.112747 7854.872213 300.442383
10045.112747 7854.872213 306.947784
10095.112747 7854.872213 312.773987
10145.112747 7854.872213 317.942505
10195.112747 7854.872213 322.470520
10245.112747 7854.872213 326.322906
10295.112747 7854.872213 329.504333
10345.112747 7854.872213 331.977020
10395.112747 7854.872213 333.742828
10445.112747 7854.872213 334.849884
10495.112747 7854.872213 335.309387
10545.112747 7854.872213 335.159332
10595.112747 7854.872213 334.308350
10645.112747 7854.872213 332.691254
10695.112747 7854.872213 330.239014
10745.112747 7854.872213 326.947540
10795.112747 7854.872213 322.805176
10845.112747 7854.872213 317.803253
10895.112747 7854.872213 311.928345
10945.112747 7854.872213 305.210266
10995.112747 7854.872213 297.569305
11045.112747 7854.872213 289.073334
11095.112747 7854.872213 279.805817
11145.112747 7854.872213 269.920959
11195.112747 7854.872213 259.494507
11245.112747 7854.872213 248.640503
11295.112747 7854.872213 237.479507
11345.112747 7854.872213 226.133240
11395.112747 7854.872213 214.661240
11445.112747 7854.872213 203.139099
11495.112747 7854.872213 191.658188
11545.112747 7854.872213 180.290436
11595.112747 7854.872213 169.044540
11645.112747 7854.872213 157.944077
11695.112747 7854.872213 147.068665
11745.112747 7854.872213 136.506226
11795.112747 7854.872213 126.345322
11845.112747 7854.872213 116.594070
11895.112747 7854.872213 107.258842
11945.112747 7854.872213 98.287163
11995.112747 7854.872213 89.683792
12045.112747 7854.872213 81.479042
12095.112747 7854.872213 73.766861
12145.112747 7854.872213 66.586288
12195.112747 7854.872213 60.036060
12245.112747 7854.872213 54.144859
12295.112747 7854.872213 48.919666
12345.112747 7854.872213 44.349628
12395.112747 7854.872213 40.453190
12445.112747 7854.872213 37.177547
12495.112747 7854.872213 34.426563
12545.112747 7854.872213 32.199642
12595.112747 7854.872213 30.485985
12645.112747 7854.872213 29.262447
12695.112747 7854.872213 28.544777
12745.112747 7854.872213 28.307688
12795.112747 7854.872213 28.435720
12845.112747 7854.872213 28.846418
12895.112747 7854.872213 29.472332
12945.112747 7854.872213 30.279018
12995.112747 7854.872213 31.233179
13045.112747 7854.872213 32.286057
13095.112747 7854.872213 33.501431
13145.112747 7854.872213 34.808548
13195.112747 7854.872213 36.199280
13245.112747 7854.872213 37.758354
13295.112747 7854.872213 39.500347
13345.112747 7854.872213 41.511669
13395.112747 7854.872213 43.763725
13445.112747 7854.872213 46.269318
13495.112747 7854.872213 49.035568
13545.112747 7854.872213 52.110210
13595.112747 7854.872213 55.420216
13645.112747 7854.872213 58.898438
13695.112747 7854.872213 62.599884
13745.112747 7854.872213 66.507721
13795.112747 7854.872213 70.659431
13845.112747 7854.872213 75.057259
13895.112747 7854.872213 79.635628
13945.112747 7854.872213 84.371880
13995.112747 7854.872213 89.187729
6545.112747 7904.872213 205.250275
6595.112747 7904.872213 207.363052
6645.112747 7904.872213 209.503799
6695.112747 7904.872213 211.648941
6745.112747 7904.872213 213.745285
6795.112747 7904.872213 215.803009
6845.112747 7904.872213 217.851456
6895.112747 7904.872213 219.865509
6945.112747 7904.872213 221.774200
6995.112747 7904.872213 223.481323
7045.112747 7904.872213 224.995209
7095.112747 7904.872213 226.327286
7145.112747 7904.872213 227.428253
7195.112747 7904.872213 228.222122
7245.112747 7904.872213 228.753677
7295.112747 7904.872213 228.936844
7345.112747 7904.872213 228.753174
7395.112747 7904.872213 228.134888
7445.112747 7904.872213 227.068527
7495.112747 7904.872213 225.545547
7545.112747 7904.872213 223.559738
7595.112747 7904.872213 221.135986
7645.112747 7904.872213 218.271561
7695.112747 7904.872213 214.985672
7745.112747 7904.872213 211.323624
7795.112747 7904.872213 207.324738
7845.112747 7904.872213 203.008362
7895.112747 7904.872213 198.387405
7945.112747 7904.872213 193.529800
7995.112747 7904.872213 188.484619
8045.112747 7904.872213 183.311920
8095.112747 7904.872213 178.030411
8145.112747 7904.872213 172.692429
8195.112747 7904.872213 167.323624
8245.112747 7904.872213 162.044205
8295.112747 7904.872213 156.944153
8345.112747 7904.872213 152.162415
8395.112747 7904.872213 147.798721
8445.112747 7904.872213 143.907684
8495.112747 7904.872213 140.545425
8545.112747 7904.872213 137.658920
8595.112747 7904.872213 135.298920
8645.112747 7904.872213 133.490356
8695.112747 7904.872213 132.263824
8745.112747 7904.872213 131.682953
8795.112747 7904.872213 131.860092
8845.112747 7904.872213 132.905853
8895.112747 7904.872213 134.868011
8945.112747 7904.872213 137.804199
8995.112747 7904.872213 141.701767
9045.112747 7904.872213 146.521835
9095.112747 7904.872213 152.203003
9145.112747 7904.872213 158.694962
9195.112747 7904.872213 165.955597
9245.112747 7904.872213 173.843246
9295.112747 7904.872213 182.242844
9345.112747 7904.872213 191.125504
9395.112747 7904.872213 200.444778
9445.112747 7904.872213 210.230270
9495.112747 7904.872213 220.397644
9545.112747 7904.872213 230.882217
9595.112747 7904.872213 241.567368
9645.112747 7904.872213 252.285248
9695.112747 7904.872213 262.933990
9745.112747 7904.872213 273.362427
9795.112747 7904.872213 283.479340
9845.112747 7904.872213 293.202362
9895.112747 7904.872213 302.454559
9945.112747 7904.872213 311.166473
9995.112747 7904.872213 319.260010
10045.112747 7904.872213 326.662476
10095.112747 7904.872213 333.327179
10145.112747 7904.872213 339.268738
10195.112747 7904.872213 344.456573
10245.112747 7904.872213 348.873505
10295.112747 7904.872213 352.472717
10345.112747 7904.872213 355.292908
10395.112747 7904.872213 357.318054
10445.112747 7904.872213 358.539185
10495.112747 7904.872213 359.017029
10545.112747 7904.872213 358.753326
10595.112747 7904.872213 357.714539
10645.112747 7904.872213 355.817596
10695.112747 7904.872213 352.986450
10745.112747 7904.872213 349.218048
10795.112747 7904.872213 344.498016
10845.112747 7904.872213 338.802643
10895.112747 7904.872213 332.170837
10945.112747 7904.872213 324.564331
10995.112747 7904.872213 315.978180
11045.112747 7904.872213 306.441742
11095.112747 7904.872213 296.088165
11145.112747 7904.872213 285.032990
11195.112747 7904.872213 273.401642
11245.112747 7904.872213 261.317047
11295.112747 7904.872213 248.921173
11345.112747 7904.872213 236.345932
11395.112747 7904.872213 223.694336
11445.112747 7904.872213 211.021683
11495.112747 7904.872213 198.409439
11545.112747 7904.872213 185.899979
11595.112747 7904.872213 173.542038
11645.112747 7904.872213 161.379379
11695.112747 7904.872213 149.455109
11745.112747 7904.872213 137.858856
11795.112747 7904.872213 126.693901
11845.112747 7904.872213 116.071205
11895.112747 7904.872213 105.969543
11945.112747 7904.872213 96.353401
11995.112747 7904.872213 87.180779
12045.112747 7904.872213 78.447548
12095.112747 7904.872213 70.189285
12145.112747 7904.872213 62.594082
12195.112747 7904.872213 55.664013
12245.112747 7904.872213 49.460556
12295.112747 7904.872213 43.973503
12345.112747 7904.872213 39.203396
12395.112747 7904.872213 35.131104
12445.112747 7904.872213 31.710779
12495.112747 7904.872213 28.894684
12545.112747 7904.872213 26.643629
12595.112747 7904.872213 24.965933
12645.112747 7904.872213 23.811731
12695.112747 7904.872213 23.148891
12745.112747 7904.872213 23.000465
12795.112747 7904.872213 23.282537
12845.112747 7904.872213 23.920286
12895.112747 7904.872213 24.803516
12945.112747 7904.872213 25.875402
12995.112747 7904.872213 27.078403
13045.112747 7904.872213 28.391920
13095.112747 7904.872213 29.799700
13145.112747 7904.872213 31.324963
13195.112747 7904.872213 32.962933
13245.112747 7904.872213 34.766335
13295.112747 7904.872213 36.780167
13345.112747 7904.872213 39.043053
13395.112747 7904.872213 41.571770
13445.112747 7904.872213 44.354588
13495.112747 7904.872213 47.425232
13545.112747 7904.872213 50.783138
13595.112747 7904.872213 54.337704
13645.112747 7904.872213 58.067017
13695.112747 7904.872213 62.023563
13745.112747 7904.872213 66.247070
13795.112747 7904.872213 70.709175
13845.112747 7904.872213 75.375664
13895.112747 7904.872213 80.238655
13945.112747 7904.872213 85.281586
13995.112747 7904.872213 90.451729
6545.112747 7954.872213 208.713623
6595.112747 7954.872213 210.741058
6645.112747 7954.872213 212.815384
6695.112747 7954.872213 214.874832
6745.112747 7954.872213 216.857925
6795.112747 7954.872213 218.787659
6845.112747 7954.872213 220.646530
6895.112747 7954.872213 222.461441
6945.112747 7954.872213 224.178391
6995.112747 7954.872213 225.691986
7045.112747 7954.872213 226.997543
7095.112747 7954.872213 228.094223
7145.112747 7954.872213 228.942276
7195.112747 7954.872213 229.520065
7245.112747 7954.872213 229.771179
7295.112747 7954.872213 229.699829
7345.112747 7954.872213 229.252670
7395.112747 7954.872213 228.403839
7445.112747 7954.872213 227.117386
7495.112747 7954.872213 225.356339
7545.112747 7954.872213 223.080017
7595.112747 7954.872213 220.313171
7645.112747 7954.872213 217.054779
7695.112747 7954.872213 213.356659
7745.112747 7954.872213 209.293686
7795.112747 7954.872213 204.858231
7845.112747 7954.872213 200.083435
7895.112747 7954.872213 194.976532
7945.112747 7954.872213 189.579025
7995.112747 7954.872213 184.013062
8045.112747 7954.872213 178.338745
8095.112747 7954.872213 172.562988
8145.112747 7954.872213 166.734406
8195.112747 7954.872213 160.951218
8245.112747 7954.872213 155.318741
8295.112747 7954.872213 150.016312
8345.112747 7954.872213 145.115540
8395.112747 7954.872213 140.691483
8445.112747 7954.872213 136.812943
8495.112747 7954.872213 133.465408
8545.112747 7954.872213 130.700867
8595.112747 7954.872213 128.560684
8645.112747 7954.872213 127.063339
8695.112747 7954.872213 126.186409
8745.112747 7954.872213 126.028885
8795.112747 7954.872213 126.666107
8845.112747 7954.872213 128.204193
8895.112747 7954.872213 130.770782
8945.112747 7954.872213 134.371277
8995.112747 7954.872213 138.976517
9045.112747 7954.872213 144.549973
9095.112747 7954.872213 151.046219
9145.112747 7954.872213 158.419998
9195.112747 7954.872213 166.578629
9245.112747 7954.872213 175.409012
9295.112747 7954.872213 184.802856
9345.112747 7954.872213 194.717407
9395.112747 7954.872213 205.136612
9445.112747 7954.872213 216.039795
9495.112747 7954.872213 227.368576
9545.112747 7954.872213 239.007263
9595.112747 7954.872213 250.846710
9645.112747 7954.872213 262.740692
9695.112747 7954.872213 274.570282
9745.112747 7954.872213 286.217682
9795.112747 7954.872213 297.538513
9845.112747 7954.872213 308.433502
9895.112747 7954.872213 318.824524
9945.112747 7954.872213 328.631195
9995.112747 7954.872213 337.758270
10045.112747 7954.872213 346.112091
10095.112747 7954.872213 353.700989
10145.112747 7954.872213 360.458344
10195.112747 7954.872213 366.359558
10245.112747 7954.872213 371.374084
10295.112747 7954.872213 375.482056
10345.112747 7954.872213 378.691315
10395.112747 7954.872213 380.995483
10445.112747 7954.872213 382.389038
10495.112747 7954.872213 382.897156
10545.112747 7954.872213 382.510803
10595.112747 7954.872213 381.258606
10645.112747 7954.872213 379.085907
10695.112747 7954.872213 375.924866
10745.112747 7954.872213 371.696259
10795.112747 7954.872213 366.396240
10845.112747 7954.872213 360.052612
10895.112747 7954.872213 352.616577
10945.112747 7954.872213 344.103851
10995.112747 7954.872213 334.549591
11045.112747 7954.872213 324.012573
11095.112747 7954.872213 312.556122
11145.112747 7954.872213 300.345551
11195.112747 7954.872213 287.523926
11245.112747 7954.872213 274.246552
11295.112747 7954.872213 260.654205
11345.112747 7954.872213 246.905334
11395.112747 7954.872213 233.092361
11445.112747 7954.872213 219.256134
11495.112747 7954.872213 205.495468
11545.112747 7954.872213 191.847305
11595.112747 7954.872213 178.406845
11645.112747 7954.872213 165.210358
11695.112747 7954.872213 152.272659
11745.112747 7954.872213 139.677826
11795.112747 7954.872213 127.577049
11845.112747 7954.872213 116.068810
11895.112747 7954.872213 105.196693
11945.112747 7954.872213 94.933716
11995.112747 7954.872213 85.221428
12045.112747 7954.872213 75.989494
12095.112747 7954.872213 67.307350
12145.112747 7954.872213 59.274323
12195.112747 7954.872213 52.005203
12245.112747 7954.872213 45.489880
12295.112747 7954.872213 39.717743
12345.112747 7954.872213 34.723053
12395.112747 7954.872213 30.436302
12445.112747 7954.872213 26.848812
12495.112747 7954.872213 23.922548
12545.112747 7954.872213 21.625547
12595.112747 7954.872213 19.949570
12645.112747 7954.872213 18.808346
12695.112747 7954.872213 18.178930
12745.112747 7954.872213 18.072058
12795.112747 7954.872213 18.470016
12845.112747 7954.872213 19.259418
12895.112747 7954.872213 20.336462
12945.112747 7954.872213 21.637817
12995.112747 7954.872213 23.084644
13045.112747 7954.872213 24.656418
13095.112747 7954.872213 26.306675
13145.112747 7954.872213 28.031927
13195.112747 7954.872213 29.892611
13245.112747 7954.872213 31.946703
13295.112747 7954.872213 34.215435
13345.112747 7954.872213 36.735550
13395.112747 7954.872213 39.524487
13445.112747 7954.872213 42.588440
13495.112747 7954.872213 45.938377
13545.112747 7954.872213 49.542301
13595.112747 7954.872213 53.351139
13645.112747 7954.872213 57.346203
13695.112747 7954.872213 61.566509
13745.112747 7954.872213 66.026131
13795.112747 7954.872213 70.726212
13845.112747 7954.872213 75.625732
13895.112747 7954.872213 80.730865
13945.112747 7954.872213 86.039970
13995.112747 7954.872213 91.452644
6545.112747 8004.872213 213.856934
6595.112747 8004.872213 215.667831
6645.112747 8004.872213 217.518448
6695.112747 8004.872213 219.369949
6745.112747 8004.872213 221.146759
6795.112747 8004.872213 222.815628
6845.112747 8004.872213 224.420670
6895.112747 8004.872213 225.961441
6945.112747 8004.872213 227.349075
6995.112747 8004.872213 228.572144
7045.112747 8004.872213 229.561813
7095.112747 8004.872213 230.336594
7145.112747 8004.872213 230.848053
7195.112747 8004.872213 231.062820
7245.112747 8004.872213 230.982788
7295.112747 8004.872213 230.594589
7345.112747 8004.872213 229.849548
7395.112747 8004.872213 228.696838
7445.112747 8004.872213 227.106445
7495.112747 8004.872213 225.006073
7545.112747 8004.872213 222.418701
7595.112747 8004.872213 219.292770
7645.112747 8004.872213 215.635925
7695.112747 8004.872213 211.501846
7745.112747 8004.872213 206.952484
7795.112747 8004.872213 202.040527
7845.112747 8004.872213 196.763168
7895.112747 8004.872213 191.146027
7945.112747 8004.872213 185.241608
7995.112747 8004.872213 179.128525
8045.112747 8004.872213 172.899612
8095.112747 8004.872213 166.593475
8145.112747 8004.872213 160.286148
8195.112747 8004.872213 154.110458
8245.112747 8004.872213 148.180130
8295.112747 8004.872213 142.634781
8345.112747 8004.872213 137.567459
8395.112747 8004.872213 133.072998
8445.112747 8004.872213 129.147827
8495.112747 8004.872213 125.835831
8545.112747 8004.872213 123.198486
8595.112747 8004.872213 121.283409
8645.112747 8004.872213 120.061508
8695.112747 8004.872213 119.553711
8745.112747 8004.872213 119.779465
8795.112747 8004.872213 120.879532
8845.112747 8004.872213 122.927673
8895.112747 8004.872213 126.046455
8945.112747 8004.872213 130.267944
8995.112747 8004.872213 135.589050
9045.112747 8004.872213 141.900528
9095.112747 8004.872213 149.182724
9145.112747 8004.872213 157.365707
9195.112747 8004.872213 166.379120
9245.112747 8004.872213 176.117050
9295.112747 8004.872213 186.500366
9345.112747 8004.872213 197.465485
9395.112747 8004.872213 209.025375
9445.112747 8004.872213 221.084137
9495.112747 8004.872213 233.613327
9545.112747 8004.872213 246.459061
9595.112747 8004.872213 259.477356
9645.112747 8004.872213 272.560699
9695.112747 8004.872213 285.597046
9745.112747 8004.872213 298.452942
9795.112747 8004.872213 311.054260
9845.112747 8004.872213 323.203888
9895.112747 8004.872213 334.787384
9945.112747 8004.872213 345.703766
9995.112747 8004.872213 355.904388
10045.112747 8004.872213 365.317688
10095.112747 8004.872213 373.863831
10145.112747 8004.872213 381.502075
10195.112747 8004.872213 388.171295
10245.112747 8004.872213 393.846924
10295.112747 8004.872213 398.498718
10345.112747 8004.872213 402.125427
10395.112747 8004.872213 404.768555
10445.112747 8004.872213 406.372223
10495.112747 8004.872213 406.930481
10545.112747 8004.872213 406.481171
10595.112747 8004.872213 405.019714
10645.112747 8004.872213 402.548767
10695.112747 8004.872213 399.029907
10745.112747 8004.872213 394.360443
10795.112747 8004.872213 388.494293
10845.112747 8004.872213 381.443665
10895.112747 8004.872213 373.221222
10945.112747 8004.872213 363.815948
10995.112747 8004.872213 353.296387
11045.112747 8004.872213 341.727692
11095.112747 8004.872213 329.198425
11145.112747 8004.872213 315.852997
11195.112747 8004.872213 301.891846
11245.112747 8004.872213 287.448212
11295.112747 8004.872213 272.701904
11345.112747 8004.872213 257.783936
11395.112747 8004.872213 242.792450
11445.112747 8004.872213 227.836624
11495.112747 8004.872213 212.924393
11545.112747 8004.872213 198.179230
11595.112747 8004.872213 183.654633
11645.112747 8004.872213 169.405487
11695.112747 8004.872213 155.504822
11745.112747 8004.872213 141.994247
11795.112747 8004.872213 128.993698
11845.112747 8004.872213 116.654663
11895.112747 8004.872213 105.016525
11945.112747 8004.872213 94.127296
11995.112747 8004.872213 83.852402
12045.112747 8004.872213 74.148033
12095.112747 8004.872213 65.065010
12145.112747 8004.872213 56.690254
12195.112747 8004.872213 49.067135
12245.112747 8004.872213 42.218399
12295.112747 8004.872213 36.168148
12345.112747 8004.872213 30.883005
12395.112747 8004.872213 26.376245
12445.112747 8004.872213 22.619987
12495.112747 8004.872213 19.564083
12545.112747 8004.872213 17.196428
12595.112747 8004.872213 15.442256
12645.112747 8004.872213 14.261090
12695.112747 8004.872213 13.654540
12745.112747 8004.872213 13.607983
12795.112747 8004.872213 14.045535
12845.112747 8004.872213 14.900270
12895.112747 8004.872213 16.115082
12945.112747 8004.872213 17.589003
12995.112747 8004.872213 19.267754
13045.112747 8004.872213 21.089680
13095.112747 8004.872213 22.979301
13145.112747 8004.872213 24.935349
13195.112747 8004.872213 27.058378
13245.112747 8004.872213 29.344326
13295.112747 8004.872213 31.865311
13345.112747 8004.872213 34.620449
13395.112747 8004.872213 37.666252
13445.112747 8004.872213 40.981335
13495.112747 8004.872213 44.566933
13545.112747 8004.872213 48.428608
13595.112747 8004.872213 52.507118
13645.112747 8004.872213 56.772179
13695.112747 8004.872213 61.209442
13745.112747 8004.872213 65.848335
13795.112747 8004.872213 70.713196
13845.112747 8004.872213 75.798622
13895.112747 8004.872213 81.099541
13945.112747 8004.872213 86.581970
13995.112747 8004.872213 92.187897
6545.112747 8054.872213 220.718414
6595.112747 8054.872213 222.211090
6645.112747 8054.872213 223.699677
6695.112747 8054.872213 225.199341
6745.112747 8054.872213 226.632980
6795.112747 8054.872213 227.964691
6845.112747 8054.872213 229.204895
6895.112747 8054.872213 230.317657
6945.112747 8054.872213 231.289276
6995.112747 8054.872213 232.077423
7045.112747 8054.872213 232.675735
7095.112747 8054.872213 233.043228
7145.112747 8054.872213 233.152893
7195.112747 8054.872213 232.964539
7245.112747 8054.872213 232.464508
7295.112747 8054.872213 231.682587
7345.112747 8054.872213 230.563217
7395.112747 8054.872213 229.020172
7445.112747 8054.872213 227.038757
7495.112747 8054.872213 224.583954
7545.112747 8054.872213 221.593475
7595.112747 8054.872213 218.067368
7645.112747 8054.872213 213.996735
7695.112747 8054.872213 209.387054
7745.112747 8054.872213 204.311951
7795.112747 8054.872213 198.868515
7845.112747 8054.872213 193.070221
7895.112747 8054.872213 186.960922
7945.112747 8054.872213 180.522324
7995.112747 8054.872213 173.835342
8045.112747 8054.872213 166.998459
8095.112747 8054.872213 160.123062
8145.112747 8054.872213 153.337814
8195.112747 8054.872213 146.771225
8245.112747 8054.872213 140.528198
8295.112747 8054.872213 134.725708
8345.112747 8054.872213 129.487122
8395.112747 8054.872213 124.879921
8445.112747 8054.872213 120.936234
8495.112747 8054.872213 117.690453
8545.112747 8054.872213 115.157326
8595.112747 8054.872213 113.382599
8645.112747 8054.872213 112.430183
8695.112747 8054.872213 112.269913
8745.112747 8054.872213 112.927010
8795.112747 8054.872213 114.484627
8845.112747 8054.872213 117.065636
8895.112747 8054.872213 120.762894
8945.112747 8054.872213 125.624153
8995.112747 8054.872213 131.586609
9045.112747 8054.872213 138.603683
9095.112747 8054.872213 146.619400
9145.112747 8054.872213 155.590683
9195.112747 8054.872213 165.419998
9245.112747 8054.872213 176.065125
9295.112747 8054.872213 187.436615
9345.112747 8054.872213 199.465683
9395.112747 8054.872213 212.144119
9445.112747 8054.872213 225.410263
9495.112747 8054.872213 239.137589
9545.112747 8054.872213 253.182755
9595.112747 8054.872213 267.413422
9645.112747 8054.872213 281.736786
9695.112747 8054.872213 296.040588
9745.112747 8054.872213 310.212219
9795.112747 8054.872213 324.124298
9845.112747 8054.872213 337.565582
9895.112747 8054.872213 350.351318
9945.112747 8054.872213 362.432465
9995.112747 8054.872213 373.755737
10045.112747 8054.872213 384.254425
10095.112747 8054.872213 393.815948
10145.112747 8054.872213 402.370239
10195.112747 8054.872213 409.852753
10245.112747 8054.872213 416.218719
10295.112747 8054.872213 421.455933
10345.112747 8054.872213 425.573608
10395.112747 8054.872213 428.587463
10445.112747 8054.872213 430.423828
10495.112747 8054.872213 431.089905
10545.112747 8054.872213 430.591553
10595.112747 8054.872213 428.957733
10645.112747 8054.872213 426.171967
10695.112747 8054.872213 422.252136
10745.112747 8054.872213 417.106659
10795.112747 8054.872213 410.691864
10845.112747 8054.872213 402.968994
10895.112747 8054.872213 393.956635
10945.112747 8054.872213 383.663818
10995.112747 8054.872213 372.159912
11045.112747 8054.872213 359.576599
11095.112747 8054.872213 345.991608
11145.112747 8054.872213 331.567871
11195.112747 8054.872213 316.483093
11245.112747 8054.872213 300.897736
11295.112747 8054.872213 284.983948
11345.112747 8054.872213 268.884674
11395.112747 8054.872213 252.747238
11445.112747 8054.872213 236.654816
11495.112747 8054.872213 220.679230
11545.112747 8054.872213 204.840851
11595.112747 8054.872213 189.271378
11645.112747 8054.872213 174.008926
11695.112747 8054.872213 159.139282
11745.112747 8054.872213 144.730072
11795.112747 8054.872213 130.924164
11845.112747 8054.872213 117.819267
11895.112747 8054.872213 105.505684
11945.112747 8054.872213 93.931328
11995.112747 8054.872213 83.084480
12045.112747 8054.872213 72.920975
12095.112747 8054.872213 63.481277
12145.112747 8054.872213 54.742561
12195.112747 8054.872213 46.795586
12245.112747 8054.872213 39.637028
12295.112747 8054.872213 33.282173
12345.112747 8054.872213 27.710041
12395.112747 8054.872213 22.950747
12445.112747 8054.872213 19.002676
12495.112747 8054.872213 15.819511
12545.112747 8054.872213 13.317195
12595.112747 8054.872213 11.460746
12645.112747 8054.872213 10.223196
12695.112747 8054.872213 9.605567
12745.112747 8054.872213 9.565753
12795.112747 8054.872213 10.001530
12845.112747 8054.872213 10.866966
12895.112747 8054.872213 12.164448
12945.112747 8054.872213 13.777434
12995.112747 8054.872213 15.648625
13045.112747 8054.872213 17.699175
13095.112747 8054.872213 19.819050
13145.112747 8054.872213 22.050943
13195.112747 8054.872213 24.434105
13245.112747 8054.872213 27.009203
13295.112747 8054.872213 29.775644
13345.112747 8054.872213 32.761803
13395.112747 8054.872213 36.006767
13445.112747 8054.872213 39.583721
13495.112747 8054.872213 43.437172
13545.112747 8054.872213 47.519173
13595.112747 8054.872213 51.800110
13645.112747 8054.872213 56.263851
13695.112747 8054.872213 60.890781
13745.112747 8054.872213 65.692490
13795.112747 8054.872213 70.696503
13845.112747 8054.872213 75.906601
13895.112747 8054.872213 81.333260
13945.112747 8054.872213 86.907761
13995.112747 8054.872213 92.586807
6545.112747 8104.872213 229.331284
6595.112747 8104.872213 230.331268
6645.112747 8104.872213 231.353851
6695.112747 8104.872213 232.345261
6745.112747 8104.872213 233.303894
6795.112747 8104.872213 234.176193
6845.112747 8104.872213 234.930191
6895.112747 8104.872213 235.534103
6945.112747 8104.872213 235.986206
6995.112747 8104.872213 236.285675
7045.112747 8104.872213 236.388687
7095.112747 8104.872213 236.267044
7145.112747 8104.872213 235.916962
7195.112747 8104.872213 235.256836
7245.112747 8104.872213 234.281143
7295.112747 8104.872213 232.992676
7345.112747 8104.872213 231.390610
7395.112747 8104.872213 229.389877
7445.112747 8104.872213 226.962845
7495.112747 8104.872213 224.063568
7545.112747 8104.872213 220.646149
7595.112747 8104.872213 216.665939
7645.112747 8104.872213 212.134811
7695.112747 8104.872213 207.041199
7745.112747 8104.872213 201.440247
7795.112747 8104.872213 195.430450
7845.112747 8104.872213 189.058594
7895.112747 8104.872213 182.367508
7945.112747 8104.872213 175.367111
7995.112747 8104.872213 168.079407
8045.112747 8104.872213 160.644989
8095.112747 8104.872213 153.180649
8145.112747 8104.872213 145.904495
8195.112747 8104.872213 138.907120
8245.112747 8104.872213 132.316833
8295.112747 8104.872213 126.268433
8345.112747 8104.872213 120.844040
8395.112747 8104.872213 116.128334
8445.112747 8104.872213 112.159058
8495.112747 8104.872213 108.939774
8545.112747 8104.872213 106.494446
8595.112747 8104.872213 104.891922
8645.112747 8104.872213 104.170883
8695.112747 8104.872213 104.340401
8745.112747 8104.872213 105.449974
8795.112747 8104.872213 107.524055
8845.112747 8104.872213 110.658340
8895.112747 8104.872213 114.952461
8945.112747 8104.872213 120.395134
8995.112747 8104.872213 126.996964
9045.112747 8104.872213 134.688751
9095.112747 8104.872213 143.431976
9145.112747 8104.872213 153.170609
9195.112747 8104.872213 163.815399
9245.112747 8104.872213 175.343277
9295.112747 8104.872213 187.700821
9345.112747 8104.872213 200.792969
9395.112747 8104.872213 214.609512
9445.112747 8104.872213 229.023956
9495.112747 8104.872213 243.943130
9545.112747 8104.872213 259.211426
9595.112747 8104.872213 274.687592
9645.112747 8104.872213 290.290710
9695.112747 8104.872213 305.942749
9745.112747 8104.872213 321.480713
9795.112747 8104.872213 336.728210
9845.112747 8104.872213 351.475525
9895.112747 8104.872213 365.540222
9945.112747 8104.872213 378.855621
9995.112747 8104.872213 391.342621
10045.112747 8104.872213 402.919067
10095.112747 8104.872213 413.533020
10145.112747 8104.872213 423.051910
10195.112747 8104.872213 431.396271
10245.112747 8104.872213 438.527222
10295.112747 8104.872213 444.407867
10345.112747 8104.872213 449.087311
10395.112747 8104.872213 452.500488
10445.112747 8104.872213 454.605164
10495.112747 8104.872213 455.398376
10545.112747 8104.872213 454.849945
10595.112747 8104.872213 453.024078
10645.112747 8104.872213 449.955292
10695.112747 8104.872213 445.615570
10745.112747 8104.872213 439.982422
10795.112747 8104.872213 432.987396
10845.112747 8104.872213 424.586151
10895.112747 8104.872213 414.759338
10945.112747 8104.872213 403.555359
10995.112747 8104.872213 391.104797
11045.112747 8104.872213 377.491211
11095.112747 8104.872213 362.862915
11145.112747 8104.872213 347.380157
11195.112747 8104.872213 331.187897
11245.112747 8104.872213 314.468353
11295.112747 8104.872213 297.384521
11345.112747 8104.872213 280.113678
11395.112747 8104.872213 262.840668
11445.112747 8104.872213 245.655121
11495.112747 8104.872213 228.595230
11545.112747 8104.872213 211.756302
11595.112747 8104.872213 195.186127
11645.112747 8104.872213 178.946518
11695.112747 8104.872213 163.127136
11745.112747 8104.872213 147.859894
11795.112747 8104.872213 133.279312
11845.112747 8104.872213 119.503281
11895.112747 8104.872213 106.506905
11945.112747 8104.872213 94.320831
11995.112747 8104.872213 82.895782
12045.112747 8104.872213 72.273621
12095.112747 8104.872213 62.448864
12145.112747 8104.872213 53.391308
12195.112747 8104.872213 45.119526
12245.112747 8104.872213 37.670372
12295.112747 8104.872213 31.021608
12345.112747 8104.872213 25.202715
12395.112747 8104.872213 20.181322
12445.112747 8104.872213 15.979604
12495.112747 8104.872213 12.602668
12545.112747 8104.872213 9.955437
12595.112747 8104.872213 7.974688
12645.112747 8104.872213 6.658340
12695.112747 8104.872213 5.982698
12745.112747 8104.872213 5.868112
12795.112747 8104.872213 6.275666
12845.112747 8104.872213 7.169236
12895.112747 8104.872213 8.513025
12945.112747 8104.872213 10.254740
12995.112747 8104.872213 12.262712
13045.112747 8104.872213 14.504993
13095.112747 8104.872213 16.886621
13145.112747 8104.872213 19.363386
13195.112747 8104.872213 22.034403
13245.112747 8104.872213 24.895426
13295.112747 8104.872213 27.966669
13345.112747 8104.872213 31.220669
13395.112747 8104.872213 34.708683
13445.112747 8104.872213 38.487217
13495.112747 8104.872213 42.541519
13545.112747 8104.872213 46.803352
13595.112747 8104.872213 51.228832
13645.112747 8104.872213 55.825359
13695.112747 8104.872213 60.601944
13745.112747 8104.872213 65.546501
13795.112747 8104.872213 70.641075
13845.112747 8104.872213 75.937271
13895.112747 8104.872213 81.383591
13945.112747 8104.872213 86.964943
13995.112747 8104.872213 92.654510
6545.112747 8154.872213 239.660980
6595.112747 8154.872213 240.085159
6645.112747 8154.872213 240.456177
6695.112747 8154.872213 240.827438
6745.112747 8154.872213 241.165390
6795.112747 8154.872213 241.440842
6845.112747 8154.872213 241.589279
6895.112747 8154.872213 241.586090
6945.112747 8154.872213 241.454742
6995.112747 8154.872213 241.205353
7045.112747 8154.872213 240.740646
7095.112747 8154.872213 240.047058
7145.112747 8154.872213 239.114777
7195.112747 8154.872213 237.928696
7245.112747 8154.872213 236.395279
7295.112747 8154.872213 234.557678
7345.112747 8154.872213 232.410919
7395.112747 8154.872213 229.903229
7445.112747 8154.872213 226.952087
7495.112747 8154.872213 223.557419
7545.112747 8154.872213 219.617981
7595.112747 8154.872213 215.124207
7645.112747 8154.872213 210.074203
7695.112747 8154.872213 204.485519
7745.112747 8154.872213 198.347961
7795.112747 8154.872213 191.740784
7845.112747 8154.872213 184.725555
7895.112747 8154.872213 177.368164
7945.112747 8154.872213 169.737305
7995.112747 8154.872213 161.863678
8045.112747 8154.872213 153.826553
8095.112747 8154.872213 145.815765
8145.112747 8154.872213 137.976028
8195.112747 8154.872213 130.524323
8245.112747 8154.872213 123.580475
8295.112747 8154.872213 117.257347
8345.112747 8154.872213 111.637253
8395.112747 8154.872213 106.793381
8445.112747 8154.872213 102.757935
8495.112747 8154.872213 99.539696
8545.112747 8154.872213 97.222588
8595.112747 8154.872213 95.828583
8645.112747 8154.872213 95.367477
8695.112747 8154.872213 95.891975
8745.112747 8154.872213 97.445030
8795.112747 8154.872213 100.013985
8845.112747 8154.872213 103.679497
8895.112747 8154.872213 108.520996
8945.112747 8154.872213 114.575241
8995.112747 8154.872213 121.825890
9045.112747 8154.872213 130.234543
9095.112747 8154.872213 139.712601
9145.112747 8154.872213 150.219269
9195.112747 8154.872213 161.655426
9245.112747 8154.872213 174.040573
9295.112747 8154.872213 187.345947
9345.112747 8154.872213 201.516342
9395.112747 8154.872213 216.434967
9445.112747 8154.872213 232.010941
9495.112747 8154.872213 248.103012
9545.112747 8154.872213 264.603577
9595.112747 8154.872213 281.358002
9645.112747 8154.872213 298.292175
9695.112747 8154.872213 315.288788
9745.112747 8154.872213 332.205322
9795.112747 8154.872213 348.805573
9845.112747 8154.872213 364.889587
9895.112747 8154.872213 380.305023
9945.112747 8154.872213 394.915558
9995.112747 8154.872213 408.599823
10045.112747 8154.872213 421.331177
10095.112747 8154.872213 433.012848
10145.112747 8154.872213 443.553436
10195.112747 8154.872213 452.840393
10245.112747 8154.872213 460.811951
10295.112747 8154.872213 467.456421
10345.112747 8154.872213 472.727020
10395.112747 8154.872213 476.571960
10445.112747 8154.872213 478.970947
10495.112747 8154.872213 479.886841
10545.112747 8154.872213 479.335571
10595.112747 8154.872213 477.326477
10645.112747 8154.872213 473.933350
10695.112747 8154.872213 469.176666
10745.112747 8154.872213 463.015930
10795.112747 8154.872213 455.369110
10845.112747 8154.872213 446.203400
10895.112747 8154.872213 435.500061
10945.112747 8154.872213 423.370972
10995.112747 8154.872213 409.928772
11045.112747 8154.872213 395.330231
11095.112747 8154.872213 379.679901
11145.112747 8154.872213 363.138611
11195.112747 8154.872213 345.850372
11245.112747 8154.872213 327.999908
11295.112747 8154.872213 309.785461
11345.112747 8154.872213 291.386017
11395.112747 8154.872213 272.984650
11445.112747 8154.872213 254.707916
11495.112747 8154.872213 236.598541
11545.112747 8154.872213 218.763260
11595.112747 8154.872213 201.249115
11645.112747 8154.872213 184.081909
11695.112747 8154.872213 167.399261
11745.112747 8154.872213 151.347046
11795.112747 8154.872213 136.051331
11845.112747 8154.872213 121.589699
11895.112747 8154.872213 107.963791
11945.112747 8154.872213 95.179459
11995.112747 8154.872213 83.228516
12045.112747 8154.872213 72.139923
12095.112747 8154.872213 61.910988
12145.112747 8154.872213 52.517536
12195.112747 8154.872213 43.955105
12245.112747 8154.872213 36.233257
12295.112747 8154.872213 29.351728
12345.112747 8154.872213 23.272978
12395.112747 8154.872213 17.998873
12445.112747 8154.872213 13.544254
12495.112747 8154.872213 9.913359
12545.112747 8154.872213 7.067046
12595.112747 8154.872213 4.921770
12645.112747 8154.872213 3.482977
12695.112747 8154.872213 2.728970
12745.112747 8154.872213 2.539250
12795.112747 8154.872213 2.875825
12845.112747 8154.872213 3.764400
12895.112747 8154.872213 5.166499
12945.112747 8154.872213 6.975756
12995.112747 8154.872213 9.112984
13045.112747 8154.872213 11.531367
13095.112747 8154.872213 14.161694
13145.112747 8154.872213 16.954714
13195.112747 8154.872213 19.924559
13245.112747 8154.872213 23.099781
13295.112747 8154.872213 26.472895
13345.112747 8154.872213 30.020384
13395.112747 8154.872213 33.751823
13445.112747 8154.872213 37.713997
13495.112747 8154.872213 41.925129
13545.112747 8154.872213 46.288029
13595.112747 8154.872213 50.795353
13645.112747 8154.872213 55.486008
13695.112747 8154.872213 60.355778
13745.112747 8154.872213 65.374725
13795.112747 8154.872213 70.534134
13845.112747 8154.872213 75.810547
13895.112747 8154.872213 81.243530
13945.112747 8154.872213 86.766991
13995.112747 8154.872213 92.352722
6545.112747 8204.872213 251.829590
6595.112747 8204.872213 251.490128
6645.112747 8204.872213 251.111786
6695.112747 8204.872213 250.703171
6745.112747 8204.872213 250.292084
6795.112747 8204.872213 249.827286
6845.112747 8204.872213 249.238052
6895.112747 8204.872213 248.502045
6945.112747 8204.872213 247.653336
6995.112747 8204.872213 246.708099
7045.112747 8204.872213 245.631180
7095.112747 8204.872213 244.328476
7145.112747 8204.872213 242.774277
7195.112747 8204.872213 240.960297
7245.112747 8204.872213 238.857407
7295.112747 8204.872213 236.459793
7345.112747 8204.872213 233.738800
7395.112747 8204.872213 230.618195
7445.112747 8204.872213 227.093170
7495.112747 8204.872213 223.085297
7545.112747 8204.872213 218.579819
7595.112747 8204.872213 213.495682
7645.112747 8204.872213 207.853394
7695.112747 8204.872213 201.669022
7745.112747 8204.872213 194.977661
7795.112747 8204.872213 187.757813
7845.112747 8204.872213 180.084671
7895.112747 8204.872213 172.058640
7945.112747 8204.872213 163.750778
7995.112747 8204.872213 155.231232
8045.112747 8204.872213 146.584534
8095.112747 8204.872213 137.954086
8145.112747 8204.872213 129.559113
8195.112747 8204.872213 121.615967
8245.112747 8204.872213 114.302673
8295.112747 8204.872213 107.694000
8345.112747 8204.872213 101.889168
8395.112747 8204.872213 96.890419
8445.112747 8204.872213 92.772743
8495.112747 8204.872213 89.595947
8545.112747 8204.872213 87.424438
8595.112747 8204.872213 86.260605
8645.112747 8204.872213 86.098190
8695.112747 8204.872213 86.977936
8745.112747 8204.872213 88.918739
8795.112747 8204.872213 91.972420
8845.112747 8204.872213 96.165207
8895.112747 8204.872213 101.557701
8945.112747 8204.872213 108.230019
8995.112747 8204.872213 116.137688
9045.112747 8204.872213 125.246880
9095.112747 8204.872213 135.483948
9145.112747 8204.872213 146.731262
9195.112747 8204.872213 158.986176
9245.112747 8204.872213 172.218506
9295.112747 8204.872213 186.492126
9345.112747 8204.872213 201.707672
9395.112747 8204.872213 217.744553
9445.112747 8204.872213 234.453552
9495.112747 8204.872213 251.729340
9545.112747 8204.872213 269.421478
9595.112747 8204.872213 287.463745
9645.112747 8204.872213 305.738800
9695.112747 8204.872213 324.091248
9745.112747 8204.872213 342.344788
9795.112747 8204.872213 360.318542
9845.112747 8204.872213 377.787292
9895.112747 8204.872213 394.572021
9945.112747 8204.872213 410.516113
9995.112747 8204.872213 425.515594
10045.112747 8204.872213 439.472015
10095.112747 8204.872213 452.291656
10145.112747 8204.872213 463.901550
10195.112747 8204.872213 474.221619
10245.112747 8204.872213 483.142426
10295.112747 8204.872213 490.597290
10345.112747 8204.872213 496.495026
10395.112747 8204.872213 500.804138
10445.112747 8204.872213 503.529205
10495.112747 8204.872213 504.622131
10545.112747 8204.872213 504.060150
10595.112747 8204.872213 501.894409
10645.112747 8204.872213 498.171906
10695.112747 8204.872213 492.934601
10745.112747 8204.872213 486.136383
10795.112747 8204.872213 477.741150
10845.112747 8204.872213 467.702576
10895.112747 8204.872213 456.097748
10945.112747 8204.872213 443.005829
10995.112747 8204.872213 428.566895
11045.112747 8204.872213 412.903015
11095.112747 8204.872213 396.222076
11145.112747 8204.872213 378.622803
11195.112747 8204.872213 360.253784
11245.112747 8204.872213 341.304260
11295.112747 8204.872213 321.995300
11345.112747 8204.872213 302.524200
11395.112747 8204.872213 283.046967
11445.112747 8204.872213 263.693573
11495.112747 8204.872213 244.582703
11545.112747 8204.872213 225.792282
11595.112747 8204.872213 207.348633
11645.112747 8204.872213 189.358856
11695.112747 8204.872213 171.894058
11745.112747 8204.872213 155.117767
11795.112747 8204.872213 139.119797
11845.112747 8204.872213 123.990402
11895.112747 8204.872213 109.755112
11945.112747 8204.872213 96.409477
11995.112747 8204.872213 83.970062
12045.112747 8204.872213 72.437050
12095.112747 8204.872213 61.818741
12145.112747 8204.872213 52.095806
12195.112747 8204.872213 43.233723
12245.112747 8204.872213 35.259758
12295.112747 8204.872213 28.153460
12345.112747 8204.872213 21.837376
12395.112747 8204.872213 16.320978
12445.112747 8204.872213 11.627657
12495.112747 8204.872213 7.748425
12545.112747 8204.872213 4.638235
12595.112747 8204.872213 2.274673
12645.112747 8204.872213 0.683939
12695.112747 8204.872213 -0.205356
12745.112747 8204.872213 -0.483202
12795.112747 8204.872213 -0.193776
12845.112747 8204.872213 0.673888
12895.112747 8204.872213 2.117634
12945.112747 8204.872213 3.967689
12995.112747 8204.872213 6.199035
13045.112747 8204.872213 8.797564
13095.112747 8204.872213 11.714504
13145.112747 8204.872213 14.835359
13195.112747 8204.872213 18.161373
13245.112747 8204.872213 21.669508
13295.112747 8204.872213 25.334511
13345.112747 8204.872213 29.173113
13395.112747 8204.872213 33.143486
13445.112747 8204.872213 37.270218
13495.112747 8204.872213 41.556690
13545.112747 8204.872213 45.966316
13595.112747 8204.872213 50.531464
13645.112747 8204.872213 55.264774
13695.112747 8204.872213 60.159779
13745.112747 8204.872213 65.186699
13795.112747 8204.872213 70.307442
13845.112747 8204.872213 75.559235
13895.112747 8204.872213 80.898308
13945.112747 8204.872213 86.279282
13995.112747 8204.872213 91.649628
6545.112747 8254.872213 265.735016
6595.112747 8254.872213 264.482056
6645.112747 8254.872213 263.204315
6695.112747 8254.872213 261.915527
6745.112747 8254.872213 260.640717
6795.112747 8254.872213 259.302887
6845.112747 8254.872213 257.823456
6895.112747 8254.872213 256.223358
6945.112747 8254.872213 254.575195
6995.112747 8254.872213 252.859192
7045.112747 8254.872213 251.086838
7095.112747 8254.872213 249.132492
7145.112747 8254.872213 246.945999
7195.112747 8254.872213 244.453323
7245.112747 8254.872213 241.724045
7295.112747 8254.872213 238.719055
7345.112747 8254.872213 235.353317
7395.112747 8254.872213 231.590561
7445.112747 8254.872213 227.373474
7495.112747 8254.872213 222.699203
7545.112747 8254.872213 217.526779
7595.112747 8254.872213 211.798065
7645.112747 8254.872213 205.494888
7695.112747 8254.872213 198.685165
7745.112747 8254.872213 191.356888
7795.112747 8254.872213 183.526413
7845.112747 8254.872213 175.193970
7895.112747 8254.872213 166.448929
7945.112747 8254.872213 157.402130
7995.112747 8254.872213 148.198532
8045.112747 8254.872213 138.903580
8095.112747 8254.872213 129.669220
8145.112747 8254.872213 120.707146
8195.112747 8254.872213 112.279083
8245.112747 8254.872213 104.553978
8295.112747 8254.872213 97.642029
8345.112747 8254.872213 91.587395
8395.112747 8254.872213 86.432678
8445.112747 8254.872213 82.270020
8495.112747 8254.872213 79.152863
8545.112747 8254.872213 77.108215
8595.112747 8254.872213 76.180138
8645.112747 8254.872213 76.346863
8695.112747 8254.872213 77.591530
8745.112747 8254.872213 79.934280
8795.112747 8254.872213 83.436546
8845.112747 8254.872213 88.152313
8895.112747 8254.872213 94.158508
8945.112747 8254.872213 101.415985
8995.112747 8254.872213 109.960190
9045.112747 8254.872213 119.773979
9095.112747 8254.872213 130.750443
9145.112747 8254.872213 142.787781
9195.112747 8254.872213 155.858139
9245.112747 8254.872213 169.992493
9295.112747 8254.872213 185.189590
9345.112747 8254.872213 201.444107
9395.112747 8254.872213 218.560333
9445.112747 8254.872213 236.397598
9495.112747 8254.872213 254.824982
9545.112747 8254.872213 273.729492
9595.112747 8254.872213 293.034882
9645.112747 8254.872213 312.632599
9695.112747 8254.872213 332.326080
9745.112747 8254.872213 351.966370
9795.112747 8254.872213 371.307800
9845.112747 8254.872213 390.163605
9895.112747 8254.872213 408.325073
9945.112747 8254.872213 425.640289
9995.112747 8254.872213 442.009186
10045.112747 8254.872213 457.282104
10095.112747 8254.872213 471.353027
10145.112747 8254.872213 484.142273
10195.112747 8254.872213 495.546875
10245.112747 8254.872213 505.472473
10295.112747 8254.872213 513.767944
10345.112747 8254.872213 520.354919
10395.112747 8254.872213 525.200256
10445.112747 8254.872213 528.280823
10495.112747 8254.872213 529.570984
10545.112747 8254.872213 529.038208
10595.112747 8254.872213 526.701660
10645.112747 8254.872213 522.610840
10695.112747 8254.872213 516.792725
10745.112747 8254.872213 509.236786
10795.112747 8254.872213 499.961761
10845.112747 8254.872213 489.007904
10895.112747 8254.872213 476.426575
10945.112747 8254.872213 462.327209
10995.112747 8254.872213 446.826385
11045.112747 8254.872213 430.088196
11095.112747 8254.872213 412.311707
11145.112747 8254.872213 393.640778
11195.112747 8254.872213 374.216705
11245.112747 8254.872213 354.222137
11295.112747 8254.872213 333.877777
11345.112747 8254.872213 313.374207
11395.112747 8254.872213 292.872467
11445.112747 8254.872213 272.501190
11495.112747 8254.872213 252.432434
11545.112747 8254.872213 232.762939
11595.112747 8254.872213 213.495453
11645.112747 8254.872213 194.694016
11695.112747 8254.872213 176.508453
11745.112747 8254.872213 159.034897
11795.112747 8254.872213 142.400681
11845.112747 8254.872213 126.653793
11895.112747 8254.872213 111.837708
11945.112747 8254.872213 97.957359
11995.112747 8254.872213 85.037735
12045.112747 8254.872213 73.079025
12095.112747 8254.872213 62.099342
12145.112747 8254.872213 52.010620
12195.112747 8254.872213 42.898540
12245.112747 8254.872213 34.699192
12295.112747 8254.872213 27.358681
12345.112747 8254.872213 20.815588
12395.112747 8254.872213 15.089945
12445.112747 8254.872213 10.167754
12495.112747 8254.872213 6.026264
12545.112747 8254.872213 2.636369
12595.112747 8254.872213 -0.000000
12645.112747 8254.872213 -1.769521
12695.112747 8254.872213 -2.804038
12745.112747 8254.872213 -3.195323
12795.112747 8254.872213 -2.962847
12845.112747 8254.872213 -2.075960
12895.112747 8254.872213 -0.651027
12945.112747 8254.872213 1.261018
12995.112747 8254.872213 3.609843
13045.112747 8254.872213 6.396656
13095.112747 8254.872213 9.578389
13145.112747 8254.872213 13.056476
13195.112747 8254.872213 16.733191
13245.112747 8254.872213 20.600824
13295.112747 8254.872213 24.573669
13345.112747 8254.872213 28.675377
13395.112747 8254.872213 32.846821
13445.112747 8254.872213 37.106361
13495.112747 8254.872213 41.459225
13545.112747 8254.872213 45.895065
13595.112747 8254.872213 50.451302
13645.112747 8254.872213 55.167854
13695.112747 8254.872213 60.012077
13745.112747 8254.872213 64.966698
13795.112747 8254.872213 70.012909
13845.112747 8254.872213 75.140030
13895.112747 8254.872213 80.309143
13945.112747 8254.872213 85.462700
13995.112747 8254.872213 90.548073
6545.112747 8304.872213 281.333740
6595.112747 8304.872213 279.048645
6645.112747 8304.872213 276.755951
6695.112747 8304.872213 274.452454
6745.112747 8304.872213 272.140228
6795.112747 8304.872213 269.770691
6845.112747 8304.872213 267.307190
6895.112747 8304.872213 264.789246
6945.112747 8304.872213 262.255676
6995.112747 8304.872213 259.717682
7045.112747 8304.872213 257.147766
7095.112747 8304.872213 254.460281
7145.112747 8304.872213 251.546921
7195.112747 8304.872213 248.395401
7245.112747 8304.872213 244.987091
7295.112747 8304.872213 241.300797
7345.112747 8304.872213 237.249222
7395.112747 8304.872213 232.772751
7445.112747 8304.872213 227.834076
7495.112747 8304.872213 222.382309
7545.112747 8304.872213 216.462662
7595.112747 8304.872213 210.043091
7645.112747 8304.872213 203.087021
7695.112747 8304.872213 195.581863
7745.112747 8304.872213 187.595016
7795.112747 8304.872213 179.056580
7845.112747 8304.872213 170.013397
7895.112747 8304.872213 160.515915
7945.112747 8304.872213 150.741333
7995.112747 8304.872213 140.832123
8045.112747 8304.872213 130.871796
8095.112747 8304.872213 121.035118
8145.112747 8304.872213 111.518677
8195.112747 8304.872213 102.572113
8245.112747 8304.872213 94.424561
8295.112747 8304.872213 87.172592
8345.112747 8304.872213 80.858170
8395.112747 8304.872213 75.525818
8445.112747 8304.872213 71.310837
8495.112747 8304.872213 68.206352
8545.112747 8304.872213 66.297897
8595.112747 8304.872213 65.601616
8645.112747 8304.872213 66.099281
8695.112747 8304.872213 67.729034
8745.112747 8304.872213 70.508995
8795.112747 8304.872213 74.501808
8845.112747 8304.872213 79.781456
8895.112747 8304.872213 86.348083
8945.112747 8304.872213 94.203392
8995.112747 8304.872213 103.376366
9045.112747 8304.872213 113.868652
9095.112747 8304.872213 125.592422
9145.112747 8304.872213 138.422668
9195.112747 8304.872213 152.383026
9245.112747 8304.872213 167.415024
9295.112747 8304.872213 183.543427
9345.112747 8304.872213 200.768356
9395.112747 8304.872213 218.908340
9445.112747 8304.872213 237.836548
9495.112747 8304.872213 257.412689
9545.112747 8304.872213 277.554413
9595.112747 8304.872213 298.124207
9645.112747 8304.872213 319.016113
9695.112747 8304.872213 340.051117
9745.112747 8304.872213 361.036591
9795.112747 8304.872213 381.753540
9845.112747 8304.872213 402.004028
9895.112747 8304.872213 421.587067
9945.112747 8304.872213 440.326355
9995.112747 8304.872213 458.079681
10045.112747 8304.872213 474.737091
10095.112747 8304.872213 490.142181
10145.112747 8304.872213 504.191071
10195.112747 8304.872213 516.762146
10245.112747 8304.872213 527.697632
10295.112747 8304.872213 536.882324
10345.112747 8304.872213 544.221191
10395.112747 8304.872213 549.643555
10445.112747 8304.872213 553.110657
10495.112747 8304.872213 554.572388
10545.112747 8304.872213 554.068726
10595.112747 8304.872213 551.538269
10645.112747 8304.872213 547.020691
10695.112747 8304.872213 540.545837
10745.112747 8304.872213 532.174133
10795.112747 8304.872213 521.969788
10845.112747 8304.872213 509.979248
10895.112747 8304.872213 496.325928
10945.112747 8304.872213 481.145782
10995.112747 8304.872213 464.567413
11045.112747 8304.872213 446.743774
11095.112747 8304.872213 427.858582
11145.112747 8304.872213 408.102325
11195.112747 8304.872213 387.638489
11245.112747 8304.872213 366.605743
11295.112747 8304.872213 345.247192
11345.112747 8304.872213 323.754761
11395.112747 8304.872213 302.270538
11445.112747 8304.872213 280.962463
11495.112747 8304.872213 260.004730
11545.112747 8304.872213 239.494278
11595.112747 8304.872213 219.437515
11645.112747 8304.872213 199.937866
11695.112747 8304.872213 181.079773
11745.112747 8304.872213 162.990479
11795.112747 8304.872213 145.769592
11845.112747 8304.872213 129.458710
11895.112747 8304.872213 114.089478
11945.112747 8304.872213 99.716393
11995.112747 8304.872213 86.340164
12045.112747 8304.872213 74.005623
12095.112747 8304.872213 62.651291
12145.112747 8304.872213 52.287640
12195.112747 8304.872213 42.893841
12245.112747 8304.872213 34.471439
12295.112747 8304.872213 26.896261
12345.112747 8304.872213 20.157825
12395.112747 8304.872213 14.203977
12445.112747 8304.872213 9.037586
12495.112747 8304.872213 4.620996
12545.112747 8304.872213 0.984392
12595.112747 8304.872213 -1.852286
12645.112747 8304.872213 -3.830113
12695.112747 8304.872213 -5.036017
12745.112747 8304.872213 -5.556141
12795.112747 8304.872213 -5.387930
12845.112747 8304.872213 -4.528314
12895.112747 8304.872213 -3.100452
12945.112747 8304.872213 -1.128178
12995.112747 8304.872213 1.389622
13045.112747 8304.872213 4.388092
13095.112747 8304.872213 7.829465
13145.112747 8304.872213 11.634655
13195.112747 8304.872213 15.669454
13245.112747 8304.872213 19.868708
13295.112747 8304.872213 24.153076
13345.112747 8304.872213 28.506330
13395.112747 8304.872213 32.858772
13445.112747 8304.872213 37.223579
13495.112747 8304.872213 41.632950
13545.112747 8304.872213 46.055717
13595.112747 8304.872213 50.574879
13645.112747 8304.872213 55.194027
13695.112747 8304.872213 59.934517
13745.112747 8304.872213 64.759163
13795.112747 8304.872213 69.622818
13845.112747 8304.872213 74.538757
13895.112747 8304.872213 79.448540
13945.112747 8304.872213 84.288033
13995.112747 8304.872213 89.064743
6545.112747 8354.872213 298.559479
6595.112747 8354.872213 295.127930
6645.112747 8354.872213 291.693939
6695.112747 8354.872213 288.227509
6745.112747 8354.872213 284.725739
6795.112747 8354.872213 281.239807
6845.112747 8354.872213 277.716034
6895.112747 8354.872213 274.213135
6945.112747 8354.872213 270.711182
6995.112747 8354.872213 267.251007
7045.112747 8354.872213 263.805023
7095.112747 8354.872213 260.285553
7145.112747 8354.872213 256.606415
7195.112747 8354.872213 252.715515
7245.112747 8354.872213 248.597473
7295.112747 8354.872213 244.186905
7345.112747 8354.872213 239.372391
7395.112747 8354.872213 234.167526
7445.112747 8354.872213 228.453857
7495.112747 8354.872213 222.204193
7545.112747 8354.872213 215.455292
7595.112747 8354.872213 208.285873
7645.112747 8354.872213 200.615067
7695.112747 8354.872213 192.421799
7745.112747 8354.872213 183.684479
7795.112747 8354.872213 174.387665
7845.112747 8354.872213 164.574615
7895.112747 8354.872213 154.338074
7945.112747 8354.872213 143.825943
7995.112747 8354.872213 133.192307
8045.112747 8354.872213 122.583122
8095.112747 8354.872213 112.128227
8145.112747 8354.872213 102.037338
8195.112747 8354.872213 92.599068
8245.112747 8354.872213 84.015709
8295.112747 8354.872213 76.383156
8345.112747 8354.872213 69.798088
8395.112747 8354.872213 64.310730
8445.112747 8354.872213 59.993019
8495.112747 8354.872213 56.926815
8545.112747 8354.872213 55.144753
8595.112747 8354.872213 54.665524
8645.112747 8354.872213 55.454182
8695.112747 8354.872213 57.470531
8745.112747 8354.872213 60.705025
8795.112747 8354.872213 65.236511
8845.112747 8354.872213 71.081078
8895.112747 8354.872213 78.217514
8945.112747 8354.872213 86.695976
8995.112747 8354.872213 96.506775
9045.112747 8354.872213 107.654778
9095.112747 8354.872213 120.084610
9145.112747 8354.872213 133.732346
9195.112747 8354.872213 148.557602
9245.112747 8354.872213 164.510666
9295.112747 8354.872213 181.569168
9345.112747 8354.872213 199.739410
9395.112747 8354.872213 218.880005
9445.112747 8354.872213 238.864273
9495.112747 8354.872213 259.583252
9545.112747 8354.872213 280.908905
9595.112747 8354.872213 302.731537
9645.112747 8354.872213 324.904877
9695.112747 8354.872213 347.239532
9745.112747 8354.872213 369.548035
9795.112747 8354.872213 391.624969
9845.112747 8354.872213 413.267517
9895.112747 8354.872213 434.301727
9945.112747 8354.872213 454.491486
9995.112747 8354.872213 473.738739
10045.112747 8354.872213 491.846344
10095.112747 8354.872213 508.638000
10145.112747 8354.872213 523.974487
10195.112747 8354.872213 537.722290
10245.112747 8354.872213 549.707397
10295.112747 8354.872213 559.825745
10345.112747 8354.872213 567.938232
10395.112747 8354.872213 573.941833
10445.112747 8354.872213 577.769714
10495.112747 8354.872213 579.436707
10545.112747 8354.872213 578.885437
10595.112747 8354.872213 576.102417
10645.112747 8354.872213 571.120361
10695.112747 8354.872213 563.974121
10745.112747 8354.872213 554.754883
10795.112747 8354.872213 543.545715
10845.112747 8354.872213 530.493469
10895.112747 8354.872213 515.701782
10945.112747 8354.872213 499.375885
10995.112747 8354.872213 481.655029
11045.112747 8354.872213 462.704834
11095.112747 8354.872213 442.722351
11145.112747 8354.872213 421.896362
11195.112747 8354.872213 400.380463
11245.112747 8354.872213 378.323334
11295.112747 8354.872213 355.967316
11345.112747 8354.872213 333.493408
11395.112747 8354.872213 311.075562
11445.112747 8354.872213 288.902222
11495.112747 8354.872213 267.122559
11545.112747 8354.872213 245.807922
11595.112747 8354.872213 225.036057
11645.112747 8354.872213 204.903931
11695.112747 8354.872213 185.473297
11745.112747 8354.872213 166.840744
11795.112747 8354.872213 149.078506
11845.112747 8354.872213 132.252899
11895.112747 8354.872213 116.392677
11945.112747 8354.872213 101.554779
11995.112747 8354.872213 87.796913
12045.112747 8354.872213 75.113052
12095.112747 8354.872213 63.483646
12145.112747 8354.872213 52.851917
12195.112747 8354.872213 43.183846
12245.112747 8354.872213 34.481834
12295.112747 8354.872213 26.695313
12345.112747 8354.872213 19.712906
12395.112747 8354.872213 13.519022
12445.112747 8354.872213 8.080292
12495.112747 8354.872213 3.430150
12545.112747 8354.872213 -0.408427
12595.112747 8354.872213 -3.399056
12645.112747 8354.872213 -5.552340
12695.112747 8354.872213 -6.921263
12745.112747 8354.872213 -7.569386
12795.112747 8354.872213 -7.463473
12845.112747 8354.872213 -6.652609
12895.112747 8354.872213 -5.216083
12945.112747 8354.872213 -3.150776
12995.112747 8354.872213 -0.452557
13045.112747 8354.872213 2.781011
13095.112747 8354.872213 6.517647
13145.112747 8354.872213 10.628911
13195.112747 8354.872213 14.993129
13245.112747 8354.872213 19.483912
13295.112747 8354.872213 24.037607
13345.112747 8354.872213 28.611950
13395.112747 8354.872213 33.147354
13445.112747 8354.872213 37.618202
13495.112747 8354.872213 42.061638
13545.112747 8354.872213 46.468235
13595.112747 8354.872213 50.886997
13645.112747 8354.872213 55.368755
13695.112747 8354.872213 59.935406
13745.112747 8354.872213 64.535446
13795.112747 8354.872213 69.144073
13845.112747 8354.872213 73.752731
13895.112747 8354.872213 78.309586
13945.112747 8354.872213 82.797180
13995.112747 8354.872213 87.190933
6545.112747 8404.872213 317.273621
6595.112747 8404.872213 312.584290
6645.112747 8404.872213 307.871796
6695.112747 8404.872213 303.146515
6745.112747 8404.872213 298.397095
6795.112747 8404.872213 293.669464
6845.112747 8404.872213 289.026489
6895.112747 8404.872213 284.438080
6945.112747 8404.872213 279.895355
6995.112747 8404.872213 275.423676
7045.112747 8404.872213 271.032532
7095.112747 8404.872213 266.643555
7145.112747 8404.872213 262.141846
7195.112747 8404.872213 257.458893
7245.112747 8404.872213 252.568283
7295.112747 8404.872213 247.347992
7345.112747 8404.872213 241.739578
7395.112747 8404.872213 235.699600
7445.112747 8404.872213 229.191605
7495.112747 8404.872213 222.121017
7545.112747 8404.872213 214.574677
7595.112747 8404.872213 206.583572
7645.112747 8404.872213 198.125259
7695.112747 8404.872213 189.162506
7745.112747 8404.872213 179.671768
7795.112747 8404.872213 169.599976
7845.112747 8404.872213 159.004349
7895.112747 8404.872213 147.979553
7945.112747 8404.872213 136.721146
7995.112747 8404.872213 125.367371
8045.112747 8404.872213 114.080246
8095.112747 8404.872213 103.020813
8145.112747 8404.872213 92.387337
8195.112747 8404.872213 82.430717
8245.112747 8404.872213 73.406792
8295.112747 8404.872213 65.412918
8345.112747 8404.872213 58.526722
8395.112747 8404.872213 52.866680
8445.112747 8404.872213 48.465160
8495.112747 8404.872213 45.401451
8545.112747 8404.872213 43.748531
8595.112747 8404.872213 43.452614
8645.112747 8404.872213 44.495018
8695.112747 8404.872213 46.856785
8745.112747 8404.872213 50.562481
8795.112747 8404.872213 55.654453
8845.112747 8404.872213 62.083698
8895.112747 8404.872213 69.844666
8945.112747 8404.872213 78.930351
8995.112747 8404.872213 89.401459
9045.112747 8404.872213 101.227707
9095.112747 8404.872213 114.391434
9145.112747 8404.872213 128.807007
9195.112747 8404.872213 144.448959
9245.112747 8404.872213 161.249374
9295.112747 8404.872213 179.232300
9345.112747 8404.872213 198.357590
9395.112747 8404.872213 218.534073
9445.112747 8404.872213 239.565750
9495.112747 8404.872213 261.378387
9545.112747 8404.872213 283.871216
9595.112747 8404.872213 306.929199
9645.112747 8404.872213 330.342194
9695.112747 8404.872213 353.946381
9745.112747 8404.872213 377.538483
9795.112747 8404.872213 400.906891
9845.112747 8404.872213 423.910645
9895.112747 8404.872213 446.358704
9945.112747 8404.872213 468.082581
9995.112747 8404.872213 488.849243
10045.112747 8404.872213 508.447327
10095.112747 8404.872213 526.678406
10145.112747 8404.872213 543.359802
10195.112747 8404.872213 558.337402
10245.112747 8404.872213 571.443726
10295.112747 8404.872213 582.501892
10345.112747 8404.872213 591.385315
10395.112747 8404.872213 597.967712
10445.112747 8404.872213 602.198242
10495.112747 8404.872213 604.006653
10545.112747 8404.872213 603.366516
10595.112747 8404.872213 600.265991
10645.112747 8404.872213 594.757019
10695.112747 8404.872213 586.897949
10745.112747 8404.872213 576.756531
10795.112747 8404.872213 564.512573
10845.112747 8404.872213 550.318298
10895.112747 8404.872213 534.382629
10945.112747 8404.872213 516.852905
10995.112747 8404.872213 497.952148
11045.112747 8404.872213 477.838654
11095.112747 8404.872213 456.719360
11145.112747 8404.872213 434.826233
11195.112747 8404.872213 412.300568
11245.112747 8404.872213 389.267639
11295.112747 8404.872213 365.915222
11345.112747 8404.872213 342.500854
11395.112747 8404.872213 319.199188
11445.112747 8404.872213 296.205719
11495.112747 8404.872213 273.642822
11545.112747 8404.872213 251.611435
11595.112747 8404.872213 230.184906
11645.112747 8404.872213 209.478973
11695.112747 8404.872213 189.557114
11745.112747 8404.872213 170.445938
11795.112747 8404.872213 152.204956
11845.112747 8404.872213 134.924164
11895.112747 8404.872213 118.642792
11945.112747 8404.872213 103.408554
11995.112747 8404.872213 89.299103
12045.112747 8404.872213 76.314766
12095.112747 8404.872213 64.430359
12145.112747 8404.872213 53.573547
12195.112747 8404.872213 43.658745
12245.112747 8404.872213 34.679935
12295.112747 8404.872213 26.596575
12345.112747 8404.872213 19.350121
12395.112747 8404.872213 12.891956
12445.112747 8404.872213 7.245599
12495.112747 8404.872213 2.402837
12545.112747 8404.872213 -1.576249
12595.112747 8404.872213 -4.703243
12645.112747 8404.872213 -6.991112
12695.112747 8404.872213 -8.491592
12745.112747 8404.872213 -9.237305
12795.112747 8404.872213 -9.203455
12845.112747 8404.872213 -8.420474
12895.112747 8404.872213 -6.939811
12945.112747 8404.872213 -4.759003
12995.112747 8404.872213 -1.883523
13045.112747 8404.872213 1.602570
13095.112747 8404.872213 5.602314
13145.112747 8404.872213 10.028605
13195.112747 8404.872213 14.697751
13245.112747 8404.872213 19.467249
13295.112747 8404.872213 24.243307
13345.112747 8404.872213 29.020514
13395.112747 8404.872213 33.708168
13445.112747 8404.872213 38.260845
13495.112747 8404.872213 42.686638
13545.112747 8404.872213 47.058044
13595.112747 8404.872213 51.389507
13645.112747 8404.872213 55.715397
13695.112747 8404.872213 60.018677
13745.112747 8404.872213 64.306717
13795.112747 8404.872213 68.561615
13845.112747 8404.872213 72.768143
13895.112747 8404.872213 76.932083
13945.112747 8404.872213 80.988228
13995.112747 8404.872213 84.976982
6545.112747 8454.872213 337.242310
6595.112747 8454.872213 331.230194
6645.112747 8454.872213 325.214905
6695.112747 8454.872213 319.153870
6745.112747 8454.872213 313.088348
6795.112747 8454.872213 307.076752
6845.112747 8454.872213 301.174774
6895.112747 8454.872213 295.391663
6945.112747 8454.872213 289.747742
6995.112747 8454.872213 284.241028
7045.112747 8454.872213 278.865265
7095.112747 8454.872213 273.524384
7145.112747 8454.872213 268.114044
7195.112747 8454.872213 262.598297
7245.112747 8454.872213 256.873779
7295.112747 8454.872213 250.792709
7345.112747 8454.872213 244.291428
7395.112747 8454.872213 237.386246
7445.112747 8454.872213 230.042679
7495.112747 8454.872213 222.194595
7545.112747 8454.872213 213.815735
7595.112747 8454.872213 204.960434
7645.112747 8454.872213 195.660919
7695.112747 8454.872213 185.891479
7745.112747 8454.872213 175.581223
7795.112747 8454.872213 164.730789
7845.112747 8454.872213 153.341400
7895.112747 8454.872213 141.542236
7945.112747 8454.872213 129.506927
7995.112747 8454.872213 117.445114
8045.112747 8454.872213 105.503929
8095.112747 8454.872213 93.840378
8145.112747 8454.872213 82.630844
8195.112747 8454.872213 72.172447
8245.112747 8454.872213 62.674107
8295.112747 8454.872213 54.303143
8345.112747 8454.872213 47.164455
8395.112747 8454.872213 41.338623
8445.112747 8454.872213 36.855366
8495.112747 8454.872213 33.782249
8545.112747 8454.872213 32.148403
8595.112747 8454.872213 31.980728
8645.112747 8454.872213 33.248081
8695.112747 8454.872213 35.977623
8745.112747 8454.872213 40.172588
8795.112747 8454.872213 45.809872
8845.112747 8454.872213 52.836742
8895.112747 8454.872213 61.212059
8945.112747 8454.872213 70.961632
8995.112747 8454.872213 82.101295
9045.112747 8454.872213 94.622475
9095.112747 8454.872213 108.511154
9145.112747 8454.872213 123.688255
9195.112747 8454.872213 140.105362
9245.112747 8454.872213 157.728119
9295.112747 8454.872213 176.565857
9345.112747 8454.872213 196.637589
9395.112747 8454.872213 217.818939
9445.112747 8454.872213 239.955627
9495.112747 8454.872213 262.875916
9545.112747 8454.872213 286.509003
9595.112747 8454.872213 310.741699
9645.112747 8454.872213 335.347321
9695.112747 8454.872213 360.151184
9745.112747 8454.872213 384.949677
9795.112747 8454.872213 409.584198
9845.112747 8454.872213 433.895172
9895.112747 8454.872213 457.743713
9945.112747 8454.872213 480.950928
9995.112747 8454.872213 503.240784
10045.112747 8454.872213 524.370239
10095.112747 8454.872213 544.089478
10145.112747 8454.872213 562.180420
10195.112747 8454.872213 578.456604
10245.112747 8454.872213 592.726746
10295.112747 8454.872213 604.781982
10345.112747 8454.872213 614.456238
10395.112747 8454.872213 621.652527
10445.112747 8454.872213 626.240234
10495.112747 8454.872213 628.178101
10545.112747 8454.872213 627.401672
10595.112747 8454.872213 623.927063
10645.112747 8454.872213 617.794189
10695.112747 8454.872213 609.101624
10745.112747 8454.872213 597.988892
10795.112747 8454.872213 584.629578
10845.112747 8454.872213 569.279419
10895.112747 8454.872213 552.109924
10945.112747 8454.872213 533.362427
10995.112747 8454.872213 513.246094
11045.112747 8454.872213 491.981323
11095.112747 8454.872213 469.741455
11145.112747 8454.872213 446.758331
11195.112747 8454.872213 423.204742
11245.112747 8454.872213 399.212891
11295.112747 8454.872213 374.968811
11345.112747 8454.872213 350.680237
11395.112747 8454.872213 326.556366
11445.112747 8454.872213 302.756927
11495.112747 8454.872213 279.446991
11545.112747 8454.872213 256.755920
11595.112747 8454.872213 234.763199
11645.112747 8454.872213 213.551849
11695.112747 8454.872213 193.183228
11745.112747 8454.872213 173.663849
11795.112747 8454.872213 155.023575
11845.112747 8454.872213 137.344482
11895.112747 8454.872213 120.705009
11945.112747 8454.872213 105.141785
11995.112747 8454.872213 90.735710
12045.112747 8454.872213 77.491623
12095.112747 8454.872213 65.373566
12145.112747 8454.872213 54.258877
12195.112747 8454.872213 44.126064
12245.112747 8454.872213 34.905663
12295.112747 8454.872213 26.538513
12345.112747 8454.872213 18.990044
12395.112747 8454.872213 12.305626
12445.112747 8454.872213 6.482526
12495.112747 8454.872213 1.532995
12545.112747 8454.872213 -2.572210
12595.112747 8454.872213 -5.779747
12645.112747 8454.872213 -8.162129
12695.112747 8454.872213 -9.761173
12745.112747 8454.872213 -10.568144
12795.112747 8454.872213 -10.562487
12845.112747 8454.872213 -9.776313
12895.112747 8454.872213 -8.224445
12945.112747 8454.872213 -5.896538
12995.112747 8454.872213 -2.850819
13045.112747 8454.872213 0.838691
13095.112747 8454.872213 5.083281
13145.112747 8454.872213 9.766537
13195.112747 8454.872213 14.742795
13245.112747 8454.872213 19.800938
13295.112747 8454.872213 24.829437
13345.112747 8454.872213 29.740602
13395.112747 8454.872213 34.519012
13445.112747 8454.872213 39.116032
13495.112747 8454.872213 43.513878
13545.112747 8454.872213 47.813892
13595.112747 8454.872213 52.031666
13645.112747 8454.872213 56.152096
13695.112747 8454.872213 60.174892
13745.112747 8454.872213 64.098038
13795.112747 8454.872213 67.894852
13845.112747 8454.872213 71.621651
13895.112747 8454.872213 75.283623
13945.112747 8454.872213 78.879745
13995.112747 8454.872213 82.458412
6545.112747 8504.872213 358.303589
6595.112747 8504.872213 350.937531
6645.112747 8504.872213 343.560822
6695.112747 8504.872213 336.178314
6745.112747 8504.872213 328.754913
6795.112747 8504.872213 321.390106
6845.112747 8504.872213 314.151154
6895.112747 8504.872213 307.095581
6945.112747 8504.872213 300.260956
6995.112747 8504.872213 293.698334
7045.112747 8504.872213 287.261047
7095.112747 8504.872213 280.910583
7145.112747 8504.872213 274.544952
7195.112747 8504.872213 268.098602
7245.112747 8504.872213 261.441040
7295.112747 8504.872213 254.442413
7345.112747 8504.872213 247.027786
7395.112747 8504.872213 239.240494
7445.112747 8504.872213 231.048340
7495.112747 8504.872213 222.385727
7545.112747 8504.872213 213.175339
7595.112747 8504.872213 203.471619
7645.112747 8504.872213 193.318832
7695.112747 8504.872213 182.666885
7745.112747 8504.872213 171.484467
7795.112747 8504.872213 159.773056
7845.112747 8504.872213 147.611633
7895.112747 8504.872213 135.064163
7945.112747 8504.872213 122.331154
7995.112747 8504.872213 109.573524
8045.112747 8504.872213 96.961395
8095.112747 8504.872213 84.658928
8145.112747 8504.872213 72.904602
8195.112747 8504.872213 61.911957
8245.112747 8504.872213 51.949612
8295.112747 8504.872213 43.210796
8345.112747 8504.872213 35.809387
8395.112747 8504.872213 29.790590
8445.112747 8504.872213 25.184675
8495.112747 8504.872213 22.026783
8545.112747 8504.872213 20.391207
8595.112747 8504.872213 20.315033
8645.112747 8504.872213 21.826025
8695.112747 8504.872213 24.912930
8745.112747 8504.872213 29.565947
8795.112747 8504.872213 35.742363
8845.112747 8504.872213 43.347179
8895.112747 8504.872213 52.351658
8945.112747 8504.872213 62.789677
8995.112747 8504.872213 74.656479
9045.112747 8504.872213 87.891289
9095.112747 8504.872213 102.483734
9145.112747 8504.872213 118.399452
9195.112747 8504.872213 135.586075
9245.112747 8504.872213 154.014389
9295.112747 8504.872213 173.696915
9345.112747 8504.872213 194.653214
9395.112747 8504.872213 216.801788
9445.112747 8504.872213 240.005463
9495.112747 8504.872213 264.052399
9545.112747 8504.872213 288.811279
9595.112747 8504.872213 314.111176
9645.112747 8504.872213 339.824219
9695.112747 8504.872213 365.746094
9745.112747 8504.872213 391.711243
9795.112747 8504.872213 417.590637
9845.112747 8504.872213 443.226166
9895.112747 8504.872213 468.410431
9945.112747 8504.872213 492.994843
9995.112747 8504.872213 516.778564
10045.112747 8504.872213 539.419495
10095.112747 8504.872213 560.676147
10145.112747 8504.872213 580.238953
10195.112747 8504.872213 597.896545
10245.112747 8504.872213 613.406799
10295.112747 8504.872213 626.516174
10345.112747 8504.872213 637.057739
10395.112747 8504.872213 644.847473
10445.112747 8504.872213 649.785522
10495.112747 8504.872213 651.793701
10545.112747 8504.872213 650.851074
10595.112747 8504.872213 646.925293
10645.112747 8504.872213 640.072754
10695.112747 8504.872213 630.436829
10745.112747 8504.872213 618.234558
10795.112747 8504.872213 603.706543
10845.112747 8504.872213 587.105774
10895.112747 8504.872213 568.704224
10945.112747 8504.872213 548.726563
10995.112747 8504.872213 527.408691
11045.112747 8504.872213 504.969757
11095.112747 8504.872213 481.622437
11145.112747 8504.872213 457.551788
11195.112747 8504.872213 432.947388
11245.112747 8504.872213 408.016632
11295.112747 8504.872213 382.948853
11345.112747 8504.872213 357.863556
11395.112747 8504.872213 332.981415
11445.112747 8504.872213 308.458191
11495.112747 8504.872213 284.466919
11545.112747 8504.872213 261.154144
11595.112747 8504.872213 238.652954
11645.112747 8504.872213 217.011566
11695.112747 8504.872213 196.238434
11745.112747 8504.872213 176.356232
11795.112747 8504.872213 157.384613
11845.112747 8504.872213 139.377213
11895.112747 8504.872213 122.395294
11945.112747 8504.872213 106.579552
11995.112747 8504.872213 91.927162
12045.112747 8504.872213 78.469177
12095.112747 8504.872213 66.105141
12145.112747 8504.872213 54.823662
12195.112747 8504.872213 44.446587
12245.112747 8504.872213 34.993176
12295.112747 8504.872213 26.385256
12345.112747 8504.872213 18.639496
12395.112747 8504.872213 11.764575
12445.112747 8504.872213 5.823545
12495.112747 8504.872213 0.777869
12545.112747 8504.872213 -3.386098
12595.112747 8504.872213 -6.637097
12645.112747 8504.872213 -9.089213
12695.112747 8504.872213 -10.746557
12745.112747 8504.872213 -11.549791
12795.112747 8504.872213 -11.508349
12845.112747 8504.872213 -10.663900
12895.112747 8504.872213 -8.997074
12945.112747 8504.872213 -6.529658
12995.112747 8504.872213 -3.342252
13045.112747 8504.872213 0.518679
13095.112747 8504.872213 4.953514
13145.112747 8504.872213 9.860037
13195.112747 8504.872213 15.099513
13245.112747 8504.872213 20.440069
13295.112747 8504.872213 25.683994
13345.112747 8504.872213 30.733953
13395.112747 8504.872213 35.598015
13445.112747 8504.872213 40.195549
13495.112747 8504.872213 44.558617
13545.112747 8504.872213 48.746658
13595.112747 8504.872213 52.780598
13645.112747 8504.872213 56.639252
13695.112747 8504.872213 60.336109
13745.112747 8504.872213 63.836739
13795.112747 8504.872213 67.154053
13845.112747 8504.872213 70.355095
13895.112747 8504.872213 73.455711
13945.112747 8504.872213 76.512527
13995.112747 8504.872213 79.597305
6545.112747 8554.872213 380.389282
6595.112747 8554.872213 371.619537
6645.112747 8554.872213 362.850647
6695.112747 8554.872213 354.077667
6745.112747 8554.872213 345.288086
6795.112747 8554.872213 336.563080
6845.112747 8554.872213 327.958954
6895.112747 8554.872213 319.575348
6945.112747 8554.872213 311.523651
6995.112747 8554.872213 303.753357
7045.112747 8554.872213 296.190918
7095.112747 8554.872213 288.757965
7145.112747 8554.872213 281.373962
7195.112747 8554.872213 273.922699
7245.112747 8554.872213 266.283539
7295.112747 8554.872213 258.309662
7345.112747 8554.872213 249.975357
7395.112747 8554.872213 241.293213
7445.112747 8554.872213 232.224380
7495.112747 8554.872213 222.706055
7545.112747 8554.872213 212.664856
7595.112747 8554.872213 202.114151
7645.112747 8554.872213 191.066284
7695.112747 8554.872213 179.514023
7745.112747 8554.872213 167.429886
7795.112747 8554.872213 154.884399
7845.112747 8554.872213 141.936707
7895.112747 8554.872213 128.691299
7945.112747 8554.872213 115.268677
7995.112747 8554.872213 101.813972
8045.112747 8554.872213 88.510818
8095.112747 8554.872213 75.593597
8145.112747 8554.872213 63.281910
8195.112747 8554.872213 51.799580
8245.112747 8554.872213 41.388577
8295.112747 8554.872213 32.254879
8345.112747 8554.872213 24.519278
8395.112747 8554.872213 18.253395
8445.112747 8554.872213 13.453218
8495.112747 8554.872213 10.194254
8545.112747 8554.872213 8.542340
8595.112747 8554.872213 8.564026
8645.112747 8554.872213 10.283896
8695.112747 8554.872213 13.712992
8745.112747 8554.872213 18.811087
8795.112747 8554.872213 25.461248
8845.112747 8554.872213 33.634178
8895.112747 8554.872213 43.313087
8945.112747 8554.872213 54.482868
8995.112747 8554.872213 67.062187
9045.112747 8554.872213 81.042946
9095.112747 8554.872213 96.352600
9145.112747 8554.872213 113.015320
9195.112747 8554.872213 130.948181
9245.112747 8554.872213 150.179810
9295.112747 8554.872213 170.697693
9345.112747 8554.872213 192.516006
9395.112747 8554.872213 215.595688
9445.112747 8554.872213 239.779984
9495.112747 8554.872213 264.875214
9545.112747 8554.872213 290.687073
9595.112747 8554.872213 317.025696
9645.112747 8554.872213 343.734406
9695.112747 8554.872213 370.696472
9745.112747 8554.872213 397.790466
9795.112747 8554.872213 424.857086
9845.112747 8554.872213 451.724670
9895.112747 8554.872213 478.212433
9945.112747 8554.872213 504.159912
9995.112747 8554.872213 529.307007
10045.112747 8554.872213 553.434814
10095.112747 8554.872213 576.210938
10145.112747 8554.872213 597.335449
10195.112747 8554.872213 616.473145
10245.112747 8554.872213 633.330933
10295.112747 8554.872213 647.606201
10345.112747 8554.872213 659.048035
10395.112747 8554.872213 667.469055
10445.112747 8554.872213 672.728271
10495.112747 8554.872213 674.771973
10545.112747 8554.872213 673.543152
10595.112747 8554.872213 669.083130
10645.112747 8554.872213 661.436279
10695.112747 8554.872213 650.773376
10745.112747 8554.872213 637.370361
10795.112747 8554.872213 621.537292
10845.112747 8554.872213 603.656311
10895.112747 8554.872213 583.968323
10945.112747 8554.872213 562.738342
10995.112747 8554.872213 540.212952
11045.112747 8554.872213 516.612732
11095.112747 8554.872213 492.143524
11145.112747 8554.872213 467.002350
11195.112747 8554.872213 441.391144
11245.112747 8554.872213 415.558807
11295.112747 8554.872213 389.653656
11345.112747 8554.872213 363.857971
11395.112747 8554.872213 338.317322
11445.112747 8554.872213 313.161926
11495.112747 8554.872213 288.570404
11545.112747 8554.872213 264.716766
11595.112747 8554.872213 241.760590
11645.112747 8554.872213 219.714279
11695.112747 8554.872213 198.591721
11745.112747 8554.872213 178.381622
11795.112747 8554.872213 159.129242
11845.112747 8554.872213 140.843887
11895.112747 8554.872213 123.624496
11945.112747 8554.872213 107.551636
11995.112747 8554.872213 92.697952
12045.112747 8554.872213 79.022530
12095.112747 8554.872213 66.510941
12145.112747 8554.872213 55.027790
12195.112747 8554.872213 44.498264
12245.112747 8554.872213 34.832592
12295.112747 8554.872213 26.079803
12345.112747 8554.872213 18.220200
12395.112747 8554.872213 11.278960
12445.112747 8554.872213 5.258249
12495.112747 8554.872213 0.159908
12545.112747 8554.872213 -4.021237
12595.112747 8554.872213 -7.318103
12645.112747 8554.872213 -9.801913
12695.112747 8554.872213 -11.433808
12745.112747 8554.872213 -12.157211
12795.112747 8554.872213 -12.026544
12845.112747 8554.872213 -11.054264
12895.112747 8554.872213 -9.256944
12945.112747 8554.872213 -6.675445
12995.112747 8554.872213 -3.358994
13045.112747 8554.872213 0.634769
13095.112747 8554.872213 5.233525
13145.112747 8554.872213 10.350124
13195.112747 8554.872213 15.789862
13245.112747 8554.872213 21.330688
13295.112747 8554.872213 26.758200
13345.112747 8554.872213 31.948053
13395.112747 8554.872213 36.867733
13445.112747 8554.872213 41.490452
13495.112747 8554.872213 45.809772
13545.112747 8554.872213 49.846127
13595.112747 8554.872213 53.632633
13645.112747 8554.872213 57.164906
13695.112747 8554.872213 60.460335
13745.112747 8554.872213 63.508667
13795.112747 8554.872213 66.328789
13845.112747 8554.872213 68.966492
13895.112747 8554.872213 71.485321
13945.112747 8554.872213 73.943687
13995.112747 8554.872213 76.438911
6545.112747 8604.872213 403.330017
6595.112747 8604.872213 393.103851
6645.112747 8604.872213 382.928162
6695.112747 8604.872213 372.766296
6745.112747 8604.872213 362.626404
6795.112747 8604.872213 352.524200
6845.112747 8604.872213 342.569153
6895.112747 8604.872213 332.861481
6945.112747 8604.872213 323.503815
6995.112747 8604.872213 314.446350
7045.112747 8604.872213 305.646698
7095.112747 8604.872213 297.066467
7145.112747 8604.872213 288.613251
7195.112747 8604.872213 280.082825
7245.112747 8604.872213 271.382874
7295.112747 8604.872213 262.424561
7345.112747 8604.872213 253.162048
7395.112747 8604.872213 243.552460
7445.112747 8604.872213 233.567642
7495.112747 8604.872213 223.147202
7545.112747 8604.872213 212.248154
7595.112747 8604.872213 200.829376
7645.112747 8604.872213 188.920456
7695.112747 8604.872213 176.484421
7745.112747 8604.872213 163.558731
7795.112747 8604.872213 150.196136
7845.112747 8604.872213 136.474274
7895.112747 8604.872213 122.508278
7945.112747 8604.872213 108.385231
7995.112747 8604.872213 94.232002
8045.112747 8604.872213 80.270706
8095.112747 8604.872213 66.727394
8145.112747 8604.872213 53.856949
8195.112747 8604.872213 41.915077
8245.112747 8604.872213 31.072792
8295.112747 8604.872213 21.522989
8345.112747 8604.872213 13.410160
8395.112747 8604.872213 6.824019
8445.112747 8604.872213 1.788973
8495.112747 8604.872213 -1.618196
8545.112747 8604.872213 -3.323523
8595.112747 8604.872213 -3.244543
8645.112747 8604.872213 -1.338701
8695.112747 8604.872213 2.407510
8745.112747 8604.872213 7.919339
8795.112747 8604.872213 15.064233
8845.112747 8604.872213 23.828978
8895.112747 8604.872213 34.183430
8945.112747 8604.872213 46.048237
8995.112747 8604.872213 59.366001
9045.112747 8604.872213 74.066246
9095.112747 8604.872213 90.107635
9145.112747 8604.872213 107.486900
9195.112747 8604.872213 126.222984
9245.112747 8604.872213 146.272552
9295.112747 8604.872213 167.644196
9345.112747 8604.872213 190.311752
9395.112747 8604.872213 214.257065
9445.112747 8604.872213 239.337738
9495.112747 8604.872213 265.394592
9545.112747 8604.872213 292.163635
9595.112747 8604.872213 319.434540
9645.112747 8604.872213 347.089081
9695.112747 8604.872213 375.035034
9745.112747 8604.872213 403.128845
9795.112747 8604.872213 431.250519
9845.112747 8604.872213 459.263000
9895.112747 8604.872213 486.985565
9945.112747 8604.872213 514.237854
9995.112747 8604.872213 540.774597
10045.112747 8604.872213 566.300354
10095.112747 8604.872213 590.551208
10145.112747 8604.872213 613.226563
10195.112747 8604.872213 633.926331
10245.112747 8604.872213 652.242737
10295.112747 8604.872213 667.760803
10345.112747 8604.872213 680.188232
10395.112747 8604.872213 689.275635
10445.112747 8604.872213 694.851440
10495.112747 8604.872213 696.848755
10545.112747 8604.872213 695.280579
10595.112747 8604.872213 690.184814
10645.112747 8604.872213 681.635498
10695.112747 8604.872213 669.860840
10745.112747 8604.872213 655.173645
10795.112747 8604.872213 637.990601
10845.112747 8604.872213 618.690308
10895.112747 8604.872213 597.660461
10945.112747 8604.872213 575.144043
10995.112747 8604.872213 551.408508
11045.112747 8604.872213 526.666565
11095.112747 8604.872213 501.107758
11145.112747 8604.872213 474.946869
11195.112747 8604.872213 448.379974
11245.112747 8604.872213 421.666962
11295.112747 8604.872213 394.995514
11345.112747 8604.872213 368.519440
11395.112747 8604.872213 342.373901
11445.112747 8604.872213 316.683899
11495.112747 8604.872213 291.591278
11545.112747 8604.872213 267.301788
11595.112747 8604.872213 243.931290
11645.112747 8604.872213 221.535065
11695.112747 8604.872213 200.084366
11745.112747 8604.872213 179.615921
11795.112747 8604.872213 160.116425
11845.112747 8604.872213 141.626114
11895.112747 8604.872213 124.218681
11945.112747 8604.872213 107.978882
11995.112747 8604.872213 92.927666
12045.112747 8604.872213 79.069336
12095.112747 8604.872213 66.376472
12145.112747 8604.872213 54.764217
12195.112747 8604.872213 44.105091
12245.112747 8604.872213 34.363930
12295.112747 8604.872213 25.547512
12345.112747 8604.872213 17.672958
12395.112747 8604.872213 10.737960
12445.112747 8604.872213 4.734387
12495.112747 8604.872213 -0.361366
12545.112747 8604.872213 -4.530582
12595.112747 8604.872213 -7.822325
12645.112747 8604.872213 -10.272519
12695.112747 8604.872213 -11.807759
12745.112747 8604.872213 -12.415638
12795.112747 8604.872213 -12.159701
12845.112747 8604.872213 -11.044528
12895.112747 8604.872213 -9.074330
12945.112747 8604.872213 -6.317347
12995.112747 8604.872213 -2.898105
13045.112747 8604.872213 1.227798
13095.112747 8604.872213 5.973587
13145.112747 8604.872213 11.216942
13195.112747 8604.872213 16.802298
13245.112747 8604.872213 22.465876
13295.112747 8604.872213 28.032215
13345.112747 8604.872213 33.334919
13395.112747 8604.872213 38.314945
13445.112747 8604.872213 42.946716
13495.112747 8604.872213 47.178158
13545.112747 8604.872213 51.047028
13595.112747 8604.872213 54.557842
13645.112747 8604.872213 57.732487
13695.112747 8604.872213 60.593987
13745.112747 8604.872213 63.137707
13795.112747 8604.872213 65.403908
13845.112747 8604.872213 67.447777
13895.112747 8604.872213 69.363907
13945.112747 8604.872213 71.203613
13995.112747 8604.872213 73.064491
6545.112747 8654.872213 426.864166
6595.112747 8654.872213 415.269592
6645.112747 8654.872213 403.704041
6695.112747 8654.872213 392.173615
6745.112747 8654.872213 380.634003
6795.112747 8654.872213 369.168945
6845.112747 8654.872213 357.859070
6895.112747 8654.872213 346.835541
6945.112747 8654.872213 336.164429
6995.112747 8654.872213 325.816254
7045.112747 8654.872213 315.732758
7095.112747 8654.872213 305.935303
7145.112747 8654.872213 296.265442
7195.112747 8654.872213 286.567841
7245.112747 8654.872213 276.734222
7295.112747 8654.872213 266.734283
7345.112747 8654.872213 256.483459
7395.112747 8654.872213 245.919937
7445.112747 8654.872213 234.997665
7495.112747 8654.872213 223.677963
7545.112747 8654.872213 211.919586
7595.112747 8654.872213 199.653976
7645.112747 8654.872213 186.902023
7695.112747 8654.872213 173.663315
7745.112747 8654.872213 159.927689
7795.112747 8654.872213 145.779343
7845.112747 8654.872213 131.301727
7895.112747 8654.872213 116.610374
7945.112747 8654.872213 101.770775
7995.112747 8654.872213 86.944084
8045.112747 8654.872213 72.317657
8095.112747 8654.872213 58.178520
8145.112747 8654.872213 44.779907
8195.112747 8654.872213 32.367592
8245.112747 8654.872213 21.083389
8295.112747 8654.872213 11.099657
8345.112747 8654.872213 2.573388
8395.112747 8654.872213 -4.409944
8445.112747 8654.872213 -9.730825
8495.112747 8654.872213 -13.322789
8545.112747 8654.872213 -15.125289
8595.112747 8654.872213 -15.047369
8645.112747 8654.872213 -12.993402
8695.112747 8654.872213 -8.959565
8745.112747 8654.872213 -3.042888
8795.112747 8654.872213 4.644390
8845.112747 8654.872213 13.995684
8895.112747 8654.872213 25.003695
8945.112747 8654.872213 37.560749
8995.112747 8654.872213 51.591167
9045.112747 8654.872213 67.019913
9095.112747 8654.872213 83.803322
9145.112747 8654.872213 101.941719
9195.112747 8654.872213 121.443581
9245.112747 8654.872213 142.338913
9295.112747 8654.872213 164.546829
9345.112747 8654.872213 188.055740
9395.112747 8654.872213 212.808838
9445.112747 8654.872213 238.721054
9495.112747 8654.872213 265.622253
9545.112747 8654.872213 293.233521
9595.112747 8654.872213 321.364838
9645.112747 8654.872213 349.907135
9695.112747 8654.872213 378.726166
9745.112747 8654.872213 407.701691
9795.112747 8654.872213 436.760345
9845.112747 8654.872213 465.785614
9895.112747 8654.872213 494.637726
9945.112747 8654.872213 523.095337
9995.112747 8654.872213 550.929077
10045.112747 8654.872213 577.821167
10095.112747 8654.872213 603.515625
10145.112747 8654.872213 627.693481
10195.112747 8654.872213 649.942383
10245.112747 8654.872213 669.735474
10295.112747 8654.872213 686.596619
10345.112747 8654.872213 700.100525
10395.112747 8654.872213 709.926758
10445.112747 8654.872213 715.853882
10495.112747 8654.872213 717.805542
10545.112747 8654.872213 715.810242
10595.112747 8654.872213 709.972168
10645.112747 8654.872213 700.396362
10695.112747 8654.872213 687.375488
10745.112747 8654.872213 671.323181
10795.112747 8654.872213 652.679932
10845.112747 8654.872213 631.929504
10895.112747 8654.872213 609.487732
10945.112747 8654.872213 585.695251
10995.112747 8654.872213 560.783875
11045.112747 8654.872213 534.924194
11095.112747 8654.872213 508.352631
11145.112747 8654.872213 481.233704
11195.112747 8654.872213 453.804230
11245.112747 8654.872213 426.297028
11295.112747 8654.872213 398.886658
11345.112747 8654.872213 371.755829
11395.112747 8654.872213 345.048035
11445.112747 8654.872213 318.858368
11495.112747 8654.872213 293.357117
11545.112747 8654.872213 268.696320
11595.112747 8654.872213 245.006332
11645.112747 8654.872213 222.295410
11695.112747 8654.872213 200.584290
11745.112747 8654.872213 179.891998
11795.112747 8654.872213 160.243561
11845.112747 8654.872213 141.650787
11895.112747 8654.872213 124.134079
11945.112747 8654.872213 107.740402
11995.112747 8654.872213 92.505211
12045.112747 8654.872213 78.476288
12095.112747 8654.872213 65.639984
12145.112747 8654.872213 53.921089
12195.112747 8654.872213 43.249962
12245.112747 8654.872213 33.513767
12295.112747 8654.872213 24.721081
12345.112747 8654.872213 16.898287
12395.112747 8654.872213 10.057708
12445.112747 8654.872213 4.148834
12495.112747 8654.872213 -0.857538
12545.112747 8654.872213 -4.966395
12595.112747 8654.872213 -8.173010
12645.112747 8654.872213 -10.486375
12695.112747 8654.872213 -11.880415
12745.112747 8654.872213 -12.343508
12795.112747 8654.872213 -11.944730
12845.112747 8654.872213 -10.669197
12895.112747 8654.872213 -8.497429
12945.112747 8654.872213 -5.569428
12995.112747 8654.872213 -1.938557
13045.112747 8654.872213 2.310503
13095.112747 8654.872213 7.180005
13145.112747 8654.872213 12.509863
13195.112747 8654.872213 18.131884
13245.112747 8654.872213 23.850498
13295.112747 8654.872213 29.474081
13345.112747 8654.872213 34.850979
13395.112747 8654.872213 39.887848
13445.112747 8654.872213 44.500305
13495.112747 8654.872213 48.640270
13545.112747 8654.872213 52.302227
13595.112747 8654.872213 55.507076
13645.112747 8654.872213 58.293335
13695.112747 8654.872213 60.682594
13745.112747 8654.872213 62.720612
13795.112747 8654.872213 64.432487
13845.112747 8654.872213 65.877899
13895.112747 8654.872213 67.140518
13945.112747 8654.872213 68.318588
13995.112747 8654.872213 69.481628
6545.112747 8704.872213 450.947876
6595.112747 8704.872213 438.030640
6645.112747 8704.872213 425.130096
6695.112747 8704.872213 412.201569
6745.112747 8704.872213 399.287109
6795.112747 8704.872213 386.442780
6845.112747 8704.872213 373.763641
6895.112747 8704.872213 361.419495
6945.112747 8704.872213 349.448547
6995.112747 8704.872213 337.783569
7045.112747 8704.872213 326.409180
7095.112747 8704.872213 315.298004
7145.112747 8704.872213 304.349213
7195.112747 8704.872213 293.376526
7245.112747 8704.872213 282.346069
7295.112747 8704.872213 271.210388
7345.112747 8704.872213 259.899658
7395.112747 8704.872213 248.342087
7445.112747 8704.872213 236.488281
7495.112747 8704.872213 224.308334
7545.112747 8704.872213 211.690384
7595.112747 8704.872213 198.622665
7645.112747 8704.872213 185.079224
7695.112747 8704.872213 171.031845
7745.112747 8704.872213 156.518448
7795.112747 8704.872213 141.618301
7845.112747 8704.872213 126.417953
7895.112747 8704.872213 111.028481
7945.112747 8704.872213 95.555237
7995.112747 8704.872213 80.074150
8045.112747 8704.872213 64.842102
8095.112747 8704.872213 50.117783
8145.112747 8704.872213 36.185249
8195.112747 8704.872213 23.254471
8245.112747 8704.872213 11.511204
8295.112747 8704.872213 1.084492
8345.112747 8704.872213 -7.890205
8395.112747 8704.872213 -15.306041
8445.112747 8704.872213 -20.985094
8495.112747 8704.872213 -24.831102
8545.112747 8704.872213 -26.795435
8595.112747 8704.872213 -26.752048
8645.112747 8704.872213 -24.580978
8695.112747 8704.872213 -20.295856
8745.112747 8704.872213 -13.968126
8795.112747 8704.872213 -5.716930
8845.112747 8704.872213 4.277826
8895.112747 8704.872213 15.902862
8945.112747 8704.872213 29.123974
8995.112747 8704.872213 43.857025
9045.112747 8704.872213 60.019833
9095.112747 8704.872213 77.567062
9145.112747 8704.872213 96.471695
9195.112747 8704.872213 116.748642
9245.112747 8704.872213 138.428833
9295.112747 8704.872213 161.445267
9345.112747 8704.872213 185.728638
9395.112747 8704.872213 211.260651
9445.112747 8704.872213 237.932587
9495.112747 8704.872213 265.541992
9545.112747 8704.872213 293.916656
9595.112747 8704.872213 322.839142
9645.112747 8704.872213 352.159210
9695.112747 8704.872213 381.741913
9745.112747 8704.872213 411.507202
9795.112747 8704.872213 441.389893
9845.112747 8704.872213 471.295135
9895.112747 8704.872213 501.100067
9945.112747 8704.872213 530.629944
9995.112747 8704.872213 559.616516
10045.112747 8704.872213 587.795288
10095.112747 8704.872213 614.840454
10145.112747 8704.872213 640.432190
10195.112747 8704.872213 664.149902
10245.112747 8704.872213 685.439148
10295.112747 8704.872213 703.695496
10345.112747 8704.872213 718.366516
10395.112747 8704.872213 729.012878
10445.112747 8704.872213 735.359070
10495.112747 8704.872213 737.285706
10545.112747 8704.872213 734.825500
10595.112747 8704.872213 728.099426
10645.112747 8704.872213 717.361145
10695.112747 8704.872213 702.967651
10745.112747 8704.872213 685.418274
10795.112747 8704.872213 665.255676
10845.112747 8704.872213 643.025330
10895.112747 8704.872213 619.220459
10945.112747 8704.872213 594.180969
10995.112747 8704.872213 568.116638
11045.112747 8704.872213 541.228638
11095.112747 8704.872213 513.706543
11145.112747 8704.872213 485.765869
11195.112747 8704.872213 457.576874
11245.112747 8704.872213 429.342377
11295.112747 8704.872213 401.267426
11345.112747 8704.872213 373.516907
11395.112747 8704.872213 346.273743
11445.112747 8704.872213 319.640045
11495.112747 8704.872213 293.775330
11545.112747 8704.872213 268.813171
11595.112747 8704.872213 244.848114
11645.112747 8704.872213 221.900833
11695.112747 8704.872213 200.009125
11745.112747 8704.872213 179.190781
11795.112747 8704.872213 159.474365
11845.112747 8704.872213 140.844971
11895.112747 8704.872213 123.283302
11945.112747 8704.872213 106.780273
11995.112747 8704.872213 91.397675
12045.112747 8704.872213 77.222534
12095.112747 8704.872213 64.265579
12145.112747 8704.872213 52.504181
12195.112747 8704.872213 41.836807
12245.112747 8704.872213 32.200947
12295.112747 8704.872213 23.521711
12345.112747 8704.872213 15.854806
12395.112747 8704.872213 9.175616
12445.112747 8704.872213 3.447904
12495.112747 8704.872213 -1.381803
12545.112747 8704.872213 -5.303294
12595.112747 8704.872213 -8.359273
12645.112747 8704.872213 -10.503333
12695.112747 8704.872213 -11.719949
12745.112747 8704.872213 -11.998727
12795.112747 8704.872213 -11.386131
12845.112747 8704.872213 -9.881044
12895.112747 8704.872213 -7.518178
12945.112747 8704.872213 -4.359225
12995.112747 8704.872213 -0.568654
13045.112747 8704.872213 3.838092
13095.112747 8704.872213 8.780939
13145.112747 8704.872213 14.152925
13195.112747 8704.872213 19.782503
13245.112747 8704.872213 25.491751
13295.112747 8704.872213 31.129515
13345.112747 8704.872213 36.521389
13395.112747 8704.872213 41.551174
13445.112747 8704.872213 46.097397
13495.112747 8704.872213 50.095646
13545.112747 8704.872213 53.528137
13595.112747 8704.872213 56.434669
13645.112747 8704.872213 58.801014
13695.112747 8704.872213 60.741547
13745.112747 8704.872213 62.283028
13795.112747 8704.872213 63.443233
13845.112747 8704.872213 64.271576
13895.112747 8704.872213 64.851173
13945.112747 8704.872213 65.308342
13995.112747 8704.872213 65.764328
6545.112747 8754.872213 475.516541
6595.112747 8754.872213 461.268982
6645.112747 8754.872213 447.021576
6695.112747 8754.872213 432.752777
6745.112747 8754.872213 418.493988
6795.112747 8754.872213 404.268097
6845.112747 8754.872213 390.249298
6895.112747 8754.872213 376.558990
6945.112747 8754.872213 363.240784
6995.112747 8754.872213 350.237396
7045.112747 8754.872213 337.537476
7095.112747 8754.872213 325.098572
7145.112747 8754.872213 312.795532
7195.112747 8754.872213 300.506622
7245.112747 8754.872213 288.195251
7295.112747 8754.872213 275.850922
7345.112747 8754.872213 263.417145
7395.112747 8754.872213 250.809219
7445.112747 8754.872213 238.051819
7495.112747 8754.872213 224.999390
7545.112747 8754.872213 211.561905
7595.112747 8754.872213 197.692474
7645.112747 8754.872213 183.397552
7695.112747 8754.872213 168.624451
7745.112747 8754.872213 153.357635
7795.112747 8754.872213 137.721085
7845.112747 8754.872213 121.823257
7895.112747 8754.872213 105.813271
7945.112747 8754.872213 89.725410
7995.112747 8754.872213 73.710747
8045.112747 8754.872213 57.949608
8095.112747 8754.872213 42.676514
8145.112747 8754.872213 28.213619
8195.112747 8754.872213 14.782587
8245.112747 8754.872213 2.536524
8295.112747 8754.872213 -8.390077
8345.112747 8754.872213 -17.882236
8395.112747 8754.872213 -25.739508
8445.112747 8754.872213 -31.817934
8495.112747 8754.872213 -35.982330
8545.112747 8754.872213 -38.134731
8595.112747 8754.872213 -38.143250
8645.112747 8754.872213 -35.883492
8695.112747 8754.872213 -31.364952
8745.112747 8754.872213 -24.639690
8795.112747 8754.872213 -15.875704
8845.112747 8754.872213 -5.238532
8895.112747 8754.872213 7.079552
8945.112747 8754.872213 20.950890
8995.112747 8754.872213 36.363770
9045.112747 8754.872213 53.237270
9095.112747 8754.872213 71.493103
9145.112747 8754.872213 91.145050
9195.112747 8754.872213 112.177544
9245.112747 8754.872213 134.602448
9295.112747 8754.872213 158.377609
9345.112747 8754.872213 183.391510
9395.112747 8754.872213 209.612305
9445.112747 8754.872213 236.916962
9495.112747 8754.872213 265.185425
9545.112747 8754.872213 294.198242
9595.112747 8754.872213 323.800720
9645.112747 8754.872213 353.792328
9695.112747 8754.872213 384.066559
9745.112747 8754.872213 414.509979
9795.112747 8754.872213 445.107513
9845.112747 8754.872213 475.768005
9895.112747 8754.872213 506.381348
9945.112747 8754.872213 536.790771
9995.112747 8754.872213 566.744629
10045.112747 8754.872213 596.011902
10095.112747 8754.872213 624.255859
10145.112747 8754.872213 651.124756
10195.112747 8754.872213 676.186462
10245.112747 8754.872213 698.896973
10295.112747 8754.872213 718.559692
10345.112747 8754.872213 734.484070
10395.112747 8754.872213 746.090881
10445.112747 8754.872213 752.958801
10495.112747 8754.872213 754.899353
10545.112747 8754.872213 751.916504
10595.112747 8754.872213 744.187439
10645.112747 8754.872213 732.083679
10695.112747 8754.872213 716.148560
10745.112747 8754.872213 696.993408
10795.112747 8754.872213 675.313171
10845.112747 8754.872213 651.694336
10895.112747 8754.872213 626.627686
10945.112747 8754.872213 600.414001
10995.112747 8754.872213 573.285950
11045.112747 8754.872213 545.479858
11095.112747 8754.872213 517.143799
11145.112747 8754.872213 488.472748
11195.112747 8754.872213 459.613892
11245.112747 8754.872213 430.766388
11295.112747 8754.872213 402.076385
11345.112747 8754.872213 373.766327
11395.112747 8754.872213 345.998657
11445.112747 8754.872213 318.982239
11495.112747 8754.872213 292.801147
11545.112747 8754.872213 267.592285
11595.112747 8754.872213 243.415695
11645.112747 8754.872213 220.306473
11695.112747 8754.872213 198.329834
11745.112747 8754.872213 177.473801
11795.112747 8754.872213 157.737961
11845.112747 8754.872213 139.112473
11895.112747 8754.872213 121.544640
11945.112747 8754.872213 105.019478
11995.112747 8754.872213 89.578461
12045.112747 8754.872213 75.312721
12095.112747 8754.872213 62.317539
12145.112747 8754.872213 50.502323
12195.112747 8754.872213 39.901489
12245.112747 8754.872213 30.389513
12295.112747 8754.872213 21.918036
12345.112747 8754.872213 14.495287
12395.112747 8754.872213 8.067172
12445.112747 8754.872213 2.581680
12495.112747 8754.872213 -1.984005
12545.112747 8754.872213 -5.657830
12595.112747 8754.872213 -8.467101
12645.112747 8754.872213 -10.375831
12695.112747 8754.872213 -11.340950
12745.112747 8754.872213 -11.373888
12795.112747 8754.872213 -10.477888
12845.112747 8754.872213 -8.708215
12895.112747 8754.872213 -6.084645
12945.112747 8754.872213 -2.746447
12995.112747 8754.872213 1.206956
13045.112747 8754.872213 5.721840
13095.112747 8754.872213 10.725750
13145.112747 8754.872213 16.097382
13195.112747 8754.872213 21.717396
13245.112747 8754.872213 27.415169
13295.112747 8754.872213 33.010361
13345.112747 8754.872213 38.331707
13395.112747 8754.872213 43.256165
13445.112747 8754.872213 47.676838
13495.112747 8754.872213 51.499287
13545.112747 8754.872213 54.710667
13595.112747 8754.872213 57.274170
13645.112747 8754.872213 59.285522
13695.112747 8754.872213 60.772705
13745.112747 8754.872213 61.811203
13795.112747 8754.872213 62.420338
13845.112747 8754.872213 62.593056
13895.112747 8754.872213 62.482536
13945.112747 8754.872213 62.256279
13995.112747 8754.872213 61.993382
6545.112747 8804.872213 500.467316
6595.112747 8804.872213 484.870972
6645.112747 8804.872213 469.313416
6695.112747 8804.872213 453.725342
6745.112747 8804.872213 438.132080
6795.112747 8804.872213 422.551239
6845.112747 8804.872213 407.186096
6895.112747 8804.872213 392.164063
6945.112747 8804.872213 377.462799
6995.112747 8804.872213 363.075684
7045.112747 8804.872213 349.010529
7095.112747 8804.872213 335.207794
7145.112747 8804.872213 321.522339
7195.112747 8804.872213 307.886414
7245.112747 8804.872213 294.240692
7295.112747 8804.872213 280.639008
7345.112747 8804.872213 267.083954
7395.112747 8804.872213 253.447128
7445.112747 8804.872213 239.721268
7495.112747 8804.872213 225.780396
7545.112747 8804.872213 211.507126
7595.112747 8804.872213 196.846207
7645.112747 8804.872213 181.818298
7695.112747 8804.872213 166.358505
7745.112747 8804.872213 150.425995
7795.112747 8804.872213 134.140686
7845.112747 8804.872213 117.594025
7895.112747 8804.872213 100.986275
7945.112747 8804.872213 84.373459
7995.112747 8804.872213 67.873245
8045.112747 8804.872213 51.641663
8095.112747 8804.872213 35.915802
8145.112747 8804.872213 20.983294
8195.112747 8804.872213 7.076593
8245.112747 8804.872213 -5.690927
8295.112747 8804.872213 -17.169418
8345.112747 8804.872213 -27.197155
8395.112747 8804.872213 -35.548370
8445.112747 8804.872213 -42.066418
8495.112747 8804.872213 -46.570908
8545.112747 8804.872213 -48.913521
8595.112747 8804.872213 -48.947620
8645.112747 8804.872213 -46.606678
8695.112747 8804.872213 -41.890301
8745.112747 8804.872213 -34.829723
8795.112747 8804.872213 -25.580818
8845.112747 8804.872213 -14.347506
8895.112747 8804.872213 -1.344810
8945.112747 8804.872213 13.209579
8995.112747 8804.872213 29.280909
9045.112747 8804.872213 46.805912
9095.112747 8804.872213 65.722397
9145.112747 8804.872213 86.056358
9195.112747 8804.872213 107.774651
9245.112747 8804.872213 130.882385
9295.112747 8804.872213 155.356155
9345.112747 8804.872213 181.038071
9395.112747 8804.872213 207.875107
9445.112747 8804.872213 235.729950
9495.112747 8804.872213 264.516724
9545.112747 8804.872213 294.077728
9595.112747 8804.872213 324.230011
9645.112747 8804.872213 354.779449
9695.112747 8804.872213 385.610382
9745.112747 8804.872213 416.634644
9795.112747 8804.872213 447.822083
9845.112747 8804.872213 479.101685
9895.112747 8804.872213 510.383606
9945.112747 8804.872213 541.508362
9995.112747 8804.872213 572.240906
10045.112747 8804.872213 602.358154
10095.112747 8804.872213 631.566772
10145.112747 8804.872213 659.515564
10195.112747 8804.872213 685.712646
10245.112747 8804.872213 709.650452
10295.112747 8804.872213 730.616150
10345.112747 8804.872213 747.862183
10395.112747 8804.872213 760.609314
10445.112747 8804.872213 768.195496
10495.112747 8804.872213 770.222473
10545.112747 8804.872213 766.625977
10595.112747 8804.872213 757.681702
10645.112747 8804.872213 744.005249
10695.112747 8804.872213 726.384460
10745.112747 8804.872213 705.633484
10795.112747 8804.872213 682.536011
10845.112747 8804.872213 657.691162
10895.112747 8804.872213 631.494202
10945.112747 8804.872213 604.264771
10995.112747 8804.872213 576.230286
11045.112747 8804.872213 547.611267
11095.112747 8804.872213 518.571289
11145.112747 8804.872213 489.269684
11195.112747 8804.872213 459.858246
11245.112747 8804.872213 430.443237
11295.112747 8804.872213 401.233368
11345.112747 8804.872213 372.426178
11395.112747 8804.872213 344.223206
11445.112747 8804.872213 316.842407
11495.112747 8804.872213 290.393188
11545.112747 8804.872213 264.973694
11595.112747 8804.872213 240.649094
11645.112747 8804.872213 217.461472
11695.112747 8804.872213 195.472824
11745.112747 8804.872213 174.642441
11795.112747 8804.872213 154.933670
11845.112747 8804.872213 136.348770
11895.112747 8804.872213 118.821739
11945.112747 8804.872213 102.369011
11995.112747 8804.872213 86.982056
12045.112747 8804.872213 72.755455
12095.112747 8804.872213 59.759941
12145.112747 8804.872213 48.011459
12195.112747 8804.872213 37.517014
12245.112747 8804.872213 28.164801
12295.112747 8804.872213 19.922239
12345.112747 8804.872213 12.770111
12395.112747 8804.872213 6.675986
12445.112747 8804.872213 1.505699
12495.112747 8804.872213 -2.746070
12545.112747 8804.872213 -6.099246
12595.112747 8804.872213 -8.595488
12645.112747 8804.872213 -10.152694
12695.112747 8804.872213 -10.773810
12745.112747 8804.872213 -10.449003
12795.112747 8804.872213 -9.246624
12845.112747 8804.872213 -7.181027
12895.112747 8804.872213 -4.305896
12945.112747 8804.872213 -0.762399
12995.112747 8804.872213 3.347678
13045.112747 8804.872213 7.960845
13095.112747 8804.872213 12.998783
13145.112747 8804.872213 18.347509
13195.112747 8804.872213 23.912352
13245.112747 8804.872213 29.522667
13295.112747 8804.872213 35.018967
13345.112747 8804.872213 40.249470
13395.112747 8804.872213 45.025265
13445.112747 8804.872213 49.250965
13495.112747 8804.872213 52.850288
13545.112747 8804.872213 55.812241
13595.112747 8804.872213 58.077892
13645.112747 8804.872213 59.695663
13695.112747 8804.872213 60.735336
13745.112747 8804.872213 61.256489
13795.112747 8804.872213 61.299061
13845.112747 8804.872213 60.858044
13895.112747 8804.872213 60.093933
13945.112747 8804.872213 59.186729
13995.112747 8804.872213 58.249367
6545.112747 8854.872213 525.666687
6595.112747 8854.872213 508.762299
6645.112747 8854.872213 491.876434
6695.112747 8854.872213 474.988953
6745.112747 8854.872213 458.063721
6795.112747 8854.872213 441.169708
6845.112747 8854.872213 424.469482
6895.112747 8854.872213 408.070862
6945.112747 8854.872213 391.958191
6995.112747 8854.872213 376.177399
7045.112747 8854.872213 360.723480
7095.112747 8854.872213 345.504272
7145.112747 8854.872213 330.439972
7195.112747 8854.872213 315.434875
7245.112747 8854.872213 300.478119
7295.112747 8854.872213 285.643250
7345.112747 8854.872213 270.929260
7395.112747 8854.872213 256.238312
7445.112747 8854.872213 241.509445
7495.112747 8854.872213 226.651230
7545.112747 8854.872213 211.513245
7595.112747 8854.872213 196.073456
7645.112747 8854.872213 180.315948
7695.112747 8854.872213 164.198669
7745.112747 8854.872213 147.698853
7795.112747 8854.872213 130.856995
7845.112747 8854.872213 113.780396
7895.112747 8854.872213 96.645134
7945.112747 8854.872213 79.553986
7995.112747 8854.872213 62.621479
8045.112747 8854.872213 45.989368
8095.112747 8854.872213 29.866968
8145.112747 8854.872213 14.519943
8195.112747 8854.872213 0.168240
8245.112747 8854.872213 -13.107205
8295.112747 8854.872213 -25.126328
8345.112747 8854.872213 -35.683872
8395.112747 8854.872213 -44.568825
8445.112747 8854.872213 -51.529259
8495.112747 8854.872213 -56.380028
8545.112747 8854.872213 -58.938908
8595.112747 8854.872213 -59.035076
8645.112747 8854.872213 -56.616356
8695.112747 8854.872213 -51.682251
8745.112747 8854.872213 -44.302933
8795.112747 8854.872213 -34.617809
8845.112747 8854.872213 -22.828699
8895.112747 8854.872213 -9.191939
8945.112747 8854.872213 6.046090
8995.112747 8854.872213 22.735706
9045.112747 8854.872213 40.838268
9095.112747 8854.872213 60.356956
9145.112747 8854.872213 81.293602
9195.112747 8854.872213 103.620506
9245.112747 8854.872213 127.318832
9295.112747 8854.872213 152.385895
9345.112747 8854.872213 178.664307
9395.112747 8854.872213 206.020569
9445.112747 8854.872213 234.365005
9495.112747 8854.872213 263.590485
9545.112747 8854.872213 293.580475
9595.112747 8854.872213 324.131073
9645.112747 8854.872213 355.109894
9695.112747 8854.872213 386.384064
9745.112747 8854.872213 417.848480
9795.112747 8854.872213 449.470764
9845.112747 8854.872213 481.212769
9895.112747 8854.872213 512.996460
9945.112747 8854.872213 544.653198
9995.112747 8854.872213 576.001831
10045.112747 8854.872213 606.775940
10095.112747 8854.872213 636.660400
10145.112747 8854.872213 665.354309
10195.112747 8854.872213 692.403381
10245.112747 8854.872213 717.246216
10295.112747 8854.872213 739.282654
10345.112747 8854.872213 757.734070
10395.112747 8854.872213 771.772217
10445.112747 8854.872213 780.397156
10495.112747 8854.872213 782.666077
10545.112747 8854.872213 778.288574
10595.112747 8854.872213 767.798523
10645.112747 8854.872213 752.361267
10695.112747 8854.872213 733.137695
10745.112747 8854.872213 710.991699
10795.112747 8854.872213 686.709106
10845.112747 8854.872213 660.797302
10895.112747 8854.872213 633.683411
10945.112747 8854.872213 605.631653
10995.112747 8854.872213 576.847778
11045.112747 8854.872213 547.548645
11095.112747 8854.872213 517.895996
11145.112747 8854.872213 488.058746
11195.112747 8854.872213 458.148712
11245.112747 8854.872213 428.287750
11295.112747 8854.872213 398.671570
11345.112747 8854.872213 369.500183
11395.112747 8854.872213 340.939056
11445.112747 8854.872213 313.237091
11495.112747 8854.872213 286.532349
11545.112747 8854.872213 260.945618
11595.112747 8854.872213 236.531235
11645.112747 8854.872213 213.349823
11695.112747 8854.872213 191.380341
11745.112747 8854.872213 170.583282
11795.112747 8854.872213 150.952332
11845.112747 8854.872213 132.468231
11895.112747 8854.872213 115.082222
11945.112747 8854.872213 98.783005
11995.112747 8854.872213 83.583618
12045.112747 8854.872213 69.501808
12095.112747 8854.872213 56.646725
12145.112747 8854.872213 45.031631
12195.112747 8854.872213 34.703957
12245.112747 8854.872213 25.548155
12295.112747 8854.872213 17.566097
12345.112747 8854.872213 10.735935
12395.112747 8854.872213 4.952499
12445.112747 8854.872213 0.179553
12495.112747 8854.872213 -3.669060
12545.112747 8854.872213 -6.646692
12595.112747 8854.872213 -8.710691
12645.112747 8854.872213 -9.863751
12695.112747 8854.872213 -10.046255
12745.112747 8854.872213 -9.318822
12795.112747 8854.872213 -7.732066
12845.112747 8854.872213 -5.384531
12895.112747 8854.872213 -2.240309
12945.112747 8854.872213 1.542950
12995.112747 8854.872213 5.820327
13045.112747 8854.872213 10.536830
13095.112747 8854.872213 15.578445
13145.112747 8854.872213 20.865692
13195.112747 8854.872213 26.303234
13245.112747 8854.872213 31.771740
13295.112747 8854.872213 37.132671
13345.112747 8854.872213 42.214558
13395.112747 8854.872213 46.817520
13445.112747 8854.872213 50.823544
13495.112747 8854.872213 54.201378
13545.112747 8854.872213 56.867065
13595.112747 8854.872213 58.794525
13645.112747 8854.872213 60.002094
13695.112747 8854.872213 60.575317
13745.112747 8854.872213 60.595840
13795.112747 8854.872213 60.074612
13845.112747 8854.872213 59.072056
13895.112747 8854.872213 57.705246
13945.112747 8854.872213 56.180401
13995.112747 8854.872213 54.581474
6545.112747 8904.872213 551.021851
6595.112747 8904.872213 532.770691
6645.112747 8904.872213 514.568909
6695.112747 8904.872213 496.359924
6745.112747 8904.872213 478.147888
6795.112747 8904.872213 459.944916
6845.112747 8904.872213 441.922455
6895.112747 8904.872213 424.132050
6945.112747 8904.872213 406.634277
6995.112747 8904.872213 389.436798
7045.112747 8904.872213 372.544800
7095.112747 8904.872213 355.894653
7145.112747 8904.872213 339.438812
7195.112747 8904.872213 323.118225
7245.112747 8904.872213 306.891846
7295.112747 8904.872213 290.816528
7345.112747 8904.872213 274.936096
7395.112747 8904.872213 259.132751
7445.112747 8904.872213 243.385956
7495.112747 8904.872213 227.563248
7545.112747 8904.872213 211.587341
7595.112747 8904.872213 195.383942
7645.112747 8904.872213 178.936584
7695.112747 8904.872213 162.203232
7745.112747 8904.872213 145.146759
7795.112747 8904.872213 127.835686
7845.112747 8904.872213 110.348030
7895.112747 8904.872213 92.820259
7945.112747 8904.872213 75.337791
7995.112747 8904.872213 58.006962
8045.112747 8904.872213 41.016449
8095.112747 8904.872213 24.575748
8145.112747 8904.872213 8.878839
8195.112747 8904.872213 -5.916251
8245.112747 8904.872213 -19.648827
8295.112747 8904.872213 -32.159660
8345.112747 8904.872213 -43.245197
8395.112747 8904.872213 -52.648178
8445.112747 8904.872213 -60.068516
8495.112747 8904.872213 -65.275223
8545.112747 8904.872213 -68.072235
8595.112747 8904.872213 -68.258904
8645.112747 8904.872213 -65.765381
8695.112747 8904.872213 -60.617775
8745.112747 8904.872213 -52.892811
8795.112747 8904.872213 -42.765724
8845.112747 8904.872213 -30.469030
8895.112747 8904.872213 -16.281500
8945.112747 8904.872213 -0.451990
8995.112747 8904.872213 16.823275
9045.112747 8904.872213 35.480038
9095.112747 8904.872213 55.521061
9145.112747 8904.872213 76.960976
9195.112747 8904.872213 99.781845
9245.112747 8904.872213 123.999100
9295.112747 8904.872213 149.540237
9345.112747 8904.872213 176.274628
9395.112747 8904.872213 204.061371
9445.112747 8904.872213 232.802246
9495.112747 8904.872213 262.391266
9545.112747 8904.872213 292.692017
9595.112747 8904.872213 323.558411
9645.112747 8904.872213 354.830444
9695.112747 8904.872213 386.406281
9745.112747 8904.872213 418.182159
9795.112747 8904.872213 450.080719
9845.112747 8904.872213 482.100800
9895.112747 8904.872213 514.179382
9945.112747 8904.872213 546.188782
9995.112747 8904.872213 577.915466
10045.112747 8904.872213 609.083130
10095.112747 8904.872213 639.355835
10145.112747 8904.872213 668.433960
10195.112747 8904.872213 695.910950
10245.112747 8904.872213 721.310730
10295.112747 8904.872213 744.000854
10345.112747 8904.872213 763.288208
10395.112747 8904.872213 778.427246
10445.112747 8904.872213 788.333069
10495.112747 8904.872213 791.303345
10545.112747 8904.872213 785.683228
10595.112747 8904.872213 773.392944
10645.112747 8904.872213 756.375000
10695.112747 8904.872213 735.880920
10745.112747 8904.872213 712.736511
10795.112747 8904.872213 687.560974
10845.112747 8904.872213 660.877014
10895.112747 8904.872213 633.071106
10945.112747 8904.872213 604.413757
10995.112747 8904.872213 575.063110
11045.112747 8904.872213 545.212708
11095.112747 8904.872213 515.067078
11145.112747 8904.872213 484.774353
11195.112747 8904.872213 454.472961
11245.112747 8904.872213 424.278412
11295.112747 8904.872213 394.371948
11345.112747 8904.872213 364.903961
11395.112747 8904.872213 336.069244
11445.112747 8904.872213 308.112488
11495.112747 8904.872213 281.216370
11545.112747 8904.872213 255.502991
11595.112747 8904.872213 231.055176
11645.112747 8904.872213 207.875366
11695.112747 8904.872213 185.975937
11745.112747 8904.872213 165.257538
11795.112747 8904.872213 145.754913
11845.112747 8904.872213 127.433098
11895.112747 8904.872213 110.277107
11945.112747 8904.872213 94.240967
11995.112747 8904.872213 79.303596
12045.112747 8904.872213 65.497856
12095.112747 8904.872213 52.897652
12145.112747 8904.872213 41.553810
12195.112747 8904.872213 31.463140
12245.112747 8904.872213 22.580343
12295.112747 8904.872213 14.900647
12345.112747 8904.872213 8.387087
12395.112747 8904.872213 2.984475
12445.112747 8904.872213 -1.380036
12495.112747 8904.872213 -4.779477
12545.112747 8904.872213 -7.278614
12595.112747 8904.872213 -8.887241
12645.112747 8904.872213 -9.522253
12695.112747 8904.872213 -9.230027
12745.112747 8904.872213 -8.018080
12795.112747 8904.872213 -6.059284
12845.112747 8904.872213 -3.340960
12895.112747 8904.872213 0.075723
12945.112747 8904.872213 4.087504
12995.112747 8904.872213 8.539823
13045.112747 8904.872213 13.328858
13095.112747 8904.872213 18.377893
13145.112747 8904.872213 23.579809
13195.112747 8904.872213 28.883610
13245.112747 8904.872213 34.188934
13295.112747 8904.872213 39.367550
13345.112747 8904.872213 44.238441
13395.112747 8904.872213 48.610897
13445.112747 8904.872213 52.366077
13495.112747 8904.872213 55.493027
13545.112747 8904.872213 57.859444
13595.112747 8904.872213 59.390854
13645.112747 8904.872213 60.179646
13695.112747 8904.872213 60.314129
13745.112747 8904.872213 59.821465
13795.112747 8904.872213 58.796776
13845.112747 8904.872213 57.262928
13895.112747 8904.872213 55.356300
13945.112747 8904.872213 53.249928
13995.112747 8904.872213 51.034229
6545.112747 8954.872213 576.287842
6595.112747 8954.872213 556.729187
6645.112747 8954.872213 537.247437
6695.112747 8954.872213 517.754089
6745.112747 8954.872213 498.224762
6795.112747 8954.872213 478.729065
6845.112747 8954.872213 459.351288
6895.112747 8954.872213 440.193085
6945.112747 8954.872213 421.325989
6995.112747 8954.872213 402.748474
7045.112747 8954.872213 384.411774
7095.112747 8954.872213 366.319275
7145.112747 8954.872213 348.471252
7195.112747 8954.872213 330.853821
7245.112747 8954.872213 313.389740
7295.112747 8954.872213 296.095642
7345.112747 8954.872213 279.019287
7395.112747 8954.872213 262.094757
7445.112747 8954.872213 245.294678
7495.112747 8954.872213 228.535706
7545.112747 8954.872213 211.723434
7595.112747 8954.872213 194.788528
7645.112747 8954.872213 177.717575
7695.112747 8954.872213 160.419296
7745.112747 8954.872213 142.861984
7795.112747 8954.872213 125.140923
7845.112747 8954.872213 107.316742
7895.112747 8954.872213 89.478828
7945.112747 8954.872213 71.680428
7995.112747 8954.872213 54.019253
8045.112747 8954.872213 36.717960
8095.112747 8954.872213 20.038027
8145.112747 8954.872213 4.052876
8195.112747 8954.872213 -11.099785
8245.112747 8954.872213 -25.248520
8295.112747 8954.872213 -38.202290
8345.112747 8954.872213 -49.723389
8395.112747 8954.872213 -59.589527
8445.112747 8954.872213 -67.474533
8495.112747 8954.872213 -73.090843
8545.112747 8954.872213 -76.157928
8595.112747 8954.872213 -76.450584
8645.112747 8954.872213 -73.896095
8695.112747 8954.872213 -68.487846
8745.112747 8954.872213 -60.367306
8795.112747 8954.872213 -49.809296
8845.112747 8954.872213 -37.067760
8895.112747 8954.872213 -22.443071
8945.112747 8954.872213 -6.162514
8995.112747 8954.872213 11.613535
9045.112747 8954.872213 30.780209
9095.112747 8954.872213 51.268131
9145.112747 8954.872213 73.117455
9195.112747 8954.872213 96.347412
9245.112747 8954.872213 120.950630
9295.112747 8954.872213 146.862717
9345.112747 8954.872213 173.925262
9395.112747 8954.872213 202.040787
9445.112747 8954.872213 231.042938
9495.112747 8954.872213 260.883118
9545.112747 8954.872213 291.416748
9595.112747 8954.872213 322.488617
9645.112747 8954.872213 353.947693
9695.112747 8954.872213 385.679901
9745.112747 8954.872213 417.614288
9795.112747 8954.872213 449.649780
9845.112747 8954.872213 481.779175
9895.112747 8954.872213 513.964905
9945.112747 8954.872213 546.070435
9995.112747 8954.872213 577.895935
10045.112747 8954.872213 609.149536
10095.112747 8954.872213 639.489502
10145.112747 8954.872213 668.604980
10195.112747 8954.872213 696.116882
10245.112747 8954.872213 721.593567
10295.112747 8954.872213 744.399170
10345.112747 8954.872213 763.886414
10395.112747 8954.872213 779.389343
10445.112747 8954.872213 790.055969
10495.112747 8954.872213 794.265198
10545.112747 8954.872213 786.841370
10595.112747 8954.872213 773.287109
10645.112747 8954.872213 755.455811
10695.112747 8954.872213 734.336975
10745.112747 8954.872213 710.629639
10795.112747 8954.872213 684.944946
10845.112747 8954.872213 657.816833
10895.112747 8954.872213 629.605164
10945.112747 8954.872213 600.536011
10995.112747 8954.872213 570.791931
11045.112747 8954.872213 540.553589
11095.112747 8954.872213 510.017700
11145.112747 8954.872213 479.386383
11195.112747 8954.872213 448.814728
11245.112747 8954.872213 418.387329
11295.112747 8954.872213 388.252228
11345.112747 8954.872213 358.580566
11395.112747 8954.872213 329.562897
11445.112747 8954.872213 301.449005
11495.112747 8954.872213 274.405701
11545.112747 8954.872213 248.630142
11595.112747 8954.872213 224.175781
11645.112747 8954.872213 201.045700
11695.112747 8954.872213 179.223129
11745.112747 8954.872213 158.667557
11795.112747 8954.872213 139.359512
11845.112747 8954.872213 121.292107
11895.112747 8954.872213 104.420166
11945.112747 8954.872213 88.720436
11995.112747 8954.872213 74.146126
12045.112747 8954.872213 60.696373
12095.112747 8954.872213 48.474079
12145.112747 8954.872213 37.479263
12195.112747 8954.872213 27.753153
12245.112747 8954.872213 19.240986
12295.112747 8954.872213 11.923159
12345.112747 8954.872213 5.793520
12395.112747 8954.872213 0.799664
12445.112747 8954.872213 -3.140718
12495.112747 8954.872213 -6.047283
12545.112747 8954.872213 -8.000021
12595.112747 8954.872213 -9.041819
12645.112747 8954.872213 -9.157114
12695.112747 8954.872213 -8.314867
12745.112747 8954.872213 -6.655149
12795.112747 8954.872213 -4.251486
12845.112747 8954.872213 -1.172158
12895.112747 8954.872213 2.549758
12945.112747 8954.872213 6.773134
12995.112747 8954.872213 11.374084
13045.112747 8954.872213 16.240681
13095.112747 8954.872213 21.293371
13145.112747 8954.872213 26.449005
13195.112747 8954.872213 31.654781
13245.112747 8954.872213 36.776016
13295.112747 8954.872213 41.732353
13345.112747 8954.872213 46.327187
13395.112747 8954.872213 50.390308
13445.112747 8954.872213 53.879330
13495.112747 8954.872213 56.661842
13545.112747 8954.872213 58.685246
13595.112747 8954.872213 59.872349
13645.112747 8954.872213 60.255058
13695.112747 8954.872213 59.959625
13745.112747 8954.872213 59.028149
13795.112747 8954.872213 57.510864
13845.112747 8954.872213 55.458492
13895.112747 8954.872213 53.050747
13945.112747 8954.872213 50.389839
13995.112747 8954.872213 47.643311
6545.112747 9004.872213 601.381165
6595.112747 9004.872213 580.585999
6645.112747 9004.872213 559.836243
6695.112747 9004.872213 539.064941
6745.112747 9004.872213 518.231079
6795.112747 9004.872213 497.384064
6845.112747 9004.872213 476.650482
6895.112747 9004.872213 456.106018
6945.112747 9004.872213 435.880249
6995.112747 9004.872213 415.930634
7045.112747 9004.872213 396.207703
7095.112747 9004.872213 376.721558
7145.112747 9004.872213 357.533661
7195.112747 9004.872213 338.602570
7245.112747 9004.872213 319.885376
7295.112747 9004.872213 301.373840
7345.112747 9004.872213 283.116486
7395.112747 9004.872213 265.061920
7445.112747 9004.872213 247.243454
7495.112747 9004.872213 229.566010
7545.112747 9004.872213 211.942017
7595.112747 9004.872213 194.336029
7645.112747 9004.872213 176.676605
7695.112747 9004.872213 158.888916
7745.112747 9004.872213 140.935654
7795.112747 9004.872213 122.863037
7845.112747 9004.872213 104.729919
7895.112747 9004.872213 86.605415
7945.112747 9004.872213 68.562187
7995.112747 9004.872213 50.645554
8045.112747 9004.872213 33.131306
8095.112747 9004.872213 16.209194
8145.112747 9004.872213 -0.030170
8195.112747 9004.872213 -15.434196
8245.112747 9004.872213 -29.878931
8295.112747 9004.872213 -43.122791
8345.112747 9004.872213 -54.972614
8395.112747 9004.872213 -65.186035
8445.112747 9004.872213 -73.494858
8495.112747 9004.872213 -79.560356
8545.112747 9004.872213 -82.987289
8595.112747 9004.872213 -83.446556
8645.112747 9004.872213 -80.775093
8695.112747 9004.872213 -75.025520
8745.112747 9004.872213 -66.518036
8795.112747 9004.872213 -55.575554
8845.112747 9004.872213 -42.490181
8895.112747 9004.872213 -27.551214
8945.112747 9004.872213 -10.946868
8995.112747 9004.872213 7.178916
9045.112747 9004.872213 26.706142
9095.112747 9004.872213 47.591579
9145.112747 9004.872213 69.789642
9195.112747 9004.872213 93.336601
9245.112747 9004.872213 118.223045
9295.112747 9004.872213 144.364380
9345.112747 9004.872213 171.649612
9395.112747 9004.872213 199.924240
9445.112747 9004.872213 229.101410
9495.112747 9004.872213 259.090332
9545.112747 9004.872213 289.724976
9595.112747 9004.872213 320.870850
9645.112747 9004.872213 352.364716
9695.112747 9004.872213 384.114502
9745.112747 9004.872213 416.041748
9795.112747 9004.872213 448.092010
9845.112747 9004.872213 480.191467
9895.112747 9004.872213 512.289490
9945.112747 9004.872213 544.262329
9995.112747 9004.872213 575.898499
10045.112747 9004.872213 606.943115
10095.112747 9004.872213 637.020447
10145.112747 9004.872213 665.845276
10195.112747 9004.872213 693.032837
10245.112747 9004.872213 718.085022
10295.112747 9004.872213 740.425964
10345.112747 9004.872213 759.382141
10395.112747 9004.872213 774.183533
10445.112747 9004.872213 783.674133
10495.112747 9004.872213 786.145935
10545.112747 9004.872213 779.965149
10595.112747 9004.872213 767.094238
10645.112747 9004.872213 749.480408
10695.112747 9004.872213 728.400452
10745.112747 9004.872213 704.638794
10795.112747 9004.872213 678.866821
10845.112747 9004.872213 651.611206
10895.112747 9004.872213 623.234314
10945.112747 9004.872213 593.968018
10995.112747 9004.872213 563.970825
11045.112747 9004.872213 533.481995
11095.112747 9004.872213 502.727448
11145.112747 9004.872213 471.902679
11195.112747 9004.872213 441.132233
11245.112747 9004.872213 410.544067
11295.112747 9004.872213 380.276489
11345.112747 9004.872213 350.503479
11395.112747 9004.872213 321.408417
11445.112747 9004.872213 293.225952
11495.112747 9004.872213 266.152985
11545.112747 9004.872213 240.367325
11595.112747 9004.872213 215.941559
11645.112747 9004.872213 192.899704
11695.112747 9004.872213 171.223343
11745.112747 9004.872213 150.871841
11795.112747 9004.872213 131.831802
11845.112747 9004.872213 114.056404
11895.112747 9004.872213 97.540726
11945.112747 9004.872213 82.259102
11995.112747 9004.872213 68.162476
12045.112747 9004.872213 55.176601
12095.112747 9004.872213 43.364887
12145.112747 9004.872213 32.806374
12195.112747 9004.872213 23.516443
12245.112747 9004.872213 15.444813
12295.112747 9004.872213 8.597213
12345.112747 9004.872213 2.921425
12395.112747 9004.872213 -1.608746
12445.112747 9004.872213 -5.037575
12495.112747 9004.872213 -7.385262
12545.112747 9004.872213 -8.714493
12595.112747 9004.872213 -9.158521
12645.112747 9004.872213 -8.693343
12695.112747 9004.872213 -7.359239
12745.112747 9004.872213 -5.221182
12795.112747 9004.872213 -2.420884
12845.112747 9004.872213 1.025100
12895.112747 9004.872213 5.061734
12945.112747 9004.872213 9.517000
12995.112747 9004.872213 14.248853
13045.112747 9004.872213 19.198792
13095.112747 9004.872213 24.284321
13145.112747 9004.872213 29.431723
13195.112747 9004.872213 34.533844
13245.112747 9004.872213 39.492973
13295.112747 9004.872213 44.169399
13345.112747 9004.872213 48.440617
13395.112747 9004.872213 52.182426
13445.112747 9004.872213 55.295296
13495.112747 9004.872213 57.726913
13545.112747 9004.872213 59.374306
13595.112747 9004.872213 60.213585
13645.112747 9004.872213 60.267017
13695.112747 9004.872213 59.595760
13745.112747 9004.872213 58.229706
13795.112747 9004.872213 56.219353
13845.112747 9004.872213 53.691914
13895.112747 9004.872213 50.774796
13945.112747 9004.872213 47.640289
13995.112747 9004.872213 44.403893
6545.112747 9054.872213 626.296265
6595.112747 9054.872213 604.266113
6645.112747 9054.872213 582.251343
6695.112747 9054.872213 560.177673
6745.112747 9054.872213 538.033875
6795.112747 9054.872213 515.861572
6845.112747 9054.872213 493.734680
6895.112747 9054.872213 471.827057
6945.112747 9054.872213 450.214050
6995.112747 9054.872213 428.891083
7045.112747 9054.872213 407.806946
7095.112747 9054.872213 386.985504
7145.112747 9054.872213 366.461334
7195.112747 9054.872213 346.228394
7245.112747 9054.872213 326.260162
7295.112747 9054.872213 306.574524
7345.112747 9054.872213 287.152191
7395.112747 9054.872213 268.025085
7445.112747 9054.872213 249.218048
7495.112747 9054.872213 230.681305
7545.112747 9054.872213 212.315613
7595.112747 9054.872213 194.073334
7645.112747 9054.872213 175.886642
7695.112747 9054.872213 157.653015
7745.112747 9054.872213 139.360703
7795.112747 9054.872213 121.003334
7845.112747 9054.872213 102.591400
7895.112747 9054.872213 84.227005
7945.112747 9054.872213 65.963188
7995.112747 9054.872213 47.897221
8045.112747 9054.872213 30.212870
8095.112747 9054.872213 13.101470
8145.112747 9054.872213 -3.323261
8195.112747 9054.872213 -18.873257
8245.112747 9054.872213 -33.449520
8295.112747 9054.872213 -46.860069
8345.112747 9054.872213 -58.883904
8395.112747 9054.872213 -69.346260
8445.112747 9054.872213 -77.924576
8495.112747 9054.872213 -84.329948
8545.112747 9054.872213 -88.177490
8595.112747 9054.872213 -88.948189
8645.112747 9054.872213 -86.052818
8695.112747 9054.872213 -79.946869
8745.112747 9054.872213 -71.121269
8795.112747 9054.872213 -59.931740
8845.112747 9054.872213 -46.645420
8895.112747 9054.872213 -31.512274
8945.112747 9054.872213 -14.705914
8995.112747 9054.872213 3.629426
9045.112747 9054.872213 23.403782
9095.112747 9054.872213 44.537304
9145.112747 9054.872213 66.992348
9195.112747 9054.872213 90.746338
9245.112747 9054.872213 115.790535
9295.112747 9054.872213 142.061951
9345.112747 9054.872213 169.407288
9395.112747 9054.872213 197.747787
9445.112747 9054.872213 226.962402
9495.112747 9054.872213 256.961487
9545.112747 9054.872213 287.581085
9595.112747 9054.872213 318.654907
9645.112747 9054.872213 350.048004
9695.112747 9054.872213 381.649933
9745.112747 9054.872213 413.454681
9795.112747 9054.872213 445.351685
9845.112747 9054.872213 477.270599
9895.112747 9054.872213 509.120789
9945.112747 9054.872213 540.718140
9995.112747 9054.872213 571.896057
10045.112747 9054.872213 602.421021
10095.112747 9054.872213 631.974976
10145.112747 9054.872213 660.228699
10195.112747 9054.872213 686.700806
10245.112747 9054.872213 710.891602
10295.112747 9054.872213 732.231689
10345.112747 9054.872213 749.992615
10395.112747 9054.872213 763.292908
10445.112747 9054.872213 771.070618
10495.112747 9054.872213 772.363831
10545.112747 9054.872213 766.907654
10595.112747 9054.872213 755.275574
10645.112747 9054.872213 738.653992
10695.112747 9054.872213 718.204590
10745.112747 9054.872213 694.869690
10795.112747 9054.872213 669.374084
10845.112747 9054.872213 642.253418
10895.112747 9054.872213 613.913391
10945.112747 9054.872213 584.607483
10995.112747 9054.872213 554.573364
11045.112747 9054.872213 524.014282
11095.112747 9054.872213 493.188660
11145.112747 9054.872213 462.269379
11195.112747 9054.872213 431.442657
11245.112747 9054.872213 400.787689
11295.112747 9054.872213 370.456970
11345.112747 9054.872213 340.651184
11395.112747 9054.872213 311.585236
11445.112747 9054.872213 283.459320
11495.112747 9054.872213 256.436584
11545.112747 9054.872213 230.727341
11595.112747 9054.872213 206.405365
11645.112747 9054.872213 183.521561
11695.112747 9054.872213 162.059616
11745.112747 9054.872213 141.979385
11795.112747 9054.872213 123.253281
11845.112747 9054.872213 105.833984
11895.112747 9054.872213 89.724350
11945.112747 9054.872213 74.913940
11995.112747 9054.872213 61.354580
12045.112747 9054.872213 48.908630
12095.112747 9054.872213 37.622242
12145.112747 9054.872213 27.553408
12195.112747 9054.872213 18.742859
12245.112747 9054.872213 11.182379
12295.112747 9054.872213 4.851202
12345.112747 9054.872213 -0.255698
12395.112747 9054.872213 -4.181113
12445.112747 9054.872213 -6.971716
12495.112747 9054.872213 -8.710857
12545.112747 9054.872213 -9.432384
12595.112747 9054.872213 -9.240236
12645.112747 9054.872213 -8.213902
12695.112747 9054.872213 -6.357930
12745.112747 9054.872213 -3.785931
12795.112747 9054.872213 -0.565020
12845.112747 9054.872213 3.231111
12895.112747 9054.872213 7.546813
12945.112747 9054.872213 12.213173
12995.112747 9054.872213 17.109112
13045.112747 9054.872213 22.173115
13095.112747 9054.872213 27.324900
13145.112747 9054.872213 32.450600
13195.112747 9054.872213 37.449886
13245.112747 9054.872213 42.215366
13295.112747 9054.872213 46.609364
13345.112747 9054.872213 50.533966
13395.112747 9054.872213 53.908043
13445.112747 9054.872213 56.667458
13495.112747 9054.872213 58.710243
13545.112747 9054.872213 59.995792
13595.112747 9054.872213 60.506123
13645.112747 9054.872213 60.232899
13695.112747 9054.872213 59.192692
13745.112747 9054.872213 57.409138
13795.112747 9054.872213 54.955639
13845.112747 9054.872213 51.963089
13895.112747 9054.872213 48.590786
13945.112747 9054.872213 44.984818
13995.112747 9054.872213 41.315895
6545.112747 9104.872213 651.038208
6595.112747 9104.872213 627.704041
6645.112747 9104.872213 604.361084
6695.112747 9104.872213 580.973511
6745.112747 9104.872213 557.539368
6795.112747 9104.872213 534.027588
6845.112747 9104.872213 510.548279
6895.112747 9104.872213 487.270508
6945.112747 9104.872213 464.262329
6995.112747 9104.872213 441.537262
7045.112747 9104.872213 419.088226
7095.112747 9104.872213 396.934998
7145.112747 9104.872213 375.123688
7195.112747 9104.872213 353.633087
7245.112747 9104.872213 332.445465
7295.112747 9104.872213 311.614868
7345.112747 9104.872213 291.134277
7395.112747 9104.872213 271.008057
7445.112747 9104.872213 251.296341
7495.112747 9104.872213 231.916153
7545.112747 9104.872213 212.841690
7595.112747 9104.872213 194.013260
7645.112747 9104.872213 175.351028
7695.112747 9104.872213 156.753372
7745.112747 9104.872213 138.158661
7795.112747 9104.872213 119.539200
7845.112747 9104.872213 100.890121
7895.112747 9104.872213 82.322281
7945.112747 9104.872213 63.910240
7995.112747 9104.872213 45.737740
8045.112747 9104.872213 27.981499
8095.112747 9104.872213 10.771292
8145.112747 9104.872213 -5.727336
8195.112747 9104.872213 -21.344431
8245.112747 9104.872213 -35.919136
8295.112747 9104.872213 -49.308746
8345.112747 9104.872213 -61.375923
8395.112747 9104.872213 -71.895241
8445.112747 9104.872213 -80.568970
8495.112747 9104.872213 -87.131493
8545.112747 9104.872213 -91.269188
8595.112747 9104.872213 -92.496384
8645.112747 9104.872213 -89.242867
8695.112747 9104.872213 -82.907104
8745.112747 9104.872213 -73.990105
8795.112747 9104.872213 -62.734688
8845.112747 9104.872213 -49.407406
8895.112747 9104.872213 -34.217999
8945.112747 9104.872213 -17.370111
8995.112747 9104.872213 1.070847
9045.112747 9104.872213 20.936205
9095.112747 9104.872213 42.174973
9145.112747 9104.872213 64.746811
9195.112747 9104.872213 88.592453
9245.112747 9104.872213 113.690826
9295.112747 9104.872213 139.933090
9345.112747 9104.872213 167.216766
9395.112747 9104.872213 195.476410
9445.112747 9104.872213 224.614502
9495.112747 9104.872213 254.470627
9545.112747 9104.872213 284.913605
9595.112747 9104.872213 315.771545
9645.112747 9104.872213 346.919617
9695.112747 9104.872213 378.282990
9745.112747 9104.872213 409.819092
9795.112747 9104.872213 441.437408
9845.112747 9104.872213 473.007965
9895.112747 9104.872213 504.415527
9945.112747 9104.872213 535.456482
9995.112747 9104.872213 565.952515
10045.112747 9104.872213 595.708313
10095.112747 9104.872213 624.450195
10145.112747 9104.872213 651.769043
10195.112747 9104.872213 677.172607
10245.112747 9104.872213 700.155884
10295.112747 9104.872213 720.087402
10345.112747 9104.872213 736.229126
10395.112747 9104.872213 747.800415
10445.112747 9104.872213 754.047791
10495.112747 9104.872213 754.606262
10545.112747 9104.872213 749.457153
10595.112747 9104.872213 738.866943
10645.112747 9104.872213 723.432556
10695.112747 9104.872213 703.993896
10745.112747 9104.872213 681.429993
10795.112747 9104.872213 656.488342
10845.112747 9104.872213 629.757568
10895.112747 9104.872213 601.650696
10945.112747 9104.872213 572.514343
10995.112747 9104.872213 542.621582
11045.112747 9104.872213 512.198242
11095.112747 9104.872213 481.414093
11145.112747 9104.872213 450.543915
11195.112747 9104.872213 419.750366
11245.112747 9104.872213 389.127594
11295.112747 9104.872213 358.832062
11345.112747 9104.872213 329.078400
11395.112747 9104.872213 300.111206
11445.112747 9104.872213 272.127777
11495.112747 9104.872213 245.287476
11545.112747 9104.872213 219.771805
11595.112747 9104.872213 195.667023
11645.112747 9104.872213 173.030304
11695.112747 9104.872213 151.857407
11745.112747 9104.872213 132.109100
11795.112747 9104.872213 113.757813
11845.112747 9104.872213 96.735077
11895.112747 9104.872213 81.081306
11945.112747 9104.872213 66.772781
11995.112747 9104.872213 53.725140
12045.112747 9104.872213 41.892975
12095.112747 9104.872213 31.234089
12145.112747 9104.872213 21.732597
12195.112747 9104.872213 13.484907
12245.112747 9104.872213 6.493216
12295.112747 9104.872213 0.758574
12345.112747 9104.872213 -3.724542
12395.112747 9104.872213 -6.929043
12445.112747 9104.872213 -9.004483
12495.112747 9104.872213 -10.027647
12545.112747 9104.872213 -10.111986
12595.112747 9104.872213 -9.342485
12645.112747 9104.872213 -7.730936
12695.112747 9104.872213 -5.384392
12745.112747 9104.872213 -2.356970
12795.112747 9104.872213 1.246688
12845.112747 9104.872213 5.390177
12895.112747 9104.872213 9.968377
12945.112747 9104.872213 14.870706
12995.112747 9104.872213 19.954809
13045.112747 9104.872213 25.132004
13095.112747 9104.872213 30.339966
13145.112747 9104.872213 35.426823
13195.112747 9104.872213 40.313911
13245.112747 9104.872213 44.862282
13295.112747 9104.872213 48.977711
13345.112747 9104.872213 52.558414
13395.112747 9104.872213 55.550068
13445.112747 9104.872213 57.944740
13495.112747 9104.872213 59.656166
13545.112747 9104.872213 60.622540
13595.112747 9104.872213 60.808720
13645.112747 9104.872213 60.199120
13695.112747 9104.872213 58.778637
13745.112747 9104.872213 56.579304
13795.112747 9104.872213 53.697571
13845.112747 9104.872213 50.265179
13895.112747 9104.872213 46.461159
13945.112747 9104.872213 42.447113
13995.112747 9104.872213 38.377686
6545.112747 9154.872213 675.480530
6595.112747 9154.872213 650.768005
6645.112747 9154.872213 626.055420
6695.112747 9154.872213 601.327576
6745.112747 9154.872213 576.570984
6795.112747 9154.872213 551.744446
6845.112747 9154.872213 526.929993
6895.112747 9154.872213 502.283234
6945.112747 9154.872213 477.905426
6995.112747 9154.872213 453.795563
7045.112747 9154.872213 429.976746
7095.112747 9154.872213 406.514954
7145.112747 9154.872213 383.427673
7195.112747 9154.872213 360.724457
7245.112747 9154.872213 338.395996
7295.112747 9154.872213 316.489899
7345.112747 9154.872213 295.020050
7395.112747 9154.872213 273.985962
7445.112747 9154.872213 253.434891
7495.112747 9154.872213 233.291000
7545.112747 9154.872213 213.546555
7595.112747 9154.872213 194.158035
7645.112747 9154.872213 175.072906
7695.112747 9154.872213 156.168121
7745.112747 9154.872213 137.331909
7795.112747 9154.872213 118.495285
7845.112747 9154.872213 99.661385
7895.112747 9154.872213 80.934082
7945.112747 9154.872213 62.414322
7995.112747 9154.872213 44.206997
8045.112747 9154.872213 26.446869
8095.112747 9154.872213 9.242756
8145.112747 9154.872213 -7.223814
8195.112747 9154.872213 -22.756184
8245.112747 9154.872213 -37.215561
8295.112747 9154.872213 -50.464725
8345.112747 9154.872213 -62.393024
8395.112747 9154.872213 -72.774078
8445.112747 9154.872213 -81.327782
8495.112747 9154.872213 -87.761414
8545.112747 9154.872213 -91.695885
8595.112747 9154.872213 -92.554871
8645.112747 9154.872213 -89.750511
8695.112747 9154.872213 -83.748749
8745.112747 9154.872213 -75.010048
8795.112747 9154.872213 -63.897549
8845.112747 9154.872213 -50.687645
8895.112747 9154.872213 -35.627560
8945.112747 9154.872213 -18.863705
8995.112747 9154.872213 -0.491149
9045.112747 9154.872213 19.329731
9095.112747 9154.872213 40.515999
9145.112747 9154.872213 63.063145
9195.112747 9154.872213 86.872131
9245.112747 9154.872213 111.891609
9295.112747 9154.872213 138.013458
9345.112747 9154.872213 165.120331
9395.112747 9154.872213 193.177444
9445.112747 9154.872213 222.058960
9495.112747 9154.872213 251.657059
9545.112747 9154.872213 281.742950
9595.112747 9154.872213 312.223846
9645.112747 9154.872213 343.007568
9695.112747 9154.872213 374.003693
9745.112747 9154.872213 405.145172
9795.112747 9154.872213 436.319183
9845.112747 9154.872213 467.368683
9895.112747 9154.872213 498.154663
9945.112747 9154.872213 528.483887
9995.112747 9154.872213 558.123352
10045.112747 9154.872213 586.918884
10095.112747 9154.872213 614.541321
10145.112747 9154.872213 640.628357
10195.112747 9154.872213 664.677246
10245.112747 9154.872213 686.144409
10295.112747 9154.872213 704.406311
10345.112747 9154.872213 718.804016
10395.112747 9154.872213 728.732361
10445.112747 9154.872213 733.780212
10495.112747 9154.872213 733.764954
10545.112747 9154.872213 728.720703
10595.112747 9154.872213 718.821716
10645.112747 9154.872213 704.450562
10695.112747 9154.872213 686.152100
10745.112747 9154.872213 664.560486
10795.112747 9154.872213 640.382690
10845.112747 9154.872213 614.212891
10895.112747 9154.872213 586.555847
10945.112747 9154.872213 557.773804
10995.112747 9154.872213 528.185730
11045.112747 9154.872213 498.000427
11095.112747 9154.872213 467.426971
11145.112747 9154.872213 436.707123
11195.112747 9154.872213 406.037933
11245.112747 9154.872213 375.563690
11295.112747 9154.872213 345.407684
11345.112747 9154.872213 315.813934
11395.112747 9154.872213 287.043762
11445.112747 9154.872213 259.293701
11495.112747 9154.872213 232.749969
11545.112747 9154.872213 207.557083
11595.112747 9154.872213 183.809570
11645.112747 9154.872213 161.519272
11695.112747 9154.872213 140.703583
11745.112747 9154.872213 121.342758
11795.112747 9154.872213 103.390244
11845.112747 9154.872213 86.849487
11895.112747 9154.872213 71.675415
11945.112747 9154.872213 57.877335
11995.112747 9154.872213 45.390221
12045.112747 9154.872213 34.165436
12095.112747 9154.872213 24.191736
12145.112747 9154.872213 15.369405
12195.112747 9154.872213 7.781121
12245.112747 9154.872213 1.462620
12295.112747 9154.872213 -3.599486
12345.112747 9154.872213 -7.370710
12395.112747 9154.872213 -9.873465
12445.112747 9154.872213 -11.192552
12495.112747 9154.872213 -11.468040
12545.112747 9154.872213 -10.863422
12595.112747 9154.872213 -9.454544
12645.112747 9154.872213 -7.296657
12695.112747 9154.872213 -4.443750
12745.112747 9154.872213 -0.988542
12795.112747 9154.872213 3.002974
12845.112747 9154.872213 7.467749
12895.112747 9154.872213 12.324980
12945.112747 9154.872213 17.472052
12995.112747 9154.872213 22.744156
13045.112747 9154.872213 28.041609
13095.112747 9154.872213 33.264690
13145.112747 9154.872213 38.316116
13195.112747 9154.872213 43.050594
13245.112747 9154.872213 47.370079
13295.112747 9154.872213 51.179886
13345.112747 9154.872213 54.447155
13395.112747 9154.872213 57.118977
13445.112747 9154.872213 59.185699
13495.112747 9154.872213 60.602509
13545.112747 9154.872213 61.272289
13595.112747 9154.872213 61.129795
13645.112747 9154.872213 60.175636
13695.112747 9154.872213 58.364281
13745.112747 9154.872213 55.756901
13795.112747 9154.872213 52.454586
13845.112747 9154.872213 48.597153
13895.112747 9154.872213 44.392273
13945.112747 9154.872213 40.010456
13995.112747 9154.872213 35.562057
6545.112747 9204.872213 699.450745
6595.112747 9204.872213 673.304260
6645.112747 9204.872213 647.194031
6695.112747 9204.872213 621.070862
6745.112747 9204.872213 594.936218
6795.112747 9204.872213 568.768127
6845.112747 9204.872213 542.666626
6895.112747 9204.872213 516.727783
6945.112747 9204.872213 491.020233
6995.112747 9204.872213 465.558105
7045.112747 9204.872213 440.420959
7095.112747 9204.872213 415.682281
7145.112747 9204.872213 391.371796
7195.112747 9204.872213 367.489594
7245.112747 9204.872213 344.068420
7295.112747 9204.872213 321.148712
7345.112747 9204.872213 298.761963
7395.112747 9204.872213 276.900391
7445.112747 9204.872213 255.579346
7495.112747 9204.872213 234.780823
7545.112747 9204.872213 214.448532
7595.112747 9204.872213 194.557571
7645.112747 9204.872213 175.080719
7695.112747 9204.872213 155.894409
7745.112747 9204.872213 136.844437
7795.112747 9204.872213 117.863602
7845.112747 9204.872213 98.917000
7895.112747 9204.872213 80.102264
7945.112747 9204.872213 61.544449
7995.112747 9204.872213 43.374043
8045.112747 9204.872213 25.681938
8095.112747 9204.872213 8.586662
8145.112747 9204.872213 -7.755841
8195.112747 9204.872213 -23.111835
8245.112747 9204.872213 -37.347065
8295.112747 9204.872213 -50.336536
8345.112747 9204.872213 -61.980194
8395.112747 9204.872213 -72.053284
8445.112747 9204.872213 -80.270424
8495.112747 9204.872213 -86.340187
8545.112747 9204.872213 -89.929062
8595.112747 9204.872213 -90.588326
8645.112747 9204.872213 -88.105309
8695.112747 9204.872213 -82.561722
8745.112747 9204.872213 -74.236443
8795.112747 9204.872213 -63.468319
8845.112747 9204.872213 -50.560692
8895.112747 9204.872213 -35.744034
8945.112747 9204.872213 -19.187725
8995.112747 9204.872213 -1.038129
9045.112747 9204.872213 18.566938
9095.112747 9204.872213 39.588871
9145.112747 9204.872213 61.957554
9195.112747 9204.872213 85.578720
9245.112747 9204.872213 110.389160
9295.112747 9204.872213 136.289246
9345.112747 9204.872213 163.152969
9395.112747 9204.872213 190.880692
9445.112747 9204.872213 219.393967
9495.112747 9204.872213 248.547165
9545.112747 9204.872213 278.159546
9595.112747 9204.872213 308.124207
9645.112747 9204.872213 338.369904
9695.112747 9204.872213 368.870514
9745.112747 9204.872213 399.460327
9795.112747 9204.872213 430.016754
9845.112747 9204.872213 460.369690
9895.112747 9204.872213 490.369385
9945.112747 9204.872213 519.800354
9995.112747 9204.872213 548.438354
10045.112747 9204.872213 576.059692
10095.112747 9204.872213 602.362427
10145.112747 9204.872213 627.007751
10195.112747 9204.872213 649.468445
10245.112747 9204.872213 669.217285
10295.112747 9204.872213 685.700378
10345.112747 9204.872213 698.392639
10395.112747 9204.872213 706.885071
10445.112747 9204.872213 710.904602
10495.112747 9204.872213 710.384705
10545.112747 9204.872213 705.336182
10595.112747 9204.872213 695.926331
10645.112747 9204.872213 682.387329
10695.112747 9204.872213 665.112366
10745.112747 9204.872213 644.533630
10795.112747 9204.872213 621.226929
10845.112747 9204.872213 595.773926
10895.112747 9204.872213 568.711548
10945.112747 9204.872213 540.454529
10995.112747 9204.872213 511.270721
11045.112747 9204.872213 481.455597
11095.112747 9204.872213 451.188202
11145.112747 9204.872213 420.765045
11195.112747 9204.872213 390.361237
11245.112747 9204.872213 360.116302
11295.112747 9204.872213 330.206940
11345.112747 9204.872213 300.920288
11395.112747 9204.872213 272.447632
11445.112747 9204.872213 245.044266
11495.112747 9204.872213 218.880890
11545.112747 9204.872213 194.132126
11595.112747 9204.872213 170.814941
11645.112747 9204.872213 148.948441
11695.112747 9204.872213 128.565994
11745.112747 9204.872213 109.661263
11795.112747 9204.872213 92.232185
11845.112747 9204.872213 76.191650
11895.112747 9204.872213 61.555645
11945.112747 9204.872213 48.301937
11995.112747 9204.872213 36.417416
12045.112747 9204.872213 25.848900
12095.112747 9204.872213 16.577856
12145.112747 9204.872213 8.526549
12195.112747 9204.872213 1.705824
12245.112747 9204.872213 -3.886233
12295.112747 9204.872213 -8.204763
12345.112747 9204.872213 -11.236315
12395.112747 9204.872213 -12.995521
12445.112747 9204.872213 -13.555619
12495.112747 9204.872213 -13.089035
12545.112747 9204.872213 -11.753987
12595.112747 9204.872213 -9.691642
12645.112747 9204.872213 -6.930243
12695.112747 9204.872213 -3.572346
12745.112747 9204.872213 0.315558
12795.112747 9204.872213 4.661280
12845.112747 9204.872213 9.457541
12895.112747 9204.872213 14.608851
12945.112747 9204.872213 19.979254
12995.112747 9204.872213 25.421864
13045.112747 9204.872213 30.805117
13095.112747 9204.872213 36.051338
13145.112747 9204.872213 41.029427
13195.112747 9204.872213 45.614662
13245.112747 9204.872213 49.679550
13295.112747 9204.872213 53.232410
13345.112747 9204.872213 56.229275
13395.112747 9204.872213 58.628036
13445.112747 9204.872213 60.424774
13495.112747 9204.872213 61.563301
13545.112747 9204.872213 61.920113
13595.112747 9204.872213 61.452171
13645.112747 9204.872213 60.125908
13695.112747 9204.872213 57.956135
13745.112747 9204.872213 54.946793
13795.112747 9204.872213 51.238880
13845.112747 9204.872213 46.999794
13895.112747 9204.872213 42.413364
13945.112747 9204.872213 37.672268
13995.112747 9204.872213 32.867882
6545.112747 9254.872213 722.734192
6595.112747 9254.872213 695.194153
6645.112747 9254.872213 667.638000
6695.112747 9254.872213 640.084045
6745.112747 9254.872213 612.497192
6795.112747 9254.872213 584.976257
6845.112747 9254.872213 557.588501
6895.112747 9254.872213 530.372375
6945.112747 9254.872213 503.385132
6995.112747 9254.872213 476.683655
7045.112747 9254.872213 450.340576
7095.112747 9254.872213 424.413513
7145.112747 9254.872213 398.921844
7195.112747 9254.872213 373.941925
7245.112747 9254.872213 349.502075
7295.112747 9254.872213 325.635223
7345.112747 9254.872213 302.369080
7395.112747 9254.872213 279.728271
7445.112747 9254.872213 257.730774
7495.112747 9254.872213 236.329971
7545.112747 9254.872213 215.514053
7595.112747 9254.872213 195.221939
7645.112747 9254.872213 175.402588
7695.112747 9254.872213 155.960083
7745.112747 9254.872213 136.746078
7795.112747 9254.872213 117.666428
7845.112747 9254.872213 98.675514
7895.112747 9254.872213 79.870483
7945.112747 9254.872213 61.363499
7995.112747 9254.872213 43.280266
8045.112747 9254.872213 25.726406
8095.112747 9254.872213 8.804388
8145.112747 9254.872213 -7.305879
8195.112747 9254.872213 -22.395351
8245.112747 9254.872213 -36.308399
8295.112747 9254.872213 -48.954464
8345.112747 9254.872213 -60.179420
8395.112747 9254.872213 -69.843437
8445.112747 9254.872213 -77.603828
8495.112747 9254.872213 -83.237503
8545.112747 9254.872213 -86.488548
8595.112747 9254.872213 -87.070351
8645.112747 9254.872213 -84.796715
8695.112747 9254.872213 -79.668152
8745.112747 9254.872213 -71.847054
8795.112747 9254.872213 -61.568577
8845.112747 9254.872213 -49.088284
8895.112747 9254.872213 -34.640667
8945.112747 9254.872213 -18.432259
8995.112747 9254.872213 -0.648584
9045.112747 9254.872213 18.646969
9095.112747 9254.872213 39.370693
9145.112747 9254.872213 61.463543
9195.112747 9254.872213 84.781013
9245.112747 9254.872213 109.240707
9295.112747 9254.872213 134.762863
9345.112747 9254.872213 161.250854
9395.112747 9254.872213 188.558655
9445.112747 9254.872213 216.575012
9495.112747 9254.872213 245.169662
9545.112747 9254.872213 274.176361
9595.112747 9254.872213 303.497650
9645.112747 9254.872213 333.116516
9695.112747 9254.872213 362.916595
9745.112747 9254.872213 392.806000
9795.112747 9254.872213 422.560486
9845.112747 9254.872213 452.073242
9895.112747 9254.872213 481.119568
9945.112747 9254.872213 509.458008
9995.112747 9254.872213 536.905823
10045.112747 9254.872213 563.177917
10095.112747 9254.872213 588.011169
10145.112747 9254.872213 611.036011
10195.112747 9254.872213 631.776794
10245.112747 9254.872213 649.734192
10295.112747 9254.872213 664.465332
10345.112747 9254.872213 675.558167
10395.112747 9254.872213 682.735901
10445.112747 9254.872213 685.854553
10495.112747 9254.872213 684.817627
10545.112747 9254.872213 679.719055
10595.112747 9254.872213 670.633911
10645.112747 9254.872213 657.734924
10695.112747 9254.872213 641.271545
10745.112747 9254.872213 621.619812
10795.112747 9254.872213 599.213257
10845.112747 9254.872213 574.593262
10895.112747 9254.872213 548.242737
10945.112747 9254.872213 520.576904
10995.112747 9254.872213 491.951416
11045.112747 9254.872213 462.598938
11095.112747 9254.872213 432.783478
11145.112747 9254.872213 402.752563
11195.112747 9254.872213 372.729584
11245.112747 9254.872213 342.871185
11295.112747 9254.872213 313.348846
11345.112747 9254.872213 284.453705
11395.112747 9254.872213 256.427216
11445.112747 9254.872213 229.448502
11495.112747 9254.872213 203.752136
11545.112747 9254.872213 179.480865
11595.112747 9254.872213 156.679459
11645.112747 9254.872213 135.328018
11695.112747 9254.872213 115.462090
11745.112747 9254.872213 97.114700
11795.112747 9254.872213 80.250671
11845.112747 9254.872213 64.813484
11895.112747 9254.872213 50.778004
11945.112747 9254.872213 38.145527
11995.112747 9254.872213 26.900240
12045.112747 9254.872213 17.033409
12095.112747 9254.872213 8.506467
12145.112747 9254.872213 1.252712
12195.112747 9254.872213 -4.739951
12245.112747 9254.872213 -9.525394
12295.112747 9254.872213 -13.071836
12345.112747 9254.872213 -15.340063
12395.112747 9254.872213 -16.331900
12445.112747 9254.872213 -16.141502
12495.112747 9254.872213 -14.919321
12545.112747 9254.872213 -12.855227
12595.112747 9254.872213 -10.078094
12645.112747 9254.872213 -6.708623
12695.112747 9254.872213 -2.849220
12745.112747 9254.872213 1.464908
12795.112747 9254.872213 6.191432
12845.112747 9254.872213 11.321985
12895.112747 9254.872213 16.756800
12945.112747 9254.872213 22.339134
12995.112747 9254.872213 27.927320
13045.112747 9254.872213 33.381004
13095.112747 9254.872213 38.629906
13145.112747 9254.872213 43.530388
13195.112747 9254.872213 47.947716
13245.112747 9254.872213 51.824741
13295.112747 9254.872213 55.164688
13345.112747 9254.872213 57.950813
13395.112747 9254.872213 60.130741
13445.112747 9254.872213 61.657112
13495.112747 9254.872213 62.474167
13545.112747 9254.872213 62.519966
13595.112747 9254.872213 61.727291
13645.112747 9254.872213 60.069477
13695.112747 9254.872213 57.533504
13745.112747 9254.872213 54.147240
13795.112747 9254.872213 50.086090
13845.112747 9254.872213 45.497471
13895.112747 9254.872213 40.567745
13945.112747 9254.872213 35.458942
13995.112747 9254.872213 30.325045
6545.112747 9304.872213 745.146912
6595.112747 9304.872213 716.203247
6645.112747 9304.872213 687.232300
6695.112747 9304.872213 658.211060
6745.112747 9304.872213 629.208618
6795.112747 9304.872213 600.306519
6845.112747 9304.872213 571.557068
6895.112747 9304.872213 543.063660
6945.112747 9304.872213 514.884949
6995.112747 9304.872213 487.043549
7045.112747 9304.872213 459.603607
7095.112747 9304.872213 432.578796
7145.112747 9304.872213 406.026093
7195.112747 9304.872213 380.010193
7245.112747 9304.872213 354.624451
7295.112747 9304.872213 329.900269
7345.112747 9304.872213 305.834015
7395.112747 9304.872213 282.500092
7445.112747 9304.872213 259.885162
7495.112747 9304.872213 237.983505
7545.112747 9304.872213 216.774765
7595.112747 9304.872213 196.166443
7645.112747 9304.872213 176.073181
7695.112747 9304.872213 156.397385
7745.112747 9304.872213 137.046875
7795.112747 9304.872213 117.914474
7845.112747 9304.872213 98.966484
7895.112747 9304.872213 80.251785
7945.112747 9304.872213 61.870766
7995.112747 9304.872213 43.925579
8045.112747 9304.872213 26.563713
8095.112747 9304.872213 9.915356
8145.112747 9304.872213 -5.858167
8195.112747 9304.872213 -20.567873
8245.112747 9304.872213 -34.082005
8295.112747 9304.872213 -46.309616
8345.112747 9304.872213 -57.096157
8395.112747 9304.872213 -66.243126
8445.112747 9304.872213 -73.555313
8495.112747 9304.872213 -78.774094
8545.112747 9304.872213 -81.738579
8595.112747 9304.872213 -82.253159
8645.112747 9304.872213 -80.152916
8695.112747 9304.872213 -75.400368
8745.112747 9304.872213 -68.064575
8795.112747 9304.872213 -58.317379
8845.112747 9304.872213 -46.350529
8895.112747 9304.872213 -32.375774
8945.112747 9304.872213 -16.659500
8995.112747 9304.872213 0.673767
9045.112747 9304.872213 19.536734
9095.112747 9304.872213 39.881229
9145.112747 9304.872213 61.561806
9195.112747 9304.872213 84.452530
9245.112747 9304.872213 108.437195
9295.112747 9304.872213 133.463470
9345.112747 9304.872213 159.410095
9395.112747 9304.872213 186.158829
9445.112747 9304.872213 213.579498
9495.112747 9304.872213 241.498978
9545.112747 9304.872213 269.795349
9595.112747 9304.872213 298.400757
9645.112747 9304.872213 327.245514
9695.112747 9304.872213 356.253387
9745.112747 9304.872213 385.253632
9795.112747 9304.872213 414.045197
9845.112747 9304.872213 442.521149
9895.112747 9304.872213 470.439880
9945.112747 9304.872213 497.569153
9995.112747 9304.872213 523.639954
10045.112747 9304.872213 548.413147
10095.112747 9304.872213 571.613403
10145.112747 9304.872213 592.912537
10195.112747 9304.872213 611.865540
10245.112747 9304.872213 628.054443
10295.112747 9304.872213 641.096130
10345.112747 9304.872213 650.705444
10395.112747 9304.872213 656.699402
10445.112747 9304.872213 658.934448
10495.112747 9304.872213 657.410461
10545.112747 9304.872213 652.135681
10595.112747 9304.872213 643.250488
10645.112747 9304.872213 630.793518
10695.112747 9304.872213 614.973145
10745.112747 9304.872213 596.131775
10795.112747 9304.872213 574.632385
10845.112747 9304.872213 550.863647
10895.112747 9304.872213 525.289551
10945.112747 9304.872213 498.320129
10995.112747 9304.872213 470.318207
11045.112747 9304.872213 441.577728
11095.112747 9304.872213 412.310516
11145.112747 9304.872213 382.781219
11195.112747 9304.872213 353.255981
11245.112747 9304.872213 323.912415
11295.112747 9304.872213 294.886230
11345.112747 9304.872213 266.483978
11395.112747 9304.872213 238.971786
11445.112747 9304.872213 212.545227
11495.112747 9304.872213 187.386353
11545.112747 9304.872213 163.665421
11595.112747 9304.872213 141.407013
11645.112747 9304.872213 120.647308
11695.112747 9304.872213 101.418373
11745.112747 9304.872213 83.710617
11795.112747 9304.872213 67.495270
11845.112747 9304.872213 52.695946
11895.112747 9304.872213 39.345142
11945.112747 9304.872213 27.418610
11995.112747 9304.872213 16.898512
12045.112747 9304.872213 7.784682
12095.112747 9304.872213 0.048810
12145.112747 9304.872213 -6.374239
12195.112747 9304.872213 -11.531310
12245.112747 9304.872213 -15.460763
12295.112747 9304.872213 -18.191893
12345.112747 9304.872213 -19.661755
12395.112747 9304.872213 -19.864378
12445.112747 9304.872213 -18.926203
12495.112747 9304.872213 -16.973703
12545.112747 9304.872213 -14.179215
12595.112747 9304.872213 -10.713799
12645.112747 9304.872213 -6.712352
12695.112747 9304.872213 -2.302375
12745.112747 9304.872213 2.462457
12795.112747 9304.872213 7.581812
12845.112747 9304.872213 13.017849
12895.112747 9304.872213 18.689751
12945.112747 9304.872213 24.486929
12995.112747 9304.872213 30.203617
13045.112747 9304.872213 35.726360
13095.112747 9304.872213 40.968216
13145.112747 9304.872213 45.796879
13195.112747 9304.872213 50.105339
13245.112747 9304.872213 53.847740
13295.112747 9304.872213 57.023403
13345.112747 9304.872213 59.606815
13395.112747 9304.872213 61.555553
13445.112747 9304.872213 62.813736
13495.112747 9304.872213 63.320225
13545.112747 9304.872213 63.076954
13595.112747 9304.872213 61.976398
13645.112747 9304.872213 59.970325
13695.112747 9304.872213 57.080959
13745.112747 9304.872213 53.379265
13795.112747 9304.872213 49.010876
13845.112747 9304.872213 44.106998
13895.112747 9304.872213 38.842682
13945.112747 9304.872213 33.403858
13995.112747 9304.872213 27.963430
6545.112747 9354.872213 766.719543
6595.112747 9354.872213 736.292603
6645.112747 9354.872213 705.845093
6695.112747 9354.872213 675.383972
6745.112747 9354.872213 644.952332
6795.112747 9354.872213 614.624756
6845.112747 9354.872213 584.493103
6895.112747 9354.872213 554.724182
6945.112747 9354.872213 525.406250
6995.112747 9354.872213 496.524109
7045.112747 9354.872213 468.059540
7095.112747 9354.872213 440.062531
7145.112747 9354.872213 412.544922
7195.112747 9354.872213 385.621735
7245.112747 9354.872213 359.383209
7295.112747 9354.872213 333.899475
7345.112747 9354.872213 309.174194
7395.112747 9354.872213 285.229614
7445.112747 9354.872213 262.126556
7495.112747 9354.872213 239.819458
7545.112747 9354.872213 218.270660
7595.112747 9354.872213 197.398209
7645.112747 9354.872213 177.094910
7695.112747 9354.872213 157.233383
7745.112747 9354.872213 137.768402
7795.112747 9354.872213 118.644234
7845.112747 9354.872213 99.797653
7895.112747 9354.872213 81.232765
7945.112747 9354.872213 63.025494
7995.112747 9354.872213 45.283226
8045.112747 9354.872213 28.175568
8095.112747 9354.872213 11.890241
8145.112747 9354.872213 -3.390143
8195.112747 9354.872213 -17.619358
8245.112747 9354.872213 -30.662649
8295.112747 9354.872213 -42.416939
8345.112747 9354.872213 -52.719265
8395.112747 9354.872213 -61.401443
8445.112747 9354.872213 -68.274651
8495.112747 9354.872213 -73.150490
8545.112747 9354.872213 -75.889664
8595.112747 9354.872213 -76.322701
8645.112747 9354.872213 -74.354485
8695.112747 9354.872213 -69.924164
8745.112747 9354.872213 -63.038288
8795.112747 9354.872213 -53.823036
8845.112747 9354.872213 -42.414104
8895.112747 9354.872213 -29.045874
8945.112747 9354.872213 -13.866476
8995.112747 9354.872213 2.926299
9045.112747 9354.872213 21.261158
9095.112747 9354.872213 41.054829
9145.112747 9354.872213 62.209499
9195.112747 9354.872213 84.551437
9245.112747 9354.872213 107.961784
9295.112747 9354.872213 132.364777
9345.112747 9354.872213 157.669434
9395.112747 9354.872213 183.728668
9445.112747 9354.872213 210.418884
9495.112747 9354.872213 237.572540
9545.112747 9354.872213 265.053802
9595.112747 9354.872213 292.843231
9645.112747 9354.872213 320.824402
9695.112747 9354.872213 348.898529
9745.112747 9354.872213 376.862885
9795.112747 9354.872213 404.539001
9845.112747 9354.872213 431.802887
9895.112747 9354.872213 458.442230
9945.112747 9354.872213 484.193481
9995.112747 9354.872213 508.810547
10045.112747 9354.872213 531.979431
10095.112747 9354.872213 553.442383
10145.112747 9354.872213 572.949524
10195.112747 9354.872213 590.116760
10245.112747 9354.872213 604.573547
10295.112747 9354.872213 616.014771
10345.112747 9354.872213 624.251160
10395.112747 9354.872213 629.108765
10445.112747 9354.872213 630.507690
10495.112747 9354.872213 628.432800
10545.112747 9354.872213 622.940857
10595.112747 9354.872213 614.084656
10645.112747 9354.872213 601.933777
10695.112747 9354.872213 586.661621
10745.112747 9354.872213 568.526245
10795.112747 9354.872213 547.809143
10845.112747 9354.872213 524.868103
10895.112747 9354.872213 500.095581
10945.112747 9354.872213 473.876801
10995.112747 9354.872213 446.587006
11045.112747 9354.872213 418.499268
11095.112747 9354.872213 389.887512
11145.112747 9354.872213 360.975922
11195.112747 9354.872213 332.044861
11245.112747 9354.872213 303.277802
11295.112747 9354.872213 274.844055
11345.112747 9354.872213 247.038498
11395.112747 9354.872213 220.129761
11445.112747 9354.872213 194.334335
11495.112747 9354.872213 169.818054
11545.112747 9354.872213 146.702728
11595.112747 9354.872213 125.078690
11645.112747 9354.872213 104.971664
11695.112747 9354.872213 86.431007
11745.112747 9354.872213 69.434601
11795.112747 9354.872213 53.920471
11845.112747 9354.872213 39.868824
11895.112747 9354.872213 27.280579
11945.112747 9354.872213 16.129171
11995.112747 9354.872213 6.401680
12045.112747 9354.872213 -1.882413
12095.112747 9354.872213 -8.794066
12145.112747 9354.872213 -14.345664
12195.112747 9354.872213 -18.605146
12245.112747 9354.872213 -21.667341
12295.112747 9354.872213 -23.529871
12345.112747 9354.872213 -24.147713
12395.112747 9354.872213 -23.578432
12445.112747 9354.872213 -21.878328
12495.112747 9354.872213 -19.200642
12545.112747 9354.872213 -15.715256
12595.112747 9354.872213 -11.571395
12645.112747 9354.872213 -6.940974
12695.112747 9354.872213 -1.964596
12745.112747 9354.872213 3.298224
12795.112747 9354.872213 8.787861
12845.112747 9354.872213 14.511874
12895.112747 9354.872213 20.413391
12945.112747 9354.872213 26.364077
12995.112747 9354.872213 32.217037
13045.112747 9354.872213 37.815128
13095.112747 9354.872213 43.086704
13145.112747 9354.872213 47.873657
13195.112747 9354.872213 52.107876
13245.112747 9354.872213 55.752853
13295.112747 9354.872213 58.786232
13345.112747 9354.872213 61.136349
13395.112747 9354.872213 62.844860
13445.112747 9354.872213 63.860191
13495.112747 9354.872213 64.117920
13545.112747 9354.872213 63.585899
13595.112747 9354.872213 62.180523
13645.112747 9354.872213 59.836994
13695.112747 9354.872213 56.622116
13745.112747 9354.872213 52.649063
13795.112747 9354.872213 47.993820
13845.112747 9354.872213 42.810966
13895.112747 9354.872213 37.254990
13945.112747 9354.872213 31.524265
13995.112747 9354.872213 25.757412
6545.112747 9404.872213 787.278381
6595.112747 9404.872213 755.311401
6645.112747 9404.872213 723.373291
6695.112747 9404.872213 691.455566
6745.112747 9404.872213 659.577881
6795.112747 9404.872213 627.835205
6845.112747 9404.872213 596.368713
6895.112747 9404.872213 565.355042
6945.112747 9404.872213 534.882385
6995.112747 9404.872213 504.952454
7045.112747 9404.872213 475.561493
7095.112747 9404.872213 446.668945
7145.112747 9404.872213 418.326050
7195.112747 9404.872213 390.643463
7245.112747 9404.872213 363.729950
7295.112747 9404.872213 337.632050
7345.112747 9404.872213 312.342499
7395.112747 9404.872213 287.966278
7445.112747 9404.872213 264.485565
7495.112747 9404.872213 241.856949
7545.112747 9404.872213 220.021271
7595.112747 9404.872213 198.913101
7645.112747 9404.872213 178.422791
7695.112747 9404.872213 158.458420
7745.112747 9404.872213 138.960663
7795.112747 9404.872213 119.862320
7845.112747 9404.872213 101.141327
7895.112747 9404.872213 82.779732
7945.112747 9404.872213 64.814522
7995.112747 9404.872213 47.381607
8045.112747 9404.872213 30.628075
8095.112747 9404.872213 14.802499
8145.112747 9404.872213 0.018249
8195.112747 9404.872213 -13.654164
8245.112747 9404.872213 -26.158348
8295.112747 9404.872213 -37.360165
8345.112747 9404.872213 -47.160072
8395.112747 9404.872213 -55.368336
8445.112747 9404.872213 -61.842979
8495.112747 9404.872213 -66.419662
8545.112747 9404.872213 -68.972610
8595.112747 9404.872213 -69.377968
8645.112747 9404.872213 -67.520935
8695.112747 9404.872213 -63.360870
8745.112747 9404.872213 -56.910652
8795.112747 9404.872213 -48.209564
8845.112747 9404.872213 -37.400867
8895.112747 9404.872213 -24.640676
8945.112747 9404.872213 -10.103711
8995.112747 9404.872213 6.067389
9045.112747 9404.872213 23.745321
9095.112747 9404.872213 42.880699
9145.112747 9404.872213 63.370354
9195.112747 9404.872213 85.068359
9245.112747 9404.872213 107.820732
9295.112747 9404.872213 131.512085
9345.112747 9404.872213 156.036331
9395.112747 9404.872213 181.287537
9445.112747 9404.872213 207.137604
9495.112747 9404.872213 233.413773
9545.112747 9404.872213 260.025848
9595.112747 9404.872213 286.883118
9645.112747 9404.872213 313.882294
9695.112747 9404.872213 340.884277
9745.112747 9404.872213 367.702057
9795.112747 9404.872213 394.134491
9845.112747 9404.872213 420.054718
9895.112747 9404.872213 445.247894
9945.112747 9404.872213 469.515656
9995.112747 9404.872213 492.571655
10045.112747 9404.872213 514.077698
10095.112747 9404.872213 533.795410
10145.112747 9404.872213 551.487915
10195.112747 9404.872213 566.899170
10245.112747 9404.872213 579.720276
10295.112747 9404.872213 589.677490
10345.112747 9404.872213 596.601013
10395.112747 9404.872213 600.379883
10445.112747 9404.872213 600.926514
10495.112747 9404.872213 598.266174
10545.112747 9404.872213 592.473572
10595.112747 9404.872213 583.558594
10645.112747 9404.872213 571.624756
10695.112747 9404.872213 556.769043
10745.112747 9404.872213 539.207642
10795.112747 9404.872213 519.168823
10845.112747 9404.872213 496.961639
10895.112747 9404.872213 472.949799
10945.112747 9404.872213 447.505157
10995.112747 9404.872213 420.907928
11045.112747 9404.872213 393.537079
11095.112747 9404.872213 365.634125
11145.112747 9404.872213 337.434875
11195.112747 9404.872213 309.156708
11245.112747 9404.872213 281.031738
11295.112747 9404.872213 253.289673
11345.112747 9404.872213 226.176346
11395.112747 9404.872213 199.954239
11445.112747 9404.872213 174.875946
11495.112747 9404.872213 151.073792
11545.112747 9404.872213 128.678207
11595.112747 9404.872213 107.751297
11645.112747 9404.872213 88.363884
11695.112747 9404.872213 70.544861
11745.112747 9404.872213 54.287247
11795.112747 9404.872213 39.565823
11845.112747 9404.872213 26.339754
11895.112747 9404.872213 14.582747
11945.112747 9404.872213 4.278398
11995.112747 9404.872213 -4.574301
12045.112747 9404.872213 -11.993263
12095.112747 9404.872213 -18.006069
12145.112747 9404.872213 -22.655602
12195.112747 9404.872213 -25.997494
12245.112747 9404.872213 -28.120438
12295.112747 9404.872213 -29.051886
12345.112747 9404.872213 -28.821394
12395.112747 9404.872213 -27.445967
12445.112747 9404.872213 -24.981462
12495.112747 9404.872213 -21.587484
12545.112747 9404.872213 -17.403000
12595.112747 9404.872213 -12.609945
12645.112747 9404.872213 -7.368736
12695.112747 9404.872213 -1.843770
12745.112747 9404.872213 3.872902
12795.112747 9404.872213 9.755839
12845.112747 9404.872213 15.787510
12895.112747 9404.872213 21.911112
12945.112747 9404.872213 28.014738
12995.112747 9404.872213 33.984482
13045.112747 9404.872213 39.675392
13095.112747 9404.872213 44.972595
13145.112747 9404.872213 49.750641
13195.112747 9404.872213 53.943855
13245.112747 9404.872213 57.504208
13295.112747 9404.872213 60.385372
13345.112747 9404.872213 62.539005
13395.112747 9404.872213 64.017166
13445.112747 9404.872213 64.790901
13495.112747 9404.872213 64.808182
13545.112747 9404.872213 64.002884
13595.112747 9404.872213 62.304771
13645.112747 9404.872213 59.689529
13695.112747 9404.872213 56.223595
13745.112747 9404.872213 51.964989
13795.112747 9404.872213 47.040493
13845.112747 9404.872213 41.597710
13895.112747 9404.872213 35.791725
13945.112747 9404.872213 29.780012
13995.112747 9404.872213 23.725454
6545.112747 9454.872213 806.653503
6595.112747 9454.872213 773.160889
6645.112747 9454.872213 739.679321
6695.112747 9454.872213 706.241760
6745.112747 9454.872213 672.905518
6795.112747 9454.872213 639.791138
6845.112747 9454.872213 607.046143
6895.112747 9454.872213 574.848083
6945.112747 9454.872213 543.250732
6995.112747 9454.872213 512.300720
7045.112747 9454.872213 482.005402
7095.112747 9454.872213 452.325256
7145.112747 9454.872213 423.288116
7195.112747 9454.872213 395.008026
7245.112747 9454.872213 367.574921
7295.112747 9454.872213 341.008514
7345.112747 9454.872213 315.339508
7395.112747 9454.872213 290.653046
7445.112747 9454.872213 266.929077
7495.112747 9454.872213 244.080704
7545.112747 9454.872213 222.028320
7595.112747 9454.872213 200.721405
7645.112747 9454.872213 180.086578
7695.112747 9454.872213 160.062363
7745.112747 9454.872213 140.564377
7795.112747 9454.872213 121.554268
7845.112747 9454.872213 102.990601
7895.112747 9454.872213 84.877632
7945.112747 9454.872213 67.259285
7995.112747 9454.872213 50.227402
8045.112747 9454.872213 33.981651
8095.112747 9454.872213 18.637865
8145.112747 9454.872213 4.374379
8195.112747 9454.872213 -8.762350
8245.112747 9454.872213 -20.662359
8295.112747 9454.872213 -31.298386
8345.112747 9454.872213 -40.553097
8395.112747 9454.872213 -48.282028
8445.112747 9454.872213 -54.348843
8495.112747 9454.872213 -58.648891
8545.112747 9454.872213 -61.059875
8595.112747 9454.872213 -61.444817
8645.112747 9454.872213 -59.730659
8695.112747 9454.872213 -55.853786
8745.112747 9454.872213 -49.795292
8795.112747 9454.872213 -41.622650
8845.112747 9454.872213 -31.393848
8895.112747 9454.872213 -19.274679
8945.112747 9454.872213 -5.437996
8995.112747 9454.872213 10.015717
9045.112747 9454.872213 26.978609
9095.112747 9454.872213 45.356907
9145.112747 9454.872213 65.070427
9195.112747 9454.872213 86.011162
9245.112747 9454.872213 108.007286
9295.112747 9454.872213 130.891953
9345.112747 9454.872213 154.543961
9395.112747 9454.872213 178.875504
9445.112747 9454.872213 203.789581
9495.112747 9454.872213 229.121780
9545.112747 9454.872213 254.750748
9595.112747 9454.872213 280.594238
9645.112747 9454.872213 306.497650
9695.112747 9454.872213 332.324005
9745.112747 9454.872213 357.893219
9795.112747 9454.872213 382.986572
9845.112747 9454.872213 407.426453
9895.112747 9454.872213 431.089905
9945.112747 9454.872213 453.736694
9995.112747 9454.872213 475.107239
10045.112747 9454.872213 494.906342
10095.112747 9454.872213 512.895996
10145.112747 9454.872213 528.853577
10195.112747 9454.872213 542.569214
10245.112747 9454.872213 553.840698
10295.112747 9454.872213 562.405029
10345.112747 9454.872213 568.090088
10395.112747 9454.872213 570.811829
10445.112747 9454.872213 570.562256
10495.112747 9454.872213 567.323547
10545.112747 9454.872213 561.120544
10595.112747 9454.872213 552.067566
10645.112747 9454.872213 540.222473
10695.112747 9454.872213 525.664612
10745.112747 9454.872213 508.539490
10795.112747 9454.872213 489.040894
10845.112747 9454.872213 467.481659
10895.112747 9454.872213 444.161743
10945.112747 9454.872213 419.388794
10995.112747 9454.872213 393.522034
11045.112747 9454.872213 366.876526
11095.112747 9454.872213 339.737335
11145.112747 9454.872213 312.280975
11195.112747 9454.872213 284.721954
11245.112747 9454.872213 257.322021
11295.112747 9454.872213 230.324112
11345.112747 9454.872213 203.988342
11395.112747 9454.872213 178.548630
11445.112747 9454.872213 154.255203
11495.112747 9454.872213 131.240570
11545.112747 9454.872213 109.596123
11595.112747 9454.872213 89.442879
11645.112747 9454.872213 70.838310
11695.112747 9454.872213 53.813210
11745.112747 9454.872213 38.377190
11795.112747 9454.872213 24.503199
11845.112747 9454.872213 12.144410
11895.112747 9454.872213 1.286427
11945.112747 9454.872213 -8.112065
11995.112747 9454.872213 -16.042801
12045.112747 9454.872213 -22.533625
12095.112747 9454.872213 -27.623095
12145.112747 9454.872213 -31.328058
12195.112747 9454.872213 -33.710316
12245.112747 9454.872213 -34.838345
12295.112747 9454.872213 -34.821316
12345.112747 9454.872213 -33.675549
12395.112747 9454.872213 -31.457624
12445.112747 9454.872213 -28.230326
12495.112747 9454.872213 -24.110117
12545.112747 9454.872213 -19.250322
12595.112747 9454.872213 -13.806315
12645.112747 9454.872213 -7.982558
12695.112747 9454.872213 -1.942729
12745.112747 9454.872213 4.231358
12795.112747 9454.872213 10.508521
12845.112747 9454.872213 16.835850
12895.112747 9454.872213 23.167067
12945.112747 9454.872213 29.447559
12995.112747 9454.872213 35.528725
13045.112747 9454.872213 41.293690
13095.112747 9454.872213 46.610947
13145.112747 9454.872213 51.424152
13195.112747 9454.872213 55.587681
13245.112747 9454.872213 59.062908
13295.112747 9454.872213 61.788589
13345.112747 9454.872213 63.790646
13395.112747 9454.872213 65.049316
13445.112747 9454.872213 65.611900
13495.112747 9454.872213 65.377731
13545.112747 9454.872213 64.298531
13595.112747 9454.872213 62.355026
13645.112747 9454.872213 59.533039
13695.112747 9454.872213 55.826107
13745.112747 9454.872213 51.341423
13795.112747 9454.872213 46.176586
13845.112747 9454.872213 40.486984
13895.112747 9454.872213 34.445469
13945.112747 9454.872213 28.205439
13995.112747 9454.872213 21.881239
6545.112747 9504.872213 824.666870
6595.112747 9504.872213 789.621094
6645.112747 9504.872213 754.576721
6695.112747 9504.872213 719.584290
6745.112747 9504.872213 684.780334
6795.112747 9504.872213 650.313965
6845.112747 9504.872213 616.357483
6895.112747 9504.872213 583.018799
6945.112747 9504.872213 550.387329
6995.112747 9504.872213 518.509521
7045.112747 9504.872213 487.384949
7095.112747 9504.872213 457.012482
7145.112747 9504.872213 427.430328
7195.112747 9504.872213 398.701904
7245.112747 9504.872213 370.895447
7295.112747 9504.872213 344.008392
7345.112747 9504.872213 318.097717
7395.112747 9504.872213 293.231171
7445.112747 9504.872213 269.364838
7495.112747 9504.872213 246.372360
7545.112747 9504.872213 224.205215
7595.112747 9504.872213 202.763977
7645.112747 9504.872213 182.060623
7695.112747 9504.872213 162.011719
7745.112747 9504.872213 142.588303
7795.112747 9504.872213 123.722733
7845.112747 9504.872213 105.392403
7895.112747 9504.872213 87.596703
7945.112747 9504.872213 70.379807
7995.112747 9504.872213 53.851326
8045.112747 9504.872213 38.137589
8095.112747 9504.872213 23.352873
8145.112747 9504.872213 9.614369
8195.112747 9504.872213 -2.949100
8245.112747 9504.872213 -14.294559
8295.112747 9504.872213 -24.351507
8345.112747 9504.872213 -33.052109
8395.112747 9504.872213 -40.282047
8445.112747 9504.872213 -45.954880
8495.112747 9504.872213 -49.978092
8545.112747 9504.872213 -52.241833
8595.112747 9504.872213 -52.610977
8645.112747 9504.872213 -51.039795
8695.112747 9504.872213 -47.447468
8745.112747 9504.872213 -41.804634
8795.112747 9504.872213 -34.146442
8845.112747 9504.872213 -24.524197
8895.112747 9504.872213 -13.067703
8945.112747 9504.872213 0.046249
8995.112747 9504.872213 14.716403
9045.112747 9504.872213 30.872353
9095.112747 9504.872213 48.442741
9145.112747 9504.872213 67.320892
9195.112747 9504.872213 87.401237
9245.112747 9504.872213 108.519371
9295.112747 9504.872213 130.511139
9345.112747 9504.872213 153.201111
9395.112747 9504.872213 176.568756
9445.112747 9504.872213 200.468079
9495.112747 9504.872213 224.760452
9545.112747 9504.872213 249.310638
9595.112747 9504.872213 274.037659
9645.112747 9504.872213 298.739716
9695.112747 9504.872213 323.297089
9745.112747 9504.872213 347.520660
9795.112747 9504.872213 371.194275
9845.112747 9504.872213 394.130829
9895.112747 9504.872213 416.161530
9945.112747 9504.872213 437.096466
9995.112747 9504.872213 456.680450
10045.112747 9504.872213 474.719360
10095.112747 9504.872213 491.004944
10145.112747 9504.872213 505.299835
10195.112747 9504.872213 517.426697
10245.112747 9504.872213 527.194580
10295.112747 9504.872213 534.418030
10345.112747 9504.872213 538.928650
10395.112747 9504.872213 540.675293
10445.112747 9504.872213 539.623169
10495.112747 9504.872213 535.791992
10545.112747 9504.872213 529.161499
10595.112747 9504.872213 519.892151
10645.112747 9504.872213 508.037964
10695.112747 9504.872213 493.632660
10745.112747 9504.872213 476.787933
10795.112747 9504.872213 457.745178
10845.112747 9504.872213 436.705353
10895.112747 9504.872213 413.997070
10945.112747 9504.872213 389.871460
10995.112747 9504.872213 364.684967
11045.112747 9504.872213 338.755676
11095.112747 9504.872213 312.349915
11145.112747 9504.872213 285.646271
11195.112747 9504.872213 258.852600
11245.112747 9504.872213 232.242157
11295.112747 9504.872213 206.075531
11345.112747 9504.872213 180.583725
11395.112747 9504.872213 156.003998
11445.112747 9504.872213 132.542206
11495.112747 9504.872213 110.354965
11545.112747 9504.872213 89.528534
11595.112747 9504.872213 70.198128
11645.112747 9504.872213 52.456573
11695.112747 9504.872213 36.314960
11745.112747 9504.872213 21.775743
11795.112747 9504.872213 8.808047
11845.112747 9504.872213 -2.626462
11895.112747 9504.872213 -12.550854
11945.112747 9504.872213 -21.009283
11995.112747 9504.872213 -27.985220
12045.112747 9504.872213 -33.516048
12095.112747 9504.872213 -37.637039
12145.112747 9504.872213 -40.382343
12195.112747 9504.872213 -41.758999
12245.112747 9504.872213 -41.908112
12295.112747 9504.872213 -40.867802
12345.112747 9504.872213 -38.763287
12395.112747 9504.872213 -35.645382
12445.112747 9504.872213 -31.616823
12495.112747 9504.872213 -26.773508
12545.112747 9504.872213 -21.247530
12595.112747 9504.872213 -15.181155
12645.112747 9504.872213 -8.784026
12695.112747 9504.872213 -2.225794
12745.112747 9504.872213 4.399323
12795.112747 9504.872213 11.072244
12845.112747 9504.872213 17.697832
12895.112747 9504.872213 24.228308
12945.112747 9504.872213 30.629560
12995.112747 9504.872213 36.834240
13045.112747 9504.872213 42.664925
13095.112747 9504.872213 48.040501
13145.112747 9504.872213 52.848385
13195.112747 9504.872213 56.986919
13245.112747 9504.872213 60.383144
13295.112747 9504.872213 63.007721
13345.112747 9504.872213 64.856163
13395.112747 9504.872213 65.949387
13445.112747 9504.872213 66.296913
13495.112747 9504.872213 65.822128
13545.112747 9504.872213 64.480545
13595.112747 9504.872213 62.300636
13645.112747 9504.872213 59.307114
13695.112747 9504.872213 55.450111
13745.112747 9504.872213 50.763954
13795.112747 9504.872213 45.394676
13845.112747 9504.872213 39.497787
13895.112747 9504.872213 33.260563
13945.112747 9504.872213 26.815874
13995.112747 9504.872213 20.256140
6545.112747 9554.872213 841.023376
6595.112747 9554.872213 804.391968
6645.112747 9554.872213 767.767639
6695.112747 9554.872213 731.243713
6745.112747 9554.872213 695.000305
6795.112747 9554.872213 659.239929
6845.112747 9554.872213 624.110291
6895.112747 9554.872213 589.761414
6945.112747 9554.872213 556.204712
6995.112747 9554.872213 523.528870
7045.112747 9554.872213 491.731049
7095.112747 9554.872213 460.793854
7145.112747 9554.872213 430.773376
7195.112747 9554.872213 401.710388
7245.112747 9554.872213 373.646912
7295.112747 9554.872213 346.588043
7345.112747 9554.872213 320.538940
7395.112747 9554.872213 295.584595
7445.112747 9554.872213 271.630859
7495.112747 9554.872213 248.625900
7545.112747 9554.872213 226.434723
7595.112747 9554.872213 205.013184
7645.112747 9554.872213 184.296432
7695.112747 9554.872213 164.325424
7745.112747 9554.872213 145.023819
7795.112747 9554.872213 126.364525
7845.112747 9554.872213 108.357567
7895.112747 9554.872213 90.940437
7945.112747 9554.872213 74.193176
7995.112747 9554.872213 58.213856
8045.112747 9554.872213 43.084030
8095.112747 9554.872213 28.865648
8145.112747 9554.872213 15.722618
8195.112747 9554.872213 3.711966
8245.112747 9554.872213 -7.103571
8295.112747 9554.872213 -16.632267
8345.112747 9554.872213 -24.796202
8395.112747 9554.872213 -31.557440
8445.112747 9554.872213 -36.839619
8495.112747 9554.872213 -40.561470
8545.112747 9554.872213 -42.647820
8595.112747 9554.872213 -43.015335
8645.112747 9554.872213 -41.553158
8695.112747 9554.872213 -38.246223
8745.112747 9554.872213 -33.025200
8795.112747 9554.872213 -25.879345
8845.112747 9554.872213 -16.869228
8895.112747 9554.872213 -6.113519
8945.112747 9554.872213 6.245531
8995.112747 9554.872213 20.109880
9045.112747 9554.872213 35.405025
9095.112747 9554.872213 52.086151
9145.112747 9554.872213 70.059113
9195.112747 9554.872213 89.191734
9245.112747 9554.872213 109.337540
9295.112747 9554.872213 130.344101
9345.112747 9554.872213 152.074799
9395.112747 9554.872213 174.384171
9445.112747 9554.872213 197.215027
9495.112747 9554.872213 220.384567
9545.112747 9554.872213 243.758209
9595.112747 9554.872213 267.217682
9645.112747 9554.872213 290.646179
9695.112747 9554.872213 313.851135
9745.112747 9554.872213 336.657532
9795.112747 9554.872213 358.871155
9845.112747 9554.872213 380.246185
9895.112747 9554.872213 400.581879
9945.112747 9554.872213 419.735687
9995.112747 9554.872213 437.548920
10045.112747 9554.872213 453.838226
10095.112747 9554.872213 468.418335
10145.112747 9554.872213 481.096802
10195.112747 9554.872213 491.704437
10245.112747 9554.872213 500.016144
10295.112747 9554.872213 505.916870
10345.112747 9554.872213 509.314148
10395.112747 9554.872213 510.103241
10445.112747 9554.872213 508.307190
10495.112747 9554.872213 503.856720
10545.112747 9554.872213 496.813080
10595.112747 9554.872213 487.243622
10645.112747 9554.872213 475.272064
10695.112747 9554.872213 460.898224
10745.112747 9554.872213 444.277130
10795.112747 9554.872213 425.556122
10845.112747 9554.872213 404.966125
10895.112747 9554.872213 382.751129
10945.112747 9554.872213 359.212341
10995.112747 9554.872213 334.641724
11045.112747 9554.872213 309.378021
11095.112747 9554.872213 283.677063
11145.112747 9554.872213 257.714874
11195.112747 9554.872213 231.693619
11245.112747 9554.872213 205.924988
11295.112747 9554.872213 180.669403
11345.112747 9554.872213 156.068558
11395.112747 9554.872213 132.367416
11445.112747 9554.872213 109.798805
11495.112747 9554.872213 88.483505
11545.112747 9554.872213 68.513443
11595.112747 9554.872213 50.068829
11645.112747 9554.872213 33.257317
11695.112747 9554.872213 18.075563
11745.112747 9554.872213 4.501446
11795.112747 9554.872213 -7.490267
11845.112747 9554.872213 -17.932974
11895.112747 9554.872213 -26.902266
11945.112747 9554.872213 -34.368813
11995.112747 9554.872213 -40.359715
12045.112747 9554.872213 -44.890091
12095.112747 9554.872213 -48.030411
12145.112747 9554.872213 -49.773567
12195.112747 9554.872213 -50.207497
12245.112747 9554.872213 -49.317879
12295.112747 9554.872213 -47.239201
12345.112747 9554.872213 -44.104809
12395.112747 9554.872213 -40.071369
12445.112747 9554.872213 -35.203476
12495.112747 9554.872213 -29.611053
12545.112747 9554.872213 -23.417402
12595.112747 9554.872213 -16.722466
12645.112747 9554.872213 -9.756070
12695.112747 9554.872213 -2.683264
12745.112747 9554.872213 4.401740
12795.112747 9554.872213 11.470526
12845.112747 9554.872213 18.380674
12895.112747 9554.872213 25.102303
12945.112747 9554.872213 31.635340
12995.112747 9554.872213 37.910114
13045.112747 9554.872213 43.817871
13095.112747 9554.872213 49.224880
13145.112747 9554.872213 54.020485
13195.112747 9554.872213 58.124851
13245.112747 9554.872213 61.468784
13295.112747 9554.872213 64.012459
13345.112747 9554.872213 65.717674
13395.112747 9554.872213 66.654732
13445.112747 9554.872213 66.810699
13495.112747 9554.872213 66.113617
13545.112747 9554.872213 64.538475
13595.112747 9554.872213 62.175518
13645.112747 9554.872213 59.021744
13695.112747 9554.872213 55.037151
13745.112747 9554.872213 50.234394
13795.112747 9554.872213 44.691013
13845.112747 9554.872213 38.634209
13895.112747 9554.872213 32.229977
13945.112747 9554.872213 25.614321
13995.112747 9554.872213 18.879004
6545.112747 9604.872213 855.407837
6595.112747 9604.872213 817.130737
6645.112747 9604.872213 778.926758
6695.112747 9604.872213 740.925781
6745.112747 9604.872213 703.322327
6795.112747 9604.872213 666.355530
6845.112747 9604.872213 630.238770
6895.112747 9604.872213 595.007813
6945.112747 9604.872213 560.701416
6995.112747 9604.872213 527.374023
7045.112747 9604.872213 495.044769
7095.112747 9604.872213 463.666321
7145.112747 9604.872213 433.304077
7195.112747 9604.872213 404.025269
7245.112747 9604.872213 375.823547
7295.112747 9604.872213 348.682495
7345.112747 9604.872213 322.626495
7395.112747 9604.872213 297.641907
7445.112747 9604.872213 273.701202
7495.112747 9604.872213 250.733398
7545.112747 9604.872213 228.653137
7595.112747 9604.872213 207.342804
7645.112747 9604.872213 186.766602
7695.112747 9604.872213 166.932877
7745.112747 9604.872213 147.836594
7795.112747 9604.872213 129.490585
7845.112747 9604.872213 111.845375
7895.112747 9604.872213 94.897079
7945.112747 9604.872213 78.678085
7995.112747 9604.872213 63.287342
8045.112747 9604.872213 48.751709
8095.112747 9604.872213 35.197510
8145.112747 9604.872213 22.640247
8195.112747 9604.872213 11.151080
8245.112747 9604.872213 0.834732
8295.112747 9604.872213 -8.203951
8345.112747 9604.872213 -15.916243
8395.112747 9604.872213 -22.239849
8445.112747 9604.872213 -27.137573
8495.112747 9604.872213 -30.580313
8545.112747 9604.872213 -32.486973
8595.112747 9604.872213 -32.787773
8645.112747 9604.872213 -31.423349
8695.112747 9604.872213 -28.350328
8745.112747 9604.872213 -23.511442
8795.112747 9604.872213 -16.889851
8845.112747 9604.872213 -8.516051
8895.112747 9604.872213 1.519054
8945.112747 9604.872213 13.084730
8995.112747 9604.872213 26.103500
9045.112747 9604.872213 40.527191
9095.112747 9604.872213 56.270538
9145.112747 9604.872213 73.250786
9195.112747 9604.872213 91.347786
9245.112747 9604.872213 110.459259
9295.112747 9604.872213 130.437164
9345.112747 9604.872213 151.124344
9395.112747 9604.872213 172.354599
9445.112747 9604.872213 194.029633
9495.112747 9604.872213 215.983444
9545.112747 9604.872213 238.101608
9595.112747 9604.872213 260.225250
9645.112747 9604.872213 282.279602
9695.112747 9604.872213 304.070038
9745.112747 9604.872213 325.413666
9795.112747 9604.872213 346.082733
9845.112747 9604.872213 365.821808
9895.112747 9604.872213 384.454254
9945.112747 9604.872213 401.860504
9995.112747 9604.872213 417.915588
10045.112747 9604.872213 432.486145
10095.112747 9604.872213 445.386597
10145.112747 9604.872213 456.486206
10195.112747 9604.872213 465.579620
10245.112747 9604.872213 472.500275
10295.112747 9604.872213 477.129608
10345.112747 9604.872213 479.420502
10395.112747 9604.872213 479.308594
10445.112747 9604.872213 476.744232
10495.112747 9604.872213 471.706604
10545.112747 9604.872213 464.201904
10595.112747 9604.872213 454.319427
10645.112747 9604.872213 442.145935
10695.112747 9604.872213 427.738312
10745.112747 9604.872213 411.212311
10795.112747 9604.872213 392.735138
10845.112747 9604.872213 372.475067
10895.112747 9604.872213 350.684753
10945.112747 9604.872213 327.643768
10995.112747 9604.872213 303.653046
11045.112747 9604.872213 278.995483
11095.112747 9604.872213 253.971954
11145.112747 9604.872213 228.739227
11195.112747 9604.872213 203.515121
11245.112747 9604.872213 178.587006
11295.112747 9604.872213 154.202667
11345.112747 9604.872213 130.510147
11395.112747 9604.872213 107.722488
11445.112747 9604.872213 86.070015
11495.112747 9604.872213 65.657608
11545.112747 9604.872213 46.604656
11595.112747 9604.872213 29.087065
11645.112747 9604.872213 13.245413
11695.112747 9604.872213 -0.921371
11745.112747 9604.872213 -13.456436
11795.112747 9604.872213 -24.396175
11845.112747 9604.872213 -33.805744
11895.112747 9604.872213 -41.732292
11945.112747 9604.872213 -48.182514
11995.112747 9604.872213 -53.139900
12045.112747 9604.872213 -56.653870
12095.112747 9604.872213 -58.771675
12145.112747 9604.872213 -59.511795
12195.112747 9604.872213 -58.912968
12245.112747 9604.872213 -57.002823
12295.112747 9604.872213 -53.897766
12345.112747 9604.872213 -49.772160
12395.112747 9604.872213 -44.778698
12445.112747 9604.872213 -39.033916
12495.112747 9604.872213 -32.677277
12545.112747 9604.872213 -25.796532
12595.112747 9604.872213 -18.504494
12645.112747 9604.872213 -10.939247
12695.112747 9604.872213 -3.311392
12745.112747 9604.872213 4.253754
12795.112747 9604.872213 11.691698
12845.112747 9604.872213 18.920364
12895.112747 9604.872213 25.854486
12945.112747 9604.872213 32.493748
12995.112747 9604.872213 38.832756
13045.112747 9604.872213 44.747879
13095.112747 9604.872213 50.151833
13145.112747 9604.872213 54.964684
13195.112747 9604.872213 59.047894
13245.112747 9604.872213 62.322666
13295.112747 9604.872213 64.739700
13345.112747 9604.872213 66.317993
13395.112747 9604.872213 67.104179
13445.112747 9604.872213 67.086975
13495.112747 9604.872213 66.223717
13545.112747 9604.872213 64.505165
13595.112747 9604.872213 61.996376
13645.112747 9604.872213 58.705322
13695.112747 9604.872213 54.595406
13745.112747 9604.872213 49.675987
13795.112747 9604.872213 44.047596
13845.112747 9604.872213 37.879047
13895.112747 9604.872213 31.359161
13945.112747 9604.872213 24.612749
13995.112747 9604.872213 17.751696
6545.112747 9654.872213 867.456360
6595.112747 9654.872213 827.523865
6645.112747 9654.872213 787.735168
6695.112747 9654.872213 748.319153
6745.112747 9654.872213 709.525146
6795.112747 9654.872213 671.584839
6845.112747 9654.872213 634.660522
6895.112747 9654.872213 598.738647
6945.112747 9654.872213 563.843323
6995.112747 9654.872213 530.038635
7045.112747 9654.872213 497.287964
7095.112747 9654.872213 465.580719
7145.112747 9654.872213 435.047607
7195.112747 9654.872213 405.676270
7245.112747 9654.872213 377.433289
7295.112747 9654.872213 350.319885
7345.112747 9654.872213 324.330078
7395.112747 9654.872213 299.425934
7445.112747 9654.872213 275.559845
7495.112747 9654.872213 252.687469
7545.112747 9654.872213 230.752777
7595.112747 9654.872213 209.670303
7645.112747 9654.872213 189.355637
7695.112747 9654.872213 169.795776
7745.112747 9654.872213 151.034103
7795.112747 9654.872213 133.051163
7845.112747 9654.872213 115.845474
7895.112747 9654.872213 99.410172
7945.112747 9654.872213 83.773750
7995.112747 9654.872213 68.995735
8045.112747 9654.872213 55.135128
8095.112747 9654.872213 42.237057
8145.112747 9654.872213 30.280794
8195.112747 9654.872213 19.299078
8245.112747 9654.872213 9.459286
8295.112747 9654.872213 0.840776
8345.112747 9654.872213 -6.455484
8395.112747 9654.872213 -12.375536
8445.112747 9654.872213 -16.938831
8495.112747 9654.872213 -20.105433
8545.112747 9654.872213 -21.831646
8595.112747 9654.872213 -22.053572
8645.112747 9654.872213 -20.733404
8695.112747 9654.872213 -17.856609
8745.112747 9654.872213 -13.365187
8795.112747 9654.872213 -7.227704
8845.112747 9654.872213 0.516583
8895.112747 9654.872213 9.804250
8945.112747 9654.872213 20.540146
8995.112747 9654.872213 32.673038
9045.112747 9654.872213 46.175148
9095.112747 9654.872213 60.934784
9145.112747 9654.872213 76.847717
9195.112747 9654.872213 93.881882
9245.112747 9654.872213 111.921600
9295.112747 9654.872213 130.813644
9345.112747 9654.872213 150.370438
9395.112747 9654.872213 170.457275
9445.112747 9654.872213 190.905075
9495.112747 9654.872213 211.600388
9545.112747 9654.872213 232.378647
9595.112747 9654.872213 253.130203
9645.112747 9654.872213 273.720367
9695.112747 9654.872213 294.024841
9745.112747 9654.872213 313.828430
9795.112747 9654.872213 332.877167
9845.112747 9654.872213 350.947479
9895.112747 9654.872213 367.893188
9945.112747 9654.872213 383.598755
9995.112747 9654.872213 397.967834
10045.112747 9654.872213 410.877625
10095.112747 9654.872213 422.168335
10145.112747 9654.872213 431.696350
10195.112747 9654.872213 439.304718
10245.112747 9654.872213 444.852997
10295.112747 9654.872213 448.281769
10345.112747 9654.872213 449.503845
10395.112747 9654.872213 448.445587
10445.112747 9654.872213 445.122589
10495.112747 9654.872213 439.477295
10545.112747 9654.872213 431.496918
10595.112747 9654.872213 421.238739
10645.112747 9654.872213 408.841827
10695.112747 9654.872213 394.353271
10745.112747 9654.872213 377.885590
10795.112747 9654.872213 359.549988
10845.112747 9654.872213 339.559631
10895.112747 9654.872213 318.114502
10945.112747 9654.872213 295.462219
10995.112747 9654.872213 271.957123
11045.112747 9654.872213 247.876892
11095.112747 9654.872213 223.476898
11145.112747 9654.872213 198.956970
11195.112747 9654.872213 174.493225
11245.112747 9654.872213 150.390732
11295.112747 9654.872213 126.844887
11345.112747 9654.872213 104.061539
11395.112747 9654.872213 82.224129
11445.112747 9654.872213 61.489620
11495.112747 9654.872213 41.995041
11545.112747 9654.872213 23.901434
11595.112747 9654.872213 7.383461
11645.112747 9654.872213 -7.450962
11695.112747 9654.872213 -20.591930
11745.112747 9654.872213 -32.064598
11795.112747 9654.872213 -41.913216
11845.112747 9654.872213 -50.229713
11895.112747 9654.872213 -57.042576
11945.112747 9654.872213 -62.392735
11995.112747 9654.872213 -66.301147
12045.112747 9654.872213 -68.793701
12095.112747 9654.872213 -69.867195
12145.112747 9654.872213 -69.543434
12195.112747 9654.872213 -67.855759
12245.112747 9654.872213 -64.901138
12295.112747 9654.872213 -60.794567
12345.112747 9654.872213 -55.705158
12395.112747 9654.872213 -49.777493
12445.112747 9654.872213 -43.189659
12495.112747 9654.872213 -36.050995
12545.112747 9654.872213 -28.454552
12595.112747 9654.872213 -20.530071
12645.112747 9654.872213 -12.390698
12695.112747 9654.872213 -4.202302
12745.112747 9654.872213 3.876825
12795.112747 9654.872213 11.747092
12845.112747 9654.872213 19.295197
12895.112747 9654.872213 26.473051
12945.112747 9654.872213 33.249657
12995.112747 9654.872213 39.616325
13045.112747 9654.872213 45.540634
13095.112747 9654.872213 50.931599
13145.112747 9654.872213 55.691364
13195.112747 9654.872213 59.715153
13245.112747 9654.872213 62.895447
13295.112747 9654.872213 65.186409
13345.112747 9654.872213 66.636543
13395.112747 9654.872213 67.289131
13445.112747 9654.872213 67.119194
13495.112747 9654.872213 66.120445
13545.112747 9654.872213 64.338280
13595.112747 9654.872213 61.741009
13645.112747 9654.872213 58.333820
13695.112747 9654.872213 54.110661
13745.112747 9654.872213 49.106991
13795.112747 9654.872213 43.430698
13845.112747 9654.872213 37.234741
13895.112747 9654.872213 30.664152
13945.112747 9654.872213 23.826187
13995.112747 9654.872213 16.868015
6545.112747 9704.872213 876.625977
6595.112747 9704.872213 835.046021
6645.112747 9704.872213 793.775574
6695.112747 9704.872213 753.141785
6745.112747 9704.872213 713.418396
6795.112747 9704.872213 674.799866
6845.112747 9704.872213 637.305786
6895.112747 9704.872213 600.923523
6945.112747 9704.872213 565.652344
6995.112747 9704.872213 531.530151
7045.112747 9704.872213 498.499664
7095.112747 9704.872213 466.613953
7145.112747 9704.872213 436.000000
7195.112747 9704.872213 406.654541
7245.112747 9704.872213 378.491333
7295.112747 9704.872213 351.486664
7345.112747 9704.872213 325.669586
7395.112747 9704.872213 300.922394
7445.112747 9704.872213 277.200500
7495.112747 9704.872213 254.497040
7545.112747 9704.872213 232.770782
7595.112747 9704.872213 211.956451
7645.112747 9704.872213 192.015121
7695.112747 9704.872213 172.869095
7745.112747 9704.872213 154.523102
7795.112747 9704.872213 136.996063
7845.112747 9704.872213 120.297279
7895.112747 9704.872213 104.419724
7945.112747 9704.872213 89.404198
7995.112747 9704.872213 75.288666
8045.112747 9704.872213 62.121662
8095.112747 9704.872213 49.893925
8145.112747 9704.872213 38.513668
8195.112747 9704.872213 28.078096
8245.112747 9704.872213 18.664391
8295.112747 9704.872213 10.456619
8345.112747 9704.872213 3.573018
8395.112747 9704.872213 -2.002495
8445.112747 9704.872213 -6.263453
8495.112747 9704.872213 -9.184011
8545.112747 9704.872213 -10.708639
8595.112747 9704.872213 -10.829968
8645.112747 9704.872213 -9.548614
8695.112747 9704.872213 -6.853404
8745.112747 9704.872213 -2.671040
8795.112747 9704.872213 3.020576
8845.112747 9704.872213 10.154722
8895.112747 9704.872213 18.683760
8945.112747 9704.872213 28.583277
8995.112747 9704.872213 39.813721
9045.112747 9704.872213 52.321083
9095.112747 9704.872213 66.042717
9145.112747 9704.872213 80.858437
9195.112747 9704.872213 96.789894
9245.112747 9704.872213 113.727226
9295.112747 9704.872213 131.470581
9345.112747 9704.872213 149.857178
9395.112747 9704.872213 168.691879
9445.112747 9704.872213 187.862717
9495.112747 9704.872213 207.249207
9545.112747 9704.872213 226.663528
9595.112747 9704.872213 245.970291
9645.112747 9704.872213 265.072754
9695.112747 9704.872213 283.806946
9745.112747 9704.872213 301.967407
9795.112747 9704.872213 319.350098
9845.112747 9704.872213 335.745270
9895.112747 9704.872213 351.016388
9945.112747 9704.872213 365.090851
9995.112747 9704.872213 377.869141
10045.112747 9704.872213 389.202423
10095.112747 9704.872213 398.939331
10145.112747 9704.872213 406.955414
10195.112747 9704.872213 413.139893
10245.112747 9704.872213 417.340851
10295.112747 9704.872213 419.546417
10345.112747 9704.872213 419.690765
10395.112747 9704.872213 417.724915
10445.112747 9704.872213 413.634918
10495.112747 9704.872213 407.363953
10545.112747 9704.872213 398.875885
10595.112747 9704.872213 388.239563
10645.112747 9704.872213 375.566650
10695.112747 9704.872213 360.960541
10745.112747 9704.872213 344.493164
10795.112747 9704.872213 326.291382
10845.112747 9704.872213 306.483765
10895.112747 9704.872213 285.280426
10945.112747 9704.872213 262.973358
10995.112747 9704.872213 239.856766
11045.112747 9704.872213 216.262314
11095.112747 9704.872213 192.452026
11145.112747 9704.872213 168.562164
11195.112747 9704.872213 144.850815
11245.112747 9704.872213 121.517036
11295.112747 9704.872213 98.819672
11345.112747 9704.872213 76.902466
11395.112747 9704.872213 55.978710
11445.112747 9704.872213 36.171680
11495.112747 9704.872213 17.638636
11545.112747 9704.872213 0.551961
11595.112747 9704.872213 -14.955127
11645.112747 9704.872213 -28.743258
11695.112747 9704.872213 -40.828274
11745.112747 9704.872213 -51.223957
11795.112747 9704.872213 -59.984070
11845.112747 9704.872213 -67.161598
11895.112747 9704.872213 -72.832863
11945.112747 9704.872213 -77.045883
11995.112747 9704.872213 -79.851112
12045.112747 9704.872213 -81.263390
12095.112747 9704.872213 -81.239639
12145.112747 9704.872213 -79.773026
12195.112747 9704.872213 -76.993271
12245.112747 9704.872213 -72.985321
12295.112747 9704.872213 -67.893463
12345.112747 9704.872213 -61.881023
12395.112747 9704.872213 -55.091755
12445.112747 9704.872213 -47.675362
12495.112747 9704.872213 -39.766758
12545.112747 9704.872213 -31.473907
12595.112747 9704.872213 -22.872046
12645.112747 9704.872213 -14.130669
12695.112747 9704.872213 -5.375816
12745.112747 9704.872213 3.245755
12795.112747 9704.872213 11.582095
12845.112747 9704.872213 19.494673
12895.112747 9704.872213 26.920855
12945.112747 9704.872213 33.837170
12995.112747 9704.872213 40.273834
13045.112747 9704.872213 46.232384
13095.112747 9704.872213 51.583591
13145.112747 9704.872213 56.251320
13195.112747 9704.872213 60.153111
13245.112747 9704.872213 63.217728
13295.112747 9704.872213 65.378387
13345.112747 9704.872213 66.685776
13395.112747 9704.872213 67.180580
13445.112747 9704.872213 66.884033
13495.112747 9704.872213 65.819725
13545.112747 9704.872213 63.974770
13595.112747 9704.872213 61.334267
13645.112747 9704.872213 57.852081
13695.112747 9704.872213 53.570831
13745.112747 9704.872213 48.548607
13795.112747 9704.872213 42.886074
13845.112747 9704.872213 36.708958
13895.112747 9704.872213 30.129272
13945.112747 9704.872213 23.256441
13995.112747 9704.872213 16.268961
6545.112747 9754.872213 882.190491
6595.112747 9754.872213 839.088989
6645.112747 9754.872213 796.621826
6695.112747 9754.872213 755.177490
6745.112747 9754.872213 714.908752
6795.112747 9754.872213 675.884399
6845.112747 9754.872213 638.095215
6895.112747 9754.872213 601.517578
6945.112747 9754.872213 566.114380
6995.112747 9754.872213 531.858154
7045.112747 9754.872213 498.711334
7095.112747 9754.872213 466.799133
7145.112747 9754.872213 436.225128
7195.112747 9754.872213 406.991119
7245.112747 9754.872213 379.004395
7295.112747 9754.872213 352.248871
7345.112747 9754.872213 326.677948
7395.112747 9754.872213 302.178436
7445.112747 9754.872213 278.645233
7495.112747 9754.872213 256.165375
7545.112747 9754.872213 234.691086
7595.112747 9754.872213 214.238022
7645.112747 9754.872213 194.716431
7695.112747 9754.872213 176.041519
7745.112747 9754.872213 158.217529
7795.112747 9754.872213 141.251816
7845.112747 9754.872213 125.136017
7895.112747 9754.872213 109.876434
7945.112747 9754.872213 95.536537
7995.112747 9754.872213 82.103333
8045.112747 9754.872213 69.601410
8095.112747 9754.872213 58.005444
8145.112747 9754.872213 47.240601
8195.112747 9754.872213 37.314457
8245.112747 9754.872213 28.390167
8295.112747 9754.872213 20.601997
8345.112747 9754.872213 14.086169
8395.112747 9754.872213 8.825634
8445.112747 9754.872213 4.826029
8495.112747 9754.872213 2.143340
8545.112747 9754.872213 0.806295
8595.112747 9754.872213 0.785892
8645.112747 9754.872213 2.030945
8695.112747 9754.872213 4.576509
8745.112747 9754.872213 8.468075
8795.112747 9754.872213 13.705669
8845.112747 9754.872213 20.235254
8895.112747 9754.872213 28.056765
8945.112747 9754.872213 37.153538
8995.112747 9754.872213 47.455997
9045.112747 9754.872213 58.968395
9095.112747 9754.872213 71.586967
9145.112747 9754.872213 85.308929
9195.112747 9754.872213 100.099030
9245.112747 9754.872213 115.861923
9295.112747 9754.872213 132.407013
9345.112747 9754.872213 149.558441
9395.112747 9754.872213 167.121979
9445.112747 9754.872213 184.959229
9495.112747 9754.872213 202.954453
9545.112747 9754.872213 220.978958
9595.112747 9754.872213 238.825500
9645.112747 9754.872213 256.374634
9695.112747 9754.872213 273.481445
9745.112747 9754.872213 289.972595
9795.112747 9754.872213 305.660370
9845.112747 9754.872213 320.358734
9895.112747 9754.872213 334.013580
9945.112747 9754.872213 346.522064
9995.112747 9754.872213 357.746582
10045.112747 9754.872213 367.564423
10095.112747 9754.872213 375.833954
10145.112747 9754.872213 382.436859
10195.112747 9754.872213 387.244812
10245.112747 9754.872213 390.141357
10295.112747 9754.872213 391.139832
10345.112747 9754.872213 390.218475
10395.112747 9754.872213 387.354889
10445.112747 9754.872213 382.493439
10495.112747 9754.872213 375.572601
10545.112747 9754.872213 366.590637
10595.112747 9754.872213 355.544006
10645.112747 9754.872213 342.586853
10695.112747 9754.872213 327.820892
10745.112747 9754.872213 311.301361
10795.112747 9754.872213 293.124146
10845.112747 9754.872213 273.437042
10895.112747 9754.872213 252.448639
10945.112747 9754.872213 230.415222
10995.112747 9754.872213 207.638840
11045.112747 9754.872213 184.456924
11095.112747 9754.872213 161.115036
11145.112747 9754.872213 137.821762
11195.112747 9754.872213 114.779121
11245.112747 9754.872213 92.219589
11295.112747 9754.872213 70.313858
11345.112747 9754.872213 49.257286
11395.112747 9754.872213 29.211950
11445.112747 9754.872213 10.335050
11495.112747 9754.872213 -7.234717
11545.112747 9754.872213 -23.307491
11595.112747 9754.872213 -37.735382
11645.112747 9754.872213 -50.458199
11695.112747 9754.872213 -61.466793
11745.112747 9754.872213 -70.793976
11795.112747 9754.872213 -78.449913
11845.112747 9754.872213 -84.509872
11895.112747 9754.872213 -89.042336
11945.112747 9754.872213 -92.098373
11995.112747 9754.872213 -93.757973
12045.112747 9754.872213 -93.988464
12095.112747 9754.872213 -92.801788
12145.112747 9754.872213 -90.184334
12195.112747 9754.872213 -86.294609
12245.112747 9754.872213 -81.225754
12295.112747 9754.872213 -75.190567
12345.112747 9754.872213 -68.275352
12395.112747 9754.872213 -60.643089
12445.112747 9754.872213 -52.457436
12495.112747 9754.872213 -43.815659
12545.112747 9754.872213 -34.785305
12595.112747 9754.872213 -25.527521
12645.112747 9754.872213 -16.162468
12695.112747 9754.872213 -6.805214
12745.112747 9754.872213 2.369059
12795.112747 9754.872213 11.174873
12845.112747 9754.872213 19.460987
12895.112747 9754.872213 27.145710
12945.112747 9754.872213 34.247417
12995.112747 9754.872213 40.807751
13045.112747 9754.872213 46.805828
13095.112747 9754.872213 52.108971
13145.112747 9754.872213 56.659714
13195.112747 9754.872213 60.407703
13245.112747 9754.872213 63.313931
13295.112747 9754.872213 65.320145
13345.112747 9754.872213 66.472450
13395.112747 9754.872213 66.825188
13445.112747 9754.872213 66.411705
13495.112747 9754.872213 65.283798
13545.112747 9754.872213 63.403347
13595.112747 9754.872213 60.720905
13645.112747 9754.872213 57.228607
13695.112747 9754.872213 52.951248
13745.112747 9754.872213 47.986328
13795.112747 9754.872213 42.408474
13845.112747 9754.872213 36.307590
13895.112747 9754.872213 29.761539
13945.112747 9754.872213 22.930130
13995.112747 9754.872213 15.976465
6545.112747 9804.872213 882.904480
6595.112747 9804.872213 838.872559
6645.112747 9804.872213 795.950378
6695.112747 9804.872213 754.254578
6745.112747 9804.872213 713.877136
6795.112747 9804.872213 674.788147
6845.112747 9804.872213 637.005127
6895.112747 9804.872213 600.474609
6945.112747 9804.872213 565.160522
6995.112747 9804.872213 531.003296
7045.112747 9804.872213 497.975952
7095.112747 9804.872213 466.205170
7145.112747 9804.872213 435.806671
7195.112747 9804.872213 406.770752
7245.112747 9804.872213 379.044769
7295.112747 9804.872213 352.592896
7345.112747 9804.872213 327.314392
7395.112747 9804.872213 303.056732
7445.112747 9804.872213 279.827332
7495.112747 9804.872213 257.641052
7545.112747 9804.872213 236.548553
7595.112747 9804.872213 216.506973
7645.112747 9804.872213 197.466385
7695.112747 9804.872213 179.321259
7745.112747 9804.872213 162.068604
7795.112747 9804.872213 145.735382
7845.112747 9804.872213 130.275803
7895.112747 9804.872213 115.726166
7945.112747 9804.872213 102.070488
7995.112747 9804.872213 89.337593
8045.112747 9804.872213 77.479202
8095.112747 9804.872213 66.486069
8145.112747 9804.872213 56.290455
8195.112747 9804.872213 46.918308
8245.112747 9804.872213 38.494999
8295.112747 9804.872213 31.151583
8345.112747 9804.872213 24.991508
8395.112747 9804.872213 20.019562
8445.112747 9804.872213 16.286020
8495.112747 9804.872213 13.817891
8545.112747 9804.872213 12.623464
8595.112747 9804.872213 12.660437
8645.112747 9804.872213 13.896119
8695.112747 9804.872213 16.305712
8745.112747 9804.872213 19.906437
8795.112747 9804.872213 24.685421
8845.112747 9804.872213 30.651716
8895.112747 9804.872213 37.807442
8945.112747 9804.872213 46.104809
8995.112747 9804.872213 55.538582
9045.112747 9804.872213 66.030716
9095.112747 9804.872213 77.592270
9145.112747 9804.872213 90.195824
9195.112747 9804.872213 103.822327
9245.112747 9804.872213 118.355438
9295.112747 9804.872213 133.658447
9345.112747 9804.872213 149.540390
9395.112747 9804.872213 165.780685
9445.112747 9804.872213 182.245361
9495.112747 9804.872213 198.822723
9545.112747 9804.872213 215.368530
9595.112747 9804.872213 231.692734
9645.112747 9804.872213 247.649628
9695.112747 9804.872213 263.121704
9745.112747 9804.872213 277.964539
9795.112747 9804.872213 291.989502
9845.112747 9804.872213 305.053528
9895.112747 9804.872213 317.121307
9945.112747 9804.872213 328.066803
9995.112747 9804.872213 337.770416
10045.112747 9804.872213 346.126099
10095.112747 9804.872213 352.975983
10145.112747 9804.872213 358.212921
10195.112747 9804.872213 361.717194
10245.112747 9804.872213 363.374847
10295.112747 9804.872213 363.212769
10345.112747 9804.872213 361.266388
10395.112747 9804.872213 357.494690
10445.112747 9804.872213 351.839539
10495.112747 9804.872213 344.296326
10545.112747 9804.872213 334.791046
10595.112747 9804.872213 323.351379
10645.112747 9804.872213 310.104492
10695.112747 9804.872213 295.142944
10745.112747 9804.872213 278.490723
10795.112747 9804.872213 260.275543
10845.112747 9804.872213 240.646530
10895.112747 9804.872213 219.817993
10945.112747 9804.872213 198.036575
10995.112747 9804.872213 175.581299
11045.112747 9804.872213 152.744858
11095.112747 9804.872213 129.829803
11145.112747 9804.872213 107.040161
11195.112747 9804.872213 84.604095
11245.112747 9804.872213 62.747807
11295.112747 9804.872213 41.634205
11345.112747 9804.872213 21.381216
11395.112747 9804.872213 2.170727
11445.112747 9804.872213 -15.820182
11495.112747 9804.872213 -32.413326
11545.112747 9804.872213 -47.464294
11595.112747 9804.872213 -60.819271
11645.112747 9804.872213 -72.455353
11695.112747 9804.872213 -82.380486
11745.112747 9804.872213 -90.630524
11795.112747 9804.872213 -97.203362
11845.112747 9804.872213 -102.138992
11895.112747 9804.872213 -105.541748
11945.112747 9804.872213 -107.453697
11995.112747 9804.872213 -107.888016
12045.112747 9804.872213 -106.892021
12095.112747 9804.872213 -104.451927
12145.112747 9804.872213 -100.704842
12195.112747 9804.872213 -95.721497
12245.112747 9804.872213 -89.663696
12295.112747 9804.872213 -82.654274
12345.112747 9804.872213 -74.859451
12395.112747 9804.872213 -66.394539
12445.112747 9804.872213 -57.444267
12495.112747 9804.872213 -48.043797
12545.112747 9804.872213 -38.301708
12595.112747 9804.872213 -28.381130
12645.112747 9804.872213 -18.385122
12695.112747 9804.872213 -8.473725
12745.112747 9804.872213 1.227051
12795.112747 9804.872213 10.490553
12845.112747 9804.872213 19.162317
12895.112747 9804.872213 27.161377
12945.112747 9804.872213 34.495960
12995.112747 9804.872213 41.191166
13045.112747 9804.872213 47.223183
13095.112747 9804.872213 52.497810
13145.112747 9804.872213 56.900524
13195.112747 9804.872213 60.474281
13245.112747 9804.872213 63.185516
13295.112747 9804.872213 65.023201
13345.112747 9804.872213 66.044548
13395.112747 9804.872213 66.267120
13445.112747 9804.872213 65.756889
13495.112747 9804.872213 64.532150
13545.112747 9804.872213 62.594318
13595.112747 9804.872213 59.896709
13645.112747 9804.872213 56.449089
13695.112747 9804.872213 52.276890
13745.112747 9804.872213 47.404121
13795.112747 9804.872213 41.932465
13845.112747 9804.872213 35.951317 147
53
13895.112747 9804.872213 29.547249
13945.112747 9804.872213 22.850853
13995.112747 9804.872213 16.035339
6545.112747 9854.872213 876.924683
6595.112747 9854.872213 833.946289
6645.112747 9854.872213 791.616943
6695.112747 9854.872213 750.332947
6745.112747 9854.872213 710.272034
6795.112747 9854.872213 671.506226
6845.112747 9854.872213 634.034607
6895.112747 9854.872213 597.817993
6945.112747 9854.872213 562.830933
6995.112747 9854.872213 528.986389
7045.112747 9854.872213 496.271484
7095.112747 9854.872213 464.825592
7145.112747 9854.872213 434.749268
7195.112747 9854.872213 406.013336
7245.112747 9854.872213 378.614746
7295.112747 9854.872213 352.464722
7345.112747 9854.872213 327.487335
7395.112747 9854.872213 303.538147
7445.112747 9854.872213 280.677856
7495.112747 9854.872213 258.956329
7545.112747 9854.872213 238.326523
7595.112747 9854.872213 218.782272
7645.112747 9854.872213 200.243561
7695.112747 9854.872213 182.671783
7745.112747 9854.872213 166.051102
7795.112747 9854.872213 150.397217
7845.112747 9854.872213 135.668060
7895.112747 9854.872213 121.842033
7945.112747 9854.872213 108.901154
7995.112747 9854.872213 96.828049
8045.112747 9854.872213 85.640923
8095.112747 9854.872213 75.262253
8145.112747 9854.872213 65.609291
8195.112747 9854.872213 56.782207
8245.112747 9854.872213 48.859974
8295.112747 9854.872213 41.933907
8345.112747 9854.872213 36.129608
8395.112747 9854.872213 31.486477
8445.112747 9854.872213 28.015091
8495.112747 9854.872213 25.778637
8545.112747 9854.872213 24.682053
8595.112747 9854.872213 24.749281
8645.112747 9854.872213 25.924416
8695.112747 9854.872213 28.171211
8745.112747 9854.872213 31.467873
8795.112747 9854.872213 35.828903
8845.112747 9854.872213 41.264091
8895.112747 9854.872213 47.777958
8945.112747 9854.872213 55.351101
8995.112747 9854.872213 63.942234
9045.112747 9854.872213 73.500145
9095.112747 9854.872213 84.012352
9145.112747 9854.872213 95.501198
9195.112747 9854.872213 107.936119
9245.112747 9854.872213 121.239067
9295.112747 9854.872213 135.275055
9345.112747 9854.872213 149.826172
9395.112747 9854.872213 164.703278
9445.112747 9854.872213 179.738693
9495.112747 9854.872213 194.848801
9545.112747 9854.872213 209.849030
9595.112747 9854.872213 224.628311
9645.112747 9854.872213 239.021561
9695.112747 9854.872213 252.916290
9745.112747 9854.872213 266.125061
9795.112747 9854.872213 278.534698
9845.112747 9854.872213 290.009949
9895.112747 9854.872213 300.497925
9945.112747 9854.872213 309.924835
9995.112747 9854.872213 318.139374
10045.112747 9854.872213 325.051605
10095.112747 9854.872213 330.490326
10145.112747 9854.872213 334.423584
10195.112747 9854.872213 336.670380
10245.112747 9854.872213 337.145874
10295.112747 9854.872213 335.918182
10345.112747 9854.872213 332.982391
10395.112747 9854.872213 328.324982
10445.112747 9854.872213 321.897156
10495.112747 9854.872213 313.692932
10545.112747 9854.872213 303.668427
10595.112747 9854.872213 291.851898
10645.112747 9854.872213 278.335754
10695.112747 9854.872213 263.124451
10745.112747 9854.872213 246.299911
10795.112747 9854.872213 227.998886
10845.112747 9854.872213 208.388962
10895.112747 9854.872213 187.656509
10945.112747 9854.872213 166.104462
10995.112747 9854.872213 143.922882
11045.112747 9854.872213 121.441093
11095.112747 9854.872213 98.916924
11145.112747 9854.872213 76.605469
11195.112747 9854.872213 54.710373
11245.112747 9854.872213 33.469421
11295.112747 9854.872213 13.055607
11345.112747 9854.872213 -6.453600
11395.112747 9854.872213 -24.896498
11445.112747 9854.872213 -42.048172
11495.112747 9854.872213 -57.718262
11545.112747 9854.872213 -71.782173
11595.112747 9854.872213 -84.103752
11645.112747 9854.872213 -94.675888
11695.112747 9854.872213 -103.496269
11745.112747 9854.872213 -110.638718
11795.112747 9854.872213 -116.104279
11845.112747 9854.872213 -119.939552
11895.112747 9854.872213 -122.190926
11945.112747 9854.872213 -122.902618
11995.112747 9854.872213 -122.099106
12045.112747 9854.872213 -119.824036
12095.112747 9854.872213 -116.162788
12145.112747 9854.872213 -111.273102
12195.112747 9854.872213 -105.253922
12245.112747 9854.872213 -98.190674
12295.112747 9854.872213 -90.248047
12345.112747 9854.872213 -81.560196
12395.112747 9854.872213 -72.286255
12445.112747 9854.872213 -62.519497
12495.112747 9854.872213 -52.371784
12545.112747 9854.872213 -41.955559
12595.112747 9854.872213 -31.367743
12645.112747 9854.872213 -20.790550
12695.112747 9854.872213 -10.334064
12745.112747 9854.872213 -0.159864
12795.112747 9854.872213 9.537023
12845.112747 9854.872213 18.608610
12895.112747 9854.872213 26.949499
12945.112747 9854.872213 34.547115
12995.112747 9854.872213 41.388390
13045.112747 9854.872213 47.458000
13095.112747 9854.872213 52.676704
13145.112747 9854.872213 56.982193
13195.112747 9854.872213 60.367260
13245.112747 9854.872213 62.863731
13295.112747 9854.872213 64.519356
13345.112747 9854.872213 65.402969
13395.112747 9854.872213 65.535088
13445.112747 9854.872213 64.927872
13495.112747 9854.872213 63.623070
13545.112747 9854.872213 61.620262
13595.112747 9854.872213 58.920448
13645.112747 9854.872213 55.520901
13695.112747 9854.872213 51.450748
13745.112747 9854.872213 46.730545
13795.112747 9854.872213 41.425156
13845.112747 9854.872213 35.628635
13895.112747 9854.872213 29.459499
13945.112747 9854.872213 23.008318
13995.112747 9854.872213 16.449860
6545.112747 9904.872213 866.012085
6595.112747 9904.872213 824.678772
6645.112747 9904.872213 783.685059
6695.112747 9904.872213 743.418701
6745.112747 9904.872213 704.162842
6795.112747 9904.872213 666.073547
6845.112747 9904.872213 629.218079
6895.112747 9904.872213 593.592773
6945.112747 9904.872213 559.137756
6995.112747 9904.872213 525.810120
7045.112747 9904.872213 493.596405
7095.112747 9904.872213 462.641418
7145.112747 9904.872213 433.030212
7195.112747 9904.872213 404.710571
7245.112747 9904.872213 377.649658
7295.112747 9904.872213 351.827454
7345.112747 9904.872213 327.160797
7395.112747 9904.872213 303.626099
7445.112747 9904.872213 281.245972
7495.112747 9904.872213 260.041351
7545.112747 9904.872213 239.992111
7595.112747 9904.872213 221.010864
7645.112747 9904.872213 203.069031
7695.112747 9904.872213 186.118225
7745.112747 9904.872213 170.163773
7795.112747 9904.872213 155.212433
7845.112747 9904.872213 141.206619
7895.112747 9904.872213 128.105209
7945.112747 9904.872213 115.857841
7995.112747 9904.872213 104.482208
8045.112747 9904.872213 93.952225
8095.112747 9904.872213 84.192627
8145.112747 9904.872213 75.115532
8195.112747 9904.872213 66.819145
8245.112747 9904.872213 59.374844
8295.112747 9904.872213 52.873425
8345.112747 9904.872213 47.439594
8395.112747 9904.872213 43.116505
8445.112747 9904.872213 39.935913
8495.112747 9904.872213 37.875828
8545.112747 9904.872213 36.885181
8595.112747 9904.872213 36.921791
8645.112747 9904.872213 37.994381
8695.112747 9904.872213 40.048489
8745.112747 9904.872213 43.061737
8795.112747 9904.872213 47.035107
8845.112747 9904.872213 51.977951
8895.112747 9904.872213 57.900661
8945.112747 9904.872213 64.795326
8995.112747 9904.872213 72.616470
9045.112747 9904.872213 81.278709
9095.112747 9904.872213 90.774513
9145.112747 9904.872213 101.154198
9195.112747 9904.872213 112.441841
9245.112747 9904.872213 124.521217
9295.112747 9904.872213 137.246262
9345.112747 9904.872213 150.448349
9395.112747 9904.872213 163.890961
9445.112747 9904.872213 177.458069
9495.112747 9904.872213 191.063232
9545.112747 9904.872213 204.545959
9595.112747 9904.872213 217.780655
9645.112747 9904.872213 230.645203
9695.112747 9904.872213 242.966843
9745.112747 9904.872213 254.621124
9795.112747 9904.872213 265.466858
9845.112747 9904.872213 275.409393
9895.112747 9904.872213 284.381622
9945.112747 9904.872213 292.303497
9995.112747 9904.872213 299.049805
10045.112747 9904.872213 304.522217
10095.112747 9904.872213 308.614716
10145.112747 9904.872213 311.226288
10195.112747 9904.872213 312.251312
10245.112747 9904.872213 311.615204
10295.112747 9904.872213 309.373962
10345.112747 9904.872213 305.511871
10395.112747 9904.872213 299.984161
10445.112747 9904.872213 292.814453
10495.112747 9904.872213 283.963257
10545.112747 9904.872213 273.431580
10595.112747 9904.872213 261.252777
10645.112747 9904.872213 247.443253
10695.112747 9904.872213 232.011551
10745.112747 9904.872213 214.986862
10795.112747 9904.872213 196.574844
10845.112747 9904.872213 176.949371
10895.112747 9904.872213 156.340622
10945.112747 9904.872213 134.944656
10995.112747 9904.872213 113.032890
11045.112747 9904.872213 90.857697
11095.112747 9904.872213 68.707909
11145.112747 9904.872213 46.819382
11195.112747 9904.872213 25.415499
11245.112747 9904.872213 4.679522
11295.112747 9904.872213 -15.175890
11345.112747 9904.872213 -34.055897
11395.112747 9904.872213 -51.795723
11445.112747 9904.872213 -68.144218
11495.112747 9904.872213 -82.961426
11545.112747 9904.872213 -96.079903
11595.112747 9904.872213 -107.421448
11645.112747 9904.872213 -116.948006
11695.112747 9904.872213 -124.699684
11745.112747 9904.872213 -130.725845
11795.112747 9904.872213 -135.064346
11845.112747 9904.872213 -137.770370
11895.112747 9904.872213 -138.854675
11945.112747 9904.872213 -138.302139
11995.112747 9904.872213 -136.210693
12045.112747 9904.872213 -132.701294
12095.112747 9904.872213 -127.873329
12145.112747 9904.872213 -121.853165
12195.112747 9904.872213 -114.756218
12245.112747 9904.872213 -106.705246
12295.112747 9904.872213 -97.831413
12345.112747 9904.872213 -88.275848
12395.112747 9904.872213 -78.150429
12445.112747 9904.872213 -67.609779
12495.112747 9904.872213 -56.733597
12545.112747 9904.872213 -45.646999
12595.112747 9904.872213 -34.465996
12645.112747 9904.872213 -23.338953
12695.112747 9904.872213 -12.386879
12745.112747 9904.872213 -1.768870
12795.112747 9904.872213 8.373345
12845.112747 9904.872213 17.820988
12895.112747 9904.872213 26.508074
12945.112747 9904.872213 34.371483
12995.112747 9904.872213 41.367458
13045.112747 9904.872213 47.476112
13095.112747 9904.872213 52.652481
13145.112747 9904.872213 56.846630
13195.112747 9904.872213 60.061996
13245.112747 9904.872213 62.358818
13295.112747 9904.872213 63.857990
13345.112747 9904.872213 64.613548
13395.112747 9904.872213 64.644043
13445.112747 9904.872213 63.955170
13495.112747 9904.872213 62.578312
13545.112747 9904.872213 60.529491
13595.112747 9904.872213 57.809502
13645.112747 9904.872213 54.436241
13695.112747 9904.872213 50.470169
13745.112747 9904.872213 45.935219
13795.112747 9904.872213 40.858475
13845.112747 9904.872213 35.340652
13895.112747 9904.872213 29.470043
13945.112747 9904.872213 23.374453
13995.112747 9904.872213 17.161741
6545.112747 9954.872213 851.327820
6595.112747 9954.872213 811.800903
6645.112747 9954.872213 772.503235
6695.112747 9954.872213 733.686035
6745.112747 9954.872213 695.649292
6795.112747 9954.872213 658.599731
6845.112747 9954.872213 622.650146
6895.112747 9954.872213 587.827759
6945.112747 9954.872213 554.107239
6995.112747 9954.872213 521.442871
7045.112747 9954.872213 489.942200
7095.112747 9954.872213 459.628876
7145.112747 9954.872213 430.549866
7195.112747 9954.872213 402.722382
7245.112747 9954.872213 376.100342
7295.112747 9954.872213 350.652985
7345.112747 9954.872213 326.374451
7395.112747 9954.872213 303.343719
7445.112747 9954.872213 281.549927
7495.112747 9954.872213 260.964233
7545.112747 9954.872213 241.523331
7595.112747 9954.872213 223.179214
7645.112747 9954.872213 205.892197
7695.112747 9954.872213 189.620026
7745.112747 9954.872213 174.360245
7795.112747 9954.872213 160.095383
7845.112747 9954.872213 146.807266
7895.112747 9954.872213 134.388885
7945.112747 9954.872213 122.864395
7995.112747 9954.872213 112.166977
8045.112747 9954.872213 102.313606
8095.112747 9954.872213 93.179611
8145.112747 9954.872213 84.711731
8195.112747 9954.872213 76.942490
8245.112747 9954.872213 69.970619
8295.112747 9954.872213 63.880863
8345.112747 9954.872213 58.809975
8395.112747 9954.872213 54.791168
8445.112747 9954.872213 51.871422
8495.112747 9954.872213 50.007652
8545.112747 9954.872213 49.073082
8595.112747 9954.872213 49.071548
8645.112747 9954.872213 50.003586
8695.112747 9954.872213 51.846058
8745.112747 9954.872213 54.606834
8795.112747 9954.872213 58.236080
8845.112747 9954.872213 62.726089
8895.112747 9954.872213 68.130486
8945.112747 9954.872213 74.401283
8995.112747 9954.872213 81.462494
9045.112747 9954.872213 89.259430
9095.112747 9954.872213 97.802017
9145.112747 9954.872213 107.145042
9195.112747 9954.872213 117.299644
9245.112747 9954.872213 128.168350
9295.112747 9954.872213 139.594101
9345.112747 9954.872213 151.379105
9395.112747 9954.872213 163.353912
9445.112747 9954.872213 175.462708
9495.112747 9954.872213 187.570465
9545.112747 9954.872213 199.547272
9595.112747 9954.872213 211.279892
9645.112747 9954.872213 222.617569
9695.112747 9954.872213 233.424271
9745.112747 9954.872213 243.555283
9795.112747 9954.872213 252.901794
9845.112747 9954.872213 261.382416
9895.112747 9954.872213 268.904572
9945.112747 9954.872213 275.375000
9995.112747 9954.872213 280.703644
10045.112747 9954.872213 284.768860
10095.112747 9954.872213 287.499207
10145.112747 9954.872213 288.821594
10195.112747 9954.872213 288.659790
10245.112747 9954.872213 286.967682
10295.112747 9954.872213 283.749237
10345.112747 9954.872213 278.976563
10395.112747 9954.872213 272.646362
10445.112747 9954.872213 264.765900
10495.112747 9954.872213 255.348206
10545.112747 9954.872213 244.325974
10595.112747 9954.872213 231.758179
10645.112747 9954.872213 217.647202
10695.112747 9954.872213 201.975571
10745.112747 9954.872213 184.822678
10795.112747 9954.872213 166.307755
10845.112747 9954.872213 146.703949
10895.112747 9954.872213 126.178329
10945.112747 9954.872213 104.943657
10995.112747 9954.872213 83.252609
11045.112747 9954.872213 61.348377
11095.112747 9954.872213 39.529190
11145.112747 9954.872213 17.992678
11195.112747 9954.872213 -3.070461
11245.112747 9954.872213 -23.385654
11295.112747 9954.872213 -42.796394
11345.112747 9954.872213 -61.158974
11395.112747 9954.872213 -78.277596
11445.112747 9954.872213 -93.940948
11495.112747 9954.872213 -107.944542
11545.112747 9954.872213 -120.188072
11595.112747 9954.872213 -130.583084
11645.112747 9954.872213 -139.109955
11695.112747 9954.872213 -145.836578
11745.112747 9954.872213 -150.799728
11795.112747 9954.872213 -154.012955
11845.112747 9954.872213 -155.516678
11895.112747 9954.872213 -155.358948
11945.112747 9954.872213 -153.529816
11995.112747 9954.872213 -150.155090
12045.112747 9954.872213 -145.403473
12095.112747 9954.872213 -139.438934
12145.112747 9954.872213 -132.300308
12195.112747 9954.872213 -124.126190
12245.112747 9954.872213 -115.049011
12295.112747 9954.872213 -105.260063
12345.112747 9954.872213 -94.808304
12395.112747 9954.872213 -83.894165
12445.112747 9954.872213 -72.588669
12495.112747 9954.872213 -61.021477
12545.112747 9954.872213 -49.320530
12595.112747 9954.872213 -37.597408
12645.112747 9954.872213 -25.966608
12695.112747 9954.872213 -14.559741
12745.112747 9954.872213 -3.495455
12795.112747 9954.872213 7.029813
12845.112747 9954.872213 16.834976
12895.112747 9954.872213 25.816721
12945.112747 9954.872213 33.938385
12995.112747 9954.872213 41.111969
13045.112747 9954.872213 47.267700
13095.112747 9954.872213 52.388710
13145.112747 9954.872213 56.477070
13195.112747 9954.872213 59.544281
13245.112747 9954.872213 61.712395
13295.112747 9954.872213 63.075275
13345.112747 9954.872213 63.701061
13395.112747 9954.872213 63.619263
13445.112747 9954.872213 62.849415
13495.112747 9954.872213 61.407173
13545.112747 9954.872213 59.318405
13595.112747 9954.872213 56.578709
13645.112747 9954.872213 53.232903
13695.112747 9954.872213 49.387989
13745.112747 9954.872213 45.028046
13795.112747 9954.872213 40.234077
13845.112747 9954.872213 35.050205
13895.112747 9954.872213 29.577948
13945.112747 9954.872213 23.874968
13995.112747 9954.872213 18.088104
6545.112747 10004.872213 833.568176
6595.112747 10004.872213 795.965881
6645.112747 10004.872213 758.532654
6695.112747 10004.872213 721.451660
6745.112747 10004.872213 684.928894
6795.112747 10004.872213 649.192383
6845.112747 10004.872213 614.380432
6895.112747 10004.872213 580.578674
6945.112747 10004.872213 547.754333
6995.112747 10004.872213 515.957581
7045.112747 10004.872213 485.246094
7095.112747 10004.872213 455.674194
7145.112747 10004.872213 427.234528
7195.112747 10004.872213 399.957733
7245.112747 10004.872213 373.867096
7295.112747 10004.872213 348.940704
7345.112747 10004.872213 325.222443
7395.112747 10004.872213 302.792877
7445.112747 10004.872213 281.642731
7495.112747 10004.872213 261.690979
7545.112747 10004.872213 242.924133
7595.112747 10004.872213 225.266083
7645.112747 10004.872213 208.679794
7695.112747 10004.872213 193.104568
7745.112747 10004.872213 178.535263
7795.112747 10004.872213 164.976868
7845.112747 10004.872213 152.338562
7895.112747 10004.872213 140.640121
7945.112747 10004.872213 129.808624
7995.112747 10004.872213 119.831909
8045.112747 10004.872213 110.620041
8095.112747 10004.872213 102.125885
8145.112747 10004.872213 94.281761
8195.112747 10004.872213 87.059914
8245.112747 10004.872213 80.563950
8295.112747 10004.872213 74.888664
8345.112747 10004.872213 70.133408
8395.112747 10004.872213 66.417191
8445.112747 10004.872213 63.704082
8495.112747 10004.872213 61.992844
8545.112747 10004.872213 61.121937
8595.112747 10004.872213 61.077106
8645.112747 10004.872213 61.883907
8695.112747 10004.872213 63.553917
8745.112747 10004.872213 66.074463
8795.112747 10004.872213 69.390808
8845.112747 10004.872213 73.508949
8895.112747 10004.872213 78.407875
8945.112747 10004.872213 84.073814
8995.112747 10004.872213 90.411232
9045.112747 10004.872213 97.400375
9095.112747 10004.872213 105.044403
9145.112747 10004.872213 113.386292
9195.112747 10004.872213 122.433624
9245.112747 10004.872213 132.108459
9295.112747 10004.872213 142.233078
9345.112747 10004.872213 152.637970
9395.112747 10004.872213 163.164261
9445.112747 10004.872213 173.798660
9495.112747 10004.872213 184.444885
9545.112747 10004.872213 194.971008
9595.112747 10004.872213 205.232651
9645.112747 10004.872213 215.080185
9695.112747 10004.872213 224.393967
9745.112747 10004.872213 233.065521
9795.112747 10004.872213 240.966873
9845.112747 10004.872213 248.033524
9895.112747 10004.872213 254.137634
9945.112747 10004.872213 259.220245
9995.112747 10004.872213 263.179840
10045.112747 10004.872213 265.897552
10095.112747 10004.872213 267.323822
10145.112747 10004.872213 267.420990
10195.112747 10004.872213 266.111633
10245.112747 10004.872213 263.403687
10295.112747 10004.872213 259.234222
10345.112747 10004.872213 253.613739
10395.112747 10004.872213 246.521423
10445.112747 10004.872213 238.016678
10495.112747 10004.872213 228.038818
10545.112747 10004.872213 216.557404
10595.112747 10004.872213 203.590668
10645.112747 10004.872213 189.190918
10695.112747 10004.872213 173.315002
10745.112747 10004.872213 156.050797
10795.112747 10004.872213 137.520218
10845.112747 10004.872213 117.920692
10895.112747 10004.872213 97.495682
10945.112747 10004.872213 76.423119
10995.112747 10004.872213 54.921085
11045.112747 10004.872213 33.232826
11095.112747 10004.872213 11.629881
11145.112747 10004.872213 -9.669592
11195.112747 10004.872213 -30.447792
11245.112747 10004.872213 -50.436462
11295.112747 10004.872213 -69.502464
11345.112747 10004.872213 -87.444695
11395.112747 10004.872213 -104.064903
11445.112747 10004.872213 -119.114510
11495.112747 10004.872213 -132.423706
11545.112747 10004.872213 -143.871384
11595.112747 10004.872213 -153.414871
11645.112747 10004.872213 -161.030746
11695.112747 10004.872213 -166.763901
11745.112747 10004.872213 -170.664551
11795.112747 10004.872213 -172.726608
11845.112747 10004.872213 -173.013107
11895.112747 10004.872213 -171.539185
11945.112747 10004.872213 -168.427185
11995.112747 10004.872213 -163.800797
12045.112747 10004.872213 -157.837723
12095.112747 10004.872213 -150.677689
12145.112747 10004.872213 -142.430145
12195.112747 10004.872213 -133.174652
12245.112747 10004.872213 -123.110184
12295.112747 10004.872213 -112.373581
12345.112747 10004.872213 -101.083099
12395.112747 10004.872213 -89.361420
12445.112747 10004.872213 -77.348129
12495.112747 10004.872213 -65.166046
12545.112747 10004.872213 -52.907909
12595.112747 10004.872213 -40.671169
12645.112747 10004.872213 -28.588356
12695.112747 10004.872213 -16.747007
12745.112747 10004.872213 -5.292228
12795.112747 10004.872213 5.562398
12845.112747 10004.872213 15.643768
12895.112747 10004.872213 24.900080
12945.112747 10004.872213 33.268387
12995.112747 10004.872213 40.586193
13045.112747 10004.872213 46.775112
13095.112747 10004.872213 51.854366
13145.112747 10004.872213 55.869091
13195.112747 10004.872213 58.864815
13245.112747 10004.872213 60.921753
13295.112747 10004.872213 62.183002
13345.112747 10004.872213 62.688709
13395.112747 10004.872213 62.494015
13445.112747 10004.872213 61.629242
13495.112747 10004.872213 60.111843
13545.112747 10004.872213 57.972538
13595.112747 10004.872213 55.236473
13645.112747 10004.872213 51.977180
13695.112747 10004.872213 48.232540
13745.112747 10004.872213 44.084175
13795.112747 10004.872213 39.574001
13845.112747 10004.872213 34.755486
13895.112747 10004.872213 29.685671
13945.112747 10004.872213 24.455860
13995.112747 10004.872213 19.187988
6545.112747 10054.872213 813.220886
6595.112747 10054.872213 777.652954
6645.112747 10054.872213 742.188965
6695.112747 10054.872213 706.962158
6745.112747 10054.872213 672.155823
6795.112747 10054.872213 637.956848
6845.112747 10054.872213 604.483093
6895.112747 10054.872213 571.850647
6945.112747 10054.872213 540.110291
6995.112747 10054.872213 509.303131
7045.112747 10054.872213 479.501892
7095.112747 10054.872213 450.737427
7145.112747 10054.872213 423.047943
7195.112747 10054.872213 396.445831
7245.112747 10054.872213 370.983826
7295.112747 10054.872213 346.731506
7345.112747 10054.872213 323.704590
7395.112747 10054.872213 301.969727
7445.112747 10054.872213 281.495941
7495.112747 10054.872213 262.236450
7545.112747 10054.872213 244.178635
7595.112747 10054.872213 227.247131
7645.112747 10054.872213 211.353699
7695.112747 10054.872213 196.476440
7745.112747 10054.872213 182.611893
7795.112747 10054.872213 169.719025
7845.112747 10054.872213 157.794022
7895.112747 10054.872213 146.753296
7945.112747 10054.872213 136.642868
7995.112747 10054.872213 127.361389
8045.112747 10054.872213 118.818573
8095.112747 10054.872213 110.951836
8145.112747 10054.872213 103.713875
8195.112747 10054.872213 97.066376
8245.112747 10054.872213 91.060127
8295.112747 10054.872213 85.784676
8345.112747 10054.872213 81.350632
8395.112747 10054.872213 77.864616
8445.112747 10054.872213 75.349792
8495.112747 10054.872213 73.726349
8545.112747 10054.872213 72.900536
8595.112747 10054.872213 72.855537
8645.112747 10054.872213 73.601540
8695.112747 10054.872213 75.153931
8745.112747 10054.872213 77.470322
8795.112747 10054.872213 80.512138
8845.112747 10054.872213 84.267418
8895.112747 10054.872213 88.694107
8945.112747 10054.872213 93.764175
8995.112747 10054.872213 99.420357
9045.112747 10054.872213 105.638626
9095.112747 10054.872213 112.423767
9145.112747 10054.872213 119.803383
9195.112747 10054.872213 127.775108
9245.112747 10054.872213 136.258484
9295.112747 10054.872213 145.118240
9345.112747 10054.872213 154.190186
9395.112747 10054.872213 163.369614
9445.112747 10054.872213 172.606216
9495.112747 10054.872213 181.835922
9545.112747 10054.872213 190.926819
9595.112747 10054.872213 199.759216
9645.112747 10054.872213 208.138290
9695.112747 10054.872213 216.010117
9745.112747 10054.872213 223.276382
9795.112747 10054.872213 229.802200
9845.112747 10054.872213 235.473694
9895.112747 10054.872213 240.203918
9945.112747 10054.872213 243.930069
9995.112747 10054.872213 246.546371
10045.112747 10054.872213 247.991348
10095.112747 10054.872213 248.200180
10145.112747 10054.872213 247.141037
10195.112747 10054.872213 244.779755
10245.112747 10054.872213 241.077301
10295.112747 10054.872213 235.999725
10345.112747 10054.872213 229.553116
10395.112747 10054.872213 221.771591
10445.112747 10054.872213 212.627899
10495.112747 10054.872213 202.105881
10545.112747 10054.872213 190.189148
10595.112747 10054.872213 176.903961
10645.112747 10054.872213 162.234497
10695.112747 10054.872213 146.218033
10745.112747 10054.872213 128.893234
10795.112747 10054.872213 110.400177
10845.112747 10054.872213 90.878738
10895.112747 10054.872213 70.558632
10945.112747 10054.872213 49.643173
10995.112747 10054.872213 28.283112
11045.112747 10054.872213 6.748661
11095.112747 10054.872213 -14.707953
11145.112747 10054.872213 -35.858173
11195.112747 10054.872213 -56.435005
11245.112747 10054.872213 -76.192497
11295.112747 10054.872213 -94.950966
11345.112747 10054.872213 -112.545784
11395.112747 10054.872213 -128.767288
11445.112747 10054.872213 -143.364624
11495.112747 10054.872213 -156.131317
11545.112747 10054.872213 -166.918015
11595.112747 10054.872213 -175.680374
11645.112747 10054.872213 -182.460938
11695.112747 10054.872213 -187.256607
11745.112747 10054.872213 -190.090637
11795.112747 10054.872213 -190.998322
11845.112747 10054.872213 -189.992783
11895.112747 10054.872213 -187.201645
11945.112747 10054.872213 -182.786743
11995.112747 10054.872213 -176.918854
12045.112747 10054.872213 -169.751953
12095.112747 10054.872213 -161.425293
12145.112747 10054.872213 -152.052399
12195.112747 10054.872213 -141.776382
12245.112747 10054.872213 -130.740372
12295.112747 10054.872213 -119.103050
12345.112747 10054.872213 -106.987701
12395.112747 10054.872213 -94.524063
12445.112747 10054.872213 -81.843658
12495.112747 10054.872213 -69.083260
12545.112747 10054.872213 -56.315105
12595.112747 10054.872213 -43.621460
12645.112747 10054.872213 -31.129957
12695.112747 10054.872213 -18.934589
12745.112747 10054.872213 -7.169456
12795.112747 10054.872213 3.963158
12845.112747 10054.872213 14.316623
12895.112747 10054.872213 23.809057
12945.112747 10054.872213 32.333305
12995.112747 10054.872213 39.765812
13045.112747 10054.872213 45.987968
13095.112747 10054.872213 51.049866
13145.112747 10054.872213 55.043800
13195.112747 10054.872213 57.999081
13245.112747 10054.872213 59.998558
13295.112747 10054.872213 61.176785
13345.112747 10054.872213 61.572113
13395.112747 10054.872213 61.280052
13445.112747 10054.872213 60.336170
13495.112747 10054.872213 58.729595
13545.112747 10054.872213 56.534618
13595.112747 10054.872213 53.818989
13645.112747 10054.872213 50.632584
13695.112747 10054.872213 47.061428
13745.112747 10054.872213 43.129257
13795.112747 10054.872213 38.913380
13845.112747 10054.872213 34.449768
13895.112747 10054.872213 29.806490
13945.112747 10054.872213 25.077724
13995.112747 10054.872213 20.341040
6545.112747 10104.872213 790.676575
6595.112747 10104.872213 757.196899
6645.112747 10104.872213 723.790405
6695.112747 10104.872213 690.510254
6745.112747 10104.872213 657.515198
6795.112747 10104.872213 624.972229
6845.112747 10104.872213 592.979858
6895.112747 10104.872213 561.685059
6945.112747 10104.872213 531.184753
6995.112747 10104.872213 501.493896
7045.112747 10104.872213 472.678223
7095.112747 10104.872213 444.837799
7145.112747 10104.872213 417.994751
7195.112747 10104.872213 392.191681
7245.112747 10104.872213 367.527649
7295.112747 10104.872213 344.081360
7345.112747 10104.872213 321.841858
7395.112747 10104.872213 300.844727
7445.112747 10104.872213 281.095428
7495.112747 10104.872213 262.585724
7545.112747 10104.872213 245.260605
7595.112747 10104.872213 229.042145
7645.112747 10104.872213 213.851852
7695.112747 10104.872213 199.670944
7745.112747 10104.872213 186.489029
7795.112747 10104.872213 174.277420
7845.112747 10104.872213 163.004227
7895.112747 10104.872213 152.686569
7945.112747 10104.872213 143.286072
7995.112747 10104.872213 134.720963
8045.112747 10104.872213 126.851631
8095.112747 10104.872213 119.612076
8145.112747 10104.872213 112.954201
8195.112747 10104.872213 106.839668
8245.112747 10104.872213 101.319321
8295.112747 10104.872213 96.449287
8345.112747 10104.872213 92.316315
8395.112747 10104.872213 89.036263
8445.112747 10104.872213 86.660271
8495.112747 10104.872213 85.124588
8545.112747 10104.872213 84.363060
8595.112747 10104.872213 84.344223
8645.112747 10104.872213 85.084129
8695.112747 10104.872213 86.523575
8745.112747 10104.872213 88.690193
8795.112747 10104.872213 91.517273
8845.112747 10104.872213 94.947403
8895.112747 10104.872213 98.941666
8945.112747 10104.872213 103.436302
8995.112747 10104.872213 108.434738
9045.112747 10104.872213 113.913872
9095.112747 10104.872213 119.891510
9145.112747 10104.872213 126.349998
9195.112747 10104.872213 133.278061
9245.112747 10104.872213 140.593170
9295.112747 10104.872213 148.239227
9345.112747 10104.872213 156.061157
9395.112747 10104.872213 163.969604
9445.112747 10104.872213 171.912460
9495.112747 10104.872213 179.791443
9545.112747 10104.872213 187.506439
9595.112747 10104.872213 194.925064
9645.112747 10104.872213 201.927597
9695.112747 10104.872213 208.418427
9745.112747 10104.872213 214.317795
9795.112747 10104.872213 219.476578
9845.112747 10104.872213 223.802811
9895.112747 10104.872213 227.192001
9945.112747 10104.872213 229.571350
9995.112747 10104.872213 230.884384
10045.112747 10104.872213 231.105347
10095.112747 10104.872213 230.181396
10145.112747 10104.872213 228.064102
10195.112747 10104.872213 224.734055
10245.112747 10104.872213 220.123718
10295.112747 10104.872213 214.197662
10345.112747 10104.872213 206.974899
10395.112747 10104.872213 198.484589
10445.112747 10104.872213 188.725876
10495.112747 10104.872213 177.688538
10545.112747 10104.872213 165.373581
10595.112747 10104.872213 151.784210
10645.112747 10104.872213 136.958786
10695.112747 10104.872213 120.847397
10745.112747 10104.872213 103.535416
10795.112747 10104.872213 85.122528
10845.112747 10104.872213 65.727448
10895.112747 10104.872213 45.524216
10945.112747 10104.872213 24.718250
10995.112747 10104.872213 3.499958
11045.112747 10104.872213 -17.896755
11095.112747 10104.872213 -39.235752
11145.112747 10104.872213 -60.272964
11195.112747 10104.872213 -80.689026
11245.112747 10104.872213 -100.252266
11295.112747 10104.872213 -118.770485
11345.112747 10104.872213 -136.121429
11395.112747 10104.872213 -152.066742
11445.112747 10104.872213 -166.341019
11495.112747 10104.872213 -178.713165
11545.112747 10104.872213 -189.019196
11595.112747 10104.872213 -197.177734
11645.112747 10104.872213 -203.174408
11695.112747 10104.872213 -207.037308
11745.112747 10104.872213 -208.804077
11795.112747 10104.872213 -208.483704
11845.112747 10104.872213 -206.192413
11895.112747 10104.872213 -202.058136
11945.112747 10104.872213 -196.333572
11995.112747 10104.872213 -189.214890
12045.112747 10104.872213 -180.869278
12095.112747 10104.872213 -171.423508
12145.112747 10104.872213 -161.029999
12195.112747 10104.872213 -149.764801
12245.112747 10104.872213 -137.857178
12295.112747 10104.872213 -125.377983
12345.112747 10104.872213 -112.471985
12395.112747 10104.872213 -99.312424
12445.112747 10104.872213 -86.020866
12495.112747 10104.872213 -72.714218
12545.112747 10104.872213 -59.480049
12595.112747 10104.872213 -46.395317
12645.112747 10104.872213 -33.564648
12695.112747 10104.872213 -21.098392
12745.112747 10104.872213 -9.111060
12795.112747 10104.872213 2.291974
12845.112747 10104.872213 12.893262
12895.112747 10104.872213 22.553457
12945.112747 10104.872213 31.153978
12995.112747 10104.872213 38.620888
13045.112747 10104.872213 44.913502
13095.112747 10104.872213 50.022053
13145.112747 10104.872213 54.017212
13195.112747 10104.872213 56.946758
13245.112747 10104.872213 58.942226
13295.112747 10104.872213 60.025318
13345.112747 10104.872213 60.335575
13395.112747 10104.872213 59.961414
13445.112747 10104.872213 58.954758
13495.112747 10104.872213 57.305862
13545.112747 10104.872213 55.080456
13595.112747 10104.872213 52.368519
13645.112747 10104.872213 49.285164
13695.112747 10104.872213 45.875332
13745.112747 10104.872213 42.204559
13795.112747 10104.872213 38.251480
13845.112747 10104.872213 34.142792
13895.112747 10104.872213 29.925734
13945.112747 10104.872213 25.675604
13995.112747 10104.872213 21.435715
6545.112747 10154.872213 766.223694
6595.112747 10154.872213 734.898315
6645.112747 10154.872213 703.558716
6695.112747 10154.872213 672.278564
6745.112747 10154.872213 641.156433
6795.112747 10154.872213 610.313477
6845.112747 10154.872213 579.922058
6895.112747 10154.872213 550.120483
6945.112747 10154.872213 520.958618
6995.112747 10154.872213 492.510498
7045.112747 10154.872213 464.834808
7095.112747 10154.872213 438.013245
7145.112747 10154.872213 412.137634
7195.112747 10154.872213 387.283539
7245.112747 10154.872213 363.551849
7295.112747 10154.872213 340.982971
7345.112747 10154.872213 319.576447
7395.112747 10154.872213 299.381287
7445.112747 10154.872213 280.407379
7495.112747 10154.872213 262.671631
7545.112747 10154.872213 246.093262
7595.112747 10154.872213 230.581192
7645.112747 10154.872213 216.099396
7695.112747 10154.872213 202.608398
7745.112747 10154.872213 190.098434
7795.112747 10154.872213 178.547134
7845.112747 10154.872213 167.974869
7895.112747 10154.872213 158.363785
7945.112747 10154.872213 149.675842
7995.112747 10154.872213 141.813995
8045.112747 10154.872213 134.647552
8095.112747 10154.872213 128.020035
8145.112747 10154.872213 121.913063
8195.112747 10154.872213 116.319298
8245.112747 10154.872213 111.241165
8295.112747 10154.872213 106.751373
8345.112747 10154.872213 102.922684
8395.112747 10154.872213 99.867104
8445.112747 10154.872213 97.617218
8495.112747 10154.872213 96.159157
8545.112747 10154.872213 95.450432
8595.112747 10154.872213 95.489220
8645.112747 10154.872213 96.213219
8695.112747 10154.872213 97.612579
8745.112747 10154.872213 99.658852
8795.112747 10154.872213 102.293320
8845.112747 10154.872213 105.438988
8895.112747 10154.872213 109.042290
8945.112747 10154.872213 113.022148
8995.112747 10154.872213 117.395973
9045.112747 10154.872213 122.184639
9095.112747 10154.872213 127.374146
9145.112747 10154.872213 132.949707
9195.112747 10154.872213 138.875641
9245.112747 10154.872213 145.107132
9295.112747 10154.872213 151.589218
9345.112747 10154.872213 158.225693
9395.112747 10154.872213 164.948181
9445.112747 10154.872213 171.679718
9495.112747 10154.872213 178.285339
9545.112747 10154.872213 184.679749
9595.112747 10154.872213 190.783920
9645.112747 10154.872213 196.478577
9695.112747 10154.872213 201.685410
9745.112747 10154.872213 206.259476
9795.112747 10154.872213 210.091354
9845.112747 10154.872213 213.084091
9895.112747 10154.872213 215.156128
9945.112747 10154.872213 216.226227
9995.112747 10154.872213 216.303650
10045.112747 10154.872213 215.341370
10095.112747 10154.872213 213.339676
10145.112747 10154.872213 210.232513
10195.112747 10154.872213 206.010147
10245.112747 10154.872213 200.565475
10295.112747 10154.872213 193.860245
10345.112747 10154.872213 185.917908
10395.112747 10154.872213 176.739197
10445.112747 10154.872213 166.370636
10495.112747 10154.872213 154.845001
10545.112747 10154.872213 142.157303
10595.112747 10154.872213 128.334854
10645.112747 10154.872213 113.378937
10695.112747 10154.872213 97.263573
10745.112747 10154.872213 80.046135
10795.112747 10154.872213 61.758907
10845.112747 10154.872213 42.519478
10895.112747 10154.872213 22.473124
10945.112747 10154.872213 1.793747
10995.112747 10154.872213 -19.277075
11045.112747 10154.872213 -40.526901
11095.112747 10154.872213 -61.713730
11145.112747 10154.872213 -82.600998
11195.112747 10154.872213 -102.879623
11245.112747 10154.872213 -122.267700
11295.112747 10154.872213 -140.633514
11345.112747 10154.872213 -157.812042
11395.112747 10154.872213 -173.598495
11445.112747 10154.872213 -187.706802
11495.112747 10154.872213 -199.858917
11545.112747 10154.872213 -209.866837
11595.112747 10154.872213 -217.578812
11645.112747 10154.872213 -222.889328
11695.112747 10154.872213 -225.845047
11745.112747 10154.872213 -226.485580
11795.112747 10154.872213 -224.927231
11845.112747 10154.872213 -221.270309
11895.112747 10154.872213 -215.778305
11945.112747 10154.872213 -208.729965
11995.112747 10154.872213 -200.396805
12045.112747 10154.872213 -190.919250
12095.112747 10154.872213 -180.480865
12145.112747 10154.872213 -169.133026
12195.112747 10154.872213 -157.055664
12245.112747 10154.872213 -144.321747
12295.112747 10154.872213 -131.082672
12345.112747 10154.872213 -117.476685
12395.112747 10154.872213 -103.682678
12445.112747 10154.872213 -89.824142
12495.112747 10154.872213 -76.008331
12545.112747 10154.872213 -62.367527
12595.112747 10154.872213 -48.971344
12645.112747 10154.872213 -35.880398
12695.112747 10154.872213 -23.205568
12745.112747 10154.872213 -11.008332
12795.112747 10154.872213 0.579713
12845.112747 10154.872213 11.343886
12895.112747 10154.872213 21.106623
12945.112747 10154.872213 29.769402
12995.112747 10154.872213 37.264423
13045.112747 10154.872213 43.600368
13095.112747 10154.872213 48.774048
13145.112747 10154.872213 52.784012
13195.112747 10154.872213 55.722515
13245.112747 10154.872213 57.680820
13295.112747 10154.872213 58.726192
13345.112747 10154.872213 58.964691
13395.112747 10154.872213 58.534897
13445.112747 10154.872213 57.494480
13495.112747 10154.872213 55.850945
13545.112747 10154.872213 53.659176
13595.112747 10154.872213 50.988758
13645.112747 10154.872213 47.985332
13695.112747 10154.872213 44.722904
13745.112747 10154.872213 41.269920
13795.112747 10154.872213 37.636364
13845.112747 10154.872213 33.842422
13895.112747 10154.872213 30.000719
13945.112747 10154.872213 26.189161
13995.112747 10154.872213 22.373768
6545.112747 10204.872213 740.292297
6595.112747 10204.872213 711.055420
6645.112747 10204.872213 681.771729
6695.112747 10204.872213 652.492554
6745.112747 10204.872213 623.261536
6795.112747 10204.872213 594.181763
6845.112747 10204.872213 565.437073
6895.112747 10204.872213 537.184509
6945.112747 10204.872213 509.453705
6995.112747 10204.872213 482.347961
7045.112747 10204.872213 455.949951
7095.112747 10204.872213 430.303711
7145.112747 10204.872213 405.533600
7195.112747 10204.872213 381.761444
7245.112747 10204.872213 359.054108
7295.112747 10204.872213 337.409332
7345.112747 10204.872213 316.871460
7395.112747 10204.872213 297.517548
7445.112747 10204.872213 279.377441
7495.112747 10204.872213 262.415344
7545.112747 10204.872213 246.588242
7595.112747 10204.872213 231.811798
7645.112747 10204.872213 218.022400
7695.112747 10204.872213 205.227997
7745.112747 10204.872213 193.379349
7795.112747 10204.872213 182.499115
7845.112747 10204.872213 172.630219
7895.112747 10204.872213 163.740555
7945.112747 10204.872213 155.761780
7995.112747 10204.872213 148.590195
8045.112747 10204.872213 142.053406
8095.112747 10204.872213 136.044434
8145.112747 10204.872213 130.518082
8195.112747 10204.872213 125.419518
8245.112747 10204.872213 120.769394
8295.112747 10204.872213 116.644867
8345.112747 10204.872213 113.130661
8395.112747 10204.872213 110.308479
8445.112747 10204.872213 108.198792
8495.112747 10204.872213 106.789635
8545.112747 10204.872213 106.133522
8595.112747 10204.872213 106.201347
8645.112747 10204.872213 106.948517
8695.112747 10204.872213 108.339180
8745.112747 10204.872213 110.306404
8795.112747 10204.872213 112.752518
8845.112747 10204.872213 115.642700
8895.112747 10204.872213 118.878029
8945.112747 10204.872213 122.398674
8995.112747 10204.872213 126.222862
9045.112747 10204.872213 130.354645
9095.112747 10204.872213 134.788620
9145.112747 10204.872213 139.524765
9195.112747 10204.872213 144.514236
9245.112747 10204.872213 149.741486
9295.112747 10204.872213 155.137283
9345.112747 10204.872213 160.656967
9395.112747 10204.872213 166.280884
9445.112747 10204.872213 171.869995
9495.112747 10204.872213 177.296051
9545.112747 10204.872213 182.472763
9595.112747 10204.872213 187.342072
9645.112747 10204.872213 191.812683
9695.112747 10204.872213 195.783112
9745.112747 10204.872213 199.117233
9795.112747 10204.872213 201.679230
9845.112747 10204.872213 203.377426
9895.112747 10204.872213 204.154739
9945.112747 10204.872213 203.995804
9995.112747 10204.872213 202.865204
10045.112747 10204.872213 200.780960
10095.112747 10204.872213 197.728912
10145.112747 10204.872213 193.709763
10195.112747 10204.872213 188.633514
10245.112747 10204.872213 182.428421
10295.112747 10204.872213 175.027679
10345.112747 10204.872213 166.405701
10395.112747 10204.872213 156.594406
10445.112747 10204.872213 145.675262
10495.112747 10204.872213 133.685776
10545.112747 10204.872213 120.646042
10595.112747 10204.872213 106.613693
10645.112747 10204.872213 91.566673
10695.112747 10204.872213 75.509865
10745.112747 10204.872213 58.425720
10795.112747 10204.872213 40.325516
10845.112747 10204.872213 21.265511
10895.112747 10204.872213 1.440735
10945.112747 10204.872213 -19.005381
10995.112747 10204.872213 -39.891209
11045.112747 10204.872213 -60.963394
11095.112747 10204.872213 -81.967529
11145.112747 10204.872213 -102.641846
11195.112747 10204.872213 -122.738129
11245.112747 10204.872213 -141.988403
11295.112747 10204.872213 -160.210571
11345.112747 10204.872213 -177.294769
11395.112747 10204.872213 -193.009048
11445.112747 10204.872213 -207.065033
11495.112747 10204.872213 -219.196594
11545.112747 10204.872213 -229.090637
11595.112747 10204.872213 -236.482193
11645.112747 10204.872213 -241.218521
11695.112747 10204.872213 -243.298065
11745.112747 10204.872213 -242.835983
11795.112747 10204.872213 -239.954056
11845.112747 10204.872213 -234.893356
11895.112747 10204.872213 -228.009232
11945.112747 10204.872213 -219.696655
11995.112747 10204.872213 -210.208740
12045.112747 10204.872213 -199.746185
12095.112747 10204.872213 -188.381653
12145.112747 10204.872213 -176.239822
12195.112747 10204.872213 -163.428909
12245.112747 10204.872213 -150.020920
12295.112747 10204.872213 -136.118607
12345.112747 10204.872213 -121.918526
12395.112747 10204.872213 -107.560715
12445.112747 10204.872213 -93.202179
12495.112747 10204.872213 -78.966049
12545.112747 10204.872213 -64.979050
12595.112747 10204.872213 -51.314251
12645.112747 10204.872213 -38.039356
12695.112747 10204.872213 -25.206299
12745.112747 10204.872213 -12.880857
12795.112747 10204.872213 -1.171860
12845.112747 10204.872213 9.683851
12895.112747 10204.872213 19.505135
12945.112747 10204.872213 28.207943
12995.112747 10204.872213 35.753712
13045.112747 10204.872213 42.108372
13095.112747 10204.872213 47.294163
13145.112747 10204.872213 51.328255
13195.112747 10204.872213 54.281628
13245.112747 10204.872213 56.228760
13295.112747 10204.872213 57.277649
13345.112747 10204.872213 57.498413
13395.112747 10204.872213 57.044266
13445.112747 10204.872213 55.994179
13495.112747 10204.872213 54.393059
13545.112747 10204.872213 52.249340
13595.112747 10204.872213 49.662182
13645.112747 10204.872213 46.769020
13695.112747 10204.872213 43.661594
13745.112747 10204.872213 40.400074
13795.112747 10204.872213 37.018452
13845.112747 10204.872213 33.540722
13895.112747 10204.872213 30.041695
13945.112747 10204.872213 26.551523
13995.112747 10204.872213 23.070940
6545.112747 10254.872213 713.209229
6595.112747 10254.872213 686.004089
6645.112747 10254.872213 658.717346
6695.112747 10254.872213 631.366272
6745.112747 10254.872213 604.012024
6795.112747 10254.872213 576.727112
6845.112747 10254.872213 549.678345
6895.112747 10254.872213 522.998596
6945.112747 10254.872213 496.770386
6995.112747 10254.872213 471.110260
7045.112747 10254.872213 446.060577
7095.112747 10254.872213 421.705444
7145.112747 10254.872213 398.158112
7195.112747 10254.872213 375.537842
7245.112747 10254.872213 353.921448
7295.112747 10254.872213 333.269379
7345.112747 10254.872213 313.678528
7395.112747 10254.872213 295.192871
7445.112747 10254.872213 277.898376
7495.112747 10254.872213 261.773438
7545.112747 10254.872213 246.719131
7595.112747 10254.872213 232.662766
7645.112747 10254.872213 219.584030
7695.112747 10254.872213 207.460190
7745.112747 10254.872213 196.297592
7795.112747 10254.872213 186.097717
7845.112747 10254.872213 176.920090
7895.112747 10254.872213 168.731216
7945.112747 10254.872213 161.450653
7995.112747 10254.872213 154.923691
8045.112747 10254.872213 149.030289
8095.112747 10254.872213 143.634018
8145.112747 10254.872213 138.667023
8195.112747 10254.872213 134.087921
8245.112747 10254.872213 129.848267
8295.112747 10254.872213 126.103317
8345.112747 10254.872213 122.897179
8395.112747 10254.872213 120.291328
8445.112747 10254.872213 118.325729
8495.112747 10254.872213 117.011292
8545.112747 10254.872213 116.393608
8595.112747 10254.872213 116.487167
8645.112747 10254.872213 117.248558
8695.112747 10254.872213 118.627884
8745.112747 10254.872213 120.516052
8795.112747 10254.872213 122.793640
8845.112747 10254.872213 125.437950
8895.112747 10254.872213 128.371704
8945.112747 10254.872213 131.498383
8995.112747 10254.872213 134.827850
9045.112747 10254.872213 138.355347
9095.112747 10254.872213 142.077011
9145.112747 10254.872213 146.007690
9195.112747 10254.872213 150.113235
9245.112747 10254.872213 154.389496
9295.112747 10254.872213 158.808334
9345.112747 10254.872213 163.347244
9395.112747 10254.872213 167.962463
9445.112747 10254.872213 172.496231
9495.112747 10254.872213 176.831818
9545.112747 10254.872213 180.879700
9595.112747 10254.872213 184.600342
9645.112747 10254.872213 187.924301
9695.112747 10254.872213 190.748581
9745.112747 10254.872213 192.883652
9795.112747 10254.872213 194.223648
9845.112747 10254.872213 194.672424
9895.112747 10254.872213 194.198044
9945.112747 10254.872213 192.852692
9995.112747 10254.872213 190.617493
10045.112747 10254.872213 187.472092
10095.112747 10254.872213 183.458969
10145.112747 10254.872213 178.553757
10195.112747 10254.872213 172.690582
10245.112747 10254.872213 165.762817
10295.112747 10254.872213 157.709213
10345.112747 10254.872213 148.496033
10395.112747 10254.872213 138.155212
10445.112747 10254.872213 126.759819
10495.112747 10254.872213 114.340355
10545.112747 10254.872213 100.980721
10595.112747 10254.872213 86.757164
10645.112747 10254.872213 71.659470
10695.112747 10254.872213 55.646679
10745.112747 10254.872213 38.693123
10795.112747 10254.872213 20.788115
10845.112747 10254.872213 2.020428
10895.112747 10254.872213 -17.522194
10945.112747 10254.872213 -37.699963
10995.112747 10254.872213 -58.312912
11045.112747 10254.872213 -79.117409
11095.112747 10254.872213 -99.856148
11145.112747 10254.872213 -120.273247
11195.112747 10254.872213 -140.126572
11245.112747 10254.872213 -159.195541
11295.112747 10254.872213 -177.281830
11345.112747 10254.872213 -194.253067
11395.112747 10254.872213 -209.917786
11445.112747 10254.872213 -224.019012
11495.112747 10254.872213 -236.251266
11545.112747 10254.872213 -246.225433
11595.112747 10254.872213 -253.522751
11645.112747 10254.872213 -257.808563
11695.112747 10254.872213 -259.070862
11745.112747 10254.872213 -257.415009
11795.112747 10254.872213 -253.132828
11845.112747 10254.872213 -246.638718
11895.112747 10254.872213 -238.454224
11945.112747 10254.872213 -228.983749
11995.112747 10254.872213 -218.488937
12045.112747 10254.872213 -207.126938
12095.112747 10254.872213 -195.019760
12145.112747 10254.872213 -182.214844
12195.112747 10254.872213 -168.798065
12245.112747 10254.872213 -154.807831
12295.112747 10254.872213 -140.387680
12345.112747 10254.872213 -125.690323
12395.112747 10254.872213 -110.884621
12445.112747 10254.872213 -96.126457
12495.112747 10254.872213 -81.561806
12545.112747 10254.872213 -67.316414
12595.112747 10254.872213 -53.454723
12645.112747 10254.872213 -40.006203
12695.112747 10254.872213 -27.071514
12745.112747 10254.872213 -14.708679
12795.112747 10254.872213 -2.962926
12845.112747 10254.872213 7.919526
12895.112747 10254.872213 17.779636
12945.112747 10254.872213 26.518702
12995.112747 10254.872213 34.068443
13045.112747 10254.872213 40.424473
13095.112747 10254.872213 45.583992
13145.112747 10254.872213 49.625504
13195.112747 10254.872213 52.653637
13245.112747 10254.872213 54.658226
13295.112747 10254.872213 55.733345
13345.112747 10254.872213 55.962391
13395.112747 10254.872213 55.514957
13445.112747 10254.872213 54.496323
13495.112747 10254.872213 52.940231
13545.112747 10254.872213 50.841152
13595.112747 10254.872213 48.363083
13645.112747 10254.872213 45.631123
13695.112747 10254.872213 42.687786
13745.112747 10254.872213 39.615780
13795.112747 10254.872213 36.458813
13845.112747 10254.872213 33.218243
13895.112747 10254.872213 29.990871
13945.112747 10254.872213 26.757273
13995.112747 10254.872213 23.500071
6545.112747 10304.872213 685.361145
6595.112747 10304.872213 660.027344
6645.112747 10304.872213 634.627563
6695.112747 10304.872213 609.172668
6745.112747 10304.872213 583.656616
6795.112747 10304.872213 558.135925
6845.112747 10304.872213 532.774231
6895.112747 10304.872213 507.709625
6945.112747 10304.872213 483.021637
6995.112747 10304.872213 458.828247
7045.112747 10304.872213 435.208649
7095.112747 10304.872213 412.229706
7145.112747 10304.872213 389.976410
7195.112747 10304.872213 368.574890
7245.112747 10304.872213 348.057373
7295.112747 10304.872213 328.480621
7345.112747 10304.872213 309.874359
7395.112747 10304.872213 292.350922
7445.112747 10304.872213 275.933075
7495.112747 10304.872213 260.639465
7545.112747 10304.872213 246.378769
7595.112747 10304.872213 233.070282
7645.112747 10304.872213 220.693054
7695.112747 10304.872213 209.268295
7745.112747 10304.872213 198.810425
7795.112747 10304.872213 189.331177
7845.112747 10304.872213 180.829239
7895.112747 10304.872213 173.304367
7945.112747 10304.872213 166.665588
7995.112747 10304.872213 160.781174
8045.112747 10304.872213 155.493973
8095.112747 10304.872213 150.709198
8145.112747 10304.872213 146.282700
8195.112747 10304.872213 142.194550
8245.112747 10304.872213 138.463211
8295.112747 10304.872213 135.104004
8345.112747 10304.872213 132.207199
8395.112747 10304.872213 129.816147
8445.112747 10304.872213 127.997162
8495.112747 10304.872213 126.762093
8545.112747 10304.872213 126.189758
8595.112747 10304.872213 126.309464
8645.112747 10304.872213 127.094757
8695.112747 10304.872213 128.436356
8745.112747 10304.872213 130.224640
8795.112747 10304.872213 132.371628
8845.112747 10304.872213 134.809708
8895.112747 10304.872213 137.453461
8945.112747 10304.872213 140.239716
8995.112747 10304.872213 143.126968
9045.112747 10304.872213 146.088318
9095.112747 10304.872213 149.134171
9145.112747 10304.872213 152.309341
9195.112747 10304.872213 155.600311
9245.112747 10304.872213 159.018616
9295.112747 10304.872213 162.566254
9345.112747 10304.872213 166.218613
9395.112747 10304.872213 169.915588
9445.112747 10304.872213 173.518814
9495.112747 10304.872213 176.882278
9545.112747 10304.872213 179.920700
9595.112747 10304.872213 182.565735
9645.112747 10304.872213 184.813782
9695.112747 10304.872213 186.525574
9745.112747 10304.872213 187.526718
9795.112747 10304.872213 187.685196
9845.112747 10304.872213 186.959854
9895.112747 10304.872213 185.327637
9945.112747 10304.872213 182.829178
9995.112747 10304.872213 179.543930
10045.112747 10304.872213 175.463409
10095.112747 10304.872213 170.555405
10145.112747 10304.872213 164.830399
10195.112747 10304.872213 158.214096
10245.112747 10304.872213 150.614090
10295.112747 10304.872213 141.956314
10345.112747 10304.872213 132.227585
10395.112747 10304.872213 121.437164
10445.112747 10304.872213 109.626251
10495.112747 10304.872213 96.857384
10545.112747 10304.872213 83.260025
10595.112747 10304.872213 68.878540
10645.112747 10304.872213 53.707760
10695.112747 10304.872213 37.692997
10745.112747 10304.872213 20.849594
10795.112747 10304.872213 3.181668
10845.112747 10304.872213 -15.266382
10895.112747 10304.872213 -34.432034
10945.112747 10304.872213 -54.242867
10995.112747 10304.872213 -74.497787
11045.112747 10304.872213 -94.948837
11095.112747 10304.872213 -115.346092
11145.112747 10304.872213 -135.456604
11195.112747 10304.872213 -155.001068
11245.112747 10304.872213 -173.784134
11295.112747 10304.872213 -191.652145
11345.112747 10304.872213 -208.482101
11395.112747 10304.872213 -224.062729
11445.112747 10304.872213 -238.166641
11495.112747 10304.872213 -250.508957
11545.112747 10304.872213 -260.725128
11595.112747 10304.872213 -268.163605
11645.112747 10304.872213 -272.202698
11695.112747 10304.872213 -272.606445
11745.112747 10304.872213 -269.649261
11795.112747 10304.872213 -263.964478
11845.112747 10304.872213 -256.160797
11895.112747 10304.872213 -246.848145
11945.112747 10304.872213 -236.405075
11995.112747 10304.872213 -225.064774
12045.112747 10304.872213 -213.002106
12095.112747 10304.872213 -200.296799
12145.112747 10304.872213 -186.956970
12195.112747 10304.872213 -173.027039
12245.112747 10304.872213 -158.596176
12295.112747 10304.872213 -143.762650
12345.112747 10304.872213 -128.733124
12395.112747 10304.872213 -113.630966
12445.112747 10304.872213 -98.594040
12495.112747 10304.872213 -83.777428
12545.112747 10304.872213 -69.328712
12595.112747 10304.872213 -55.303543
12645.112747 10304.872213 -41.773254
12695.112747 10304.872213 -28.798752
12745.112747 10304.872213 -16.442612
12795.112747 10304.872213 -4.789045
12845.112747 10304.872213 6.074023
12895.112747 10304.872213 15.947842
12945.112747 10304.872213 24.664146
12995.112747 10304.872213 32.201725
13045.112747 10304.872213 38.538704
13095.112747 10304.872213 43.686310
13145.112747 10304.872213 47.769527
13195.112747 10304.872213 50.856606
13245.112747 10304.872213 52.962990
13295.112747 10304.872213 54.099743
13345.112747 10304.872213 54.416397
13395.112747 10304.872213 54.008369
13445.112747 10304.872213 53.000156
13495.112747 10304.872213 51.479515
13545.112747 10304.872213 49.476734
13595.112747 10304.872213 47.124088
13645.112747 10304.872213 44.521202
13695.112747 10304.872213 41.770153
13745.112747 10304.872213 38.893723
13795.112747 10304.872213 35.921497
13845.112747 10304.872213 32.903473
13895.112747 10304.872213 29.849991
13945.112747 10304.872213 26.782570
13995.112747 10304.872213 23.685158
6545.112747 10354.872213 656.952576
6595.112747 10354.872213 633.370728
6645.112747 10354.872213 609.759705
6695.112747 10354.872213 586.096375
6745.112747 10354.872213 562.335693
6795.112747 10354.872213 538.569336
6845.112747 10354.872213 514.918091
6895.112747 10354.872213 491.471741
6945.112747 10354.872213 468.323639
6995.112747 10354.872213 445.617462
7045.112747 10354.872213 423.462158
7095.112747 10354.872213 401.891418
7145.112747 10354.872213 380.963043
7195.112747 10354.872213 360.787811
7245.112747 10354.872213 341.442505
7295.112747 10354.872213 322.952271
7345.112747 10354.872213 305.406586
7395.112747 10354.872213 288.870850
7445.112747 10354.872213 273.375214
7495.112747 10354.872213 258.950134
7545.112747 10354.872213 245.514023
7595.112747 10354.872213 232.955627
7645.112747 10354.872213 221.294754
7695.112747 10354.872213 210.612427
7745.112747 10354.872213 200.896851
7795.112747 10354.872213 192.116882
7845.112747 10354.872213 184.322296
7895.112747 10354.872213 177.426834
7945.112747 10354.872213 171.413635
7995.112747 10354.872213 166.127716
8045.112747 10354.872213 161.452484
8095.112747 10354.872213 157.209488
8145.112747 10354.872213 153.329315
8195.112747 10354.872213 149.750473
8245.112747 10354.872213 146.469910
8295.112747 10354.872213 143.535080
8345.112747 10354.872213 140.977005
8395.112747 10354.872213 138.862991
8445.112747 10354.872213 137.204163
8495.112747 10354.872213 136.055496
8545.112747 10354.872213 135.529984
8595.112747 10354.872213 135.694550
8645.112747 10354.872213 136.456131
8695.112747 10354.872213 137.745453
8745.112747 10354.872213 139.446579
8795.112747 10354.872213 141.457489
8845.112747 10354.872213 143.701370
8895.112747 10354.872213 146.094086
8945.112747 10354.872213 148.546722
8995.112747 10354.872213 151.007294
9045.112747 10354.872213 153.423233
9095.112747 10354.872213 155.852783
9145.112747 10354.872213 158.348557
9195.112747 10354.872213 160.937286
9245.112747 10354.872213 163.590027
9295.112747 10354.872213 166.356628
9345.112747 10354.872213 169.213425
9395.112747 10354.872213 172.120453
9445.112747 10354.872213 174.896530
9495.112747 10354.872213 177.400513
9545.112747 10354.872213 179.505432
9595.112747 10354.872213 181.207367
9645.112747 10354.872213 182.421494
9695.112747 10354.872213 183.074142
9745.112747 10354.872213 182.982910
9795.112747 10354.872213 182.034042
9845.112747 10354.872213 180.211716
9895.112747 10354.872213 177.496780
9945.112747 10354.872213 173.972870
9995.112747 10354.872213 169.711685
10045.112747 10354.872213 164.749634
10095.112747 10354.872213 159.057007
10145.112747 10354.872213 152.599533
10195.112747 10354.872213 145.284302
10245.112747 10354.872213 137.039459
10295.112747 10354.872213 127.853157
10345.112747 10354.872213 117.674561
10395.112747 10354.872213 106.520973
10445.112747 10354.872213 94.388527
10495.112747 10354.872213 81.371399
10545.112747 10354.872213 67.561928
10595.112747 10354.872213 53.055992
10645.112747 10354.872213 37.763321
10695.112747 10354.872213 21.738424
10745.112747 10354.872213 4.991010
10795.112747 10354.872213 -12.439796
10845.112747 10354.872213 -30.521181
10895.112747 10354.872213 -49.285313
10945.112747 10354.872213 -68.658669
10995.112747 10354.872213 -88.470551
11045.112747 10354.872213 -108.495590
11095.112747 10354.872213 -128.490097
11145.112747 10354.872213 -148.194077
11195.112747 10354.872213 -167.343033
11245.112747 10354.872213 -185.735703
11295.112747 10354.872213 -203.292480
11345.112747 10354.872213 -219.831543
11395.112747 10354.872213 -235.210526
11445.112747 10354.872213 -249.187515
11495.112747 10354.872213 -261.541962
11545.112747 10354.872213 -271.905396
11595.112747 10354.872213 -279.704437
11645.112747 10354.872213 -283.793365
11695.112747 10354.872213 -283.151245
11745.112747 10354.872213 -278.866913
11795.112747 10354.872213 -271.964050
11845.112747 10354.872213 -263.161285
11895.112747 10354.872213 -252.971436
11945.112747 10354.872213 -241.798141
11995.112747 10354.872213 -229.849121
12045.112747 10354.872213 -217.267563
12095.112747 10354.872213 -204.111252
12145.112747 10354.872213 -190.367783
12195.112747 10354.872213 -176.089005
12245.112747 10354.872213 -161.333923
12295.112747 10354.872213 -146.251526
12345.112747 10354.872213 -131.005997
12395.112747 10354.872213 -115.738365
12445.112747 10354.872213 -100.563194
12495.112747 10354.872213 -85.608345
12545.112747 10354.872213 -70.997009
12595.112747 10354.872213 -56.874889
12645.112747 10354.872213 -43.319332
12695.112747 10354.872213 -30.375263
12745.112747 10354.872213 -18.100468
12795.112747 10354.872213 -6.555535
12845.112747 10354.872213 4.191100
12895.112747 10354.872213 13.966469
12945.112747 10354.872213 22.629034
12995.112747 10354.872213 30.137197
13045.112747 10354.872213 36.476387
13095.112747 10354.872213 41.669350
13145.112747 10354.872213 45.799671
13195.112747 10354.872213 48.974957
13245.112747 10354.872213 51.161152
13295.112747 10354.872213 52.396259
13345.112747 10354.872213 52.814060
13395.112747 10354.872213 52.497562
13445.112747 10354.872213 51.555954
13495.112747 10354.872213 50.072643
13545.112747 10354.872213 48.176250
13595.112747 10354.872213 45.925148
13645.112747 10354.872213 43.464886
13695.112747 10354.872213 40.865101
13745.112747 10354.872213 38.188339
13795.112747 10354.872213 35.404922
13845.112747 10354.872213 32.529312
13895.112747 10354.872213 29.610697
13945.112747 10354.872213 26.652979
13995.112747 10354.872213 23.655239
6545.112747 10404.872213 628.164307
6595.112747 10404.872213 606.254761
6645.112747 10404.872213 584.311035
6695.112747 10404.872213 562.317627
6745.112747 10404.872213 540.246521
6795.112747 10404.872213 518.189209
6845.112747 10404.872213 496.200104
6895.112747 10404.872213 474.392639
6945.112747 10404.872213 452.824280
6995.112747 10404.872213 431.627655
7045.112747 10404.872213 410.925049
7095.112747 10404.872213 390.771576
7145.112747 10404.872213 371.178833
7195.112747 10404.872213 352.245544
7245.112747 10404.872213 334.072693
7295.112747 10404.872213 316.738586
7345.112747 10404.872213 300.306976
7395.112747 10404.872213 284.776550
7445.112747 10404.872213 270.217804
7495.112747 10404.872213 256.677307
7545.112747 10404.872213 244.052826
7595.112747 10404.872213 232.262512
7645.112747 10404.872213 221.386169
7695.112747 10404.872213 211.463699
7745.112747 10404.872213 202.485916
7795.112747 10404.872213 194.430084
7845.112747 10404.872213 187.307678
7895.112747 10404.872213 181.091736
7945.112747 10404.872213 175.705048
7995.112747 10404.872213 171.012802
8045.112747 10404.872213 166.882065
8095.112747 10404.872213 163.166428
8145.112747 10404.872213 159.761749
8195.112747 10404.872213 156.663101
8245.112747 10404.872213 153.841644
8295.112747 10404.872213 151.335464
8345.112747 10404.872213 149.156036
8395.112747 10404.872213 147.328339
8445.112747 10404.872213 145.871033
8495.112747 10404.872213 144.861603
8545.112747 10404.872213 144.431778
8595.112747 10404.872213 144.628860
8645.112747 10404.872213 145.372879
8695.112747 10404.872213 146.576172
8745.112747 10404.872213 148.176041
8795.112747 10404.872213 150.035919
8845.112747 10404.872213 152.086853
8895.112747 10404.872213 154.201859
8945.112747 10404.872213 156.322891
8995.112747 10404.872213 158.371063
9045.112747 10404.872213 160.327576
9095.112747 10404.872213 162.213638
9145.112747 10404.872213 164.135147
9195.112747 10404.872213 166.092865
9245.112747 10404.872213 168.091248
9295.112747 10404.872213 170.150101
9345.112747 10404.872213 172.298721
9395.112747 10404.872213 174.491821
9445.112747 10404.872213 176.529663
9495.112747 10404.872213 178.269516
9545.112747 10404.872213 179.567322
9595.112747 10404.872213 180.371063
9645.112747 10404.872213 180.648056
9695.112747 10404.872213 180.297470
9745.112747 10404.872213 179.188766
9795.112747 10404.872213 177.238449
9845.112747 10404.872213 174.395676
9895.112747 10404.872213 170.718491
9945.112747 10404.872213 166.275803
9995.112747 10404.872213 161.166092
10045.112747 10404.872213 155.403809
10095.112747 10404.872213 148.994858
10145.112747 10404.872213 141.874741
10195.112747 10404.872213 133.941574
10245.112747 10404.872213 125.148918
10295.112747 10404.872213 115.494026
10345.112747 10404.872213 104.946953
10395.112747 10404.872213 93.482536
10445.112747 10404.872213 81.107300
10495.112747 10404.872213 67.893929
10545.112747 10404.872213 53.949825
10595.112747 10404.872213 39.285809
10645.112747 10404.872213 23.914431
10695.112747 10404.872213 7.853447
10745.112747 10404.872213 -8.776072
10795.112747 10404.872213 -25.956335
10845.112747 10404.872213 -43.723988
10895.112747 10404.872213 -62.077461
10945.112747 10404.872213 -80.975143
10995.112747 10404.872213 -100.278358
11045.112747 10404.872213 -119.815628
11095.112747 10404.872213 -139.307968
11145.112747 10404.872213 -158.508759
11195.112747 10404.872213 -177.140152
11245.112747 10404.872213 -195.076904
11295.112747 10404.872213 -212.172150
11345.112747 10404.872213 -228.303116
11395.112747 10404.872213 -243.282516
11445.112747 10404.872213 -256.917664
11495.112747 10404.872213 -268.963867
11545.112747 10404.872213 -279.153900
11595.112747 10404.872213 -287.029480
11645.112747 10404.872213 -291.602264
11695.112747 10404.872213 -289.638062
11745.112747 10404.872213 -284.368347
11795.112747 10404.872213 -276.772064
11845.112747 10404.872213 -267.389343
11895.112747 10404.872213 -256.699280
11945.112747 10404.872213 -245.074326
11995.112747 10404.872213 -232.749023
12045.112747 10404.872213 -219.857712
12095.112747 10404.872213 -206.402237
12145.112747 10404.872213 -192.427841
12195.112747 10404.872213 -177.944611
12245.112747 10404.872213 -163.031601
12295.112747 10404.872213 -147.827240
12345.112747 10404.872213 -132.514481
12395.112747 10404.872213 -117.189384
12445.112747 10404.872213 -101.980835
12495.112747 10404.872213 -86.997337
12545.112747 10404.872213 -72.361343
12595.112747 10404.872213 -58.220486
12645.112747 10404.872213 -44.682529
12695.112747 10404.872213 -31.799253
12745.112747 10404.872213 -19.632950
12795.112747 10404.872213 -8.253742
12845.112747 10404.872213 2.271493
12895.112747 10404.872213 11.883070
12945.112747 10404.872213 20.468344
12995.112747 10404.872213 27.933685
13045.112747 10404.872213 34.302933
13095.112747 10404.872213 39.547661
13145.112747 10404.872213 43.755356
13195.112747 10404.872213 47.007801
13245.112747 10404.872213 49.275574
13295.112747 10404.872213 50.631161
13345.112747 10404.872213 51.170097
13395.112747 10404.872213 50.972301
13445.112747 10404.872213 50.119148
13495.112747 10404.872213 48.746609
13545.112747 10404.872213 46.923733
13595.112747 10404.872213 44.807289
13645.112747 10404.872213 42.466560
13695.112747 10404.872213 39.999683
13745.112747 10404.872213 37.469479
13795.112747 10404.872213 34.833305
13845.112747 10404.872213 32.076366
13895.112747 10404.872213 29.243660
13945.112747 10404.872213 26.364710
13995.112747 10404.872213 23.474649
6545.112747 10454.872213 599.159546
6595.112747 10454.872213 578.842896
6645.112747 10454.872213 558.501038
6695.112747 10454.872213 538.078979
6745.112747 10454.872213 517.612793
6795.112747 10454.872213 497.180206
6845.112747 10454.872213 476.800690
6895.112747 10454.872213 456.598358
6945.112747 10454.872213 436.642609
6995.112747 10454.872213 416.982391
7045.112747 10454.872213 397.732910
7095.112747 10454.872213 378.959167
7145.112747 10454.872213 360.700592
7195.112747 10454.872213 343.040741
7245.112747 10454.872213 326.066376
7295.112747 10454.872213 309.880219
7345.112747 10454.872213 294.540985
7395.112747 10454.872213 280.051941
7445.112747 10454.872213 266.446411
7495.112747 10454.872213 253.763367
7545.112747 10454.872213 241.957901
7595.112747 10454.872213 230.998245
7645.112747 10454.872213 220.934952
7695.112747 10454.872213 211.811005
7745.112747 10454.872213 203.583221
7795.112747 10454.872213 196.253891
7845.112747 10454.872213 189.851227
7895.112747 10454.872213 184.305603
7945.112747 10454.872213 179.523590
7995.112747 10454.872213 175.376495
8045.112747 10454.872213 171.743698
8095.112747 10454.872213 168.486588
8145.112747 10454.872213 165.560043
8195.112747 10454.872213 162.934875
8245.112747 10454.872213 160.606918
8295.112747 10454.872213 158.509232
8345.112747 10454.872213 156.674850
8395.112747 10454.872213 155.157028
8445.112747 10454.872213 153.967590
8495.112747 10454.872213 153.172882
8545.112747 10454.872213 152.873001
8595.112747 10454.872213 153.084183
8645.112747 10454.872213 153.797607
8695.112747 10454.872213 154.966064
8745.112747 10454.872213 156.428116
8795.112747 10454.872213 158.122086
8845.112747 10454.872213 159.932388
8895.112747 10454.872213 161.780441
8945.112747 10454.872213 163.547867
8995.112747 10454.872213 165.216599
9045.112747 10454.872213 166.761475
9095.112747 10454.872213 168.210266
9145.112747 10454.872213 169.644409
9195.112747 10454.872213 171.049713
9245.112747 10454.872213 172.467590
9295.112747 10454.872213 173.937759
9345.112747 10454.872213 175.470169
9395.112747 10454.872213 177.001633
9445.112747 10454.872213 178.369110
9495.112747 10454.872213 179.413254
9545.112747 10454.872213 179.972107
9595.112747 10454.872213 179.965469
9645.112747 10454.872213 179.362274
9695.112747 10454.872213 178.096680
9745.112747 10454.872213 176.082016
9795.112747 10454.872213 173.235687
9845.112747 10454.872213 169.532257
9895.112747 10454.872213 165.026978
9945.112747 10454.872213 159.787827
9995.112747 10454.872213 153.911591
10045.112747 10454.872213 147.442993
10095.112747 10454.872213 140.383926
10145.112747 10454.872213 132.664291
10195.112747 10454.872213 124.209145
10245.112747 10454.872213 114.975510
10295.112747 10454.872213 104.956306
10345.112747 10454.872213 94.097847
10395.112747 10454.872213 82.381485
10445.112747 10454.872213 69.804558
10495.112747 10454.872213 56.446701
10545.112747 10454.872213 42.339825
10595.112747 10454.872213 27.565851
10645.112747 10454.872213 12.127920
10695.112747 10454.872213 -3.872571
10745.112747 10454.872213 -20.380335
10795.112747 10454.872213 -37.372047
10845.112747 10454.872213 -54.842854
10895.112747 10454.872213 -72.796051
10945.112747 10454.872213 -91.193352
10995.112747 10454.872213 -109.952393
11045.112747 10454.872213 -128.899384
11095.112747 10454.872213 -147.797882
11145.112747 10454.872213 -166.410614
11195.112747 10454.872213 -184.479630
11245.112747 10454.872213 -201.831696
11295.112747 10454.872213 -218.350220
11345.112747 10454.872213 -233.892273
11395.112747 10454.872213 -248.289017
11445.112747 10454.872213 -261.325836
11495.112747 10454.872213 -272.774445
11545.112747 10454.872213 -282.246979
11595.112747 10454.872213 -289.135529
11645.112747 10454.872213 -292.394165
11695.112747 10454.872213 -290.977020
11745.112747 10454.872213 -285.917084
11795.112747 10454.872213 -278.277832
11845.112747 10454.872213 -268.781036
11895.112747 10454.872213 -257.981689
11945.112747 10454.872213 -246.215698
11995.112747 10454.872213 -233.768555
12045.112747 10454.872213 -220.734894
12095.112747 10454.872213 -207.200714
12145.112747 10454.872213 -193.131485
12195.112747 10454.872213 -178.595108
12245.112747 10454.872213 -163.666351
12295.112747 10454.872213 -148.493851
12345.112747 10454.872213 -133.234512
12395.112747 10454.872213 -117.980583
12445.112747 10454.872213 -102.838760
12495.112747 10454.872213 -87.925171
12545.112747 10454.872213 -73.376877
12595.112747 10454.872213 -59.301662
12645.112747 10454.872213 -45.868961
12695.112747 10454.872213 -33.097347
12745.112747 10454.872213 -21.077440
12795.112747 10454.872213 -9.908661
12845.112747 10454.872213 0.391427
12895.112747 10454.872213 9.797409
12945.112747 10454.872213 18.240030
12995.112747 10454.872213 25.672312
13045.112747 10454.872213 32.054943
13095.112747 10454.872213 37.375141
13145.112747 10454.872213 41.654060
13195.112747 10454.872213 44.948467
13245.112747 10454.872213 47.305737
13295.112747 10454.872213 48.805740
13345.112747 10454.872213 49.481735
13395.112747 10454.872213 49.436279
13445.112747 10454.872213 48.729557
13495.112747 10454.872213 47.450069
13545.112747 10454.872213 45.744766
13595.112747 10454.872213 43.726589
13645.112747 10454.872213 41.501568
13695.112747 10454.872213 39.147259
13745.112747 10454.872213 36.724285
13795.112747 10454.872213 34.204422
13845.112747 10454.872213 31.536943
13895.112747 10454.872213 28.763237
13945.112747 10454.872213 25.941902
13995.112747 10454.872213 23.126755
6545.112747 10504.872213 570.149963
6595.112747 10504.872213 551.319458
6645.112747 10504.872213 532.469849
6695.112747 10504.872213 513.587402
6745.112747 10504.872213 494.676514
6795.112747 10504.872213 475.771973
6845.112747 10504.872213 456.963013
6895.112747 10504.872213 438.335815
6945.112747 10504.872213 419.938446
6995.112747 10504.872213 401.795166
7045.112747 10504.872213 383.963470
7095.112747 10504.872213 366.563263
7145.112747 10504.872213 349.627686
7195.112747 10504.872213 333.209137
7245.112747 10504.872213 317.428253
7295.112747 10504.872213 302.392120
7345.112747 10504.872213 288.137909
7395.112747 10504.872213 274.678650
7445.112747 10504.872213 262.038757
7495.112747 10504.872213 250.242584
7545.112747 10504.872213 239.270630
7595.112747 10504.872213 229.169220
7645.112747 10504.872213 219.962372
7695.112747 10504.872213 211.650269
7745.112747 10504.872213 204.202332
7795.112747 10504.872213 197.620926
7845.112747 10504.872213 191.904541
7895.112747 10504.872213 187.021347
7945.112747 10504.872213 182.823471
7995.112747 10504.872213 179.192627
8045.112747 10504.872213 176.013199
8095.112747 10504.872213 173.210251
8145.112747 10504.872213 170.723724
8195.112747 10504.872213 168.559662
8245.112747 10504.872213 166.686874
8295.112747 10504.872213 165.033081
8345.112747 10504.872213 163.556168
8395.112747 10504.872213 162.343643
8445.112747 10504.872213 161.446716
8495.112747 10504.872213 160.896179
8545.112747 10504.872213 160.765732
8595.112747 10504.872213 161.055710
8645.112747 10504.872213 161.765411
8695.112747 10504.872213 162.832779
8745.112747 10504.872213 164.176697
8795.112747 10504.872213 165.668594
8845.112747 10504.872213 167.266098
8895.112747 10504.872213 168.821533
8945.112747 10504.872213 170.278961
8995.112747 10504.872213 171.600159
9045.112747 10504.872213 172.781479
9095.112747 10504.872213 173.846375
9145.112747 10504.872213 174.833344
9195.112747 10504.872213 175.772873
9245.112747 10504.872213 176.689224
9295.112747 10504.872213 177.669144
9345.112747 10504.872213 178.685257
9395.112747 10504.872213 179.649704
9445.112747 10504.872213 180.410339
9495.112747 10504.872213 180.804810
9545.112747 10504.872213 180.664352
9595.112747 10504.872213 179.905426
9645.112747 10504.872213 178.508759
9695.112747 10504.872213 176.428391
9745.112747 10504.872213 173.589340
9795.112747 10504.872213 169.968155
9845.112747 10504.872213 165.545105
9895.112747 10504.872213 160.355240
9945.112747 10504.872213 154.452408
9995.112747 10504.872213 147.942368
10045.112747 10504.872213 140.883698
10095.112747 10504.872213 133.257813
10145.112747 10504.872213 125.040009
10195.112747 10504.872213 116.140282
10245.112747 10504.872213 106.553673
10295.112747 10504.872213 96.226837
10345.112747 10504.872213 85.116928
10395.112747 10504.872213 73.183525
10445.112747 10504.872213 60.451023
10495.112747 10504.872213 46.952682
10545.112747 10504.872213 32.741955
10595.112747 10504.872213 17.866426
10645.112747 10504.872213 2.423984
10695.112747 10504.872213 -13.489579
10745.112747 10504.872213 -29.852289
10795.112747 10504.872213 -46.632584
10845.112747 10504.872213 -63.821754
10895.112747 10504.872213 -81.396042
10945.112747 10504.872213 -99.332039
10995.112747 10504.872213 -117.504005
11045.112747 10504.872213 -135.816620
11095.112747 10504.872213 -154.037369
11145.112747 10504.872213 -171.971939
11195.112747 10504.872213 -189.384079
11245.112747 10504.872213 -206.079193
11295.112747 10504.872213 -221.897675
11345.112747 10504.872213 -236.701859
11395.112747 10504.872213 -250.320633
11445.112747 10504.872213 -262.549438
11495.112747 10504.872213 -273.095551
11545.112747 10504.872213 -281.500000
11595.112747 10504.872213 -287.165192
11645.112747 10504.872213 -289.489563
11695.112747 10504.872213 -288.291748
11745.112747 10504.872213 -283.800690
11795.112747 10504.872213 -276.627258
11845.112747 10504.872213 -267.480408
11895.112747 10504.872213 -256.892975
11945.112747 10504.872213 -245.294144
11995.112747 10504.872213 -232.915802
12045.112747 10504.872213 -219.961105
12095.112747 10504.872213 -206.475174
12145.112747 10504.872213 -192.490662
12195.112747 10504.872213 -178.043182
12245.112747 10504.872213 -163.262726
12295.112747 10504.872213 -148.268356
12345.112747 10504.872213 -133.187225
12395.112747 10504.872213 -118.113579
12445.112747 10504.872213 -103.142570
12495.112747 10504.872213 -88.387932
12545.112747 10504.872213 -73.989433
12595.112747 10504.872213 -60.125877
12645.112747 10504.872213 -46.861099
12695.112747 10504.872213 -34.285133
12745.112747 10504.872213 -22.471510
12795.112747 10504.872213 -11.499111
12845.112747 10504.872213 -1.431627
12895.112747 10504.872213 7.770809
12945.112747 10504.872213 16.072535
12995.112747 10504.872213 23.417959
13045.112747 10504.872213 29.762648
13095.112747 10504.872213 35.122723
13145.112747 10504.872213 39.466648
13195.112747 10504.872213 42.848377
13245.112747 10504.872213 45.324661
13295.112747 10504.872213 46.954315
13345.112747 10504.872213 47.801086
13395.112747 10504.872213 47.876038
13445.112747 10504.872213 47.303143
13495.112747 10504.872213 46.159866
13545.112747 10504.872213 44.565666
13595.112747 10504.872213 42.670418
13645.112747 10504.872213 40.558605
13695.112747 10504.872213 38.297256
13745.112747 10504.872213 35.967834
13795.112747 10504.872213 33.518803
13845.112747 10504.872213 30.902462
13895.112747 10504.872213 28.170790
13945.112747 10504.872213 25.380089
13995.112747 10504.872213 22.615385
6545.112747 10554.872213 541.319946
6595.112747 10554.872213 523.908325
6645.112747 10554.872213 506.474579
6695.112747 10554.872213 489.042847
6745.112747 10554.872213 471.610291
6795.112747 10554.872213 454.235992
6845.112747 10554.872213 436.930420
6895.112747 10554.872213 419.811310
6945.112747 10554.872213 402.899841
6995.112747 10554.872213 386.176483
7045.112747 10554.872213 369.758636
7095.112747 10554.872213 353.671844
7145.112747 10554.872213 338.002838
7195.112747 10554.872213 322.803558
7245.112747 10554.872213 308.229218
7295.112747 10554.872213 294.331329
7345.112747 10554.872213 281.144928
7395.112747 10554.872213 268.705566
7445.112747 10554.872213 257.056702
7495.112747 10554.872213 246.172852
7545.112747 10554.872213 236.087555
7595.112747 10554.872213 226.840210
7645.112747 10554.872213 218.472275
7695.112747 10554.872213 210.982468
7745.112747 10554.872213 204.350143
7795.112747 10554.872213 198.509888
7845.112747 10554.872213 193.488693
7895.112747 10554.872213 189.203430
7945.112747 10554.872213 185.556412
7995.112747 10554.872213 182.398499
8045.112747 10554.872213 179.660126
8095.112747 10554.872213 177.309341
8145.112747 10554.872213 175.286072
8195.112747 10554.872213 173.571869
8245.112747 10554.872213 172.103912
8295.112747 10554.872213 170.837036
8345.112747 10554.872213 169.726227
8395.112747 10554.872213 168.839935
8445.112747 10554.872213 168.235138
8495.112747 10554.872213 167.956863
8545.112747 10554.872213 168.003052
8595.112747 10554.872213 168.418808
8645.112747 10554.872213 169.132050
8695.112747 10554.872213 170.149155
8745.112747 10554.872213 171.353821
8795.112747 10554.872213 172.673309
8845.112747 10554.872213 174.037918
8895.112747 10554.872213 175.351608
8945.112747 10554.872213 176.542648
8995.112747 10554.872213 177.576141
9045.112747 10554.872213 178.414825
9095.112747 10554.872213 179.096085
9145.112747 10554.872213 179.695877
9195.112747 10554.872213 180.241547
9245.112747 10554.872213 180.770294
9295.112747 10554.872213 181.345215
9345.112747 10554.872213 181.928345
9395.112747 10554.872213 182.404541
9445.112747 10554.872213 182.611084
9495.112747 10554.872213 182.406784
9545.112747 10554.872213 181.617584
9595.112747 10554.872213 180.175720
9645.112747 10554.872213 178.068115
9695.112747 10554.872213 175.261261
9745.112747 10554.872213 171.718491
9795.112747 10554.872213 167.421753
9845.112747 10554.872213 162.394852
9895.112747 10554.872213 156.617630
9945.112747 10554.872213 150.187469
9995.112747 10554.872213 143.182129
10045.112747 10554.872213 135.649521
10095.112747 10554.872213 127.609398
10145.112747 10554.872213 118.962242
10195.112747 10554.872213 109.700539
10245.112747 10554.872213 99.820663
10295.112747 10554.872213 89.232910
10345.112747 10554.872213 77.896057
10395.112747 10554.872213 65.789917
10445.112747 10554.872213 52.927486
10495.112747 10554.872213 39.339859
10545.112747 10554.872213 25.043039
10595.112747 10554.872213 10.140852
10645.112747 10554.872213 -5.276768
10695.112747 10554.872213 -21.099390
10745.112747 10554.872213 -37.273846
10795.112747 10554.872213 -53.819641
10845.112747 10554.872213 -70.707603
10895.112747 10554.872213 -87.924316
10945.112747 10554.872213 -105.386627
10995.112747 10554.872213 -122.997414
11045.112747 10554.872213 -140.634827
11095.112747 10554.872213 -158.136032
11145.112747 10554.872213 -175.300720
11195.112747 10554.872213 -191.965927
11245.112747 10554.872213 -207.892151
11295.112747 10554.872213 -222.905411
11345.112747 10554.872213 -236.839020
11395.112747 10554.872213 -249.574783
11445.112747 10554.872213 -260.861237
11495.112747 10554.872213 -270.358337
11545.112747 10554.872213 -277.613220
11595.112747 10554.872213 -282.236328
11645.112747 10554.872213 -283.929047
11695.112747 10554.872213 -282.718536
11745.112747 10554.872213 -278.735840
11795.112747 10554.872213 -272.257019
11845.112747 10554.872213 -263.724304
11895.112747 10554.872213 -253.632339
11945.112747 10554.872213 -242.395462
11995.112747 10554.872213 -230.318970
12045.112747 10554.872213 -217.583664
12095.112747 10554.872213 -204.318008
12145.112747 10554.872213 -190.543762
12195.112747 10554.872213 -176.352341
12245.112747 10554.872213 -161.841248
12295.112747 10554.872213 -147.153030
12345.112747 10554.872213 -132.374313
12395.112747 10554.872213 -117.594788
12445.112747 10554.872213 -102.907196
12495.112747 10554.872213 -88.403290
12545.112747 10554.872213 -74.294090
12595.112747 10554.872213 -60.674110
12645.112747 10554.872213 -47.675621
12695.112747 10554.872213 -35.363914
12745.112747 10554.872213 -23.795469
12795.112747 10554.872213 -13.046718
12845.112747 10554.872213 -3.175236
12895.112747 10554.872213 5.824590
12945.112747 10554.872213 13.968024
12995.112747 10554.872213 21.204451
13045.112747 10554.872213 27.502293
13095.112747 10554.872213 32.846828
13145.112747 10554.872213 37.254650
13195.112747 10554.872213 40.747921
13245.112747 10554.872213 43.334408
13295.112747 10554.872213 45.110950
13345.112747 10554.872213 46.065228
13395.112747 10554.872213 46.288456
13445.112747 10554.872213 45.850708
13495.112747 10554.872213 44.836384
13545.112747 10554.872213 43.371975
13595.112747 10554.872213 41.590309
13645.112747 10554.872213 39.582653
13695.112747 10554.872213 37.439251
13745.112747 10554.872213 35.187035
13795.112747 10554.872213 32.773930
13845.112747 10554.872213 30.191719
13895.112747 10554.872213 27.478611
13945.112747 10554.872213 24.708109
13995.112747 10554.872213 21.921017
6545.112747 10604.872213 512.859314
6595.112747 10604.872213 496.770569
6645.112747 10604.872213 480.679657
6695.112747 10604.872213 464.646942
6745.112747 10604.872213 448.650452
6795.112747 10604.872213 432.712189
6845.112747 10604.872213 416.878235
6895.112747 10604.872213 401.207184
6945.112747 10604.872213 385.681213
6995.112747 10604.872213 370.322693
7045.112747 10604.872213 355.187317
7095.112747 10604.872213 340.395294
7145.112747 10604.872213 325.954590
7195.112747 10604.872213 311.982117
7245.112747 10604.872213 298.547852
7295.112747 10604.872213 285.757141
7345.112747 10604.872213 273.641907
7395.112747 10604.872213 262.257965
7445.112747 10604.872213 251.588806
7495.112747 10604.872213 241.646301
7545.112747 10604.872213 232.460434
7595.112747 10604.872213 224.089798
7645.112747 10604.872213 216.552490
7695.112747 10604.872213 209.868652
7745.112747 10604.872213 204.011749
7795.112747 10604.872213 198.910095
7845.112747 10604.872213 194.536224
7895.112747 10604.872213 190.808334
7945.112747 10604.872213 187.661728
7995.112747 10604.872213 184.974289
8045.112747 10604.872213 182.709122
8095.112747 10604.872213 180.802902
8145.112747 10604.872213 179.220886
8195.112747 10604.872213 177.912155
8245.112747 10604.872213 176.826736
8295.112747 10604.872213 175.897964
8345.112747 10604.872213 175.144379
8395.112747 10604.872213 174.596680
8445.112747 10604.872213 174.302567
8495.112747 10604.872213 174.258682
8545.112747 10604.872213 174.503098
8595.112747 10604.872213 175.007401
8645.112747 10604.872213 175.797668
8695.112747 10604.872213 176.776703
8745.112747 10604.872213 177.923141
8795.112747 10604.872213 179.106781
8845.112747 10604.872213 180.277252
8895.112747 10604.872213 181.362595
8945.112747 10604.872213 182.324203
8995.112747 10604.872213 183.089035
9045.112747 10604.872213 183.623993
9095.112747 10604.872213 183.970230
9145.112747 10604.872213 184.229248
9195.112747 10604.872213 184.457657
9245.112747 10604.872213 184.702530
9295.112747 10604.872213 184.953232
9345.112747 10604.872213 185.179581
9395.112747 10604.872213 185.217178
9445.112747 10604.872213 184.930054
9495.112747 10604.872213 184.168167
9545.112747 10604.872213 182.800598
9595.112747 10604.872213 180.759888
9645.112747 10604.872213 178.014633
9695.112747 10604.872213 174.575333
9745.112747 10604.872213 170.438431
9795.112747 10604.872213 165.588120
9845.112747 10604.872213 160.041245
9895.112747 10604.872213 153.783737
9945.112747 10604.872213 146.929565
9995.112747 10604.872213 139.534149
10045.112747 10604.872213 131.656662
10095.112747 10604.872213 123.285843
10145.112747 10604.872213 114.351830
10195.112747 10604.872213 104.809113
10245.112747 10604.872213 94.654793
10295.112747 10604.872213 83.804092
10345.112747 10604.872213 72.284683
10395.112747 10604.872213 60.037945
10445.112747 10604.872213 47.101261
10495.112747 10604.872213 33.458286
10545.112747 10604.872213 19.147091
10595.112747 10604.872213 4.246847
10645.112747 10604.872213 -11.097429
10695.112747 10604.872213 -26.819223
10745.112747 10604.872213 -42.783047
10795.112747 10604.872213 -59.070541
10845.112747 10604.872213 -75.642036
10895.112747 10604.872213 -92.470367
10945.112747 10604.872213 -109.443413
10995.112747 10604.872213 -126.475113
11045.112747 10604.872213 -143.453110
11095.112747 10604.872213 -160.192734
11145.112747 10604.872213 -176.534195
11195.112747 10604.872213 -192.327988
11245.112747 10604.872213 -207.375214
11295.112747 10604.872213 -221.472153
11345.112747 10604.872213 -234.504135
11395.112747 10604.872213 -246.310608
11445.112747 10604.872213 -256.611572
11495.112747 10604.872213 -265.014648
11545.112747 10604.872213 -271.230469
11595.112747 10604.872213 -275.027985
11645.112747 10604.872213 -276.271149
11695.112747 10604.872213 -275.048950
11745.112747 10604.872213 -271.462524
11795.112747 10604.872213 -265.663574
11845.112747 10604.872213 -257.859924
11895.112747 10604.872213 -248.400452
11945.112747 10604.872213 -237.703430
11995.112747 10604.872213 -226.073746
12045.112747 10604.872213 -213.727249
12095.112747 10604.872213 -200.801712
12145.112747 10604.872213 -187.374390
12195.112747 10604.872213 -173.569092
12245.112747 10604.872213 -159.476044
12295.112747 10604.872213 -145.202850
12345.112747 10604.872213 -130.830109
12395.112747 10604.872213 -116.468597
12445.112747 10604.872213 -102.137062
12495.112747 10604.872213 -88.007645
12545.112747 10604.872213 -74.241592
12595.112747 10604.872213 -60.973934
12645.112747 10604.872213 -48.303448
12695.112747 10604.872213 -36.288292
12745.112747 10604.872213 -25.008827
12795.112747 10604.872213 -14.509447
12845.112747 10604.872213 -4.873985
12895.112747 10604.872213 3.941512
12945.112747 10604.872213 11.930578
12995.112747 10604.872213 19.063261
13045.112747 10604.872213 25.297184
13095.112747 10604.872213 30.643457
13145.112747 10604.872213 35.106426
13195.112747 10604.872213 38.661190
13245.112747 10604.872213 41.350533
13295.112747 10604.872213 43.213097
13345.112747 10604.872213 44.285954
13395.112747 10604.872213 44.634930
13445.112747 10604.872213 44.337570
13495.112747 10604.872213 43.477551
13545.112747 10604.872213 42.161629
13595.112747 10604.872213 40.494629
13645.112747 10604.872213 38.581970
13695.112747 10604.872213 36.525753
13745.112747 10604.872213 34.328369
13795.112747 10604.872213 31.959425
13845.112747 10604.872213 29.389837
13895.112747 10604.872213 26.712107
13945.112747 10604.872213 23.908865
13995.112747 10604.872213 21.076351
6545.112747 10654.872213 484.774750
6595.112747 10654.872213 469.976349
6645.112747 10654.872213 455.213165
6695.112747 10654.872213 440.522705
6745.112747 10654.872213 425.896393
6795.112747 10654.872213 411.360260
6845.112747 10654.872213 396.942657
6895.112747 10654.872213 382.636047
6945.112747 10654.872213 368.426575
6995.112747 10654.872213 354.335083
7045.112747 10654.872213 340.439972
7095.112747 10654.872213 326.838226
7145.112747 10654.872213 313.590179
7195.112747 10654.872213 300.778137
7245.112747 10654.872213 288.505005
7295.112747 10654.872213 276.798859
7345.112747 10654.872213 265.756042
7395.112747 10654.872213 255.393814
7445.112747 10654.872213 245.718582
7495.112747 10654.872213 236.718658
7545.112747 10654.872213 228.438583
7595.112747 10654.872213 220.919373
7645.112747 10654.872213 214.203964
7695.112747 10654.872213 208.295975
7745.112747 10654.872213 203.179840
7795.112747 10654.872213 198.767380
7845.112747 10654.872213 195.021790
7895.112747 10654.872213 191.831528
7945.112747 10654.872213 189.180389
7995.112747 10654.872213 186.986267
8045.112747 10654.872213 185.173645
8095.112747 10654.872213 183.681763
8145.112747 10654.872213 182.497467
8195.112747 10654.872213 181.541229
8245.112747 10654.872213 180.768875
8295.112747 10654.872213 180.167221
8345.112747 10654.872213 179.738617
8395.112747 10654.872213 179.528168
8445.112747 10654.872213 179.531937
8495.112747 10654.872213 179.757828
8545.112747 10654.872213 180.175217
8595.112747 10654.872213 180.821777
8645.112747 10654.872213 181.655640
8695.112747 10654.872213 182.659241
8745.112747 10654.872213 183.756836
8795.112747 10654.872213 184.859344
8845.112747 10654.872213 185.880219
8895.112747 10654.872213 186.794037
8945.112747 10654.872213 187.557648
8995.112747 10654.872213 188.112274
9045.112747 10654.872213 188.425018
9095.112747 10654.872213 188.529221
9145.112747 10654.872213 188.516861
9195.112747 10654.872213 188.492615
9245.112747 10654.872213 188.465073
9295.112747 10654.872213 188.445267
9345.112747 10654.872213 188.341736
9395.112747 10654.872213 188.016174
9445.112747 10654.872213 187.270126
9495.112747 10654.872213 185.996246
9545.112747 10654.872213 184.118469
9595.112747 10654.872213 181.564240
9645.112747 10654.872213 178.292969
9695.112747 10654.872213 174.341049
9745.112747 10654.872213 169.709320
9795.112747 10654.872213 164.400085
9845.112747 10654.872213 158.433884
9895.112747 10654.872213 151.806564
9945.112747 10654.872213 144.616226
9995.112747 10654.872213 136.936249
10045.112747 10654.872213 128.798782
10095.112747 10654.872213 120.190796
10145.112747 10654.872213 111.040047
10195.112747 10654.872213 101.314232
10245.112747 10654.872213 90.917114
10295.112747 10654.872213 79.862030
10345.112747 10654.872213 68.160629
10395.112747 10654.872213 55.818409
10445.112747 10654.872213 42.817642
10495.112747 10654.872213 29.164047
10545.112747 10654.872213 14.876486
10595.112747 10654.872213 0.065738
10645.112747 10654.872213 -15.183375
10695.112747 10654.872213 -30.722136
10745.112747 10654.872213 -46.502705
10795.112747 10654.872213 -62.513306
10845.112747 10654.872213 -78.759918
10895.112747 10654.872213 -95.150551
10945.112747 10654.872213 -111.628883
10995.112747 10654.872213 -128.053818
11045.112747 10654.872213 -144.323273
11095.112747 10654.872213 -160.280807
11145.112747 10654.872213 -175.750626
11195.112747 10654.872213 -190.594116
11245.112747 10654.872213 -204.662247
11295.112747 10654.872213 -217.822403
11345.112747 10654.872213 -229.910004
11395.112747 10654.872213 -240.767334
11445.112747 10654.872213 -250.065353
11495.112747 10654.872213 -257.484955
11545.112747 10654.872213 -262.822174
11595.112747 10654.872213 -265.987091
11645.112747 10654.872213 -266.946533
11695.112747 10654.872213 -265.772491
11745.112747 10654.872213 -262.546539
11795.112747 10654.872213 -257.327484
11845.112747 10654.872213 -250.204132
11895.112747 10654.872213 -241.450562
11945.112747 10654.872213 -231.404327
11995.112747 10654.872213 -220.336624
12045.112747 10654.872213 -208.480972
12095.112747 10654.872213 -196.023041
12145.112747 10654.872213 -183.099594
12195.112747 10654.872213 -169.829651
12245.112747 10654.872213 -156.265945
12295.112747 10654.872213 -142.487061
12345.112747 10654.872213 -128.601547
12395.112747 10654.872213 -114.680939
12445.112747 10654.872213 -100.845459
12495.112747 10654.872213 -87.180840
12545.112747 10654.872213 -73.854279
12595.112747 10654.872213 -60.993061
12645.112747 10654.872213 -48.684830
12695.112747 10654.872213 -37.042404
12745.112747 10654.872213 -26.074350
12795.112747 10654.872213 -15.865076
12845.112747 10654.872213 -6.457622
12895.112747 10654.872213 2.147018
12945.112747 10654.872213 9.990256
12995.112747 10654.872213 17.009834
13045.112747 10654.872213 23.192007
13095.112747 10654.872213 28.527376
13145.112747 10654.872213 33.006634
13195.112747 10654.872213 36.608860
13245.112747 10654.872213 39.353527
13295.112747 10654.872213 41.275398
13345.112747 10654.872213 42.436584
13395.112747 10654.872213 42.905621
13445.112747 10654.872213 42.767849
13495.112747 10654.872213 42.086845
13545.112747 10654.872213 40.922153
13595.112747 10654.872213 39.372677
13645.112747 10654.872213 37.555248
13695.112747 10654.872213 35.552879
13745.112747 10654.872213 33.388897
13795.112747 10654.872213 31.024343
13845.112747 10654.872213 28.494907
13895.112747 10654.872213 25.796535
13945.112747 10654.872213 23.005383
13995.112747 10654.872213 20.149809
6545.112747 10704.872213 457.003113
6595.112747 10704.872213 443.527740
6645.112747 10704.872213 430.098083
6695.112747 10704.872213 416.735596
6745.112747 10704.872213 403.461029
6795.112747 10704.872213 390.276825
6845.112747 10704.872213 377.180176
6895.112747 10704.872213 364.174652
6945.112747 10704.872213 351.217712
6995.112747 10704.872213 338.327637
7045.112747 10704.872213 325.607239
7095.112747 10704.872213 313.138641
7145.112747 10704.872213 301.020172
7195.112747 10704.872213 289.340485
7245.112747 10704.872213 278.175232
7295.112747 10704.872213 267.594849
7345.112747 10704.872213 257.579620
7395.112747 10704.872213 248.220627
7445.112747 10704.872213 239.499374
7495.112747 10704.872213 231.418777
7545.112747 10704.872213 224.014267
7595.112747 10704.872213 217.317902
7645.112747 10704.872213 211.376068
7695.112747 10704.872213 206.225876
7745.112747 10704.872213 201.812759
7795.112747 10704.872213 198.079147
7845.112747 10704.872213 194.928391
7895.112747 10704.872213 192.301056
7945.112747 10704.872213 190.159409
7995.112747 10704.872213 188.456604
8045.112747 10704.872213 187.053986
8095.112747 10704.872213 185.941528
8145.112747 10704.872213 185.072372
8195.112747 10704.872213 184.409927
8245.112747 10704.872213 183.925980
8295.112747 10704.872213 183.627884
8345.112747 10704.872213 183.507248
8395.112747 10704.872213 183.587509
8445.112747 10704.872213 183.889816
8495.112747 10704.872213 184.369202
8545.112747 10704.872213 185.003479
8595.112747 10704.872213 185.788025
8645.112747 10704.872213 186.717270
8695.112747 10704.872213 187.748047
8745.112747 10704.872213 188.835129
8795.112747 10704.872213 189.865707
8845.112747 10704.872213 190.782532
8895.112747 10704.872213 191.580154
8945.112747 10704.872213 192.216019
8995.112747 10704.872213 192.637177
9045.112747 10704.872213 192.824936
9095.112747 10704.872213 192.803543
9145.112747 10704.872213 192.626694
9195.112747 10704.872213 192.381516
9245.112747 10704.872213 192.133209
9295.112747 10704.872213 191.845200
9345.112747 10704.872213 191.405228
9395.112747 10704.872213 190.677917
9445.112747 10704.872213 189.525284
9495.112747 10704.872213 187.803802
9545.112747 10704.872213 185.494781
9595.112747 10704.872213 182.527222
9645.112747 10704.872213 178.852356
9695.112747 10704.872213 174.499863
9745.112747 10704.872213 169.486908
9795.112747 10704.872213 163.838165
9845.112747 10704.872213 157.535080
9895.112747 10704.872213 150.640320
9945.112747 10704.872213 143.227859
9995.112747 10704.872213 135.358047
10045.112747 10704.872213 127.033859
10095.112747 10704.872213 118.221611
10145.112747 10704.872213 108.905571
10195.112747 10704.872213 99.001709
10245.112747 10704.872213 88.475189
10295.112747 10704.872213 77.294228
10345.112747 10704.872213 65.484932
10395.112747 10704.872213 53.061672
10445.112747 10704.872213 40.017883
10495.112747 10704.872213 26.363169
10545.112747 10704.872213 12.175233
10595.112747 10704.872213 -2.504157
10645.112747 10704.872213 -17.567326
10695.112747 10704.872213 -32.936592
10745.112747 10704.872213 -48.525578
10795.112747 10704.872213 -64.293541
10845.112747 10704.872213 -80.183983
10895.112747 10704.872213 -96.122787
10945.112747 10704.872213 -112.014053
10995.112747 10704.872213 -127.801468
11045.112747 10704.872213 -143.328613
11095.112747 10704.872213 -158.449554
11145.112747 10704.872213 -173.027435
11195.112747 10704.872213 -186.916565
11245.112747 10704.872213 -200.014191
11295.112747 10704.872213 -212.179672
11345.112747 10704.872213 -223.308060
11395.112747 10704.872213 -233.192337
11445.112747 10704.872213 -241.542542
11495.112747 10704.872213 -248.069458
11545.112747 10704.872213 -252.704300
11595.112747 10704.872213 -255.421082
11645.112747 10704.872213 -256.235138
11695.112747 10704.872213 -255.174301
11745.112747 10704.872213 -252.280624
11795.112747 10704.872213 -247.565826
11845.112747 10704.872213 -241.091171
11895.112747 10704.872213 -233.036606
11945.112747 10704.872213 -223.678986
11995.112747 10704.872213 -213.252884
12045.112747 10704.872213 -202.011673
12095.112747 10704.872213 -190.175903
12145.112747 10704.872213 -177.892761
12195.112747 10704.872213 -165.238205
12245.112747 10704.872213 -152.270767
12295.112747 10704.872213 -139.044983
12345.112747 10704.872213 -125.691055
12395.112747 10704.872213 -112.318710
12445.112747 10704.872213 -99.021446
12495.112747 10704.872213 -85.914261
12545.112747 10704.872213 -73.092125
12595.112747 10704.872213 -60.694786
12645.112747 10704.872213 -48.836323
12695.112747 10704.872213 -37.584389
12745.112747 10704.872213 -26.979439
12795.112747 10704.872213 -17.055357
12845.112747 10704.872213 -7.896077
12895.112747 10704.872213 0.510487
12945.112747 10704.872213 8.170330
12995.112747 10704.872213 15.085066
13045.112747 10704.872213 21.186472
13095.112747 10704.872213 26.467440
13145.112747 10704.872213 30.942869
13195.112747 10704.872213 34.559151
13245.112747 10704.872213 37.333706
13295.112747 10704.872213 39.301998
13345.112747 10704.872213 40.539455
13395.112747 10704.872213 41.138798
13445.112747 10704.872213 41.165302
13495.112747 10704.872213 40.660603
13545.112747 10704.872213 39.647507
13595.112747 10704.872213 38.194004
13645.112747 10704.872213 36.456875
13695.112747 10704.872213 34.499714
13745.112747 10704.872213 32.342865
13795.112747 10704.872213 29.992395
13845.112747 10704.872213 27.455709
13895.112747 10704.872213 24.783503
13945.112747 10704.872213 22.019571
13995.112747 10704.872213 19.216208
6545.112747 10754.872213 429.552704
6595.112747 10754.872213 417.455139
6645.112747 10754.872213 405.362976
6695.112747 10754.872213 393.325409
6745.112747 10754.872213 381.357941
6795.112747 10754.872213 369.449585
6845.112747 10754.872213 357.627106
6895.112747 10754.872213 345.856995
6945.112747 10754.872213 334.099426
6995.112747 10754.872213 322.412354
7045.112747 10754.872213 310.837799
7095.112747 10754.872213 299.486450
7145.112747 10754.872213 288.451294
7195.112747 10754.872213 277.847076
7245.112747 10754.872213 267.753967
7295.112747 10754.872213 258.202820
7345.112747 10754.872213 249.191803
7395.112747 10754.872213 240.763580
7445.112747 10754.872213 232.958008
7495.112747 10754.872213 225.786041
7545.112747 10754.872213 219.239182
7595.112747 10754.872213 213.358459
7645.112747 10754.872213 208.154297
7695.112747 10754.872213 203.688309
7745.112747 10754.872213 199.925079
7795.112747 10754.872213 196.808182
7845.112747 10754.872213 194.232651
7895.112747 10754.872213 192.167145
7945.112747 10754.872213 190.556351
7995.112747 10754.872213 189.313858
8045.112747 10754.872213 188.327118
8095.112747 10754.872213 187.542725
8145.112747 10754.872213 186.974136
8195.112747 10754.872213 186.579056
8245.112747 10754.872213 186.336929
8295.112747 10754.872213 186.295868
8345.112747 10754.872213 186.446442
8395.112747 10754.872213 186.810364
8445.112747 10754.872213 187.361359
8495.112747 10754.872213 188.079590
8545.112747 10754.872213 188.931442
8595.112747 10754.872213 189.876648
8645.112747 10754.872213 190.911072
8695.112747 10754.872213 192.007233
8745.112747 10754.872213 193.093262
8795.112747 10754.872213 194.092911
8845.112747 10754.872213 194.968216
8895.112747 10754.872213 195.724655
8945.112747 10754.872213 196.310425
8995.112747 10754.872213 196.685593
9045.112747 10754.872213 196.841187
9095.112747 10754.872213 196.766098
9145.112747 10754.872213 196.503632
9195.112747 10754.872213 196.118805
9245.112747 10754.872213 195.672638
9295.112747 10754.872213 195.133652
9345.112747 10754.872213 194.340836
9395.112747 10754.872213 193.214798
9445.112747 10754.872213 191.655518
9495.112747 10754.872213 189.570404
9545.112747 10754.872213 186.894547
9595.112747 10754.872213 183.612656
9645.112747 10754.872213 179.649933
9695.112747 10754.872213 175.003723
9745.112747 10754.872213 169.717209
9795.112747 10754.872213 163.821518
9845.112747 10754.872213 157.322571
9895.112747 10754.872213 150.279434
9945.112747 10754.872213 142.743561
9995.112747 10754.872213 134.749329
10045.112747 10754.872213 126.289391
10095.112747 10754.872213 117.345184
10145.112747 10754.872213 107.874428
10195.112747 10754.872213 97.856224
10245.112747 10754.872213 87.232391
10295.112747 10754.872213 76.007835
10345.112747 10754.872213 64.152588
10395.112747 10754.872213 51.709610
10445.112747 10754.872213 38.675274
10495.112747 10754.872213 25.095114
10545.112747 10754.872213 10.997040
10595.112747 10754.872213 -3.519252
10645.112747 10754.872213 -18.382332
10695.112747 10754.872213 -33.532307
10745.112747 10754.872213 -48.931896
10795.112747 10754.872213 -64.444229
10845.112747 10754.872213 -79.973137
10895.112747 10754.872213 -95.387512
10945.112747 10754.872213 -110.683662
10995.112747 10754.872213 -125.782677
11045.112747 10754.872213 -140.558151
11095.112747 10754.872213 -154.858459
11145.112747 10754.872213 -168.557983
11195.112747 10754.872213 -181.518829
11245.112747 10754.872213 -193.654114
11295.112747 10754.872213 -204.841370
11345.112747 10754.872213 -214.977921
11395.112747 10754.872213 -223.884766
11445.112747 10754.872213 -231.294357
11495.112747 10754.872213 -237.067001
11545.112747 10754.872213 -241.147659
11595.112747 10754.872213 -243.572693
11645.112747 10754.872213 -244.341843
11695.112747 10754.872213 -243.419312
11745.112747 10754.872213 -240.837051
11795.112747 10754.872213 -236.604950
11845.112747 10754.872213 -230.735352
11895.112747 10754.872213 -223.383118
11945.112747 10754.872213 -214.735855
11995.112747 10754.872213 -205.047821
12045.112747 10754.872213 -194.549240
12095.112747 10754.872213 -183.449432
12145.112747 10754.872213 -171.874695
12195.112747 10754.872213 -159.876755
12245.112747 10754.872213 -147.540985
12295.112747 10754.872213 -134.942337
12345.112747 10754.872213 -122.188835
12395.112747 10754.872213 -109.397606
12445.112747 10754.872213 -96.687309
12495.112747 10754.872213 -84.172256
12545.112747 10754.872213 -71.935455
12595.112747 10754.872213 -60.076454
12645.112747 10754.872213 -48.712952
12695.112747 10754.872213 -37.899826
12745.112747 10754.872213 -27.677774
12795.112747 10754.872213 -18.052113
12845.112747 10754.872213 -9.141130
12895.112747 10754.872213 -0.963326
12945.112747 10754.872213 6.497144
12995.112747 10754.872213 13.254038
13045.112747 10754.872213 19.249695
13095.112747 10754.872213 24.457359
13145.112747 10754.872213 28.876534
13195.112747 10754.872213 32.502747
13245.112747 10754.872213 35.300274
13295.112747 10754.872213 37.330853
13345.112747 10754.872213 38.663097
13395.112747 10754.872213 39.399548
13445.112747 10754.872213 39.556194
13495.112747 10754.872213 39.181271
13545.112747 10754.872213 38.261593
13595.112747 10754.872213 36.912888
13645.112747 10754.872213 35.255138
13695.112747 10754.872213 33.336296
13745.112747 10754.872213 31.189566
13795.112747 10754.872213 28.854340
13845.112747 10754.872213 26.332991
13895.112747 10754.872213 23.700344
13945.112747 10754.872213 21.035353
13995.112747 10754.872213 18.332693
6545.112747 10804.872213 402.534424
6595.112747 10804.872213 391.786316
6645.112747 10804.872213 381.042725
6695.112747 10804.872213 370.307648
6745.112747 10804.872213 359.626892
6795.112747 10804.872213 348.975922
6845.112747 10804.872213 338.379333
6895.112747 10804.872213 327.795959
6945.112747 10804.872213 317.207214
6995.112747 10804.872213 306.670135
7045.112747 10804.872213 296.235199
7095.112747 10804.872213 285.964691
7145.112747 10804.872213 275.992188
7195.112747 10804.872213 266.418427
7245.112747 10804.872213 257.320099
7295.112747 10804.872213 248.718048
7345.112747 10804.872213 240.655136
7395.112747 10804.872213 233.136795
7445.112747 10804.872213 226.199051
7495.112747 10804.872213 219.868073
7545.112747 10804.872213 214.166718
7595.112747 10804.872213 209.071411
7645.112747 10804.872213 204.591125
7695.112747 10804.872213 200.752243
7745.112747 10804.872213 197.573196
7795.112747 10804.872213 194.987518
7845.112747 10804.872213 192.953049
7895.112747 10804.872213 191.427307
7945.112747 10804.872213 190.303040
7995.112747 10804.872213 189.501770
8045.112747 10804.872213 188.925629
8095.112747 10804.872213 188.477570
8145.112747 10804.872213 188.169601
8195.112747 10804.872213 188.018143
8245.112747 10804.872213 188.017868
8295.112747 10804.872213 188.200134
8345.112747 10804.872213 188.589310
8395.112747 10804.872213 189.177917
8445.112747 10804.872213 189.969910
8495.112747 10804.872213 190.904831
8545.112747 10804.872213 191.933578
8595.112747 10804.872213 193.014816
8645.112747 10804.872213 194.161423
8695.112747 10804.872213 195.342575
8745.112747 10804.872213 196.456589
8795.112747 10804.872213 197.483612
8845.112747 10804.872213 198.415649
8895.112747 10804.872213 199.206360
8945.112747 10804.872213 199.802917
8995.112747 10804.872213 200.223251
9045.112747 10804.872213 200.407272
9095.112747 10804.872213 200.349945
9145.112747 10804.872213 200.055069
9195.112747 10804.872213 199.597214
9245.112747 10804.872213 199.015579
9295.112747 10804.872213 198.213547
9345.112747 10804.872213 197.087540
9395.112747 10804.872213 195.601440
9445.112747 10804.872213 193.698944
9495.112747 10804.872213 191.310806
9545.112747 10804.872213 188.369431
9595.112747 10804.872213 184.835800
9645.112747 10804.872213 180.655838
9695.112747 10804.872213 175.827225
9745.112747 10804.872213 170.385361
9795.112747 10804.872213 164.354782
9845.112747 10804.872213 157.750031
9895.112747 10804.872213 150.643677
9945.112747 10804.872213 143.079941
9995.112747 10804.872213 135.055405
10045.112747 10804.872213 126.539764
10095.112747 10804.872213 117.499367
10145.112747 10804.872213 107.947540
10195.112747 10804.872213 97.853317
10245.112747 10804.872213 87.188782
10295.112747 10804.872213 75.953072
10345.112747 10804.872213 64.112839
10395.112747 10804.872213 51.682503
10445.112747 10804.872213 38.699722
10495.112747 10804.872213 25.220407
10545.112747 10804.872213 11.283316
10595.112747 10804.872213 -3.043693
10645.112747 10804.872213 -17.702612
10695.112747 10804.872213 -32.637024
10745.112747 10804.872213 -47.765968
10795.112747 10804.872213 -62.951981
10845.112747 10804.872213 -78.054558
10895.112747 10804.872213 -92.998009
10945.112747 10804.872213 -107.692947
10995.112747 10804.872213 -122.117447
11045.112747 10804.872213 -136.157959
11095.112747 10804.872213 -149.658783
11145.112747 10804.872213 -162.522354
11195.112747 10804.872213 -174.594299
11245.112747 10804.872213 -185.785919
11295.112747 10804.872213 -195.994507
11345.112747 10804.872213 -205.150375
11395.112747 10804.872213 -213.076538
11445.112747 10804.872213 -219.639786
11495.112747 10804.872213 -224.757431
11545.112747 10804.872213 -228.433594
11595.112747 10804.872213 -230.674500
11645.112747 10804.872213 -231.432678
11695.112747 10804.872213 -230.663788
11745.112747 10804.872213 -228.386948
11795.112747 10804.872213 -224.608170
11845.112747 10804.872213 -219.328461
11895.112747 10804.872213 -212.657074
11945.112747 10804.872213 -204.790894
11995.112747 10804.872213 -195.931519
12045.112747 10804.872213 -186.287552
12095.112747 10804.872213 -175.982040
12145.112747 10804.872213 -165.147125
12195.112747 10804.872213 -153.836609
12245.112747 10804.872213 -142.177887
12295.112747 10804.872213 -130.241852
12345.112747 10804.872213 -118.137726
12395.112747 10804.872213 -105.969269
12445.112747 10804.872213 -93.891800
12495.112747 10804.872213 -82.005379
12545.112747 10804.872213 -70.404457
12595.112747 10804.872213 -59.154411
12645.112747 10804.872213 -48.312149
12695.112747 10804.872213 -37.953716
12745.112747 10804.872213 -28.124094
12795.112747 10804.872213 -18.866455
12845.112747 10804.872213 -10.242049
12895.112747 10804.872213 -2.295612
12945.112747 10804.872213 4.953303
12995.112747 10804.872213 11.488894
13045.112747 10804.872213 17.357172
13095.112747 10804.872213 22.469278
13145.112747 10804.872213 26.822493
13195.112747 10804.872213 30.450090
13245.112747 10804.872213 33.322296
13295.112747 10804.872213 35.425827
13345.112747 10804.872213 36.875725
13395.112747 10804.872213 37.693264
13445.112747 10804.872213 37.925262
13495.112747 10804.872213 37.573044
13545.112747 10804.872213 36.752003
13595.112747 10804.872213 35.496994
13645.112747 10804.872213 33.924152
13695.112747 10804.872213 32.053261
13745.112747 10804.872213 29.937389
13795.112747 10804.872213 27.630655
13845.112747 10804.872213 25.169350
13895.112747 10804.872213 22.626488
13945.112747 10804.872213 20.076551
13995.112747 10804.872213 17.523659
6545.112747 10854.872213 376.125549
6595.112747 10854.872213 366.702301
6645.112747 10854.872213 357.247742
6695.112747 10854.872213 347.786835
6745.112747 10854.872213 338.362213
6795.112747 10854.872213 328.940887
6845.112747 10854.872213 319.514313
6895.112747 10854.872213 310.082550
6945.112747 10854.872213 300.629211
6995.112747 10854.872213 291.208374
7045.112747 10854.872213 281.858978
7095.112747 10854.872213 272.658325
7145.112747 10854.872213 263.715515
7195.112747 10854.872213 255.130142
7245.112747 10854.872213 246.974747
7295.112747 10854.872213 239.289581
7345.112747 10854.872213 232.113327
7395.112747 10854.872213 225.435898
7445.112747 10854.872213 219.307648
7495.112747 10854.872213 213.783051
7545.112747 10854.872213 208.871033
7595.112747 10854.872213 204.507446
7645.112747 10854.872213 200.710220
7695.112747 10854.872213 197.474716
7745.112747 10854.872213 194.800735
7795.112747 10854.872213 192.708801
7845.112747 10854.872213 191.166962
7895.112747 10854.872213 190.090622
7945.112747 10854.872213 189.413147
7995.112747 10854.872213 188.989532
8045.112747 10854.872213 188.755920
8095.112747 10854.872213 188.629318
8145.112747 10854.872213 188.614532
8195.112747 10854.872213 188.732437
8245.112747 10854.872213 188.975906
8295.112747 10854.872213 189.371780
8345.112747 10854.872213 189.959793
8395.112747 10854.872213 190.737305
8445.112747 10854.872213 191.705917
8495.112747 10854.872213 192.821121
8545.112747 10854.872213 193.974930
8595.112747 10854.872213 195.194763
8645.112747 10854.872213 196.446548
8695.112747 10854.872213 197.707397
8745.112747 10854.872213 198.935638
8795.112747 10854.872213 200.078979
8845.112747 10854.872213 201.100296
8895.112747 10854.872213 201.958755
8945.112747 10854.872213 202.647293
8995.112747 10854.872213 203.154877
9045.112747 10854.872213 203.442200
9095.112747 10854.872213 203.454910
9145.112747 10854.872213 203.203979
9195.112747 10854.872213 202.716705
9245.112747 10854.872213 201.995041
9295.112747 10854.872213 200.994522
9345.112747 10854.872213 199.629288
9395.112747 10854.872213 197.856750
9445.112747 10854.872213 195.682022
9495.112747 10854.872213 193.079483
9545.112747 10854.872213 189.970276
9595.112747 10854.872213 186.261200
9645.112747 10854.872213 181.945084
9695.112747 10854.872213 177.034958
9745.112747 10854.872213 171.538910
9795.112747 10854.872213 165.455399
9845.112747 10854.872213 158.832047
9895.112747 10854.872213 151.730759
9945.112747 10854.872213 144.183594
9995.112747 10854.872213 136.183365
10045.112747 10854.872213 127.699471
10095.112747 10854.872213 118.662666
10145.112747 10854.872213 109.071701
10195.112747 10854.872213 98.945030
10245.112747 10854.872213 88.272499
10295.112747 10854.872213 77.050079
10345.112747 10854.872213 65.248863
10395.112747 10854.872213 52.881767
10445.112747 10854.872213 39.987339
10495.112747 10854.872213 26.644999
10545.112747 10854.872213 12.888649
10595.112747 10854.872213 -1.222748
10645.112747 10854.872213 -15.631502
10695.112747 10854.872213 -30.277815
10745.112747 10854.872213 -45.087021
10795.112747 10854.872213 -59.888092
10845.112747 10854.872213 -74.562271
10895.112747 10854.872213 -89.000061
10945.112747 10854.872213 -103.145515
10995.112747 10854.872213 -116.927773
11045.112747 10854.872213 -130.245331
11095.112747 10854.872213 -143.014572
11145.112747 10854.872213 -155.067535
11195.112747 10854.872213 -166.279251
11245.112747 10854.872213 -176.549026
11295.112747 10854.872213 -185.825043
11345.112747 10854.872213 -194.044617
11395.112747 10854.872213 -201.084518
11445.112747 10854.872213 -206.901596
11495.112747 10854.872213 -211.521133
11545.112747 10854.872213 -214.880051
11595.112747 10854.872213 -216.951385
11645.112747 10854.872213 -217.715439
11695.112747 10854.872213 -217.102234
11745.112747 10854.872213 -215.112869
11795.112747 10854.872213 -211.738190
11845.112747 10854.872213 -207.020554
11895.112747 10854.872213 -201.083389
11945.112747 10854.872213 -194.047241
11995.112747 10854.872213 -186.087524
12045.112747 10854.872213 -177.328018
12095.112747 10854.872213 -167.870407
12145.112747 10854.872213 -157.783966
12195.112747 10854.872213 -147.209869
12245.112747 10854.872213 -136.254639
12295.112747 10854.872213 -124.998169
12345.112747 10854.872213 -113.548836
12395.112747 10854.872213 -102.072357
12445.112747 10854.872213 -90.683357
12495.112747 10854.872213 -79.474541
12545.112747 10854.872213 -68.537170
12595.112747 10854.872213 -57.906574
12645.112747 10854.872213 -47.617828
12695.112747 10854.872213 -37.736237
12745.112747 10854.872213 -28.332319
12795.112747 10854.872213 -19.462023
12845.112747 10854.872213 -11.161837
12895.112747 10854.872213 -3.524637
12945.112747 10854.872213 3.448614
12995.112747 10854.872213 9.774648
13045.112747 10854.872213 15.499570
13095.112747 10854.872213 20.537518
13145.112747 10854.872213 24.841194
13195.112747 10854.872213 28.453125
13245.112747 10854.872213 31.398964
13295.112747 10854.872213 33.615475
13345.112747 10854.872213 35.125431
13395.112747 10854.872213 35.992828
13445.112747 10854.872213 36.236206
13495.112747 10854.872213 35.926373
13545.112747 10854.872213 35.132992
13595.112747 10854.872213 33.943748
13645.112747 10854.872213 32.432861
13695.112747 10854.872213 30.625719
13745.112747 10854.872213 28.579836
13795.112747 10854.872213 26.355562
13845.112747 10854.872213 24.008928
13895.112747 10854.872213 21.602461
13945.112747 10854.872213 19.182501
13995.112747 10854.872213 16.744822
6545.112747 10904.872213 350.470856
6595.112747 10904.872213 342.281281
6645.112747 10904.872213 334.055939
6695.112747 10904.872213 325.824371
6745.112747 10904.872213 317.628418
6795.112747 10904.872213 309.417084
6845.112747 10904.872213 301.148285
6895.112747 10904.872213 292.827972
6945.112747 10904.872213 284.477478
6995.112747 10904.872213 276.124329
7045.112747 10904.872213 267.821472
7095.112747 10904.872213 259.655426
7145.112747 10904.872213 251.694550
7195.112747 10904.872213 244.054657
7245.112747 10904.872213 236.803024
7295.112747 10904.872213 229.994308
7345.112747 10904.872213 223.645599
7395.112747 10904.872213 217.774399
7445.112747 10904.872213 212.410202
7495.112747 10904.872213 207.640930
7545.112747 10904.872213 203.447800
7595.112747 10904.872213 199.786240
7645.112747 10904.872213 196.594803
7695.112747 10904.872213 193.868546
7745.112747 10904.872213 191.679520
7795.112747 10904.872213 190.014404
7845.112747 10904.872213 188.884354
7895.112747 10904.872213 188.211563
7945.112747 10904.872213 187.888290
7995.112747 10904.872213 187.792831
8045.112747 10904.872213 187.848938
8095.112747 10904.872213 188.018570
8145.112747 10904.872213 188.285767
8195.112747 10904.872213 188.654144
8245.112747 10904.872213 189.145645
8295.112747 10904.872213 189.778519
8345.112747 10904.872213 190.538025
8395.112747 10904.872213 191.477982
8445.112747 10904.872213 192.568878
8495.112747 10904.872213 193.779816
8545.112747 10904.872213 195.074020
8595.112747 10904.872213 196.413010
8645.112747 10904.872213 197.783890
8695.112747 10904.872213 199.160721
8745.112747 10904.872213 200.539658
8795.112747 10904.872213 201.834244
8845.112747 10904.872213 202.999405
8895.112747 10904.872213 203.983963
8945.112747 10904.872213 204.792633
8995.112747 10904.872213 205.427170
9045.112747 10904.872213 205.849030
9095.112747 10904.872213 205.983871
9145.112747 10904.872213 205.828415
9195.112747 10904.872213 205.369415
9245.112747 10904.872213 204.597534
9295.112747 10904.872213 203.459793
9345.112747 10904.872213 201.931122
9395.112747 10904.872213 199.999374
9445.112747 10904.872213 197.671478
9495.112747 10904.872213 194.938599
9545.112747 10904.872213 191.719208
9595.112747 10904.872213 187.970917
9645.112747 10904.872213 183.643280
9695.112747 10904.872213 178.743500
9745.112747 10904.872213 173.239120
9795.112747 10904.872213 167.159790
9845.112747 10904.872213 160.595718
9895.112747 10904.872213 153.560684
9945.112747 10904.872213 146.079773
9995.112747 10904.872213 138.138687
10045.112747 10904.872213 129.701141
10095.112747 10904.872213 120.725342
10145.112747 10904.872213 111.170815
10195.112747 10904.872213 101.041512
10245.112747 10904.872213 90.385506
10295.112747 10904.872213 79.183113
10345.112747 10904.872213 67.442085
10395.112747 10904.872213 55.170208
10445.112747 10904.872213 42.424526
10495.112747 10904.872213 29.241316
10545.112747 10904.872213 15.697882
10595.112747 10904.872213 1.856883
10645.112747 10904.872213 -12.255051
10695.112747 10904.872213 -26.587803
10745.112747 10904.872213 -41.011810
10795.112747 10904.872213 -55.402538
10845.112747 10904.872213 -69.605499
10895.112747 10904.872213 -83.556923
10945.112747 10904.872213 -97.148895
10995.112747 10904.872213 -110.314659
11045.112747 10904.872213 -122.952980
11095.112747 10904.872213 -134.983459
11145.112747 10904.872213 -146.248657
11195.112747 10904.872213 -156.664490
11245.112747 10904.872213 -166.102264
11295.112747 10904.872213 -174.538971
11345.112747 10904.872213 -181.915543
11395.112747 10904.872213 -188.215347
11445.112747 10904.872213 -193.444092
11495.112747 10904.872213 -197.623108
11545.112747 10904.872213 -200.711441
11595.112747 10904.872213 -202.646957
11645.112747 10904.872213 -203.387604
11695.112747 10904.872213 -202.906204
11745.112747 10904.872213 -201.176971
11795.112747 10904.872213 -198.213974
11845.112747 10904.872213 -194.074951
11895.112747 10904.872213 -188.869904
11945.112747 10904.872213 -182.688065
11995.112747 10904.872213 -175.627838
12045.112747 10904.872213 -167.757690
12095.112747 10904.872213 -159.119476
12145.112747 10904.872213 -149.836960
12195.112747 10904.872213 -140.007339
12245.112747 10904.872213 -129.774460
12295.112747 10904.872213 -119.262978
12345.112747 10904.872213 -108.520294
12395.112747 10904.872213 -97.764511
12445.112747 10904.872213 -87.095634
12495.112747 10904.872213 -76.598007
12545.112747 10904.872213 -66.334122
12595.112747 10904.872213 -56.337894
12645.112747 10904.872213 -46.613823
12695.112747 10904.872213 -37.220703
12745.112747 10904.872213 -28.272776
12795.112747 10904.872213 -19.825706
12845.112747 10904.872213 -11.929260
12895.112747 10904.872213 -4.633697
12945.112747 10904.872213 2.042861
12995.112747 10904.872213 8.143686
13045.112747 10904.872213 13.691663
13095.112747 10904.872213 18.636919
13145.112747 10904.872213 22.920599
13195.112747 10904.872213 26.566019
13245.112747 10904.872213 29.537418
13295.112747 10904.872213 31.828257
13345.112747 10904.872213 33.390934
13395.112747 10904.872213 34.261421
13445.112747 10904.872213 34.517025
13495.112747 10904.872213 34.227486
13545.112747 10904.872213 33.455715
13595.112747 10904.872213 32.314327
13645.112747 10904.872213 30.832966
13695.112747 10904.872213 29.083099
13745.112747 10904.872213 27.110580
13795.112747 10904.872213 25.011593
13845.112747 10904.872213 22.838331
13895.112747 10904.872213 20.611017
13945.112747 10904.872213 18.330290
13995.112747 10904.872213 16.017229
6545.112747 10954.872213 325.714478
6595.112747 10954.872213 318.665405
6645.112747 10954.872213 311.607544
6695.112747 10954.872213 304.561005
6745.112747 10954.872213 297.525116
6795.112747 10954.872213 290.474731
6845.112747 10954.872213 283.317444
6895.112747 10954.872213 276.083618
6945.112747 10954.872213 268.820526
6995.112747 10954.872213 261.513580
7045.112747 10954.872213 254.228607
7095.112747 10954.872213 247.053146
7145.112747 10954.872213 240.061829
7195.112747 10954.872213 233.321442
7245.112747 10954.872213 226.931091
7295.112747 10954.872213 220.941620
7345.112747 10954.872213 215.384155
7395.112747 10954.872213 210.267426
7445.112747 10954.872213 205.644882
7495.112747 10954.872213 201.542175
7545.112747 10954.872213 198.003769
7595.112747 10954.872213 194.934723
7645.112747 10954.872213 192.293274
7695.112747 10954.872213 190.062073
7745.112747 10954.872213 188.255768
7795.112747 10954.872213 186.985123
7845.112747 10954.872213 186.183121
7895.112747 10954.872213 185.818405
7945.112747 10954.872213 185.762100
7995.112747 10954.872213 185.918610
8045.112747 10954.872213 186.233780
8095.112747 10954.872213 186.671951
8145.112747 10954.872213 187.202087
8195.112747 10954.872213 187.808746
8245.112747 10954.872213 188.514771
8295.112747 10954.872213 189.321381
8345.112747 10954.872213 190.269104
8395.112747 10954.872213 191.341278
8445.112747 10954.872213 192.543839
8495.112747 10954.872213 193.867081
8545.112747 10954.872213 195.287384
8595.112747 10954.872213 196.779770
8645.112747 10954.872213 198.272598
8695.112747 10954.872213 199.773132
8745.112747 10954.872213 201.289505
8795.112747 10954.872213 202.757416
8845.112747 10954.872213 204.094513
8895.112747 10954.872213 205.246872
8945.112747 10954.872213 206.213501
8995.112747 10954.872213 206.988358
9045.112747 10954.872213 207.557770
9095.112747 10954.872213 207.855347
9145.112747 10954.872213 207.864960
9195.112747 10954.872213 207.523972
9245.112747 10954.872213 206.767319
9295.112747 10954.872213 205.587341
9345.112747 10954.872213 204.013535
9395.112747 10954.872213 202.036942
9445.112747 10954.872213 199.660416
9495.112747 10954.872213 196.896103
9545.112747 10954.872213 193.677826
9595.112747 10954.872213 189.986710
9645.112747 10954.872213 185.769470
9695.112747 10954.872213 180.943909
9745.112747 10954.872213 175.505829
9795.112747 10954.872213 169.501343
9845.112747 10954.872213 163.039520
9895.112747 10954.872213 156.142822
9945.112747 10954.872213 148.759964
9995.112747 10954.872213 140.887756
10045.112747 10954.872213 132.511200
10095.112747 10954.872213 123.607918
10145.112747 10954.872213 114.128258
10195.112747 10954.872213 104.052872
10245.112747 10954.872213 93.431999
10295.112747 10954.872213 82.277008
10345.112747 10954.872213 70.614044
10395.112747 10954.872213 58.463730
10445.112747 10954.872213 45.895836
10495.112747 10954.872213 32.922745
10545.112747 10954.872213 19.621521
10595.112747 10954.872213 6.060940
10645.112747 10954.872213 -7.718837
10695.112747 10954.872213 -21.653214
10745.112747 10954.872213 -35.661617
10795.112747 10954.872213 -49.596245
10845.112747 10954.872213 -63.339275
10895.112747 10954.872213 -76.780525
10945.112747 10954.872213 -89.839340
10995.112747 10954.872213 -102.398590
11045.112747 10954.872213 -114.366188
11095.112747 10954.872213 -125.653877
11145.112747 10954.872213 -136.185822
11195.112747 10954.872213 -145.856781
11245.112747 10954.872213 -154.577438
11295.112747 10954.872213 -162.299744
11345.112747 10954.872213 -168.994659
11395.112747 10954.872213 -174.694611
11445.112747 10954.872213 -179.445938
11495.112747 10954.872213 -183.269516
11545.112747 10954.872213 -186.117157
11595.112747 10954.872213 -187.909607
11645.112747 10954.872213 -188.633942
11695.112747 10954.872213 -188.254761
11745.112747 10954.872213 -186.766312
11795.112747 10954.872213 -184.224213
11845.112747 10954.872213 -180.705429
11895.112747 10954.872213 -176.237274
11945.112747 10954.872213 -170.848785
11995.112747 10954.872213 -164.624527
12045.112747 10954.872213 -157.582443
12095.112747 10954.872213 -149.780960
12145.112747 10954.872213 -141.297577
12195.112747 10954.872213 -132.284821
12245.112747 10954.872213 -122.839622
12295.112747 10954.872213 -113.070061
12345.112747 10954.872213 -103.101120
12395.112747 10954.872213 -93.090263
12445.112747 10954.872213 -83.173599
12495.112747 10954.872213 -73.422844
12545.112747 10954.872213 -63.842434
12595.112747 10954.872213 -54.437469
12645.112747 10954.872213 -45.291630
12695.112747 10954.872213 -36.460838
12745.112747 10954.872213 -27.994703
12795.112747 10954.872213 -20.006641
12845.112747 10954.872213 -12.507096
12895.112747 10954.872213 -5.562572
12945.112747 10954.872213 0.809585
12995.112747 10954.872213 6.655591
13045.112747 10954.872213 11.977871
13095.112747 10954.872213 16.792616
13145.112747 10954.872213 21.052799
13195.112747 10954.872213 24.704563
13245.112747 10954.872213 27.693665
13295.112747 10954.872213 30.018419
13345.112747 10954.872213 31.632820
13395.112747 10954.872213 32.534664
13445.112747 10954.872213 32.790646
13495.112747 10954.872213 32.503628
13545.112747 10954.872213 31.759842
13595.112747 10954.872213 30.624811
13645.112747 10954.872213 29.170792
13695.112747 10954.872213 27.472328
13745.112747 10954.872213 25.586477
13795.112747 10954.872213 23.614201
13845.112747 10954.872213 21.602839
13895.112747 10954.872213 19.563297
13945.112747 10954.872213 17.472736
13995.112747 10954.872213 15.381645
6545.112747 11004.872213 301.956696
6595.112747 11004.872213 295.993256
6645.112747 11004.872213 290.067841
6695.112747 11004.872213 284.134003
6745.112747 11004.872213 278.182556
6795.112747 11004.872213 272.187012
6845.112747 11004.872213 266.105103
6895.112747 11004.872213 259.910492
6945.112747 11004.872213 253.698883
6995.112747 11004.872213 247.431976
7045.112747 11004.872213 241.162415
7095.112747 11004.872213 234.964203
7145.112747 11004.872213 228.912384
7195.112747 11004.872213 223.056137
7245.112747 11004.872213 217.473206
7295.112747 11004.872213 212.246689
7345.112747 11004.872213 207.413681
7395.112747 11004.872213 203.011856
7445.112747 11004.872213 199.065643
7495.112747 11004.872213 195.598984
7545.112747 11004.872213 192.589035
7595.112747 11004.872213 190.028488
7645.112747 11004.872213 187.866852
7695.112747 11004.872213 186.062317
7745.112747 11004.872213 184.649246
7795.112747 11004.872213 183.666275
7845.112747 11004.872213 183.131424
7895.112747 11004.872213 182.968277
7945.112747 11004.872213 183.088852
7995.112747 11004.872213 183.439774
8045.112747 11004.872213 183.973755
8095.112747 11004.872213 184.659012
8145.112747 11004.872213 185.382385
8195.112747 11004.872213 186.179260
8245.112747 11004.872213 187.071121
8295.112747 11004.872213 188.030502
8345.112747 11004.872213 189.120834
8395.112747 11004.872213 190.322937
8445.112747 11004.872213 191.654053
8495.112747 11004.872213 193.107346
8545.112747 11004.872213 194.676300
8595.112747 11004.872213 196.299728
8645.112747 11004.872213 197.948624
8695.112747 11004.872213 199.624741
8745.112747 11004.872213 201.277069
8795.112747 11004.872213 202.890198
8845.112747 11004.872213 204.383530
8895.112747 11004.872213 205.728607
8945.112747 11004.872213 206.885498
8995.112747 11004.872213 207.844406
9045.112747 11004.872213 208.576843
9095.112747 11004.872213 209.080566
9145.112747 11004.872213 209.268707
9195.112747 11004.872213 209.104477
9245.112747 11004.872213 208.491623
9295.112747 11004.872213 207.402222
9345.112747 11004.872213 205.888031
9395.112747 11004.872213 203.958984
9445.112747 11004.872213 201.661469
9495.112747 11004.872213 198.960571
9545.112747 11004.872213 195.872681
9595.112747 11004.872213 192.324417
9645.112747 11004.872213 188.247818
9695.112747 11004.872213 183.559692
9745.112747 11004.872213 178.285355
9795.112747 11004.872213 172.472656
9845.112747 11004.872213 166.181046
9895.112747 11004.872213 159.424713
9945.112747 11004.872213 152.177414
9995.112747 11004.872213 144.408249
10045.112747 11004.872213 136.103638
10095.112747 11004.872213 127.247208
10145.112747 11004.872213 117.829376
10195.112747 11004.872213 107.847862
10245.112747 11004.872213 97.287018
10295.112747 11004.872213 86.207146
10345.112747 11004.872213 74.636841
10395.112747 11004.872213 62.663391
10445.112747 11004.872213 50.279461
10495.112747 11004.872213 37.552094
10545.112747 11004.872213 24.544949
10595.112747 11004.872213 11.297937
10645.112747 11004.872213 -2.124493
10695.112747 11004.872213 -15.652040
10745.112747 11004.872213 -29.187063
10795.112747 11004.872213 -42.640911
10845.112747 11004.872213 -55.905701
10895.112747 11004.872213 -68.856461
10945.112747 11004.872213 -81.363579
10995.112747 11004.872213 -93.310051
11045.112747 11004.872213 -104.596855
11095.112747 11004.872213 -115.180923
11145.112747 11004.872213 -125.016029
11195.112747 11004.872213 -134.026962
11245.112747 11004.872213 -142.139359
11295.112747 11004.872213 -149.291809
11345.112747 11004.872213 -155.477661
11395.112747 11004.872213 -160.724670
11445.112747 11004.872213 -165.101273
11495.112747 11004.872213 -168.614838
11545.112747 11004.872213 -171.251877
11595.112747 11004.872213 -172.931000
11645.112747 11004.872213 -173.633865
11695.112747 11004.872213 -173.364304
11745.112747 11004.872213 -172.131927
11795.112747 11004.872213 -170.002823
11845.112747 11004.872213 -167.067795
11895.112747 11004.872213 -163.285873
11945.112747 11004.872213 -158.661896
11995.112747 11004.872213 -153.177597
12045.112747 11004.872213 -146.906525
12095.112747 11004.872213 -139.890594
12145.112747 11004.872213 -132.255035
12195.112747 11004.872213 -124.070023
12245.112747 11004.872213 -115.448051
12295.112747 11004.872213 -106.484573
12345.112747 11004.872213 -97.337708
12395.112747 11004.872213 -88.122925
12445.112747 11004.872213 -78.994270
12495.112747 11004.872213 -69.958618
12545.112747 11004.872213 -61.026436
12595.112747 11004.872213 -52.258865
12645.112747 11004.872213 -43.722614
12695.112747 11004.872213 -35.460766
12745.112747 11004.872213 -27.517677
12795.112747 11004.872213 -19.988853
12845.112747 11004.872213 -12.888803
12895.112747 11004.872213 -6.280543
12945.112747 11004.872213 -0.213889
12995.112747 11004.872213 5.353611
13045.112747 11004.872213 10.424817
13095.112747 11004.872213 15.055845
13145.112747 11004.872213 19.220428
13195.112747 11004.872213 22.820515
13245.112747 11004.872213 25.818344
13295.112747 11004.872213 28.160631
13345.112747 11004.872213 29.828644
13395.112747 11004.872213 30.771523
13445.112747 11004.872213 31.058535
13495.112747 11004.872213 30.791504
13545.112747 11004.872213 30.073395
13595.112747 11004.872213 28.943501
13645.112747 11004.872213 27.488243
13695.112747 11004.872213 25.825714
13745.112747 11004.872213 24.020878
13795.112747 11004.872213 22.141659
13845.112747 11004.872213 20.302210
13895.112747 11004.872213 18.457047
13945.112747 11004.872213 16.596167
13995.112747 11004.872213 14.753825
6545.112747 11054.872213 279.304047
6595.112747 11054.872213 274.390533
6645.112747 11054.872213 269.508728
6695.112747 11054.872213 264.626373
6745.112747 11054.872213 259.672241
6795.112747 11054.872213 254.683884
6845.112747 11054.872213 249.611526
6895.112747 11054.872213 244.450592
6945.112747 11054.872213 239.237473
6995.112747 11054.872213 233.972733
7045.112747 11054.872213 228.691528
7095.112747 11054.872213 223.453308
7145.112747 11054.872213 218.306808
7195.112747 11054.872213 213.289520
7245.112747 11054.872213 208.479706
7295.112747 11054.872213 203.973114
7345.112747 11054.872213 199.822845
7395.112747 11054.872213 196.072708
7445.112747 11054.872213 192.739197
7495.112747 11054.872213 189.821411
7545.112747 11054.872213 187.298843
7595.112747 11054.872213 185.179108
7645.112747 11054.872213 183.395737
7695.112747 11054.872213 181.945938
7745.112747 11054.872213 180.861771
7795.112747 11054.872213 180.141998
7845.112747 11054.872213 179.777603
7895.112747 11054.872213 179.734360
7945.112747 11054.872213 179.963791
7995.112747 11054.872213 180.455460
8045.112747 11054.872213 181.161682
8095.112747 11054.872213 181.985672
8145.112747 11054.872213 182.872345
8195.112747 11054.872213 183.796249
8245.112747 11054.872213 184.790726
8295.112747 11054.872213 185.916809
8345.112747 11054.872213 187.149017
8395.112747 11054.872213 188.492584
8445.112747 11054.872213 189.957397
8495.112747 11054.872213 191.561783
8545.112747 11054.872213 193.282257
8595.112747 11054.872213 195.061203
8645.112747 11054.872213 196.885574
8695.112747 11054.872213 198.711716
8745.112747 11054.872213 200.517380
8795.112747 11054.872213 202.278030
8845.112747 11054.872213 203.938370
8895.112747 11054.872213 205.478851
8945.112747 11054.872213 206.840698
8995.112747 11054.872213 207.985733
9045.112747 11054.872213 208.918457
9095.112747 11054.872213 209.634811
9145.112747 11054.872213 210.064423
9195.112747 11054.872213 210.125244
9245.112747 11054.872213 209.716949
9295.112747 11054.872213 208.856476
9345.112747 11054.872213 207.559616
9395.112747 11054.872213 205.821335
9445.112747 11054.872213 203.675980
9495.112747 11054.872213 201.171432
9545.112747 11054.872213 198.278214
9595.112747 11054.872213 194.921906
9645.112747 11054.872213 191.010345
9695.112747 11054.872213 186.541534
9745.112747 11054.872213 181.515747
9795.112747 11054.872213 175.968353
9845.112747 11054.872213 169.891663
9895.112747 11054.872213 163.324112
9945.112747 11054.872213 156.241028
9995.112747 11054.872213 148.601166
10045.112747 11054.872213 140.372910
10095.112747 11054.872213 131.584793
10145.112747 11054.872213 122.245132
10195.112747 11054.872213 112.323982
10245.112747 11054.872213 101.845848
10295.112747 11054.872213 90.848030
10345.112747 11054.872213 79.441040
10395.112747 11054.872213 67.653862
10445.112747 11054.872213 55.520023
10495.112747 11054.872213 43.065060
10545.112747 11054.872213 30.367655
10595.112747 11054.872213 17.467342
10645.112747 11054.872213 4.428878
10695.112747 11054.872213 -8.669939
10745.112747 11054.872213 -21.736828
10795.112747 11054.872213 -34.694462
10845.112747 11054.872213 -47.458885
10895.112747 11054.872213 -59.902294
10945.112747 11054.872213 -71.882469
10995.112747 11054.872213 -83.224716
11045.112747 11054.872213 -93.884018
11095.112747 11054.872213 -103.819954
11145.112747 11054.872213 -112.998833
11195.112747 11054.872213 -121.388588
11245.112747 11054.872213 -128.966995
11295.112747 11054.872213 -135.703796
11345.112747 11054.872213 -141.519806
11395.112747 11054.872213 -146.440186
11445.112747 11054.872213 -150.530121
11495.112747 11054.872213 -153.815933
11545.112747 11054.872213 -156.262344
11595.112747 11054.872213 -157.856659
11645.112747 11054.872213 -158.578842
11695.112747 11054.872213 -158.452866
11745.112747 11054.872213 -157.479324
11795.112747 11054.872213 -155.744568
11845.112747 11054.872213 -153.333374
11895.112747 11054.872213 -150.158798
11945.112747 11054.872213 -146.180908
11995.112747 11054.872213 -141.400253
12045.112747 11054.872213 -135.831009
12095.112747 11054.872213 -129.597992
12145.112747 11054.872213 -122.772972
12195.112747 11054.872213 -115.442589
12245.112747 11054.872213 -107.661964
12295.112747 11054.872213 -99.557480
12345.112747 11054.872213 -91.277359
12395.112747 11054.872213 -82.912193
12445.112747 11054.872213 -74.523148
12495.112747 11054.872213 -66.194695
12545.112747 11054.872213 -57.942509
12595.112747 11054.872213 -49.819820
12645.112747 11054.872213 -41.898666
12695.112747 11054.872213 -34.215134
12745.112747 11054.872213 -26.813286
12795.112747 11054.872213 -19.733822
12845.112747 11054.872213 -13.059988
12895.112747 11054.872213 -6.813514
12945.112747 11054.872213 -1.046208
12995.112747 11054.872213 4.236429
13045.112747 11054.872213 9.065188
13095.112747 11054.872213 13.488683
13145.112747 11054.872213 17.477480
13195.112747 11054.872213 20.945381
13245.112747 11054.872213 23.895937
13295.112747 11054.872213 26.240049
13345.112747 11054.872213 27.923883
13395.112747 11054.872213 28.931501
13445.112747 11054.872213 29.283018
13495.112747 11054.872213 29.070169
13545.112747 11054.872213 28.392431
13595.112747 11054.872213 27.293520
13645.112747 11054.872213 25.847200
13695.112747 11054.872213 24.193531
13745.112747 11054.872213 22.445089
13795.112747 11054.872213 20.662914
13845.112747 11054.872213 18.953400
13895.112747 11054.872213 17.274607
13945.112747 11054.872213 15.643689
13995.112747 11054.872213 14.046116
6545.112747 11104.872213 257.974976
6595.112747 11104.872213 254.011169
6645.112747 11104.872213 250.078476
6695.112747 11104.872213 246.137634
6745.112747 11104.872213 242.124069
6795.112747 11104.872213 238.054886
6845.112747 11104.872213 233.950714
6895.112747 11104.872213 229.769730
6945.112747 11104.872213 225.510635
6995.112747 11104.872213 221.210632
7045.112747 11104.872213 216.884506
7095.112747 11104.872213 212.548523
7145.112747 11104.872213 208.248413
7195.112747 11104.872213 204.049820
7245.112747 11104.872213 199.987839
7295.112747 11104.872213 196.158310
7345.112747 11104.872213 192.648575
7395.112747 11104.872213 189.494827
7445.112747 11104.872213 186.697052
7495.112747 11104.872213 184.248428
7545.112747 11104.872213 182.154648
7595.112747 11104.872213 180.387741
7645.112747 11104.872213 178.939331
7695.112747 11104.872213 177.790298
7745.112747 11104.872213 176.963135
7795.112747 11104.872213 176.444717
7845.112747 11104.872213 176.205811
7895.112747 11104.872213 176.223572
7945.112747 11104.872213 176.506561
7995.112747 11104.872213 177.060364
8045.112747 11104.872213 177.825531
8095.112747 11104.872213 178.711395
8145.112747 11104.872213 179.669724
8195.112747 11104.872213 180.680237
8245.112747 11104.872213 181.796463
8295.112747 11104.872213 183.041260
8345.112747 11104.872213 184.423706
8395.112747 11104.872213 185.925476
8445.112747 11104.872213 187.532166
8495.112747 11104.872213 189.265137
8545.112747 11104.872213 191.118164
8595.112747 11104.872213 193.070145
8645.112747 11104.872213 195.082870
8695.112747 11104.872213 197.074554
8745.112747 11104.872213 199.025070
8795.112747 11104.872213 200.930862
8845.112747 11104.872213 202.775772
8895.112747 11104.872213 204.498276
8945.112747 11104.872213 206.065094
8995.112747 11104.872213 207.422913
9045.112747 11104.872213 208.569992
9095.112747 11104.872213 209.536804
9145.112747 11104.872213 210.238983
9195.112747 11104.872213 210.573181
9245.112747 11104.872213 210.495132
9295.112747 11104.872213 209.943680
9345.112747 11104.872213 208.948059
9395.112747 11104.872213 207.530060
9445.112747 11104.872213 205.718048
9495.112747 11104.872213 203.487106
9545.112747 11104.872213 200.834656
9595.112747 11104.872213 197.673660
9645.112747 11104.872213 194.022049
9695.112747 11104.872213 189.835953
9745.112747 11104.872213 185.125961
9795.112747 11104.872213 179.864395
9845.112747 11104.872213 174.059860
9895.112747 11104.872213 167.703918
9945.112747 11104.872213 160.806366
9995.112747 11104.872213 153.325455
10045.112747 11104.872213 145.212250
10095.112747 11104.872213 136.504425
10145.112747 11104.872213 127.210960
10195.112747 11104.872213 117.359024
10245.112747 11104.872213 106.957008
10295.112747 11104.872213 96.115875
10345.112747 11104.872213 84.903503
10395.112747 11104.872213 73.342056
10445.112747 11104.872213 61.445068
10495.112747 11104.872213 49.286819
10545.112747 11104.872213 36.925350
10595.112747 11104.872213 24.392441
10645.112747 11104.872213 11.778446
10695.112747 11104.872213 -0.875900
10745.112747 11104.872213 -13.465216
10795.112747 11104.872213 -25.936886
10845.112747 11104.872213 -38.187538
10895.112747 11104.872213 -50.117058
10945.112747 11104.872213 -61.541714
10995.112747 11104.872213 -72.340637
11045.112747 11104.872213 -82.433815
11095.112747 11104.872213 -91.777779
11145.112747 11104.872213 -100.372452
11195.112747 11104.872213 -108.218178
11245.112747 11104.872213 -115.347618
11295.112747 11104.872213 -121.720840
11345.112747 11104.872213 -127.258339
11395.112747 11104.872213 -131.956940
11445.112747 11104.872213 -135.868637
11495.112747 11104.872213 -138.989914
11545.112747 11104.872213 -141.325958
11595.112747 11104.872213 -142.877869
11645.112747 11104.872213 -143.643616
11695.112747 11104.872213 -143.672134
11745.112747 11104.872213 -142.975723
11795.112747 11104.872213 -141.639389
11845.112747 11104.872213 -139.636551
11895.112747 11104.872213 -136.972519
11945.112747 11104.872213 -133.576050
11995.112747 11104.872213 -129.421646
12045.112747 11104.872213 -124.546967
12095.112747 11104.872213 -119.045151
12145.112747 11104.872213 -113.004395
12195.112747 11104.872213 -106.496964
12245.112747 11104.872213 -99.557083
12295.112747 11104.872213 -92.339355
12345.112747 11104.872213 -84.935097
12395.112747 11104.872213 -77.398926
12445.112747 11104.872213 -69.796379
12495.112747 11104.872213 -62.179008
12545.112747 11104.872213 -54.596210
12595.112747 11104.872213 -47.151154
12645.112747 11104.872213 -39.845459
12695.112747 11104.872213 -32.724979
12745.112747 11104.872213 -25.848501
12795.112747 11104.872213 -19.249043
12845.112747 11104.872213 -13.009352
12895.112747 11104.872213 -7.174127
12945.112747 11104.872213 -1.727680
12995.112747 11104.872213 3.287936
13045.112747 11104.872213 7.896348
13095.112747 11104.872213 12.118249
13145.112747 11104.872213 15.896072
13195.112747 11104.872213 19.165991
13245.112747 11104.872213 21.955803
13295.112747 11104.872213 24.230978
13345.112747 11104.872213 25.905037
13395.112747 11104.872213 26.968264
13445.112747 11104.872213 27.422985
13495.112747 11104.872213 27.297379
13545.112747 11104.872213 26.681211
13595.112747 11104.872213 25.651058
13645.112747 11104.872213 24.250116
13695.112747 11104.872213 22.628462
13745.112747 11104.872213 20.934589
13795.112747 11104.872213 19.251780
13845.112747 11104.872213 17.610725
13895.112747 11104.872213 16.066771
13945.112747 11104.872213 14.581398
13995.112747 11104.872213 13.129395
6545.112747 11154.872213 238.119843
6595.112747 11154.872213 235.018677
6645.112747 11154.872213 231.924515
6695.112747 11154.872213 228.807938
6745.112747 11154.872213 225.632309
6795.112747 11154.872213 222.408752
6845.112747 11154.872213 219.158600
6895.112747 11154.872213 215.907272
6945.112747 11154.872213 212.576614
6995.112747 11154.872213 209.195190
7045.112747 11154.872213 205.740265
7095.112747 11154.872213 202.250656
7145.112747 11154.872213 198.771744
7195.112747 11154.872213 195.341553
7245.112747 11154.872213 191.996902
7295.112747 11154.872213 188.819214
7345.112747 11154.872213 185.881546
7395.112747 11154.872213 183.244232
7445.112747 11154.872213 180.921814
7495.112747 11154.872213 178.892227
7545.112747 11154.872213 177.141418
7595.112747 11154.872213 175.701843
7645.112747 11154.872213 174.542831
7695.112747 11154.872213 173.650269
7745.112747 11154.872213 173.027161
7795.112747 11154.872213 172.636093
7845.112747 11154.872213 172.459763
7895.112747 11154.872213 172.517456
7945.112747 11154.872213 172.808777
7995.112747 11154.872213 173.327362
8045.112747 11154.872213 174.028961
8095.112747 11154.872213 174.883530
8145.112747 11154.872213 175.871460
8195.112747 11154.872213 176.959213
8245.112747 11154.872213 178.159927
8295.112747 11154.872213 179.502106
8345.112747 11154.872213 181.002151
8395.112747 11154.872213 182.650925
8445.112747 11154.872213 184.389008
8495.112747 11154.872213 186.253296
8545.112747 11154.872213 188.246552
8595.112747 11154.872213 190.357056
8645.112747 11154.872213 192.523560
8695.112747 11154.872213 194.684052
8745.112747 11154.872213 196.786987
8795.112747 11154.872213 198.839645
8845.112747 11154.872213 200.854645
8895.112747 11154.872213 202.771439
8945.112747 11154.872213 204.560577
8995.112747 11154.872213 206.141510
9045.112747 11154.872213 207.544907
9095.112747 11154.872213 208.766052
9145.112747 11154.872213 209.788803
9195.112747 11154.872213 210.469330
9245.112747 11154.872213 210.768585
9295.112747 11154.872213 210.634766
9345.112747 11154.872213 210.056778
9395.112747 11154.872213 209.088547
9445.112747 11154.872213 207.669342
9495.112747 11154.872213 205.800430
9545.112747 11154.872213 203.435150
9595.112747 11154.872213 200.576294
9645.112747 11154.872213 197.224304
9695.112747 11154.872213 193.378906
9745.112747 11154.872213 188.999741
9795.112747 11154.872213 184.072006
9845.112747 11154.872213 178.551712
9895.112747 11154.872213 172.463226
9945.112747 11154.872213 165.754807
9995.112747 11154.872213 158.414642
10045.112747 11154.872213 150.454987
10095.112747 11154.872213 141.826904
10145.112747 11154.872213 132.603104
10195.112747 11154.872213 122.805862
10245.112747 11154.872213 112.531021
10295.112747 11154.872213 101.847740
10345.112747 11154.872213 90.838989
10395.112747 11154.872213 79.506401
10445.112747 11154.872213 67.918274
10495.112747 11154.872213 56.077461
10545.112747 11154.872213 44.050007
10595.112747 11154.872213 31.902964
10645.112747 11154.872213 19.703812
10695.112747 11154.872213 7.530855
10745.112747 11154.872213 -4.590108
10795.112747 11154.872213 -16.569550
10845.112747 11154.872213 -28.319742
10895.112747 11154.872213 -39.685936
10945.112747 11154.872213 -50.565701
10995.112747 11154.872213 -60.835682
11045.112747 11154.872213 -70.391129
11095.112747 11154.872213 -79.220970
11145.112747 11154.872213 -87.323265
11195.112747 11154.872213 -94.739517
11245.112747 11154.872213 -101.484215
11295.112747 11154.872213 -107.548744
11345.112747 11154.872213 -112.878090
11395.112747 11154.872213 -117.439949
11445.112747 11154.872213 -121.234077
11495.112747 11154.872213 -124.295006
11545.112747 11154.872213 -126.592987
11595.112747 11154.872213 -128.157440
11645.112747 11154.872213 -129.037994
11695.112747 11154.872213 -129.240204
11745.112747 11154.872213 -128.807999
11795.112747 11154.872213 -127.759964
11845.112747 11154.872213 -126.129807
11895.112747 11154.872213 -123.901222
11945.112747 11154.872213 -121.008743
11995.112747 11154.872213 -117.428764
12045.112747 11154.872213 -113.191208
12095.112747 11154.872213 -108.393837
12145.112747 11154.872213 -103.087791
12195.112747 11154.872213 -97.349525
12245.112747 11154.872213 -91.253532
12295.112747 11154.872213 -84.892616
12345.112747 11154.872213 -78.332588
12395.112747 11154.872213 -71.624809
12445.112747 11154.872213 -64.801689
12495.112747 11154.872213 -57.901596
12545.112747 11154.872213 -51.030361
12595.112747 11154.872213 -44.238022
12645.112747 11154.872213 -37.568695
12695.112747 11154.872213 -31.025446
12745.112747 11154.872213 -24.656998
12795.112747 11154.872213 -18.540813
12845.112747 11154.872213 -12.757920
12895.112747 11154.872213 -7.328669
12945.112747 11154.872213 -2.242707
12995.112747 11154.872213 2.522235
13045.112747 11154.872213 6.908273
13095.112747 11154.872213 10.908808
13145.112747 11154.872213 14.445170
13195.112747 11154.872213 17.514071
13245.112747 11154.872213 20.073893
13295.112747 11154.872213 22.177460
13345.112747 11154.872213 23.787277
13395.112747 11154.872213 24.881203
13445.112747 11154.872213 25.420837
13495.112747 11154.872213 25.421043
13545.112747 11154.872213 24.908148
13595.112747 11154.872213 23.974598
13645.112747 11154.872213 22.690178
13695.112747 11154.872213 21.170198
13745.112747 11154.872213 19.549511
13795.112747 11154.872213 17.948328
13845.112747 11154.872213 16.365192
13895.112747 11154.872213 14.850478
13945.112747 11154.872213 13.401508
13995.112747 11154.872213 11.964581
6545.112747 11204.872213 219.885712
6595.112747 11204.872213 217.545135
6645.112747 11204.872213 215.155655
6695.112747 11204.872213 212.720932
6745.112747 11204.872213 210.276520
6795.112747 11204.872213 207.795105
6845.112747 11204.872213 205.354187
6895.112747 11204.872213 202.905121
6945.112747 11204.872213 200.437393
6995.112747 11204.872213 197.898499
7045.112747 11204.872213 195.302780
7095.112747 11204.872213 192.627502
7145.112747 11204.872213 189.930481
7195.112747 11204.872213 187.215714
7245.112747 11204.872213 184.532379
7295.112747 11204.872213 181.926910
7345.112747 11204.872213 179.516800
7395.112747 11204.872213 177.357986
7445.112747 11204.872213 175.459656
7495.112747 11204.872213 173.798660
7545.112747 11204.872213 172.368515
7595.112747 11204.872213 171.169617
7645.112747 11204.872213 170.237549
7695.112747 11204.872213 169.565308
7745.112747 11204.872213 169.073196
7795.112747 11204.872213 168.767365
7845.112747 11204.872213 168.619003
7895.112747 11204.872213 168.657516
7945.112747 11204.872213 168.887848
7995.112747 11204.872213 169.301254
8045.112747 11204.872213 169.872162
8095.112747 11204.872213 170.639145
8145.112747 11204.872213 171.586121
8195.112747 11204.872213 172.717743
8245.112747 11204.872213 173.984619
8295.112747 11204.872213 175.397873
8345.112747 11204.872213 176.977463
8395.112747 11204.872213 178.717194
8445.112747 11204.872213 180.594925
8495.112747 11204.872213 182.565002
8545.112747 11204.872213 184.693359
8595.112747 11204.872213 186.916794
8645.112747 11204.872213 189.217621
8695.112747 11204.872213 191.540497
8745.112747 11204.872213 193.806808
8795.112747 11204.872213 196.029617
8845.112747 11204.872213 198.193054
8895.112747 11204.872213 200.294830
8945.112747 11204.872213 202.283936
8995.112747 11204.872213 204.128738
9045.112747 11204.872213 205.822861
9095.112747 11204.872213 207.358643
9145.112747 11204.872213 208.707275
9195.112747 11204.872213 209.816895
9245.112747 11204.872213 210.565750
9295.112747 11204.872213 210.922516
9345.112747 11204.872213 210.871353
9395.112747 11204.872213 210.401871
9445.112747 11204.872213 209.467178
9495.112747 11204.872213 207.987137
9545.112747 11204.872213 206.000977
9595.112747 11204.872213 203.512360
9645.112747 11204.872213 200.545349
9695.112747 11204.872213 197.058640
9745.112747 11204.872213 193.028458
9795.112747 11204.872213 188.459717
9845.112747 11204.872213 183.287796
9895.112747 11204.872213 177.443909
9945.112747 11204.872213 170.926254
9995.112747 11204.872213 163.741516
10045.112747 11204.872213 155.899475
10095.112747 11204.872213 147.399139
10145.112747 11204.872213 138.260437
10195.112747 11204.872213 128.576935
10245.112747 11204.872213 118.432358
10295.112747 11204.872213 107.917511
10345.112747 11204.872213 97.072998
10395.112747 11204.872213 85.993813
10445.112747 11204.872213 74.695572
10495.112747 11204.872213 63.221661
10545.112747 11204.872213 51.558292
10595.112747 11204.872213 39.802280
10645.112747 11204.872213 28.018152
10695.112747 11204.872213 16.296804
10745.112747 11204.872213 4.686281
10795.112747 11204.872213 -6.768698
10845.112747 11204.872213 -17.975260
10895.112747 11204.872213 -28.809345
10945.112747 11204.872213 -39.149399
10995.112747 11204.872213 -48.899330
11045.112747 11204.872213 -57.989948
11095.112747 11204.872213 -66.370239
11145.112747 11204.872213 -74.072365
11195.112747 11204.872213 -81.142197
11245.112747 11204.872213 -87.589996
11295.112747 11204.872213 -93.415146
11345.112747 11204.872213 -98.582680
11395.112747 11204.872213 -103.062325
11445.112747 11204.872213 -106.821182
11495.112747 11204.872213 -109.853951
11545.112747 11204.872213 -112.185318
11595.112747 11204.872213 -113.842613
11645.112747 11204.872213 -114.863289
11695.112747 11204.872213 -115.260582
11745.112747 11204.872213 -115.057442
11795.112747 11204.872213 -114.284729
11845.112747 11204.872213 -112.958572
11895.112747 11204.872213 -111.064285
11945.112747 11204.872213 -108.627121
11995.112747 11204.872213 -105.576599
12045.112747 11204.872213 -101.958076
12095.112747 11204.872213 -97.792549
12145.112747 11204.872213 -93.168045
12195.112747 11204.872213 -88.151314
12245.112747 11204.872213 -82.843552
12295.112747 11204.872213 -77.273018
12345.112747 11204.872213 -71.542366
12395.112747 11204.872213 -65.613571
12445.112747 11204.872213 -59.515911
12495.112747 11204.872213 -53.364655
12545.112747 11204.872213 -47.199333
12595.112747 11204.872213 -41.098766
12645.112747 11204.872213 -35.039040
12695.112747 11204.872213 -29.068758
12745.112747 11204.872213 -23.245041
12795.112747 11204.872213 -17.639679
12845.112747 11204.872213 -12.310170
12895.112747 11204.872213 -7.276289
12945.112747 11204.872213 -2.493980
12995.112747 11204.872213 1.966391
13045.112747 11204.872213 6.081320
13095.112747 11204.872213 9.777570
13145.112747 11204.872213 13.077088
13195.112747 11204.872213 15.911123
13245.112747 11204.872213 18.260559
13295.112747 11204.872213 20.165558
13345.112747 11204.872213 21.656116
13395.112747 11204.872213 22.697691
13445.112747 11204.872213 23.291271
13495.112747 11204.872213 23.404221
13545.112747 11204.872213 23.025051
13595.112747 11204.872213 22.252861
13645.112747 11204.872213 21.171549
13695.112747 11204.872213 19.795216
13745.112747 11204.872213 18.307060
13795.112747 11204.872213 16.776678
13845.112747 11204.872213 15.213321
13895.112747 11204.872213 13.664025
13945.112747 11204.872213 12.155439
13995.112747 11204.872213 10.638474
6545.112747 11254.872213 203.160706
6595.112747 11254.872213 201.474030
6645.112747 11254.872213 199.722641
6695.112747 11254.872213 197.925934
6745.112747 11254.872213 196.112885
6795.112747 11254.872213 194.338104
6845.112747 11254.872213 192.577820
6895.112747 11254.872213 190.860367
6945.112747 11254.872213 189.127365
6995.112747 11254.872213 187.380615
7045.112747 11254.872213 185.573700
7095.112747 11254.872213 183.672928
7145.112747 11254.872213 181.692795
7195.112747 11254.872213 179.650131
7245.112747 11254.872213 177.566406
7295.112747 11254.872213 175.526337
7345.112747 11254.872213 173.609802
7395.112747 11254.872213 171.893799
7445.112747 11254.872213 170.381317
7495.112747 11254.872213 169.035843
7545.112747 11254.872213 167.839172
7595.112747 11254.872213 166.852142
7645.112747 11254.872213 166.087708
7695.112747 11254.872213 165.536850
7745.112747 11254.872213 165.162338
7795.112747 11254.872213 164.874084
7845.112747 11254.872213 164.700851
7895.112747 11254.872213 164.651855
7945.112747 11254.872213 164.759384
7995.112747 11254.872213 165.020477
8045.112747 11254.872213 165.464417
8095.112747 11254.872213 166.118057
8145.112747 11254.872213 166.993942
8195.112747 11254.872213 168.075012
8245.112747 11254.872213 169.342026
8295.112747 11254.872213 170.796280
8345.112747 11254.872213 172.434418
8395.112747 11254.872213 174.241745
8445.112747 11254.872213 176.201019
8495.112747 11254.872213 178.288605
8545.112747 11254.872213 180.495300
8595.112747 11254.872213 182.817963
8645.112747 11254.872213 185.225510
8695.112747 11254.872213 187.660751
8745.112747 11254.872213 190.103531
8795.112747 11254.872213 192.493088
8845.112747 11254.872213 194.824203
8895.112747 11254.872213 197.102386
8945.112747 11254.872213 199.299515
8995.112747 11254.872213 201.438507
9045.112747 11254.872213 203.461029
9095.112747 11254.872213 205.374451
9145.112747 11254.872213 207.109528
9195.112747 11254.872213 208.637482
9245.112747 11254.872213 209.891205
9295.112747 11254.872213 210.801086
9345.112747 11254.872213 211.337387
9395.112747 11254.872213 211.418304
9445.112747 11254.872213 210.969559
9495.112747 11254.872213 209.966751
9545.112747 11254.872213 208.412735
9595.112747 11254.872213 206.376266
9645.112747 11254.872213 203.839432
9695.112747 11254.872213 200.773254
9745.112747 11254.872213 197.132141
9795.112747 11254.872213 192.908051
9845.112747 11254.872213 188.042801
9895.112747 11254.872213 182.476013
9945.112747 11254.872213 176.154083
9995.112747 11254.872213 169.112289
10045.112747 11254.872213 161.384995
10095.112747 11254.872213 153.023621
10145.112747 11254.872213 144.047012
10195.112747 11254.872213 134.516968
10245.112747 11254.872213 124.545837
10295.112747 11254.872213 114.198471
10345.112747 11254.872213 103.563728
10395.112747 11254.872213 92.706337
10445.112747 11254.872213 81.686661
10495.112747 11254.872213 70.526291
10545.112747 11254.872213 59.276241
10595.112747 11254.872213 47.939388
10645.112747 11254.872213 36.603558
10695.112747 11254.872213 25.346712
10745.112747 11254.872213 14.220289
10795.112747 11254.872213 3.283241
10845.112747 11254.872213 -7.383132
10895.112747 11254.872213 -17.694782
10945.112747 11254.872213 -27.529926
10995.112747 11254.872213 -36.783356
11045.112747 11254.872213 -45.449608
11095.112747 11254.872213 -53.463184
11145.112747 11254.872213 -60.872944
11195.112747 11254.872213 -67.662910
11245.112747 11254.872213 -73.881035
11295.112747 11254.872213 -79.485199
11345.112747 11254.872213 -84.513344
11395.112747 11254.872213 -88.931038
11445.112747 11254.872213 -92.692673
11495.112747 11254.872213 -95.768936
11545.112747 11254.872213 -98.194344
11595.112747 11254.872213 -99.983650
11645.112747 11254.872213 -101.154839
11695.112747 11254.872213 -101.739990
11745.112747 11254.872213 -101.771965
11795.112747 11254.872213 -101.254807
11845.112747 11254.872213 -100.194626
11895.112747 11254.872213 -98.631516
11945.112747 11254.872213 -96.548126
11995.112747 11254.872213 -93.984901
12045.112747 11254.872213 -90.921288
12095.112747 11254.872213 -87.373306
12145.112747 11254.872213 -83.387901
12195.112747 11254.872213 -79.039528
12245.112747 11254.872213 -74.420753
12295.112747 11254.872213 -69.607544
12345.112747 11254.872213 -64.582031
12395.112747 11254.872213 -59.387344
12445.112747 11254.872213 -54.024452
12495.112747 11254.872213 -48.583302
12545.112747 11254.872213 -43.165680
12595.112747 11254.872213 -37.705692
12645.112747 11254.872213 -32.246876
12695.112747 11254.872213 -26.855650
12745.112747 11254.872213 -21.596994
12795.112747 11254.872213 -16.533627
12845.112747 11254.872213 -11.659698
12895.112747 11254.872213 -6.969912
12945.112747 11254.872213 -2.524853
12995.112747 11254.872213 1.623470
13045.112747 11254.872213 5.394482
13095.112747 11254.872213 8.752576
13145.112747 11254.872213 11.746390
13195.112747 11254.872213 14.336440
13245.112747 11254.872213 16.482796
13295.112747 11254.872213 18.195910
13345.112747 11254.872213 19.527504
13395.112747 11254.872213 20.481316
13445.112747 11254.872213 21.069679
13495.112747 11254.872213 21.280502
13545.112747 11254.872213 21.068720
13595.112747 11254.872213 20.504698
13645.112747 11254.872213 19.629890
13695.112747 11254.872213 18.491976
13745.112747 11254.872213 17.151060
13795.112747 11254.872213 15.681649
13845.112747 11254.872213 14.136614
13895.112747 11254.872213 12.540272
13945.112747 11254.872213 10.930624
13995.112747 11254.872213 9.323398
6545.112747 11304.872213 187.802551
6595.112747 11304.872213 186.691254
6645.112747 11304.872213 185.536392
6695.112747 11304.872213 184.350128
6745.112747 11304.872213 183.176117
6795.112747 11304.872213 182.017670
6845.112747 11304.872213 180.896027
6895.112747 11304.872213 179.801498
6945.112747 11304.872213 178.712677
6995.112747 11304.872213 177.654724
7045.112747 11304.872213 176.567566
7095.112747 11304.872213 175.373703
7145.112747 11304.872213 174.036026
7195.112747 11304.872213 172.620819
7245.112747 11304.872213 171.127747
7295.112747 11304.872213 169.601852
7345.112747 11304.872213 168.136322
7395.112747 11304.872213 166.808868
7445.112747 11304.872213 165.611877
7495.112747 11304.872213 164.541992
7545.112747 11304.872213 163.589676
7595.112747 11304.872213 162.764908
7645.112747 11304.872213 162.128525
7695.112747 11304.872213 161.669586
7745.112747 11304.872213 161.306168
7795.112747 11304.872213 161.000275
7845.112747 11304.872213 160.747330
7895.112747 11304.872213 160.539642
7945.112747 11304.872213 160.459442
7995.112747 11304.872213 160.550766
8045.112747 11304.872213 160.868454
8095.112747 11304.872213 161.388016
8145.112747 11304.872213 162.143585
8195.112747 11304.872213 163.121353
8245.112747 11304.872213 164.363266
8295.112747 11304.872213 165.841324
8345.112747 11304.872213 167.506302
8395.112747 11304.872213 169.324692
8445.112747 11304.872213 171.340103
8495.112747 11304.872213 173.492935
8545.112747 11304.872213 175.762573
8595.112747 11304.872213 178.163361
8645.112747 11304.872213 180.655594
8695.112747 11304.872213 183.203018
8745.112747 11304.872213 185.758743
8795.112747 11304.872213 188.286606
8845.112747 11304.872213 190.783463
8895.112747 11304.872213 193.254395
8945.112747 11304.872213 195.718323
8995.112747 11304.872213 198.155945
9045.112747 11304.872213 200.574951
9095.112747 11304.872213 202.871567
9145.112747 11304.872213 205.029572
9195.112747 11304.872213 206.995636
9245.112747 11304.872213 208.758377
9295.112747 11304.872213 210.285995
9345.112747 11304.872213 211.413406
9395.112747 11304.872213 212.053864
9445.112747 11304.872213 212.160995
9495.112747 11304.872213 211.678146
9545.112747 11304.872213 210.633209
9595.112747 11304.872213 209.073318
9645.112747 11304.872213 207.009796
9695.112747 11304.872213 204.407150
9745.112747 11304.872213 201.188339
9795.112747 11304.872213 197.291138
9845.112747 11304.872213 192.693817
9895.112747 11304.872213 187.347885
9945.112747 11304.872213 181.237259
9995.112747 11304.872213 174.354446
10045.112747 11304.872213 166.760315
10095.112747 11304.872213 158.544464
10145.112747 11304.872213 149.722061
10195.112747 11304.872213 140.422897
10245.112747 11304.872213 130.675003
10295.112747 11304.872213 120.554443
10345.112747 11304.872213 110.127899
10395.112747 11304.872213 99.498268
10445.112747 11304.872213 88.728867
10495.112747 11304.872213 77.908676
10545.112747 11304.872213 67.036736
10595.112747 11304.872213 56.145470
10645.112747 11304.872213 45.258255
10695.112747 11304.872213 34.451046
10745.112747 11304.872213 23.807220
10795.112747 11304.872213 13.371008
10845.112747 11304.872213 3.211814
10895.112747 11304.872213 -6.580795
10945.112747 11304.872213 -15.922189
10995.112747 11304.872213 -24.749619
11045.112747 11304.872213 -33.016083
11095.112747 11304.872213 -40.737358
11145.112747 11304.872213 -47.891254
11195.112747 11304.872213 -54.484356
11245.112747 11304.872213 -60.480606
11295.112747 11304.872213 -65.908722
11345.112747 11304.872213 -70.807320
11395.112747 11304.872213 -75.169388
11445.112747 11304.872213 -78.954559
11495.112747 11304.872213 -82.108696
11545.112747 11304.872213 -84.641922
11595.112747 11304.872213 -86.576324
11645.112747 11304.872213 -87.918198
11695.112747 11304.872213 -88.715714
11745.112747 11304.872213 -88.992073
11795.112747 11304.872213 -88.714920
11845.112747 11304.872213 -87.918678
11895.112747 11304.872213 -86.633194
11945.112747 11304.872213 -84.914787
11995.112747 11304.872213 -82.761200
12045.112747 11304.872213 -80.184464
12095.112747 11304.872213 -77.181030
12145.112747 11304.872213 -73.775940
12195.112747 11304.872213 -70.051895
12245.112747 11304.872213 -66.092285
12295.112747 11304.872213 -61.935322
12345.112747 11304.872213 -57.592152
12395.112747 11304.872213 -53.072460
12445.112747 11304.872213 -48.415558
12495.112747 11304.872213 -43.682384
12545.112747 11304.872213 -38.906425
12595.112747 11304.872213 -34.075954
12645.112747 11304.872213 -29.216433
12695.112747 11304.872213 -24.408014
12745.112747 11304.872213 -19.733286
12795.112747 11304.872213 -15.176294
12845.112747 11304.872213 -10.745312
12895.112747 11304.872213 -6.446933
12945.112747 11304.872213 -2.364606
12995.112747 11304.872213 1.422101
13045.112747 11304.872213 4.849772
13095.112747 11304.872213 7.870718
13145.112747 11304.872213 10.500378
13195.112747 11304.872213 12.798853
13245.112747 11304.872213 14.703530
13295.112747 11304.872213 16.224024
13345.112747 11304.872213 17.404284
13395.112747 11304.872213 18.261703
13445.112747 11304.872213 18.839058
13495.112747 11304.872213 19.101446
13545.112747 11304.872213 19.071991
13595.112747 11304.872213 18.727985
13645.112747 11304.872213 18.091167
13695.112747 11304.872213 17.172453
13745.112747 11304.872213 15.990541
13795.112747 11304.872213 14.611794
13845.112747 11304.872213 13.083117
13895.112747 11304.872213 11.485915
13945.112747 11304.872213 9.831273
13995.112747 11304.872213 8.166265
6545.112747 11354.872213 173.796158
6595.112747 11354.872213 173.188202
6645.112747 11354.872213 172.593887
6695.112747 11354.872213 172.017761
6745.112747 11354.872213 171.437531
6795.112747 11354.872213 170.868927
6845.112747 11354.872213 170.292740
6895.112747 11354.872213 169.728882
6945.112747 11354.872213 169.199646
6995.112747 11354.872213 168.726974
7045.112747 11354.872213 168.231277
7095.112747 11354.872213 167.641388
7145.112747 11354.872213 166.912415
7195.112747 11354.872213 166.061996
7245.112747 11354.872213 165.132706
7295.112747 11354.872213 164.111481
7345.112747 11354.872213 163.075546
7395.112747 11354.872213 162.068604
7445.112747 11354.872213 161.164886
7495.112747 11354.872213 160.343170
7545.112747 11354.872213 159.601349
7595.112747 11354.872213 158.916748
7645.112747 11354.872213 158.352081
7695.112747 11354.872213 157.894745
7745.112747 11354.872213 157.496353
7795.112747 11354.872213 157.125198
7845.112747 11354.872213 156.762787
7895.112747 11354.872213 156.410034
7945.112747 11354.872213 156.130859
7995.112747 11354.872213 156.003265
8045.112747 11354.872213 156.119995
8095.112747 11354.872213 156.480026
8145.112747 11354.872213 157.070862
8195.112747 11354.872213 157.973206
8245.112747 11354.872213 159.170410
8295.112747 11354.872213 160.628082
8345.112747 11354.872213 162.271378
8395.112747 11354.872213 164.109787
8445.112747 11354.872213 166.119690
8495.112747 11354.872213 168.298874
8545.112747 11354.872213 170.610794
8595.112747 11354.872213 173.070282
8645.112747 11354.872213 175.622574
8695.112747 11354.872213 178.228027
8745.112747 11354.872213 180.866623
8795.112747 11354.872213 183.520508
8845.112747 11354.872213 186.194687
8895.112747 11354.872213 188.888718
8945.112747 11354.872213 191.624954
8995.112747 11354.872213 194.412033
9045.112747 11354.872213 197.192764
9095.112747 11354.872213 199.917862
9145.112747 11354.872213 202.499435
9195.112747 11354.872213 204.939285
9245.112747 11354.872213 207.253128
9295.112747 11354.872213 209.344742
9345.112747 11354.872213 211.055283
9395.112747 11354.872213 212.286774
9445.112747 11354.872213 212.953232
9495.112747 11354.872213 213.076141
9545.112747 11354.872213 212.604080
9595.112747 11354.872213 211.590561
9645.112747 11354.872213 210.018784
9695.112747 11354.872213 207.848129
9745.112747 11354.872213 205.027206
9795.112747 11354.872213 201.458725
9845.112747 11354.872213 197.108887
9895.112747 11354.872213 191.936432
9945.112747 11354.872213 185.979568
9995.112747 11354.872213 179.253967
10045.112747 11354.872213 171.837219
10095.112747 11354.872213 163.761719
10145.112747 11354.872213 155.165222
10195.112747 11354.872213 146.111511
10245.112747 11354.872213 136.650162
10295.112747 11354.872213 126.780579
10345.112747 11354.872213 116.603699
10395.112747 11354.872213 106.220779
10445.112747 11354.872213 95.753571
10495.112747 11354.872213 85.238777
10545.112747 11354.872213 74.702728
10595.112747 11354.872213 64.215225
10645.112747 11354.872213 53.768543
10695.112747 11354.872213 43.439320
10745.112747 11354.872213 33.263771
10795.112747 11354.872213 23.301531
10845.112747 11354.872213 13.617324
10895.112747 11354.872213 4.296248
10945.112747 11354.872213 -4.586452
10995.112747 11354.872213 -13.014935
11045.112747 11354.872213 -20.967205
11095.112747 11354.872213 -28.407763
11145.112747 11354.872213 -35.321888
11195.112747 11354.872213 -41.718460
11245.112747 11354.872213 -47.533272
11295.112747 11354.872213 -52.802544
11345.112747 11354.872213 -57.580681
11395.112747 11354.872213 -61.904224
11445.112747 11354.872213 -65.700272
11495.112747 11354.872213 -68.926300
11545.112747 11354.872213 -71.571587
11595.112747 11354.872213 -73.647606
11645.112747 11354.872213 -75.177567
11695.112747 11354.872213 -76.200272
11745.112747 11354.872213 -76.719902
11795.112747 11354.872213 -76.687485
11845.112747 11354.872213 -76.116325
11895.112747 11354.872213 -75.121323
11945.112747 11354.872213 -73.730469
11995.112747 11354.872213 -71.966972
12045.112747 11354.872213 -69.819366
12095.112747 11354.872213 -67.293037
12145.112747 11354.872213 -64.411278
12195.112747 11354.872213 -61.256817
12245.112747 11354.872213 -57.891808
12295.112747 11354.872213 -54.351032
12345.112747 11354.872213 -50.644375
12395.112747 11354.872213 -46.766705
12445.112747 11354.872213 -42.775299
12495.112747 11354.872213 -38.669365
12545.112747 11354.872213 -34.482231
12595.112747 11354.872213 -30.234861
12645.112747 11354.872213 -25.985064
12695.112747 11354.872213 -21.784039
12745.112747 11354.872213 -17.658764
12795.112747 11354.872213 -13.597970
12845.112747 11354.872213 -9.592963
12895.112747 11354.872213 -5.706715
12945.112747 11354.872213 -2.020824
12995.112747 11354.872213 1.380526
13045.112747 11354.872213 4.446738
13095.112747 11354.872213 7.100270
13145.112747 11354.872213 9.352708
13195.112747 11354.872213 11.300476
13245.112747 11354.872213 12.947508
13295.112747 11354.872213 14.255275
13345.112747 11354.872213 15.281985
13395.112747 11354.872213 16.079010
13445.112747 11354.872213 16.626669
13495.112747 11354.872213 16.951559
13545.112747 11354.872213 17.071629
13595.112747 11354.872213 16.921480
13645.112747 11354.872213 16.493542
13695.112747 11354.872213 15.777329
13745.112747 11354.872213 14.769365
13795.112747 11354.872213 13.489600
13845.112747 11354.872213 12.044497
13895.112747 11354.872213 10.495698
13945.112747 11354.872213 8.889585
13995.112747 11354.872213 7.265693
6545.112747 11404.872213 160.996719
6595.112747 11404.872213 160.892838
6645.112747 11404.872213 160.873444
6695.112747 11404.872213 160.865372
6745.112747 11404.872213 160.858719
6795.112747 11404.872213 160.795013
6845.112747 11404.872213 160.717712
6895.112747 11404.872213 160.629684
6945.112747 11404.872213 160.591660
6995.112747 11404.872213 160.569046
7045.112747 11404.872213 160.545105
7095.112747 11404.872213 160.448669
7145.112747 11404.872213 160.244934
7195.112747 11404.872213 159.924286
7245.112747 11404.872213 159.503433
7295.112747 11404.872213 158.984238
7345.112747 11404.872213 158.367218
7395.112747 11404.872213 157.707352
7445.112747 11404.872213 157.044525
7495.112747 11404.872213 156.420349
7545.112747 11404.872213 155.817017
7595.112747 11404.872213 155.247528
7645.112747 11404.872213 154.711792
7695.112747 11404.872213 154.226364
7745.112747 11404.872213 153.734970
7795.112747 11404.872213 153.243179
7845.112747 11404.872213 152.742355
7895.112747 11404.872213 152.258774
7945.112747 11404.872213 151.792892
7995.112747 11404.872213 151.471191
8045.112747 11404.872213 151.341156
8095.112747 11404.872213 151.483398
8145.112747 11404.872213 151.943497
8195.112747 11404.872213 152.727921
8245.112747 11404.872213 153.835587
8295.112747 11404.872213 155.211670
8345.112747 11404.872213 156.812592
8395.112747 11404.872213 158.630859
8445.112747 11404.872213 160.625244
8495.112747 11404.872213 162.813950
8545.112747 11404.872213 165.168381
8595.112747 11404.872213 167.648117
8645.112747 11404.872213 170.204742
8695.112747 11404.872213 172.838669
8745.112747 11404.872213 175.533539
8795.112747 11404.872213 178.321289
8845.112747 11404.872213 181.182587
8895.112747 11404.872213 184.127563
8945.112747 11404.872213 187.155991
8995.112747 11404.872213 190.282700
9045.112747 11404.872213 193.449539
9095.112747 11404.872213 196.566147
9145.112747 11404.872213 199.623795
9195.112747 11404.872213 202.563034
9245.112747 11404.872213 205.382706
9295.112747 11404.872213 207.968918
9345.112747 11404.872213 210.221024
9395.112747 11404.872213 212.031403
9445.112747 11404.872213 213.321503
9495.112747 11404.872213 214.070831
9545.112747 11404.872213 214.260391
9595.112747 11404.872213 213.831039
9645.112747 11404.872213 212.739258
9695.112747 11404.872213 210.997284
9745.112747 11404.872213 208.537216
9795.112747 11404.872213 205.275467
9845.112747 11404.872213 201.127380
9895.112747 11404.872213 196.101318
9945.112747 11404.872213 190.254791
9995.112747 11404.872213 183.674469
10045.112747 11404.872213 176.403458
10095.112747 11404.872213 168.549255
10145.112747 11404.872213 160.224182
10195.112747 11404.872213 151.457382
10245.112747 11404.872213 142.271530
10295.112747 11404.872213 132.722824
10345.112747 11404.872213 122.858459
10395.112747 11404.872213 112.770935
10445.112747 11404.872213 102.577148
10495.112747 11404.872213 92.357475
10545.112747 11404.872213 82.161018
10595.112747 11404.872213 72.019806
10645.112747 11404.872213 62.016644
10695.112747 11404.872213 52.113258
10745.112747 11404.872213 42.377701
10795.112747 11404.872213 32.869152
10845.112747 11404.872213 23.646631
10895.112747 11404.872213 14.767634
10945.112747 11404.872213 6.289902
10995.112747 11404.872213 -1.803608
11045.112747 11404.872213 -9.445349
11095.112747 11404.872213 -16.636776
11145.112747 11404.872213 -23.316666
11195.112747 11404.872213 -29.482367
11245.112747 11404.872213 -35.139194
11295.112747 11404.872213 -40.286743
11345.112747 11404.872213 -44.996994
11395.112747 11404.872213 -49.258770
11445.112747 11404.872213 -53.051083
11495.112747 11404.872213 -56.314865
11545.112747 11404.872213 -59.057323
11595.112747 11404.872213 -61.289974
11645.112747 11404.872213 -63.014584
11695.112747 11404.872213 -64.214561
11745.112747 11404.872213 -64.921196
11795.112747 11404.872213 -65.119316
11845.112747 11404.872213 -64.814934
11895.112747 11404.872213 -64.086647
11945.112747 11404.872213 -63.013832
11995.112747 11404.872213 -61.613094
12045.112747 11404.872213 -59.867435
12095.112747 11404.872213 -57.777298
12145.112747 11404.872213 -55.386589
12195.112747 11404.872213 -52.729904
12245.112747 11404.872213 -49.895233
12295.112747 11404.872213 -46.906960
12345.112747 11404.872213 -43.779819
12395.112747 11404.872213 -40.516907
12445.112747 11404.872213 -37.126385
12495.112747 11404.872213 -33.617897
12545.112747 11404.872213 -29.985077
12595.112747 11404.872213 -26.294062
12645.112747 11404.872213 -22.625586
12695.112747 11404.872213 -18.988443
12745.112747 11404.872213 -15.401855
12795.112747 11404.872213 -11.839678
12845.112747 11404.872213 -8.286568
12895.112747 11404.872213 -4.780612
12945.112747 11404.872213 -1.492522
12995.112747 11404.872213 1.490440
13045.112747 11404.872213 4.141686
13095.112747 11404.872213 6.407569
13145.112747 11404.872213 8.299477
13195.112747 11404.872213 9.890392
13245.112747 11404.872213 11.248018
13295.112747 11404.872213 12.356146
13345.112747 11404.872213 13.220174
13395.112747 11404.872213 13.927481
13445.112747 11404.872213 14.474254
13495.112747 11404.872213 14.846514
13545.112747 11404.872213 15.059854
13595.112747 11404.872213 15.055853
13645.112747 11404.872213 14.792785
13695.112747 11404.872213 14.267983
13745.112747 11404.872213 13.435635
13795.112747 11404.872213 12.310522
13845.112747 11404.872213 10.998686
13895.112747 11404.872213 9.593281
13945.112747 11404.872213 8.119947
13995.112747 11404.872213 6.637372
6545.112747 11454.872213 149.317200
6595.112747 11454.872213 149.779297
6645.112747 11454.872213 150.273315
6695.112747 11454.872213 150.799149
6745.112747 11454.872213 151.262253
6795.112747 11454.872213 151.684631
6845.112747 11454.872213 152.059204
6895.112747 11454.872213 152.424118
6945.112747 11454.872213 152.788223
6995.112747 11454.872213 153.142776
7045.112747 11454.872213 153.478012
7095.112747 11454.872213 153.806686
7145.112747 11454.872213 154.067322
7195.112747 11454.872213 154.203949
7245.112747 11454.872213 154.243713
7295.112747 11454.872213 154.165680
7345.112747 11454.872213 153.934769
7395.112747 11454.872213 153.568802
7445.112747 11454.872213 153.151855
7495.112747 11454.872213 152.691345
7545.112747 11454.872213 152.216476
7595.112747 11454.872213 151.710419
7645.112747 11454.872213 151.179123
7695.112747 11454.872213 150.625153
7745.112747 11454.872213 150.022598
7795.112747 11454.872213 149.379089
7845.112747 11454.872213 148.710297
7895.112747 11454.872213 148.060654
7945.112747 11454.872213 147.474808
7995.112747 11454.872213 146.965088
8045.112747 11454.872213 146.616180
8095.112747 11454.872213 146.557556
8145.112747 11454.872213 146.840469
8195.112747 11454.872213 147.489883
8245.112747 11454.872213 148.451981
8295.112747 11454.872213 149.705658
8345.112747 11454.872213 151.230576
8395.112747 11454.872213 153.000824
8445.112747 11454.872213 154.985504
8495.112747 11454.872213 157.182266
8545.112747 11454.872213 159.552292
8595.112747 11454.872213 162.043869
8645.112747 11454.872213 164.599030
8695.112747 11454.872213 167.214661
8745.112747 11454.872213 169.970413
8795.112747 11454.872213 172.862762
8845.112747 11454.872213 175.916809
8895.112747 11454.872213 179.105209
8945.112747 11454.872213 182.435074
8995.112747 11454.872213 185.903351
9045.112747 11454.872213 189.441711
9095.112747 11454.872213 192.976547
9145.112747 11454.872213 196.458160
9195.112747 11454.872213 199.895493
9245.112747 11454.872213 203.140884
9295.112747 11454.872213 206.163940
9345.112747 11454.872213 208.909317
9395.112747 11454.872213 211.277267
9445.112747 11454.872213 213.221146
9495.112747 11454.872213 214.629044
9545.112747 11454.872213 215.459808
9595.112747 11454.872213 215.610840
9645.112747 11454.872213 215.039658
9695.112747 11454.872213 213.716156
9745.112747 11454.872213 211.608902
9795.112747 11454.872213 208.588608
9845.112747 11454.872213 204.619324
9895.112747 11454.872213 199.719406
9945.112747 11454.872213 194.005264
9995.112747 11454.872213 187.544312
10045.112747 11454.872213 180.439362
10095.112747 11454.872213 172.810806
10145.112747 11454.872213 164.748352
10195.112747 11454.872213 156.273438
10245.112747 11454.872213 147.406967
10295.112747 11454.872213 138.200027
10345.112747 11454.872213 128.687500
10395.112747 11454.872213 118.937447
10445.112747 11454.872213 109.051491
10495.112747 11454.872213 99.123230
10545.112747 11454.872213 89.249702
10595.112747 11454.872213 79.467499
10645.112747 11454.872213 69.798691
10695.112747 11454.872213 60.291138
10745.112747 11454.872213 50.963200
10795.112747 11454.872213 41.888821
10845.112747 11454.872213 33.119389
10895.112747 11454.872213 24.682089
10945.112747 11454.872213 16.571413
10995.112747 11454.872213 8.833766
11045.112747 11454.872213 1.454273
11095.112747 11454.872213 -5.470020
11145.112747 11454.872213 -11.936370
11195.112747 11454.872213 -17.907927
11245.112747 11454.872213 -23.426455
11295.112747 11454.872213 -28.509777
11345.112747 11454.872213 -33.167606
11395.112747 11454.872213 -37.394344
11445.112747 11454.872213 -41.147682
11495.112747 11454.872213 -44.441727
11545.112747 11454.872213 -47.257439
11595.112747 11454.872213 -49.606113
11645.112747 11454.872213 -51.447136
11695.112747 11454.872213 -52.794205
11745.112747 11454.872213 -53.648739
11795.112747 11454.872213 -54.050526
11845.112747 11454.872213 -54.017799
11895.112747 11454.872213 -53.591480
11945.112747 11454.872213 -52.816551
11995.112747 11454.872213 -51.721859
12045.112747 11454.872213 -50.330765
12095.112747 11454.872213 -48.645458
12145.112747 11454.872213 -46.689548
12195.112747 11454.872213 -44.512733
12245.112747 11454.872213 -42.168747
12295.112747 11454.872213 -39.692654
12345.112747 11454.872213 -37.075691
12395.112747 11454.872213 -34.355648
12445.112747 11454.872213 -31.521460
12495.112747 11454.872213 -28.544622
12545.112747 11454.872213 -25.458235
12595.112747 11454.872213 -22.315981
12645.112747 11454.872213 -19.184586
12695.112747 11454.872213 -16.088568
12745.112747 11454.872213 -12.996337
12795.112747 11454.872213 -9.910802
12845.112747 11454.872213 -6.808969
12895.112747 11454.872213 -3.766417
12945.112747 11454.872213 -0.893066
12995.112747 11454.872213 1.694387
13045.112747 11454.872213 3.918475
13095.112747 11454.872213 5.812446
13145.112747 11454.872213 7.352968
13195.112747 11454.872213 8.622212
13245.112747 11454.872213 9.664614
13295.112747 11454.872213 10.527580
13345.112747 11454.872213 11.246264
13395.112747 11454.872213 11.873629
13445.112747 11454.872213 12.380856
13495.112747 11454.872213 12.776837
13545.112747 11454.872213 13.024018
13595.112747 11454.872213 13.097807
13645.112747 11454.872213 12.969378
13695.112747 11454.872213 12.603189
13745.112747 11454.872213 11.970163
13795.112747 11454.872213 11.075556
13845.112747 11454.872213 9.995077
13895.112747 11454.872213 8.786263
13945.112747 11454.872213 7.538661
13995.112747 11454.872213 6.267522
6545.112747 11504.872213 138.783707
6595.112747 11504.872213 139.753250
6645.112747 11504.872213 140.715668
6695.112747 11504.872213 141.682999
6745.112747 11504.872213 142.616699
6795.112747 11504.872213 143.459961
6845.112747 11504.872213 144.244888
6895.112747 11504.872213 144.986526
6945.112747 11504.872213 145.692108
6995.112747 11504.872213 146.340561
7045.112747 11504.872213 147.003204
7095.112747 11504.872213 147.697021
7145.112747 11504.872213 148.352844
7195.112747 11504.872213 148.903580
7245.112747 11504.872213 149.324661
7295.112747 11504.872213 149.612885
7345.112747 11504.872213 149.696533
7395.112747 11504.872213 149.614548
7445.112747 11504.872213 149.382935
7495.112747 11504.872213 149.067490
7545.112747 11504.872213 148.664551
7595.112747 11504.872213 148.218124
7645.112747 11504.872213 147.690445
7695.112747 11504.872213 147.056732
7745.112747 11504.872213 146.353745
7795.112747 11504.872213 145.552658
7845.112747 11504.872213 144.727646
7895.112747 11504.872213 143.917191
7945.112747 11504.872213 143.177795
7995.112747 11504.872213 142.510574
8045.112747 11504.872213 141.990509
8095.112747 11504.872213 141.737717
8145.112747 11504.872213 141.850937
8195.112747 11504.872213 142.304367
8245.112747 11504.872213 143.112869
8295.112747 11504.872213 144.228882
8345.112747 11504.872213 145.673065
8395.112747 11504.872213 147.382355
8445.112747 11504.872213 149.356827
8495.112747 11504.872213 151.554291
8545.112747 11504.872213 153.925446
8595.112747 11504.872213 156.387070
8645.112747 11504.872213 158.917297
8695.112747 11504.872213 161.552490
8745.112747 11504.872213 164.360428
8795.112747 11504.872213 167.357788
8845.112747 11504.872213 170.567535
8895.112747 11504.872213 173.992508
8945.112747 11504.872213 177.611847
8995.112747 11504.872213 181.396500
9045.112747 11504.872213 185.292953
9095.112747 11504.872213 189.213135
9145.112747 11504.872213 193.113571
9195.112747 11504.872213 196.908859
9245.112747 11504.872213 200.529526
9295.112747 11504.872213 203.943771
9345.112747 11504.872213 207.131088
9395.112747 11504.872213 210.036636
9445.112747 11504.872213 212.560669
9495.112747 11504.872213 214.635681
9545.112747 11504.872213 216.110336
9595.112747 11504.872213 216.879105
9645.112747 11504.872213 216.837296
9695.112747 11504.872213 215.928421
9745.112747 11504.872213 214.096954
9795.112747 11504.872213 211.269073
9845.112747 11504.872213 207.444000
9895.112747 11504.872213 202.683090
9945.112747 11504.872213 197.085266
9995.112747 11504.872213 190.773773
10045.112747 11504.872213 183.859436
10095.112747 11504.872213 176.477661
10145.112747 11504.872213 168.651047
10195.112747 11504.872213 160.458084
10245.112747 11504.872213 151.935226
10295.112747 11504.872213 143.089661
10345.112747 11504.872213 133.952164
10395.112747 11504.872213 124.571365
10445.112747 11504.872213 115.033081
10495.112747 11504.872213 105.429718
10545.112747 11504.872213 95.844559
10595.112747 11504.872213 86.365837
10645.112747 11504.872213 77.041344
10695.112747 11504.872213 67.874672
10745.112747 11504.872213 58.937202
10795.112747 11504.872213 50.274864
10845.112747 11504.872213 41.929768
10895.112747 11504.872213 33.911236
10945.112747 11504.872213 26.177792
10995.112747 11504.872213 18.753344
11045.112747 11504.872213 11.679592
11095.112747 11504.872213 4.969149
11145.112747 11504.872213 -1.307266
11195.112747 11504.872213 -7.141673
11245.112747 11504.872213 -12.551234
11295.112747 11504.872213 -17.559593
11345.112747 11504.872213 -22.165636
11395.112747 11504.872213 -26.344616
11445.112747 11504.872213 -30.087339
11495.112747 11504.872213 -33.396061
11545.112747 11504.872213 -36.255203
11595.112747 11504.872213 -38.636223
11645.112747 11504.872213 -40.534943
11695.112747 11504.872213 -41.971397
11745.112747 11504.872213 -42.969341
11795.112747 11504.872213 -43.555382
11845.112747 11504.872213 -43.774483
11895.112747 11504.872213 -43.612133
11945.112747 11504.872213 -43.100483
11995.112747 11504.872213 -42.295341
12045.112747 11504.872213 -41.218063
12095.112747 11504.872213 -39.902569
12145.112747 11504.872213 -38.353413
12195.112747 11504.872213 -36.631485
12245.112747 11504.872213 -34.769882
12295.112747 11504.872213 -32.761017
12345.112747 11504.872213 -30.606840
12395.112747 11504.872213 -28.339209
12445.112747 11504.872213 -25.980419
12495.112747 11504.872213 -23.512114
12545.112747 11504.872213 -20.935158
12595.112747 11504.872213 -18.315744
12645.112747 11504.872213 -15.694489
12695.112747 11504.872213 -13.104410
12745.112747 11504.872213 -10.497688
12795.112747 11504.872213 -7.858916
12845.112747 11504.872213 -5.228091
12895.112747 11504.872213 -2.686188
12945.112747 11504.872213 -0.281332
12995.112747 11504.872213 1.899624
13045.112747 11504.872213 3.776412
13095.112747 11504.872213 5.317136
13145.112747 11504.872213 6.562242
13195.112747 11504.872213 7.493581
13245.112747 11504.872213 8.221763
13295.112747 11504.872213 8.822237
13345.112747 11504.872213 9.375375
13395.112747 11504.872213 9.881448
13445.112747 11504.872213 10.340528
13495.112747 11504.872213 10.713603
13545.112747 11504.872213 10.959227
13595.112747 11504.872213 11.067435
13645.112747 11504.872213 11.024574
13695.112747 11504.872213 10.815331
13745.112747 11504.872213 10.392409
13795.112747 11504.872213 9.795224
13845.112747 11504.872213 9.014709
13895.112747 11504.872213 8.110143
13945.112747 11504.872213 7.153685
13995.112747 11504.872213 6.166357
6545.112747 11554.872213 129.438202
6595.112747 11554.872213 130.816025
6645.112747 11554.872213 132.154053
6695.112747 11554.872213 133.486053
6745.112747 11554.872213 134.795395
6795.112747 11554.872213 136.027527
6845.112747 11554.872213 137.159576
6895.112747 11554.872213 138.231094
6945.112747 11554.872213 139.219635
6995.112747 11554.872213 140.159943
7045.112747 11554.872213 141.109283
7095.112747 11554.872213 142.111893
7145.112747 11554.872213 143.087418
7195.112747 11554.872213 143.963699
7245.112747 11554.872213 144.708710
7295.112747 11554.872213 145.276062
7345.112747 11554.872213 145.615036
7395.112747 11554.872213 145.714478
7445.112747 11554.872213 145.618515
7495.112747 11554.872213 145.396835
7545.112747 11554.872213 145.098343
7595.112747 11554.872213 144.710510
7645.112747 11554.872213 144.201065
7695.112747 11554.872213 143.533539
7745.112747 11554.872213 142.719131
7795.112747 11554.872213 141.813354
7845.112747 11554.872213 140.829803
7895.112747 11554.872213 139.864090
7945.112747 11554.872213 138.961670
7995.112747 11554.872213 138.143616
8045.112747 11554.872213 137.472229
8095.112747 11554.872213 137.042358
8145.112747 11554.872213 136.947815
8195.112747 11554.872213 137.243271
8245.112747 11554.872213 137.900162
8295.112747 11554.872213 138.914520
8345.112747 11554.872213 140.250961
8395.112747 11554.872213 141.905823
8445.112747 11554.872213 143.839066
8495.112747 11554.872213 146.012848
8545.112747 11554.872213 148.330597
8595.112747 11554.872213 150.757477
8645.112747 11554.872213 153.291519
8695.112747 11554.872213 155.961014
8745.112747 11554.872213 158.825439
8795.112747 11554.872213 161.922852
8845.112747 11554.872213 165.277603
8895.112747 11554.872213 168.910828
8945.112747 11554.872213 172.799026
8995.112747 11554.872213 176.874496
9045.112747 11554.872213 181.081421
9095.112747 11554.872213 185.346237
9145.112747 11554.872213 189.576157
9195.112747 11554.872213 193.663361
9245.112747 11554.872213 197.584213
9295.112747 11554.872213 201.323074
9345.112747 11554.872213 204.899490
9395.112747 11554.872213 208.240540
9445.112747 11554.872213 211.309143
9495.112747 11554.872213 213.987747
9545.112747 11554.872213 216.135620
9595.112747 11554.872213 217.539474
9645.112747 11554.872213 218.052490
9695.112747 11554.872213 217.538300
9745.112747 11554.872213 215.944397
9795.112747 11554.872213 213.253632
9845.112747 11554.872213 209.528915
9895.112747 11554.872213 204.868408
9945.112747 11554.872213 199.371811
9995.112747 11554.872213 193.215729
10045.112747 11554.872213 186.524094
10095.112747 11554.872213 179.369949
10145.112747 11554.872213 171.816040
10195.112747 11554.872213 163.919647
10245.112747 11554.872213 155.722046
10295.112747 11554.872213 147.222382
10345.112747 11554.872213 138.459778
10395.112747 11554.872213 129.480606
10445.112747 11554.872213 120.300621
10495.112747 11554.872213 111.030312
10545.112747 11554.872213 101.761902
10595.112747 11554.872213 92.593307
10645.112747 11554.872213 83.562393
10695.112747 11554.872213 74.739975
10745.112747 11554.872213 66.183510
10795.112747 11554.872213 57.909901
10845.112747 11554.872213 49.974228
10895.112747 11554.872213 42.342617
10945.112747 11554.872213 34.974792
10995.112747 11554.872213 27.863234
11045.112747 11554.872213 21.054949
11095.112747 11554.872213 14.561767
11145.112747 11554.872213 8.443951
11195.112747 11554.872213 2.715450
11245.112747 11554.872213 -2.597105
11295.112747 11554.872213 -7.537814
11345.112747 11554.872213 -12.074933
11395.112747 11554.872213 -16.196310
11445.112747 11554.872213 -19.910133
11495.112747 11554.872213 -23.199169
11545.112747 11554.872213 -26.063244
11595.112747 11554.872213 -28.456059
11645.112747 11554.872213 -30.390148
11695.112747 11554.872213 -31.862154
11745.112747 11554.872213 -32.944641
11795.112747 11554.872213 -33.696804
11845.112747 11554.872213 -34.116333
11895.112747 11554.872213 -34.180504
11945.112747 11554.872213 -33.903847
11995.112747 11554.872213 -33.323700
12045.112747 11554.872213 -32.519981
12095.112747 11554.872213 -31.530394
12145.112747 11554.872213 -30.393656
12195.112747 11554.872213 -29.141653
12245.112747 11554.872213 -27.723269
12295.112747 11554.872213 -26.137495
12345.112747 11554.872213 -24.407740
12395.112747 11554.872213 -22.558990
12445.112747 11554.872213 -20.618711
12495.112747 11554.872213 -18.583176
12545.112747 11554.872213 -16.483198
12595.112747 11554.872213 -14.347647
12645.112747 11554.872213 -12.210403
12695.112747 11554.872213 -10.086061
12745.112747 11554.872213 -7.932601
12795.112747 11554.872213 -5.769014
12845.112747 11554.872213 -3.635592
12895.112747 11554.872213 -1.585246
12945.112747 11554.872213 0.359102
12995.112747 11554.872213 2.137118
13045.112747 11554.872213 3.658630
13095.112747 11554.872213 4.914542
13145.112747 11554.872213 5.853196
13195.112747 11554.872213 6.503703
13245.112747 11554.872213 6.936344
13295.112747 11554.872213 7.278403
13345.112747 11554.872213 7.611104
13395.112747 11554.872213 7.965318
13445.112747 11554.872213 8.304436
13495.112747 11554.872213 8.611342
13545.112747 11554.872213 8.852753
13595.112747 11554.872213 8.986057
13645.112747 11554.872213 9.019200
13695.112747 11554.872213 8.965924
13745.112747 11554.872213 8.787866
13795.112747 11554.872213 8.478459
13845.112747 11554.872213 8.062976
13895.112747 11554.872213 7.541561
13945.112747 11554.872213 6.947358
13995.112747 11554.872213 6.349037
6545.112747 11604.872213 121.213768
6595.112747 11604.872213 122.897957
6645.112747 11604.872213 124.554222
6695.112747 11604.872213 126.162689
6745.112747 11604.872213 127.760490
6795.112747 11604.872213 129.293640
6845.112747 11604.872213 130.744781
6895.112747 11604.872213 132.095474
6945.112747 11604.872213 133.369583
6995.112747 11604.872213 134.597000
7045.112747 11604.872213 135.805176
7095.112747 11604.872213 137.023361
7145.112747 11604.872213 138.216049
7195.112747 11604.872213 139.346100
7245.112747 11604.872213 140.307358
7295.112747 11604.872213 141.058121
7345.112747 11604.872213 141.564545
7395.112747 11604.872213 141.806168
7445.112747 11604.872213 141.836411
7495.112747 11604.872213 141.717453
7545.112747 11604.872213 141.499207
7595.112747 11604.872213 141.178329
7645.112747 11604.872213 140.681900
7695.112747 11604.872213 139.987106
7745.112747 11604.872213 139.102875
7795.112747 11604.872213 138.097488
7845.112747 11604.872213 137.040207
7895.112747 11604.872213 135.952881
7945.112747 11604.872213 134.883621
7995.112747 11604.872213 133.906769
8045.112747 11604.872213 133.069244
8095.112747 11604.872213 132.462570
8145.112747 11604.872213 132.200272
8195.112747 11604.872213 132.322418
8245.112747 11604.872213 132.853378
8295.112747 11604.872213 133.765717
8345.112747 11604.872213 135.046967
8395.112747 11604.872213 136.615891
8445.112747 11604.872213 138.497818
8495.112747 11604.872213 140.579269
8545.112747 11604.872213 142.840958
8595.112747 11604.872213 145.233688
8645.112747 11604.872213 147.789810
8695.112747 11604.872213 150.523987
8745.112747 11604.872213 153.435333
8795.112747 11604.872213 156.623474
8845.112747 11604.872213 160.123199
8895.112747 11604.872213 163.949127
8945.112747 11604.872213 168.051758
8995.112747 11604.872213 172.359619
9045.112747 11604.872213 176.823975
9095.112747 11604.872213 181.372437
9145.112747 11604.872213 185.847733
9195.112747 11604.872213 190.185867
9245.112747 11604.872213 194.348663
9295.112747 11604.872213 198.356415
9345.112747 11604.872213 202.210388
9395.112747 11604.872213 205.918884
9445.112747 11604.872213 209.426544
9495.112747 11604.872213 212.641296
9545.112747 11604.872213 215.393570
9595.112747 11604.872213 217.426254
9645.112747 11604.872213 218.525513
9695.112747 11604.872213 218.444153
9745.112747 11604.872213 217.050903
9795.112747 11604.872213 214.430679
9845.112747 11604.872213 210.735092
9895.112747 11604.872213 206.129608
9945.112747 11604.872213 200.764313
9995.112747 11604.872213 194.766296
10045.112747 11604.872213 188.281937
10095.112747 11604.872213 181.345184
10145.112747 11604.872213 174.068649
10195.112747 11604.872213 166.474442
10245.112747 11604.872213 158.575241
10295.112747 11604.872213 150.431503
10345.112747 11604.872213 142.043869
10395.112747 11604.872213 133.423721
10445.112747 11604.872213 124.621971
10495.112747 11604.872213 115.705795
10545.112747 11604.872213 106.794914
10595.112747 11604.872213 97.941734
10645.112747 11604.872213 89.243271
10695.112747 11604.872213 80.756035
10745.112747 11604.872213 72.529747
10795.112747 11604.872213 64.644714
10845.112747 11604.872213 57.093033
10895.112747 11604.872213 49.838596
10945.112747 11604.872213 42.832108
10995.112747 11604.872213 36.009693
11045.112747 11604.872213 29.458548
11095.112747 11604.872213 23.175352
11145.112747 11604.872213 17.223005
11195.112747 11604.872213 11.643949
11245.112747 11604.872213 6.385494
11295.112747 11604.872213 1.525392
11345.112747 11604.872213 -2.933527
11395.112747 11604.872213 -6.978529
11445.112747 11604.872213 -10.622221
11495.112747 11604.872213 -13.881941
11545.112747 11604.872213 -16.713329
11595.112747 11604.872213 -19.104319
11645.112747 11604.872213 -21.042997
11695.112747 11604.872213 -22.552729
11745.112747 11604.872213 -23.689043
11795.112747 11604.872213 -24.529671
11845.112747 11604.872213 -25.067068
11895.112747 11604.872213 -25.299072
11945.112747 11604.872213 -25.218573
11995.112747 11604.872213 -24.869986
12045.112747 11604.872213 -24.289965
12095.112747 11604.872213 -23.597694
12145.112747 11604.872213 -22.849735
12195.112747 11604.872213 -22.015308
12245.112747 11604.872213 -21.031246
12295.112747 11604.872213 -19.856974
12345.112747 11604.872213 -18.536018
12395.112747 11604.872213 -17.081419
12445.112747 11604.872213 -15.497248
12495.112747 11604.872213 -13.845268
12545.112747 11604.872213 -12.135793
12595.112747 11604.872213 -10.437699
12645.112747 11604.872213 -8.746736
12695.112747 11604.872213 -7.069478
12745.112747 11604.872213 -5.387457
12795.112747 11604.872213 -3.696483
12845.112747 11604.872213 -2.057467
12895.112747 11604.872213 -0.477543
12945.112747 11604.872213 1.027477
12995.112747 11604.872213 2.397107
13045.112747 11604.872213 3.585459
13095.112747 11604.872213 4.543748
13145.112747 11604.872213 5.212180
13195.112747 11604.872213 5.570841
13245.112747 11604.872213 5.747426
13295.112747 11604.872213 5.853940
13345.112747 11604.872213 5.972245
13395.112747 11604.872213 6.111466
13445.112747 11604.872213 6.294074
13495.112747 11604.872213 6.498427
13545.112747 11604.872213 6.712749
13595.112747 11604.872213 6.885216
13645.112747 11604.872213 7.020168
13695.112747 11604.872213 7.118347
13745.112747 11604.872213 7.172612
13795.112747 11604.872213 7.186850
13845.112747 11604.872213 7.161007
13895.112747 11604.872213 7.065859
13945.112747 11604.872213 6.922568
13995.112747 11604.872213 6.742533
6545.112747 11654.872213 114.007774
6595.112747 11654.872213 115.920090
6645.112747 11654.872213 117.812515
6695.112747 11654.872213 119.658775
6745.112747 11654.872213 121.464371
6795.112747 11654.872213 123.223167
6845.112747 11654.872213 124.919144
6895.112747 11654.872213 126.547966
6945.112747 11654.872213 128.088776
6995.112747 11654.872213 129.588242
7045.112747 11654.872213 131.038101
7095.112747 11654.872213 132.424820
7145.112747 11654.872213 133.776093
7195.112747 11654.872213 135.034363
7245.112747 11654.872213 136.102219
7295.112747 11654.872213 136.936523
7345.112747 11654.872213 137.547195
7395.112747 11654.872213 137.909988
7445.112747 11654.872213 138.062134
7495.112747 11654.872213 138.054657
7545.112747 11654.872213 137.896088
7595.112747 11654.872213 137.601410
7645.112747 11654.872213 137.122421
7695.112747 11654.872213 136.399780
7745.112747 11654.872213 135.467178
7795.112747 11654.872213 134.407715
7845.112747 11654.872213 133.287445
7895.112747 11654.872213 132.120499
7945.112747 11654.872213 130.939087
7995.112747 11654.872213 129.811417
8045.112747 11654.872213 128.837280
8095.112747 11654.872213 128.099106
8145.112747 11654.872213 127.667107
8195.112747 11654.872213 127.610909
8245.112747 11654.872213 127.966492
8295.112747 11654.872213 128.772369
8345.112747 11654.872213 129.947006
8395.112747 11654.872213 131.483368
8445.112747 11654.872213 133.288254
8495.112747 11654.872213 135.307175
8545.112747 11654.872213 137.496582
8595.112747 11654.872213 139.876633
8645.112747 11654.872213 142.439590
8695.112747 11654.872213 145.200455
8745.112747 11654.872213 148.196701
8795.112747 11654.872213 151.496735
8845.112747 11654.872213 155.117020
8895.112747 11654.872213 159.087250
8945.112747 11654.872213 163.374603
8995.112747 11654.872213 167.886749
9045.112747 11654.872213 172.538254
9095.112747 11654.872213 177.237640
9145.112747 11654.872213 181.882294
9195.112747 11654.872213 186.432968
9245.112747 11654.872213 190.834030
9295.112747 11654.872213 195.057526
9345.112747 11654.872213 199.146667
9395.112747 11654.872213 203.126251
9445.112747 11654.872213 206.948486
9495.112747 11654.872213 210.552460
9545.112747 11654.872213 213.760330
9595.112747 11654.872213 216.352417
9645.112747 11654.872213 218.059586
9695.112747 11654.872213 218.481155
9745.112747 11654.872213 217.189209
9795.112747 11654.872213 214.548889
9845.112747 11654.872213 210.851563
9895.112747 11654.872213 206.315323
9945.112747 11654.872213 201.072845
9995.112747 11654.872213 195.285202
10045.112747 11654.872213 189.017471
10095.112747 11654.872213 182.342163
10145.112747 11654.872213 175.321671
10195.112747 11654.872213 168.002884
10245.112747 11654.872213 160.391022
10295.112747 11654.872213 152.559601
10345.112747 11654.872213 144.514099
10395.112747 11654.872213 136.288651
10445.112747 11654.872213 127.858040
10495.112747 11654.872213 119.312683
10545.112747 11654.872213 110.744598
10595.112747 11654.872213 102.265465
10645.112747 11654.872213 93.924187
10695.112747 11654.872213 85.784828
10745.112747 11654.872213 77.913101
10795.112747 11654.872213 70.380363
10845.112747 11654.872213 63.182228
10895.112747 11654.872213 56.266899
10945.112747 11654.872213 49.569908
10995.112747 11654.872213 43.084599
11045.112747 11654.872213 36.774708
11095.112747 11654.872213 30.730722
11145.112747 11654.872213 24.967398
11195.112747 11654.872213 19.514988
11245.112747 11654.872213 14.370718
11295.112747 11654.872213 9.586931
11345.112747 11654.872213 5.230030
11395.112747 11654.872213 1.301829
11445.112747 11654.872213 -2.264292
11495.112747 11654.872213 -5.458084
11545.112747 11654.872213 -8.247421
11595.112747 11654.872213 -10.607736
11645.112747 11654.872213 -12.555490
11695.112747 11654.872213 -14.110435
11745.112747 11654.872213 -15.264855
11795.112747 11654.872213 -16.121567
11845.112747 11654.872213 -16.710806
11895.112747 11654.872213 -17.040916
11945.112747 11654.872213 -17.104000
11995.112747 11654.872213 -16.937902
12045.112747 11654.872213 -16.624754
12095.112747 11654.872213 -16.219389
12145.112747 11654.872213 -15.793918
12195.112747 11654.872213 -15.316020
12245.112747 11654.872213 -14.708758
12295.112747 11654.872213 -13.932345
12345.112747 11654.872213 -13.014248
12395.112747 11654.872213 -11.891158
12445.112747 11654.872213 -10.638228
12495.112747 11654.872213 -9.306024
12545.112747 11654.872213 -7.973902
12595.112747 11654.872213 -6.653102
12645.112747 11654.872213 -5.365075
12695.112747 11654.872213 -4.120400
12745.112747 11654.872213 -2.898928
12795.112747 11654.872213 -1.693496
12845.112747 11654.872213 -0.503136
12895.112747 11654.872213 0.652527
12945.112747 11654.872213 1.730242
12995.112747 11654.872213 2.703409
13045.112747 11654.872213 3.524487
13095.112747 11654.872213 4.145903
13145.112747 11654.872213 4.510468
13195.112747 11654.872213 4.632685
13245.112747 11654.872213 4.603799
13295.112747 11654.872213 4.506012
13345.112747 11654.872213 4.424806
13395.112747 11654.872213 4.363224
13445.112747 11654.872213 4.342333
13495.112747 11654.872213 4.412781
13545.112747 11654.872213 4.593426
13595.112747 11654.872213 4.809038
13645.112747 11654.872213 5.051437
13695.112747 11654.872213 5.315186
13745.112747 11654.872213 5.641548
13795.112747 11654.872213 5.983715
13845.112747 11654.872213 6.341816
13895.112747 11654.872213 6.656080
13945.112747 11654.872213 6.974549
13995.112747 11654.872213 7.312278
6545.112747 11704.872213 107.789871
6595.112747 11704.872213 109.857903
6645.112747 11704.872213 111.899467
6695.112747 11704.872213 113.911514
6745.112747 11704.872213 115.859222
6795.112747 11704.872213 117.757515
6845.112747 11704.872213 119.672005
6895.112747 11704.872213 121.521210
6945.112747 11704.872213 123.311584
6995.112747 11704.872213 125.052505
7045.112747 11704.872213 126.707748
7095.112747 11704.872213 128.242859
7145.112747 11704.872213 129.692520
7195.112747 11704.872213 131.026443
7245.112747 11704.872213 132.141388
7295.112747 11704.872213 133.007263
7345.112747 11704.872213 133.632004
7395.112747 11704.872213 134.059586
7445.112747 11704.872213 134.312363
7495.112747 11704.872213 134.369080
7545.112747 11704.872213 134.251511
7595.112747 11704.872213 133.962067
7645.112747 11704.872213 133.477859
7695.112747 11704.872213 132.751892
7745.112747 11704.872213 131.803421
7795.112747 11704.872213 130.721420
7845.112747 11704.872213 129.538712
7895.112747 11704.872213 128.317184
7945.112747 11704.872213 127.073143
7995.112747 11704.872213 125.864403
8045.112747 11704.872213 124.801773
8095.112747 11704.872213 123.963371
8145.112747 11704.872213 123.377838
8195.112747 11704.872213 123.120720
8245.112747 11704.872213 123.290901
8295.112747 11704.872213 123.928665
8345.112747 11704.872213 124.992958
8395.112747 11704.872213 126.452003
8445.112747 11704.872213 128.200302
8495.112747 11704.872213 130.137039
8545.112747 11704.872213 132.290421
8595.112747 11704.872213 134.662384
8645.112747 11704.872213 137.238861
8695.112747 11704.872213 140.060638
8745.112747 11704.872213 143.158722
8795.112747 11704.872213 146.546036
8845.112747 11704.872213 150.248322
8895.112747 11704.872213 154.328018
8945.112747 11704.872213 158.731750
8995.112747 11704.872213 163.398361
9045.112747 11704.872213 168.162643
9095.112747 11704.872213 172.955215
9145.112747 11704.872213 177.716400
9195.112747 11704.872213 182.433868
9245.112747 11704.872213 187.015747
9295.112747 11704.872213 191.444977
9345.112747 11704.872213 195.699036
9395.112747 11704.872213 199.859131
9445.112747 11704.872213 203.860382
9495.112747 11704.872213 207.692184
9545.112747 11704.872213 211.190399
9595.112747 11704.872213 214.130524
9645.112747 11704.872213 216.288910
9695.112747 11704.872213 217.280060
9745.112747 11704.872213 215.900803
9795.112747 11704.872213 213.270523
9845.112747 11704.872213 209.678589
9895.112747 11704.872213 205.285385
9945.112747 11704.872213 200.240631
9995.112747 11704.872213 194.650696
10045.112747 11704.872213 188.629974
10095.112747 11704.872213 182.214584
10145.112747 11704.872213 175.469131
10195.112747 11704.872213 168.414444
10245.112747 11704.872213 161.090317
10295.112747 11704.872213 153.547180
10345.112747 11704.872213 145.833191
10395.112747 11704.872213 137.953552
10445.112747 11704.872213 129.916092
10495.112747 11704.872213 121.745674
10545.112747 11704.872213 113.567108
10595.112747 11704.872213 105.460556
10645.112747 11704.872213 97.502106
10695.112747 11704.872213 89.721886
10745.112747 11704.872213 82.211166
10795.112747 11704.872213 75.010963
10845.112747 11704.872213 68.097054
10895.112747 11704.872213 61.462223
10945.112747 11704.872213 55.087769
10995.112747 11704.872213 48.926323
11045.112747 11704.872213 42.943977
11095.112747 11704.872213 37.151806
11145.112747 11704.872213 31.592049
11195.112747 11704.872213 26.291136
11245.112747 11704.872213 21.283348
11295.112747 11704.872213 16.649519
11345.112747 11704.872213 12.417177
11395.112747 11704.872213 8.577627
11445.112747 11704.872213 5.116131
11495.112747 11704.872213 2.001385
11545.112747 11704.872213 -0.720686
11595.112747 11704.872213 -3.022005
11645.112747 11704.872213 -4.978819
11695.112747 11704.872213 -6.523645
11745.112747 11704.872213 -7.696352
11795.112747 11704.872213 -8.538221
11845.112747 11704.872213 -9.146751
11895.112747 11704.872213 -9.495129
11945.112747 11704.872213 -9.643572
11995.112747 11704.872213 -9.659986
12045.112747 11704.872213 -9.593786
12095.112747 11704.872213 -9.470693
12145.112747 11704.872213 -9.310436
12195.112747 11704.872213 -9.095235
12245.112747 11704.872213 -8.800255
12295.112747 11704.872213 -8.387203
12345.112747 11704.872213 -7.799701
12395.112747 11704.872213 -7.029596
12445.112747 11704.872213 -6.082280
12495.112747 11704.872213 -5.067377
12545.112747 11704.872213 -4.075274
12595.112747 11704.872213 -3.128825
12645.112747 11704.872213 -2.208695
12695.112747 11704.872213 -1.339451
12745.112747 11704.872213 -0.537376
12795.112747 11704.872213 0.270909
12845.112747 11704.872213 1.050712
12895.112747 11704.872213 1.771264
12945.112747 11704.872213 2.418773
12995.112747 11704.872213 2.982434
13045.112747 11704.872213 3.431270
13095.112747 11704.872213 3.693480
13145.112747 11704.872213 3.735853
13195.112747 11704.872213 3.641369
13245.112747 11704.872213 3.456158
13295.112747 11704.872213 3.194120
13345.112747 11704.872213 2.923407
13395.112747 11704.872213 2.665039
13445.112747 11704.872213 2.475938
13495.112747 11704.872213 2.435085
13545.112747 11704.872213 2.572580
13595.112747 11704.872213 2.824666
13645.112747 11704.872213 3.171410
13695.112747 11704.872213 3.639166
13745.112747 11704.872213 4.215233
13795.112747 11704.872213 4.884947
13845.112747 11704.872213 5.593337
13895.112747 11704.872213 6.336583
13945.112747 11704.872213 7.115769
13995.112747 11704.872213 7.932393
6545.112747 11754.872213 102.302017
6595.112747 11754.872213 104.482086
6645.112747 11754.872213 106.651115
6695.112747 11754.872213 108.792259
6745.112747 11754.872213 110.861015
6795.112747 11754.872213 112.901627
6845.112747 11754.872213 114.979202
6895.112747 11754.872213 117.042320
6945.112747 11754.872213 119.013351
6995.112747 11754.872213 120.916153
7045.112747 11754.872213 122.724274
7095.112747 11754.872213 124.373756
7145.112747 11754.872213 125.879654
7195.112747 11754.872213 127.243713
7245.112747 11754.872213 128.377243
7295.112747 11754.872213 129.231888
7345.112747 11754.872213 129.842148
7395.112747 11754.872213 130.261475
7445.112747 11754.872213 130.535919
7495.112747 11754.872213 130.659317
7545.112747 11754.872213 130.560944
7595.112747 11754.872213 130.256180
7645.112747 11754.872213 129.734497
7695.112747 11754.872213 128.984894
7745.112747 11754.872213 128.045807
7795.112747 11754.872213 126.957916
7845.112747 11754.872213 125.753403
7895.112747 11754.872213 124.524864
7945.112747 11754.872213 123.282532
7995.112747 11754.872213 122.065193
8045.112747 11754.872213 120.947617
8095.112747 11754.872213 120.013428
8145.112747 11754.872213 119.271011
8195.112747 11754.872213 118.851959
8245.112747 11754.872213 118.841782
8295.112747 11754.872213 119.274956
8345.112747 11754.872213 120.204010
8395.112747 11754.872213 121.550980
8445.112747 11754.872213 123.232162
8495.112747 11754.872213 125.150635
8545.112747 11754.872213 127.281799
8595.112747 11754.872213 129.657913
8645.112747 11754.872213 132.248642
8695.112747 11754.872213 135.124191
8745.112747 11754.872213 138.302734
8795.112747 11754.872213 141.767090
8845.112747 11754.872213 145.565842
8895.112747 11754.872213 149.694565
8945.112747 11754.872213 154.164551
8995.112747 11754.872213 158.854828
9045.112747 11754.872213 163.685776
9095.112747 11754.872213 168.523972
9145.112747 11754.872213 173.385239
9195.112747 11754.872213 178.193634
9245.112747 11754.872213 182.927597
9295.112747 11754.872213 187.489487
9345.112747 11754.872213 191.888412
9395.112747 11754.872213 196.101013
9445.112747 11754.872213 200.212616
9495.112747 11754.872213 204.112930
9545.112747 11754.872213 207.701126
9595.112747 11754.872213 210.682800
9645.112747 11754.872213 212.803879
9695.112747 11754.872213 213.636063
9745.112747 11754.872213 212.749268
9795.112747 11754.872213 210.451263
9845.112747 11754.872213 207.113434
9895.112747 11754.872213 202.952408
9945.112747 11754.872213 198.143005
9995.112747 11754.872213 192.789566
10045.112747 11754.872213 187.010696
10095.112747 11754.872213 180.897751
10145.112747 11754.872213 174.438477
10195.112747 11754.872213 167.682877
10245.112747 11754.872213 160.639923
10295.112747 11754.872213 153.396622
10345.112747 11754.872213 145.977509
10395.112747 11754.872213 138.422791
10445.112747 11754.872213 130.750687
10495.112747 11754.872213 123.002945
10545.112747 11754.872213 115.223167
10595.112747 11754.872213 107.496780
10645.112747 11754.872213 99.902863
10695.112747 11754.872213 92.490929
10745.112747 11754.872213 85.321869
10795.112747 11754.872213 78.405754
10845.112747 11754.872213 71.754051
10895.112747 11754.872213 65.384918
10945.112747 11754.872213 59.296940
10995.112747 11754.872213 53.450356
11045.112747 11754.872213 47.786068
11095.112747 11754.872213 42.296165
11145.112747 11754.872213 37.006622
11195.112747 11754.872213 31.919781
11245.112747 11754.872213 27.123278
11295.112747 11754.872213 22.679913
11345.112747 11754.872213 18.586147
11395.112747 11754.872213 14.850449
11445.112747 11754.872213 11.490275
11495.112747 11754.872213 8.494401
11545.112747 11754.872213 5.866572
11595.112747 11754.872213 3.592626
11645.112747 11754.872213 1.708907
11695.112747 11754.872213 0.188748
11745.112747 11754.872213 -0.960787
11795.112747 11754.872213 -1.796812
11845.112747 11754.872213 -2.381121
11895.112747 11754.872213 -2.773276
11945.112747 11754.872213 -2.993443
11995.112747 11754.872213 -3.143874
12045.112747 11754.872213 -3.269722
12095.112747 11754.872213 -3.361004
12145.112747 11754.872213 -3.397521
12195.112747 11754.872213 -3.435337
12245.112747 11754.872213 -3.399707
12295.112747 11754.872213 -3.270876
12345.112747 11754.872213 -2.983542
12395.112747 11754.872213 -2.509948
12445.112747 11754.872213 -1.893537
12495.112747 11754.872213 -1.199971
12545.112747 11754.872213 -0.531050
12595.112747 11754.872213 0.101962
12645.112747 11754.872213 0.651109
12695.112747 11754.872213 1.161232
12745.112747 11754.872213 1.660044
12795.112747 11754.872213 2.106400
12845.112747 11754.872213 2.531542
12895.112747 11754.872213 2.851805
12945.112747 11754.872213 3.057254
12995.112747 11754.872213 3.205432
13045.112747 11754.872213 3.273007
13095.112747 11754.872213 3.175110
13145.112747 11754.872213 2.913128
13195.112747 11754.872213 2.595134
13245.112747 11754.872213 2.237630
13295.112747 11754.872213 1.829857
13345.112747 11754.872213 1.404252
13395.112747 11754.872213 1.035178
13445.112747 11754.872213 0.740169
13495.112747 11754.872213 0.611481
13545.112747 11754.872213 0.703702
13595.112747 11754.872213 0.991905
13645.112747 11754.872213 1.461552
13695.112747 11754.872213 2.127257
13745.112747 11754.872213 2.937446
13795.112747 11754.872213 3.894198
13845.112747 11754.872213 4.948063
13895.112747 11754.872213 6.093449
13945.112747 11754.872213 7.289690
13995.112747 11754.872213 8.536538
6545.112747 11804.872213 97.414452
6595.112747 11804.872213 99.665199
6645.112747 11804.872213 101.931374
6695.112747 11804.872213 104.173256
6745.112747 11804.872213 106.392410
6795.112747 11804.872213 108.600853
6845.112747 11804.872213 110.829536
6895.112747 11804.872213 113.020164
6945.112747 11804.872213 115.131798
6995.112747 11804.872213 117.130852
7045.112747 11804.872213 119.021851
7095.112747 11804.872213 120.747894
7145.112747 11804.872213 122.300949
7195.112747 11804.872213 123.644905
7245.112747 11804.872213 124.745712
7295.112747 11804.872213 125.549477
7345.112747 11804.872213 126.118797
7395.112747 11804.872213 126.527130
7445.112747 11804.872213 126.798782
7495.112747 11804.872213 126.902412
7545.112747 11804.872213 126.795898
7595.112747 11804.872213 126.425224
7645.112747 11804.872213 125.844055
7695.112747 11804.872213 125.085526
7745.112747 11804.872213 124.162819
7795.112747 11804.872213 123.090363
7845.112747 11804.872213 121.935776
7895.112747 11804.872213 120.727882
7945.112747 11804.872213 119.528740
7995.112747 11804.872213 118.322411
8045.112747 11804.872213 117.192238
8095.112747 11804.872213 116.159042
8145.112747 11804.872213 115.345329
8195.112747 11804.872213 114.784576
8245.112747 11804.872213 114.584320
8295.112747 11804.872213 114.850029
8345.112747 11804.872213 115.615234
8395.112747 11804.872213 116.840218
8445.112747 11804.872213 118.450508
8495.112747 11804.872213 120.368851
8545.112747 11804.872213 122.520233
8595.112747 11804.872213 124.878494
8645.112747 11804.872213 127.495972
8695.112747 11804.872213 130.400040
8745.112747 11804.872213 133.627075
8795.112747 11804.872213 137.170258
8845.112747 11804.872213 141.033829
8895.112747 11804.872213 145.210815
8945.112747 11804.872213 149.631897
8995.112747 11804.872213 154.286148
9045.112747 11804.872213 159.085770
9095.112747 11804.872213 163.972549
9145.112747 11804.872213 168.881927
9195.112747 11804.872213 173.766907
9245.112747 11804.872213 178.558121
9295.112747 11804.872213 183.198257
9345.112747 11804.872213 187.663208
9395.112747 11804.872213 191.943115
9445.112747 11804.872213 196.017731
9495.112747 11804.872213 199.870956
9545.112747 11804.872213 203.309830
9595.112747 11804.872213 206.129913
9645.112747 11804.872213 208.033524
9695.112747 11804.872213 208.739273
9745.112747 11804.872213 208.102371
9795.112747 11804.872213 206.162750
9845.112747 11804.872213 203.145950
9895.112747 11804.872213 199.283310
9945.112747 11804.872213 194.754623
9995.112747 11804.872213 189.673386
10045.112747 11804.872213 184.182556
10095.112747 11804.872213 178.345917
10145.112747 11804.872213 172.214066
10195.112747 11804.872213 165.758881
10245.112747 11804.872213 159.044434
10295.112747 11804.872213 152.091095
10345.112747 11804.872213 144.974396
10395.112747 11804.872213 137.752197
10445.112747 11804.872213 130.443466
10495.112747 11804.872213 123.096832
10545.112747 11804.872213 115.706223
10595.112747 11804.872213 108.348351
10645.112747 11804.872213 101.093452
10695.112747 11804.872213 94.017326
10745.112747 11804.872213 87.153038
10795.112747 11804.872213 80.513275
10845.112747 11804.872213 74.116791
10895.112747 11804.872213 67.988426
10945.112747 11804.872213 62.160347
10995.112747 11804.872213 56.578480
11045.112747 11804.872213 51.235954
11095.112747 11804.872213 46.104630
11145.112747 11804.872213 41.157051
11195.112747 11804.872213 36.394081
11245.112747 11804.872213 31.869989
11295.112747 11804.872213 27.659422
11345.112747 11804.872213 23.744747
11395.112747 11804.872213 20.145582
11445.112747 11804.872213 16.882448
11495.112747 11804.872213 14.008964
11545.112747 11804.872213 11.462098
11595.112747 11804.872213 9.311406
11645.112747 11804.872213 7.485845
11695.112747 11804.872213 6.026521
11745.112747 11804.872213 4.906442
11795.112747 11804.872213 4.090975
11845.112747 11804.872213 3.494622
11895.112747 11804.872213 3.079607
11945.112747 11804.872213 2.768255
11995.112747 11804.872213 2.533598
12045.112747 11804.872213 2.295036
12095.112747 11804.872213 2.064403
12145.112747 11804.872213 1.833281
12195.112747 11804.872213 1.623632
12245.112747 11804.872213 1.450838
12295.112747 11804.872213 1.359534
12345.112747 11804.872213 1.399185
12395.112747 11804.872213 1.587991
12445.112747 11804.872213 1.917723
12495.112747 11804.872213 2.300165
12545.112747 11804.872213 2.680914
12595.112747 11804.872213 2.997111
12645.112747 11804.872213 3.260424
12695.112747 11804.872213 3.458733
12745.112747 11804.872213 3.641075
12795.112747 11804.872213 3.777977
12845.112747 11804.872213 3.846544
12895.112747 11804.872213 3.820734
12945.112747 11804.872213 3.658701
12995.112747 11804.872213 3.369848
13045.112747 11804.872213 3.010627
13095.112747 11804.872213 2.553956
13145.112747 11804.872213 2.020674
13195.112747 11804.872213 1.475421
13245.112747 11804.872213 0.938711
13295.112747 11804.872213 0.403198
13345.112747 11804.872213 -0.112294
13395.112747 11804.872213 -0.540437
13445.112747 11804.872213 -0.852481
13495.112747 11804.872213 -1.025213
13545.112747 11804.872213 -0.972046
13595.112747 11804.872213 -0.637742
13645.112747 11804.872213 -0.030728
13695.112747 11804.872213 0.811681
13745.112747 11804.872213 1.842697
13795.112747 11804.872213 3.031883
13845.112747 11804.872213 4.408482
13895.112747 11804.872213 5.900944
13945.112747 11804.872213 7.461454
13995.112747 11804.872213 9.048460
6545.112747 11854.872213 92.989517
6595.112747 11854.872213 95.345695
6645.112747 11854.872213 97.684853
6695.112747 11854.872213 100.040924
6745.112747 11854.872213 102.395477
6795.112747 11854.872213 104.766151
6845.112747 11854.872213 107.087341
6895.112747 11854.872213 109.370819
6945.112747 11854.872213 111.545212
6995.112747 11854.872213 113.622726
7045.112747 11854.872213 115.572220
7095.112747 11854.872213 117.349045
7145.112747 11854.872213 118.899788
7195.112747 11854.872213 120.207016
7245.112747 11854.872213 121.206963
7295.112747 11854.872213 121.937965
7345.112747 11854.872213 122.456512
7395.112747 11854.872213 122.809258
7445.112747 11854.872213 123.006378
7495.112747 11854.872213 123.059372
7545.112747 11854.872213 122.892212
7595.112747 11854.872213 122.474831
7645.112747 11854.872213 121.861626
7695.112747 11854.872213 121.092300
7745.112747 11854.872213 120.177338
7795.112747 11854.872213 119.144424
7845.112747 11854.872213 118.029915
7895.112747 11854.872213 116.861343
7945.112747 11854.872213 115.693748
7995.112747 11854.872213 114.540344
8045.112747 11854.872213 113.408112
8095.112747 11854.872213 112.392624
8145.112747 11854.872213 111.523430
8195.112747 11854.872213 110.886375
8245.112747 11854.872213 110.557938
8295.112747 11854.872213 110.696014
8345.112747 11854.872213 111.304314
8395.112747 11854.872213 112.377922
8445.112747 11854.872213 113.895126
8495.112747 11854.872213 115.787163
8545.112747 11854.872213 117.950058
8595.112747 11854.872213 120.351410
8645.112747 11854.872213 123.011215
8695.112747 11854.872213 125.946266
8745.112747 11854.872213 129.191422
8795.112747 11854.872213 132.745758
8845.112747 11854.872213 136.606827
8895.112747 11854.872213 140.740402
8945.112747 11854.872213 145.108185
8995.112747 11854.872213 149.678268
9045.112747 11854.872213 154.453430
9095.112747 11854.872213 159.330963
9145.112747 11854.872213 164.248062
9195.112747 11854.872213 169.138885
9245.112747 11854.872213 173.922165
9295.112747 11854.872213 178.583496
9345.112747 11854.872213 183.079742
9395.112747 11854.872213 187.341797
9445.112747 11854.872213 191.333984
9495.112747 11854.872213 194.975418
9545.112747 11854.872213 198.162384
9595.112747 11854.872213 200.704605
9645.112747 11854.872213 202.354782
9695.112747 11854.872213 202.916397
9745.112747 11854.872213 202.336624
9795.112747 11854.872213 200.637695
9845.112747 11854.872213 197.933319
9895.112747 11854.872213 194.370544
9945.112747 11854.872213 190.128418
9995.112747 11854.872213 185.352478
10045.112747 11854.872213 180.154099
10095.112747 11854.872213 174.637695
10145.112747 11854.872213 168.819687
10195.112747 11854.872213 162.703491
10245.112747 11854.872213 156.309906
10295.112747 11854.872213 149.678574
10345.112747 11854.872213 142.888626
10395.112747 11854.872213 136.005569
10445.112747 11854.872213 129.073563
10495.112747 11854.872213 122.092987
10545.112747 11854.872213 115.053848
10595.112747 11854.872213 108.022606
10645.112747 11854.872213 101.100174
10695.112747 11854.872213 94.318352
10745.112747 11854.872213 87.721252
10795.112747 11854.872213 81.313179
10845.112747 11854.872213 75.135040
10895.112747 11854.872213 69.243050
10945.112747 11854.872213 63.642998
10995.112747 11854.872213 58.354187
11045.112747 11854.872213 53.340881
11095.112747 11854.872213 48.577129
11145.112747 11854.872213 44.041553
11195.112747 11854.872213 39.676327
11245.112747 11854.872213 35.517723
11295.112747 11854.872213 31.583088
11345.112747 11854.872213 27.884632
11395.112747 11854.872213 24.443363
11445.112747 11854.872213 21.326813
11495.112747 11854.872213 18.539886
11545.112747 11854.872213 16.136665
11595.112747 11854.872213 14.062812
11645.112747 11854.872213 12.375045
11695.112747 11854.872213 10.986389
11745.112747 11854.872213 9.902019
11795.112747 11854.872213 9.084716
11845.112747 11854.872213 8.479615
11895.112747 11854.872213 8.000158
11945.112747 11854.872213 7.641852
11995.112747 11854.872213 7.339779
12045.112747 11854.872213 7.033243
12095.112747 11854.872213 6.683306
12145.112747 11854.872213 6.337468
12195.112747 11854.872213 5.999483
12245.112747 11854.872213 5.708434
12295.112747 11854.872213 5.466580
12345.112747 11854.872213 5.288870
12395.112747 11854.872213 5.258956
12445.112747 11854.872213 5.322403
12495.112747 11854.872213 5.435520
12545.112747 11854.872213 5.526538
12595.112747 11854.872213 5.606351
12645.112747 11854.872213 5.613329
12695.112747 11854.872213 5.564038
12745.112747 11854.872213 5.442441
12795.112747 11854.872213 5.259285
12845.112747 11854.872213 4.979383
12895.112747 11854.872213 4.614397
12945.112747 11854.872213 4.093035
12995.112747 11854.872213 3.422492
13045.112747 11854.872213 2.653943
13095.112747 11854.872213 1.856401
13145.112747 11854.872213 1.049419
13195.112747 11854.872213 0.286280
13245.112747 11854.872213 -0.411391
13295.112747 11854.872213 -1.029741
13345.112747 11854.872213 -1.593564
13395.112747 11854.872213 -2.034046
13445.112747 11854.872213 -2.337653
13495.112747 11854.872213 -2.487444
13545.112747 11854.872213 -2.415811
13595.112747 11854.872213 -2.026240
13645.112747 11854.872213 -1.300438
13695.112747 11854.872213 -0.294174
13745.112747 11854.872213 0.927705
13795.112747 11854.872213 2.349839
13845.112747 11854.872213 3.977339
13895.112747 11854.872213 5.755250
13945.112747 11854.872213 7.578907
13995.112747 11854.872213 9.419913
6545.112747 11904.872213 88.993706
6595.112747 11904.872213 91.473152
6645.112747 11904.872213 93.945427
6695.112747 11904.872213 96.403893
6745.112747 11904.872213 98.866501
6795.112747 11904.872213 101.316071
6845.112747 11904.872213 103.704086
6895.112747 11904.872213 105.999474
6945.112747 11904.872213 108.219559
6995.112747 11904.872213 110.316948
7045.112747 11904.872213 112.285423
7095.112747 11904.872213 114.083870
7145.112747 11904.872213 115.597130
7195.112747 11904.872213 116.814323
7245.112747 11904.872213 117.731949
7295.112747 11904.872213 118.386932
7345.112747 11904.872213 118.810562
7395.112747 11904.872213 119.074501
7445.112747 11904.872213 119.172806
7495.112747 11904.872213 119.117592
7545.112747 11904.872213 118.871704
7595.112747 11904.872213 118.434387
7645.112747 11904.872213 117.804161
7695.112747 11904.872213 117.031120
7745.112747 11904.872213 116.097702
7795.112747 11904.872213 115.069405
7845.112747 11904.872213 113.967964
7895.112747 11904.872213 112.836273
7945.112747 11904.872213 111.733742
7995.112747 11904.872213 110.660721
8045.112747 11904.872213 109.619354
8095.112747 11904.872213 108.632004
8145.112747 11904.872213 107.781021
8195.112747 11904.872213 107.102692
8245.112747 11904.872213 106.757156
8295.112747 11904.872213 106.802933
8345.112747 11904.872213 107.292801
8395.112747 11904.872213 108.220886
8445.112747 11904.872213 109.616089
8495.112747 11904.872213 111.434044
8545.112747 11904.872213 113.601418
8595.112747 11904.872213 116.079720
8645.112747 11904.872213 118.788239
8695.112747 11904.872213 121.735130
8745.112747 11904.872213 124.953979
8795.112747 11904.872213 128.472107
8845.112747 11904.872213 132.263443
8895.112747 11904.872213 136.310364
8945.112747 11904.872213 140.573486
8995.112747 11904.872213 145.078400
9045.112747 11904.872213 149.771591
9095.112747 11904.872213 154.613342
9145.112747 11904.872213 159.479065
9195.112747 11904.872213 164.329041
9245.112747 11904.872213 169.069107
9295.112747 11904.872213 173.688965
9345.112747 11904.872213 178.146454
9395.112747 11904.872213 182.336319
9445.112747 11904.872213 186.144516
9495.112747 11904.872213 189.524673
9545.112747 11904.872213 192.379074
9595.112747 11904.872213 194.585709
9645.112747 11904.872213 195.933929
9695.112747 11904.872213 196.327850
9745.112747 11904.872213 195.737869
9795.112747 11904.872213 194.149841
9845.112747 11904.872213 191.660431
9895.112747 11904.872213 188.373550
9945.112747 11904.872213 184.420105
9995.112747 11904.872213 179.970291
10045.112747 11904.872213 175.107803
10095.112747 11904.872213 169.894409
10145.112747 11904.872213 164.384521
10195.112747 11904.872213 158.596252
10245.112747 11904.872213 152.535950
10295.112747 11904.872213 146.245514
10345.112747 11904.872213 139.787415
10395.112747 11904.872213 133.246094
10445.112747 11904.872213 126.653206
10495.112747 11904.872213 119.989792
10545.112747 11904.872213 113.294266
10595.112747 11904.872213 106.581825
10645.112747 11904.872213 99.935593
10695.112747 11904.872213 93.408157
10745.112747 11904.872213 87.051117
10795.112747 11904.872213 80.869713
10845.112747 11904.872213 74.909653
10895.112747 11904.872213 69.235786
10945.112747 11904.872213 63.876377
10995.112747 11904.872213 58.856857
11045.112747 11904.872213 54.174358
11095.112747 11904.872213 49.796112
11145.112747 11904.872213 45.666336
11195.112747 11904.872213 41.747540
11245.112747 11904.872213 37.984669
11295.112747 11904.872213 34.376282
11345.112747 11904.872213 30.949055
11395.112747 11904.872213 27.744928
11445.112747 11904.872213 24.814396
11495.112747 11904.872213 22.191822
11545.112747 11904.872213 19.885843
11595.112747 11904.872213 17.926229
11645.112747 11904.872213 16.319777
11695.112747 11904.872213 15.020465
11745.112747 11904.872213 13.985179
11795.112747 11904.872213 13.176061
11845.112747 11904.872213 12.531651
11895.112747 11904.872213 12.023704
11945.112747 11904.872213 11.607060
11995.112747 11904.872213 11.244904
12045.112747 11904.872213 10.886150
12095.112747 11904.872213 10.488454
12145.112747 11904.872213 10.077612
12195.112747 11904.872213 9.672471
12245.112747 11904.872213 9.292176
12295.112747 11904.872213 8.950080
12345.112747 11904.872213 8.661561
12395.112747 11904.872213 8.447480
12445.112747 11904.872213 8.310637
12495.112747 11904.872213 8.185754
12545.112747 11904.872213 8.057382
12595.112747 11904.872213 7.880300
12645.112747 11904.872213 7.695835
12695.112747 11904.872213 7.419091
12745.112747 11904.872213 7.037614
12795.112747 11904.872213 6.532847
12845.112747 11904.872213 5.911189
12895.112747 11904.872213 5.164715
12945.112747 11904.872213 4.294091
12995.112747 11904.872213 3.295382
13045.112747 11904.872213 2.196468
13095.112747 11904.872213 1.099450
13145.112747 11904.872213 0.067450
13195.112747 11904.872213 -0.891956
13245.112747 11904.872213 -1.735884
13295.112747 11904.872213 -2.446630
13345.112747 11904.872213 -3.008304
13395.112747 11904.872213 -3.443005
13445.112747 11904.872213 -3.714420
13495.112747 11904.872213 -3.802694
13545.112747 11904.872213 -3.618117
13595.112747 11904.872213 -3.156719
13645.112747 11904.872213 -2.340266
13695.112747 11904.872213 -1.199580
13745.112747 11904.872213 0.194839
13795.112747 11904.872213 1.830573
13845.112747 11904.872213 3.673356
13895.112747 11904.872213 5.636364
13945.112747 11904.872213 7.622105
13995.112747 11904.872213 9.613661
6545.112747 11954.872213 85.408707
6595.112747 11954.872213 87.982002
6645.112747 11954.872213 90.563293
6695.112747 11954.872213 93.154686
6745.112747 11954.872213 95.720703
6795.112747 11954.872213 98.210960
6845.112747 11954.872213 100.618622
6895.112747 11954.872213 102.919876
6945.112747 11954.872213 105.102943
6995.112747 11954.872213 107.168236
7045.112747 11954.872213 109.099289
7095.112747 11954.872213 110.839081
7145.112747 11954.872213 112.309242
7195.112747 11954.872213 113.441177
7245.112747 11954.872213 114.293755
7295.112747 11954.872213 114.864037
7345.112747 11954.872213 115.195923
7395.112747 11954.872213 115.336151
7445.112747 11954.872213 115.339638
7495.112747 11954.872213 115.166725
7545.112747 11954.872213 114.806664
7595.112747 11954.872213 114.293152
7645.112747 11954.872213 113.639900
7695.112747 11954.872213 112.826271
7745.112747 11954.872213 111.884857
7795.112747 11954.872213 110.841408
7845.112747 11954.872213 109.768806
7895.112747 11954.872213 108.700226
7945.112747 11954.872213 107.678032
7995.112747 11954.872213 106.694916
8045.112747 11954.872213 105.734650
8095.112747 11954.872213 104.831314
8145.112747 11954.872213 104.031197
8195.112747 11954.872213 103.435516
8245.112747 11954.872213 103.121826
8295.112747 11954.872213 103.147934
8345.112747 11954.872213 103.551071
8395.112747 11954.872213 104.386742
8445.112747 11954.872213 105.656143
8495.112747 11954.872213 107.365479
8545.112747 11954.872213 109.523590
8595.112747 11954.872213 112.006096
8645.112747 11954.872213 114.736778
8695.112747 11954.872213 117.684715
8745.112747 11954.872213 120.875702
8795.112747 11954.872213 124.331703
8845.112747 11954.872213 128.026733
8895.112747 11954.872213 131.936829
8945.112747 11954.872213 136.086227
8995.112747 11954.872213 140.475769
9045.112747 11954.872213 145.087921
9095.112747 11954.872213 149.825760
9145.112747 11954.872213 154.619278
9195.112747 11954.872213 159.350479
9245.112747 11954.872213 164.011276
9295.112747 11954.872213 168.552429
9345.112747 11954.872213 172.885239
9395.112747 11954.872213 176.903000
9445.112747 11954.872213 180.477463
9495.112747 11954.872213 183.553665
9545.112747 11954.872213 186.075226
9595.112747 11954.872213 187.897614
9645.112747 11954.872213 188.952850
9695.112747 11954.872213 189.168884
9745.112747 11954.872213 188.487701
9795.112747 11954.872213 186.936157
9845.112747 11954.872213 184.553482
9895.112747 11954.872213 181.478241
9945.112747 11954.872213 177.814774
9995.112747 11954.872213 173.703293
10045.112747 11954.872213 169.173065
10095.112747 11954.872213 164.290451
10145.112747 11954.872213 159.084976
10195.112747 11954.872213 153.615112
10245.112747 11954.872213 147.878036
10295.112747 11954.872213 141.935226
10345.112747 11954.872213 135.823776
10395.112747 11954.872213 129.593109
10445.112747 11954.872213 123.279762
10495.112747 11954.872213 116.910667
10545.112747 11954.872213 110.489090
10595.112747 11954.872213 104.051994
10645.112747 11954.872213 97.660545
10695.112747 11954.872213 91.385277
10745.112747 11954.872213 85.261963
10795.112747 11954.872213 79.322708
10845.112747 11954.872213 73.596680
10895.112747 11954.872213 68.136353
10945.112747 11954.872213 62.995365
10995.112747 11954.872213 58.225185
11045.112747 11954.872213 53.839603
11095.112747 11954.872213 49.811211
11145.112747 11954.872213 46.055904
11195.112747 11954.872213 42.550865
11245.112747 11954.872213 39.203323
11295.112747 11954.872213 35.984028
11345.112747 11954.872213 32.902714
11395.112747 11954.872213 30.004389
11445.112747 11954.872213 27.345036
11495.112747 11954.872213 24.931005
11545.112747 11954.872213 22.759926
11595.112747 11954.872213 20.883501
11645.112747 11954.872213 19.338196
11695.112747 11954.872213 18.105867
11745.112747 11954.872213 17.105324
11795.112747 11954.872213 16.298639
11845.112747 11954.872213 15.653707
11895.112747 11954.872213 15.117795
11945.112747 11954.872213 14.655088
11995.112747 11954.872213 14.251723
12045.112747 11954.872213 13.860974
12095.112747 11954.872213 13.472866
12145.112747 11954.872213 13.060834
12195.112747 11954.872213 12.640474
12245.112747 11954.872213 12.201148
12295.112747 11954.872213 11.806035
12345.112747 11954.872213 11.449239
12395.112747 11954.872213 11.138166
12445.112747 11954.872213 10.830108
12495.112747 11954.872213 10.522995
12545.112747 11954.872213 10.200140
12595.112747 11954.872213 9.866645
12645.112747 11954.872213 9.468178
12695.112747 11954.872213 8.986246
12745.112747 11954.872213 8.337109
12795.112747 11954.872213 7.534092
12845.112747 11954.872213 6.576222
12895.112747 11954.872213 5.491920
12945.112747 11954.872213 4.281771
12995.112747 11954.872213 2.985549
13045.112747 11954.872213 1.638442
13095.112747 11954.872213 0.330062
13145.112747 11954.872213 -0.891156
13195.112747 11954.872213 -2.000865
13245.112747 11954.872213 -2.986195
13295.112747 11954.872213 -3.788404
13345.112747 11954.872213 -4.371688
13395.112747 11954.872213 -4.754033
13445.112747 11954.872213 -4.956769
13495.112747 11954.872213 -4.913904
13545.112747 11954.872213 -4.611886
13595.112747 11954.872213 -4.036658
13645.112747 11954.872213 -3.147072
13695.112747 11954.872213 -1.901881
13745.112747 11954.872213 -0.348313
13795.112747 11954.872213 1.440286
13845.112747 11954.872213 3.420469
13895.112747 11954.872213 5.481010
13945.112747 11954.872213 7.573521
13995.112747 11954.872213 9.656466
6545.112747 12004.872213 82.214233
6595.112747 12004.872213 84.831512
6645.112747 12004.872213 87.506134
6695.112747 12004.872213 90.177849
6745.112747 12004.872213 92.809135
6795.112747 12004.872213 95.326645
6845.112747 12004.872213 97.739502
6895.112747 12004.872213 100.021759
6945.112747 12004.872213 102.165611
6995.112747 12004.872213 104.166595
7045.112747 12004.872213 105.996582
7095.112747 12004.872213 107.651405
7145.112747 12004.872213 109.022278
7195.112747 12004.872213 110.076981
7245.112747 12004.872213 110.836708
7295.112747 12004.872213 111.342651
7345.112747 12004.872213 111.591080
7395.112747 12004.872213 111.638870
7445.112747 12004.872213 111.542236
7495.112747 12004.872213 111.235817
7545.112747 12004.872213 110.744904
7595.112747 12004.872213 110.119911
7645.112747 12004.872213 109.362984
7695.112747 12004.872213 108.489830
7745.112747 12004.872213 107.516029
7795.112747 12004.872213 106.486084
7845.112747 12004.872213 105.451401
7895.112747 12004.872213 104.473511
7945.112747 12004.872213 103.517731
7995.112747 12004.872213 102.618889
8045.112747 12004.872213 101.768456
8095.112747 12004.872213 100.971466
8145.112747 12004.872213 100.290161
8195.112747 12004.872213 99.825974
8245.112747 12004.872213 99.601006
8295.112747 12004.872213 99.644798
8345.112747 12004.872213 100.031975
8395.112747 12004.872213 100.810959
8445.112747 12004.872213 101.989349
8495.112747 12004.872213 103.612061
8545.112747 12004.872213 105.672325
8595.112747 12004.872213 108.104042
8645.112747 12004.872213 110.803452
8695.112747 12004.872213 113.741478
8745.112747 12004.872213 116.905212
8795.112747 12004.872213 120.288322
8845.112747 12004.872213 123.869057
8895.112747 12004.872213 127.653809
8945.112747 12004.872213 131.678879
8995.112747 12004.872213 135.964752
9045.112747 12004.872213 140.443420
9095.112747 12004.872213 145.051422
9145.112747 12004.872213 149.669769
9195.112747 12004.872213 154.265366
9245.112747 12004.872213 158.779694
9295.112747 12004.872213 163.158417
9345.112747 12004.872213 167.283340
9395.112747 12004.872213 171.058640
9445.112747 12004.872213 174.375854
9495.112747 12004.872213 177.155365
9545.112747 12004.872213 179.321228
9595.112747 12004.872213 180.791489
9645.112747 12004.872213 181.534317
9695.112747 12004.872213 181.534912
9745.112747 12004.872213 180.737366
9795.112747 12004.872213 179.148819
9845.112747 12004.872213 176.854919
9895.112747 12004.872213 173.926147
9945.112747 12004.872213 170.516968
9995.112747 12004.872213 166.682419
10045.112747 12004.872213 162.506317
10095.112747 12004.872213 157.949097
10145.112747 12004.872213 153.083878
10195.112747 12004.872213 147.919724
10245.112747 12004.872213 142.509628
10295.112747 12004.872213 136.895584
10345.112747 12004.872213 131.100266
10395.112747 12004.872213 125.156105
10445.112747 12004.872213 119.091911
10495.112747 12004.872213 112.940048
10545.112747 12004.872213 106.740913
10595.112747 12004.872213 100.556641
10645.112747 12004.872213 94.406212
10695.112747 12004.872213 88.370827
10745.112747 12004.872213 82.468956
10795.112747 12004.872213 76.763130
10845.112747 12004.872213 71.274681
10895.112747 12004.872213 66.038818
10945.112747 12004.872213 61.118179
10995.112747 12004.872213 56.568504
11045.112747 12004.872213 52.444336
11095.112747 12004.872213 48.696426
11145.112747 12004.872213 45.303894
11195.112747 12004.872213 42.169262
11245.112747 12004.872213 39.229752
11295.112747 12004.872213 36.433826
11345.112747 12004.872213 33.754833
11395.112747 12004.872213 31.230431
11445.112747 12004.872213 28.870588
11495.112747 12004.872213 26.675249
11545.112747 12004.872213 24.666061
11595.112747 12004.872213 22.911013
11645.112747 12004.872213 21.434711
11695.112747 12004.872213 20.244396
11745.112747 12004.872213 19.265875
11795.112747 12004.872213 18.457556
11845.112747 12004.872213 17.816395
11895.112747 12004.872213 17.296757
11945.112747 12004.872213 16.834972
11995.112747 12004.872213 16.402451
12045.112747 12004.872213 16.017677
12095.112747 12004.872213 15.656653
12145.112747 12004.872213 15.290149
12195.112747 12004.872213 14.896031
12245.112747 12004.872213 14.467690
12295.112747 12004.872213 14.042333
12345.112747 12004.872213 13.647486
12395.112747 12004.872213 13.260612
12445.112747 12004.872213 12.846037
12495.112747 12004.872213 12.404376
12545.112747 12004.872213 11.949338
12595.112747 12004.872213 11.455150
12645.112747 12004.872213 10.906726
12695.112747 12004.872213 10.180059
12745.112747 12004.872213 9.285181
12795.112747 12004.872213 8.191295
12845.112747 12004.872213 6.949266
12895.112747 12004.872213 5.562400
12945.112747 12004.872213 4.103581
12995.112747 12004.872213 2.568567
13045.112747 12004.872213 1.036654
13095.112747 12004.872213 -0.451167
13145.112747 12004.872213 -1.808519
13195.112747 12004.872213 -3.056593
13245.112747 12004.872213 -4.133457
13295.112747 12004.872213 -5.009439
13345.112747 12004.872213 -5.600743
13395.112747 12004.872213 -5.923045
13445.112747 12004.872213 -6.014746
13495.112747 12004.872213 -5.843053
13545.112747 12004.872213 -5.401475
13595.112747 12004.872213 -4.690484
13645.112747 12004.872213 -3.696205
13695.112747 12004.872213 -2.372463
13745.112747 12004.872213 -0.752362
13795.112747 12004.872213 1.109186
13845.112747 12004.872213 3.127990
13895.112747 12004.872213 5.241523
13945.112747 12004.872213 7.413892
13995.112747 12004.872213 9.603176
6545.112747 12054.872213 79.384659
6595.112747 12054.872213 82.066406
6645.112747 12054.872213 84.742073
6695.112747 12054.872213 87.429222
6745.112747 12054.872213 90.063042
6795.112747 12054.872213 92.576988
6845.112747 12054.872213 94.958092
6895.112747 12054.872213 97.207901
6945.112747 12054.872213 99.299667
6995.112747 12054.872213 101.235283
7045.112747 12054.872213 102.980919
7095.112747 12054.872213 104.491440
7145.112747 12054.872213 105.734657
7195.112747 12054.872213 106.670929
7245.112747 12054.872213 107.344170
7295.112747 12054.872213 107.778091
7345.112747 12054.872213 107.979706
7395.112747 12054.872213 107.962982
7445.112747 12054.872213 107.738663
7495.112747 12054.872213 107.312454
7545.112747 12054.872213 106.693520
7595.112747 12054.872213 105.919357
7645.112747 12054.872213 105.023849
7695.112747 12054.872213 104.059723
7745.112747 12054.872213 103.062447
7795.112747 12054.872213 102.048363
7845.112747 12054.872213 101.074104
7895.112747 12054.872213 100.145454
7945.112747 12054.872213 99.267685
7995.112747 12054.872213 98.458282
8045.112747 12054.872213 97.710007
8095.112747 12054.872213 97.058685
8145.112747 12054.872213 96.540474
8195.112747 12054.872213 96.209785
8245.112747 12054.872213 96.093872
8295.112747 12054.872213 96.233559
8345.112747 12054.872213 96.662071
8395.112747 12054.872213 97.416107
8445.112747 12054.872213 98.551903
8495.112747 12054.872213 100.091637
8545.112747 12054.872213 102.038971
8595.112747 12054.872213 104.362297
8645.112747 12054.872213 107.016159
8695.112747 12054.872213 109.913139
8745.112747 12054.872213 113.023033
8795.112747 12054.872213 116.309349
8845.112747 12054.872213 119.794884
8895.112747 12054.872213 123.483826
8945.112747 12054.872213 127.407936
8995.112747 12054.872213 131.539871
9045.112747 12054.872213 135.847900
9095.112747 12054.872213 140.242218
9145.112747 12054.872213 144.684189
9195.112747 12054.872213 149.086594
9245.112747 12054.872213 153.420456
9295.112747 12054.872213 157.552475
9345.112747 12054.872213 161.416458
9395.112747 12054.872213 164.891724
9445.112747 12054.872213 167.917389
9495.112747 12054.872213 170.369080
9545.112747 12054.872213 172.185959
9595.112747 12054.872213 173.308502
9645.112747 12054.872213 173.757324
9695.112747 12054.872213 173.520493
9745.112747 12054.872213 172.588608
9795.112747 12054.872213 171.006790
9845.112747 12054.872213 168.768158
9895.112747 12054.872213 165.971603
9945.112747 12054.872213 162.733047
9995.112747 12054.872213 159.143066
10045.112747 12054.872213 155.223801
10095.112747 12054.872213 150.998108
10145.112747 12054.872213 146.433395
10195.112747 12054.872213 141.601791
10245.112747 12054.872213 136.506042
10295.112747 12054.872213 131.195969
10345.112747 12054.872213 125.669792
10395.112747 12054.872213 119.951294
10445.112747 12054.872213 114.081909
10495.112747 12054.872213 108.125557
10545.112747 12054.872213 102.135887
10595.112747 12054.872213 96.163620
10645.112747 12054.872213 90.250137
10695.112747 12054.872213 84.409760
10745.112747 12054.872213 78.720642
10795.112747 12054.872213 73.225731
10845.112747 12054.872213 67.982292
10895.112747 12054.872213 63.002926
10945.112747 12054.872213 58.326923
10995.112747 12054.872213 53.998997
11045.112747 12054.872213 50.104862
11095.112747 12054.872213 46.632362
11145.112747 12054.872213 43.545334
11195.112747 12054.872213 40.767345
11245.112747 12054.872213 38.204441
11295.112747 12054.872213 35.823761
11345.112747 12054.872213 33.559006
11395.112747 12054.872213 31.402773
11445.112747 12054.872213 29.339794
11495.112747 12054.872213 27.385429
11545.112747 12054.872213 25.582230
11595.112747 12054.872213 23.975260
11645.112747 12054.872213 22.597927
11695.112747 12054.872213 21.460968
11745.112747 12054.872213 20.519979
11795.112747 12054.872213 19.738241
11845.112747 12054.872213 19.125360
11895.112747 12054.872213 18.614040
11945.112747 12054.872213 18.166739
11995.112747 12054.872213 17.759249
12045.112747 12054.872213 17.406887
12095.112747 12054.872213 17.091230
12145.112747 12054.872213 16.787191
12195.112747 12054.872213 16.450356
12245.112747 12054.872213 16.080999
12295.112747 12054.872213 15.667410
12345.112747 12054.872213 15.259314
12395.112747 12054.872213 14.814448
12445.112747 12054.872213 14.328816
12495.112747 12054.872213 13.803985
12545.112747 12054.872213 13.246688
12595.112747 12054.872213 12.647247
12645.112747 12054.872213 11.899642
12695.112747 12054.872213 10.962484
12745.112747 12054.872213 9.813274
12795.112747 12054.872213 8.483903
12845.112747 12054.872213 6.987384
12895.112747 12054.872213 5.398273
12945.112747 12054.872213 3.751551
12995.112747 12054.872213 2.083635
13045.112747 12054.872213 0.414110
13095.112747 12054.872213 -1.184193
13145.112747 12054.872213 -2.705521
13195.112747 12054.872213 -4.040985
13245.112747 12054.872213 -5.164508
13295.112747 12054.872213 -6.036254
13345.112747 12054.872213 -6.620545
13395.112747 12054.872213 -6.892189
13445.112747 12054.872213 -6.871023
13495.112747 12054.872213 -6.566953
13545.112747 12054.872213 -5.972565
13595.112747 12054.872213 -5.133387
13645.112747 12054.872213 -4.036841
13695.112747 12054.872213 -2.684178
13745.112747 12054.872213 -1.061641
13795.112747 12054.872213 0.779220
13845.112747 12054.872213 2.788807
13895.112747 12054.872213 4.922547
13945.112747 12054.872213 7.159566
13995.112747 12054.872213 9.410046
6545.112747 12104.872213 76.856667
6595.112747 12104.872213 79.553856
6645.112747 12104.872213 82.220627
6695.112747 12104.872213 84.859329
6745.112747 12104.872213 87.433311
6795.112747 12104.872213 89.883621
6845.112747 12104.872213 92.203186
6895.112747 12104.872213 94.392799
6945.112747 12104.872213 96.422882
6995.112747 12104.872213 98.292877
7045.112747 12104.872213 99.932487
7095.112747 12104.872213 101.300079
7145.112747 12104.872213 102.392487
7195.112747 12104.872213 103.233337
7245.112747 12104.872213 103.823944
7295.112747 12104.872213 104.192261
7345.112747 12104.872213 104.332069
7395.112747 12104.872213 104.229240
7445.112747 12104.872213 103.883270
7495.112747 12104.872213 103.336853
7545.112747 12104.872213 102.594254
7595.112747 12104.872213 101.677933
7645.112747 12104.872213 100.671730
7695.112747 12104.872213 99.626633
7745.112747 12104.872213 98.591682
7795.112747 12104.872213 97.604111
7845.112747 12104.872213 96.659935
7895.112747 12104.872213 95.774246
7945.112747 12104.872213 94.952606
7995.112747 12104.872213 94.198753
8045.112747 12104.872213 93.563446
8095.112747 12104.872213 93.068687
8145.112747 12104.872213 92.757904
8195.112747 12104.872213 92.585121
8245.112747 12104.872213 92.598793
8295.112747 12104.872213 92.822746
8345.112747 12104.872213 93.303642
8395.112747 12104.872213 94.081558
8445.112747 12104.872213 95.201797
8495.112747 12104.872213 96.685341
8545.112747 12104.872213 98.530624
8595.112747 12104.872213 100.764458
8645.112747 12104.872213 103.322769
8695.112747 12104.872213 106.152817
8745.112747 12104.872213 109.169678
8795.112747 12104.872213 112.395844
8845.112747 12104.872213 115.802307
8895.112747 12104.872213 119.431320
8945.112747 12104.872213 123.233871
8995.112747 12104.872213 127.188560
9045.112747 12104.872213 131.261963
9095.112747 12104.872213 135.441025
9145.112747 12104.872213 139.661102
9195.112747 12104.872213 143.857025
9245.112747 12104.872213 147.932190
9295.112747 12104.872213 151.805664
9345.112747 12104.872213 155.345612
9395.112747 12104.872213 158.518555
9445.112747 12104.872213 161.187347
9495.112747 12104.872213 163.302963
9545.112747 12104.872213 164.748581
9595.112747 12104.872213 165.538208
9645.112747 12104.872213 165.704651
9695.112747 12104.872213 165.237656
9745.112747 12104.872213 164.203171
9795.112747 12104.872213 162.592911
9845.112747 12104.872213 160.435913
9895.112747 12104.872213 157.781433
9945.112747 12104.872213 154.704819
9995.112747 12104.872213 151.273849
10045.112747 12104.872213 147.544144
10095.112747 12104.872213 143.528931
10145.112747 12104.872213 139.252670
10195.112747 12104.872213 134.712051
10245.112747 12104.872213 129.935776
10295.112747 12104.872213 124.885963
10345.112747 12104.872213 119.582443
10395.112747 12104.872213 114.033943
10445.112747 12104.872213 108.318764
10495.112747 12104.872213 102.531807
10545.112747 12104.872213 96.730400
10595.112747 12104.872213 90.979233
10645.112747 12104.872213 85.250755
10695.112747 12104.872213 79.607552
10745.112747 12104.872213 74.102936
10795.112747 12104.872213 68.821098
10845.112747 12104.872213 63.815189
10895.112747 12104.872213 59.099468
10945.112747 12104.872213 54.689320
10995.112747 12104.872213 50.639923
11045.112747 12104.872213 46.978195
11095.112747 12104.872213 43.741096
11145.112747 12104.872213 40.925861
11195.112747 12104.872213 38.445477
11245.112747 12104.872213 36.227962
11295.112747 12104.872213 34.208248
11345.112747 12104.872213 32.333008
11395.112747 12104.872213 30.537859
11445.112747 12104.872213 28.768839
11495.112747 12104.872213 27.064865
11545.112747 12104.872213 25.503225
11595.112747 12104.872213 24.095203
11645.112747 12104.872213 22.836342
11695.112747 12104.872213 21.778799
11745.112747 12104.872213 20.911320
11795.112747 12104.872213 20.206200
11845.112747 12104.872213 19.627628
11895.112747 12104.872213 19.128445
11945.112747 12104.872213 18.693993
11995.112747 12104.872213 18.331961
12045.112747 12104.872213 18.055977
12095.112747 12104.872213 17.834208
12145.112747 12104.872213 17.605999
12195.112747 12104.872213 17.346041
12245.112747 12104.872213 17.036198
12295.112747 12104.872213 16.699625
12345.112747 12104.872213 16.308151
12395.112747 12104.872213 15.848382
12445.112747 12104.872213 15.313270
12495.112747 12104.872213 14.725201
12545.112747 12104.872213 14.063128
12595.112747 12104.872213 13.291551
12645.112747 12104.872213 12.369290
12695.112747 12104.872213 11.239075
12745.112747 12104.872213 9.910131
12795.112747 12104.872213 8.403818
12845.112747 12104.872213 6.761533
12895.112747 12104.872213 5.011428
12945.112747 12104.872213 3.247060
12995.112747 12104.872213 1.493372
13045.112747 12104.872213 -0.243099
13095.112747 12104.872213 -1.911052
13145.112747 12104.872213 -3.489508
13195.112747 12104.872213 -4.878790
13245.112747 12104.872213 -6.014846
13295.112747 12104.872213 -6.866013
13345.112747 12104.872213 -7.400525
13395.112747 12104.872213 -7.609456
13445.112747 12104.872213 -7.487433
13495.112747 12104.872213 -7.056679
13545.112747 12104.872213 -6.357080
13595.112747 12104.872213 -5.400997
13645.112747 12104.872213 -4.252002
13695.112747 12104.872213 -2.902355
13745.112747 12104.872213 -1.322434
13795.112747 12104.872213 0.483934
13845.112747 12104.872213 2.435878
13895.112747 12104.872213 4.544483
13945.112747 12104.872213 6.756832
13995.112747 12104.872213 9.014026
6545.112747 12154.872213 74.639961
6595.112747 12154.872213 77.251091
6645.112747 12154.872213 79.834610
6695.112747 12154.872213 82.373299
6745.112747 12154.872213 84.840759
6795.112747 12154.872213 87.181519
6845.112747 12154.872213 89.388832
6895.112747 12154.872213 91.492683
6945.112747 12154.872213 93.470032
6995.112747 12154.872213 95.238953
7045.112747 12154.872213 96.760963
7095.112747 12154.872213 98.008194
7145.112747 12154.872213 98.991905
7195.112747 12154.872213 99.740952
7245.112747 12154.872213 100.259827
7295.112747 12154.872213 100.550903
7345.112747 12154.872213 100.610374
7395.112747 12154.872213 100.414223
7445.112747 12154.872213 99.951416
7495.112747 12154.872213 99.266052
7545.112747 12154.872213 98.408600
7595.112747 12154.872213 97.416725
7645.112747 12154.872213 96.353760
7695.112747 12154.872213 95.268440
7745.112747 12154.872213 94.178452
7795.112747 12154.872213 93.161407
7845.112747 12154.872213 92.225906
7895.112747 12154.872213 91.356941
7945.112747 12154.872213 90.580971
7995.112747 12154.872213 89.892342
8045.112747 12154.872213 89.357941
8095.112747 12154.872213 89.043709
8145.112747 12154.872213 88.904594
8195.112747 12154.872213 88.910522
8245.112747 12154.872213 89.053482
8295.112747 12154.872213 89.373299
8345.112747 12154.872213 89.910553
8395.112747 12154.872213 90.717667
8445.112747 12154.872213 91.845085
8495.112747 12154.872213 93.285942
8545.112747 12154.872213 95.076546
8595.112747 12154.872213 97.203773
8645.112747 12154.872213 99.678528
8695.112747 12154.872213 102.405319
8745.112747 12154.872213 105.369705
8795.112747 12154.872213 108.519730
8845.112747 12154.872213 111.896698
8895.112747 12154.872213 115.433052
8945.112747 12154.872213 119.113495
8995.112747 12154.872213 122.864281
9045.112747 12154.872213 126.708908
9095.112747 12154.872213 130.636765
9145.112747 12154.872213 134.616989
9195.112747 12154.872213 138.562103
9245.112747 12154.872213 142.366165
9295.112747 12154.872213 145.925735
9345.112747 12154.872213 149.163925
9395.112747 12154.872213 151.965088
9445.112747 12154.872213 154.279861
9495.112747 12154.872213 156.014023
9545.112747 12154.872213 157.120316
9595.112747 12154.872213 157.602158
9645.112747 12154.872213 157.480042
9695.112747 12154.872213 156.831314
9745.112747 12154.872213 155.688675
9795.112747 12154.872213 154.070343
9845.112747 12154.872213 151.973602
9895.112747 12154.872213 149.438873
9945.112747 12154.872213 146.510147
9995.112747 12154.872213 143.204529
10045.112747 12154.872213 139.598602
10095.112747 12154.872213 135.743530
10145.112747 12154.872213 131.671555
10195.112747 12154.872213 127.386314
10245.112747 12154.872213 122.840759
10295.112747 12154.872213 117.989624
10345.112747 12154.872213 112.856247
10395.112747 12154.872213 107.475433
10445.112747 12154.872213 101.909485
10495.112747 12154.872213 96.263947
10545.112747 12154.872213 90.653534
10595.112747 12154.872213 85.070961
10645.112747 12154.872213 79.549644
10695.112747 12154.872213 74.094063
10745.112747 12154.872213 68.776001
10795.112747 12154.872213 63.688675
10845.112747 12154.872213 58.889412
10895.112747 12154.872213 54.424259
10945.112747 12154.872213 50.309216
10995.112747 12154.872213 46.540520
11045.112747 12154.872213 43.139862
11095.112747 12154.872213 40.128788
11145.112747 12154.872213 37.523804
11195.112747 12154.872213 35.293774
11245.112747 12154.872213 33.383270
11295.112747 12154.872213 31.688263
11345.112747 12154.872213 30.158257
11395.112747 12154.872213 28.673950
11445.112747 12154.872213 27.209612
11495.112747 12154.872213 25.801022
11545.112747 12154.872213 24.502960
11595.112747 12154.872213 23.293652
11645.112747 12154.872213 22.218510
11695.112747 12154.872213 21.269121
11745.112747 12154.872213 20.503122
11795.112747 12154.872213 19.885315
11845.112747 12154.872213 19.350344
11895.112747 12154.872213 18.892668
11945.112747 12154.872213 18.501678
11995.112747 12154.872213 18.202126
12045.112747 12154.872213 18.002649
12095.112747 12154.872213 17.875160
12145.112747 12154.872213 17.764652
12195.112747 12154.872213 17.612295
12245.112747 12154.872213 17.423346
12295.112747 12154.872213 17.165987
12345.112747 12154.872213 16.831507
12395.112747 12154.872213 16.382101
12445.112747 12154.872213 15.832902
12495.112747 12154.872213 15.173941
12545.112747 12154.872213 14.392022
12595.112747 12154.872213 13.441473
12645.112747 12154.872213 12.304418
12695.112747 12154.872213 11.032924
12745.112747 12154.872213 9.578015
12795.112747 12154.872213 7.963264
12845.112747 12154.872213 6.223709
12895.112747 12154.872213 4.422202
12945.112747 12154.872213 2.592204
12995.112747 12154.872213 0.797555
13045.112747 12154.872213 -0.924696
13095.112747 12154.872213 -2.597336
13145.112747 12154.872213 -4.148041
13195.112747 12154.872213 -5.520885
13245.112747 12154.872213 -6.618050
13295.112747 12154.872213 -7.427874
13345.112747 12154.872213 -7.923129
13395.112747 12154.872213 -8.077317
13445.112747 12154.872213 -7.875466
13495.112747 12154.872213 -7.354678
13545.112747 12154.872213 -6.566438
13595.112747 12154.872213 -5.555966
13645.112747 12154.872213 -4.368519
13695.112747 12154.872213 -3.022379
13745.112747 12154.872213 -1.488841
13795.112747 12154.872213 0.208807
13845.112747 12154.872213 2.066873
13895.112747 12154.872213 4.062940
13945.112747 12154.872213 6.191235
13995.112747 12154.872213 8.398438
6545.112747 12204.872213 72.654228
6595.112747 12204.872213 75.116165
6645.112747 12204.872213 77.552193
6695.112747 12204.872213 79.909492
6745.112747 12204.872213 82.179207
6795.112747 12204.872213 84.365776
6845.112747 12204.872213 86.464645
6895.112747 12204.872213 88.458595
6945.112747 12204.872213 90.345352
6995.112747 12204.872213 92.026657
7045.112747 12204.872213 93.441368
7095.112747 12204.872213 94.568245
7145.112747 12204.872213 95.452705
7195.112747 12204.872213 96.111450
7245.112747 12204.872213 96.552689
7295.112747 12204.872213 96.768921
7345.112747 12204.872213 96.758446
7395.112747 12204.872213 96.463249
7445.112747 12204.872213 95.903221
7495.112747 12204.872213 95.112419
7545.112747 12204.872213 94.174828
7595.112747 12204.872213 93.147675
7645.112747 12204.872213 92.069038
7695.112747 12204.872213 90.936646
7745.112747 12204.872213 89.816681
7795.112747 12204.872213 88.749527
7845.112747 12204.872213 87.786247
7895.112747 12204.872213 86.941612
7945.112747 12204.872213 86.199944
7995.112747 12204.872213 85.586380
8045.112747 12204.872213 85.173996
8095.112747 12204.872213 84.968086
8145.112747 12204.872213 84.942436
8195.112747 12204.872213 85.097809
8245.112747 12204.872213 85.408707
8295.112747 12204.872213 85.856697
8345.112747 12204.872213 86.484261
8395.112747 12204.872213 87.349899
8445.112747 12204.872213 88.471405
8495.112747 12204.872213 89.895607
8545.112747 12204.872213 91.621956
8595.112747 12204.872213 93.681282
8645.112747 12204.872213 96.041290
8695.112747 12204.872213 98.712189
8745.112747 12204.872213 101.604179
8795.112747 12204.872213 104.722618
8845.112747 12204.872213 108.012161
8895.112747 12204.872213 111.479652
8945.112747 12204.872213 115.004181
8995.112747 12204.872213 118.571419
9045.112747 12204.872213 122.180557
9095.112747 12204.872213 125.864014
9145.112747 12204.872213 129.549942
9195.112747 12204.872213 133.201294
9245.112747 12204.872213 136.689560
9295.112747 12204.872213 139.933517
9345.112747 12204.872213 142.817596
9395.112747 12204.872213 145.267868
9445.112747 12204.872213 147.207550
9495.112747 12204.872213 148.591202
9545.112747 12204.872213 149.352417
9595.112747 12204.872213 149.537338
9645.112747 12204.872213 149.188904
9695.112747 12204.872213 148.377762
9745.112747 12204.872213 147.153580
9795.112747 12204.872213 145.503082
9845.112747 12204.872213 143.442825
9895.112747 12204.872213 141.012390
9945.112747 12204.872213 138.179855
9995.112747 12204.872213 134.985229
10045.112747 12204.872213 131.478912
10095.112747 12204.872213 127.747940
10145.112747 12204.872213 123.828674
10195.112747 12204.872213 119.682358
10245.112747 12204.872213 115.254738
10295.112747 12204.872213 110.538742
10345.112747 12204.872213 105.550880
10395.112747 12204.872213 100.343277
10445.112747 12204.872213 94.957893
10495.112747 12204.872213 89.479202
10545.112747 12204.872213 84.000549
10595.112747 12204.872213 78.562859
10645.112747 12204.872213 73.210953
10695.112747 12204.872213 67.959946
10745.112747 12204.872213 62.851246
10795.112747 12204.872213 57.959179
10845.112747 12204.872213 53.373917
10895.112747 12204.872213 49.131653
10945.112747 12204.872213 45.266430
10995.112747 12204.872213 41.775318
11045.112747 12204.872213 38.617149
11095.112747 12204.872213 35.832413
11145.112747 12204.872213 33.429234
11195.112747 12204.872213 31.418209
11245.112747 12204.872213 29.752600
11295.112747 12204.872213 28.343422
11345.112747 12204.872213 27.070404
11395.112747 12204.872213 25.878826
11445.112747 12204.872213 24.719267
11495.112747 12204.872213 23.621685
11545.112747 12204.872213 22.588314
11595.112747 12204.872213 21.640583
11645.112747 12204.872213 20.757698
11695.112747 12204.872213 19.979927
11745.112747 12204.872213 19.318918
11795.112747 12204.872213 18.772633
11845.112747 12204.872213 18.301193
11895.112747 12204.872213 17.917393
11945.112747 12204.872213 17.617613
11995.112747 12204.872213 17.405428
12045.112747 12204.872213 17.292372
12095.112747 12204.872213 17.279383
12145.112747 12204.872213 17.300388
12195.112747 12204.872213 17.320425
12245.112747 12204.872213 17.263273
12295.112747 12204.872213 17.142557
12345.112747 12204.872213 16.864241
12395.112747 12204.872213 16.461775
12445.112747 12204.872213 15.897691
12495.112747 12204.872213 15.176140
12545.112747 12204.872213 14.254382
12595.112747 12204.872213 13.142962
12645.112747 12204.872213 11.848169
12695.112747 12204.872213 10.412606
12745.112747 12204.872213 8.854748
12795.112747 12204.872213 7.167022
12845.112747 12204.872213 5.401736
12895.112747 12204.872213 3.587361
12945.112747 12204.872213 1.779211
12995.112747 12204.872213 0.039078
13045.112747 12204.872213 -1.607296
13095.112747 12204.872213 -3.190149
13145.112747 12204.872213 -4.658490
13195.112747 12204.872213 -5.941204
13245.112747 12204.872213 -6.975914
13295.112747 12204.872213 -7.725135
13345.112747 12204.872213 -8.162232
13395.112747 12204.872213 -8.286757
13445.112747 12204.872213 -8.041772
13495.112747 12204.872213 -7.480953
13545.112747 12204.872213 -6.647421
13595.112747 12204.872213 -5.605102
13645.112747 12204.872213 -4.386713
13695.112747 12204.872213 -3.057388
13745.112747 12204.872213 -1.617272
13795.112747 12204.872213 -0.032759
13845.112747 12204.872213 1.677450
13895.112747 12204.872213 3.521317
13945.112747 12204.872213 5.488329
13995.112747 12204.872213 7.540737
6545.112747 12254.872213 70.787231
6595.112747 12254.872213 73.040604
6645.112747 12254.872213 75.260681
6695.112747 12254.872213 77.397942
6745.112747 12254.872213 79.448296
6795.112747 12254.872213 81.477394
6845.112747 12254.872213 83.420479
6895.112747 12254.872213 85.273766
6945.112747 12254.872213 87.008331
6995.112747 12254.872213 88.551903
7045.112747 12254.872213 89.834579
7095.112747 12254.872213 90.861687
7145.112747 12254.872213 91.678444
7195.112747 12254.872213 92.278313
7245.112747 12254.872213 92.656731
7295.112747 12254.872213 92.797546
7345.112747 12254.872213 92.677567
7395.112747 12254.872213 92.306175
7445.112747 12254.872213 91.683357
7495.112747 12254.872213 90.852303
7545.112747 12254.872213 89.872795
7595.112747 12254.872213 88.843582
7645.112747 12254.872213 87.741600
7695.112747 12254.872213 86.608452
7745.112747 12254.872213 85.474174
7795.112747 12254.872213 84.398941
7845.112747 12254.872213 83.416191
7895.112747 12254.872213 82.569572
7945.112747 12254.872213 81.866646
7995.112747 12254.872213 81.337227
8045.112747 12254.872213 80.982620
8095.112747 12254.872213 80.823753
8145.112747 12254.872213 80.878822
8195.112747 12254.872213 81.162308
8245.112747 12254.872213 81.634201
8295.112747 12254.872213 82.243652
8345.112747 12254.872213 83.006859
8395.112747 12254.872213 83.947052
8445.112747 12254.872213 85.114891
8495.112747 12254.872213 86.526108
8545.112747 12254.872213 88.216476
8595.112747 12254.872213 90.187416
8645.112747 12254.872213 92.467140
8695.112747 12254.872213 95.025932
8745.112747 12254.872213 97.882431
8795.112747 12254.872213 100.949486
8845.112747 12254.872213 104.188217
8895.112747 12254.872213 107.503098
8945.112747 12254.872213 110.888123
8995.112747 12254.872213 114.288582
9045.112747 12254.872213 117.699463
9095.112747 12254.872213 121.087212
9145.112747 12254.872213 124.472183
9195.112747 12254.872213 127.783684
9245.112747 12254.872213 130.933838
9295.112747 12254.872213 133.790741
9345.112747 12254.872213 136.286194
9395.112747 12254.872213 138.363266
9445.112747 12254.872213 139.986191
9495.112747 12254.872213 141.025391
9545.112747 12254.872213 141.516785
9595.112747 12254.872213 141.451965
9645.112747 12254.872213 140.922806
9695.112747 12254.872213 139.971191
9745.112747 12254.872213 138.641922
9795.112747 12254.872213 136.937271
9845.112747 12254.872213 134.908859
9895.112747 12254.872213 132.509384
9945.112747 12254.872213 129.744614
9995.112747 12254.872213 126.636337
10045.112747 12254.872213 123.224762
10095.112747 12254.872213 119.591881
10145.112747 12254.872213 115.724426
10195.112747 12254.872213 111.625328
10245.112747 12254.872213 107.272255
10295.112747 12254.872213 102.655823
10345.112747 12254.872213 97.797707
10395.112747 12254.872213 92.742905
10445.112747 12254.872213 87.539398
10495.112747 12254.872213 82.227135
10545.112747 12254.872213 76.870430
10595.112747 12254.872213 71.570480
10645.112747 12254.872213 66.380264
10695.112747 12254.872213 61.325779
10745.112747 12254.872213 56.436337
10795.112747 12254.872213 51.754047
10845.112747 12254.872213 47.366360
10895.112747 12254.872213 43.326729
10945.112747 12254.872213 39.670521
10995.112747 12254.872213 36.400051
11045.112747 12254.872213 33.485569
11095.112747 12254.872213 30.935516
11145.112747 12254.872213 28.733625
11195.112747 12254.872213 26.925436
11245.112747 12254.872213 25.457041
11295.112747 12254.872213 24.235428
11345.112747 12254.872213 23.191818
11395.112747 12254.872213 22.239702
11445.112747 12254.872213 21.367250
11495.112747 12254.872213 20.571417
11545.112747 12254.872213 19.822756
11595.112747 12254.872213 19.128260
11645.112747 12254.872213 18.498457
11695.112747 12254.872213 17.902487
11745.112747 12254.872213 17.367607
11795.112747 12254.872213 16.908920
11845.112747 12254.872213 16.528713
11895.112747 12254.872213 16.237322
11945.112747 12254.872213 16.063786
11995.112747 12254.872213 15.983259
12045.112747 12254.872213 16.008314
12095.112747 12254.872213 16.117540
12145.112747 12254.872213 16.301767
12195.112747 12254.872213 16.478722
12245.112747 12254.872213 16.627337
12295.112747 12254.872213 16.622002
12345.112747 12254.872213 16.473629
12395.112747 12254.872213 16.114782
12445.112747 12254.872213 15.551887
12495.112747 12254.872213 14.750592
12545.112747 12254.872213 13.736156
12595.112747 12254.872213 12.490702
12645.112747 12254.872213 11.060313
12695.112747 12254.872213 9.478852
12745.112747 12254.872213 7.809028
12795.112747 12254.872213 6.081165
12845.112747 12254.872213 4.320432
12895.112747 12254.872213 2.576634
12945.112747 12254.872213 0.876202
12995.112747 12254.872213 -0.740900
13045.112747 12254.872213 -2.275605
13095.112747 12254.872213 -3.720844
13145.112747 12254.872213 -5.024281
13195.112747 12254.872213 -6.150521
13245.112747 12254.872213 -7.086080
13295.112747 12254.872213 -7.770769
13345.112747 12254.872213 -8.159960
13395.112747 12254.872213 -8.218198
13445.112747 12254.872213 -7.973937
13495.112747 12254.872213 -7.410103
13545.112747 12254.872213 -6.590802
13595.112747 12254.872213 -5.552858
13645.112747 12254.872213 -4.366261
13695.112747 12254.872213 -3.074543
13745.112747 12254.872213 -1.714538
13795.112747 12254.872213 -0.271267
13845.112747 12254.872213 1.297284
13895.112747 12254.872213 2.959970
13945.112747 12254.872213 4.682227
13995.112747 12254.872213 6.453341
6545.112747 12304.872213 69.045616
6595.112747 12304.872213 70.996109
6645.112747 12304.872213 72.904510
6695.112747 12304.872213 74.782082
6745.112747 12304.872213 76.624321
6795.112747 12304.872213 78.449593
6845.112747 12304.872213 80.237350
6895.112747 12304.872213 81.902412
6945.112747 12304.872213 83.427361
6995.112747 12304.872213 84.775864
7045.112747 12304.872213 85.916237
7095.112747 12304.872213 86.842804
7145.112747 12304.872213 87.606575
7195.112747 12304.872213 88.187241
7245.112747 12304.872213 88.496574
7295.112747 12304.872213 88.511269
7345.112747 12304.872213 88.274384
7395.112747 12304.872213 87.828552
7445.112747 12304.872213 87.181160
7495.112747 12304.872213 86.374603
7545.112747 12304.872213 85.462265
7595.112747 12304.872213 84.459061
7645.112747 12304.872213 83.390106
7695.112747 12304.872213 82.281395
7745.112747 12304.872213 81.185905
7795.112747 12304.872213 80.116768
7845.112747 12304.872213 79.138580
7895.112747 12304.872213 78.263885
7945.112747 12304.872213 77.559166
7995.112747 12304.872213 77.067238
8045.112747 12304.872213 76.772003
8095.112747 12304.872213 76.672348
8145.112747 12304.872213 76.800804
8195.112747 12304.872213 77.180061
8245.112747 12304.872213 77.755524
8295.112747 12304.872213 78.523842
8345.112747 12304.872213 79.424370
8395.112747 12304.872213 80.479294
8445.112747 12304.872213 81.709671
8495.112747 12304.872213 83.169403
8545.112747 12304.872213 84.844582
8595.112747 12304.872213 86.773827
8645.112747 12304.872213 88.969414
8695.112747 12304.872213 91.455872
8745.112747 12304.872213 94.212036
8795.112747 12304.872213 97.187317
8845.112747 12304.872213 100.304085
8895.112747 12304.872213 103.503471
8945.112747 12304.872213 106.748459
8995.112747 12304.872213 110.021873
9045.112747 12304.872213 113.227585
9095.112747 12304.872213 116.350212
9145.112747 12304.872213 119.398033
9195.112747 12304.872213 122.338448
9245.112747 12304.872213 125.072189
9295.112747 12304.872213 127.494469
9345.112747 12304.872213 129.589600
9395.112747 12304.872213 131.309158
9445.112747 12304.872213 132.593384
9495.112747 12304.872213 133.364563
9545.112747 12304.872213 133.626862
9595.112747 12304.872213 133.428711
9645.112747 12304.872213 132.762527
9695.112747 12304.872213 131.700027
9745.112747 12304.872213 130.259399
9795.112747 12304.872213 128.504425
9845.112747 12304.872213 126.431808
9895.112747 12304.872213 124.013336
9945.112747 12304.872213 121.265648
9995.112747 12304.872213 118.186790
10045.112747 12304.872213 114.832718
10095.112747 12304.872213 111.207901
10145.112747 12304.872213 107.355331
10195.112747 12304.872213 103.253700
10245.112747 12304.872213 98.947891
10295.112747 12304.872213 94.434105
10345.112747 12304.872213 89.707420
10395.112747 12304.872213 84.781860
10445.112747 12304.872213 79.723137
10495.112747 12304.872213 74.565704
10545.112747 12304.872213 69.378403
10595.112747 12304.872213 64.211998
10645.112747 12304.872213 59.166580
10695.112747 12304.872213 54.283714
10745.112747 12304.872213 49.593838
10795.112747 12304.872213 45.123493
10845.112747 12304.872213 40.919094
10895.112747 12304.872213 37.068089
10945.112747 12304.872213 33.595028
10995.112747 12304.872213 30.535063
11045.112747 12304.872213 27.853287
11095.112747 12304.872213 25.533457
11145.112747 12304.872213 23.563465
11195.112747 12304.872213 21.921190
11245.112747 12304.872213 20.596315
11295.112747 12304.872213 19.518791
11345.112747 12304.872213 18.626852
11395.112747 12304.872213 17.885555
11445.112747 12304.872213 17.249943
11495.112747 12304.872213 16.727264
11545.112747 12304.872213 16.261080
11595.112747 12304.872213 15.833628
11645.112747 12304.872213 15.423081
11695.112747 12304.872213 15.041366
11745.112747 12304.872213 14.674562
11795.112747 12304.872213 14.371348
11845.112747 12304.872213 14.127397
11895.112747 12304.872213 13.984487
11945.112747 12304.872213 13.940706
11995.112747 12304.872213 14.028114
12045.112747 12304.872213 14.203247
12095.112747 12304.872213 14.473484
12145.112747 12304.872213 14.813203
12195.112747 12304.872213 15.189496
12245.112747 12304.872213 15.503564
12295.112747 12304.872213 15.676235
12345.112747 12304.872213 15.629606
12395.112747 12304.872213 15.350048
12445.112747 12304.872213 14.802531
12495.112747 12304.872213 13.979375
12545.112747 12304.872213 12.858336
12595.112747 12304.872213 11.521790
12645.112747 12304.872213 9.999575
12695.112747 12304.872213 8.326517
12745.112747 12304.872213 6.559369
12795.112747 12304.872213 4.807647
12845.112747 12304.872213 3.117581
12895.112747 12304.872213 1.495622
12945.112747 12304.872213 -0.064944
12995.112747 12304.872213 -1.548486
13045.112747 12304.872213 -2.932091
13095.112747 12304.872213 -4.169762
13145.112747 12304.872213 -5.257519
13195.112747 12304.872213 -6.192046
13245.112747 12304.872213 -6.989605
13295.112747 12304.872213 -7.581791
13345.112747 12304.872213 -7.915493
13395.112747 12304.872213 -7.932664
13445.112747 12304.872213 -7.661333
13495.112747 12304.872213 -7.133005
13545.112747 12304.872213 -6.368999
13595.112747 12304.872213 -5.412246
13645.112747 12304.872213 -4.308953
13695.112747 12304.872213 -3.085167
13745.112747 12304.872213 -1.814926
13795.112747 12304.872213 -0.497616
13845.112747 12304.872213 0.880748
13895.112747 12304.872213 2.322112
13945.112747 12304.872213 3.784680
13995.112747 12304.872213 5.231981
6545.112747 12354.872213 67.412186
6595.112747 12354.872213 68.953987
6645.112747 12354.872213 70.518776
6695.112747 12354.872213 72.101776
6745.112747 12354.872213 73.706512
6795.112747 12354.872213 75.312782
6845.112747 12354.872213 76.871704
6895.112747 12354.872213 78.324219
6945.112747 12354.872213 79.595848
6995.112747 12354.872213 80.703888
7045.112747 12354.872213 81.673790
7095.112747 12354.872213 82.510048
7145.112747 12354.872213 83.185028
7195.112747 12354.872213 83.671326
7245.112747 12354.872213 83.891335
7295.112747 12354.872213 83.834007
7345.112747 12354.872213 83.538261
7395.112747 12354.872213 83.047058
7445.112747 12354.872213 82.435280
7495.112747 12354.872213 81.712189
7545.112747 12354.872213 80.908714
7595.112747 12354.872213 79.984749
7645.112747 12354.872213 78.976067
7695.112747 12354.872213 77.918381
7745.112747 12354.872213 76.872231
7795.112747 12354.872213 75.861946
7845.112747 12354.872213 74.887657
7895.112747 12354.872213 74.010979
7945.112747 12354.872213 73.294487
7995.112747 12354.872213 72.814087
8045.112747 12354.872213 72.572098
8095.112747 12354.872213 72.543999
8145.112747 12354.872213 72.742065
8195.112747 12354.872213 73.160812
8245.112747 12354.872213 73.835953
8295.112747 12354.872213 74.716827
8345.112747 12354.872213 75.759560
8395.112747 12354.872213 76.924263
8445.112747 12354.872213 78.235153
8495.112747 12354.872213 79.721054
8545.112747 12354.872213 81.436409
8595.112747 12354.872213 83.364426
8645.112747 12354.872213 85.533821
8695.112747 12354.872213 87.961990
8745.112747 12354.872213 90.612770
8795.112747 12354.872213 93.451546
8845.112747 12354.872213 96.434746
8895.112747 12354.872213 99.494865
8945.112747 12354.872213 102.627083
8995.112747 12354.872213 105.739128
9045.112747 12354.872213 108.756020
9095.112747 12354.872213 111.611038
9145.112747 12354.872213 114.338684
9195.112747 12354.872213 116.860847
9245.112747 12354.872213 119.138878
9295.112747 12354.872213 121.138504
9345.112747 12354.872213 122.824097
9395.112747 12354.872213 124.179947
9445.112747 12354.872213 125.126831
9495.112747 12354.872213 125.658821
9545.112747 12354.872213 125.771675
9595.112747 12354.872213 125.458092
9645.112747 12354.872213 124.726128
9695.112747 12354.872213 123.572571
9745.112747 12354.872213 122.045662
9795.112747 12354.872213 120.204849
9845.112747 12354.872213 118.059433
9895.112747 12354.872213 115.591667
9945.112747 12354.872213 112.798576
9995.112747 12354.872213 109.717094
10045.112747 12354.872213 106.325500
10095.112747 12354.872213 102.670906
10145.112747 12354.872213 98.771164
10195.112747 12354.872213 94.659317
10245.112747 12354.872213 90.372314
10295.112747 12354.872213 85.921112
10345.112747 12354.872213 81.294029
10395.112747 12354.872213 76.505898
10445.112747 12354.872213 71.586525
10495.112747 12354.872213 66.593246
10545.112747 12354.872213 61.551613
10595.112747 12354.872213 56.551418
10645.112747 12354.872213 51.638008
10695.112747 12354.872213 46.906231
10745.112747 12354.872213 42.399376
10795.112747 12354.872213 38.125599
10845.112747 12354.872213 34.113693
10895.112747 12354.872213 30.438120
10945.112747 12354.872213 27.175953
10995.112747 12354.872213 24.297901
11045.112747 12354.872213 21.828403
11095.112747 12354.872213 19.721647
11145.112747 12354.872213 17.958073
11195.112747 12354.872213 16.472004
11245.112747 12354.872213 15.249266
11295.112747 12354.872213 14.262618
11345.112747 12354.872213 13.506926
11395.112747 12354.872213 12.924262
11445.112747 12354.872213 12.527139
11495.112747 12354.872213 12.226904
11545.112747 12354.872213 12.013647
11595.112747 12354.872213 11.827293
11645.112747 12354.872213 11.654322
11695.112747 12354.872213 11.499617
11745.112747 12354.872213 11.372704
11795.112747 12354.872213 11.258651
11845.112747 12354.872213 11.209919
11895.112747 12354.872213 11.240410
11945.112747 12354.872213 11.385426
11995.112747 12354.872213 11.630967
12045.112747 12354.872213 11.971317
12095.112747 12354.872213 12.404765
12145.112747 12354.872213 12.932175
12195.112747 12354.872213 13.498967
12245.112747 12354.872213 13.978826
12295.112747 12354.872213 14.282784
12345.112747 12354.872213 14.348966
12395.112747 12354.872213 14.141573
12445.112747 12354.872213 13.632149
12495.112747 12354.872213 12.794324
12545.112747 12354.872213 11.679088
12595.112747 12354.872213 10.291113
12645.112747 12354.872213 8.716805
12695.112747 12354.872213 6.990490
12745.112747 12354.872213 5.230062
12795.112747 12354.872213 3.504379
12845.112747 12354.872213 1.900001
12895.112747 12354.872213 0.400693
12945.112747 12354.872213 -1.006770
12995.112747 12354.872213 -2.320133
13045.112747 12354.872213 -3.510304
13095.112747 12354.872213 -4.525552
13145.112747 12354.872213 -5.384608
13195.112747 12354.872213 -6.127532
13245.112747 12354.872213 -6.754593
13295.112747 12354.872213 -7.196746
13345.112747 12354.872213 -7.443597
13395.112747 12354.872213 -7.424753
13445.112747 12354.872213 -7.151196
13495.112747 12354.872213 -6.669627
13545.112747 12354.872213 -6.007006
13595.112747 12354.872213 -5.155563
13645.112747 12354.872213 -4.169490
13695.112747 12354.872213 -3.085187
13745.112747 12354.872213 -1.938587
13795.112747 12354.872213 -0.784022
13845.112747 12354.872213 0.382186
13895.112747 12354.872213 1.598806
13945.112747 12354.872213 2.789716
13995.112747 12354.872213 3.947880
6545.112747 12404.872213 65.673225
6595.112747 12404.872213 66.854950
6645.112747 12404.872213 68.072639
6695.112747 12404.872213 69.353790
6745.112747 12404.872213 70.684029
6795.112747 12404.872213 72.006729
6845.112747 12404.872213 73.294228
6895.112747 12404.872213 74.476242
6945.112747 12404.872213 75.482224
6995.112747 12404.872213 76.359573
7045.112747 12404.872213 77.135742
7095.112747 12404.872213 77.827438
7145.112747 12404.872213 78.351349
7195.112747 12404.872213 78.688057
7245.112747 12404.872213 78.823967
7295.112747 12404.872213 78.750626
7345.112747 12404.872213 78.465439
7395.112747 12404.872213 78.033234
7445.112747 12404.872213 77.481796
7495.112747 12404.872213 76.873329
7545.112747 12404.872213 76.168037
7595.112747 12404.872213 75.353157
7645.112747 12404.872213 74.423767
7695.112747 12404.872213 73.469292
7745.112747 12404.872213 72.490631
7795.112747 12404.872213 71.527061
7845.112747 12404.872213 70.602440
7895.112747 12404.872213 69.771736
7945.112747 12404.872213 69.104408
7995.112747 12404.872213 68.651031
8045.112747 12404.872213 68.445129
8095.112747 12404.872213 68.452934
8145.112747 12404.872213 68.676552
8195.112747 12404.872213 69.138504
8245.112747 12404.872213 69.847107
8295.112747 12404.872213 70.807861
8345.112747 12404.872213 71.945557
8395.112747 12404.872213 73.228157
8445.112747 12404.872213 74.621063
8495.112747 12404.872213 76.175514
8545.112747 12404.872213 77.921959
8595.112747 12404.872213 79.873512
8645.112747 12404.872213 82.055573
8695.112747 12404.872213 84.448006
8745.112747 12404.872213 87.016167
8795.112747 12404.872213 89.745178
8845.112747 12404.872213 92.591743
8895.112747 12404.872213 95.552361
8945.112747 12404.872213 98.520096
8995.112747 12404.872213 101.438225
9045.112747 12404.872213 104.224541
9095.112747 12404.872213 106.866692
9145.112747 12404.872213 109.252907
9195.112747 12404.872213 111.378273
9245.112747 12404.872213 113.221802
9295.112747 12404.872213 114.818733
9345.112747 12404.872213 116.128441
9395.112747 12404.872213 117.113556
9445.112747 12404.872213 117.731560
9495.112747 12404.872213 118.048355
9545.112747 12404.872213 118.017494
9595.112747 12404.872213 117.606522
9645.112747 12404.872213 116.788254
9695.112747 12404.872213 115.568115
9745.112747 12404.872213 113.975464
9795.112747 12404.872213 112.051598
9845.112747 12404.872213 109.808563
9895.112747 12404.872213 107.252998
9945.112747 12404.872213 104.405426
9995.112747 12404.872213 101.239700
10045.112747 12404.872213 97.811340
10095.112747 12404.872213 94.087997
10145.112747 12404.872213 90.114960
10195.112747 12404.872213 85.945923
10245.112747 12404.872213 81.630257
10295.112747 12404.872213 77.202805
10345.112747 12404.872213 72.669449
10395.112747 12404.872213 68.002663
10445.112747 12404.872213 63.227478
10495.112747 12404.872213 58.365620
10545.112747 12404.872213 53.483528
10595.112747 12404.872213 48.630104
10645.112747 12404.872213 43.872154
10695.112747 12404.872213 39.290691
10745.112747 12404.872213 34.941055
10795.112747 12404.872213 30.858099
10845.112747 12404.872213 27.057833
10895.112747 12404.872213 23.588564
10945.112747 12404.872213 20.495646
10995.112747 12404.872213 17.795006
11045.112747 12404.872213 15.494747
11095.112747 12404.872213 13.561605
11145.112747 12404.872213 11.933336
11195.112747 12404.872213 10.569530
11245.112747 12404.872213 9.430902
11295.112747 12404.872213 8.552326
11345.112747 12404.872213 7.914009
11395.112747 12404.872213 7.522010
11445.112747 12404.872213 7.316714
11495.112747 12404.872213 7.216795
11545.112747 12404.872213 7.214608
11595.112747 12404.872213 7.263792
11645.112747 12404.872213 7.341229
11695.112747 12404.872213 7.423291
11745.112747 12404.872213 7.536650
11795.112747 12404.872213 7.664453
11845.112747 12404.872213 7.845169
11895.112747 12404.872213 8.091470
11945.112747 12404.872213 8.452147
11995.112747 12404.872213 8.907500
12045.112747 12404.872213 9.450357
12095.112747 12404.872213 10.053886
12145.112747 12404.872213 10.737329
12195.112747 12404.872213 11.430076
12245.112747 12404.872213 12.031671
12295.112747 12404.872213 12.456330
12345.112747 12404.872213 12.621678
12395.112747 12404.872213 12.477461
12445.112747 12404.872213 12.022303
12495.112747 12404.872213 11.238203
12545.112747 12404.872213 10.166446
12595.112747 12404.872213 8.837453
12645.112747 12404.872213 7.272879
12695.112747 12404.872213 5.582341
12745.112747 12404.872213 3.876514
12795.112747 12404.872213 2.252261
12845.112747 12404.872213 0.727514
12895.112747 12404.872213 -0.639755
12945.112747 12404.872213 -1.868709
12995.112747 12404.872213 -2.998234
13045.112747 12404.872213 -3.956810
13095.112747 12404.872213 -4.753781
13145.112747 12404.872213 -5.425129
13195.112747 12404.872213 -5.995430
13245.112747 12404.872213 -6.403214
13295.112747 12404.872213 -6.670430
13345.112747 12404.872213 -6.781077
13395.112747 12404.872213 -6.732544
13445.112747 12404.872213 -6.484562
13495.112747 12404.872213 -6.072050
13545.112747 12404.872213 -5.500808
13595.112747 12404.872213 -4.793305
13645.112747 12404.872213 -3.959614
13695.112747 12404.872213 -3.062295
13745.112747 12404.872213 -2.117088
13795.112747 12404.872213 -1.151939
13845.112747 12404.872213 -0.177625
13895.112747 12404.872213 0.781917
13945.112747 12404.872213 1.721358
13995.112747 12404.872213 2.610873
6545.112747 12454.872213 63.675720
6595.112747 12454.872213 64.539360
6645.112747 12454.872213 65.447052
6695.112747 12454.872213 66.418831
6745.112747 12454.872213 67.422966
6795.112747 12454.872213 68.432220
6845.112747 12454.872213 69.400078
6895.112747 12454.872213 70.296364
6945.112747 12454.872213 71.078865
6995.112747 12454.872213 71.726227
7045.112747 12454.872213 72.301201
7095.112747 12454.872213 72.781540
7145.112747 12454.872213 73.136909
7195.112747 12454.872213 73.309013
7245.112747 12454.872213 73.365128
7295.112747 12454.872213 73.287888
7345.112747 12454.872213 73.065529
7395.112747 12454.872213 72.714989
7445.112747 12454.872213 72.288422
7495.112747 12454.872213 71.800758
7545.112747 12454.872213 71.201996
7595.112747 12454.872213 70.483421
7645.112747 12454.872213 69.693413
7695.112747 12454.872213 68.842148
7745.112747 12454.872213 67.981125
7795.112747 12454.872213 67.090950
7845.112747 12454.872213 66.244972
7895.112747 12454.872213 65.505478
7945.112747 12454.872213 64.933647
7995.112747 12454.872213 64.551750
8045.112747 12454.872213 64.366867
8095.112747 12454.872213 64.380959
8145.112747 12454.872213 64.617447
8195.112747 12454.872213 65.090080
8245.112747 12454.872213 65.817924
8295.112747 12454.872213 66.782249
8345.112747 12454.872213 67.979843
8395.112747 12454.872213 69.333290
8445.112747 12454.872213 70.838356
8495.112747 12454.872213 72.480698
8545.112747 12454.872213 74.305290
8595.112747 12454.872213 76.324608
8645.112747 12454.872213 78.525871
8695.112747 12454.872213 80.882767
8745.112747 12454.872213 83.385620
8795.112747 12454.872213 86.029953
8845.112747 12454.872213 88.778282
8895.112747 12454.872213 91.598427
8945.112747 12454.872213 94.406647
8995.112747 12454.872213 97.119377
9045.112747 12454.872213 99.717155
9095.112747 12454.872213 102.097244
9145.112747 12454.872213 104.175476
9195.112747 12454.872213 105.910522
9245.112747 12454.872213 107.371216
9295.112747 12454.872213 108.599182
9345.112747 12454.872213 109.569359
9395.112747 12454.872213 110.213730
9445.112747 12454.872213 110.580643
9495.112747 12454.872213 110.673317
9545.112747 12454.872213 110.485710
9595.112747 12454.872213 109.943199
9645.112747 12454.872213 109.018433
9695.112747 12454.872213 107.729179
9745.112747 12454.872213 106.054993
9795.112747 12454.872213 104.037697
9845.112747 12454.872213 101.685501
9895.112747 12454.872213 99.050797
9945.112747 12454.872213 96.084175
9995.112747 12454.872213 92.846703
10045.112747 12454.872213 89.312126
10095.112747 12454.872213 85.526871
10145.112747 12454.872213 81.483986
10195.112747 12454.872213 77.263847
10245.112747 12454.872213 72.887978
10295.112747 12454.872213 68.444496
10345.112747 12454.872213 63.917225
10395.112747 12454.872213 59.346767
10445.112747 12454.872213 54.696289
10495.112747 12454.872213 49.999100
10545.112747 12454.872213 45.258976
10595.112747 12454.872213 40.547073
10645.112747 12454.872213 35.943726
10695.112747 12454.872213 31.518267
10745.112747 12454.872213 27.323851
10795.112747 12454.872213 23.422892
10845.112747 12454.872213 19.821470
10895.112747 12454.872213 16.561029
10945.112747 12454.872213 13.631536
10995.112747 12454.872213 11.095826
11045.112747 12454.872213 8.926451
11095.112747 12454.872213 7.088490
11145.112747 12454.872213 5.549735
11195.112747 12454.872213 4.275714
11245.112747 12454.872213 3.252195
11295.112747 12454.872213 2.505743
11345.112747 12454.872213 2.005327
11395.112747 12454.872213 1.758129
11445.112747 12454.872213 1.709046
11495.112747 12454.872213 1.808053
11545.112747 12454.872213 1.988240
11595.112747 12454.872213 2.258694
11645.112747 12454.872213 2.578366
11695.112747 12454.872213 2.901776
11745.112747 12454.872213 3.247504
11795.112747 12454.872213 3.649608
11845.112747 12454.872213 4.098632
11895.112747 12454.872213 4.643424
11945.112747 12454.872213 5.249901
11995.112747 12454.872213 5.950597
12045.112747 12454.872213 6.679846
12095.112747 12454.872213 7.466220
12145.112747 12454.872213 8.252991
12195.112747 12454.872213 9.025865
12245.112747 12454.872213 9.707959
12295.112747 12454.872213 10.213586
12345.112747 12454.872213 10.447443
12395.112747 12454.872213 10.391558
12445.112747 12454.872213 10.023467
12495.112747 12454.872213 9.366817
12545.112747 12454.872213 8.399358
12595.112747 12454.872213 7.149272
12645.112747 12454.872213 5.689033
12695.112747 12454.872213 4.136992
12745.112747 12454.872213 2.581284
12795.112747 12454.872213 1.092860
12845.112747 12454.872213 -0.310887
12895.112747 12454.872213 -1.538808
12945.112747 12454.872213 -2.594020
12995.112747 12454.872213 -3.490617
13045.112747 12454.872213 -4.253222
13095.112747 12454.872213 -4.868393
13145.112747 12454.872213 -5.357422
13195.112747 12454.872213 -5.735039
13245.112747 12454.872213 -5.967090
13295.112747 12454.872213 -6.054906
13345.112747 12454.872213 -6.023393
13395.112747 12454.872213 -5.917347
13445.112747 12454.872213 -5.699296
13495.112747 12454.872213 -5.357210
13545.112747 12454.872213 -4.903585
13595.112747 12454.872213 -4.353868
13645.112747 12454.872213 -3.707113
13695.112747 12454.872213 -3.041951
13745.112747 12454.872213 -2.322248
13795.112747 12454.872213 -1.570537
13845.112747 12454.872213 -0.801524
13895.112747 12454.872213 -0.100017
13945.112747 12454.872213 0.572103
13995.112747 12454.872213 1.226712
6545.112747 12504.872213 61.243256
6595.112747 12504.872213 61.869762
6645.112747 12504.872213 62.514938
6695.112747 12504.872213 63.169758
6745.112747 12504.872213 63.848873
6795.112747 12504.872213 64.508034
6845.112747 12504.872213 65.156128
6895.112747 12504.872213 65.748375
6945.112747 12504.872213 66.273270
6995.112747 12504.872213 66.714661
7045.112747 12504.872213 67.075066
7095.112747 12504.872213 67.372528
7145.112747 12504.872213 67.544701
7195.112747 12504.872213 67.625694
7245.112747 12504.872213 67.614349
7295.112747 12504.872213 67.533363
7345.112747 12504.872213 67.356369
7395.112747 12504.872213 67.112633
7445.112747 12504.872213 66.811646
7495.112747 12504.872213 66.418694
7545.112747 12504.872213 65.927132
7595.112747 12504.872213 65.343437
7645.112747 12504.872213 64.678787
7695.112747 12504.872213 63.978249
7745.112747 12504.872213 63.245537
7795.112747 12504.872213 62.513214
7845.112747 12504.872213 61.795605
7895.112747 12504.872213 61.180557
7945.112747 12504.872213 60.708485
7995.112747 12504.872213 60.401978
8045.112747 12504.872213 60.252724
8095.112747 12504.872213 60.290119
8145.112747 12504.872213 60.545437
8195.112747 12504.872213 61.007610
8245.112747 12504.872213 61.713253
8295.112747 12504.872213 62.673908
8345.112747 12504.872213 63.872265
8395.112747 12504.872213 65.285072
8445.112747 12504.872213 66.887741
8495.112747 12504.872213 68.674179
8545.112747 12504.872213 70.613899
8595.112747 12504.872213 72.719673
8645.112747 12504.872213 74.947388
8695.112747 12504.872213 77.290840
8745.112747 12504.872213 79.754684
8795.112747 12504.872213 82.302345
8845.112747 12504.872213 84.931480
8895.112747 12504.872213 87.592773
8945.112747 12504.872213 90.217819
8995.112747 12504.872213 92.760902
9045.112747 12504.872213 95.148842
9095.112747 12504.872213 97.300369
9145.112747 12504.872213 99.083015
9195.112747 12504.872213 100.522171
9245.112747 12504.872213 101.670975
9295.112747 12504.872213 102.590843
9345.112747 12504.872213 103.247269
9395.112747 12504.872213 103.636909
9445.112747 12504.872213 103.744797
9495.112747 12504.872213 103.607559
9545.112747 12504.872213 103.212990
9595.112747 12504.872213 102.529129
9645.112747 12504.872213 101.507904
9695.112747 12504.872213 100.117584
9745.112747 12504.872213 98.365250
9795.112747 12504.872213 96.246788
9845.112747 12504.872213 93.788445
9895.112747 12504.872213 91.028717
9945.112747 12504.872213 87.942223
9995.112747 12504.872213 84.566895
10045.112747 12504.872213 80.935249
10095.112747 12504.872213 77.052277
10145.112747 12504.872213 72.963097
10195.112747 12504.872213 68.681183
10245.112747 12504.872213 64.260391
10295.112747 12504.872213 59.731522
10345.112747 12504.872213 55.176281
10395.112747 12504.872213 50.618065
10445.112747 12504.872213 46.071289
10495.112747 12504.872213 41.493603
10545.112747 12504.872213 36.896812
10595.112747 12504.872213 32.347961
10645.112747 12504.872213 27.913923
10695.112747 12504.872213 23.656887
10745.112747 12504.872213 19.619431
10795.112747 12504.872213 15.867683
10845.112747 12504.872213 12.459748
10895.112747 12504.872213 9.388864
10945.112747 12504.872213 6.661162
10995.112747 12504.872213 4.257335
11045.112747 12504.872213 2.181481
11095.112747 12504.872213 0.415610
11145.112747 12504.872213 -1.068687
11195.112747 12504.872213 -2.246864
11245.112747 12504.872213 -3.152132
11295.112747 12504.872213 -3.789091
11345.112747 12504.872213 -4.171822
11395.112747 12504.872213 -4.315933
11445.112747 12504.872213 -4.215048
11495.112747 12504.872213 -3.955310
11545.112747 12504.872213 -3.569742
11595.112747 12504.872213 -3.090453
11645.112747 12504.872213 -2.555628
11695.112747 12504.872213 -1.979627
11745.112747 12504.872213 -1.380044
11795.112747 12504.872213 -0.687473
11845.112747 12504.872213 0.103913
11895.112747 12504.872213 0.935901
11945.112747 12504.872213 1.824410
11995.112747 12504.872213 2.723697
12045.112747 12504.872213 3.680162
12095.112747 12504.872213 4.627552
12145.112747 12504.872213 5.526688
12195.112747 12504.872213 6.342902
12245.112747 12504.872213 7.065154
12295.112747 12504.872213 7.594899
12345.112747 12504.872213 7.903701
12395.112747 12504.872213 7.931123
12445.112747 12504.872213 7.694831
12495.112747 12504.872213 7.184014
12545.112747 12504.872213 6.357363
12595.112747 12504.872213 5.266023
12645.112747 12504.872213 4.004058
12695.112747 12504.872213 2.668819
12745.112747 12504.872213 1.336640
12795.112747 12504.872213 0.039263
12845.112747 12504.872213 -1.150948
12895.112747 12504.872213 -2.222281
12945.112747 12504.872213 -3.093771
12995.112747 12504.872213 -3.788927
13045.112747 12504.872213 -4.357712
13095.112747 12504.872213 -4.818701
13145.112747 12504.872213 -5.157678
13195.112747 12504.872213 -5.356576
13245.112747 12504.872213 -5.435991
13295.112747 12504.872213 -5.389727
13345.112747 12504.872213 -5.240790
13395.112747 12504.872213 -5.051912
13445.112747 12504.872213 -4.850269
13495.112747 12504.872213 -4.577240
13545.112747 12504.872213 -4.253446
13595.112747 12504.872213 -3.884341
13645.112747 12504.872213 -3.468490
13695.112747 12504.872213 -3.000318
13745.112747 12504.872213 -2.520525
13795.112747 12504.872213 -1.999400
13845.112747 12504.872213 -1.497229
13895.112747 12504.872213 -1.048062
13945.112747 12504.872213 -0.635898
13995.112747 12504.872213 -0.206431
6545.112747 12554.872213 58.160477
6595.112747 12554.872213 58.621201
6645.112747 12554.872213 59.066235
6695.112747 12554.872213 59.465256
6745.112747 12554.872213 59.813839
6795.112747 12554.872213 60.140789
6845.112747 12554.872213 60.442787
6895.112747 12554.872213 60.738125
6945.112747 12554.872213 61.018124
6995.112747 12554.872213 61.256413
7045.112747 12554.872213 61.470230
7095.112747 12554.872213 61.604866
7145.112747 12554.872213 61.677456
7195.112747 12554.872213 61.671471
7245.112747 12554.872213 61.611599
7295.112747 12554.872213 61.498100
7345.112747 12554.872213 61.368088
7395.112747 12554.872213 61.206264
7445.112747 12554.872213 60.979843
7495.112747 12554.872213 60.669949
7545.112747 12554.872213 60.285854
7595.112747 12554.872213 59.832714
7645.112747 12554.872213 59.344818
7695.112747 12554.872213 58.808601
7745.112747 12554.872213 58.261383
7795.112747 12554.872213 57.715939
7845.112747 12554.872213 57.180969
7895.112747 12554.872213 56.707077
7945.112747 12554.872213 56.340633
7995.112747 12554.872213 56.097942
8045.112747 12554.872213 55.994953
8095.112747 12554.872213 56.104122
8145.112747 12554.872213 56.392120
8195.112747 12554.872213 56.879726
8245.112747 12554.872213 57.580338
8295.112747 12554.872213 58.512817
8345.112747 12554.872213 59.696758
8395.112747 12554.872213 61.153843
8445.112747 12554.872213 62.861271
8495.112747 12554.872213 64.747101
8545.112747 12554.872213 66.798599
8595.112747 12554.872213 68.994560
8645.112747 12554.872213 71.283821
8695.112747 12554.872213 73.655937
8745.112747 12554.872213 76.084183
8795.112747 12554.872213 78.554527
8845.112747 12554.872213 81.045296
8895.112747 12554.872213 83.505447
8945.112747 12554.872213 85.934616
8995.112747 12554.872213 88.295586
9045.112747 12554.872213 90.498032
9095.112747 12554.872213 92.398430
9145.112747 12554.872213 93.981697
9195.112747 12554.872213 95.224304
9245.112747 12554.872213 96.194138
9295.112747 12554.872213 96.857437
9345.112747 12554.872213 97.267380
9395.112747 12554.872213 97.393059
9445.112747 12554.872213 97.280815
9495.112747 12554.872213 96.886986
9545.112747 12554.872213 96.254707
9595.112747 12554.872213 95.376732
9645.112747 12554.872213 94.247093
9695.112747 12554.872213 92.774673
9745.112747 12554.872213 90.938408
9795.112747 12554.872213 88.727661
9845.112747 12554.872213 86.173561
9895.112747 12554.872213 83.261131
9945.112747 12554.872213 80.075142
9995.112747 12554.872213 76.586914
10045.112747 12554.872213 72.834435
10095.112747 12554.872213 68.834373
10145.112747 12554.872213 64.645638
10195.112747 12554.872213 60.286343
10245.112747 12554.872213 55.798344
10295.112747 12554.872213 51.192020
10345.112747 12554.872213 46.572903
10395.112747 12554.872213 41.997082
10445.112747 12554.872213 37.470020
10495.112747 12554.872213 32.974514
10545.112747 12554.872213 28.532080
10595.112747 12554.872213 24.137724
10645.112747 12554.872213 19.871656
10695.112747 12554.872213 15.766192
10745.112747 12554.872213 11.892992
10795.112747 12554.872213 8.316106
10845.112747 12554.872213 5.091378
10895.112747 12554.872213 2.203462
10945.112747 12554.872213 -0.365936
10995.112747 12554.872213 -2.659384
11045.112747 12554.872213 -4.648270
11095.112747 12554.872213 -6.374121
11145.112747 12554.872213 -7.788672
11195.112747 12554.872213 -8.919401
11245.112747 12554.872213 -9.735619
11295.112747 12554.872213 -10.290565
11345.112747 12554.872213 -10.590740
11395.112747 12554.872213 -10.620756
11445.112747 12554.872213 -10.406096
11495.112747 12554.872213 -9.975532
11545.112747 12554.872213 -9.417257
11595.112747 12554.872213 -8.739185
11645.112747 12554.872213 -7.988249
11695.112747 12554.872213 -7.148245
11745.112747 12554.872213 -6.234691
11795.112747 12554.872213 -5.237296
11845.112747 12554.872213 -4.147581
11895.112747 12554.872213 -3.010898
11945.112747 12554.872213 -1.869619
11995.112747 12554.872213 -0.710330
12045.112747 12554.872213 0.443039
12095.112747 12554.872213 1.562128
12145.112747 12554.872213 2.564256
12195.112747 12554.872213 3.424182
12245.112747 12554.872213 4.134754
12295.112747 12554.872213 4.684077
12345.112747 12554.872213 5.040201
12395.112747 12554.872213 5.168735
12445.112747 12554.872213 5.054645
12495.112747 12554.872213 4.695123
12545.112747 12554.872213 4.079359
12595.112747 12554.872213 3.243623
12645.112747 12554.872213 2.265914
12695.112747 12554.872213 1.231996
12745.112747 12554.872213 0.162972
12795.112747 12554.872213 -0.872573
12845.112747 12554.872213 -1.822520
12895.112747 12554.872213 -2.651241
12945.112747 12554.872213 -3.344366
12995.112747 12554.872213 -3.856252
13045.112747 12554.872213 -4.272375
13095.112747 12554.872213 -4.592469
13145.112747 12554.872213 -4.789262
13195.112747 12554.872213 -4.846238
13245.112747 12554.872213 -4.820083
13295.112747 12554.872213 -4.678607
13345.112747 12554.872213 -4.453186
13395.112747 12554.872213 -4.210725
13445.112747 12554.872213 -4.000077
13495.112747 12554.872213 -3.818275
13545.112747 12554.872213 -3.616863
13595.112747 12554.872213 -3.414879
13645.112747 12554.872213 -3.216027
13695.112747 12554.872213 -2.973339
13745.112747 12554.872213 -2.703165
13795.112747 12554.872213 -2.435800
13845.112747 12554.872213 -2.219249
13895.112747 12554.872213 -2.041465
13945.112747 12554.872213 -1.877694
13995.112747 12554.872213 -1.691024
6545.112747 12604.872213 54.393909
6595.112747 12604.872213 54.691360
6645.112747 12604.872213 54.958599
6695.112747 12604.872213 55.129505
6745.112747 12604.872213 55.209602
6795.112747 12604.872213 55.222881
6845.112747 12604.872213 55.217228
6895.112747 12604.872213 55.225647
6945.112747 12604.872213 55.287540
6995.112747 12604.872213 55.377758
7045.112747 12604.872213 55.445690
7095.112747 12604.872213 55.464211
7145.112747 12604.872213 55.449688
7195.112747 12604.872213 55.390560
7245.112747 12604.872213 55.302193
7295.112747 12604.872213 55.181442
7345.112747 12604.872213 55.083317
7395.112747 12604.872213 54.957760
7445.112747 12604.872213 54.786030
7495.112747 12604.872213 54.528877
7545.112747 12604.872213 54.232643
7595.112747 12604.872213 53.924675
7645.112747 12604.872213 53.606983
7695.112747 12604.872213 53.282135
7745.112747 12604.872213 52.925072
7795.112747 12604.872213 52.571850
7845.112747 12604.872213 52.253784
7895.112747 12604.872213 51.975555
7945.112747 12604.872213 51.746418
7995.112747 12604.872213 51.586391
8045.112747 12604.872213 51.580971
8095.112747 12604.872213 51.761097
8145.112747 12604.872213 52.131260
8195.112747 12604.872213 52.680450
8245.112747 12604.872213 53.399399
8295.112747 12604.872213 54.333363
8345.112747 12604.872213 55.539326
8395.112747 12604.872213 57.043331
8445.112747 12604.872213 58.779129
8495.112747 12604.872213 60.739460
8545.112747 12604.872213 62.865269
8595.112747 12604.872213 65.124931
8645.112747 12604.872213 67.474861
8695.112747 12604.872213 69.869301
8745.112747 12604.872213 72.297409
8795.112747 12604.872213 74.695885
8845.112747 12604.872213 77.060493
8895.112747 12604.872213 79.364822
8945.112747 12604.872213 81.606552
8995.112747 12604.872213 83.755447
9045.112747 12604.872213 85.729668
9095.112747 12604.872213 87.445351
9145.112747 12604.872213 88.893600
9195.112747 12604.872213 90.053276
9245.112747 12604.872213 90.881439
9295.112747 12604.872213 91.372597
9345.112747 12604.872213 91.561493
9395.112747 12604.872213 91.482040
9445.112747 12604.872213 91.120369
9495.112747 12604.872213 90.512909
9545.112747 12604.872213 89.642967
9595.112747 12604.872213 88.600609
9645.112747 12604.872213 87.334122
9695.112747 12604.872213 85.749168
9745.112747 12604.872213 83.818977
9795.112747 12604.872213 81.518585
9845.112747 12604.872213 78.844955
9895.112747 12604.872213 75.840401
9945.112747 12604.872213 72.548775
9995.112747 12604.872213 68.965599
10045.112747 12604.872213 65.097549
10095.112747 12604.872213 60.988598
10145.112747 12604.872213 56.690975
10195.112747 12604.872213 52.230408
10245.112747 12604.872213 47.644775
10295.112747 12604.872213 42.984447
10345.112747 12604.872213 38.311714
10395.112747 12604.872213 33.675514
10445.112747 12604.872213 29.128000
10495.112747 12604.872213 24.684864
10545.112747 12604.872213 20.339825
10595.112747 12604.872213 16.104628
10645.112747 12604.872213 11.981535
10695.112747 12604.872213 8.033480
10745.112747 12604.872213 4.321607
10795.112747 12604.872213 0.906076
10845.112747 12604.872213 -2.166419
10895.112747 12604.872213 -4.927556
10945.112747 12604.872213 -7.397310
10995.112747 12604.872213 -9.596498
11045.112747 12604.872213 -11.539563
11095.112747 12604.872213 -13.198566
11145.112747 12604.872213 -14.581786
11195.112747 12604.872213 -15.665956
11245.112747 12604.872213 -16.441109
11295.112747 12604.872213 -16.937752
11345.112747 12604.872213 -17.136051
11395.112747 12604.872213 -17.069586
11445.112747 12604.872213 -16.750032
11495.112747 12604.872213 -16.190201
11545.112747 12604.872213 -15.439299
11595.112747 12604.872213 -14.582233
11645.112747 12604.872213 -13.602756
11695.112747 12604.872213 -12.494724
11745.112747 12604.872213 -11.271810
11795.112747 12604.872213 -9.971788
11845.112747 12604.872213 -8.593902
11895.112747 12604.872213 -7.170886
11945.112747 12604.872213 -5.752942
11995.112747 12604.872213 -4.345934
12045.112747 12604.872213 -2.988244
12095.112747 12604.872213 -1.745820
12145.112747 12604.872213 -0.666730
12195.112747 12604.872213 0.223980
12245.112747 12604.872213 0.943038
12295.112747 12604.872213 1.505808
12345.112747 12604.872213 1.920696
12395.112747 12604.872213 2.163073
12445.112747 12604.872213 2.193315
12495.112747 12604.872213 2.007498
12545.112747 12604.872213 1.662770
12595.112747 12604.872213 1.151854
12645.112747 12604.872213 0.534214
12695.112747 12604.872213 -0.172711
12745.112747 12604.872213 -0.907460
12795.112747 12604.872213 -1.647270
12845.112747 12604.872213 -2.286890
12895.112747 12604.872213 -2.870459
12945.112747 12604.872213 -3.347223
12995.112747 12604.872213 -3.737320
13045.112747 12604.872213 -3.985499
13095.112747 12604.872213 -4.168129
13145.112747 12604.872213 -4.239122
13195.112747 12604.872213 -4.224683
13245.112747 12604.872213 -4.100718
13295.112747 12604.872213 -3.916577
13345.112747 12604.872213 -3.676649
13395.112747 12604.872213 -3.423182
13445.112747 12604.872213 -3.237521
13495.112747 12604.872213 -3.114385
13545.112747 12604.872213 -3.034946
13595.112747 12604.872213 -2.984163
13645.112747 12604.872213 -2.987231
13695.112747 12604.872213 -2.956091
13745.112747 12604.872213 -2.900438
13795.112747 12604.872213 -2.879221
13845.112747 12604.872213 -2.925516
13895.112747 12604.872213 -3.014884
13945.112747 12604.872213 -3.120614
13995.112747 12604.872213 -3.228988
6545.112747 12654.872213 50.058258
6595.112747 12654.872213 50.096058
6645.112747 12654.872213 50.092648
6695.112747 12654.872213 50.041969
6745.112747 12654.872213 49.900227
6795.112747 12654.872213 49.693443
6845.112747 12654.872213 49.442352
6895.112747 12654.872213 49.218582
6945.112747 12654.872213 49.086563
6995.112747 12654.872213 49.044319
7045.112747 12654.872213 48.994926
7095.112747 12654.872213 48.931591
7145.112747 12654.872213 48.843143
7195.112747 12654.872213 48.752850
7245.112747 12654.872213 48.627110
7295.112747 12654.872213 48.536800
7345.112747 12654.872213 48.455040
7395.112747 12654.872213 48.361546
7445.112747 12654.872213 48.200062
7495.112747 12654.872213 48.016747
7545.112747 12654.872213 47.823368
7595.112747 12654.872213 47.636597
7645.112747 12654.872213 47.481327
7695.112747 12654.872213 47.309235
7745.112747 12654.872213 47.134480
7795.112747 12654.872213 46.983681
7845.112747 12654.872213 46.895763
7895.112747 12654.872213 46.839706
7945.112747 12654.872213 46.815838
7995.112747 12654.872213 46.846863
8045.112747 12654.872213 46.992889
8095.112747 12654.872213 47.281254
8145.112747 12654.872213 47.733814
8195.112747 12654.872213 48.358349
8245.112747 12654.872213 49.144073
8295.112747 12654.872213 50.144852
8345.112747 12654.872213 51.423824
8395.112747 12654.872213 52.952118
8445.112747 12654.872213 54.753326
8495.112747 12654.872213 56.761204
8545.112747 12654.872213 58.924938
8595.112747 12654.872213 61.186119
8645.112747 12654.872213 63.537098
8695.112747 12654.872213 65.924484
8745.112747 12654.872213 68.299278
8795.112747 12654.872213 70.655853
8845.112747 12654.872213 72.932671
8895.112747 12654.872213 75.141022
8945.112747 12654.872213 77.234924
8995.112747 12654.872213 79.180511
9045.112747 12654.872213 80.934311
9095.112747 12654.872213 82.506256
9145.112747 12654.872213 83.842621
9195.112747 12654.872213 84.938705
9245.112747 12654.872213 85.682259
9295.112747 12654.872213 86.053894
9345.112747 12654.872213 86.066063
9395.112747 12654.872213 85.785637
9445.112747 12654.872213 85.249268
9495.112747 12654.872213 84.452209
9545.112747 12654.872213 83.446953
9595.112747 12654.872213 82.246719
9645.112747 12654.872213 80.821083
9695.112747 12654.872213 79.128929
9745.112747 12654.872213 77.107170
9795.112747 12654.872213 74.694054
9845.112747 12654.872213 71.918129
9895.112747 12654.872213 68.806137
9945.112747 12654.872213 65.409416
9995.112747 12654.872213 61.734730
10045.112747 12654.872213 57.779877
10095.112747 12654.872213 53.593418
10145.112747 12654.872213 49.197872
10195.112747 12654.872213 44.630474
10245.112747 12654.872213 39.945030
10295.112747 12654.872213 35.216690
10345.112747 12654.872213 30.496338
10395.112747 12654.872213 25.817549
10445.112747 12654.872213 21.219110
10495.112747 12654.872213 16.778723
10545.112747 12654.872213 12.503534
10595.112747 12654.872213 8.363380
10645.112747 12654.872213 4.368216
10695.112747 12654.872213 0.553668
10745.112747 12654.872213 -2.984295
10795.112747 12654.872213 -6.243095
10845.112747 12654.872213 -9.222380
10895.112747 12654.872213 -11.922433
10945.112747 12654.872213 -14.360358
10995.112747 12654.872213 -16.505087
11045.112747 12654.872213 -18.409786
11095.112747 12654.872213 -20.023386
11145.112747 12654.872213 -21.356487
11195.112747 12654.872213 -22.404051
11245.112747 12654.872213 -23.164764
11295.112747 12654.872213 -23.622646
11345.112747 12654.872213 -23.765587
11395.112747 12654.872213 -23.609795
11445.112747 12654.872213 -23.185915
11495.112747 12654.872213 -22.490389
11545.112747 12654.872213 -21.585766
11595.112747 12654.872213 -20.528618
11645.112747 12654.872213 -19.305420
11695.112747 12654.872213 -17.940771
11745.112747 12654.872213 -16.428961
11795.112747 12654.872213 -14.840102
11845.112747 12654.872213 -13.191075
11895.112747 12654.872213 -11.489017
11945.112747 12654.872213 -9.803130
11995.112747 12654.872213 -8.183060
12045.112747 12654.872213 -6.670580
12095.112747 12654.872213 -5.346634
12145.112747 12654.872213 -4.200061
12195.112747 12654.872213 -3.243233
12245.112747 12654.872213 -2.478919
12295.112747 12654.872213 -1.856064
12345.112747 12654.872213 -1.370121
12395.112747 12654.872213 -0.996110
12445.112747 12654.872213 -0.788347
12495.112747 12654.872213 -0.733281
12545.112747 12654.872213 -0.804621
12595.112747 12654.872213 -0.945675
12645.112747 12654.872213 -1.182039
12695.112747 12654.872213 -1.491618
12745.112747 12654.872213 -1.867767
12795.112747 12654.872213 -2.230722
12845.112747 12654.872213 -2.599153
12895.112747 12654.872213 -2.886994
12945.112747 12654.872213 -3.176586
12995.112747 12654.872213 -3.390061
13045.112747 12654.872213 -3.539140
13095.112747 12654.872213 -3.573443
13145.112747 12654.872213 -3.568051
13195.112747 12654.872213 -3.466198
13245.112747 12654.872213 -3.293427
13295.112747 12654.872213 -3.090455
13345.112747 12654.872213 -2.901591
13395.112747 12654.872213 -2.717520
13445.112747 12654.872213 -2.571582
13495.112747 12654.872213 -2.521829
13545.112747 12654.872213 -2.539209
13595.112747 12654.872213 -2.637848
13645.112747 12654.872213 -2.783060
13695.112747 12654.872213 -2.950973
13745.112747 12654.872213 -3.121287
13795.112747 12654.872213 -3.338255
13845.112747 12654.872213 -3.614730
13895.112747 12654.872213 -3.957641
13945.112747 12654.872213 -4.351935
13995.112747 12654.872213 -4.764988
6545.112747 12704.872213 45.154392
6595.112747 12704.872213 44.853077
6645.112747 12704.872213 44.537109
6695.112747 12704.872213 44.221344
6745.112747 12704.872213 43.882774
6795.112747 12704.872213 43.517601
6845.112747 12704.872213 43.101391
6895.112747 12704.872213 42.715904
6945.112747 12704.872213 42.411762
6995.112747 12704.872213 42.219162
7045.112747 12704.872213 42.086384
7095.112747 12704.872213 41.959244
7145.112747 12704.872213 41.834930
7195.112747 12704.872213 41.698433
7245.112747 12704.872213 41.586617
7295.112747 12704.872213 41.508278
7345.112747 12704.872213 41.424534
7395.112747 12704.872213 41.328480
7445.112747 12704.872213 41.207764
7495.112747 12704.872213 41.087990
7545.112747 12704.872213 40.980560
7595.112747 12704.872213 40.925873
7645.112747 12704.872213 40.902328
7695.112747 12704.872213 40.886765
7745.112747 12704.872213 40.910004
7795.112747 12704.872213 40.996937
7845.112747 12704.872213 41.148216
7895.112747 12704.872213 41.321583
7945.112747 12704.872213 41.528202
7995.112747 12704.872213 41.780392
8045.112747 12704.872213 42.099274
8095.112747 12704.872213 42.534748
8145.112747 12704.872213 43.119694
8195.112747 12704.872213 43.867920
8245.112747 12704.872213 44.809151
8295.112747 12704.872213 45.957329
8345.112747 12704.872213 47.343361
8395.112747 12704.872213 48.953568
8445.112747 12704.872213 50.791801
8495.112747 12704.872213 52.840515
8545.112747 12704.872213 54.994537
8595.112747 12704.872213 57.216999
8645.112747 12704.872213 59.501343
8695.112747 12704.872213 61.835930
8745.112747 12704.872213 64.156441
8795.112747 12704.872213 66.444786
8845.112747 12704.872213 68.660774
8895.112747 12704.872213 70.774330
8945.112747 12704.872213 72.751022
8995.112747 12704.872213 74.535965
9045.112747 12704.872213 76.132278
9095.112747 12704.872213 77.578133
9145.112747 12704.872213 78.847328
9195.112747 12704.872213 79.860886
9245.112747 12704.872213 80.548454
9295.112747 12704.872213 80.848526
9345.112747 12704.872213 80.751503
9395.112747 12704.872213 80.334793
9445.112747 12704.872213 79.642761
9495.112747 12704.872213 78.743271
9545.112747 12704.872213 77.643974
9595.112747 12704.872213 76.317253
9645.112747 12704.872213 74.739815
9695.112747 12704.872213 72.921913
9745.112747 12704.872213 70.786301
9795.112747 12704.872213 68.294327
9845.112747 12704.872213 65.441299
9895.112747 12704.872213 62.274853
9945.112747 12704.872213 58.769138
9995.112747 12704.872213 55.018288
10045.112747 12704.872213 50.982037
10095.112747 12704.872213 46.714993
10145.112747 12704.872213 42.201794
10195.112747 12704.872213 37.552238
10245.112747 12704.872213 32.779495
10295.112747 12704.872213 27.991831
10345.112747 12704.872213 23.220358
10395.112747 12704.872213 18.483257
10445.112747 12704.872213 13.845836
10495.112747 12704.872213 9.366230
10545.112747 12704.872213 5.091396
10595.112747 12704.872213 1.018706
10645.112747 12704.872213 -2.868468
10695.112747 12704.872213 -6.540284
10745.112747 12704.872213 -9.958375
10795.112747 12704.872213 -13.115368
10845.112747 12704.872213 -16.029299
10895.112747 12704.872213 -18.698322
10945.112747 12704.872213 -21.109957
10995.112747 12704.872213 -23.255201
11045.112747 12704.872213 -25.134226
11095.112747 12704.872213 -26.734093
11145.112747 12704.872213 -28.039059
11195.112747 12704.872213 -29.071560
11245.112747 12704.872213 -29.824522
11295.112747 12704.872213 -30.277653
11345.112747 12704.872213 -30.390516
11395.112747 12704.872213 -30.164963
11445.112747 12704.872213 -29.655779
11495.112747 12704.872213 -28.866705
11545.112747 12704.872213 -27.832899
11595.112747 12704.872213 -26.569868
11645.112747 12704.872213 -25.090128
11695.112747 12704.872213 -23.432301
11745.112747 12704.872213 -21.657871
11795.112747 12704.872213 -19.797707
11845.112747 12704.872213 -17.889568
11895.112747 12704.872213 -15.965038
11945.112747 12704.872213 -14.063169
11995.112747 12704.872213 -12.264808
12045.112747 12704.872213 -10.629244
12095.112747 12704.872213 -9.198059
12145.112747 12704.872213 -7.964683
12195.112747 12704.872213 -6.932994
12245.112747 12704.872213 -6.067549
12295.112747 12704.872213 -5.348039
12345.112747 12704.872213 -4.727286
12395.112747 12704.872213 -4.210666
12445.112747 12704.872213 -3.786010
12495.112747 12704.872213 -3.484259
12545.112747 12704.872213 -3.220400
12595.112747 12704.872213 -2.996546
12645.112747 12704.872213 -2.807293
12695.112747 12704.872213 -2.706570
12745.112747 12704.872213 -2.663198
12795.112747 12704.872213 -2.671376
12845.112747 12704.872213 -2.702152
12895.112747 12704.872213 -2.797180
12945.112747 12704.872213 -2.866521
12995.112747 12704.872213 -2.924216
13045.112747 12704.872213 -2.913726
13095.112747 12704.872213 -2.861719
13145.112747 12704.872213 -2.757308
13195.112747 12704.872213 -2.623271
13245.112747 12704.872213 -2.417929
13295.112747 12704.872213 -2.250268
13345.112747 12704.872213 -2.129493
13395.112747 12704.872213 -2.062180
13445.112747 12704.872213 -2.012164
13495.112747 12704.872213 -2.025138
13545.112747 12704.872213 -2.153923
13595.112747 12704.872213 -2.365324
13645.112747 12704.872213 -2.629270
13695.112747 12704.872213 -2.958951
13745.112747 12704.872213 -3.365820
13795.112747 12704.872213 -3.834370
13845.112747 12704.872213 -4.341839
13895.112747 12704.872213 -4.910946
13945.112747 12704.872213 -5.546037
13995.112747 12704.872213 -6.229532
6545.112747 12754.872213 39.551090
6595.112747 12754.872213 38.945816
6645.112747 12754.872213 38.324692
6695.112747 12754.872213 37.741837
6745.112747 12754.872213 37.223244
6795.112747 12754.872213 36.702869
6845.112747 12754.872213 36.190819
6895.112747 12754.872213 35.700996
6945.112747 12754.872213 35.274940
6995.112747 12754.872213 34.954296
7045.112747 12754.872213 34.711037
7095.112747 12754.872213 34.524578
7145.112747 12754.872213 34.335426
7195.112747 12754.872213 34.181545
7245.112747 12754.872213 34.057995
7295.112747 12754.872213 33.968178
7345.112747 12754.872213 33.883957
7395.112747 12754.872213 33.794930
7445.112747 12754.872213 33.719776
7495.112747 12754.872213 33.659637
7545.112747 12754.872213 33.655651
7595.112747 12754.872213 33.740173
7645.112747 12754.872213 33.862747
7695.112747 12754.872213 34.066292
7745.112747 12754.872213 34.326431
7795.112747 12754.872213 34.660038
7845.112747 12754.872213 35.031864
7895.112747 12754.872213 35.437958
7945.112747 12754.872213 35.867073
7995.112747 12754.872213 36.331413
8045.112747 12754.872213 36.857510
8095.112747 12754.872213 37.472088
8145.112747 12754.872213 38.251820
8195.112747 12754.872213 39.209606
8245.112747 12754.872213 40.361443
8295.112747 12754.872213 41.706528
8345.112747 12754.872213 43.205124
8395.112747 12754.872213 44.930557
8445.112747 12754.872213 46.856365
8495.112747 12754.872213 48.894024
8545.112747 12754.872213 51.014065
8595.112747 12754.872213 53.166256
8645.112747 12754.872213 55.382957
8695.112747 12754.872213 57.636456
8745.112747 12754.872213 59.881813
8795.112747 12754.872213 62.077854
8845.112747 12754.872213 64.210304
8895.112747 12754.872213 66.232742
8945.112747 12754.872213 68.110115
8995.112747 12754.872213 69.807732
9045.112747 12754.872213 71.328133
9095.112747 12754.872213 72.683609
9145.112747 12754.872213 73.858322
9195.112747 12754.872213 74.803741
9245.112747 12754.872213 75.452477
9295.112747 12754.872213 75.723953
9345.112747 12754.872213 75.597748
9395.112747 12754.872213 75.122643
9445.112747 12754.872213 74.385422
9495.112747 12754.872213 73.411957
9545.112747 12754.872213 72.235748
9595.112747 12754.872213 70.786751
9645.112747 12754.872213 69.077156
9695.112747 12754.872213 67.124733
9745.112747 12754.872213 64.893944
9795.112747 12754.872213 62.350323
9845.112747 12754.872213 59.479263
9895.112747 12754.872213 56.246681
9945.112747 12754.872213 52.720440
9995.112747 12754.872213 48.879349
10045.112747 12754.872213 44.796513
10095.112747 12754.872213 40.414013
10145.112747 12754.872213 35.822803
10195.112747 12754.872213 31.066204
10245.112747 12754.872213 26.259232
10295.112747 12754.872213 21.423737
10345.112747 12754.872213 16.571657
10395.112747 12754.872213 11.770335
10445.112747 12754.872213 7.062364
10495.112747 12754.872213 2.543168
10545.112747 12754.872213 -1.760981
10595.112747 12754.872213 -5.798430
10645.112747 12754.872213 -9.604698
10695.112747 12754.872213 -13.167329
10745.112747 12754.872213 -16.500006
10795.112747 12754.872213 -19.594973
10845.112747 12754.872213 -22.479193
10895.112747 12754.872213 -25.132452
10945.112747 12754.872213 -27.553640
10995.112747 12754.872213 -29.718178
11045.112747 12754.872213 -31.616053
11095.112747 12754.872213 -33.233585
11145.112747 12754.872213 -34.582359
11195.112747 12754.872213 -35.644581
11245.112747 12754.872213 -36.424961
11295.112747 12754.872213 -36.852161
11345.112747 12754.872213 -36.925591
11395.112747 12754.872213 -36.655079
11445.112747 12754.872213 -36.073227
11495.112747 12754.872213 -35.224789
11545.112747 12754.872213 -34.072453
11595.112747 12754.872213 -32.601173
11645.112747 12754.872213 -30.878233
11695.112747 12754.872213 -28.949867
11745.112747 12754.872213 -26.911060
11795.112747 12754.872213 -24.806517
11845.112747 12754.872213 -22.709496
11895.112747 12754.872213 -20.598547
11945.112747 12754.872213 -18.521389
11995.112747 12754.872213 -16.554873
12045.112747 12754.872213 -14.787111
12095.112747 12754.872213 -13.225520
12145.112747 12754.872213 -11.890675
12195.112747 12754.872213 -10.753025
12245.112747 12754.872213 -9.763811
12295.112747 12754.872213 -8.883520
12345.112747 12754.872213 -8.103995
12395.112747 12754.872213 -7.391589
12445.112747 12754.872213 -6.755916
12495.112747 12754.872213 -6.129689
12545.112747 12754.872213 -5.534832
12595.112747 12754.872213 -4.917386
12645.112747 12754.872213 -4.334478
12695.112747 12754.872213 -3.796052
12745.112747 12754.872213 -3.343721
12795.112747 12754.872213 -2.971111
12845.112747 12754.872213 -2.731874
12895.112747 12754.872213 -2.569272
12945.112747 12754.872213 -2.454281
12995.112747 12754.872213 -2.324993
13045.112747 12754.872213 -2.202225
13095.112747 12754.872213 -2.061063
13145.112747 12754.872213 -1.900582
13195.112747 12754.872213 -1.706083
13245.112747 12754.872213 -1.526724
13295.112747 12754.872213 -1.411042
13345.112747 12754.872213 -1.395653
13395.112747 12754.872213 -1.439927
13445.112747 12754.872213 -1.501646
13495.112747 12754.872213 -1.617196
13545.112747 12754.872213 -1.832263
13595.112747 12754.872213 -2.145693
13645.112747 12754.872213 -2.528992
13695.112747 12754.872213 -3.031463
13745.112747 12754.872213 -3.667182
13795.112747 12754.872213 -4.392005
13845.112747 12754.872213 -5.133594
13895.112747 12754.872213 -5.898221
13945.112747 12754.872213 -6.712333
13995.112747 12754.872213 -7.571502
6545.112747 12804.872213 33.301205
6595.112747 12804.872213 32.406601
6645.112747 12804.872213 31.545162
6695.112747 12804.872213 30.729824
6745.112747 12804.872213 30.007397
6795.112747 12804.872213 29.337866
6845.112747 12804.872213 28.742887
6895.112747 12804.872213 28.199434
6945.112747 12804.872213 27.702099
6995.112747 12804.872213 27.247274
7045.112747 12804.872213 26.867201
7095.112747 12804.872213 26.559147
7145.112747 12804.872213 26.295162
7195.112747 12804.872213 26.075514
7245.112747 12804.872213 25.944757
7295.112747 12804.872213 25.842945
7345.112747 12804.872213 25.773726
7395.112747 12804.872213 25.718664
7445.112747 12804.872213 25.724091
7495.112747 12804.872213 25.782114
7545.112747 12804.872213 25.911047
7595.112747 12804.872213 26.129358
7645.112747 12804.872213 26.444765
7695.112747 12804.872213 26.855415
7745.112747 12804.872213 27.358496
7795.112747 12804.872213 27.909163
7845.112747 12804.872213 28.513458
7895.112747 12804.872213 29.162294
7945.112747 12804.872213 29.827412
7995.112747 12804.872213 30.536415
8045.112747 12804.872213 31.279448
8095.112747 12804.872213 32.137909
8145.112747 12804.872213 33.152279
8195.112747 12804.872213 34.363384
8245.112747 12804.872213 35.757210
8295.112747 12804.872213 37.305321
8345.112747 12804.872213 38.988720
8395.112747 12804.872213 40.844666
8445.112747 12804.872213 42.808140
8495.112747 12804.872213 44.841011
8545.112747 12804.872213 46.934765
8595.112747 12804.872213 49.083080
8645.112747 12804.872213 51.226604
8695.112747 12804.872213 53.389271
8745.112747 12804.872213 55.531757
8795.112747 12804.872213 57.627251
8845.112747 12804.872213 59.661655
8895.112747 12804.872213 61.578480
8945.112747 12804.872213 63.361271
8995.112747 12804.872213 65.002419
9045.112747 12804.872213 66.478462
9095.112747 12804.872213 67.773445
9145.112747 12804.872213 68.897720
9195.112747 12804.872213 69.760155
9245.112747 12804.872213 70.353920
9295.112747 12804.872213 70.623665
9345.112747 12804.872213 70.538826
9395.112747 12804.872213 70.124931
9445.112747 12804.872213 69.397758
9495.112747 12804.872213 68.438530
9545.112747 12804.872213 67.189407
9595.112747 12804.872213 65.649895
9645.112747 12804.872213 63.836990
9695.112747 12804.872213 61.777683
9745.112747 12804.872213 59.478004
9795.112747 12804.872213 56.919800
9845.112747 12804.872213 54.011997
9895.112747 12804.872213 50.773937
9945.112747 12804.872213 47.198753
9995.112747 12804.872213 43.329960
10045.112747 12804.872213 39.183788
10095.112747 12804.872213 34.758163
10145.112747 12804.872213 30.089643
10195.112747 12804.872213 25.293886
10245.112747 12804.872213 20.431721
10295.112747 12804.872213 15.536822
10345.112747 12804.872213 10.621901
10395.112747 12804.872213 5.769505
10445.112747 12804.872213 1.033924
10495.112747 12804.872213 -3.535249
10545.112747 12804.872213 -7.863051
10595.112747 12804.872213 -11.929905
10645.112747 12804.872213 -15.710721
10695.112747 12804.872213 -19.232985
10745.112747 12804.872213 -22.533234
10795.112747 12804.872213 -25.618595
10845.112747 12804.872213 -28.501110
10895.112747 12804.872213 -31.177149
10945.112747 12804.872213 -33.626770
10995.112747 12804.872213 -35.874580
11045.112747 12804.872213 -37.829491
11095.112747 12804.872213 -39.513908
11145.112747 12804.872213 -40.928478
11195.112747 12804.872213 -42.056694
11245.112747 12804.872213 -42.851231
11295.112747 12804.872213 -43.267170
11345.112747 12804.872213 -43.321617
11395.112747 12804.872213 -43.023682
11445.112747 12804.872213 -42.395748
11495.112747 12804.872213 -41.446701
11545.112747 12804.872213 -40.157021
11595.112747 12804.872213 -38.514687
11645.112747 12804.872213 -36.580673
11695.112747 12804.872213 -34.436417
11745.112747 12804.872213 -32.165459
11795.112747 12804.872213 -29.871538
11845.112747 12804.872213 -27.574654
11895.112747 12804.872213 -25.323351
11945.112747 12804.872213 -23.103935
11995.112747 12804.872213 -20.995241
12045.112747 12804.872213 -19.084463
12095.112747 12804.872213 -17.366901
12145.112747 12804.872213 -15.882002
12195.112747 12804.872213 -14.592084
12245.112747 12804.872213 -13.460234
12295.112747 12804.872213 -12.406404
12345.112747 12804.872213 -11.404588
12395.112747 12804.872213 -10.476155
12445.112747 12804.872213 -9.563607
12495.112747 12804.872213 -8.641427
12545.112747 12804.872213 -7.664162
12595.112747 12804.872213 -6.690693
12645.112747 12804.872213 -5.713748
12695.112747 12804.872213 -4.783681
12745.112747 12804.872213 -3.919494
12795.112747 12804.872213 -3.216444
12845.112747 12804.872213 -2.655091
12895.112747 12804.872213 -2.252853
12945.112747 12804.872213 -1.933768
12995.112747 12804.872213 -1.682839
13045.112747 12804.872213 -1.467943
13095.112747 12804.872213 -1.252846
13145.112747 12804.872213 -1.019262
13195.112747 12804.872213 -0.796525
13245.112747 12804.872213 -0.665175
13295.112747 12804.872213 -0.619789
13345.112747 12804.872213 -0.673919
13395.112747 12804.872213 -0.800510
13445.112747 12804.872213 -0.995943
13495.112747 12804.872213 -1.223701
13545.112747 12804.872213 -1.564200
13595.112747 12804.872213 -2.001547
13645.112747 12804.872213 -2.536212
13695.112747 12804.872213 -3.213147
13745.112747 12804.872213 -4.052620
13795.112747 12804.872213 -4.978137
13845.112747 12804.872213 -5.960224
13895.112747 12804.872213 -6.918107
13945.112747 12804.872213 -7.864649
13995.112747 12804.872213 -8.810252
6545.112747 12854.872213 26.303514
6595.112747 12854.872213 25.229324
6645.112747 12854.872213 24.183937
6695.112747 12854.872213 23.209431
6745.112747 12854.872213 22.310789
6795.112747 12854.872213 21.515457
6845.112747 12854.872213 20.843872
6895.112747 12854.872213 20.235004
6945.112747 12854.872213 19.646523
6995.112747 12854.872213 19.056753
7045.112747 12854.872213 18.519066
7095.112747 12854.872213 18.037975
7145.112747 12854.872213 17.673197
7195.112747 12854.872213 17.428169
7245.112747 12854.872213 17.270979
7295.112747 12854.872213 17.171970
7345.112747 12854.872213 17.137384
7395.112747 12854.872213 17.161596
7445.112747 12854.872213 17.274279
7495.112747 12854.872213 17.499798
7545.112747 12854.872213 17.818409
7595.112747 12854.872213 18.195196
7645.112747 12854.872213 18.677036
7695.112747 12854.872213 19.282084
7745.112747 12854.872213 19.963610
7795.112747 12854.872213 20.729654
7845.112747 12854.872213 21.569521
7895.112747 12854.872213 22.478901
7945.112747 12854.872213 23.410233
7995.112747 12854.872213 24.376585
8045.112747 12854.872213 25.417076
8095.112747 12854.872213 26.561811
8145.112747 12854.872213 27.852125
8195.112747 12854.872213 29.330120
8245.112747 12854.872213 30.963898
8295.112747 12854.872213 32.721703
8345.112747 12854.872213 34.601124
8395.112747 12854.872213 36.575638
8445.112747 12854.872213 38.607006
8495.112747 12854.872213 40.660198
8545.112747 12854.872213 42.773457
8595.112747 12854.872213 44.916565
8645.112747 12854.872213 47.048149
8695.112747 12854.872213 49.119022
8745.112747 12854.872213 51.188793
8795.112747 12854.872213 53.206337
8845.112747 12854.872213 55.122475
8895.112747 12854.872213 56.924503
8945.112747 12854.872213 58.593540
8995.112747 12854.872213 60.140930
9045.112747 12854.872213 61.580585
9095.112747 12854.872213 62.839874
9145.112747 12854.872213 63.901562
9195.112747 12854.872213 64.729187
9245.112747 12854.872213 65.280266
9295.112747 12854.872213 65.563385
9345.112747 12854.872213 65.546570
9395.112747 12854.872213 65.221764
9445.112747 12854.872213 64.621254
9495.112747 12854.872213 63.697716
9545.112747 12854.872213 62.452412
9595.112747 12854.872213 60.882607
9645.112747 12854.872213 59.023174
9695.112747 12854.872213 56.898323
9745.112747 12854.872213 54.545708
9795.112747 12854.872213 51.940907
9845.112747 12854.872213 49.046009
9895.112747 12854.872213 45.813271
9945.112747 12854.872213 42.249866
9995.112747 12854.872213 38.348541
10045.112747 12854.872213 34.147781
10095.112747 12854.872213 29.695467
10145.112747 12854.872213 25.024992
10195.112747 12854.872213 20.171057
10245.112747 12854.872213 15.241010
10295.112747 12854.872213 10.277657
10345.112747 12854.872213 5.346734
10395.112747 12854.872213 0.479671
10445.112747 12854.872213 -4.250121
10495.112747 12854.872213 -8.829958
10545.112747 12854.872213 -13.203291
10595.112747 12854.872213 -17.330439
10645.112747 12854.872213 -21.166470
10695.112747 12854.872213 -24.714989
10745.112747 12854.872213 -28.037050
10795.112747 12854.872213 -31.161692
10845.112747 12854.872213 -34.098103
10895.112747 12854.872213 -36.845333
10945.112747 12854.872213 -39.382015
10995.112747 12854.872213 -41.694458
11045.112747 12854.872213 -43.741135
11095.112747 12854.872213 -45.520771
11145.112747 12854.872213 -47.017517
11195.112747 12854.872213 -48.199810
11245.112747 12854.872213 -49.027870
11295.112747 12854.872213 -49.472641
11345.112747 12854.872213 -49.533218
11395.112747 12854.872213 -49.225075
11445.112747 12854.872213 -48.533096
11495.112747 12854.872213 -47.466030
11545.112747 12854.872213 -46.026680
11595.112747 12854.872213 -44.237659
11645.112747 12854.872213 -42.156021
11695.112747 12854.872213 -39.847252
11745.112747 12854.872213 -37.418739
11795.112747 12854.872213 -34.933071
11845.112747 12854.872213 -32.449493
11895.112747 12854.872213 -30.037502
11945.112747 12854.872213 -27.703253
11995.112747 12854.872213 -25.493704
12045.112747 12854.872213 -23.430582
12095.112747 12854.872213 -21.549921
12145.112747 12854.872213 -19.864788
12195.112747 12854.872213 -18.372463
12245.112747 12854.872213 -17.029411
12295.112747 12854.872213 -15.773087
12345.112747 12854.872213 -14.564738
12395.112747 12854.872213 -13.357311
12445.112747 12854.872213 -12.155695
12495.112747 12854.872213 -10.904878
12545.112747 12854.872213 -9.617510
12595.112747 12854.872213 -8.279484
12645.112747 12854.872213 -6.953674
12695.112747 12854.872213 -5.638743
12745.112747 12854.872213 -4.424980
12795.112747 12854.872213 -3.366906
12845.112747 12854.872213 -2.544423
12895.112747 12854.872213 -1.886764
12945.112747 12854.872213 -1.400812
12995.112747 12854.872213 -1.046467
13045.112747 12854.872213 -0.746200
13095.112747 12854.872213 -0.461011
13145.112747 12854.872213 -0.190330
13195.112747 12854.872213 0.031467
13245.112747 12854.872213 0.141909
13295.112747 12854.872213 0.144074
13345.112747 12854.872213 0.050571
13395.112747 12854.872213 -0.153166
13445.112747 12854.872213 -0.461308
13495.112747 12854.872213 -0.865738
13545.112747 12854.872213 -1.334746
13595.112747 12854.872213 -1.926441
13645.112747 12854.872213 -2.657517
13695.112747 12854.872213 -3.521157
13745.112747 12854.872213 -4.506362
13795.112747 12854.872213 -5.612596
13845.112747 12854.872213 -6.774780
13895.112747 12854.872213 -7.914065
13945.112747 12854.872213 -8.987801
13995.112747 12854.872213 -10.027478
6545.112747 12904.872213 18.582495
6595.112747 12904.872213 17.422762
6645.112747 12904.872213 16.292526
6695.112747 12904.872213 15.203639
6745.112747 12904.872213 14.158772
6795.112747 12904.872213 13.255615
6845.112747 12904.872213 12.469500
6895.112747 12904.872213 11.760009
6945.112747 12904.872213 11.031660
6995.112747 12904.872213 10.308149
7045.112747 12904.872213 9.628880
7095.112747 12904.872213 9.035039
7145.112747 12904.872213 8.587125
7195.112747 12904.872213 8.290512
7245.112747 12904.872213 8.109890
7295.112747 12904.872213 8.030768
7345.112747 12904.872213 8.043091
7395.112747 12904.872213 8.175799
7445.112747 12904.872213 8.429880
7495.112747 12904.872213 8.825127
7545.112747 12904.872213 9.332292
7595.112747 12904.872213 9.913856
7645.112747 12904.872213 10.577038
7695.112747 12904.872213 11.345550
7745.112747 12904.872213 12.216848
7795.112747 12904.872213 13.181330
7845.112747 12904.872213 14.250650
7895.112747 12904.872213 15.379360
7945.112747 12904.872213 16.594366
7995.112747 12904.872213 17.878309
8045.112747 12904.872213 19.268961
8095.112747 12904.872213 20.750235
8145.112747 12904.872213 22.358822
8195.112747 12904.872213 24.085752
8245.112747 12904.872213 25.934437
8295.112747 12904.872213 27.896706
8345.112747 12904.872213 29.965405
8395.112747 12904.872213 32.072384
8445.112747 12904.872213 34.214161
8495.112747 12904.872213 36.396034
8545.112747 12904.872213 38.579624
8595.112747 12904.872213 40.742229
8645.112747 12904.872213 42.841309
8695.112747 12904.872213 44.882648
8745.112747 12904.872213 46.887764
8795.112747 12904.872213 48.838200
8845.112747 12904.872213 50.660240
8895.112747 12904.872213 52.333241
8945.112747 12904.872213 53.882370
8995.112747 12904.872213 55.343182
9045.112747 12904.872213 56.679478
9095.112747 12904.872213 57.890564
9145.112747 12904.872213 58.895443
9195.112747 12904.872213 59.699913
9245.112747 12904.872213 60.247208
9295.112747 12904.872213 60.551250
9345.112747 12904.872213 60.633335
9395.112747 12904.872213 60.448257
9445.112747 12904.872213 59.962460
9495.112747 12904.872213 59.143436
9545.112747 12904.872213 57.953037
9595.112747 12904.872213 56.423847
9645.112747 12904.872213 54.572254
9695.112747 12904.872213 52.423641
9745.112747 12904.872213 50.018791
9795.112747 12904.872213 47.383556
9845.112747 12904.872213 44.506298
9895.112747 12904.872213 41.334534
9945.112747 12904.872213 37.808800
9995.112747 12904.872213 33.914024
10045.112747 12904.872213 29.692707
10095.112747 12904.872213 25.207794
10145.112747 12904.872213 20.515896
10195.112747 12904.872213 15.644468
10245.112747 12904.872213 10.661258
10295.112747 12904.872213 5.640539
10345.112747 12904.872213 0.692981
10395.112747 12904.872213 -4.155057
10445.112747 12904.872213 -8.873234
10495.112747 12904.872213 -13.449803
10545.112747 12904.872213 -17.865776
10595.112747 12904.872213 -22.046494
10645.112747 12904.872213 -25.949478
10695.112747 12904.872213 -29.584959
10745.112747 12904.872213 -32.990643
10795.112747 12904.872213 -36.228596
10845.112747 12904.872213 -39.267147
10895.112747 12904.872213 -42.118336
10945.112747 12904.872213 -44.767139
10995.112747 12904.872213 -47.163105
11045.112747 12904.872213 -49.337849
11095.112747 12904.872213 -51.234200
11145.112747 12904.872213 -52.836407
11195.112747 12904.872213 -54.090309
11245.112747 12904.872213 -54.949131
11295.112747 12904.872213 -55.429939
11345.112747 12904.872213 -55.507927
11395.112747 12904.872213 -55.177959
11445.112747 12904.872213 -54.414455
11495.112747 12904.872213 -53.235100
11545.112747 12904.872213 -51.653481
11595.112747 12904.872213 -49.759373
11645.112747 12904.872213 -47.555630
11695.112747 12904.872213 -45.150234
11745.112747 12904.872213 -42.570412
11795.112747 12904.872213 -39.911678
11845.112747 12904.872213 -37.279354
11895.112747 12904.872213 -34.705475
11945.112747 12904.872213 -32.252071
11995.112747 12904.872213 -29.918427
12045.112747 12904.872213 -27.722713
12095.112747 12904.872213 -25.676548
12145.112747 12904.872213 -23.764744
12195.112747 12904.872213 -22.009834
12245.112747 12904.872213 -20.405195
12295.112747 12904.872213 -18.904001
12345.112747 12904.872213 -17.420134
12395.112747 12904.872213 -15.959713
12445.112747 12904.872213 -14.444138
12495.112747 12904.872213 -12.893369
12545.112747 12904.872213 -11.302299
12595.112747 12904.872213 -9.661629
12645.112747 12904.872213 -7.982469
12695.112747 12904.872213 -6.363117
12745.112747 12904.872213 -4.846347
12795.112747 12904.872213 -3.522757
12845.112747 12904.872213 -2.422071
12895.112747 12904.872213 -1.568845
12945.112747 12904.872213 -0.914323
12995.112747 12904.872213 -0.437089
13045.112747 12904.872213 -0.058141
13095.112747 12904.872213 0.264834
13145.112747 12904.872213 0.566272
13195.112747 12904.872213 0.775755
13245.112747 12904.872213 0.874842
13295.112747 12904.872213 0.866262
13345.112747 12904.872213 0.739674
13395.112747 12904.872213 0.481230
13445.112747 12904.872213 0.050459
13495.112747 12904.872213 -0.507621
13545.112747 12904.872213 -1.161980
13595.112747 12904.872213 -1.923396
13645.112747 12904.872213 -2.847177
13695.112747 12904.872213 -3.893850
13745.112747 12904.872213 -5.033216
13795.112747 12904.872213 -6.262798
13845.112747 12904.872213 -7.570704
13895.112747 12904.872213 -8.864166
13945.112747 12904.872213 -10.087753
13995.112747 12904.872213 -11.265303
6545.112747 12954.872213 10.255878
6595.112747 12954.872213 9.067636
6645.112747 12954.872213 7.889109
6695.112747 12954.872213 6.710848
6745.112747 12954.872213 5.590485
6795.112747 12954.872213 4.569352
6845.112747 12954.872213 3.637385
6895.112747 12954.872213 2.737784
6945.112747 12954.872213 1.857717
6995.112747 12954.872213 1.001862
7045.112747 12954.872213 0.221476
7095.112747 12954.872213 -0.454135
7145.112747 12954.872213 -0.968188
7195.112747 12954.872213 -1.295624
7245.112747 12954.872213 -1.490763
7295.112747 12954.872213 -1.537737
7345.112747 12954.872213 -1.441100
7395.112747 12954.872213 -1.171004
7445.112747 12954.872213 -0.755833
7495.112747 12954.872213 -0.218218
7545.112747 12954.872213 0.449677
7595.112747 12954.872213 1.223482
7645.112747 12954.872213 2.096406
7695.112747 12954.872213 3.048133
7745.112747 12954.872213 4.112871
7795.112747 12954.872213 5.297523
7845.112747 12954.872213 6.566459
7895.112747 12954.872213 7.955259
7945.112747 12954.872213 9.460409
7995.112747 12954.872213 11.091003
8045.112747 12954.872213 12.832045
8095.112747 12954.872213 14.676004
8145.112747 12954.872213 16.578468
8195.112747 12954.872213 18.567947
8245.112747 12954.872213 20.652439
8295.112747 12954.872213 22.833839
8345.112747 12954.872213 25.085464
8395.112747 12954.872213 27.358419
8445.112747 12954.872213 29.651634
8495.112747 12954.872213 31.994629
8545.112747 12954.872213 34.280457
8595.112747 12954.872213 36.490650
8645.112747 12954.872213 38.627892
8695.112747 12954.872213 40.688828
8745.112747 12954.872213 42.653946
8795.112747 12954.872213 44.504963
8845.112747 12954.872213 46.236126
8895.112747 12954.872213 47.844093
8945.112747 12954.872213 49.325695
8995.112747 12954.872213 50.663582
9045.112747 12954.872213 51.910610
9095.112747 12954.872213 53.019127
9145.112747 12954.872213 53.960625
9195.112747 12954.872213 54.705364
9245.112747 12954.872213 55.253155
9295.112747 12954.872213 55.619221
9345.112747 12954.872213 55.814144
9395.112747 12954.872213 55.770424
9445.112747 12954.872213 55.414616
9495.112747 12954.872213 54.688873
9545.112747 12954.872213 53.596424
9595.112747 12954.872213 52.171535
9645.112747 12954.872213 50.401463
9695.112747 12954.872213 48.284271
9745.112747 12954.872213 45.870449
9795.112747 12954.872213 43.219421
9845.112747 12954.872213 40.368050
9895.112747 12954.872213 37.233051
9945.112747 12954.872213 33.760307
9995.112747 12954.872213 29.914610
10045.112747 12954.872213 25.700531
10095.112747 12954.872213 21.221294
10145.112747 12954.872213 16.531368
10195.112747 12954.872213 11.660793
10245.112747 12954.872213 6.651348
10295.112747 12954.872213 1.634771
10345.112747 12954.872213 -3.318273
10395.112747 12954.872213 -8.156603
10445.112747 12954.872213 -12.865599
10495.112747 12954.872213 -17.440977
10545.112747 12954.872213 -21.859076
10595.112747 12954.872213 -26.077713
10645.112747 12954.872213 -30.055538
10695.112747 12954.872213 -33.815388
10745.112747 12954.872213 -37.381466
10795.112747 12954.872213 -40.768982
10845.112747 12954.872213 -43.974510
10895.112747 12954.872213 -46.977352
10945.112747 12954.872213 -49.756638
10995.112747 12954.872213 -52.313911
11045.112747 12954.872213 -54.620598
11095.112747 12954.872213 -56.685879
11145.112747 12954.872213 -58.401291
11195.112747 12954.872213 -59.732445
11245.112747 12954.872213 -60.636860
11295.112747 12954.872213 -61.132191
11345.112747 12954.872213 -61.200687
11395.112747 12954.872213 -60.837933
11445.112747 12954.872213 -60.016560
11495.112747 12954.872213 -58.734486
11545.112747 12954.872213 -57.041557
11595.112747 12954.872213 -55.011292
11645.112747 12954.872213 -52.727894
11695.112747 12954.872213 -50.218433
11745.112747 12954.872213 -47.555676
11795.112747 12954.872213 -44.778782
11845.112747 12954.872213 -41.976078
11895.112747 12954.872213 -39.251804
11945.112747 12954.872213 -36.653744
11995.112747 12954.872213 -34.197659
12045.112747 12954.872213 -31.854168
12095.112747 12954.872213 -29.632580
12145.112747 12954.872213 -27.491573
12195.112747 12954.872213 -25.435446
12245.112747 12954.872213 -23.499744
12295.112747 12954.872213 -21.684666
12345.112747 12954.872213 -19.945063
12395.112747 12954.872213 -18.200371
12445.112747 12954.872213 -16.395468
12495.112747 12954.872213 -14.549688
12545.112747 12954.872213 -12.669155
12595.112747 12954.872213 -10.750957
12645.112747 12954.872213 -8.814623
12695.112747 12954.872213 -6.948516
12745.112747 12954.872213 -5.224578
12795.112747 12954.872213 -3.694484
12845.112747 12954.872213 -2.382348
12895.112747 12954.872213 -1.316549
12945.112747 12954.872213 -0.515404
12995.112747 12954.872213 0.093825
13045.112747 12954.872213 0.560248
13095.112747 12954.872213 0.946135
13145.112747 12954.872213 1.237684
13195.112747 12954.872213 1.433871
13245.112747 12954.872213 1.527479
13295.112747 12954.872213 1.500106
13345.112747 12954.872213 1.349782
13395.112747 12954.872213 1.016836
13445.112747 12954.872213 0.523565
13495.112747 12954.872213 -0.179110
13545.112747 12954.872213 -1.007554
13595.112747 12954.872213 -1.962189
13645.112747 12954.872213 -3.052518
13695.112747 12954.872213 -4.287388
13745.112747 12954.872213 -5.580728
13795.112747 12954.872213 -6.948997
13845.112747 12954.872213 -8.342302
13895.112747 12954.872213 -9.762349
13945.112747 12954.872213 -11.159328
13995.112747 12954.872213 -12.545892
6545.112747 13004.872213 1.419896
6595.112747 13004.872213 0.219284
6645.112747 13004.872213 -0.988721
6695.112747 13004.872213 -2.184548
6745.112747 13004.872213 -3.384343
6795.112747 13004.872213 -4.535309
6845.112747 13004.872213 -5.681429
6895.112747 13004.872213 -6.781593
6945.112747 13004.872213 -7.830378
6995.112747 13004.872213 -8.810819
7045.112747 13004.872213 -9.709125
7095.112747 13004.872213 -10.426351
7145.112747 13004.872213 -10.972476
7195.112747 13004.872213 -11.331820
7245.112747 13004.872213 -11.499659
7295.112747 13004.872213 -11.484233
7345.112747 13004.872213 -11.271919
7395.112747 13004.872213 -10.875032
7445.112747 13004.872213 -10.326054
7495.112747 13004.872213 -9.637563
7545.112747 13004.872213 -8.822499
7595.112747 13004.872213 -7.861053
7645.112747 13004.872213 -6.786544
7695.112747 13004.872213 -5.618597
7745.112747 13004.872213 -4.312375
7795.112747 13004.872213 -2.914769
7845.112747 13004.872213 -1.406576
7895.112747 13004.872213 0.218569
7945.112747 13004.872213 2.028673
7995.112747 13004.872213 3.991510
8045.112747 13004.872213 6.097498
8095.112747 13004.872213 8.284618
8145.112747 13004.872213 10.516306
8195.112747 13004.872213 12.766062
8245.112747 13004.872213 15.117045
8295.112747 13004.872213 17.543083
8345.112747 13004.872213 20.032703
8395.112747 13004.872213 22.505793
8445.112747 13004.872213 24.980997
8495.112747 13004.872213 27.448650
8545.112747 13004.872213 29.880152
8595.112747 13004.872213 32.204380
8645.112747 13004.872213 34.428082
8695.112747 13004.872213 36.534668
8745.112747 13004.872213 38.473675
8795.112747 13004.872213 40.278568
8845.112747 13004.872213 41.970211
8895.112747 13004.872213 43.533546
8945.112747 13004.872213 44.938614
8995.112747 13004.872213 46.206543
9045.112747 13004.872213 47.325302
9095.112747 13004.872213 48.320660
9145.112747 13004.872213 49.144619
9195.112747 13004.872213 49.828030
9245.112747 13004.872213 50.367134
9295.112747 13004.872213 50.790882
9345.112747 13004.872213 51.104313
9395.112747 13004.872213 51.182968
9445.112747 13004.872213 50.937656
9495.112747 13004.872213 50.326176
9545.112747 13004.872213 49.381218
9595.112747 13004.872213 48.079361
9645.112747 13004.872213 46.424480
9695.112747 13004.872213 44.397465
9745.112747 13004.872213 42.052341
9795.112747 13004.872213 39.424839
9845.112747 13004.872213 36.566246
9895.112747 13004.872213 33.455261
9945.112747 13004.872213 30.010345
9995.112747 13004.872213 26.211016
10045.112747 13004.872213 22.087900
10095.112747 13004.872213 17.651945
10145.112747 13004.872213 12.983245
10195.112747 13004.872213 8.146785
10245.112747 13004.872213 3.202744
10295.112747 13004.872213 -1.780068
10345.112747 13004.872213 -6.699834
10395.112747 13004.872213 -11.500709
10445.112747 13004.872213 -16.180305
10495.112747 13004.872213 -20.753166
10545.112747 13004.872213 -25.171831
10595.112747 13004.872213 -29.423681
10645.112747 13004.872213 -33.494274
10695.112747 13004.872213 -37.404053
10745.112747 13004.872213 -41.155643
10795.112747 13004.872213 -44.751114
10845.112747 13004.872213 -48.174519
10895.112747 13004.872213 -51.394802
10945.112747 13004.872213 -54.388515
10995.112747 13004.872213 -57.134335
11045.112747 13004.872213 -59.640244
11095.112747 13004.872213 -61.842178
11145.112747 13004.872213 -63.681622
11195.112747 13004.872213 -65.084534
11245.112747 13004.872213 -66.036812
11295.112747 13004.872213 -66.545830
11345.112747 13004.872213 -66.591728
11395.112747 13004.872213 -66.158981
11445.112747 13004.872213 -65.262222
11495.112747 13004.872213 -63.910141
11545.112747 13004.872213 -62.125057
11595.112747 13004.872213 -59.989548
11645.112747 13004.872213 -57.591816
11695.112747 13004.872213 -55.007378
11745.112747 13004.872213 -52.250393
11795.112747 13004.872213 -49.373466
11845.112747 13004.872213 -46.459938
11895.112747 13004.872213 -43.581249
11945.112747 13004.872213 -40.826302
11995.112747 13004.872213 -38.208508
12045.112747 13004.872213 -35.708897
12095.112747 13004.872213 -33.293163
12145.112747 13004.872213 -30.917654
12195.112747 13004.872213 -28.577047
12245.112747 13004.872213 -26.301928
12295.112747 13004.872213 -24.129595
12345.112747 13004.872213 -22.066551
12395.112747 13004.872213 -20.041590
12445.112747 13004.872213 -17.984686
12495.112747 13004.872213 -15.860373
12545.112747 13004.872213 -13.713240
12595.112747 13004.872213 -11.553641
12645.112747 13004.872213 -9.433964
12695.112747 13004.872213 -7.402299
12745.112747 13004.872213 -5.548990
12795.112747 13004.872213 -3.882360
12845.112747 13004.872213 -2.419283
12895.112747 13004.872213 -1.188248
12945.112747 13004.872213 -0.220078
12995.112747 13004.872213 0.518177
13045.112747 13004.872213 1.097563
13095.112747 13004.872213 1.527086
13145.112747 13004.872213 1.826355
13195.112747 13004.872213 2.002778
13245.112747 13004.872213 2.069084
13295.112747 13004.872213 2.024497
13345.112747 13004.872213 1.823672
13395.112747 13004.872213 1.461574
13445.112747 13004.872213 0.877728
13495.112747 13004.872213 0.102040
13545.112747 13004.872213 -0.870376
13595.112747 13004.872213 -1.988442
13645.112747 13004.872213 -3.259658
13695.112747 13004.872213 -4.644135
13745.112747 13004.872213 -6.118993
13795.112747 13004.872213 -7.595618
13845.112747 13004.872213 -9.101086
13895.112747 13004.872213 -10.654952
13945.112747 13004.872213 -12.245491
13995.112747 13004.872213 -13.824467
6545.112747 13054.872213 -7.778759
6595.112747 13054.872213 -9.014857
6645.112747 13054.872213 -10.248882
6695.112747 13054.872213 -11.529409
6745.112747 13054.872213 -12.794420
6795.112747 13054.872213 -14.117718
6845.112747 13054.872213 -15.459616
6895.112747 13054.872213 -16.768612
6945.112747 13054.872213 -17.956755
6995.112747 13054.872213 -19.067093
7045.112747 13054.872213 -20.033087
7095.112747 13054.872213 -20.820427
7145.112747 13054.872213 -21.380939
7195.112747 13054.872213 -21.756111
7245.112747 13054.872213 -21.893568
7295.112747 13054.872213 -21.813364
7345.112747 13054.872213 -21.512886
7395.112747 13054.872213 -20.992172
7445.112747 13054.872213 -20.283260
7495.112747 13054.872213 -19.440536
7545.112747 13054.872213 -18.466589
7595.112747 13054.872213 -17.333637
7645.112747 13054.872213 -16.039034
7695.112747 13054.872213 -14.604399
7745.112747 13054.872213 -13.072379
7795.112747 13054.872213 -11.431383
7845.112747 13054.872213 -9.687740
7895.112747 13054.872213 -7.770892
7945.112747 13054.872213 -5.699632
7995.112747 13054.872213 -3.412711
8045.112747 13054.872213 -0.966601
8095.112747 13054.872213 1.580308
8145.112747 13054.872213 4.133009
8195.112747 13054.872213 6.702644
8245.112747 13054.872213 9.335554
8295.112747 13054.872213 12.058070
8345.112747 13054.872213 14.792294
8395.112747 13054.872213 17.541084
8445.112747 13054.872213 20.234829
8495.112747 13054.872213 22.863733
8545.112747 13054.872213 25.426691
8595.112747 13054.872213 27.905233
8645.112747 13054.872213 30.263817
8695.112747 13054.872213 32.448933
8745.112747 13054.872213 34.439335
8795.112747 13054.872213 36.244492
8845.112747 13054.872213 37.901199
8895.112747 13054.872213 39.415909
8945.112747 13054.872213 40.765789
8995.112747 13054.872213 41.934277
9045.112747 13054.872213 42.956776
9095.112747 13054.872213 43.824184
9145.112747 13054.872213 44.576828
9195.112747 13054.872213 45.183266
9245.112747 13054.872213 45.716042
9295.112747 13054.872213 46.187389
9345.112747 13054.872213 46.535824
9395.112747 13054.872213 46.697563
9445.112747 13054.872213 46.570072
9495.112747 13054.872213 46.113178
9545.112747 13054.872213 45.291893
9595.112747 13054.872213 44.122711
9645.112747 13054.872213 42.578453
9695.112747 13054.872213 40.686573
9745.112747 13054.872213 38.449814
9795.112747 13054.872213 35.929096
9845.112747 13054.872213 33.082375
9895.112747 13054.872213 29.964750
9945.112747 13054.872213 26.527382
9995.112747 13054.872213 22.793377
10045.112747 13054.872213 18.733643
10095.112747 13054.872213 14.385926
10145.112747 13054.872213 9.795629
10195.112747 13054.872213 5.049766
10245.112747 13054.872213 0.203299
10295.112747 13054.872213 -4.653308
10345.112747 13054.872213 -9.494617
10395.112747 13054.872213 -14.247576
10445.112747 13054.872213 -18.912739
10495.112747 13054.872213 -23.448975
10545.112747 13054.872213 -27.867477
10595.112747 13054.872213 -32.148895
10645.112747 13054.872213 -36.317852
10695.112747 13054.872213 -40.379135
10745.112747 13054.872213 -44.348961
10795.112747 13054.872213 -48.165173
10845.112747 13054.872213 -51.850868
10895.112747 13054.872213 -55.334026
10945.112747 13054.872213 -58.606709
10995.112747 13054.872213 -61.620140
11045.112747 13054.872213 -64.327408
11095.112747 13054.872213 -66.683472
11145.112747 13054.872213 -68.630013
11195.112747 13054.872213 -70.105568
11245.112747 13054.872213 -71.116470
11295.112747 13054.872213 -71.606270
11345.112747 13054.872213 -71.603668
11395.112747 13054.872213 -71.098595
11445.112747 13054.872213 -70.115677
11495.112747 13054.872213 -68.657608
11545.112747 13054.872213 -66.780922
11595.112747 13054.872213 -64.530334
11645.112747 13054.872213 -62.023315
11695.112747 13054.872213 -59.319592
11745.112747 13054.872213 -56.477959
11795.112747 13054.872213 -53.518696
11845.112747 13054.872213 -50.511211
11895.112747 13054.872213 -47.537113
11945.112747 13054.872213 -44.666809
11995.112747 13054.872213 -41.899075
12045.112747 13054.872213 -39.211113
12095.112747 13054.872213 -36.566551
12145.112747 13054.872213 -33.948215
12195.112747 13054.872213 -31.348324
12245.112747 13054.872213 -28.755983
12295.112747 13054.872213 -26.257103
12345.112747 13054.872213 -23.865105
12395.112747 13054.872213 -21.523079
12445.112747 13054.872213 -19.192827
12495.112747 13054.872213 -16.836081
12545.112747 13054.872213 -14.435600
12595.112747 13054.872213 -12.096139
12645.112747 13054.872213 -9.860892
12695.112747 13054.872213 -7.737386
12745.112747 13054.872213 -5.789420
12795.112747 13054.872213 -4.055163
12845.112747 13054.872213 -2.504369
12895.112747 13054.872213 -1.171237
12945.112747 13054.872213 -0.067653
12995.112747 13054.872213 0.818673
13045.112747 13054.872213 1.503567
13095.112747 13054.872213 1.998699
13145.112747 13054.872213 2.296957
13195.112747 13054.872213 2.447112
13245.112747 13054.872213 2.500677
13295.112747 13054.872213 2.422469
13345.112747 13054.872213 2.180127
13395.112747 13054.872213 1.748938
13445.112747 13054.872213 1.121414
13495.112747 13054.872213 0.288826
13545.112747 13054.872213 -0.765050
13595.112747 13054.872213 -2.020094
13645.112747 13054.872213 -3.419317
13695.112747 13054.872213 -4.948607
13745.112747 13054.872213 -6.567243
13795.112747 13054.872213 -8.203619
13845.112747 13054.872213 -9.847165
13895.112747 13054.872213 -11.547686
13945.112747 13054.872213 -13.307078
13995.112747 13054.872213 -15.080239
6545.112747 13104.872213 -17.141626
6595.112747 13104.872213 -18.492962
6645.112747 13104.872213 -19.851656
6695.112747 13104.872213 -21.230659
6745.112747 13104.872213 -22.664661
6795.112747 13104.872213 -24.159914
6845.112747 13104.872213 -25.679014
6895.112747 13104.872213 -27.131552
6945.112747 13104.872213 -28.481928
6995.112747 13104.872213 -29.683989
7045.112747 13104.872213 -30.729345
7095.112747 13104.872213 -31.545473
7145.112747 13104.872213 -32.138451
7195.112747 13104.872213 -32.520260
7245.112747 13104.872213 -32.651833
7295.112747 13104.872213 -32.521362
7345.112747 13104.872213 -32.126968
7395.112747 13104.872213 -31.496496
7445.112747 13104.872213 -30.644125
7495.112747 13104.872213 -29.625324
7545.112747 13104.872213 -28.450445
7595.112747 13104.872213 -27.116049
7645.112747 13104.872213 -25.621109
7695.112747 13104.872213 -23.978085
7745.112747 13104.872213 -22.201199
7795.112747 13104.872213 -20.314817
7845.112747 13104.872213 -18.278233
7895.112747 13104.872213 -16.045427
7945.112747 13104.872213 -13.632758
7995.112747 13104.872213 -11.032960
8045.112747 13104.872213 -8.286915
8095.112747 13104.872213 -5.450688
8145.112747 13104.872213 -2.572305
8195.112747 13104.872213 0.349372
8245.112747 13104.872213 3.320073
8295.112747 13104.872213 6.349200
8345.112747 13104.872213 9.406235
8395.112747 13104.872213 12.429444
8445.112747 13104.872213 15.395423
8495.112747 13104.872213 18.229101
8545.112747 13104.872213 20.984665
8595.112747 13104.872213 23.635878
8645.112747 13104.872213 26.133804
8695.112747 13104.872213 28.420656
8745.112747 13104.872213 30.487112
8795.112747 13104.872213 32.345482
8845.112747 13104.872213 34.004345
8895.112747 13104.872213 35.489040
8945.112747 13104.872213 36.822586
8995.112747 13104.872213 37.955379
9045.112747 13104.872213 38.880016
9095.112747 13104.872213 39.640560
9145.112747 13104.872213 40.275364
9195.112747 13104.872213 40.840309
9245.112747 13104.872213 41.368858
9295.112747 13104.872213 41.851212
9345.112747 13104.872213 42.223564
9395.112747 13104.872213 42.447189
9445.112747 13104.872213 42.424740
9495.112747 13104.872213 42.063927
9545.112747 13104.872213 41.362530
9595.112747 13104.872213 40.256943
9645.112747 13104.872213 38.819828
9695.112747 13104.872213 37.072315
9745.112747 13104.872213 35.015007
9795.112747 13104.872213 32.599297
9845.112747 13104.872213 29.833296
9895.112747 13104.872213 26.725250
9945.112747 13104.872213 23.321217
9995.112747 13104.872213 19.612509
10045.112747 13104.872213 15.629272
10095.112747 13104.872213 11.385832
10145.112747 13104.872213 6.935602
10195.112747 13104.872213 2.345015
10245.112747 13104.872213 -2.317376
10295.112747 13104.872213 -7.036267
10345.112747 13104.872213 -11.772345
10395.112747 13104.872213 -16.485620
10445.112747 13104.872213 -21.097122
10495.112747 13104.872213 -25.612690
10545.112747 13104.872213 -29.998495
10595.112747 13104.872213 -34.311665
10645.112747 13104.872213 -38.568085
10695.112747 13104.872213 -42.791763
10745.112747 13104.872213 -46.942825
10795.112747 13104.872213 -50.998283
10845.112747 13104.872213 -54.925411
10895.112747 13104.872213 -58.721352
10945.112747 13104.872213 -62.308147
10995.112747 13104.872213 -65.622452
11045.112747 13104.872213 -68.606850
11095.112747 13104.872213 -71.159798
11145.112747 13104.872213 -73.227875
11195.112747 13104.872213 -74.782700
11245.112747 13104.872213 -75.802582
11295.112747 13104.872213 -76.285896
11345.112747 13104.872213 -76.226364
11395.112747 13104.872213 -75.621704
11445.112747 13104.872213 -74.500175
11495.112747 13104.872213 -72.889214
11545.112747 13104.872213 -70.869904
11595.112747 13104.872213 -68.493240
11645.112747 13104.872213 -65.858505
11695.112747 13104.872213 -63.047966
11745.112747 13104.872213 -60.107086
11795.112747 13104.872213 -57.091064
11845.112747 13104.872213 -54.047932
11895.112747 13104.872213 -51.024647
11945.112747 13104.872213 -48.049068
11995.112747 13104.872213 -45.139736
12045.112747 13104.872213 -42.273460
12095.112747 13104.872213 -39.398117
12145.112747 13104.872213 -36.555164
12195.112747 13104.872213 -33.701080
12245.112747 13104.872213 -30.876841
12295.112747 13104.872213 -28.083878
12345.112747 13104.872213 -25.362816
12395.112747 13104.872213 -22.690220
12445.112747 13104.872213 -20.077810
12495.112747 13104.872213 -17.488199
12545.112747 13104.872213 -14.925228
12595.112747 13104.872213 -12.464810
12645.112747 13104.872213 -10.134471
12695.112747 13104.872213 -7.962286
12745.112747 13104.872213 -5.972189
12795.112747 13104.872213 -4.180579
12845.112747 13104.872213 -2.607059
12895.112747 13104.872213 -1.226507
12945.112747 13104.872213 -0.024398
12995.112747 13104.872213 0.994302
13045.112747 13104.872213 1.759890
13095.112747 13104.872213 2.293500
13145.112747 13104.872213 2.618156
13195.112747 13104.872213 2.771583
13245.112747 13104.872213 2.787828
13295.112747 13104.872213 2.663247
13345.112747 13104.872213 2.389461
13395.112747 13104.872213 1.931057
13445.112747 13104.872213 1.265764
13495.112747 13104.872213 0.377833
13545.112747 13104.872213 -0.741475
13595.112747 13104.872213 -2.075004
13645.112747 13104.872213 -3.571289
13695.112747 13104.872213 -5.196449
13745.112747 13104.872213 -6.930774
13795.112747 13104.872213 -8.716359
13845.112747 13104.872213 -10.523732
13895.112747 13104.872213 -12.396198
13945.112747 13104.872213 -14.317471
13995.112747 13104.872213 -16.264252
6545.112747 13154.872213 -26.524162
6595.112747 13154.872213 -28.071709
6645.112747 13154.872213 -29.640125
6695.112747 13154.872213 -31.230909
6745.112747 13154.872213 -32.881420
6795.112747 13154.872213 -34.572601
6845.112747 13154.872213 -36.253567
6895.112747 13154.872213 -37.877525
6945.112747 13154.872213 -39.377880
6995.112747 13154.872213 -40.673779
7045.112747 13154.872213 -41.756607
7095.112747 13154.872213 -42.601360
7145.112747 13154.872213 -43.192307
7195.112747 13154.872213 -43.539566
7245.112747 13154.872213 -43.675533
7295.112747 13154.872213 -43.509125
7345.112747 13154.872213 -43.064724
7395.112747 13154.872213 -42.339298
7445.112747 13154.872213 -41.385799
7495.112747 13154.872213 -40.186985
7545.112747 13154.872213 -38.802952
7595.112747 13154.872213 -37.276390
7645.112747 13154.872213 -35.586559
7695.112747 13154.872213 -33.720360
7745.112747 13154.872213 -31.708996
7795.112747 13154.872213 -29.510645
7845.112747 13154.872213 -27.132780
7895.112747 13154.872213 -24.573959
7945.112747 13154.872213 -21.800875
7995.112747 13154.872213 -18.887478
8045.112747 13154.872213 -15.865586
8095.112747 13154.872213 -12.763574
8145.112747 13154.872213 -9.546808
8195.112747 13154.872213 -6.247224
8245.112747 13154.872213 -2.904487
8295.112747 13154.872213 0.475785
8345.112747 13154.872213 3.842034
8395.112747 13154.872213 7.184690
8445.112747 13154.872213 10.431793
8495.112747 13154.872213 13.568447
8545.112747 13154.872213 16.531805
8595.112747 13154.872213 19.364780
8645.112747 13154.872213 22.000023
8695.112747 13154.872213 24.412189
8745.112747 13154.872213 26.585978
8795.112747 13154.872213 28.532742
8845.112747 13154.872213 30.265329
8895.112747 13154.872213 31.803392
8945.112747 13154.872213 33.135017
8995.112747 13154.872213 34.256962
9045.112747 13154.872213 35.119808
9095.112747 13154.872213 35.794308
9145.112747 13154.872213 36.369278
9195.112747 13154.872213 36.895905
9245.112747 13154.872213 37.421364
9295.112747 13154.872213 37.888824
9345.112747 13154.872213 38.255707
9395.112747 13154.872213 38.478992
9445.112747 13154.872213 38.482433
9495.112747 13154.872213 38.203976
9545.112747 13154.872213 37.529255
9595.112747 13154.872213 36.510574
9645.112747 13154.872213 35.180466
9695.112747 13154.872213 33.589558
9745.112747 13154.872213 31.666269
9795.112747 13154.872213 29.380463
9845.112747 13154.872213 26.704401
9895.112747 13154.872213 23.661135
9945.112747 13154.872213 20.311869
9995.112747 13154.872213 16.678173
10045.112747 13154.872213 12.772821
10095.112747 13154.872213 8.672429
10145.112747 13154.872213 4.411044
10195.112747 13154.872213 0.031931
10245.112747 13154.872213 -4.445708
10295.112747 13154.872213 -8.999185
10345.112747 13154.872213 -13.608708
10395.112747 13154.872213 -18.236116
10445.112747 13154.872213 -22.826168
10495.112747 13154.872213 -27.262285
10545.112747 13154.872213 -31.634058
10595.112747 13154.872213 -35.941170
10645.112747 13154.872213 -40.290783
10695.112747 13154.872213 -44.649986
10745.112747 13154.872213 -48.974232
10795.112747 13154.872213 -53.238682
10845.112747 13154.872213 -57.423397
10895.112747 13154.872213 -61.492153
10945.112747 13154.872213 -65.412590
10995.112747 13154.872213 -69.082176
11045.112747 13154.872213 -72.363129
11095.112747 13154.872213 -75.157547
11145.112747 13154.872213 -77.382591
11195.112747 13154.872213 -79.022049
11245.112747 13154.872213 -80.079399
11295.112747 13154.872213 -80.523621
11345.112747 13154.872213 -80.393715
11395.112747 13154.872213 -79.677582
11445.112747 13154.872213 -78.366760
11495.112747 13154.872213 -76.558975
11545.112747 13154.872213 -74.341454
11595.112747 13154.872213 -71.808792
11645.112747 13154.872213 -69.038338
11695.112747 13154.872213 -66.117226
11745.112747 13154.872213 -63.094959
11795.112747 13154.872213 -60.050240
11845.112747 13154.872213 -56.979336
11895.112747 13154.872213 -53.932365
11945.112747 13154.872213 -50.896450
11995.112747 13154.872213 -47.867405
12045.112747 13154.872213 -44.797680
12095.112747 13154.872213 -41.734055
12145.112747 13154.872213 -38.687603
12195.112747 13154.872213 -35.673492
12245.112747 13154.872213 -32.637337
12295.112747 13154.872213 -29.613855
12345.112747 13154.872213 -26.610235
12395.112747 13154.872213 -23.638611
12445.112747 13154.872213 -20.742556
12495.112747 13154.872213 -17.932653
12545.112747 13154.872213 -15.243091
12595.112747 13154.872213 -12.703940
12645.112747 13154.872213 -10.330210
12695.112747 13154.872213 -8.121258
12745.112747 13154.872213 -6.104294
12795.112747 13154.872213 -4.280835
12845.112747 13154.872213 -2.691219
12895.112747 13154.872213 -1.304411
12945.112747 13154.872213 -0.054065
12995.112747 13154.872213 1.022574
13045.112747 13154.872213 1.856274
13095.112747 13154.872213 2.428492
13145.112747 13154.872213 2.772914
13195.112747 13154.872213 2.936973
13245.112747 13154.872213 2.913420
13295.112747 13154.872213 2.772590
13345.112747 13154.872213 2.455418
13395.112747 13154.872213 1.958936
13445.112747 13154.872213 1.280836
13495.112747 13154.872213 0.374662
13545.112747 13154.872213 -0.780579
13595.112747 13154.872213 -2.166624
13645.112747 13154.872213 -3.725410
13695.112747 13154.872213 -5.422572
13745.112747 13154.872213 -7.219361
13795.112747 13154.872213 -9.126577
13845.112747 13154.872213 -11.117557
13895.112747 13154.872213 -13.133574
13945.112747 13154.872213 -15.210475
13995.112747 13154.872213 -17.330164
6545.112747 13204.872213 -35.878586
6595.112747 13204.872213 -37.703167
6645.112747 13204.872213 -39.559280
6695.112747 13204.872213 -41.449528
6745.112747 13204.872213 -43.371578
6795.112747 13204.872213 -45.305698
6845.112747 13204.872213 -47.183117
6895.112747 13204.872213 -48.961376
6945.112747 13204.872213 -50.578083
6995.112747 13204.872213 -51.949722
7045.112747 13204.872213 -53.053593
7095.112747 13204.872213 -53.882645
7145.112747 13204.872213 -54.444489
7195.112747 13204.872213 -54.781727
7245.112747 13204.872213 -54.885212
7295.112747 13204.872213 -54.729534
7345.112747 13204.872213 -54.263802
7395.112747 13204.872213 -53.529854
7445.112747 13204.872213 -52.477077
7495.112747 13204.872213 -51.126900
7545.112747 13204.872213 -49.539772
7595.112747 13204.872213 -47.794010
7645.112747 13204.872213 -45.885883
7695.112747 13204.872213 -43.797932
7745.112747 13204.872213 -41.486118
7795.112747 13204.872213 -38.972782
7845.112747 13204.872213 -36.262989
7895.112747 13204.872213 -33.377438
7945.112747 13204.872213 -30.289825
7995.112747 13204.872213 -27.070986
8045.112747 13204.872213 -23.739807
8095.112747 13204.872213 -20.284067
8145.112747 13204.872213 -16.697447
8195.112747 13204.872213 -12.994151
8245.112747 13204.872213 -9.240622
8295.112747 13204.872213 -5.514101
8345.112747 13204.872213 -1.819993
8395.112747 13204.872213 1.810831
8445.112747 13204.872213 5.369099
8495.112747 13204.872213 8.786033
8545.112747 13204.872213 12.041823
8595.112747 13204.872213 15.092677
8645.112747 13204.872213 17.894844
8695.112747 13204.872213 20.455048
8745.112747 13204.872213 22.768818
8795.112747 13204.872213 24.837597
8845.112747 13204.872213 26.686930
8895.112747 13204.872213 28.312912
8945.112747 13204.872213 29.693329
8995.112747 13204.872213 30.809229
9045.112747 13204.872213 31.679789
9095.112747 13204.872213 32.355347
9145.112747 13204.872213 32.915955
9195.112747 13204.872213 33.451412
9245.112747 13204.872213 33.939503
9295.112747 13204.872213 34.356998
9345.112747 13204.872213 34.658085
9395.112747 13204.872213 34.821529
9445.112747 13204.872213 34.776058
9495.112747 13204.872213 34.459198
9545.112747 13204.872213 33.840786
9595.112747 13204.872213 32.921402
9645.112747 13204.872213 31.718603
9695.112747 13204.872213 30.226429
9745.112747 13204.872213 28.402372
9795.112747 13204.872213 26.203331
9845.112747 13204.872213 23.639383
9895.112747 13204.872213 20.693489
9945.112747 13204.872213 17.445374
9995.112747 13204.872213 13.917909
10045.112747 13204.872213 10.175706
10095.112747 13204.872213 6.252262
10145.112747 13204.872213 2.206010
10195.112747 13204.872213 -1.954026
10245.112747 13204.872213 -6.213899
10295.112747 13204.872213 -10.605927
10345.112747 13204.872213 -15.067879
10395.112747 13204.872213 -19.578386
10445.112747 13204.872213 -24.048544
10495.112747 13204.872213 -28.454327
10545.112747 13204.872213 -32.783096
10595.112747 13204.872213 -37.136333
10645.112747 13204.872213 -41.540047
10695.112747 13204.872213 -46.000072
10745.112747 13204.872213 -50.453918
10795.112747 13204.872213 -54.907978
10845.112747 13204.872213 -59.324471
10895.112747 13204.872213 -63.688938
10945.112747 13204.872213 -67.908272
10995.112747 13204.872213 -71.881966
11045.112747 13204.872213 -75.461182
11095.112747 13204.872213 -78.516876
11145.112747 13204.872213 -80.950638
11195.112747 13204.872213 -82.756470
11245.112747 13204.872213 -83.861542
11295.112747 13204.872213 -84.309250
11345.112747 13204.872213 -84.072037
11395.112747 13204.872213 -83.181519
11445.112747 13204.872213 -81.652954
11495.112747 13204.872213 -79.609627
11545.112747 13204.872213 -77.196846
11595.112747 13204.872213 -74.520653
11645.112747 13204.872213 -71.632996
11695.112747 13204.872213 -68.586311
11745.112747 13204.872213 -65.481880
11795.112747 13204.872213 -62.373554
11845.112747 13204.872213 -59.306644
11895.112747 13204.872213 -56.241592
11945.112747 13204.872213 -53.167442
11995.112747 13204.872213 -50.013981
12045.112747 13204.872213 -46.811691
12095.112747 13204.872213 -43.575790
12145.112747 13204.872213 -40.376324
12195.112747 13204.872213 -37.197613
12245.112747 13204.872213 -34.019791
12295.112747 13204.872213 -30.822550
12345.112747 13204.872213 -27.609142
12395.112747 13204.872213 -24.407070
12445.112747 13204.872213 -21.254543
12495.112747 13204.872213 -18.245302
12545.112747 13204.872213 -15.453192
12595.112747 13204.872213 -12.860656
12645.112747 13204.872213 -10.450762
12695.112747 13204.872213 -8.237080
12745.112747 13204.872213 -6.175806
12795.112747 13204.872213 -4.338236
12845.112747 13204.872213 -2.737843
12895.112747 13204.872213 -1.340952
12945.112747 13204.872213 -0.102486
12995.112747 13204.872213 0.940822
13045.112747 13204.872213 1.790606
13095.112747 13204.872213 2.374648
13145.112747 13204.872213 2.757827
13195.112747 13204.872213 2.914513
13245.112747 13204.872213 2.895464
13295.112747 13204.872213 2.697945
13345.112747 13204.872213 2.375453
13395.112747 13204.872213 1.859076
13445.112747 13204.872213 1.163860
13495.112747 13204.872213 0.252238
13545.112747 13204.872213 -0.892997
13595.112747 13204.872213 -2.282480
13645.112747 13204.872213 -3.879888
13695.112747 13204.872213 -5.620276
13745.112747 13204.872213 -7.476329
13795.112747 13204.872213 -9.478960
13845.112747 13204.872213 -11.594251
13895.112747 13204.872213 -13.746342
13945.112747 13204.872213 -15.953235
13995.112747 13204.872213 -18.207901
6545.112747 13254.872213 -45.146725
6595.112747 13254.872213 -47.352562
6645.112747 13254.872213 -49.577919
6695.112747 13254.872213 -51.821484
6745.112747 13254.872213 -54.049553
6795.112747 13254.872213 -56.256130
6845.112747 13254.872213 -58.346874
6895.112747 13254.872213 -60.286602
6945.112747 13254.872213 -62.001450
6995.112747 13254.872213 -63.433510
7045.112747 13254.872213 -64.531303
7095.112747 13254.872213 -65.331833
7145.112747 13254.872213 -65.889091
7195.112747 13254.872213 -66.219360
7245.112747 13254.872213 -66.321777
7295.112747 13254.872213 -66.184326
7345.112747 13254.872213 -65.753075
7395.112747 13254.872213 -64.982582
7445.112747 13254.872213 -63.848293
7495.112747 13254.872213 -62.359970
7545.112747 13254.872213 -60.589211
7595.112747 13254.872213 -58.618053
7645.112747 13254.872213 -56.467438
7695.112747 13254.872213 -54.124943
7745.112747 13254.872213 -51.547855
7795.112747 13254.872213 -48.731472
7845.112747 13254.872213 -45.710541
7895.112747 13254.872213 -42.502899
7945.112747 13254.872213 -39.103302
7995.112747 13254.872213 -35.535313
8045.112747 13254.872213 -31.821312
8095.112747 13254.872213 -27.966946
8145.112747 13254.872213 -23.961483
8195.112747 13254.872213 -19.848154
8245.112747 13254.872213 -15.711922
8295.112747 13254.872213 -11.600135
8345.112747 13254.872213 -7.560275
8395.112747 13254.872213 -3.611749
8445.112747 13254.872213 0.247619
8495.112747 13254.872213 3.981256
8545.112747 13254.872213 7.523217
8595.112747 13254.872213 10.823498
8645.112747 13254.872213 13.846998
8695.112747 13254.872213 16.598619
8745.112747 13254.872213 19.085632
8795.112747 13254.872213 21.302284
8845.112747 13254.872213 23.270914
8895.112747 13254.872213 24.991554
8945.112747 13254.872213 26.443670
8995.112747 13254.872213 27.639097
9045.112747 13254.872213 28.586819
9095.112747 13254.872213 29.328625
9145.112747 13254.872213 29.949688
9195.112747 13254.872213 30.470051
9245.112747 13254.872213 30.914442
9295.112747 13254.872213 31.246262
9345.112747 13254.872213 31.447994
9395.112747 13254.872213 31.481623
9445.112747 13254.872213 31.329674
9495.112747 13254.872213 30.945829
9545.112747 13254.872213 30.336138
9595.112747 13254.872213 29.496040
9645.112747 13254.872213 28.370319
9695.112747 13254.872213 26.940441
9745.112747 13254.872213 25.185883
9795.112747 13254.872213 23.089006
9845.112747 13254.872213 20.632730
9895.112747 13254.872213 17.836687
9945.112747 13254.872213 14.710986
9995.112747 13254.872213 11.345389
10045.112747 13254.872213 7.776176
10095.112747 13254.872213 4.075932
10145.112747 13254.872213 0.225083
10195.112747 13254.872213 -3.719755
10245.112747 13254.872213 -7.776709
10295.112747 13254.872213 -11.952286
10345.112747 13254.872213 -16.240656
10395.112747 13254.872213 -20.576204
10445.112747 13254.872213 -24.923588
10495.112747 13254.872213 -29.250639
10545.112747 13254.872213 -33.597565
10595.112747 13254.872213 -37.975872
10645.112747 13254.872213 -42.425987
10695.112747 13254.872213 -46.921593
10745.112747 13254.872213 -51.480045
10795.112747 13254.872213 -56.081814
10845.112747 13254.872213 -60.706459
10895.112747 13254.872213 -65.293808
10945.112747 13254.872213 -69.757721
10995.112747 13254.872213 -73.964577
11045.112747 13254.872213 -77.777588
11095.112747 13254.872213 -81.083130
11145.112747 13254.872213 -83.810226
11195.112747 13254.872213 -85.826744
11245.112747 13254.872213 -87.080368
11295.112747 13254.872213 -87.495338
11345.112747 13254.872213 -87.118637
11395.112747 13254.872213 -86.011864
11445.112747 13254.872213 -84.280907
11495.112747 13254.872213 -82.052826
11545.112747 13254.872213 -79.476089
11595.112747 13254.872213 -76.658585
11645.112747 13254.872213 -73.672127
11695.112747 13254.872213 -70.556000
11745.112747 13254.872213 -67.357491
11795.112747 13254.872213 -64.183937
11845.112747 13254.872213 -61.054276
11895.112747 13254.872213 -57.954037
11945.112747 13254.872213 -54.802433
11995.112747 13254.872213 -51.595371
12045.112747 13254.872213 -48.310436
12095.112747 13254.872213 -44.981094
12145.112747 13254.872213 -41.625385
12195.112747 13254.872213 -38.299564
12245.112747 13254.872213 -35.007126
12295.112747 13254.872213 -31.699341
12345.112747 13254.872213 -28.346125
12395.112747 13254.872213 -24.978895
12445.112747 13254.872213 -21.648687
12495.112747 13254.872213 -18.487047
12545.112747 13254.872213 -15.578686
12595.112747 13254.872213 -12.914961
12645.112747 13254.872213 -10.489264
12695.112747 13254.872213 -8.245569
12745.112747 13254.872213 -6.187970
12795.112747 13254.872213 -4.335462
12845.112747 13254.872213 -2.743021
12895.112747 13254.872213 -1.342694
12945.112747 13254.872213 -0.161942
12995.112747 13254.872213 0.830572
13045.112747 13254.872213 1.592631
13095.112747 13254.872213 2.169767
13145.112747 13254.872213 2.520029
13195.112747 13254.872213 2.697953
13245.112747 13254.872213 2.671868
13295.112747 13254.872213 2.494105
13345.112747 13254.872213 2.145560
13395.112747 13254.872213 1.640920
13445.112747 13254.872213 0.930362
13495.112747 13254.872213 0.027003
13545.112747 13254.872213 -1.104610
13595.112747 13254.872213 -2.458970
13645.112747 13254.872213 -4.046611
13695.112747 13254.872213 -5.796542
13745.112747 13254.872213 -7.712048
13795.112747 13254.872213 -9.791548
13845.112747 13254.872213 -11.970953
13895.112747 13254.872213 -14.211727
13945.112747 13254.872213 -16.514160
13995.112747 13254.872213 -18.862268
6545.112747 13304.872213 -54.451225
6595.112747 13304.872213 -57.093987
6645.112747 13304.872213 -59.711525
6695.112747 13304.872213 -62.295094
6745.112747 13304.872213 -64.845520
6795.112747 13304.872213 -67.306595
6845.112747 13304.872213 -69.614151
6895.112747 13304.872213 -71.712547
6945.112747 13304.872213 -73.548943
6995.112747 13304.872213 -75.050072
7045.112747 13304.872213 -76.180733
7095.112747 13304.872213 -76.968689
7145.112747 13304.872213 -77.526230
7195.112747 13304.872213 -77.865074
7245.112747 13304.872213 -77.985313
7295.112747 13304.872213 -77.869171
7345.112747 13304.872213 -77.445549
7395.112747 13304.872213 -76.631104
7445.112747 13304.872213 -75.415604
7495.112747 13304.872213 -73.815636
7545.112747 13304.872213 -71.913803
7595.112747 13304.872213 -69.727318
7645.112747 13304.872213 -67.337242
7695.112747 13304.872213 -64.714607
7745.112747 13304.872213 -61.870117
7795.112747 13304.872213 -58.785076
7845.112747 13304.872213 -55.458775
7895.112747 13304.872213 -51.904514
7945.112747 13304.872213 -48.140820
7995.112747 13304.872213 -44.184647
8045.112747 13304.872213 -40.053818
8095.112747 13304.872213 -35.762684
8145.112747 13304.872213 -31.351377
8195.112747 13304.872213 -26.844576
8245.112747 13304.872213 -22.295959
8295.112747 13304.872213 -17.776566
8345.112747 13304.872213 -13.331060
8395.112747 13304.872213 -9.018929
8445.112747 13304.872213 -4.824131
8495.112747 13304.872213 -0.778454
8545.112747 13304.872213 3.062952
8595.112747 13304.872213 6.626423
8645.112747 13304.872213 9.885518
8695.112747 13304.872213 12.847573
8745.112747 13304.872213 15.537181
8795.112747 13304.872213 17.925406
8845.112747 13304.872213 20.025328
8895.112747 13304.872213 21.868534
8945.112747 13304.872213 23.439362
8995.112747 13304.872213 24.750759
9045.112747 13304.872213 25.832380
9095.112747 13304.872213 26.694036
9145.112747 13304.872213 27.364740
9195.112747 13304.872213 27.883833
9245.112747 13304.872213 28.250427
9295.112747 13304.872213 28.478098
9345.112747 13304.872213 28.556557
9395.112747 13304.872213 28.447828
9445.112747 13304.872213 28.179422
9495.112747 13304.872213 27.709972
9545.112747 13304.872213 27.081768
9595.112747 13304.872213 26.248358
9645.112747 13304.872213 25.153946
9695.112747 13304.872213 23.752018
9745.112747 13304.872213 22.038260
9795.112747 13304.872213 20.036066
9845.112747 13304.872213 17.720081
9895.112747 13304.872213 15.076678
9945.112747 13304.872213 12.110086
9995.112747 13304.872213 8.900720
10045.112747 13304.872213 5.529491
10095.112747 13304.872213 2.019513
10145.112747 13304.872213 -1.605104
10195.112747 13304.872213 -5.361863
10245.112747 13304.872213 -9.203748
10295.112747 13304.872213 -13.181501
10345.112747 13304.872213 -17.274248
10395.112747 13304.872213 -21.409615
10445.112747 13304.872213 -25.580780
10495.112747 13304.872213 -29.829071
10545.112747 13304.872213 -34.138683
10595.112747 13304.872213 -38.538788
10645.112747 13304.872213 -42.993351
10695.112747 13304.872213 -47.529289
10745.112747 13304.872213 -52.151779
10795.112747 13304.872213 -56.854706
10845.112747 13304.872213 -61.591991
10895.112747 13304.872213 -66.321503
10945.112747 13304.872213 -70.937706
10995.112747 13304.872213 -75.302330
11045.112747 13304.872213 -79.303223
11095.112747 13304.872213 -82.839966
11145.112747 13304.872213 -85.816711
11195.112747 13304.872213 -88.121559
11245.112747 13304.872213 -89.555862
11295.112747 13304.872213 -89.897079
11345.112747 13304.872213 -89.342766
11395.112747 13304.872213 -88.071632
11445.112747 13304.872213 -86.205605
11495.112747 13304.872213 -83.868874
11545.112747 13304.872213 -81.194435
11595.112747 13304.872213 -78.275421
11645.112747 13304.872213 -75.206413
11695.112747 13304.872213 -72.031441
11745.112747 13304.872213 -68.807373
11795.112747 13304.872213 -65.554878
11845.112747 13304.872213 -62.325809
11895.112747 13304.872213 -59.115761
11945.112747 13304.872213 -55.886562
11995.112747 13304.872213 -52.618042
12045.112747 13304.872213 -49.319633
12095.112747 13304.872213 -45.938873
12145.112747 13304.872213 -42.483997
12195.112747 13304.872213 -39.038414
12245.112747 13304.872213 -35.632256
12295.112747 13304.872213 -32.235641
12345.112747 13304.872213 -28.804779
12395.112747 13304.872213 -25.339365
12445.112747 13304.872213 -21.919634
12495.112747 13304.872213 -18.652630
12545.112747 13304.872213 -15.634107
12595.112747 13304.872213 -12.894557
12645.112747 13304.872213 -10.410744
12695.112747 13304.872213 -8.150045
12745.112747 13304.872213 -6.096179
12795.112747 13304.872213 -4.287359
12845.112747 13304.872213 -2.703378
12895.112747 13304.872213 -1.337582
12945.112747 13304.872213 -0.219103
12995.112747 13304.872213 0.645581
13045.112747 13304.872213 1.311286
13095.112747 13304.872213 1.802421
13145.112747 13304.872213 2.142885
13195.112747 13304.872213 2.307980
13245.112747 13304.872213 2.305353
13295.112747 13304.872213 2.110258
13345.112747 13304.872213 1.777033
13395.112747 13304.872213 1.288141
13445.112747 13304.872213 0.590968
13495.112747 13304.872213 -0.301340
13545.112747 13304.872213 -1.397113
13595.112747 13304.872213 -2.716665
13645.112747 13304.872213 -4.254491
13695.112747 13304.872213 -5.997458
13745.112747 13304.872213 -7.941772
13795.112747 13304.872213 -10.048275
13845.112747 13304.872213 -12.245326
13895.112747 13304.872213 -14.527969
13945.112747 13304.872213 -16.884703
13995.112747 13304.872213 -19.260422
6545.112747 13354.872213 -63.824459
6595.112747 13354.872213 -66.854866
6645.112747 13354.872213 -69.844215
6695.112747 13354.872213 -72.773560
6745.112747 13354.872213 -75.631844
6795.112747 13354.872213 -78.388687
6845.112747 13354.872213 -80.923332
6895.112747 13354.872213 -83.189934
6945.112747 13354.872213 -85.132896
6995.112747 13354.872213 -86.734558
7045.112747 13354.872213 -87.949501
7095.112747 13354.872213 -88.792908
7145.112747 13354.872213 -89.369980
7195.112747 13354.872213 -89.727791
7245.112747 13354.872213 -89.854149
7295.112747 13354.872213 -89.720306
7345.112747 13354.872213 -89.270523
7395.112747 13354.872213 -88.422363
7445.112747 13354.872213 -87.148590
7495.112747 13354.872213 -85.500061
7545.112747 13354.872213 -83.453156
7595.112747 13354.872213 -81.110298
7645.112747 13354.872213 -78.468948
7695.112747 13354.872213 -75.559578
7745.112747 13354.872213 -72.425850
7795.112747 13354.872213 -69.049805
7845.112747 13354.872213 -65.398727
7895.112747 13354.872213 -61.472298
7945.112747 13354.872213 -57.334541
7995.112747 13354.872213 -52.972237
8045.112747 13354.872213 -48.420670
8095.112747 13354.872213 -43.695854
8145.112747 13354.872213 -38.835629
8195.112747 13354.872213 -33.903507
8245.112747 13354.872213 -28.933010
8295.112747 13354.872213 -23.959677
8345.112747 13354.872213 -19.083199
8395.112747 13354.872213 -14.357430
8445.112747 13354.872213 -9.793746
8495.112747 13354.872213 -5.405478
8545.112747 13354.872213 -1.274429
8595.112747 13354.872213 2.560299
8645.112747 13354.872213 6.073678
8695.112747 13354.872213 9.273849
8745.112747 13354.872213 12.164981
8795.112747 13354.872213 14.748343
8845.112747 13354.872213 17.026735
8895.112747 13354.872213 19.008541
8945.112747 13354.872213 20.715841
8995.112747 13354.872213 22.164558
9045.112747 13354.872213 23.373533
9095.112747 13354.872213 24.345520
9145.112747 13354.872213 25.090279
9195.112747 13354.872213 25.597895
9245.112747 13354.872213 25.903069
9295.112747 13354.872213 26.002956
9345.112747 13354.872213 25.934528
9395.112747 13354.872213 25.680532
9445.112747 13354.872213 25.271872
9495.112747 13354.872213 24.737520
9545.112747 13354.872213 24.063112
9595.112747 13354.872213 23.192911
9645.112747 13354.872213 22.078377
9695.112747 13354.872213 20.674122
9745.112747 13354.872213 18.992310
9795.112747 13354.872213 17.053228
9845.112747 13354.872213 14.851734
9895.112747 13354.872213 12.348581
9945.112747 13354.872213 9.568983
9995.112747 13354.872213 6.544035
10045.112747 13354.872213 3.356985
10095.112747 13354.872213 0.041916
10145.112747 13354.872213 -3.401427
10195.112747 13354.872213 -6.964581
10245.112747 13354.872213 -10.628636
10295.112747 13354.872213 -14.399796
10345.112747 13354.872213 -18.284027
10395.112747 13354.872213 -22.225582
10445.112747 13354.872213 -26.212324
10495.112747 13354.872213 -30.324490
10545.112747 13354.872213 -34.564339
10595.112747 13354.872213 -38.915554
10645.112747 13354.872213 -43.352947
10695.112747 13354.872213 -47.887733
10745.112747 13354.872213 -52.538769
10795.112747 13354.872213 -57.253548
10845.112747 13354.872213 -62.031021
10895.112747 13354.872213 -66.795845
10945.112747 13354.872213 -71.488358
10995.112747 13354.872213 -75.949829
11045.112747 13354.872213 -80.062920
11095.112747 13354.872213 -83.752022
11145.112747 13354.872213 -86.909660
11195.112747 13354.872213 -89.417175
11245.112747 13354.872213 -91.086601
11295.112747 13354.872213 -91.274094
11345.112747 13354.872213 -90.590683
11395.112747 13354.872213 -89.252380
11445.112747 13354.872213 -87.363358
11495.112747 13354.872213 -85.040848
11545.112747 13354.872213 -82.357468
11595.112747 13354.872213 -79.401703
11645.112747 13354.872213 -76.298546
11695.112747 13354.872213 -73.104126
11745.112747 13354.872213 -69.832680
11795.112747 13354.872213 -66.505028
11845.112747 13354.872213 -63.163731
11895.112747 13354.872213 -59.835346
11945.112747 13354.872213 -56.512779
11995.112747 13354.872213 -53.214603
12045.112747 13354.872213 -49.886623
12095.112747 13354.872213 -46.476501
12145.112747 13354.872213 -42.983963
12195.112747 13354.872213 -39.464993
12245.112747 13354.872213 -35.958553
12295.112747 13354.872213 -32.471539
12345.112747 13354.872213 -28.961771
12395.112747 13354.872213 -25.468683
12445.112747 13354.872213 -22.015957
12495.112747 13354.872213 -18.695282
12545.112747 13354.872213 -15.593857
12595.112747 13354.872213 -12.776028
12645.112747 13354.872213 -10.233948
12695.112747 13354.872213 -7.961221
12745.112747 13354.872213 -5.945107
12795.112747 13354.872213 -4.185092
12845.112747 13354.872213 -2.648374
12895.112747 13354.872213 -1.359572
12945.112747 13354.872213 -0.350141
12995.112747 13354.872213 0.399012
13045.112747 13354.872213 0.941327
13095.112747 13354.872213 1.361051
13145.112747 13354.872213 1.658027
13195.112747 13354.872213 1.811118
13245.112747 13354.872213 1.791754
13295.112747 13354.872213 1.600026
13345.112747 13354.872213 1.272837
13395.112747 13354.872213 0.805003
13445.112747 13354.872213 0.141552
13495.112747 13354.872213 -0.732889
13545.112747 13354.872213 -1.793463
13595.112747 13354.872213 -3.048810
13645.112747 13354.872213 -4.532219
13695.112747 13354.872213 -6.243350
13745.112747 13354.872213 -8.167488
13795.112747 13354.872213 -10.246368
13845.112747 13354.872213 -12.439051
13895.112747 13354.872213 -14.709718
13945.112747 13354.872213 -17.041794
13995.112747 13354.872213 -19.393522
6545.112747 13404.872213 -73.187012
6595.112747 13404.872213 -76.561745
6645.112747 13404.872213 -79.885284
6695.112747 13404.872213 -83.136185
6745.112747 13404.872213 -86.310440
6795.112747 13404.872213 -89.340935
6845.112747 13404.872213 -92.144279
6895.112747 13404.872213 -94.601822
6945.112747 13404.872213 -96.701653
6995.112747 13404.872213 -98.417946
7045.112747 13404.872213 -99.788887
7095.112747 13404.872213 -100.769547
7145.112747 13404.872213 -101.427818
7195.112747 13404.872213 -101.832260
7245.112747 13404.872213 -101.984596
7295.112747 13404.872213 -101.823143
7345.112747 13404.872213 -101.301033
7395.112747 13404.872213 -100.398598
7445.112747 13404.872213 -99.082176
7495.112747 13404.872213 -97.329498
7545.112747 13404.872213 -95.193611
7595.112747 13404.872213 -92.660103
7645.112747 13404.872213 -89.779945
7695.112747 13404.872213 -86.595222
7745.112747 13404.872213 -83.133476
7795.112747 13404.872213 -79.422974
7845.112747 13404.872213 -75.434235
7895.112747 13404.872213 -71.169159
7945.112747 13404.872213 -66.628761
7995.112747 13404.872213 -61.871571
8045.112747 13404.872213 -56.863167
8095.112747 13404.872213 -51.656651
8145.112747 13404.872213 -46.334137
8195.112747 13404.872213 -40.938587
8245.112747 13404.872213 -35.516689
8295.112747 13404.872213 -30.105938
8345.112747 13404.872213 -24.783648
8395.112747 13404.872213 -19.616550
8445.112747 13404.872213 -14.645186
8495.112747 13404.872213 -9.905593
8545.112747 13404.872213 -5.455913
8595.112747 13404.872213 -1.317918
8645.112747 13404.872213 2.477104
8695.112747 13404.872213 5.940562
8745.112747 13404.872213 9.045372
8795.112747 13404.872213 11.821400
8845.112747 13404.872213 14.286360
8895.112747 13404.872213 16.461893
8945.112747 13404.872213 18.320272
8995.112747 13404.872213 19.896162
9045.112747 13404.872213 21.213140
9095.112747 13404.872213 22.280769
9145.112747 13404.872213 23.060179
9195.112747 13404.872213 23.569920
9245.112747 13404.872213 23.803286
9295.112747 13404.872213 23.801092
9345.112747 13404.872213 23.572151
9395.112747 13404.872213 23.165012
9445.112747 13404.872213 22.636410
9495.112747 13404.872213 22.023283
9545.112747 13404.872213 21.253618
9595.112747 13404.872213 20.330303
9645.112747 13404.872213 19.153057
9695.112747 13404.872213 17.720074
9745.112747 13404.872213 16.042429
9795.112747 13404.872213 14.173767
9845.112747 13404.872213 12.066959
9895.112747 13404.872213 9.689720
9945.112747 13404.872213 7.053429
9995.112747 13404.872213 4.206717
10045.112747 13404.872213 1.175822
10095.112747 13404.872213 -1.997868
10145.112747 13404.872213 -5.254559
10195.112747 13404.872213 -8.643530
10245.112747 13404.872213 -12.113235
10295.112747 13404.872213 -15.699389
10345.112747 13404.872213 -19.374132
10395.112747 13404.872213 -23.123377
10445.112747 13404.872213 -26.950598
10495.112747 13404.872213 -30.891724
10545.112747 13404.872213 -34.989758
10595.112747 13404.872213 -39.223969
10645.112747 13404.872213 -43.607586
10695.112747 13404.872213 -48.107502
10745.112747 13404.872213 -52.696903
10795.112747 13404.872213 -57.358780
10845.112747 13404.872213 -62.059597
10895.112747 13404.872213 -66.809227
10945.112747 13404.872213 -71.475151
10995.112747 13404.872213 -75.941818
11045.112747 13404.872213 -80.086479
11095.112747 13404.872213 -83.818314
11145.112747 13404.872213 -87.001633
11195.112747 13404.872213 -89.482666
11245.112747 13404.872213 -91.017799
11295.112747 13404.872213 -91.382637
11345.112747 13404.872213 -90.818901
11395.112747 13404.872213 -89.564079
11445.112747 13404.872213 -87.761459
11495.112747 13404.872213 -85.520325
11545.112747 13404.872213 -82.943062
11595.112747 13404.872213 -80.068939
11645.112747 13404.872213 -77.002533
11695.112747 13404.872213 -73.792015
11745.112747 13404.872213 -70.476074
11795.112747 13404.872213 -67.071747
11845.112747 13404.872213 -63.614117
11895.112747 13404.872213 -60.186375
11945.112747 13404.872213 -56.824646
11995.112747 13404.872213 -53.470123
12045.112747 13404.872213 -50.104160
12095.112747 13404.872213 -46.662773
12145.112747 13404.872213 -43.158451
12195.112747 13404.872213 -39.584736
12245.112747 13404.872213 -36.000179
12295.112747 13404.872213 -32.408169
12345.112747 13404.872213 -28.856789
12395.112747 13404.872213 -25.347677
12445.112747 13404.872213 -21.904589
12495.112747 13404.872213 -18.570749
12545.112747 13404.872213 -15.413533
12595.112747 13404.872213 -12.545264
12645.112747 13404.872213 -9.975751
12695.112747 13404.872213 -7.705514
12745.112747 13404.872213 -5.749979
12795.112747 13404.872213 -4.072712
12845.112747 13404.872213 -2.626739
12895.112747 13404.872213 -1.445143
12945.112747 13404.872213 -0.559524
12995.112747 13404.872213 0.062382
13045.112747 13404.872213 0.519006
13095.112747 13404.872213 0.853485
13145.112747 13404.872213 1.112414
13195.112747 13404.872213 1.238500
13245.112747 13404.872213 1.194028
13295.112747 13404.872213 0.980580
13345.112747 13404.872213 0.652159
13395.112747 13404.872213 0.205419
13445.112747 13404.872213 -0.408832
13495.112747 13404.872213 -1.245992
13545.112747 13404.872213 -2.279594
13595.112747 13404.872213 -3.477659
13645.112747 13404.872213 -4.895807
13695.112747 13404.872213 -6.550776
13745.112747 13404.872213 -8.400236
13795.112747 13404.872213 -10.415685
13845.112747 13404.872213 -12.553376
13895.112747 13404.872213 -14.755620
13945.112747 13404.872213 -17.001743
13995.112747 13404.872213 -19.273125
6545.112747 13454.872213 -82.265236
6595.112747 13454.872213 -85.963432
6645.112747 13454.872213 -89.620247
6695.112747 13454.872213 -93.206322
6745.112747 13454.872213 -96.685471
6795.112747 13454.872213 -100.026299
6845.112747 13454.872213 -103.098045
6895.112747 13454.872213 -105.828964
6945.112747 13454.872213 -108.145241
6995.112747 13454.872213 -110.094185
7045.112747 13454.872213 -111.693726
7095.112747 13454.872213 -112.893402
7145.112747 13454.872213 -113.701591
7195.112747 13454.872213 -114.191658
7245.112747 13454.872213 -114.365845
7295.112747 13454.872213 -114.142433
7345.112747 13454.872213 -113.537964
7395.112747 13454.872213 -112.530304
7445.112747 13454.872213 -111.116592
7495.112747 13454.872213 -109.262321
7545.112747 13454.872213 -106.980766
7595.112747 13454.872213 -104.282967
7645.112747 13454.872213 -101.181320
7695.112747 13454.872213 -97.727783
7745.112747 13454.872213 -93.949509
7795.112747 13454.872213 -89.870323
7845.112747 13454.872213 -85.515671
7895.112747 13454.872213 -80.867722
7945.112747 13454.872213 -75.931252
7995.112747 13454.872213 -70.721718
8045.112747 13454.872213 -65.246674
8095.112747 13454.872213 -59.572292
8145.112747 13454.872213 -53.765659
8195.112747 13454.872213 -47.889977
8245.112747 13454.872213 -41.995037
8295.112747 13454.872213 -36.140453
8345.112747 13454.872213 -30.377851
8395.112747 13454.872213 -24.755833
8445.112747 13454.872213 -19.372599
8495.112747 13454.872213 -14.267123
8545.112747 13454.872213 -9.451762
8595.112747 13454.872213 -4.975386
8645.112747 13454.872213 -0.862091
8695.112747 13454.872213 2.869172
8745.112747 13454.872213 6.209433
8795.112747 13454.872213 9.205911
8845.112747 13454.872213 11.873834
8895.112747 13454.872213 14.214010
8945.112747 13454.872213 16.244406
8995.112747 13454.872213 17.963041
9045.112747 13454.872213 19.390137
9095.112747 13454.872213 20.494257
9145.112747 13454.872213 21.277493
9195.112747 13454.872213 21.735640
9245.112747 13454.872213 21.903732
9295.112747 13454.872213 21.796190
9345.112747 13454.872213 21.462038
9395.112747 13454.872213 20.946852
9445.112747 13454.872213 20.292681
9495.112747 13454.872213 19.534430
9545.112747 13454.872213 18.674080
9595.112747 13454.872213 17.642509
9645.112747 13454.872213 16.394087
9695.112747 13454.872213 14.907073
9745.112747 13454.872213 13.250271
9795.112747 13454.872213 11.407077
9845.112747 13454.872213 9.354658
9895.112747 13454.872213 7.072977
9945.112747 13454.872213 4.545816
9995.112747 13454.872213 1.814460
10045.112747 13454.872213 -1.099189
10095.112747 13454.872213 -4.121756
10145.112747 13454.872213 -7.237098
10195.112747 13454.872213 -10.427723
10245.112747 13454.872213 -13.720734
10295.112747 13454.872213 -17.087547
10345.112747 13454.872213 -20.559956
10395.112747 13454.872213 -24.120949
10445.112747 13454.872213 -27.776445
10495.112747 13454.872213 -31.549702
10545.112747 13454.872213 -35.486641
10595.112747 13454.872213 -39.577900
10645.112747 13454.872213 -43.819622
10695.112747 13454.872213 -48.193439
10745.112747 13454.872213 -52.662998
10795.112747 13454.872213 -57.191269
10845.112747 13454.872213 -61.780052
10895.112747 13454.872213 -66.399307
10945.112747 13454.872213 -70.968506
10995.112747 13454.872213 -75.343452
11045.112747 13454.872213 -79.415520
11095.112747 13454.872213 -83.061150
11145.112747 13454.872213 -86.149757
11195.112747 13454.872213 -88.489525
11245.112747 13454.872213 -89.939316
11295.112747 13454.872213 -90.441803
11345.112747 13454.872213 -90.083916
11395.112747 13454.872213 -89.028526
11445.112747 13454.872213 -87.404289
11495.112747 13454.872213 -85.334236
11545.112747 13454.872213 -82.914894
11595.112747 13454.872213 -80.206718
11645.112747 13454.872213 -77.244438
11695.112747 13454.872213 -74.084457
11745.112747 13454.872213 -70.729050
11795.112747 13454.872213 -67.269203
11845.112747 13454.872213 -63.751228
11895.112747 13454.872213 -60.256168
11945.112747 13454.872213 -56.823971
11995.112747 13454.872213 -53.451607
12045.112747 13454.872213 -50.031269
12095.112747 13454.872213 -46.557446
12145.112747 13454.872213 -43.001617
12195.112747 13454.872213 -39.393024
12245.112747 13454.872213 -35.743748
12295.112747 13454.872213 -32.107510
12345.112747 13454.872213 -28.515665
12395.112747 13454.872213 -25.012022
12445.112747 13454.872213 -21.580908
12495.112747 13454.872213 -18.249847
12545.112747 13454.872213 -15.120873
12595.112747 13454.872213 -12.259243
12645.112747 13454.872213 -9.704001
12695.112747 13454.872213 -7.467358
12745.112747 13454.872213 -5.554115
12795.112747 13454.872213 -3.944378
12845.112747 13454.872213 -2.636870
12895.112747 13454.872213 -1.624910
12945.112747 13454.872213 -0.888334
12995.112747 13454.872213 -0.359689
13045.112747 13454.872213 0.025368
13095.112747 13454.872213 0.311836
13145.112747 13454.872213 0.519965
13195.112747 13454.872213 0.606432
13245.112747 13454.872213 0.533525
13295.112747 13454.872213 0.314720
13345.112747 13454.872213 -0.010166
13395.112747 13454.872213 -0.454741
13445.112747 13454.872213 -1.054278
13495.112747 13454.872213 -1.876637
13545.112747 13454.872213 -2.861520
13595.112747 13454.872213 -3.993628
13645.112747 13454.872213 -5.329916
13695.112747 13454.872213 -6.913559
13745.112747 13454.872213 -8.665835
13795.112747 13454.872213 -10.580997
13845.112747 13454.872213 -12.594106
13895.112747 13454.872213 -14.688315
13945.112747 13454.872213 -16.788797
13995.112747 13454.872213 -18.911079
6545.112747 13504.872213 -90.865265
6595.112747 13504.872213 -94.889664
6645.112747 13504.872213 -98.900131
6695.112747 13504.872213 -102.831825
6745.112747 13504.872213 -106.628616
6795.112747 13504.872213 -110.267021
6845.112747 13504.872213 -113.676582
6895.112747 13504.872213 -116.749550
6945.112747 13504.872213 -119.441223
6995.112747 13504.872213 -121.734650
7045.112747 13504.872213 -123.627510
7095.112747 13504.872213 -125.099472
7145.112747 13504.872213 -126.106483
7195.112747 13504.872213 -126.688690
7245.112747 13504.872213 -126.854561
7295.112747 13504.872213 -126.605721
7345.112747 13504.872213 -125.903038
7395.112747 13504.872213 -124.790558
7445.112747 13504.872213 -123.226509
7495.112747 13504.872213 -121.218781
7545.112747 13504.872213 -118.774376
7595.112747 13504.872213 -115.896980
7645.112747 13504.872213 -112.578049
7695.112747 13504.872213 -108.856911
7745.112747 13504.872213 -104.752808
7795.112747 13504.872213 -100.299538
7845.112747 13504.872213 -95.517204
7895.112747 13504.872213 -90.433990
7945.112747 13504.872213 -85.056908
7995.112747 13504.872213 -79.393517
8045.112747 13504.872213 -73.456093
8095.112747 13504.872213 -67.330544
8145.112747 13504.872213 -61.069649
8195.112747 13504.872213 -54.712570
8245.112747 13504.872213 -48.330566
8295.112747 13504.872213 -42.022972
8345.112747 13504.872213 -35.794422
8395.112747 13504.872213 -29.744711
8445.112747 13504.872213 -23.922663
8495.112747 13504.872213 -18.420053
8545.112747 13504.872213 -13.244602
8595.112747 13504.872213 -8.419618
8645.112747 13504.872213 -3.973805
8695.112747 13504.872213 0.064871
8745.112747 13504.872213 3.703449
8795.112747 13504.872213 6.943277
8845.112747 13504.872213 9.799204
8895.112747 13504.872213 12.311452
8945.112747 13504.872213 14.488232
8995.112747 13504.872213 16.326483
9045.112747 13504.872213 17.812183
9095.112747 13504.872213 18.948643
9145.112747 13504.872213 19.696541
9195.112747 13504.872213 20.111101
9245.112747 13504.872213 20.209595
9295.112747 13504.872213 20.026016
9345.112747 13504.872213 19.613289
9395.112747 13504.872213 19.008341
9445.112747 13504.872213 18.234793
9495.112747 13504.872213 17.297459
9545.112747 13504.872213 16.258297
9595.112747 13504.872213 15.111335
9645.112747 13504.872213 13.775961
9695.112747 13504.872213 12.286036
9745.112747 13504.872213 10.600514
9795.112747 13504.872213 8.752961
9845.112747 13504.872213 6.710934
9895.112747 13504.872213 4.461639
9945.112747 13504.872213 2.007628
9995.112747 13504.872213 -0.627323
10045.112747 13504.872213 -3.434103
10095.112747 13504.872213 -6.357785
10145.112747 13504.872213 -9.327588
10195.112747 13504.872213 -12.353110
10245.112747 13504.872213 -15.442662
10295.112747 13504.872213 -18.620644
10345.112747 13504.872213 -21.881611
10395.112747 13504.872213 -25.241325
10445.112747 13504.872213 -28.721352
10495.112747 13504.872213 -32.334274
10545.112747 13504.872213 -36.108078
10595.112747 13504.872213 -40.003033
10645.112747 13504.872213 -44.038445
10695.112747 13504.872213 -48.208275
10745.112747 13504.872213 -52.485065
10795.112747 13504.872213 -56.833290
10845.112747 13504.872213 -61.242046
10895.112747 13504.872213 -65.651276
10945.112747 13504.872213 -70.017418
10995.112747 13504.872213 -74.205986
11045.112747 13504.872213 -78.105247
11095.112747 13504.872213 -81.561455
11145.112747 13504.872213 -84.452026
11195.112747 13504.872213 -86.656021
11245.112747 13504.872213 -88.048424
11295.112747 13504.872213 -88.631599
11345.112747 13504.872213 -88.486862
11395.112747 13504.872213 -87.689064
11445.112747 13504.872213 -86.322929
11495.112747 13504.872213 -84.456581
11545.112747 13504.872213 -82.242599
11595.112747 13504.872213 -79.718376
11645.112747 13504.872213 -76.930580
11695.112747 13504.872213 -73.848923
11745.112747 13504.872213 -70.547501
11795.112747 13504.872213 -67.077957
11845.112747 13504.872213 -63.551445
11895.112747 13504.872213 -60.027309
11945.112747 13504.872213 -56.568157
11995.112747 13504.872213 -53.120537
12045.112747 13504.872213 -49.669449
12095.112747 13504.872213 -46.140560
12145.112747 13504.872213 -42.556870
12195.112747 13504.872213 -38.903980
12245.112747 13504.872213 -35.235577
12295.112747 13504.872213 -31.577621
12345.112747 13504.872213 -28.022514
12395.112747 13504.872213 -24.526222
12445.112747 13504.872213 -21.101265
12495.112747 13504.872213 -17.808491
12545.112747 13504.872213 -14.747644
12595.112747 13504.872213 -11.964637
12645.112747 13504.872213 -9.479511
12695.112747 13504.872213 -7.289145
12745.112747 13504.872213 -5.430668
12795.112747 13504.872213 -3.915664
12845.112747 13504.872213 -2.764941
12895.112747 13504.872213 -1.908220
12945.112747 13504.872213 -1.300671
12995.112747 13504.872213 -0.851281
13045.112747 13504.872213 -0.514765
13095.112747 13504.872213 -0.267868
13145.112747 13504.872213 -0.114538
13195.112747 13504.872213 -0.056587
13245.112747 13504.872213 -0.144616
13295.112747 13504.872213 -0.344698
13345.112747 13504.872213 -0.673863
13395.112747 13504.872213 -1.155459
13445.112747 13504.872213 -1.797243
13495.112747 13504.872213 -2.580576
13545.112747 13504.872213 -3.514312
13595.112747 13504.872213 -4.592049
13645.112747 13504.872213 -5.856570
13695.112747 13504.872213 -7.320484
13745.112747 13504.872213 -8.963695
13795.112747 13504.872213 -10.751341
13845.112747 13504.872213 -12.613320
13895.112747 13504.872213 -14.508183
13945.112747 13504.872213 -16.427351
13995.112747 13504.872213 -18.351006
6545.112747 13554.872213 -98.909966
6595.112747 13554.872213 -103.275894
6645.112747 13554.872213 -107.617760
6695.112747 13554.872213 -111.899467
6745.112747 13554.872213 -116.053825
6795.112747 13554.872213 -120.048515
6845.112747 13554.872213 -123.821289
6895.112747 13554.872213 -127.315620
6945.112747 13554.872213 -130.463272
6995.112747 13554.872213 -133.204483
7045.112747 13554.872213 -135.461731
7095.112747 13554.872213 -137.215393
7145.112747 13554.872213 -138.459610
7195.112747 13554.872213 -139.181381
7245.112747 13554.872213 -139.399353
7295.112747 13554.872213 -139.143921
7345.112747 13554.872213 -138.418320
7395.112747 13554.872213 -137.172653
7445.112747 13554.872213 -135.441727
7495.112747 13554.872213 -133.224060
7545.112747 13554.872213 -130.548615
7595.112747 13554.872213 -127.422195
7645.112747 13554.872213 -123.847122
7695.112747 13554.872213 -119.819023
7745.112747 13554.872213 -115.375145
7795.112747 13554.872213 -110.505348
7845.112747 13554.872213 -105.277695
7895.112747 13554.872213 -99.740608
7945.112747 13554.872213 -93.910629
7995.112747 13554.872213 -87.770294
8045.112747 13554.872213 -81.409195
8095.112747 13554.872213 -74.844620
8145.112747 13554.872213 -68.120544
8195.112747 13554.872213 -61.301369
8245.112747 13554.872213 -54.474014
8295.112747 13554.872213 -47.673599
8345.112747 13554.872213 -41.015804
8395.112747 13554.872213 -34.522617
8445.112747 13554.872213 -28.281063
8495.112747 13554.872213 -22.347645
8545.112747 13554.872213 -16.779186
8595.112747 13554.872213 -11.594329
8645.112747 13554.872213 -6.813998
8695.112747 13554.872213 -2.438181
8745.112747 13554.872213 1.519241
8795.112747 13554.872213 5.021772
8845.112747 13554.872213 8.093351
8895.112747 13554.872213 10.746720
8945.112747 13554.872213 13.027426
8995.112747 13554.872213 14.935834
9045.112747 13554.872213 16.458969
9095.112747 13554.872213 17.585012
9145.112747 13554.872213 18.341856
9195.112747 13554.872213 18.709848
9245.112747 13554.872213 18.746288
9295.112747 13554.872213 18.497662
9345.112747 13554.872213 18.023283
9395.112747 13554.872213 17.318560
9445.112747 13554.872213 16.398338
9495.112747 13554.872213 15.291505
9545.112747 13554.872213 14.075577
9595.112747 13554.872213 12.745379
9645.112747 13554.872213 11.345536
9695.112747 13554.872213 9.805048
9745.112747 13554.872213 8.098417
9795.112747 13554.872213 6.191246
9845.112747 13554.872213 4.105264
9895.112747 13554.872213 1.869621
9945.112747 13554.872213 -0.542753
9995.112747 13554.872213 -3.106866
10045.112747 13554.872213 -5.811465
10095.112747 13554.872213 -8.611118
10145.112747 13554.872213 -11.458084
10195.112747 13554.872213 -14.329433
10245.112747 13554.872213 -17.251966
10295.112747 13554.872213 -20.232950
10345.112747 13554.872213 -23.300043
10395.112747 13554.872213 -26.466564
10445.112747 13554.872213 -29.757772
10495.112747 13554.872213 -33.191368
10545.112747 13554.872213 -36.765358
10595.112747 13554.872213 -40.441620
10645.112747 13554.872213 -44.234894
10695.112747 13554.872213 -48.158016
10745.112747 13554.872213 -52.186054
10795.112747 13554.872213 -56.308041
10845.112747 13554.872213 -60.453861
10895.112747 13554.872213 -64.596802
10945.112747 13554.872213 -68.678062
10995.112747 13554.872213 -72.591942
11045.112747 13554.872213 -76.214508
11095.112747 13554.872213 -79.424599
11145.112747 13554.872213 -82.104683
11195.112747 13554.872213 -84.134132
11245.112747 13554.872213 -85.480759
11295.112747 13554.872213 -86.143539
11345.112747 13554.872213 -86.179573
11395.112747 13554.872213 -85.630684
11445.112747 13554.872213 -84.519066
11495.112747 13554.872213 -82.930183
11545.112747 13554.872213 -80.931854
11595.112747 13554.872213 -78.619049
11645.112747 13554.872213 -75.986465
11695.112747 13554.872213 -73.066116
11745.112747 13554.872213 -69.859833
11795.112747 13554.872213 -66.466820
11845.112747 13554.872213 -62.990845
11895.112747 13554.872213 -59.501469
11945.112747 13554.872213 -55.995674
11995.112747 13554.872213 -52.519138
12045.112747 13554.872213 -49.013245
12095.112747 13554.872213 -45.443436
12145.112747 13554.872213 -41.803055
12195.112747 13554.872213 -38.157940
12245.112747 13554.872213 -34.499325
12295.112747 13554.872213 -30.907204
12345.112747 13554.872213 -27.362825
12395.112747 13554.872213 -23.901318
12445.112747 13554.872213 -20.531509
12495.112747 13554.872213 -17.338680
12545.112747 13554.872213 -14.375799
12595.112747 13554.872213 -11.700749
12645.112747 13554.872213 -9.321694
12695.112747 13554.872213 -7.247561
12745.112747 13554.872213 -5.476932
12795.112747 13554.872213 -4.056183
12845.112747 13554.872213 -3.028647
12895.112747 13554.872213 -2.314410
12945.112747 13554.872213 -1.792526
12995.112747 13554.872213 -1.397655
13045.112747 13554.872213 -1.097283
13095.112747 13554.872213 -0.871731
13145.112747 13554.872213 -0.745028
13195.112747 13554.872213 -0.721159
13245.112747 13554.872213 -0.807515
13295.112747 13554.872213 -0.994142
13345.112747 13554.872213 -1.341311
13395.112747 13554.872213 -1.861054
13445.112747 13554.872213 -2.541181
13495.112747 13554.872213 -3.328641
13545.112747 13554.872213 -4.237665
13595.112747 13554.872213 -5.278097
13645.112747 13554.872213 -6.454311
13695.112747 13554.872213 -7.788454
13745.112747 13554.872213 -9.296285
13795.112747 13554.872213 -10.921379
13845.112747 13554.872213 -12.597016
13895.112747 13554.872213 -14.279860
13945.112747 13554.872213 -15.970843
13995.112747 13554.872213 -17.665037
6545.112747 13604.872213 -106.312263
6595.112747 13604.872213 -111.012993
6645.112747 13604.872213 -115.705734
6695.112747 13604.872213 -120.339645
6745.112747 13604.872213 -124.866516
6795.112747 13604.872213 -129.253265
6845.112747 13604.872213 -133.450211
6895.112747 13604.872213 -137.408936
6945.112747 13604.872213 -141.084671
6995.112747 13604.872213 -144.330536
7045.112747 13604.872213 -147.029312
7095.112747 13604.872213 -149.143768
7145.112747 13604.872213 -150.672852
7195.112747 13604.872213 -151.617126
7245.112747 13604.872213 -151.968063
7295.112747 13604.872213 -151.766891
7345.112747 13604.872213 -150.970398
7395.112747 13604.872213 -149.607086
7445.112747 13604.872213 -147.666687
7495.112747 13604.872213 -145.205505
7545.112747 13604.872213 -142.238800
7595.112747 13604.872213 -138.818726
7645.112747 13604.872213 -134.907059
7695.112747 13604.872213 -130.525650
7745.112747 13604.872213 -125.659294
7795.112747 13604.872213 -120.351242
7845.112747 13604.872213 -114.672897
7895.112747 13604.872213 -108.679146
7945.112747 13604.872213 -102.345367
7995.112747 13604.872213 -95.760414
8045.112747 13604.872213 -88.956047
8095.112747 13604.872213 -81.965111
8145.112747 13604.872213 -74.809967
8195.112747 13604.872213 -67.576118
8245.112747 13604.872213 -60.318573
8295.112747 13604.872213 -53.089935
8345.112747 13604.872213 -45.989075
8395.112747 13604.872213 -39.091400
8445.112747 13604.872213 -32.411972
8495.112747 13604.872213 -26.041130
8545.112747 13604.872213 -20.061689
8595.112747 13604.872213 -14.485841
8645.112747 13604.872213 -9.344171
8695.112747 13604.872213 -4.618681
8745.112747 13604.872213 -0.345870
8795.112747 13604.872213 3.422113
8845.112747 13604.872213 6.691177
8895.112747 13604.872213 9.497749
8945.112747 13604.872213 11.863908
8995.112747 13604.872213 13.805353
9045.112747 13604.872213 15.333233
9095.112747 13604.872213 16.442926
9145.112747 13604.872213 17.193464
9195.112747 13604.872213 17.552092
9245.112747 13604.872213 17.558840
9295.112747 13604.872213 17.260176
9345.112747 13604.872213 16.669346
9395.112747 13604.872213 15.832448
9445.112747 13604.872213 14.753490
9495.112747 13604.872213 13.491142
9545.112747 13604.872213 12.069886
9595.112747 13604.872213 10.595252
9645.112747 13604.872213 9.067063
9695.112747 13604.872213 7.441432
9745.112747 13604.872213 5.648190
9795.112747 13604.872213 3.673040
9845.112747 13604.872213 1.562611
9895.112747 13604.872213 -0.694719
9945.112747 13604.872213 -3.054435
9995.112747 13604.872213 -5.546907
10045.112747 13604.872213 -8.131613
10095.112747 13604.872213 -10.813280
10145.112747 13604.872213 -13.532771
10195.112747 13604.872213 -16.283762
10245.112747 13604.872213 -19.045607
10295.112747 13604.872213 -21.872221
10345.112747 13604.872213 -24.760801
10395.112747 13604.872213 -27.762394
10445.112747 13604.872213 -30.860317
10495.112747 13604.872213 -34.089245
10545.112747 13604.872213 -37.420757
10595.112747 13604.872213 -40.864239
10645.112747 13604.872213 -44.403938
10695.112747 13604.872213 -48.060360
10745.112747 13604.872213 -51.787045
10795.112747 13604.872213 -55.579823
10845.112747 13604.872213 -59.415268
10895.112747 13604.872213 -63.237148
10945.112747 13604.872213 -66.977043
10995.112747 13604.872213 -70.559586
11045.112747 13604.872213 -73.842773
11095.112747 13604.872213 -76.754105
11145.112747 13604.872213 -79.170929
11195.112747 13604.872213 -81.059624
11245.112747 13604.872213 -82.370453
11295.112747 13604.872213 -83.117538
11345.112747 13604.872213 -83.303925
11395.112747 13604.872213 -82.957596
11445.112747 13604.872213 -82.108437
11495.112747 13604.872213 -80.770760
11545.112747 13604.872213 -79.021904
11595.112747 13604.872213 -76.904045
11645.112747 13604.872213 -74.449303
11695.112747 13604.872213 -71.693909
11745.112747 13604.872213 -68.665878
11795.112747 13604.872213 -65.437836
11845.112747 13604.872213 -62.068371
11895.112747 13604.872213 -58.630871
11945.112747 13604.872213 -55.139389
11995.112747 13604.872213 -51.609180
12045.112747 13604.872213 -48.067459
12095.112747 13604.872213 -44.454025
12145.112747 13604.872213 -40.810444
12195.112747 13604.872213 -37.177475
12245.112747 13604.872213 -33.567379
12295.112747 13604.872213 -30.020052
12345.112747 13604.872213 -26.565990
12395.112747 13604.872213 -23.185482
12445.112747 13604.872213 -19.935574
12495.112747 13604.872213 -16.874126
12545.112747 13604.872213 -14.053596
12595.112747 13604.872213 -11.517358
12645.112747 13604.872213 -9.290360
12695.112747 13604.872213 -7.340477
12745.112747 13604.872213 -5.695589
12795.112747 13604.872213 -4.413829
12845.112747 13604.872213 -3.482686
12895.112747 13604.872213 -2.840316
12945.112747 13604.872213 -2.352549
12995.112747 13604.872213 -1.969976
13045.112747 13604.872213 -1.682795
13095.112747 13604.872213 -1.478070
13145.112747 13604.872213 -1.367535
13195.112747 13604.872213 -1.346225
13245.112747 13604.872213 -1.439466
13295.112747 13604.872213 -1.642502
13345.112747 13604.872213 -2.014895
13395.112747 13604.872213 -2.562628
13445.112747 13604.872213 -3.265167
13495.112747 13604.872213 -4.065704
13545.112747 13604.872213 -4.973053
13595.112747 13604.872213 -5.996310
13645.112747 13604.872213 -7.115829
13695.112747 13604.872213 -8.321207
13745.112747 13604.872213 -9.673482
13795.112747 13604.872213 -11.098381
13845.112747 13604.872213 -12.571924
13895.112747 13604.872213 -14.016909
13945.112747 13604.872213 -15.478621
13995.112747 13604.872213 -16.933178
6545.112747 13654.872213 -112.908150
6595.112747 13654.872213 -117.981964
6645.112747 13654.872213 -123.024300
6695.112747 13654.872213 -128.045349
6745.112747 13654.872213 -132.998901
6795.112747 13654.872213 -137.833954
6845.112747 13654.872213 -142.514969
6895.112747 13654.872213 -147.002670
6945.112747 13654.872213 -151.194641
6995.112747 13654.872213 -154.975647
7045.112747 13654.872213 -158.189713
7095.112747 13654.872213 -160.737579
7145.112747 13654.872213 -162.637634
7195.112747 13654.872213 -163.862839
7245.112747 13654.872213 -164.430344
7295.112747 13654.872213 -164.299561
7345.112747 13654.872213 -163.483154
7395.112747 13654.872213 -161.958191
7445.112747 13654.872213 -159.825104
7495.112747 13654.872213 -157.096664
7545.112747 13654.872213 -153.815018
7595.112747 13654.872213 -150.000732
7645.112747 13654.872213 -145.689896
7695.112747 13654.872213 -140.861191
7745.112747 13654.872213 -135.526657
7795.112747 13654.872213 -129.751022
7845.112747 13654.872213 -123.601685
7895.112747 13654.872213 -117.094368
7945.112747 13654.872213 -110.279678
7995.112747 13654.872213 -103.233330
8045.112747 13654.872213 -96.004890
8095.112747 13654.872213 -88.590141
8145.112747 13654.872213 -81.054962
8195.112747 13654.872213 -73.440544
8245.112747 13654.872213 -65.785416
8295.112747 13654.872213 -58.176308
8345.112747 13654.872213 -50.706490
8395.112747 13654.872213 -43.413452
8445.112747 13654.872213 -36.335701
8495.112747 13654.872213 -29.542391
8545.112747 13654.872213 -23.121187
8595.112747 13654.872213 -17.128685
8645.112747 13654.872213 -11.583464
8695.112747 13654.872213 -6.521232
8745.112747 13654.872213 -1.957404
8795.112747 13654.872213 2.060897
8845.112747 13654.872213 5.545740
8895.112747 13654.872213 8.519609
8945.112747 13654.872213 10.981364
8995.112747 13654.872213 12.948275
9045.112747 13654.872213 14.460446
9095.112747 13654.872213 15.584092
9145.112747 13654.872213 16.294102
9195.112747 13654.872213 16.638838
9245.112747 13654.872213 16.613525
9295.112747 13654.872213 16.237917
9345.112747 13654.872213 15.540366
9395.112747 13654.872213 14.555402
9445.112747 13654.872213 13.311237
9495.112747 13654.872213 11.861513
9545.112747 13654.872213 10.266875
9595.112747 13654.872213 8.591006
9645.112747 13654.872213 6.886579
9695.112747 13654.872213 5.110675
9745.112747 13654.872213 3.212298
9795.112747 13654.872213 1.183116
9845.112747 13654.872213 -0.957397
9895.112747 13654.872213 -3.169396
9945.112747 13654.872213 -5.468268
9995.112747 13654.872213 -7.853411
10045.112747 13654.872213 -10.327240
10095.112747 13654.872213 -12.856197
10145.112747 13654.872213 -15.447765
10195.112747 13654.872213 -18.085077
10245.112747 13654.872213 -20.746094
10295.112747 13654.872213 -23.425016
10345.112747 13654.872213 -26.184788
10395.112747 13654.872213 -29.010345
10445.112747 13654.872213 -31.939720
10495.112747 13654.872213 -34.925838
10545.112747 13654.872213 -38.015533
10595.112747 13654.872213 -41.185150
10645.112747 13654.872213 -44.477833
10695.112747 13654.872213 -47.816029
10745.112747 13654.872213 -51.222538
10795.112747 13654.872213 -54.671650
10845.112747 13654.872213 -58.136669
10895.112747 13654.872213 -61.590069
10945.112747 13654.872213 -64.956955
10995.112747 13654.872213 -68.165428
11045.112747 13654.872213 -71.105797
11095.112747 13654.872213 -73.676102
11145.112747 13654.872213 -75.827568
11195.112747 13654.872213 -77.541710
11245.112747 13654.872213 -78.814896
11295.112747 13654.872213 -79.628128
11345.112747 13654.872213 -79.961937
11395.112747 13654.872213 -79.813362
11445.112747 13654.872213 -79.166901
11495.112747 13654.872213 -78.077248
11545.112747 13654.872213 -76.541611
11595.112747 13654.872213 -74.618523
11645.112747 13654.872213 -72.355911
11695.112747 13654.872213 -69.800331
11745.112747 13654.872213 -66.985619
11795.112747 13654.872213 -63.938137
11845.112747 13654.872213 -60.731899
11895.112747 13654.872213 -57.388081
11945.112747 13654.872213 -53.944679
11995.112747 13654.872213 -50.415089
12045.112747 13654.872213 -46.828335
12095.112747 13654.872213 -43.213524
12145.112747 13654.872213 -39.586002
12195.112747 13654.872213 -35.981915
12245.112747 13654.872213 -32.438103
12295.112747 13654.872213 -28.977728
12345.112747 13654.872213 -25.604275
12395.112747 13654.872213 -22.362331
12445.112747 13654.872213 -19.290756
12495.112747 13654.872213 -16.428680
12545.112747 13654.872213 -13.802462
12595.112747 13654.872213 -11.452066
12645.112747 13654.872213 -9.372696
12695.112747 13654.872213 -7.569011
12745.112747 13654.872213 -6.084355
12795.112747 13654.872213 -4.937215
12845.112747 13654.872213 -4.085150
12895.112747 13654.872213 -3.447774
12945.112747 13654.872213 -2.949169
12995.112747 13654.872213 -2.550885
13045.112747 13654.872213 -2.255916
13095.112747 13654.872213 -2.066307
13145.112747 13654.872213 -1.958114
13195.112747 13654.872213 -1.951723
13245.112747 13654.872213 -2.044043
13295.112747 13654.872213 -2.291709
13345.112747 13654.872213 -2.689933
13395.112747 13654.872213 -3.256301
13445.112747 13654.872213 -3.958095
13495.112747 13654.872213 -4.766021
13545.112747 13654.872213 -5.674700
13595.112747 13654.872213 -6.690903
13645.112747 13654.872213 -7.779837
13695.112747 13654.872213 -8.914146
13745.112747 13654.872213 -10.083384
13795.112747 13654.872213 -11.307400
13845.112747 13654.872213 -12.527848
13895.112747 13654.872213 -13.763279
13945.112747 13654.872213 -14.975808
13995.112747 13654.872213 -16.184010
6545.112747 13704.872213 -118.762657
6595.112747 13704.872213 -124.183678
6645.112747 13704.872213 -129.603027
6695.112747 13704.872213 -135.015594
6745.112747 13704.872213 -140.430420
6795.112747 13704.872213 -145.770096
6845.112747 13704.872213 -150.990189
6895.112747 13704.872213 -156.008911
6945.112747 13704.872213 -160.741409
6995.112747 13704.872213 -165.028275
7045.112747 13704.872213 -168.763824
7095.112747 13704.872213 -171.837189
7145.112747 13704.872213 -174.162125
7195.112747 13704.872213 -175.751999
7245.112747 13704.872213 -176.571991
7295.112747 13704.872213 -176.581406
7345.112747 13704.872213 -175.760757
7395.112747 13704.872213 -174.152832
7445.112747 13704.872213 -171.808762
7495.112747 13704.872213 -168.808578
7545.112747 13704.872213 -165.153305
7595.112747 13704.872213 -160.905304
7645.112747 13704.872213 -156.101944
7695.112747 13704.872213 -150.764557
7745.112747 13704.872213 -144.898911
7795.112747 13704.872213 -138.613358
7845.112747 13704.872213 -131.949371
7895.112747 13704.872213 -124.924545
7945.112747 13704.872213 -117.615089
7995.112747 13704.872213 -110.119820
8045.112747 13704.872213 -102.456886
8095.112747 13704.872213 -94.677818
8145.112747 13704.872213 -86.802094
8195.112747 13704.872213 -78.850861
8245.112747 13704.872213 -70.851425
8295.112747 13704.872213 -62.917271
8345.112747 13704.872213 -55.099064
8395.112747 13704.872213 -47.459827
8445.112747 13704.872213 -40.024670
8495.112747 13704.872213 -32.858006
8545.112747 13704.872213 -26.048100
8595.112747 13704.872213 -19.645660
8645.112747 13704.872213 -13.706706
8695.112747 13704.872213 -8.284223
8745.112747 13704.872213 -3.429046
8795.112747 13704.872213 0.868914
8845.112747 13704.872213 4.590296
8895.112747 13704.872213 7.737390
8945.112747 13704.872213 10.315888
8995.112747 13704.872213 12.335688
9045.112747 13704.872213 13.868990
9095.112747 13704.872213 14.975510
9145.112747 13704.872213 15.671655
9195.112747 13704.872213 15.980733
9245.112747 13704.872213 15.900147
9295.112747 13704.872213 15.427271
9345.112747 13704.872213 14.593148
9395.112747 13704.872213 13.443255
9445.112747 13704.872213 12.054258
9495.112747 13704.872213 10.414671
9545.112747 13704.872213 8.630858
9595.112747 13704.872213 6.742096
9645.112747 13704.872213 4.800625
9695.112747 13704.872213 2.830844
9745.112747 13704.872213 0.816381
9795.112747 13704.872213 -1.251713
9845.112747 13704.872213 -3.359326
9895.112747 13704.872213 -5.509093
9945.112747 13704.872213 -7.693262
9995.112747 13704.872213 -9.946739
10045.112747 13704.872213 -12.286280
10095.112747 13704.872213 -14.689269
10145.112747 13704.872213 -17.167702
10195.112747 13704.872213 -19.705124
10245.112747 13704.872213 -22.265982
10295.112747 13704.872213 -24.858736
10345.112747 13704.872213 -27.487528
10395.112747 13704.872213 -30.172239
10445.112747 13704.872213 -32.890862
10495.112747 13704.872213 -35.664310
10545.112747 13704.872213 -38.479465
10595.112747 13704.872213 -41.405605
10645.112747 13704.872213 -44.375828
10695.112747 13704.872213 -47.424740
10745.112747 13704.872213 -50.493618
10795.112747 13704.872213 -53.583603
10845.112747 13704.872213 -56.674526
10895.112747 13704.872213 -59.718483
10945.112747 13704.872213 -62.677319
10995.112747 13704.872213 -65.484413
11045.112747 13704.872213 -68.054688
11095.112747 13704.872213 -70.308151
11145.112747 13704.872213 -72.213547
11195.112747 13704.872213 -73.757591
11245.112747 13704.872213 -74.983986
11295.112747 13704.872213 -75.833778
11345.112747 13704.872213 -76.288315
11395.112747 13704.872213 -76.277931
11445.112747 13704.872213 -75.834717
11495.112747 13704.872213 -74.934929
11545.112747 13704.872213 -73.601288
11595.112747 13704.872213 -71.854134
11645.112747 13704.872213 -69.787933
11695.112747 13704.872213 -67.437965
11745.112747 13704.872213 -64.839218
11795.112747 13704.872213 -62.006474
11845.112747 13704.872213 -58.966671
11895.112747 13704.872213 -55.749065
11945.112747 13704.872213 -52.384609
11995.112747 13704.872213 -48.899639
12045.112747 13704.872213 -45.318623
12095.112747 13704.872213 -41.717167
12145.112747 13704.872213 -38.123592
12195.112747 13704.872213 -34.566036
12245.112747 13704.872213 -31.113676
12295.112747 13704.872213 -27.761984
12345.112747 13704.872213 -24.540091
12395.112747 13704.872213 -21.475990
12445.112747 13704.872213 -18.629681
12495.112747 13704.872213 -16.005745
12545.112747 13704.872213 -13.618547
12595.112747 13704.872213 -11.477352
12645.112747 13704.872213 -9.578577
12695.112747 13704.872213 -7.951493
12745.112747 13704.872213 -6.609925
12795.112747 13704.872213 -5.574020
12845.112747 13704.872213 -4.740125
12895.112747 13704.872213 -4.056325
12945.112747 13704.872213 -3.526003
12995.112747 13704.872213 -3.117669
13045.112747 13704.872213 -2.818512
13095.112747 13704.872213 -2.633780
13145.112747 13704.872213 -2.530410
13195.112747 13704.872213 -2.541748
13245.112747 13704.872213 -2.649484
13295.112747 13704.872213 -2.933472
13345.112747 13704.872213 -3.352510
13395.112747 13704.872213 -3.912433
13445.112747 13704.872213 -4.604357
13495.112747 13704.872213 -5.431295
13545.112747 13704.872213 -6.349934
13595.112747 13704.872213 -7.358055
13645.112747 13704.872213 -8.417754
13695.112747 13704.872213 -9.479209
13745.112747 13704.872213 -10.501751
13795.112747 13704.872213 -11.508520
13845.112747 13704.872213 -12.495194
13895.112747 13704.872213 -13.487680
13945.112747 13704.872213 -14.468965
13995.112747 13704.872213 -15.439544
6545.112747 13754.872213 -124.006973
6595.112747 13754.872213 -129.788040
6645.112747 13754.872213 -135.547485
6695.112747 13754.872213 -141.360443
6745.112747 13754.872213 -147.217529
6795.112747 13754.872213 -153.060135
6845.112747 13754.872213 -158.799637
6895.112747 13754.872213 -164.347214
6945.112747 13754.872213 -169.568436
6995.112747 13754.872213 -174.357666
7045.112747 13754.872213 -178.624985
7095.112747 13754.872213 -182.235260
7145.112747 13754.872213 -185.083130
7195.112747 13754.872213 -187.089920
7245.112747 13754.872213 -188.224625
7295.112747 13754.872213 -188.407700
7345.112747 13754.872213 -187.664764
7395.112747 13754.872213 -186.011780
7445.112747 13754.872213 -183.512817
7495.112747 13754.872213 -180.206467
7545.112747 13754.872213 -176.171417
7595.112747 13754.872213 -171.433670
7645.112747 13754.872213 -166.065598
7695.112747 13754.872213 -160.109512
7745.112747 13754.872213 -153.671860
7795.112747 13754.872213 -146.830246
7845.112747 13754.872213 -139.631897
7895.112747 13754.872213 -132.109589
7945.112747 13754.872213 -124.358406
7995.112747 13754.872213 -116.418533
8045.112747 13754.872213 -108.355438
8095.112747 13754.872213 -100.210587
8145.112747 13754.872213 -92.000969
8195.112747 13754.872213 -83.737282
8245.112747 13754.872213 -75.475090
8295.112747 13754.872213 -67.273056
8345.112747 13754.872213 -59.166683
8395.112747 13754.872213 -51.214218
8445.112747 13754.872213 -43.472237
8495.112747 13754.872213 -35.983967
8545.112747 13754.872213 -28.819807
8595.112747 13754.872213 -22.048260
8645.112747 13754.872213 -15.744606
8695.112747 13754.872213 -9.987187
8745.112747 13754.872213 -4.831627
8795.112747 13754.872213 -0.266682
8845.112747 13754.872213 3.692549
8895.112747 13754.872213 7.032731
8945.112747 13754.872213 9.753447
8995.112747 13754.872213 11.903246
9045.112747 13754.872213 13.513388
9095.112747 13754.872213 14.645359
9145.112747 13754.872213 15.322736
9195.112747 13754.872213 15.576550
9245.112747 13754.872213 15.383733
9295.112747 13754.872213 14.777461
9345.112747 13754.872213 13.795505
9395.112747 13754.872213 12.503657
9445.112747 13754.872213 10.923285
9495.112747 13754.872213 9.123240
9545.112747 13754.872213 7.138939
9595.112747 13754.872213 5.050805
9645.112747 13754.872213 2.866055
9695.112747 13754.872213 0.687285
9745.112747 13754.872213 -1.458013
9795.112747 13754.872213 -3.525878
9845.112747 13754.872213 -5.567180
9895.112747 13754.872213 -7.602407
9945.112747 13754.872213 -9.669102
9995.112747 13754.872213 -11.790847
10045.112747 13754.872213 -14.003406
10095.112747 13754.872213 -16.276598
10145.112747 13754.872213 -18.664387
10195.112747 13754.872213 -21.106024
10245.112747 13754.872213 -23.599516
10295.112747 13754.872213 -26.103737
10345.112747 13754.872213 -28.622316
10395.112747 13754.872213 -31.134558
10445.112747 13754.872213 -33.664776
10495.112747 13754.872213 -36.207901
10545.112747 13754.872213 -38.798199
10595.112747 13754.872213 -41.448269
10645.112747 13754.872213 -44.144657
10695.112747 13754.872213 -46.847656
10745.112747 13754.872213 -49.593246
10795.112747 13754.872213 -52.331997
10845.112747 13754.872213 -55.047924
10895.112747 13754.872213 -57.693390
10945.112747 13754.872213 -60.240891
10995.112747 13754.872213 -62.629772
11045.112747 13754.872213 -64.819489
11095.112747 13754.872213 -66.765045
11145.112747 13754.872213 -68.443291
11195.112747 13754.872213 -69.872978
11245.112747 13754.872213 -71.024994
11295.112747 13754.872213 -71.870522
11345.112747 13754.872213 -72.363655
11395.112747 13754.872213 -72.482552
11445.112747 13754.872213 -72.166885
11495.112747 13754.872213 -71.435257
11545.112747 13754.872213 -70.275284
11595.112747 13754.872213 -68.720871
11645.112747 13754.872213 -66.832138
11695.112747 13754.872213 -64.670860
11745.112747 13754.872213 -62.269360
11795.112747 13754.872213 -59.632664
11845.112747 13754.872213 -56.763042
11895.112747 13754.872213 -53.692066
11945.112747 13754.872213 -50.433228
11995.112747 13754.872213 -47.030087
12045.112747 13754.872213 -43.501160
12095.112747 13754.872213 -39.957523
12145.112747 13754.872213 -36.419880
12195.112747 13754.872213 -32.957024
12245.112747 13754.872213 -29.616076
12295.112747 13754.872213 -26.430195
12345.112747 13754.872213 -23.404745
12395.112747 13754.872213 -20.595499
12445.112747 13754.872213 -18.016787
12495.112747 13754.872213 -15.651088
12545.112747 13754.872213 -13.512608
12595.112747 13754.872213 -11.593687
12645.112747 13754.872213 -9.900233
12695.112747 13754.872213 -8.451016
12745.112747 13754.872213 -7.243122
12795.112747 13754.872213 -6.225187
12845.112747 13754.872213 -5.376978
12895.112747 13754.872213 -4.656034
12945.112747 13754.872213 -4.079262
12995.112747 13754.872213 -3.640607
13045.112747 13754.872213 -3.339857
13095.112747 13754.872213 -3.145521
13145.112747 13754.872213 -3.081188
13195.112747 13754.872213 -3.117633
13245.112747 13754.872213 -3.280602
13295.112747 13754.872213 -3.563382
13345.112747 13754.872213 -3.983003
13395.112747 13754.872213 -4.546985
13445.112747 13754.872213 -5.240425
13495.112747 13754.872213 -6.071296
13545.112747 13754.872213 -6.992047
13595.112747 13754.872213 -7.981752
13645.112747 13754.872213 -8.990411
13695.112747 13754.872213 -9.967513
13745.112747 13754.872213 -10.852784
13795.112747 13754.872213 -11.661774
13845.112747 13754.872213 -12.438459
13895.112747 13754.872213 -13.204082
13945.112747 13754.872213 -13.963743
13995.112747 13754.872213 -14.713066
6545.112747 13804.872213 -128.617035
6595.112747 13804.872213 -134.745575
6645.112747 13804.872213 -140.897644
6695.112747 13804.872213 -147.091019
6745.112747 13804.872213 -153.366364
6795.112747 13804.872213 -159.672928
6845.112747 13804.872213 -165.883102
6895.112747 13804.872213 -171.881668
6945.112747 13804.872213 -177.581268
6995.112747 13804.872213 -182.868988
7045.112747 13804.872213 -187.651016
7095.112747 13804.872213 -191.817368
7145.112747 13804.872213 -195.216232
7195.112747 13804.872213 -197.738754
7245.112747 13804.872213 -199.236954
7295.112747 13804.872213 -199.671860
7345.112747 13804.872213 -199.043076
7395.112747 13804.872213 -197.401596
7445.112747 13804.872213 -194.742081
7495.112747 13804.872213 -191.141571
7545.112747 13804.872213 -186.683701
7595.112747 13804.872213 -181.432846
7645.112747 13804.872213 -175.440186
7695.112747 13804.872213 -168.851059
7745.112747 13804.872213 -161.794357
7795.112747 13804.872213 -154.374619
7845.112747 13804.872213 -146.617004
7895.112747 13804.872213 -138.628616
7945.112747 13804.872213 -130.455612
7995.112747 13804.872213 -122.131699
8045.112747 13804.872213 -113.698456
8095.112747 13804.872213 -105.207527
8145.112747 13804.872213 -96.671211
8195.112747 13804.872213 -88.142441
8245.112747 13804.872213 -79.653381
8295.112747 13804.872213 -71.210274
8345.112747 13804.872213 -62.861683
8395.112747 13804.872213 -54.647938
8445.112747 13804.872213 -46.639404
8495.112747 13804.872213 -38.885456
8545.112747 13804.872213 -31.411362
8595.112747 13804.872213 -24.342936
8645.112747 13804.872213 -17.744112
8695.112747 13804.872213 -11.699267
8745.112747 13804.872213 -6.259275
8795.112747 13804.872213 -1.435065
8845.112747 13804.872213 2.760043
8895.112747 13804.872213 6.324706
8945.112747 13804.872213 9.239566
8995.112747 13804.872213 11.568258
9045.112747 13804.872213 13.303901
9095.112747 13804.872213 14.496772
9145.112747 13804.872213 15.184613
9195.112747 13804.872213 15.354289
9245.112747 13804.872213 15.036502
9295.112747 13804.872213 14.281123
9345.112747 13804.872213 13.139000
9395.112747 13804.872213 11.657194
9445.112747 13804.872213 9.904373
9495.112747 13804.872213 7.936718
9545.112747 13804.872213 5.795271
9595.112747 13804.872213 3.495370
9645.112747 13804.872213 1.125110
9695.112747 13804.872213 -1.238379
9745.112747 13804.872213 -3.470841
9795.112747 13804.872213 -5.548028
9845.112747 13804.872213 -7.506767
9895.112747 13804.872213 -9.427046
9945.112747 13804.872213 -11.366650
9995.112747 13804.872213 -13.375462
10045.112747 13804.872213 -15.440988
10095.112747 13804.872213 -17.619526
10145.112747 13804.872213 -19.888538
10195.112747 13804.872213 -22.245384
10245.112747 13804.872213 -24.665850
10295.112747 13804.872213 -27.114815
10345.112747 13804.872213 -29.512478
10395.112747 13804.872213 -31.873945
10445.112747 13804.872213 -34.190399
10495.112747 13804.872213 -36.524300
10545.112747 13804.872213 -38.903278
10595.112747 13804.872213 -41.301785
10645.112747 13804.872213 -43.704544
10695.112747 13804.872213 -46.118916
10745.112747 13804.872213 -48.536312
10795.112747 13804.872213 -50.928940
10845.112747 13804.872213 -53.271324
10895.112747 13804.872213 -55.529613
10945.112747 13804.872213 -57.689053
10995.112747 13804.872213 -59.689056
11045.112747 13804.872213 -61.526157
11095.112747 13804.872213 -63.196339
11145.112747 13804.872213 -64.688316
11195.112747 13804.872213 -65.964264
11245.112747 13804.872213 -67.027809
11295.112747 13804.872213 -67.826263
11345.112747 13804.872213 -68.314491
11395.112747 13804.872213 -68.461555
11445.112747 13804.872213 -68.256760
11495.112747 13804.872213 -67.652458
11545.112747 13804.872213 -66.655533
11595.112747 13804.872213 -65.272270
11645.112747 13804.872213 -63.550346
11695.112747 13804.872213 -61.553970
11745.112747 13804.872213 -59.324734
11795.112747 13804.872213 -56.846893
11845.112747 13804.872213 -54.144966
11895.112747 13804.872213 -51.200813
11945.112747 13804.872213 -48.075558
11995.112747 13804.872213 -44.775333
12045.112747 13804.872213 -41.390709
12095.112747 13804.872213 -37.942562
12145.112747 13804.872213 -34.546154
12195.112747 13804.872213 -31.220219
12245.112747 13804.872213 -28.031260
12295.112747 13804.872213 -25.034721
12345.112747 13804.872213 -22.271658
12395.112747 13804.872213 -19.727951
12445.112747 13804.872213 -17.426210
12495.112747 13804.872213 -15.344120
12545.112747 13804.872213 -13.468795
12595.112747 13804.872213 -11.787941
12645.112747 13804.872213 -10.300191
12695.112747 13804.872213 -9.006067
12745.112747 13804.872213 -7.875235
12795.112747 13804.872213 -6.856739
12845.112747 13804.872213 -5.966720
12895.112747 13804.872213 -5.224345
12945.112747 13804.872213 -4.600326
12995.112747 13804.872213 -4.132718
13045.112747 13804.872213 -3.802063
13095.112747 13804.872213 -3.613085
13145.112747 13804.872213 -3.568460
13195.112747 13804.872213 -3.679035
13245.112747 13804.872213 -3.890706
13295.112747 13804.872213 -4.200865
13345.112747 13804.872213 -4.631389
13395.112747 13804.872213 -5.184655
13445.112747 13804.872213 -5.882373
13495.112747 13804.872213 -6.694112
13545.112747 13804.872213 -7.595894
13595.112747 13804.872213 -8.525305
13645.112747 13804.872213 -9.451021
13695.112747 13804.872213 -10.324421
13745.112747 13804.872213 -11.090032
13795.112747 13804.872213 -11.739498
13845.112747 13804.872213 -12.338820
13895.112747 13804.872213 -12.899086
13945.112747 13804.872213 -13.457835
13995.112747 13804.872213 -14.029782
6545.112747 13854.872213 -132.621033
6595.112747 13854.872213 -139.087219
6645.112747 13854.872213 -145.619766
6695.112747 13854.872213 -152.230667
6745.112747 13854.872213 -158.878265
6795.112747 13854.872213 -165.533554
6845.112747 13854.872213 -172.134430
6895.112747 13854.872213 -178.570786
6945.112747 13854.872213 -184.699356
6995.112747 13854.872213 -190.469650
7045.112747 13854.872213 -195.770035
7095.112747 13854.872213 -200.491928
7145.112747 13854.872213 -204.458618
7195.112747 13854.872213 -207.500977
7245.112747 13854.872213 -209.426041
7295.112747 13854.872213 -210.192429
7345.112747 13854.872213 -209.759186
7395.112747 13854.872213 -208.139908
7445.112747 13854.872213 -205.340469
7495.112747 13854.872213 -201.439545
7545.112747 13854.872213 -196.539536
7595.112747 13854.872213 -190.708344
7645.112747 13854.872213 -184.105591
7695.112747 13854.872213 -176.887177
7745.112747 13854.872213 -169.239212
7795.112747 13854.872213 -161.211914
7845.112747 13854.872213 -152.951797
7895.112747 13854.872213 -144.496521
7945.112747 13854.872213 -135.926376
7995.112747 13854.872213 -127.234962
8045.112747 13854.872213 -118.467506
8095.112747 13854.872213 -109.644943
8145.112747 13854.872213 -100.852448
8195.112747 13854.872213 -92.098167
8245.112747 13854.872213 -83.402672
8295.112747 13854.872213 -74.735474
8345.112747 13854.872213 -66.160797
8395.112747 13854.872213 -57.733185
8445.112747 13854.872213 -49.500023
8495.112747 13854.872213 -41.505993
8545.112747 13854.872213 -33.819576
8595.112747 13854.872213 -26.528574
8645.112747 13854.872213 -19.728144
8695.112747 13854.872213 -13.467326
8745.112747 13854.872213 -7.773149
8795.112747 13854.872213 -2.699650
8845.112747 13854.872213 1.755887
8895.112747 13854.872213 5.556524
8945.112747 13854.872213 8.724092
8995.112747 13854.872213 11.222116
9045.112747 13854.872213 13.120909
9095.112747 13854.872213 14.391112
9145.112747 13854.872213 15.094443
9195.112747 13854.872213 15.207761
9245.112747 13854.872213 14.808441
9295.112747 13854.872213 13.913306
9345.112747 13854.872213 12.592561
9395.112747 13854.872213 10.924993
9445.112747 13854.872213 8.980268
9495.112747 13854.872213 6.839785
9545.112747 13854.872213 4.532063
9595.112747 13854.872213 2.088088
9645.112747 13854.872213 -0.405803
9695.112747 13854.872213 -2.831714
9745.112747 13854.872213 -5.107040
9795.112747 13854.872213 -7.178642
9845.112747 13854.872213 -9.096107
9895.112747 13854.872213 -10.921961
9945.112747 13854.872213 -12.752612
9995.112747 13854.872213 -14.641738
10045.112747 13854.872213 -16.608187
10095.112747 13854.872213 -18.676344
10145.112747 13854.872213 -20.858265
10195.112747 13854.872213 -23.112940
10245.112747 13854.872213 -25.448706
10295.112747 13854.872213 -27.795881
10345.112747 13854.872213 -30.076359
10395.112747 13854.872213 -32.275330
10445.112747 13854.872213 -34.434185
10495.112747 13854.872213 -36.582718
10545.112747 13854.872213 -38.730820
10595.112747 13854.872213 -40.903248
10645.112747 13854.872213 -43.068947
10695.112747 13854.872213 -45.215286
10745.112747 13854.872213 -47.324081
10795.112747 13854.872213 -49.387604
10845.112747 13854.872213 -51.372547
10895.112747 13854.872213 -53.280777
10945.112747 13854.872213 -55.037235
10995.112747 13854.872213 -56.690128
11045.112747 13854.872213 -58.235371
11095.112747 13854.872213 -59.682465
11145.112747 13854.872213 -60.990482
11195.112747 13854.872213 -62.141857
11245.112747 13854.872213 -63.088120
11295.112747 13854.872213 -63.813545
11345.112747 13854.872213 -64.240685
11395.112747 13854.872213 -64.386749
11445.112747 13854.872213 -64.205307
11495.112747 13854.872213 -63.716053
11545.112747 13854.872213 -62.845760
11595.112747 13854.872213 -61.602253
11645.112747 13854.872213 -60.026821
11695.112747 13854.872213 -58.177807
11745.112747 13854.872213 -56.075500
11795.112747 13854.872213 -53.749985
11845.112747 13854.872213 -51.165607
11895.112747 13854.872213 -48.372242
11945.112747 13854.872213 -45.368778
11995.112747 13854.872213 -42.228302
12045.112747 13854.872213 -38.994038
12095.112747 13854.872213 -35.766010
12145.112747 13854.872213 -32.562435
12195.112747 13854.872213 -29.436460
12245.112747 13854.872213 -26.426502
12295.112747 13854.872213 -23.643436
12345.112747 13854.872213 -21.130392
12395.112747 13854.872213 -18.863770
12445.112747 13854.872213 -16.827293
12495.112747 13854.872213 -15.030103
12545.112747 13854.872213 -13.443042
12595.112747 13854.872213 -12.002866
12645.112747 13854.872213 -10.701102
12695.112747 13854.872213 -9.529471
12745.112747 13854.872213 -8.460122
12795.112747 13854.872213 -7.437986
12845.112747 13854.872213 -6.518548
12895.112747 13854.872213 -5.726400
12945.112747 13854.872213 -5.076376
12995.112747 13854.872213 -4.571486
13045.112747 13854.872213 -4.221919
13095.112747 13854.872213 -4.049222
13145.112747 13854.872213 -4.065591
13195.112747 13854.872213 -4.212117
13245.112747 13854.872213 -4.488326
13295.112747 13854.872213 -4.827314
13345.112747 13854.872213 -5.286893
13395.112747 13854.872213 -5.852043
13445.112747 13854.872213 -6.530368
13495.112747 13854.872213 -7.281725
13545.112747 13854.872213 -8.118263
13595.112747 13854.872213 -8.972243
13645.112747 13854.872213 -9.794571
13695.112747 13854.872213 -10.530343
13745.112747 13854.872213 -11.181817
13795.112747 13854.872213 -11.714399
13845.112747 13854.872213 -12.168707
13895.112747 13854.872213 -12.564735
13945.112747 13854.872213 -12.983430
13995.112747 13854.872213 -13.406555
6545.112747 13904.872213 -136.039719
6595.112747 13904.872213 -142.823578
6645.112747 13904.872213 -149.718750
6695.112747 13904.872213 -156.689133
6745.112747 13904.872213 -163.671707
6795.112747 13904.872213 -170.643143
6845.112747 13904.872213 -177.565872
6895.112747 13904.872213 -184.360062
6945.112747 13904.872213 -190.895874
6995.112747 13904.872213 -197.095016
7045.112747 13904.872213 -202.877518
7095.112747 13904.872213 -208.105499
7145.112747 13904.872213 -212.622375
7195.112747 13904.872213 -216.182465
7245.112747 13904.872213 -218.631149
7295.112747 13904.872213 -219.793213
7345.112747 13904.872213 -219.608383
7395.112747 13904.872213 -218.044067
7445.112747 13904.872213 -215.115784
7495.112747 13904.872213 -210.894272
7545.112747 13904.872213 -205.492828
7595.112747 13904.872213 -199.102020
7645.112747 13904.872213 -191.915894
7695.112747 13904.872213 -184.137070
7745.112747 13904.872213 -175.912094
7795.112747 13904.872213 -167.379837
7845.112747 13904.872213 -158.628647
7895.112747 13904.872213 -149.769730
7945.112747 13904.872213 -140.815720
7995.112747 13904.872213 -131.767838
8045.112747 13904.872213 -122.668465
8095.112747 13904.872213 -113.570503
8145.112747 13904.872213 -104.524651
8195.112747 13904.872213 -95.558311
8245.112747 13904.872213 -86.654724
8295.112747 13904.872213 -77.823936
8345.112747 13904.872213 -69.077141
8395.112747 13904.872213 -60.466606
8445.112747 13904.872213 -52.032150
8495.112747 13904.872213 -43.856930
8545.112747 13904.872213 -36.017879
8595.112747 13904.872213 -28.596380
8645.112747 13904.872213 -21.665361
8695.112747 13904.872213 -15.245105
8745.112747 13904.872213 -9.358478
8795.112747 13904.872213 -4.037656
8845.112747 13904.872213 0.655772
8895.112747 13904.872213 4.700029
8945.112747 13904.872213 8.084705
8995.112747 13904.872213 10.807724
9045.112747 13904.872213 12.839763
9095.112747 13904.872213 14.201111
9145.112747 13904.872213 14.913361
9195.112747 13904.872213 15.025779
9245.112747 13904.872213 14.575053
9295.112747 13904.872213 13.578560
9345.112747 13904.872213 12.105021
9395.112747 13904.872213 10.267719
9445.112747 13904.872213 8.154979
9495.112747 13904.872213 5.849319
9545.112747 13904.872213 3.397441
9595.112747 13904.872213 0.853643
9645.112747 13904.872213 -1.649802
9695.112747 13904.872213 -4.056229
9745.112747 13904.872213 -6.298774
9795.112747 13904.872213 -8.371740
9845.112747 13904.872213 -10.241132
9895.112747 13904.872213 -12.010554
9945.112747 13904.872213 -13.759931
9995.112747 13904.872213 -15.562170
10045.112747 13904.872213 -17.443777
10095.112747 13904.872213 -19.445433
10145.112747 13904.872213 -21.532766
10195.112747 13904.872213 -23.700624
10245.112747 13904.872213 -25.895452
10295.112747 13904.872213 -28.083996
10345.112747 13904.872213 -30.198532
10395.112747 13904.872213 -32.269051
10445.112747 13904.872213 -34.297256
10495.112747 13904.872213 -36.297813
10545.112747 13904.872213 -38.268501
10595.112747 13904.872213 -40.223972
10645.112747 13904.872213 -42.172543
10695.112747 13904.872213 -44.085312
10745.112747 13904.872213 -45.946835
10795.112747 13904.872213 -47.715744
10845.112747 13904.872213 -49.379395
10895.112747 13904.872213 -50.915016
10945.112747 13904.872213 -52.328884
10995.112747 13904.872213 -53.661366
11045.112747 13904.872213 -54.963818
11095.112747 13904.872213 -56.221851
11145.112747 13904.872213 -57.396996
11195.112747 13904.872213 -58.406780
11245.112747 13904.872213 -59.226074
11295.112747 13904.872213 -59.846767
11345.112747 13904.872213 -60.241852
11395.112747 13904.872213 -60.337009
11445.112747 13904.872213 -60.177608
11495.112747 13904.872213 -59.708836
11545.112747 13904.872213 -58.925659
11595.112747 13904.872213 -57.808319
11645.112747 13904.872213 -56.382317
11695.112747 13904.872213 -54.654728
11745.112747 13904.872213 -52.657688
11795.112747 13904.872213 -50.415543
11845.112747 13904.872213 -47.961395
11895.112747 13904.872213 -45.288376
11945.112747 13904.872213 -42.439892
11995.112747 13904.872213 -39.458294
12045.112747 13904.872213 -36.449970
12095.112747 13904.872213 -33.455666
12145.112747 13904.872213 -30.521343
12195.112747 13904.872213 -27.634087
12245.112747 13904.872213 -24.878887
12295.112747 13904.872213 -22.331779
12345.112747 13904.872213 -20.043737
12395.112747 13904.872213 -18.011545
12445.112747 13904.872213 -16.232983
12495.112747 13904.872213 -14.708158
12545.112747 13904.872213 -13.378359
12595.112747 13904.872213 -12.168448
12645.112747 13904.872213 -11.049311
12695.112747 13904.872213 -9.993416
12745.112747 13904.872213 -8.959961
12795.112747 13904.872213 -7.977998
12845.112747 13904.872213 -7.045077
12895.112747 13904.872213 -6.202420
12945.112747 13904.872213 -5.508577
12995.112747 13904.872213 -4.978010
13045.112747 13904.872213 -4.648797
13095.112747 13904.872213 -4.520735
13145.112747 13904.872213 -4.566916
13195.112747 13904.872213 -4.748676
13245.112747 13904.872213 -5.040083
13295.112747 13904.872213 -5.440209
13345.112747 13904.872213 -5.940365
13395.112747 13904.872213 -6.514409
13445.112747 13904.872213 -7.135818
13495.112747 13904.872213 -7.820766
13545.112747 13904.872213 -8.566731
13595.112747 13904.872213 -9.315468
13645.112747 13904.872213 -9.993424
13695.112747 13904.872213 -10.597128
13745.112747 13904.872213 -11.129438
13795.112747 13904.872213 -11.569344
13845.112747 13904.872213 -11.920125
13895.112747 13904.872213 -12.226827
13945.112747 13904.872213 -12.549804
13995.112747 13904.872213 -12.893592
6545.112747 13954.872213 -138.872208
6595.112747 13954.872213 -145.964447
6645.112747 13954.872213 -153.151779
6695.112747 13954.872213 -160.418961
6745.112747 13954.872213 -167.701599
6795.112747 13954.872213 -174.938766
6845.112747 13954.872213 -182.124496
6895.112747 13954.872213 -189.207596
6945.112747 13954.872213 -196.076508
6995.112747 13954.872213 -202.650497
7045.112747 13954.872213 -208.838135
7095.112747 13954.872213 -214.538864
7145.112747 13954.872213 -219.544189
7195.112747 13954.872213 -223.650650
7245.112747 13954.872213 -226.634445
7295.112747 13954.872213 -228.284027
7345.112747 13954.872213 -228.375534
7395.112747 13954.872213 -226.858078
7445.112747 13954.872213 -223.756882
7495.112747 13954.872213 -219.152893
7545.112747 13954.872213 -213.277298
7595.112747 13954.872213 -206.388107
7645.112747 13954.872213 -198.730759
7695.112747 13954.872213 -190.487961
7745.112747 13954.872213 -181.824951
7795.112747 13954.872213 -172.859589
7845.112747 13954.872213 -163.713486
7895.112747 13954.872213 -154.457047
7945.112747 13954.872213 -145.110229
7995.112747 13954.872213 -135.736771
8045.112747 13954.872213 -126.334373
8095.112747 13954.872213 -116.979416
8145.112747 13954.872213 -107.708611
8195.112747 13954.872213 -98.509041
8245.112747 13954.872213 -89.408272
8295.112747 13954.872213 -80.434166
8345.112747 13954.872213 -71.556648
8395.112747 13954.872213 -62.828701
8445.112747 13954.872213 -54.301861
8495.112747 13954.872213 -46.029442
8545.112747 13954.872213 -38.107689
8595.112747 13954.872213 -30.597136
8645.112747 13954.872213 -23.546165
8695.112747 13954.872213 -17.000771
8745.112747 13954.872213 -10.941838
8795.112747 13954.872213 -5.432307
8845.112747 13954.872213 -0.533838
8895.112747 13954.872213 3.707494
8945.112747 13954.872213 7.277136
8995.112747 13954.872213 10.168782
9045.112747 13954.872213 12.351861
9095.112747 13954.872213 13.820735
9145.112747 13954.872213 14.594950
9195.112747 13954.872213 14.737580
9245.112747 13954.872213 14.242955
9295.112747 13954.872213 13.163657
9345.112747 13954.872213 11.601427
9395.112747 13954.872213 9.644420
9445.112747 13954.872213 7.406344
9495.112747 13954.872213 4.959122
9545.112747 13954.872213 2.397425
9595.112747 13954.872213 -0.132498
9645.112747 13954.872213 -2.580618
9695.112747 13954.872213 -4.888278
9745.112747 13954.872213 -7.072183
9795.112747 13954.872213 -9.090456
9845.112747 13954.872213 -10.946535
9895.112747 13954.872213 -12.664400
9945.112747 13954.872213 -14.358643
9995.112747 13954.872213 -16.085609
10045.112747 13954.872213 -17.923800
10095.112747 13954.872213 -19.843122
10145.112747 13954.872213 -21.856848
10195.112747 13954.872213 -23.900444
10245.112747 13954.872213 -25.941055
10295.112747 13954.872213 -27.935892
10345.112747 13954.872213 -29.894428
10395.112747 13954.872213 -31.814205
10445.112747 13954.872213 -33.753086
10495.112747 13954.872213 -35.660702
10545.112747 13954.872213 -37.493168
10595.112747 13954.872213 -39.277859
10645.112747 13954.872213 -41.008213
10695.112747 13954.872213 -42.701942
10745.112747 13954.872213 -44.331043
10795.112747 13954.872213 -45.855274
10845.112747 13954.872213 -47.234512
10895.112747 13954.872213 -48.453171
10945.112747 13954.872213 -49.563114
10995.112747 13954.872213 -50.636349
11045.112747 13954.872213 -51.749207
11095.112747 13954.872213 -52.834103
11145.112747 13954.872213 -53.851879
11195.112747 13954.872213 -54.750759
11245.112747 13954.872213 -55.455410
11295.112747 13954.872213 -55.985001
11345.112747 13954.872213 -56.313698
11395.112747 13954.872213 -56.416344
11445.112747 13954.872213 -56.218742
11495.112747 13954.872213 -55.744793
11545.112747 13954.872213 -54.982624
11595.112747 13954.872213 -53.961987
11645.112747 13954.872213 -52.675915
11695.112747 13954.872213 -51.063034
11745.112747 13954.872213 -49.152149
11795.112747 13954.872213 -47.001831
11845.112747 13954.872213 -44.626938
11895.112747 13954.872213 -42.087711
11945.112747 13954.872213 -39.403049
11995.112747 13954.872213 -36.634609
12045.112747 13954.872213 -33.838913
12095.112747 13954.872213 -31.111553
12145.112747 13954.872213 -28.453800
12195.112747 13954.872213 -25.888941
12245.112747 13954.872213 -23.442204
12295.112747 13954.872213 -21.136467
12345.112747 13954.872213 -19.037373
12395.112747 13954.872213 -17.224077
12445.112747 13954.872213 -15.658727
12495.112747 13954.872213 -14.345776
12545.112747 13954.872213 -13.220575
12595.112747 13954.872213 -12.214028
12645.112747 13954.872213 -11.271124
12695.112747 13954.872213 -10.347761
12745.112747 13954.872213 -9.397193
12795.112747 13954.872213 -8.479532
12845.112747 13954.872213 -7.578361
12895.112747 13954.872213 -6.707037
12945.112747 13954.872213 -5.974529
12995.112747 13954.872213 -5.447378
13045.112747 13954.872213 -5.118970
13095.112747 13954.872213 -5.016627
13145.112747 13954.872213 -5.068727
13195.112747 13954.872213 -5.270302
13245.112747 13954.872213 -5.593108
13295.112747 13954.872213 -6.039383
13345.112747 13954.872213 -6.536890
13395.112747 13954.872213 -7.114560
13445.112747 13954.872213 -7.693870
13495.112747 13954.872213 -8.300379
13545.112747 13954.872213 -8.916221
13595.112747 13954.872213 -9.509278
13645.112747 13954.872213 -10.051664
13695.112747 13954.872213 -10.530872
13745.112747 13954.872213 -10.954530
13795.112747 13954.872213 -11.339395
13845.112747 13954.872213 -11.640319
13895.112747 13954.872213 -11.913056
13945.112747 13954.872213 -12.191784
13995.112747 13954.872213 -12.490756
6545.112747 14004.872213 -141.216797
6595.112747 14004.872213 -148.589142
6645.112747 14004.872213 -155.975052
6695.112747 14004.872213 -163.411682
6745.112747 14004.872213 -170.898895
6795.112747 14004.872213 -178.356339
6845.112747 14004.872213 -185.760956
6895.112747 14004.872213 -193.056686
6945.112747 14004.872213 -200.190414
6995.112747 14004.872213 -207.048584
7045.112747 14004.872213 -213.583801
7095.112747 14004.872213 -219.642639
7145.112747 14004.872213 -225.079849
7195.112747 14004.872213 -229.672897
7245.112747 14004.872213 -233.223969
7295.112747 14004.872213 -235.371872
7345.112747 14004.872213 -235.786438
7395.112747 14004.872213 -234.276733
7445.112747 14004.872213 -230.918350
7495.112747 14004.872213 -225.945206
7545.112747 14004.872213 -219.661392
7595.112747 14004.872213 -212.404388
7645.112747 14004.872213 -204.404984
7695.112747 14004.872213 -195.830566
7745.112747 14004.872213 -186.858887
7795.112747 14004.872213 -177.616760
7845.112747 14004.872213 -168.147278
7895.112747 14004.872213 -158.555069
7945.112747 14004.872213 -148.867798
7995.112747 14004.872213 -139.152054
8045.112747 14004.872213 -129.488022
8095.112747 14004.872213 -119.896477
8145.112747 14004.872213 -110.358337
8195.112747 14004.872213 -100.936302
8245.112747 14004.872213 -91.660927
8295.112747 14004.872213 -82.572685
8345.112747 14004.872213 -73.635048
8395.112747 14004.872213 -64.862183
8445.112747 14004.872213 -56.323856
8495.112747 14004.872213 -48.055035
8545.112747 14004.872213 -40.094337
8595.112747 14004.872213 -32.497528
8645.112747 14004.872213 -25.360521
8695.112747 14004.872213 -18.671158
8745.112747 14004.872213 -12.494800
8795.112747 14004.872213 -6.855095
8845.112747 14004.872213 -1.826850
8895.112747 14004.872213 2.544656
8945.112747 14004.872213 6.249814
8995.112747 14004.872213 9.286564
9045.112747 14004.872213 11.605297
9095.112747 14004.872213 13.184360
9145.112747 14004.872213 14.055490
9195.112747 14004.872213 14.226342
9245.112747 14004.872213 13.737858
9295.112747 14004.872213 12.643423
9345.112747 14004.872213 11.014009
9395.112747 14004.872213 8.979570
9445.112747 14004.872213 6.657443
9495.112747 14004.872213 4.158620
9545.112747 14004.872213 1.592213
9595.112747 14004.872213 -0.880434
9645.112747 14004.872213 -3.188270
9695.112747 14004.872213 -5.366159
9745.112747 14004.872213 -7.418480
9795.112747 14004.872213 -9.370033
9845.112747 14004.872213 -11.169349
9895.112747 14004.872213 -12.871329
9945.112747 14004.872213 -14.536950
9995.112747 14004.872213 -16.239386
10045.112747 14004.872213 -18.010284
10095.112747 14004.872213 -19.834272
10145.112747 14004.872213 -21.731045
10195.112747 14004.872213 -23.640371
10245.112747 14004.872213 -25.504070
10295.112747 14004.872213 -27.331604
10345.112747 14004.872213 -29.125149
10395.112747 14004.872213 -30.950626
10445.112747 14004.872213 -32.790920
10495.112747 14004.872213 -34.619068
10545.112747 14004.872213 -36.362511
10595.112747 14004.872213 -38.011734
10645.112747 14004.872213 -39.571579
10695.112747 14004.872213 -41.046661
10745.112747 14004.872213 -42.445507
10795.112747 14004.872213 -43.745216
10845.112747 14004.872213 -44.876308
10895.112747 14004.872213 -45.849316
10945.112747 14004.872213 -46.745449
10995.112747 14004.872213 -47.646286
11045.112747 14004.872213 -48.580067
11095.112747 14004.872213 -49.517910
11145.112747 14004.872213 -50.392712
11195.112747 14004.872213 -51.160637
11245.112747 14004.872213 -51.775131
11295.112747 14004.872213 -52.229656
11345.112747 14004.872213 -52.544228
11395.112747 14004.872213 -52.615044
11445.112747 14004.872213 -52.404564
11495.112747 14004.872213 -51.892262
11545.112747 14004.872213 -51.137733
11595.112747 14004.872213 -50.174438
11645.112747 14004.872213 -48.962997
11695.112747 14004.872213 -47.475956
11745.112747 14004.872213 -45.680511
11795.112747 14004.872213 -43.602741
11845.112747 14004.872213 -41.317554
11895.112747 14004.872213 -38.894695
11945.112747 14004.872213 -36.401787
11995.112747 14004.872213 -33.857430
12045.112747 14004.872213 -31.336994
12095.112747 14004.872213 -28.883442
12145.112747 14004.872213 -26.515564
12195.112747 14004.872213 -24.249912
12245.112747 14004.872213 -22.090208
12295.112747 14004.872213 -20.037619
12345.112747 14004.872213 -18.115677
12395.112747 14004.872213 -16.441093
12445.112747 14004.872213 -15.056404
12495.112747 14004.872213 -13.907992
12545.112747 14004.872213 -12.947248
12595.112747 14004.872213 -12.125484
12645.112747 14004.872213 -11.370645
12695.112747 14004.872213 -10.587497
12745.112747 14004.872213 -9.773854
12795.112747 14004.872213 -8.951582
12845.112747 14004.872213 -8.118842
12895.112747 14004.872213 -7.300211
12945.112747 14004.872213 -6.558948
12995.112747 14004.872213 -5.990088
13045.112747 14004.872213 -5.658627
13095.112747 14004.872213 -5.541745
13145.112747 14004.872213 -5.594473
13195.112747 14004.872213 -5.806566
13245.112747 14004.872213 -6.154047
13295.112747 14004.872213 -6.591692
13345.112747 14004.872213 -7.086200
13395.112747 14004.872213 -7.610674
13445.112747 14004.872213 -8.144730
13495.112747 14004.872213 -8.667437
13545.112747 14004.872213 -9.137891
13595.112747 14004.872213 -9.554743
13645.112747 14004.872213 -9.966178
13695.112747 14004.872213 -10.371652
13745.112747 14004.872213 -10.743052
13795.112747 14004.872213 -11.075508
13845.112747 14004.872213 -11.374737
13895.112747 14004.872213 -11.634239
13945.112747 14004.872213 -11.886676
13995.112747 14004.872213 -12.182926
6545.112747 14054.872213 -143.186676
6595.112747 14054.872213 -150.696533
6645.112747 14054.872213 -158.192825
6695.112747 14054.872213 -165.702011
6745.112747 14054.872213 -173.263428
6795.112747 14054.872213 -180.869614
6845.112747 14054.872213 -188.418030
6895.112747 14054.872213 -195.881195
6945.112747 14054.872213 -203.195694
6995.112747 14054.872213 -210.278702
7045.112747 14054.872213 -217.043777
7095.112747 14054.872213 -223.363342
7145.112747 14054.872213 -229.099274
7195.112747 14054.872213 -234.066559
7245.112747 14054.872213 -238.049927
7295.112747 14054.872213 -240.728867
7345.112747 14054.872213 -241.539658
7395.112747 14054.872213 -239.882065
7445.112747 14054.872213 -236.209473
7495.112747 14054.872213 -230.965103
7545.112747 14054.872213 -224.477478
7595.112747 14054.872213 -217.020523
7645.112747 14054.872213 -208.836029
7695.112747 14054.872213 -200.099121
7745.112747 14054.872213 -190.963715
7795.112747 14054.872213 -181.535751
7845.112747 14054.872213 -171.867386
7895.112747 14054.872213 -161.999161
7945.112747 14054.872213 -152.012955
7995.112747 14054.872213 -142.015747
8045.112747 14054.872213 -132.108719
8095.112747 14054.872213 -122.287163
8145.112747 14054.872213 -112.530281
8195.112747 14054.872213 -102.892868
8245.112747 14054.872213 -93.491806
8295.112747 14054.872213 -84.304451
8345.112747 14054.872213 -75.335159
8395.112747 14054.872213 -66.599510
8445.112747 14054.872213 -58.117867
8495.112747 14054.872213 -49.891747
8545.112747 14054.872213 -41.925148
8595.112747 14054.872213 -34.293598
8645.112747 14054.872213 -27.053770
8695.112747 14054.872213 -20.278368
8745.112747 14054.872213 -14.004701
8795.112747 14054.872213 -8.309515
8845.112747 14054.872213 -3.232526
8895.112747 14054.872213 1.218584
8945.112747 14054.872213 5.010903
8995.112747 14054.872213 8.141710
9045.112747 14054.872213 10.567633
9095.112747 14054.872213 12.264053
9145.112747 14054.872213 13.222269
9195.112747 14054.872213 13.460983
9245.112747 14054.872213 13.022853
9295.112747 14054.872213 11.948364
9345.112747 14054.872213 10.318404
9395.112747 14054.872213 8.257242
9445.112747 14054.872213 5.896857
9495.112747 14054.872213 3.425177
9545.112747 14054.872213 0.949708
9595.112747 14054.872213 -1.371558
9645.112747 14054.872213 -3.522550
9695.112747 14054.872213 -5.513102
9745.112747 14054.872213 -7.417862
9795.112747 14054.872213 -9.226874
9845.112747 14054.872213 -10.974674
9895.112747 14054.872213 -12.635138
9945.112747 14054.872213 -14.290504
9995.112747 14054.872213 -15.974167
10045.112747 14054.872213 -17.669907
10095.112747 14054.872213 -19.406389
10145.112747 14054.872213 -21.146597
10195.112747 14054.872213 -22.885141
10245.112747 14054.872213 -24.577414
10295.112747 14054.872213 -26.254324
10345.112747 14054.872213 -27.932936
10395.112747 14054.872213 -29.643925
10445.112747 14054.872213 -31.426266
10495.112747 14054.872213 -33.187195
10545.112747 14054.872213 -34.857143
10595.112747 14054.872213 -36.404598
10645.112747 14054.872213 -37.824806
10695.112747 14054.872213 -39.117973
10745.112747 14054.872213 -40.310387
10795.112747 14054.872213 -41.370190
10845.112747 14054.872213 -42.294575
10895.112747 14054.872213 -43.087990
10945.112747 14054.872213 -43.852623
10995.112747 14054.872213 -44.634010
11045.112747 14054.872213 -45.453568
11095.112747 14054.872213 -46.258156
11145.112747 14054.872213 -46.986488
11195.112747 14054.872213 -47.643158
11245.112747 14054.872213 -48.198608
11295.112747 14054.872213 -48.644100
11345.112747 14054.872213 -48.927399
11395.112747 14054.872213 -48.994114
11445.112747 14054.872213 -48.768345
11495.112747 14054.872213 -48.272968
11545.112747 14054.872213 -47.546413
11595.112747 14054.872213 -46.602917
11645.112747 14054.872213 -45.445702
11695.112747 14054.872213 -44.033974
11745.112747 14054.872213 -42.345207
11795.112747 14054.872213 -40.390316
11845.112747 14054.872213 -38.195061
11895.112747 14054.872213 -35.904099
11945.112747 14054.872213 -33.586437
11995.112747 14054.872213 -31.294758
12045.112747 14054.872213 -29.044317
12095.112747 14054.872213 -26.871820
12145.112747 14054.872213 -24.773548
12195.112747 14054.872213 -22.739599
12245.112747 14054.872213 -20.797014
12295.112747 14054.872213 -18.933592
12345.112747 14054.872213 -17.195368
12395.112747 14054.872213 -15.667572
12445.112747 14054.872213 -14.405065
12495.112747 14054.872213 -13.399773
12545.112747 14054.872213 -12.589835
12595.112747 14054.872213 -11.923336
12645.112747 14054.872213 -11.326015
12695.112747 14054.872213 -10.724176
12745.112747 14054.872213 -10.100199
12795.112747 14054.872213 -9.405163
12845.112747 14054.872213 -8.674499
12895.112747 14054.872213 -7.922923
12945.112747 14054.872213 -7.219009
12995.112747 14054.872213 -6.656375
13045.112747 14054.872213 -6.299809
13095.112747 14054.872213 -6.152614
13145.112747 14054.872213 -6.201747
13195.112747 14054.872213 -6.387417
13245.112747 14054.872213 -6.691639
13295.112747 14054.872213 -7.088608
13345.112747 14054.872213 -7.517390
13395.112747 14054.872213 -7.970160
13445.112747 14054.872213 -8.434451
13495.112747 14054.872213 -8.863338
13545.112747 14054.872213 -9.215164
13595.112747 14054.872213 -9.516145
13645.112747 14054.872213 -9.828779
13695.112747 14054.872213 -10.167367
13745.112747 14054.872213 -10.516333
13795.112747 14054.872213 -10.832420
13845.112747 14054.872213 -11.125478
13895.112747 14054.872213 -11.384343
13945.112747 14054.872213 -11.651058
13995.112747 14054.872213 -11.934896
6545.112747 14104.872213 -144.871246
6595.112747 14104.872213 -152.375931
6645.112747 14104.872213 -159.856110
6695.112747 14104.872213 -167.340240
6745.112747 14104.872213 -174.891357
6795.112747 14104.872213 -182.516678
6845.112747 14104.872213 -190.143448
6895.112747 14104.872213 -197.691803
6945.112747 14104.872213 -205.097122
6995.112747 14104.872213 -212.296982
7045.112747 14104.872213 -219.180664
7095.112747 14104.872213 -225.621109
7145.112747 14104.872213 -231.488083
7195.112747 14104.872213 -236.627136
7245.112747 14104.872213 -240.816635
7295.112747 14104.872213 -243.841599
7345.112747 14104.872213 -245.153488
7395.112747 14104.872213 -243.144165
7445.112747 14104.872213 -239.278137
7495.112747 14104.872213 -234.020721
7545.112747 14104.872213 -227.550232
7595.112747 14104.872213 -220.101608
7645.112747 14104.872213 -211.923050
7695.112747 14104.872213 -203.201172
7745.112747 14104.872213 -194.059952
7795.112747 14104.872213 -184.565140
7845.112747 14104.872213 -174.779160
7895.112747 14104.872213 -164.719055
7945.112747 14104.872213 -154.512726
7995.112747 14104.872213 -144.288589
8045.112747 14104.872213 -134.156326
8095.112747 14104.872213 -124.148972
8145.112747 14104.872213 -114.218979
8195.112747 14104.872213 -104.457405
8245.112747 14104.872213 -94.950356
8295.112747 14104.872213 -85.706474
8345.112747 14104.872213 -76.767365
8395.112747 14104.872213 -68.098709
8445.112747 14104.872213 -59.682903
8495.112747 14104.872213 -51.506603
8545.112747 14104.872213 -43.585590
8595.112747 14104.872213 -35.939709
8645.112747 14104.872213 -28.646431
8695.112747 14104.872213 -21.801208
8745.112747 14104.872213 -15.512851
8795.112747 14104.872213 -9.818427
8845.112747 14104.872213 -4.736635
8895.112747 14104.872213 -0.261942
8945.112747 14104.872213 3.579511
8995.112747 14104.872213 6.765907
9045.112747 14104.872213 9.259625
9095.112747 14104.872213 11.014421
9145.112747 14104.872213 12.079825
9195.112747 14104.872213 12.411118
9245.112747 14104.872213 12.076300
9295.112747 14104.872213 11.083217
9345.112747 14104.872213 9.487276
9395.112747 14104.872213 7.467802
9445.112747 14104.872213 5.176378
9495.112747 14104.872213 2.767376
9545.112747 14104.872213 0.423231
9595.112747 14104.872213 -1.696570
9645.112747 14104.872213 -3.620860
9695.112747 14104.872213 -5.423370
9745.112747 14104.872213 -7.127174
9795.112747 14104.872213 -8.789321
9845.112747 14104.872213 -10.411071
9895.112747 14104.872213 -12.024430
9945.112747 14104.872213 -13.634050
9995.112747 14104.872213 -15.286069
10045.112747 14104.872213 -16.913992
10095.112747 14104.872213 -18.515282
10145.112747 14104.872213 -20.099607
10195.112747 14104.872213 -21.651630
10245.112747 14104.872213 -23.206310
10295.112747 14104.872213 -24.752279
10345.112747 14104.872213 -26.326990
10395.112747 14104.872213 -27.956556
10445.112747 14104.872213 -29.665194
10495.112747 14104.872213 -31.358305
10545.112747 14104.872213 -32.961483
10595.112747 14104.872213 -34.435307
10645.112747 14104.872213 -35.742344
10695.112747 14104.872213 -36.875546
10745.112747 14104.872213 -37.882576
10795.112747 14104.872213 -38.762226
10845.112747 14104.872213 -39.516087
10895.112747 14104.872213 -40.204147
10945.112747 14104.872213 -40.888950
10995.112747 14104.872213 -41.613983
11045.112747 14104.872213 -42.339767
11095.112747 14104.872213 -43.037617
11145.112747 14104.872213 -43.658073
11195.112747 14104.872213 -44.213638
11245.112747 14104.872213 -44.730125
11295.112747 14104.872213 -45.168091
11345.112747 14104.872213 -45.463005
11395.112747 14104.872213 -45.530064
11445.112747 14104.872213 -45.343536
11495.112747 14104.872213 -44.908855
11545.112747 14104.872213 -44.251251
11595.112747 14104.872213 -43.329395
11645.112747 14104.872213 -42.193096
11695.112747 14104.872213 -40.849773
11745.112747 14104.872213 -39.266979
11795.112747 14104.872213 -37.436474
11845.112747 14104.872213 -35.383743
11895.112747 14104.872213 -33.237041
11945.112747 14104.872213 -31.098139
11995.112747 14104.872213 -29.014080
12045.112747 14104.872213 -27.025000
12095.112747 14104.872213 -25.094839
12145.112747 14104.872213 -23.206997
12195.112747 14104.872213 -21.341267
12245.112747 14104.872213 -19.541676
12295.112747 14104.872213 -17.833208
12345.112747 14104.872213 -16.266096
12395.112747 14104.872213 -14.879208
12445.112747 14104.872213 -13.743258
12495.112747 14104.872213 -12.845401
12545.112747 14104.872213 -12.163735
12595.112747 14104.872213 -11.641320
12645.112747 14104.872213 -11.181925
12695.112747 14104.872213 -10.774543
12745.112747 14104.872213 -10.350861
12795.112747 14104.872213 -9.820327
12845.112747 14104.872213 -9.196449
12895.112747 14104.872213 -8.572362
12945.112747 14104.872213 -7.954324
12995.112747 14104.872213 -7.426187
13045.112747 14104.872213 -7.058655
13095.112747 14104.872213 -6.876280
13145.112747 14104.872213 -6.868169
13195.112747 14104.872213 -7.000005
13245.112747 14104.872213 -7.218291
13295.112747 14104.872213 -7.490845
13345.112747 14104.872213 -7.824266
13395.112747 14104.872213 -8.169697
13445.112747 14104.872213 -8.539811
13495.112747 14104.872213 -8.879912
13545.112747 14104.872213 -9.179676
13595.112747 14104.872213 -9.428914
13645.112747 14104.872213 -9.697341
13695.112747 14104.872213 -9.973164
13745.112747 14104.872213 -10.294497
13795.112747 14104.872213 -10.619620
13845.112747 14104.872213 -10.908053
13895.112747 14104.872213 -11.192348
13945.112747 14104.872213 -11.467166
13995.112747 14104.872213 -11.728434
6545.112747 14154.872213 -146.284241
6595.112747 14154.872213 -153.619507
6645.112747 14154.872213 -160.998795
6695.112747 14154.872213 -168.382645
6745.112747 14154.872213 -175.815125
6795.112747 14154.872213 -183.394089
6845.112747 14154.872213 -191.001572
6895.112747 14154.872213 -198.556122
6945.112747 14154.872213 -205.950027
6995.112747 14154.872213 -213.141907
7045.112747 14154.872213 -220.015472
7095.112747 14154.872213 -226.425949
7145.112747 14154.872213 -232.244873
7195.112747 14154.872213 -237.312592
7245.112747 14154.872213 -241.397690
7295.112747 14154.872213 -244.133591
7345.112747 14154.872213 -245.038528
7395.112747 14154.872213 -243.497513
7445.112747 14154.872213 -240.010681
7495.112747 14154.872213 -235.030869
7545.112747 14154.872213 -228.814148
7595.112747 14154.872213 -221.586136
7645.112747 14154.872213 -213.629074
7695.112747 14154.872213 -205.080109
7745.112747 14154.872213 -196.066879
7795.112747 14154.872213 -186.613190
7845.112747 14154.872213 -176.786682
7895.112747 14154.872213 -166.627609
7945.112747 14154.872213 -156.304916
7995.112747 14154.872213 -145.936569
8045.112747 14154.872213 -135.636383
8095.112747 14154.872213 -125.470192
8145.112747 14154.872213 -115.474586
8195.112747 14154.872213 -105.649803
8245.112747 14154.872213 -96.105583
8295.112747 14154.872213 -86.874557
8345.112747 14154.872213 -77.970863
8395.112747 14154.872213 -69.391052
8445.112747 14154.872213 -61.048088
8495.112747 14154.872213 -52.933681
8545.112747 14154.872213 -45.067112
8595.112747 14154.872213 -37.438416
8645.112747 14154.872213 -30.134884
8695.112747 14154.872213 -23.301659
8745.112747 14154.872213 -17.038536
8795.112747 14154.872213 -11.380622
8845.112747 14154.872213 -6.338593
8895.112747 14154.872213 -1.862263
8945.112747 14154.872213 1.996303
8995.112747 14154.872213 5.197481
9045.112747 14154.872213 7.692865
9095.112747 14154.872213 9.503577
9145.112747 14154.872213 10.636249
9195.112747 14154.872213 11.123991
9245.112747 14154.872213 10.919477
9295.112747 14154.872213 10.016149
9345.112747 14154.872213 8.538713
9395.112747 14154.872213 6.649669
9445.112747 14154.872213 4.506079
9495.112747 14154.872213 2.241414
9545.112747 14154.872213 -0.000000
9595.112747 14154.872213 -1.820644
9645.112747 14154.872213 -3.519774
9695.112747 14154.872213 -5.129534
9745.112747 14154.872213 -6.665282
9795.112747 14154.872213 -8.143808
9845.112747 14154.872213 -9.620051
9895.112747 14154.872213 -11.099419
9945.112747 14154.872213 -12.628710
9995.112747 14154.872213 -14.180989
10045.112747 14154.872213 -15.717619
10095.112747 14154.872213 -17.209646
10145.112747 14154.872213 -18.643923
10195.112747 14154.872213 -20.050440
10245.112747 14154.872213 -21.458477
10295.112747 14154.872213 -22.915789
10345.112747 14154.872213 -24.395348
10395.112747 14154.872213 -25.939112
10445.112747 14154.872213 -27.538626
10495.112747 14154.872213 -29.171810
10545.112747 14154.872213 -30.691864
10595.112747 14154.872213 -32.088730
10645.112747 14154.872213 -33.284817
10695.112747 14154.872213 -34.312744
10745.112747 14154.872213 -35.189781
10795.112747 14154.872213 -35.963993
10845.112747 14154.872213 -36.637127
10895.112747 14154.872213 -37.270962
10945.112747 14154.872213 -37.915730
10995.112747 14154.872213 -38.575443
11045.112747 14154.872213 -39.244827
11095.112747 14154.872213 -39.856758
11145.112747 14154.872213 -40.401089
11195.112747 14154.872213 -40.924477
11245.112747 14154.872213 -41.407833
11295.112747 14154.872213 -41.824284
11345.112747 14154.872213 -42.118061
11395.112747 14154.872213 -42.231766
11445.112747 14154.872213 -42.142670
11495.112747 14154.872213 -41.816708
11545.112747 14154.872213 -41.228653
11595.112747 14154.872213 -40.361359
11645.112747 14154.872213 -39.273460
11695.112747 14154.872213 -37.987759
11745.112747 14154.872213 -36.506809
11795.112747 14154.872213 -34.835274
11845.112747 14154.872213 -32.965847
11895.112747 14154.872213 -30.976116
11945.112747 14154.872213 -28.991529
11995.112747 14154.872213 -27.093250
12045.112747 14154.872213 -25.269468
12095.112747 14154.872213 -23.504267
12145.112747 14154.872213 -21.774599
12195.112747 14154.872213 -20.038982
12245.112747 14154.872213 -18.355263
12295.112747 14154.872213 -16.772339
12345.112747 14154.872213 -15.347969
12395.112747 14154.872213 -14.118714
12445.112747 14154.872213 -13.082153
12495.112747 14154.872213 -12.282667
12545.112747 14154.872213 -11.724665
12595.112747 14154.872213 -11.321202
12645.112747 14154.872213 -11.013501
12695.112747 14154.872213 -10.769324
12745.112747 14154.872213 -10.519052
12795.112747 14154.872213 -10.161231
12845.112747 14154.872213 -9.719904
12895.112747 14154.872213 -9.220276
12945.112747 14154.872213 -8.730832
12995.112747 14154.872213 -8.274917
13045.112747 14154.872213 -7.891927
13095.112747 14154.872213 -7.648504
13145.112747 14154.872213 -7.568004
13195.112747 14154.872213 -7.605883
13245.112747 14154.872213 -7.685448
13295.112747 14154.872213 -7.829858
13345.112747 14154.872213 -8.004905
13395.112747 14154.872213 -8.250866
13445.112747 14154.872213 -8.515882
13495.112747 14154.872213 -8.778111
13545.112747 14154.872213 -9.034399
13595.112747 14154.872213 -9.293514
13645.112747 14154.872213 -9.552127
13695.112747 14154.872213 -9.829597
13745.112747 14154.872213 -10.145278
13795.112747 14154.872213 -10.454562
13845.112747 14154.872213 -10.740113
13895.112747 14154.872213 -11.020954
13945.112747 14154.872213 -11.300724
13995.112747 14154.872213 -11.546296
6545.112747 14204.872213 -147.386963
6595.112747 14204.872213 -154.497391
6645.112747 14204.872213 -161.668945
6695.112747 14204.872213 -168.885635
6745.112747 14204.872213 -176.184296
6795.112747 14204.872213 -183.603134
6845.112747 14204.872213 -191.105591
6895.112747 14204.872213 -198.559097
6945.112747 14204.872213 -205.825104
6995.112747 14204.872213 -212.866226
7045.112747 14204.872213 -219.569000
7095.112747 14204.872213 -225.800827
7145.112747 14204.872213 -231.400345
7195.112747 14204.872213 -236.179123
7245.112747 14204.872213 -239.885559
7295.112747 14204.872213 -242.187454
7345.112747 14204.872213 -242.779495
7395.112747 14204.872213 -241.532150
7445.112747 14204.872213 -238.540573
7495.112747 14204.872213 -234.040451
7545.112747 14204.872213 -228.276901
7595.112747 14204.872213 -221.496765
7645.112747 14204.872213 -213.907166
7695.112747 14204.872213 -205.668091
7745.112747 14204.872213 -196.882751
7795.112747 14204.872213 -187.569931
7845.112747 14204.872213 -177.777664
7895.112747 14204.872213 -167.662460
7945.112747 14204.872213 -157.331543
7995.112747 14204.872213 -146.935669
8045.112747 14204.872213 -136.558350
8095.112747 14204.872213 -126.336227
8145.112747 14204.872213 -116.311798
8195.112747 14204.872213 -106.524841
8245.112747 14204.872213 -97.012459
8295.112747 14204.872213 -87.827293
8345.112747 14204.872213 -79.012344
8395.112747 14204.872213 -70.497070
8445.112747 14204.872213 -62.233009
8495.112747 14204.872213 -54.194118
8545.112747 14204.872213 -46.388512
8595.112747 14204.872213 -38.820187
8645.112747 14204.872213 -31.572792
8695.112747 14204.872213 -24.809616
8745.112747 14204.872213 -18.598516
8795.112747 14204.872213 -13.002381
8845.112747 14204.872213 -7.984855
8895.112747 14204.872213 -3.560091
8945.112747 14204.872213 0.262049
8995.112747 14204.872213 3.429820
9045.112747 14204.872213 5.936597
9095.112747 14204.872213 7.767298
9145.112747 14204.872213 9.015803
9195.112747 14204.872213 9.625807
9245.112747 14204.872213 9.563229
9295.112747 14204.872213 8.827058
9345.112747 14204.872213 7.520788
9395.112747 14204.872213 5.837054
9445.112747 14204.872213 3.939127
9495.112747 14204.872213 1.933603
9545.112747 14204.872213 -0.004329
9595.112747 14204.872213 -1.702708
9645.112747 14204.872213 -3.239806
9695.112747 14204.872213 -4.685642
9745.112747 14204.872213 -6.044057
9795.112747 14204.872213 -7.349309
9845.112747 14204.872213 -8.633272
9895.112747 14204.872213 -9.963467
9945.112747 14204.872213 -11.343955
9995.112747 14204.872213 -12.771629
10045.112747 14204.872213 -14.193184
10095.112747 14204.872213 -15.552182
10145.112747 14204.872213 -16.884432
10195.112747 14204.872213 -18.185741
10245.112747 14204.872213 -19.500101
10295.112747 14204.872213 -20.836994
10345.112747 14204.872213 -22.221817
10395.112747 14204.872213 -23.659225
10445.112747 14204.872213 -25.164719
10495.112747 14204.872213 -26.666908
10545.112747 14204.872213 -28.122965
10595.112747 14204.872213 -29.414204
10645.112747 14204.872213 -30.550144
10695.112747 14204.872213 -31.491383
10745.112747 14204.872213 -32.322655
10795.112747 14204.872213 -33.054199
10845.112747 14204.872213 -33.723129
10895.112747 14204.872213 -34.342373
10945.112747 14204.872213 -34.967136
10995.112747 14204.872213 -35.566109
11045.112747 14204.872213 -36.180515
11095.112747 14204.872213 -36.751007
11145.112747 14204.872213 -37.276707
11195.112747 14204.872213 -37.783947
11245.112747 14204.872213 -38.243843
11295.112747 14204.872213 -38.640766
11345.112747 14204.872213 -38.955685
11395.112747 14204.872213 -39.145290
11445.112747 14204.872213 -39.160675
11495.112747 14204.872213 -38.950424
11545.112747 14204.872213 -38.458828
11595.112747 14204.872213 -37.694214
11645.112747 14204.872213 -36.679607
11695.112747 14204.872213 -35.485371
11745.112747 14204.872213 -34.138508
11795.112747 14204.872213 -32.615330
11845.112747 14204.872213 -30.937399
11895.112747 14204.872213 -29.131601
11945.112747 14204.872213 -27.312183
11995.112747 14204.872213 -25.523584
12045.112747 14204.872213 -23.793280
12095.112747 14204.872213 -22.116844
12145.112747 14204.872213 -20.465387
12195.112747 14204.872213 -18.831810
12245.112747 14204.872213 -17.246429
12295.112747 14204.872213 -15.781646
12345.112747 14204.872213 -14.479795
12395.112747 14204.872213 -13.366786
12445.112747 14204.872213 -12.456682
12495.112747 14204.872213 -11.774227
12545.112747 14204.872213 -11.321863
12595.112747 14204.872213 -11.029545
12645.112747 14204.872213 -10.842911
12695.112747 14204.872213 -10.750100
12745.112747 14204.872213 -10.654373
12795.112747 14204.872213 -10.488204
12845.112747 14204.872213 -10.204945
12895.112747 14204.872213 -9.851041
12945.112747 14204.872213 -9.472098
12995.112747 14204.872213 -9.079756
13045.112747 14204.872213 -8.711318
13095.112747 14204.872213 -8.423572
13145.112747 14204.872213 -8.256735
13195.112747 14204.872213 -8.169947
13245.112747 14204.872213 -8.124187
13295.112747 14204.872213 -8.093972
13345.112747 14204.872213 -8.122458
13395.112747 14204.872213 -8.249382
13445.112747 14204.872213 -8.400689
13495.112747 14204.872213 -8.586119
13545.112747 14204.872213 -8.836618
13595.112747 14204.872213 -9.126164
13645.112747 14204.872213 -9.431363
13695.112747 14204.872213 -9.747587
13745.112747 14204.872213 -10.050721
13795.112747 14204.872213 -10.340483
13845.112747 14204.872213 -10.604859
13895.112747 14204.872213 -10.854357
13945.112747 14204.872213 -11.094195
13995.112747 14204.872213 -11.350457
6545.112747 14254.872213 -148.266220
6595.112747 14254.872213 -155.096115
6645.112747 14254.872213 -161.995468
6695.112747 14254.872213 -168.975327
6745.112747 14254.872213 -176.091080
6795.112747 14254.872213 -183.299759
6845.112747 14254.872213 -190.562042
6895.112747 14254.872213 -197.742020
6945.112747 14254.872213 -204.779373
6995.112747 14254.872213 -211.519348
7045.112747 14254.872213 -217.918976
7095.112747 14254.872213 -223.816360
7145.112747 14254.872213 -229.044891
7195.112747 14254.872213 -233.378525
7245.112747 14254.872213 -236.624786
7295.112747 14254.872213 -238.518112
7345.112747 14254.872213 -238.927765
7395.112747 14254.872213 -237.827698
7445.112747 14254.872213 -235.247406
7495.112747 14254.872213 -231.243027
7545.112747 14254.872213 -226.036377
7595.112747 14254.872213 -219.825607
7645.112747 14254.872213 -212.738922
7695.112747 14254.872213 -204.902557
7745.112747 14254.872213 -196.407852
7795.112747 14254.872213 -187.318161
7845.112747 14254.872213 -177.726105
7895.112747 14254.872213 -167.770859
7945.112747 14254.872213 -157.581635
7995.112747 14254.872213 -147.274780
8045.112747 14254.872213 -136.958405
8095.112747 14254.872213 -126.772530
8145.112747 14254.872213 -116.803345
8195.112747 14254.872213 -107.100677
8245.112747 14254.872213 -97.675613
8295.112747 14254.872213 -88.603294
8345.112747 14254.872213 -79.851189
8395.112747 14254.872213 -71.428017
8445.112747 14254.872213 -63.269474
8495.112747 14254.872213 -55.324154
8545.112747 14254.872213 -47.577354
8595.112747 14254.872213 -40.106373
8645.112747 14254.872213 -32.998417
8695.112747 14254.872213 -26.336926
8745.112747 14254.872213 -20.208626
8795.112747 14254.872213 -14.649358
8845.112747 14254.872213 -9.684533
8895.112747 14254.872213 -5.326494
8945.112747 14254.872213 -1.603949
8995.112747 14254.872213 1.518741
9045.112747 14254.872213 4.018015
9095.112747 14254.872213 5.912777
9145.112747 14254.872213 7.242853
9195.112747 14254.872213 7.975450
9245.112747 14254.872213 8.062778
9295.112747 14254.872213 7.530934
9345.112747 14254.872213 6.491297
9395.112747 14254.872213 5.077324
9445.112747 14254.872213 3.462654
9495.112747 14254.872213 1.762751
9545.112747 14254.872213 0.090971
9595.112747 14254.872213 -1.445651
9645.112747 14254.872213 -2.832013
9695.112747 14254.872213 -4.102646
9745.112747 14254.872213 -5.304761
9795.112747 14254.872213 -6.450689
9845.112747 14254.872213 -7.559849
9895.112747 14254.872213 -8.694136
9945.112747 14254.872213 -9.909181
9995.112747 14254.872213 -11.167078
10045.112747 14254.872213 -12.447611
10095.112747 14254.872213 -13.713392
10145.112747 14254.872213 -14.968500
10195.112747 14254.872213 -16.201340
10245.112747 14254.872213 -17.428131
10295.112747 14254.872213 -18.679756
10345.112747 14254.872213 -19.952995
10395.112747 14254.872213 -21.268688
10445.112747 14254.872213 -22.606371
10495.112747 14254.872213 -23.984650
10545.112747 14254.872213 -25.316402
10595.112747 14254.872213 -26.559517
10645.112747 14254.872213 -27.636784
10695.112747 14254.872213 -28.581310
10745.112747 14254.872213 -29.398348
10795.112747 14254.872213 -30.155870
10845.112747 14254.872213 -30.845226
10895.112747 14254.872213 -31.491667
10945.112747 14254.872213 -32.087879
10995.112747 14254.872213 -32.637901
11045.112747 14254.872213 -33.198616
11095.112747 14254.872213 -33.757668
11145.112747 14254.872213 -34.291473
11195.112747 14254.872213 -34.801884
11245.112747 14254.872213 -35.247997
11295.112747 14254.872213 -35.655781
11345.112747 14254.872213 -36.025036
11395.112747 14254.872213 -36.300316
11445.112747 14254.872213 -36.417118
11495.112747 14254.872213 -36.292068
11545.112747 14254.872213 -35.920223
11595.112747 14254.872213 -35.302780
11645.112747 14254.872213 -34.451202
11695.112747 14254.872213 -33.396507
11745.112747 14254.872213 -32.168198
11795.112747 14254.872213 -30.800034
11845.112747 14254.872213 -29.287415
11895.112747 14254.872213 -27.671144
11945.112747 14254.872213 -25.979971
11995.112747 14254.872213 -24.269474
12045.112747 14254.872213 -22.565269
12095.112747 14254.872213 -20.914585
12145.112747 14254.872213 -19.306236
12195.112747 14254.872213 -17.732910
12245.112747 14254.872213 -16.248592
12295.112747 14254.872213 -14.884437
12345.112747 14254.872213 -13.693811
12395.112747 14254.872213 -12.701062
12445.112747 14254.872213 -11.924551
12495.112747 14254.872213 -11.377143
12545.112747 14254.872213 -11.015767
12595.112747 14254.872213 -10.808699
12645.112747 14254.872213 -10.738223
12695.112747 14254.872213 -10.750109
12745.112747 14254.872213 -10.788542
12795.112747 14254.872213 -10.785902
12845.112747 14254.872213 -10.657593
12895.112747 14254.872213 -10.407336
12945.112747 14254.872213 -10.105412
12995.112747 14254.872213 -9.779997
13045.112747 14254.872213 -9.450027
13095.112747 14254.872213 -9.151071
13145.112747 14254.872213 -8.886548
13195.112747 14254.872213 -8.666151
13245.112747 14254.872213 -8.482116
13295.112747 14254.872213 -8.316411
13345.112747 14254.872213 -8.211905
13395.112747 14254.872213 -8.191217
13445.112747 14254.872213 -8.255391
13495.112747 14254.872213 -8.396874
13545.112747 14254.872213 -8.646422
13595.112747 14254.872213 -8.976020
13645.112747 14254.872213 -9.344645
13695.112747 14254.872213 -9.697732
13745.112747 14254.872213 -9.979617
13795.112747 14254.872213 -10.231482
13845.112747 14254.872213 -10.462396
13895.112747 14254.872213 -10.652349
13945.112747 14254.872213 -10.845881
13995.112747 14254.872213 -11.088840
6545.112747 14304.872213 -148.960800
6595.112747 14304.872213 -155.509247
6645.112747 14304.872213 -162.094742
6695.112747 14304.872213 -168.802185
6745.112747 14304.872213 -175.642029
6795.112747 14304.872213 -182.530777
6845.112747 14304.872213 -189.401352
6895.112747 14304.872213 -196.225174
6945.112747 14304.872213 -202.850021
6995.112747 14304.872213 -209.195419
7045.112747 14304.872213 -215.146942
7095.112747 14304.872213 -220.600677
7145.112747 14304.872213 -225.334183
7195.112747 14304.872213 -229.157532
7245.112747 14304.872213 -231.920456
7295.112747 14304.872213 -233.504776
7345.112747 14304.872213 -233.789902
7395.112747 14304.872213 -232.790451
7445.112747 14304.872213 -230.489014
7495.112747 14304.872213 -226.958267
7545.112747 14304.872213 -222.292252
7595.112747 14304.872213 -216.664932
7645.112747 14304.872213 -210.121231
7695.112747 14304.872213 -202.723877
7745.112747 14304.872213 -194.582932
7795.112747 14304.872213 -185.825638
7845.112747 14304.872213 -176.577423
7895.112747 14304.872213 -166.945740
7945.112747 14304.872213 -157.027649
7995.112747 14304.872213 -146.950470
8045.112747 14304.872213 -136.838333
8095.112747 14304.872213 -126.806480
8145.112747 14304.872213 -116.971947
8195.112747 14304.872213 -107.394882
8245.112747 14304.872213 -98.143959
8295.112747 14304.872213 -89.189911
8345.112747 14304.872213 -80.543167
8395.112747 14304.872213 -72.195343
8445.112747 14304.872213 -64.135216
8495.112747 14304.872213 -56.288986
8545.112747 14304.872213 -48.678989
8595.112747 14304.872213 -41.352947
8645.112747 14304.872213 -34.419781
8695.112747 14304.872213 -27.901161
8745.112747 14304.872213 -21.859922
8795.112747 14304.872213 -16.354542
8845.112747 14304.872213 -11.456612
8895.112747 14304.872213 -7.200627
8945.112747 14304.872213 -3.558487
8995.112747 14304.872213 -0.490094
9045.112747 14304.872213 2.022272
9095.112747 14304.872213 3.985421
9145.112747 14304.872213 5.388505
9195.112747 14304.872213 6.206330
9245.112747 14304.872213 6.466571
9295.112747 14304.872213 6.180799
9345.112747 14304.872213 5.438065
9395.112747 14304.872213 4.365913
9445.112747 14304.872213 3.053810
9495.112747 14304.872213 1.640305
9545.112747 14304.872213 0.217768
9595.112747 14304.872213 -1.113958
9645.112747 14304.872213 -2.335086
9695.112747 14304.872213 -3.465812
9745.112747 14304.872213 -4.541815
9795.112747 14304.872213 -5.544203
9845.112747 14304.872213 -6.479208
9895.112747 14304.872213 -7.439186
9945.112747 14304.872213 -8.457280
9995.112747 14304.872213 -9.562906
10045.112747 14304.872213 -10.705887
10095.112747 14304.872213 -11.879285
10145.112747 14304.872213 -13.051501
10195.112747 14304.872213 -14.220101
10245.112747 14304.872213 -15.370695
10295.112747 14304.872213 -16.531384
10345.112747 14304.872213 -17.687197
10395.112747 14304.872213 -18.841806
10445.112747 14304.872213 -20.026150
10495.112747 14304.872213 -21.230719
10545.112747 14304.872213 -22.450788
10595.112747 14304.872213 -23.622908
10645.112747 14304.872213 -24.707062
10695.112747 14304.872213 -25.666798
10745.112747 14304.872213 -26.548992
10795.112747 14304.872213 -27.362759
10845.112747 14304.872213 -28.114244
10895.112747 14304.872213 -28.767378
10945.112747 14304.872213 -29.325424
10995.112747 14304.872213 -29.848013
11045.112747 14304.872213 -30.376602
11095.112747 14304.872213 -30.933157
11145.112747 14304.872213 -31.476559
11195.112747 14304.872213 -31.977551
11245.112747 14304.872213 -32.457588
11295.112747 14304.872213 -32.909245
11345.112747 14304.872213 -33.340672
11395.112747 14304.872213 -33.691082
11445.112747 14304.872213 -33.854382
11495.112747 14304.872213 -33.810818
11545.112747 14304.872213 -33.564045
11595.112747 14304.872213 -33.121834
11645.112747 14304.872213 -32.475243
11695.112747 14304.872213 -31.612591
11745.112747 14304.872213 -30.544285
11795.112747 14304.872213 -29.308220
11845.112747 14304.872213 -27.949196
11895.112747 14304.872213 -26.483322
11945.112747 14304.872213 -24.913260
11995.112747 14304.872213 -23.245449
12045.112747 14304.872213 -21.553612
12095.112747 14304.872213 -19.901093
12145.112747 14304.872213 -18.298407
12195.112747 14304.872213 -16.785646
12245.112747 14304.872213 -15.381106
12295.112747 14304.872213 -14.134439
12345.112747 14304.872213 -13.069844
12395.112747 14304.872213 -12.205692
12445.112747 14304.872213 -11.551249
12495.112747 14304.872213 -11.105389
12545.112747 14304.872213 -10.834147
12595.112747 14304.872213 -10.716140
12645.112747 14304.872213 -10.733747
12695.112747 14304.872213 -10.824860
12745.112747 14304.872213 -10.946556
12795.112747 14304.872213 -11.030625
12845.112747 14304.872213 -11.010476
12895.112747 14304.872213 -10.862177
12945.112747 14304.872213 -10.627410
12995.112747 14304.872213 -10.346582
13045.112747 14304.872213 -10.045054
13095.112747 14304.872213 -9.730418
13145.112747 14304.872213 -9.401695
13195.112747 14304.872213 -9.068309
13245.112747 14304.872213 -8.767685
13295.112747 14304.872213 -8.496176
13345.112747 14304.872213 -8.272902
13395.112747 14304.872213 -8.156393
13445.112747 14304.872213 -8.162864
13495.112747 14304.872213 -8.289260
13545.112747 14304.872213 -8.538979
13595.112747 14304.872213 -8.867374
13645.112747 14304.872213 -9.261145
13695.112747 14304.872213 -9.607492
13745.112747 14304.872213 -9.888264
13795.112747 14304.872213 -10.108209
13845.112747 14304.872213 -10.276373
13895.112747 14304.872213 -10.388927
13945.112747 14304.872213 -10.542943
13995.112747 14304.872213 -10.746610
6545.112747 14354.872213 -149.609085
6595.112747 14354.872213 -155.821442
6645.112747 14354.872213 -162.067200
6695.112747 14354.872213 -168.425674
6745.112747 14354.872213 -174.870422
6795.112747 14354.872213 -181.315445
6845.112747 14354.872213 -187.709900
6895.112747 14354.872213 -194.011276
6945.112747 14354.872213 -200.128098
6995.112747 14354.872213 -205.958267
7045.112747 14354.872213 -211.393036
7095.112747 14354.872213 -216.276581
7145.112747 14354.872213 -220.470139
7195.112747 14354.872213 -223.790375
7245.112747 14354.872213 -226.127167
7295.112747 14354.872213 -227.407303
7345.112747 14354.872213 -227.607071
7395.112747 14354.872213 -226.665009
7445.112747 14354.872213 -224.593689
7495.112747 14354.872213 -221.444031
7545.112747 14354.872213 -217.282990
7595.112747 14354.872213 -212.144547
7645.112747 14354.872213 -206.097534
7695.112747 14354.872213 -199.166183
7745.112747 14354.872213 -191.442719
7795.112747 14354.872213 -183.125473
7845.112747 14354.872213 -174.335846
7895.112747 14354.872213 -165.144485
7945.112747 14354.872213 -155.655136
7995.112747 14354.872213 -145.967102
8045.112747 14354.872213 -136.190353
8095.112747 14354.872213 -126.430817
8145.112747 14354.872213 -116.816841
8195.112747 14354.872213 -107.449738
8245.112747 14354.872213 -98.379028
8295.112747 14354.872213 -89.596260
8345.112747 14354.872213 -81.056900
8395.112747 14354.872213 -72.788391
8445.112747 14354.872213 -64.807175
8495.112747 14354.872213 -57.099915
8545.112747 14354.872213 -49.646568
8595.112747 14354.872213 -42.537537
8645.112747 14354.872213 -35.791470
8695.112747 14354.872213 -29.445618
8745.112747 14354.872213 -23.536463
8795.112747 14354.872213 -18.138563
8845.112747 14354.872213 -13.334255
8895.112747 14354.872213 -9.149142
8945.112747 14354.872213 -5.557208
8995.112747 14354.872213 -2.521289
9045.112747 14354.872213 -0.003817
9095.112747 14354.872213 2.005294
9145.112747 14354.872213 3.470300
9195.112747 14354.872213 4.389600
9245.112747 14354.872213 4.823277
9295.112747 14354.872213 4.807431
9345.112747 14354.872213 4.385698
9395.112747 14354.872213 3.637787
9445.112747 14354.872213 2.639682
9495.112747 14354.872213 1.522747
9545.112747 14354.872213 0.358098
9595.112747 14354.872213 -0.788945
9645.112747 14354.872213 -1.872196
9695.112747 14354.872213 -2.882216
9745.112747 14354.872213 -3.843390
9795.112747 14354.872213 -4.733670
9845.112747 14354.872213 -5.552190
9895.112747 14354.872213 -6.340385
9945.112747 14354.872213 -7.186514
9995.112747 14354.872213 -8.133200
10045.112747 14354.872213 -9.150356
10095.112747 14354.872213 -10.208994
10145.112747 14354.872213 -11.278326
10195.112747 14354.872213 -12.351521
10245.112747 14354.872213 -13.426859
10295.112747 14354.872213 -14.487262
10345.112747 14354.872213 -15.508916
10395.112747 14354.872213 -16.506542
10445.112747 14354.872213 -17.529163
10495.112747 14354.872213 -18.586786
10545.112747 14354.872213 -19.673586
10595.112747 14354.872213 -20.790239
10645.112747 14354.872213 -21.876656
10695.112747 14354.872213 -22.906761
10745.112747 14354.872213 -23.854595
10795.112747 14354.872213 -24.730476
10845.112747 14354.872213 -25.516310
10895.112747 14354.872213 -26.176117
10945.112747 14354.872213 -26.733646
10995.112747 14354.872213 -27.268610
11045.112747 14354.872213 -27.803701
11095.112747 14354.872213 -28.357229
11145.112747 14354.872213 -28.893007
11195.112747 14354.872213 -29.417007
11245.112747 14354.872213 -29.914736
11295.112747 14354.872213 -30.416880
11345.112747 14354.872213 -30.879992
11395.112747 14354.872213 -31.236692
11445.112747 14354.872213 -31.434502
11495.112747 14354.872213 -31.475306
11545.112747 14354.872213 -31.375137
11595.112747 14354.872213 -31.103458
11645.112747 14354.872213 -30.652218
11695.112747 14354.872213 -29.997005
11745.112747 14354.872213 -29.105106
11795.112747 14354.872213 -28.028875
11845.112747 14354.872213 -26.795168
11895.112747 14354.872213 -25.459858
11945.112747 14354.872213 -23.977890
11995.112747 14354.872213 -22.380705
12045.112747 14354.872213 -20.720596
12095.112747 14354.872213 -19.062010
12145.112747 14354.872213 -17.493767
12195.112747 14354.872213 -16.032549
12245.112747 14354.872213 -14.728148
12295.112747 14354.872213 -13.588660
12345.112747 14354.872213 -12.639952
12395.112747 14354.872213 -11.896860
12445.112747 14354.872213 -11.354511
12495.112747 14354.872213 -10.999886
12545.112747 14354.872213 -10.808223
12595.112747 14354.872213 -10.779065
12645.112747 14354.872213 -10.862401
12695.112747 14354.872213 -10.995471
12745.112747 14354.872213 -11.130097
12795.112747 14354.872213 -11.234308
12845.112747 14354.872213 -11.265710
12895.112747 14354.872213 -11.183221
12945.112747 14354.872213 -10.996754
12995.112747 14354.872213 -10.748777
13045.112747 14354.872213 -10.451271
13095.112747 14354.872213 -10.119821
13145.112747 14354.872213 -9.735195
13195.112747 14354.872213 -9.347632
13245.112747 14354.872213 -8.978232
13295.112747 14354.872213 -8.650807
13345.112747 14354.872213 -8.376769
13395.112747 14354.872213 -8.201122
13445.112747 14354.872213 -8.176402
13495.112747 14354.872213 -8.304442
13545.112747 14354.872213 -8.517564
13595.112747 14354.872213 -8.818241
13645.112747 14354.872213 -9.158883
13695.112747 14354.872213 -9.463451
13745.112747 14354.872213 -9.720222
13795.112747 14354.872213 -9.914073
13845.112747 14354.872213 -10.014883
13895.112747 14354.872213 -10.081139
13945.112747 14354.872213 -10.185452
13995.112747 14354.872213 -10.325751
6545.112747 14404.872213 -150.235306
6595.112747 14404.872213 -156.045715
6645.112747 14404.872213 -161.899170
6695.112747 14404.872213 -167.816055
6745.112747 14404.872213 -173.752457
6795.112747 14404.872213 -179.652115
6845.112747 14404.872213 -185.468231
6895.112747 14404.872213 -191.182343
6945.112747 14404.872213 -196.698746
6995.112747 14404.872213 -201.938019
7045.112747 14404.872213 -206.760315
7095.112747 14404.872213 -211.045715
7145.112747 14404.872213 -214.631226
7195.112747 14404.872213 -217.463684
7245.112747 14404.872213 -219.408936
7295.112747 14404.872213 -220.447906
7345.112747 14404.872213 -220.543030
7395.112747 14404.872213 -219.655441
7445.112747 14404.872213 -217.761566
7495.112747 14404.872213 -214.934616
7545.112747 14404.872213 -211.154648
7595.112747 14404.872213 -206.429916
7645.112747 14404.872213 -200.800873
7695.112747 14404.872213 -194.318359
7745.112747 14404.872213 -187.110901
7795.112747 14404.872213 -179.310745
7845.112747 14404.872213 -171.055405
7895.112747 14404.872213 -162.399872
7945.112747 14404.872213 -153.447571
7995.112747 14404.872213 -144.278641
8045.112747 14404.872213 -134.964355
8095.112747 14404.872213 -125.618240
8145.112747 14404.872213 -116.335396
8195.112747 14404.872213 -107.228973
8245.112747 14404.872213 -98.380005
8295.112747 14404.872213 -89.756012
8345.112747 14404.872213 -81.357437
8395.112747 14404.872213 -73.201118
8445.112747 14404.872213 -65.333954
8495.112747 14404.872213 -57.762512
8545.112747 14404.872213 -50.527126
8595.112747 14404.872213 -43.614071
8645.112747 14404.872213 -37.077751
8695.112747 14404.872213 -30.925442
8745.112747 14404.872213 -25.214813
8795.112747 14404.872213 -19.982159
8845.112747 14404.872213 -15.287869
8895.112747 14404.872213 -11.155601
8945.112747 14404.872213 -7.595454
8995.112747 14404.872213 -4.566218
9045.112747 14404.872213 -2.036660
9095.112747 14404.872213 0.002828
9145.112747 14404.872213 1.536723
9195.112747 14404.872213 2.588937
9245.112747 14404.872213 3.209533
9295.112747 14404.872213 3.445641
9345.112747 14404.872213 3.320132
9395.112747 14404.872213 2.860969
9445.112747 14404.872213 2.165833
9495.112747 14404.872213 1.322943
9545.112747 14404.872213 0.399276
9595.112747 14404.872213 -0.576257
9645.112747 14404.872213 -1.549296
9695.112747 14404.872213 -2.484025
9745.112747 14404.872213 -3.345270
9795.112747 14404.872213 -4.123418
9845.112747 14404.872213 -4.844759
9895.112747 14404.872213 -5.518786
9945.112747 14404.872213 -6.225080
9995.112747 14404.872213 -7.018727
10045.112747 14404.872213 -7.900559
10095.112747 14404.872213 -8.815960
10145.112747 14404.872213 -9.769502
10195.112747 14404.872213 -10.737392
10245.112747 14404.872213 -11.702516
10295.112747 14404.872213 -12.631761
10345.112747 14404.872213 -13.497820
10395.112747 14404.872213 -14.357241
10445.112747 14404.872213 -15.252288
10495.112747 14404.872213 -16.182611
10545.112747 14404.872213 -17.160126
10595.112747 14404.872213 -18.192596
10645.112747 14404.872213 -19.275328
10695.112747 14404.872213 -20.348598
10745.112747 14404.872213 -21.377026
10795.112747 14404.872213 -22.287674
10845.112747 14404.872213 -23.080416
10895.112747 14404.872213 -23.754454
10945.112747 14404.872213 -24.353872
10995.112747 14404.872213 -24.931486
11045.112747 14404.872213 -25.515053
11095.112747 14404.872213 -26.070623
11145.112747 14404.872213 -26.610863
11195.112747 14404.872213 -27.115429
11245.112747 14404.872213 -27.645241
11295.112747 14404.872213 -28.151655
11345.112747 14404.872213 -28.606451
11395.112747 14404.872213 -28.958561
11445.112747 14404.872213 -29.181734
11495.112747 14404.872213 -29.319296
11545.112747 14404.872213 -29.323505
11595.112747 14404.872213 -29.194412
11645.112747 14404.872213 -28.926743
11695.112747 14404.872213 -28.461273
11745.112747 14404.872213 -27.761230
11795.112747 14404.872213 -26.837563
11845.112747 14404.872213 -25.732595
11895.112747 14404.872213 -24.485523
11945.112747 14404.872213 -23.110098
11995.112747 14404.872213 -21.603504
12045.112747 14404.872213 -20.003042
12095.112747 14404.872213 -18.397198
12145.112747 14404.872213 -16.891596
12195.112747 14404.872213 -15.514972
12245.112747 14404.872213 -14.294600
12295.112747 14404.872213 -13.263946
12345.112747 14404.872213 -12.432575
12395.112747 14404.872213 -11.802245
12445.112747 14404.872213 -11.348125
12495.112747 14404.872213 -11.061963
12545.112747 14404.872213 -10.956551
12595.112747 14404.872213 -10.985488
12645.112747 14404.872213 -11.101027
12695.112747 14404.872213 -11.237246
12745.112747 14404.872213 -11.348178
12795.112747 14404.872213 -11.400342
12845.112747 14404.872213 -11.412970
12895.112747 14404.872213 -11.349372
12945.112747 14404.872213 -11.190087
12995.112747 14404.872213 -10.961581
13045.112747 14404.872213 -10.657274
13095.112747 14404.872213 -10.292851
13145.112747 14404.872213 -9.906652
13195.112747 14404.872213 -9.508953
13245.112747 14404.872213 -9.123127
13295.112747 14404.872213 -8.789243
13345.112747 14404.872213 -8.523428
13395.112747 14404.872213 -8.360094
13445.112747 14404.872213 -8.328233
13495.112747 14404.872213 -8.420931
13545.112747 14404.872213 -8.594414
13595.112747 14404.872213 -8.809995
13645.112747 14404.872213 -9.036399
13695.112747 14404.872213 -9.266302
13745.112747 14404.872213 -9.467368
13795.112747 14404.872213 -9.608165
13845.112747 14404.872213 -9.668789
13895.112747 14404.872213 -9.715023
13945.112747 14404.872213 -9.777383
13995.112747 14404.872213 -9.849096
6545.112747 14454.872213 -150.790710
6595.112747 14454.872213 -156.132980
6645.112747 14454.872213 -161.504578
6695.112747 14454.872213 -166.898834
6745.112747 14454.872213 -172.244232
6795.112747 14454.872213 -177.520905
6845.112747 14454.872213 -182.713394
6895.112747 14454.872213 -187.766769
6945.112747 14454.872213 -192.634201
6995.112747 14454.872213 -197.212891
7045.112747 14454.872213 -201.383820
7095.112747 14454.872213 -205.016205
7145.112747 14454.872213 -208.017197
7195.112747 14454.872213 -210.341751
7245.112747 14454.872213 -211.946808
7295.112747 14454.872213 -212.762848
7345.112747 14454.872213 -212.756409
7395.112747 14454.872213 -211.890656
7445.112747 14454.872213 -210.164581
7495.112747 14454.872213 -207.546173
7545.112747 14454.872213 -204.052521
7595.112747 14454.872213 -199.654663
7645.112747 14454.872213 -194.408554
7695.112747 14454.872213 -188.392105
7745.112747 14454.872213 -181.724564
7795.112747 14454.872213 -174.510574
7845.112747 14454.872213 -166.831055
7895.112747 14454.872213 -158.794861
7945.112747 14454.872213 -150.463776
7995.112747 14454.872213 -141.875458
8045.112747 14454.872213 -133.116745
8095.112747 14454.872213 -124.271179
8145.112747 14454.872213 -115.415100
8195.112747 14454.872213 -106.656006
8245.112747 14454.872213 -98.048630
8295.112747 14454.872213 -89.643387
8345.112747 14454.872213 -81.430443
8395.112747 14454.872213 -73.463364
8445.112747 14454.872213 -65.731644
8495.112747 14454.872213 -58.334236
8545.112747 14454.872213 -51.291561
8595.112747 14454.872213 -44.605297
8645.112747 14454.872213 -38.275604
8695.112747 14454.872213 -32.348530
8745.112747 14454.872213 -26.855162
8795.112747 14454.872213 -21.832907
8845.112747 14454.872213 -17.276068
8895.112747 14454.872213 -13.218588
8945.112747 14454.872213 -9.657353
8995.112747 14454.872213 -6.583139
9045.112747 14454.872213 -4.019680
9095.112747 14454.872213 -1.960093
9145.112747 14454.872213 -0.359182
9195.112747 14454.872213 0.839307
9245.112747 14454.872213 1.653777
9295.112747 14454.872213 2.113365
9345.112747 14454.872213 2.199714
9395.112747 14454.872213 1.985995
9445.112747 14454.872213 1.553811
9495.112747 14454.872213 0.968429
9545.112747 14454.872213 0.231190
9595.112747 14454.872213 -0.605170
9645.112747 14454.872213 -1.476817
9695.112747 14454.872213 -2.331774
9745.112747 14454.872213 -3.101811
9795.112747 14454.872213 -3.785142
9845.112747 14454.872213 -4.431229
9895.112747 14454.872213 -5.042686
9945.112747 14454.872213 -5.674690
9995.112747 14454.872213 -6.319924
10045.112747 14454.872213 -7.023901
10095.112747 14454.872213 -7.793262
10145.112747 14454.872213 -8.622172
10195.112747 14454.872213 -9.452483
10245.112747 14454.872213 -10.264557
10295.112747 14454.872213 -11.024294
10345.112747 14454.872213 -11.738184
10395.112747 14454.872213 -12.462622
10445.112747 14454.872213 -13.242075
10495.112747 14454.872213 -14.086553
10545.112747 14454.872213 -14.970761
10595.112747 14454.872213 -15.935014
10645.112747 14454.872213 -16.966587
10695.112747 14454.872213 -18.051699
10745.112747 14454.872213 -19.093681
10795.112747 14454.872213 -20.031847
10845.112747 14454.872213 -20.831932
10895.112747 14454.872213 -21.543261
10945.112747 14454.872213 -22.212830
10995.112747 14454.872213 -22.860512
11045.112747 14454.872213 -23.480005
11095.112747 14454.872213 -24.052061
11145.112747 14454.872213 -24.560291
11195.112747 14454.872213 -25.068365
11245.112747 14454.872213 -25.559891
11295.112747 14454.872213 -26.048462
11345.112747 14454.872213 -26.469042
11395.112747 14454.872213 -26.815773
11445.112747 14454.872213 -27.090107
11495.112747 14454.872213 -27.260000
11545.112747 14454.872213 -27.352846
11595.112747 14454.872213 -27.347242
11645.112747 14454.872213 -27.220440
11695.112747 14454.872213 -26.906721
11745.112747 14454.872213 -26.381886
11795.112747 14454.872213 -25.620066
11845.112747 14454.872213 -24.643154
11895.112747 14454.872213 -23.502319
11945.112747 14454.872213 -22.230972
11995.112747 14454.872213 -20.834965
12045.112747 14454.872213 -19.361399
12095.112747 14454.872213 -17.892290
12145.112747 14454.872213 -16.477571
12195.112747 14454.872213 -15.204968
12245.112747 14454.872213 -14.084583
12295.112747 14454.872213 -13.165805
12345.112747 14454.872213 -12.438099
12395.112747 14454.872213 -11.909966
12445.112747 14454.872213 -11.536093
12495.112747 14454.872213 -11.309418
12545.112747 14454.872213 -11.255335
12595.112747 14454.872213 -11.318103
12645.112747 14454.872213 -11.416074
12695.112747 14454.872213 -11.505247
12745.112747 14454.872213 -11.552956
12795.112747 14454.872213 -11.539675
12845.112747 14454.872213 -11.482237
12895.112747 14454.872213 -11.371117
12945.112747 14454.872213 -11.200626
12995.112747 14454.872213 -10.950654
13045.112747 14454.872213 -10.659140
13095.112747 14454.872213 -10.311252
13145.112747 14454.872213 -9.949813
13195.112747 14454.872213 -9.588244
13245.112747 14454.872213 -9.216958
13295.112747 14454.872213 -8.924809
13345.112747 14454.872213 -8.715854
13395.112747 14454.872213 -8.596585
13445.112747 14454.872213 -8.558908
13495.112747 14454.872213 -8.620197
13545.112747 14454.872213 -8.728079
13595.112747 14454.872213 -8.835262
13645.112747 14454.872213 -8.923584
13695.112747 14454.872213 -9.037071
13745.112747 14454.872213 -9.146789
13795.112747 14454.872213 -9.193023
13845.112747 14454.872213 -9.237005
13895.112747 14454.872213 -9.285109
13945.112747 14454.872213 -9.319429
13995.112747 14454.872213 -9.333847
6545.112747 14504.872213 -151.173935
6595.112747 14504.872213 -155.956589
6645.112747 14504.872213 -160.770477
6695.112747 14504.872213 -165.552948
6745.112747 14504.872213 -170.255600
6795.112747 14504.872213 -174.882904
6845.112747 14504.872213 -179.407318
6895.112747 14504.872213 -183.795334
6945.112747 14504.872213 -187.994064
6995.112747 14504.872213 -191.884445
7045.112747 14504.872213 -195.373093
7095.112747 14504.872213 -198.357849
7145.112747 14504.872213 -200.800217
7195.112747 14504.872213 -202.653687
7245.112747 14504.872213 -203.913971
7295.112747 14504.872213 -204.507217
7345.112747 14504.872213 -204.373566
7395.112747 14504.872213 -203.497650
7445.112747 14504.872213 -201.866852
7495.112747 14504.872213 -199.425095
7545.112747 14504.872213 -196.143326
7595.112747 14504.872213 -192.040955
7645.112747 14504.872213 -187.158737
7695.112747 14504.872213 -181.603333
7745.112747 14504.872213 -175.493378
7795.112747 14504.872213 -168.863922
7845.112747 14504.872213 -161.808990
7895.112747 14504.872213 -154.404648
7945.112747 14504.872213 -146.712402
7995.112747 14504.872213 -138.751755
8045.112747 14504.872213 -130.604263
8095.112747 14504.872213 -122.320656
8145.112747 14504.872213 -113.972855
8195.112747 14504.872213 -105.613861
8245.112747 14504.872213 -97.339043
8295.112747 14504.872213 -89.187416
8345.112747 14504.872213 -81.250351
8395.112747 14504.872213 -73.516441
8445.112747 14504.872213 -66.027649
8495.112747 14504.872213 -58.830177
8545.112747 14504.872213 -51.985580
8595.112747 14504.872213 -45.509487
8645.112747 14504.872213 -39.419041
8695.112747 14504.872213 -33.723141
8745.112747 14504.872213 -28.455044
8795.112747 14504.872213 -23.631365
8845.112747 14504.872213 -19.230507
8895.112747 14504.872213 -15.240777
8945.112747 14504.872213 -11.679268
8995.112747 14504.872213 -8.582589
9045.112747 14504.872213 -5.965578
9095.112747 14504.872213 -3.835072
9145.112747 14504.872213 -2.126918
9195.112747 14504.872213 -0.811915
9245.112747 14504.872213 0.147002
9295.112747 14504.872213 0.736932
9345.112747 14504.872213 0.997976
9395.112747 14504.872213 0.978054
9445.112747 14504.872213 0.748985
9495.112747 14504.872213 0.317245
9545.112747 14504.872213 -0.262916
9595.112747 14504.872213 -0.954596
9645.112747 14504.872213 -1.702112
9695.112747 14504.872213 -2.451180
9745.112747 14504.872213 -3.149444
9795.112747 14504.872213 -3.802828
9845.112747 14504.872213 -4.393581
9895.112747 14504.872213 -4.971414
9945.112747 14504.872213 -5.522395
9995.112747 14504.872213 -6.053665
10045.112747 14504.872213 -6.589483
10095.112747 14504.872213 -7.178850
10145.112747 14504.872213 -7.837422
10195.112747 14504.872213 -8.516616
10245.112747 14504.872213 -9.160664
10295.112747 14504.872213 -9.748296
10345.112747 14504.872213 -10.300027
10395.112747 14504.872213 -10.887292
10445.112747 14504.872213 -11.564350
10495.112747 14504.872213 -12.321864
10545.112747 14504.872213 -13.144364
10595.112747 14504.872213 -14.033596
10645.112747 14504.872213 -14.994199
10695.112747 14504.872213 -16.003443
10745.112747 14504.872213 -17.024925
10795.112747 14504.872213 -17.956732
10845.112747 14504.872213 -18.793480
10895.112747 14504.872213 -19.557411
10945.112747 14504.872213 -20.295469
10995.112747 14504.872213 -20.992254
11045.112747 14504.872213 -21.652975
11095.112747 14504.872213 -22.216825
11145.112747 14504.872213 -22.727554
11195.112747 14504.872213 -23.177547
11245.112747 14504.872213 -23.623844
11295.112747 14504.872213 -24.054686
11345.112747 14504.872213 -24.429876
11395.112747 14504.872213 -24.761818
11445.112747 14504.872213 -25.056841
11495.112747 14504.872213 -25.279152
11545.112747 14504.872213 -25.425636
11595.112747 14504.872213 -25.514914
11645.112747 14504.872213 -25.482983
11695.112747 14504.872213 -25.272236
11745.112747 14504.872213 -24.880795
11795.112747 14504.872213 -24.278246
11845.112747 14504.872213 -23.446569
11895.112747 14504.872213 -22.430431
11945.112747 14504.872213 -21.290838
11995.112747 14504.872213 -20.055258
12045.112747 14504.872213 -18.776285
12095.112747 14504.872213 -17.481188
12145.112747 14504.872213 -16.219524
12195.112747 14504.872213 -15.046677
12245.112747 14504.872213 -14.068931
12295.112747 14504.872213 -13.257619
12345.112747 14504.872213 -12.640070
12395.112747 14504.872213 -12.189947
12445.112747 14504.872213 -11.905392
12495.112747 14504.872213 -11.750058
12545.112747 14504.872213 -11.706173
12595.112747 14504.872213 -11.718810
12645.112747 14504.872213 -11.745806
12695.112747 14504.872213 -11.768196
12745.112747 14504.872213 -11.728242
12795.112747 14504.872213 -11.636944
12845.112747 14504.872213 -11.471713
12895.112747 14504.872213 -11.285052
12945.112747 14504.872213 -11.062882
12995.112747 14504.872213 -10.793641
13045.112747 14504.872213 -10.496287
13095.112747 14504.872213 -10.198048
13145.112747 14504.872213 -9.911940
13195.112747 14504.872213 -9.600906
13245.112747 14504.872213 -9.305210
13295.112747 14504.872213 -9.054628
13345.112747 14504.872213 -8.927773
13395.112747 14504.872213 -8.860396
13445.112747 14504.872213 -8.830670
13495.112747 14504.872213 -8.826704
13545.112747 14504.872213 -8.872217
13595.112747 14504.872213 -8.862211
13645.112747 14504.872213 -8.824954
13695.112747 14504.872213 -8.800159
13745.112747 14504.872213 -8.779949
13795.112747 14504.872213 -8.758998
13845.112747 14504.872213 -8.768672
13895.112747 14504.872213 -8.787030
13945.112747 14504.872213 -8.790000
13995.112747 14504.872213 -8.784765
6545.112747 14554.872213 -151.245834
6595.112747 14554.872213 -155.407578
6645.112747 14554.872213 -159.570145
6695.112747 14554.872213 -163.687042
6745.112747 14554.872213 -167.726273
6795.112747 14554.872213 -171.692001
6845.112747 14554.872213 -175.563446
6895.112747 14554.872213 -179.293274
6945.112747 14554.872213 -182.818878
6995.112747 14554.872213 -186.035950
7045.112747 14554.872213 -188.847260
7095.112747 14554.872213 -191.230743
7145.112747 14554.872213 -193.138794
7195.112747 14554.872213 -194.558182
7245.112747 14554.872213 -195.452835
7295.112747 14554.872213 -195.803131
7345.112747 14554.872213 -195.528305
7395.112747 14554.872213 -194.613495
7445.112747 14554.872213 -193.025330
7495.112747 14554.872213 -190.705185
7545.112747 14554.872213 -187.617310
7595.112747 14554.872213 -183.784607
7645.112747 14554.872213 -179.259369
7695.112747 14554.872213 -174.180420
7745.112747 14554.872213 -168.596405
7795.112747 14554.872213 -162.560516
7845.112747 14554.872213 -156.111664
7895.112747 14554.872213 -149.340683
7945.112747 14554.872213 -142.249435
7995.112747 14554.872213 -134.910706
8045.112747 14554.872213 -127.389603
8095.112747 14554.872213 -119.722885
8145.112747 14554.872213 -111.921814
8195.112747 14554.872213 -104.054230
8245.112747 14554.872213 -96.158646
8295.112747 14554.872213 -88.372269
8345.112747 14554.872213 -80.742798
8395.112747 14554.872213 -73.333870
8445.112747 14554.872213 -66.133827
8495.112747 14554.872213 -59.221786
8545.112747 14554.872213 -52.616920
8595.112747 14554.872213 -46.381901
8645.112747 14554.872213 -40.516613
8695.112747 14554.872213 -35.045689
8745.112747 14554.872213 -29.976765
8795.112747 14554.872213 -25.309950
8845.112747 14554.872213 -21.044144
8895.112747 14554.872213 -17.152765
8945.112747 14554.872213 -13.614307
8995.112747 14554.872213 -10.514120
9045.112747 14554.872213 -7.865760
9095.112747 14554.872213 -5.641499
9145.112747 14554.872213 -3.837298
9195.112747 14554.872213 -2.415980
9245.112747 14554.872213 -1.365047
9295.112747 14554.872213 -0.682320
9345.112747 14554.872213 -0.313518
9395.112747 14554.872213 -0.188572
9445.112747 14554.872213 -0.301120
9495.112747 14554.872213 -0.633407
9545.112747 14554.872213 -1.110482
9595.112747 14554.872213 -1.662068
9645.112747 14554.872213 -2.259047
9695.112747 14554.872213 -2.886456
9745.112747 14554.872213 -3.524368
9795.112747 14554.872213 -4.145010
9845.112747 14554.872213 -4.725738
9895.112747 14554.872213 -5.255728
9945.112747 14554.872213 -5.739352
9995.112747 14554.872213 -6.169719
10045.112747 14554.872213 -6.563447
10095.112747 14554.872213 -6.983337
10145.112747 14554.872213 -7.447914
10195.112747 14554.872213 -7.933788
10245.112747 14554.872213 -8.389605
10295.112747 14554.872213 -8.807380
10345.112747 14554.872213 -9.227526
10395.112747 14554.872213 -9.708926
10445.112747 14554.872213 -10.283509
10495.112747 14554.872213 -10.955649
10545.112747 14554.872213 -11.696729
10595.112747 14554.872213 -12.492226
10645.112747 14554.872213 -13.346583
10695.112747 14554.872213 -14.241223
10745.112747 14554.872213 -15.157207
10795.112747 14554.872213 -16.072863
10845.112747 14554.872213 -16.942066
10895.112747 14554.872213 -17.770325
10945.112747 14554.872213 -18.539307
10995.112747 14554.872213 -19.265522
11045.112747 14554.872213 -19.888380
11095.112747 14554.872213 -20.461208
11145.112747 14554.872213 -20.959009
11195.112747 14554.872213 -21.402945
11245.112747 14554.872213 -21.788191
11295.112747 14554.872213 -22.134756
11345.112747 14554.872213 -22.464746
11395.112747 14554.872213 -22.761559
11445.112747 14554.872213 -23.054983
11495.112747 14554.872213 -23.306297
11545.112747 14554.872213 -23.516098
11595.112747 14554.872213 -23.646471
11645.112747 14554.872213 -23.651169
11695.112747 14554.872213 -23.517876
11745.112747 14554.872213 -23.241282
11795.112747 14554.872213 -22.777580
11845.112747 14554.872213 -22.111284
11895.112747 14554.872213 -21.264963
11945.112747 14554.872213 -20.291191
11995.112747 14554.872213 -19.251978
12045.112747 14554.872213 -18.184267
12095.112747 14554.872213 -17.108875
12145.112747 14554.872213 -16.027010
12195.112747 14554.872213 -15.027600
12245.112747 14554.872213 -14.172823
12295.112747 14554.872213 -13.502883
12345.112747 14554.872213 -12.976396
12395.112747 14554.872213 -12.620882
12445.112747 14554.872213 -12.415627
12495.112747 14554.872213 -12.319886
12545.112747 14554.872213 -12.244868
12595.112747 14554.872213 -12.159375
12645.112747 14554.872213 -12.094781
12695.112747 14554.872213 -12.003147
12745.112747 14554.872213 -11.870636
12795.112747 14554.872213 -11.679798
12845.112747 14554.872213 -11.430698
12895.112747 14554.872213 -11.127573
12945.112747 14554.872213 -10.820600
12995.112747 14554.872213 -10.523509
13045.112747 14554.872213 -10.257562
13095.112747 14554.872213 -10.036420
13145.112747 14554.872213 -9.805719
13195.112747 14554.872213 -9.593845
13245.112747 14554.872213 -9.378505
13295.112747 14554.872213 -9.213068
13345.112747 14554.872213 -9.116430
13395.112747 14554.872213 -9.090206
13445.112747 14554.872213 -9.063914
13495.112747 14554.872213 -9.027601
13545.112747 14554.872213 -8.955561
13595.112747 14554.872213 -8.847865
13645.112747 14554.872213 -8.716416
13695.112747 14554.872213 -8.579188
13745.112747 14554.872213 -8.454347
13795.112747 14554.872213 -8.361610
13845.112747 14554.872213 -8.303889
13895.112747 14554.872213 -8.251476
13945.112747 14554.872213 -8.193946
13995.112747 14554.872213 -8.132171
6545.112747 14604.872213 -150.871719
6595.112747 14604.872213 -154.363831
6645.112747 14604.872213 -157.829971
6695.112747 14604.872213 -161.245071
6745.112747 14604.872213 -164.624374
6795.112747 14604.872213 -167.953461
6845.112747 14604.872213 -171.197220
6895.112747 14604.872213 -174.286545
6945.112747 14604.872213 -177.148209
6995.112747 14604.872213 -179.711060
7045.112747 14604.872213 -181.915207
7095.112747 14604.872213 -183.736160
7145.112747 14604.872213 -185.170853
7195.112747 14604.872213 -186.180832
7245.112747 14604.872213 -186.735840
7295.112747 14604.872213 -186.815735
7345.112747 14604.872213 -186.379303
7395.112747 14604.872213 -185.367889
7445.112747 14604.872213 -183.767288
7495.112747 14604.872213 -181.537827
7545.112747 14604.872213 -178.643875
7595.112747 14604.872213 -175.087372
7645.112747 14604.872213 -170.941498
7695.112747 14604.872213 -166.306854
7745.112747 14604.872213 -161.222305
7795.112747 14604.872213 -155.722916
7845.112747 14604.872213 -149.856659
7895.112747 14604.872213 -143.655167
7945.112747 14604.872213 -137.148727
7995.112747 14604.872213 -130.430130
8045.112747 14604.872213 -123.523468
8095.112747 14604.872213 -116.456833
8145.112747 14604.872213 -109.250015
8195.112747 14604.872213 -101.886978
8245.112747 14604.872213 -94.493980
8295.112747 14604.872213 -87.136154
8345.112747 14604.872213 -79.922798
8395.112747 14604.872213 -72.856628
8445.112747 14604.872213 -66.048721
8495.112747 14604.872213 -59.460499
8545.112747 14604.872213 -53.160023
8595.112747 14604.872213 -47.182854
8645.112747 14604.872213 -41.573101
8695.112747 14604.872213 -36.309711
8745.112747 14604.872213 -31.399113
8795.112747 14604.872213 -26.857653
8845.112747 14604.872213 -22.699644
8895.112747 14604.872213 -18.883213
8945.112747 14604.872213 -15.440528
8995.112747 14604.872213 -12.379070
9045.112747 14604.872213 -9.709367
9095.112747 14604.872213 -7.428374
9145.112747 14604.872213 -5.544054
9195.112747 14604.872213 -4.070046
9245.112747 14604.872213 -2.965999
9295.112747 14604.872213 -2.216547
9345.112747 14604.872213 -1.760466
9395.112747 14604.872213 -1.563491
9445.112747 14604.872213 -1.620478
9495.112747 14604.872213 -1.883087
9545.112747 14604.872213 -2.256955
9595.112747 14604.872213 -2.685684
9645.112747 14604.872213 -3.142716
9695.112747 14604.872213 -3.642361
9745.112747 14604.872213 -4.200776
9795.112747 14604.872213 -4.782911
9845.112747 14604.872213 -5.320618
9895.112747 14604.872213 -5.811494
9945.112747 14604.872213 -6.216119
9995.112747 14604.872213 -6.586230
10045.112747 14604.872213 -6.896941
10095.112747 14604.872213 -7.165041
10145.112747 14604.872213 -7.427480
10195.112747 14604.872213 -7.687932
10245.112747 14604.872213 -7.935365
10295.112747 14604.872213 -8.197573
10345.112747 14604.872213 -8.509678
10395.112747 14604.872213 -8.885313
10445.112747 14604.872213 -9.348249
10495.112747 14604.872213 -9.902813
10545.112747 14604.872213 -10.559216
10595.112747 14604.872213 -11.262332
10645.112747 14604.872213 -11.976643
10695.112747 14604.872213 -12.724008
10745.112747 14604.872213 -13.509725
10795.112747 14604.872213 -14.359389
10845.112747 14604.872213 -15.237767
10895.112747 14604.872213 -16.097698
10945.112747 14604.872213 -16.873098
10995.112747 14604.872213 -17.555212
11045.112747 14604.872213 -18.153389
11095.112747 14604.872213 -18.694860
11145.112747 14604.872213 -19.195932
11195.112747 14604.872213 -19.625158
11245.112747 14604.872213 -19.974276
11295.112747 14604.872213 -20.264503
11345.112747 14604.872213 -20.538040
11395.112747 14604.872213 -20.813267
11445.112747 14604.872213 -21.083721
11495.112747 14604.872213 -21.350863
11545.112747 14604.872213 -21.569139
11595.112747 14604.872213 -21.708071
11645.112747 14604.872213 -21.744629
11695.112747 14604.872213 -21.674210
11745.112747 14604.872213 -21.479271
11795.112747 14604.872213 -21.131151
11845.112747 14604.872213 -20.636698
11895.112747 14604.872213 -19.986874
11945.112747 14604.872213 -19.217192
11995.112747 14604.872213 -18.391962
12045.112747 14604.872213 -17.542055
12095.112747 14604.872213 -16.689083
12145.112747 14604.872213 -15.857735
12195.112747 14604.872213 -15.065644
12245.112747 14604.872213 -14.381235
12295.112747 14604.872213 -13.834412
12345.112747 14604.872213 -13.426827
12395.112747 14604.872213 -13.131279
12445.112747 14604.872213 -12.966634
12495.112747 14604.872213 -12.872124
12545.112747 14604.872213 -12.754981
12595.112747 14604.872213 -12.594588
12645.112747 14604.872213 -12.404073
12695.112747 14604.872213 -12.201876
12745.112747 14604.872213 -11.960155
12795.112747 14604.872213 -11.676587
12845.112747 14604.872213 -11.333797
12895.112747 14604.872213 -10.951806
12945.112747 14604.872213 -10.565969
12995.112747 14604.872213 -10.259113
13045.112747 14604.872213 -10.013118
13095.112747 14604.872213 -9.843138
13145.112747 14604.872213 -9.709531
13195.112747 14604.872213 -9.572472
13245.112747 14604.872213 -9.453704
13295.112747 14604.872213 -9.346080
13345.112747 14604.872213 -9.273884
13395.112747 14604.872213 -9.242520
13445.112747 14604.872213 -9.223376
13495.112747 14604.872213 -9.126678
13545.112747 14604.872213 -8.962998
13595.112747 14604.872213 -8.791308
13645.112747 14604.872213 -8.612741
13695.112747 14604.872213 -8.400722
13745.112747 14604.872213 -8.197882
13795.112747 14604.872213 -8.034820
13845.112747 14604.872213 -7.858320
13895.112747 14604.872213 -7.676672
13945.112747 14604.872213 -7.510987
13995.112747 14604.872213 -7.335468
6545.112747 14654.872213 -149.870697
6595.112747 14654.872213 -152.684219
6645.112747 14654.872213 -155.454712
6695.112747 14654.872213 -158.203918
6745.112747 14654.872213 -160.960617
6795.112747 14654.872213 -163.680878
6845.112747 14654.872213 -166.318832
6895.112747 14654.872213 -168.797348
6945.112747 14654.872213 -171.040054
6995.112747 14654.872213 -172.989731
7045.112747 14654.872213 -174.639786
7095.112747 14654.872213 -175.967087
7145.112747 14654.872213 -176.961884
7195.112747 14654.872213 -177.585327
7245.112747 14654.872213 -177.816895
7295.112747 14654.872213 -177.629562
7345.112747 14654.872213 -176.999252
7395.112747 14654.872213 -175.872086
7445.112747 14654.872213 -174.229843
7495.112747 14654.872213 -172.076691
7545.112747 14654.872213 -169.367584
7595.112747 14654.872213 -166.087189
7645.112747 14654.872213 -162.328354
7695.112747 14654.872213 -158.117340
7745.112747 14654.872213 -153.480774
7795.112747 14654.872213 -148.477768
7845.112747 14654.872213 -143.132294
7895.112747 14654.872213 -137.450424
7945.112747 14654.872213 -131.517929
7995.112747 14654.872213 -125.380920
8045.112747 14654.872213 -119.066238
8095.112747 14654.872213 -112.586174
8145.112747 14654.872213 -105.947289
8195.112747 14654.872213 -99.199600
8245.112747 14654.872213 -92.341507
8295.112747 14654.872213 -85.509140
8345.112747 14654.872213 -78.752861
8395.112747 14654.872213 -72.166885
8445.112747 14654.872213 -65.727341
8495.112747 14654.872213 -59.525322
8545.112747 14654.872213 -53.552818
8595.112747 14654.872213 -47.890343
8645.112747 14654.872213 -42.529476
8695.112747 14654.872213 -37.477978
8745.112747 14654.872213 -32.744556
8795.112747 14654.872213 -28.325809
8845.112747 14654.872213 -24.233789
8895.112747 14654.872213 -20.528273
8945.112747 14654.872213 -17.182207
8995.112747 14654.872213 -14.180909
9045.112747 14654.872213 -11.531856
9095.112747 14654.872213 -9.234015
9145.112747 14654.872213 -7.332114
9195.112747 14654.872213 -5.829683
9245.112747 14654.872213 -4.716005
9295.112747 14654.872213 -3.922605
9345.112747 14654.872213 -3.430874
9395.112747 14654.872213 -3.205281
9445.112747 14654.872213 -3.217379
9495.112747 14654.872213 -3.396271
9545.112747 14654.872213 -3.667879
9595.112747 14654.872213 -3.973762
9645.112747 14654.872213 -4.313383
9695.112747 14654.872213 -4.709768
9745.112747 14654.872213 -5.187031
9795.112747 14654.872213 -5.686201
9845.112747 14654.872213 -6.166574
9895.112747 14654.872213 -6.573149
9945.112747 14654.872213 -6.911047
9995.112747 14654.872213 -7.188569
10045.112747 14654.872213 -7.442100
10095.112747 14654.872213 -7.600777
10145.112747 14654.872213 -7.668428
10195.112747 14654.872213 -7.711541
10245.112747 14654.872213 -7.772866
10295.112747 14654.872213 -7.908190
10345.112747 14654.872213 -8.115995
10395.112747 14654.872213 -8.398255
10445.112747 14654.872213 -8.741152
10495.112747 14654.872213 -9.174326
10545.112747 14654.872213 -9.709839
10595.112747 14654.872213 -10.280225
10645.112747 14654.872213 -10.846580
10695.112747 14654.872213 -11.419080
10745.112747 14654.872213 -12.053643
10795.112747 14654.872213 -12.790014
10845.112747 14654.872213 -13.605878
10895.112747 14654.872213 -14.407887
10945.112747 14654.872213 -15.153189
10995.112747 14654.872213 -15.805032
11045.112747 14654.872213 -16.380604
11095.112747 14654.872213 -16.910797
11145.112747 14654.872213 -17.386362
11195.112747 14654.872213 -17.807774
11245.112747 14654.872213 -18.143078
11295.112747 14654.872213 -18.408020
11345.112747 14654.872213 -18.639139
11395.112747 14654.872213 -18.882521
11445.112747 14654.872213 -19.127468
11495.112747 14654.872213 -19.368185
11545.112747 14654.872213 -19.556179
11595.112747 14654.872213 -19.684494
11645.112747 14654.872213 -19.732151
11695.112747 14654.872213 -19.731878
11745.112747 14654.872213 -19.607672
11795.112747 14654.872213 -19.370537
11845.112747 14654.872213 -19.018265
11895.112747 14654.872213 -18.570980
11945.112747 14654.872213 -18.029215
11995.112747 14654.872213 -17.438679
12045.112747 14654.872213 -16.826824
12095.112747 14654.872213 -16.219137
12145.112747 14654.872213 -15.635467
12195.112747 14654.872213 -15.102231
12245.112747 14654.872213 -14.606968
12295.112747 14654.872213 -14.197199
12345.112747 14654.872213 -13.883048
12395.112747 14654.872213 -13.654416
12445.112747 14654.872213 -13.471400
12495.112747 14654.872213 -13.305882
12545.112747 14654.872213 -13.119129
12595.112747 14654.872213 -12.899778
12645.112747 14654.872213 -12.627406
12695.112747 14654.872213 -12.312994
12745.112747 14654.872213 -11.986277
12795.112747 14654.872213 -11.624902
12845.112747 14654.872213 -11.231355
12895.112747 14654.872213 -10.794949
12945.112747 14654.872213 -10.388391
12995.112747 14654.872213 -10.058376
13045.112747 14654.872213 -9.840535
13095.112747 14654.872213 -9.698890
13145.112747 14654.872213 -9.615613
13195.112747 14654.872213 -9.561959
13245.112747 14654.872213 -9.500392
13295.112747 14654.872213 -9.435555
13345.112747 14654.872213 -9.366449
13395.112747 14654.872213 -9.309167
13445.112747 14654.872213 -9.250866
13495.112747 14654.872213 -9.127872
13545.112747 14654.872213 -8.917163
13595.112747 14654.872213 -8.713829
13645.112747 14654.872213 -8.509092
13695.112747 14654.872213 -8.267236
13745.112747 14654.872213 -8.006230
13795.112747 14654.872213 -7.731778
13845.112747 14654.872213 -7.426612
13895.112747 14654.872213 -7.078600
13945.112747 14654.872213 -6.728855
13995.112747 14654.872213 -6.385867
6545.112747 14704.872213 -148.141617
6595.112747 14704.872213 -150.293503
6645.112747 14704.872213 -152.436005
6695.112747 14704.872213 -154.588425
6745.112747 14704.872213 -156.750320
6795.112747 14704.872213 -158.892105
6845.112747 14704.872213 -160.959442
6895.112747 14704.872213 -162.844620
6945.112747 14704.872213 -164.492661
6995.112747 14704.872213 -165.903702
7045.112747 14704.872213 -167.067429
7095.112747 14704.872213 -167.938644
7145.112747 14704.872213 -168.519180
7195.112747 14704.872213 -168.808014
7245.112747 14704.872213 -168.759827
7295.112747 14704.872213 -168.320724
7345.112747 14704.872213 -167.486099
7395.112747 14704.872213 -166.251465
7445.112747 14704.872213 -164.564209
7495.112747 14704.872213 -162.434357
7545.112747 14704.872213 -159.856644
7595.112747 14704.872213 -156.870438
7645.112747 14704.872213 -153.469772
7695.112747 14704.872213 -149.642120
7745.112747 14704.872213 -145.438202
7795.112747 14704.872213 -140.905106
7845.112747 14704.872213 -136.029907
7895.112747 14704.872213 -130.858978
7945.112747 14704.872213 -125.461220
7995.112747 14704.872213 -119.895035
8045.112747 14704.872213 -114.141884
8095.112747 14704.872213 -108.215286
8145.112747 14704.872213 -102.168930
8195.112747 14704.872213 -96.002228
8245.112747 14704.872213 -89.765862
8295.112747 14704.872213 -83.496986
8345.112747 14704.872213 -77.296028
8395.112747 14704.872213 -71.154930
8445.112747 14704.872213 -65.176872
8495.112747 14704.872213 -59.351677
8545.112747 14704.872213 -53.766136
8595.112747 14704.872213 -48.420658
8645.112747 14704.872213 -43.345119
8695.112747 14704.872213 -38.529930
8745.112747 14704.872213 -33.975288
8795.112747 14704.872213 -29.705555
8845.112747 14704.872213 -25.738178
8895.112747 14704.872213 -22.115730
8945.112747 14704.872213 -18.878340
8995.112747 14704.872213 -15.967541
9045.112747 14704.872213 -13.374855
9095.112747 14704.872213 -11.136843
9145.112747 14704.872213 -9.271772
9195.112747 14704.872213 -7.782784
9245.112747 14704.872213 -6.665344
9295.112747 14704.872213 -5.866362
9345.112747 14704.872213 -5.354719
9395.112747 14704.872213 -5.112504
9445.112747 14704.872213 -5.088223
9495.112747 14704.872213 -5.165490
9545.112747 14704.872213 -5.313092
9595.112747 14704.872213 -5.508071
9645.112747 14704.872213 -5.752139
9695.112747 14704.872213 -6.054879
9745.112747 14704.872213 -6.412683
9795.112747 14704.872213 -6.803809
9845.112747 14704.872213 -7.191581
9895.112747 14704.872213 -7.512043
9945.112747 14704.872213 -7.753887
9995.112747 14704.872213 -7.934491
10045.112747 14704.872213 -8.065094
10095.112747 14704.872213 -8.119517
10145.112747 14704.872213 -8.054929
10195.112747 14704.872213 -7.936362
10245.112747 14704.872213 -7.873275
10295.112747 14704.872213 -7.880441
10345.112747 14704.872213 -7.999879
10395.112747 14704.872213 -8.175658
10445.112747 14704.872213 -8.401576
10495.112747 14704.872213 -8.701281
10545.112747 14704.872213 -9.078203
10595.112747 14704.872213 -9.488705
10645.112747 14704.872213 -9.873942
10695.112747 14704.872213 -10.279521
10745.112747 14704.872213 -10.751102
10795.112747 14704.872213 -11.310329
10845.112747 14704.872213 -11.947153
10895.112747 14704.872213 -12.629885
10945.112747 14704.872213 -13.314041
10995.112747 14704.872213 -13.950661
11045.112747 14704.872213 -14.529229
11095.112747 14704.872213 -15.027681
11145.112747 14704.872213 -15.486649
11195.112747 14704.872213 -15.889459
11245.112747 14704.872213 -16.238096
11295.112747 14704.872213 -16.490622
11345.112747 14704.872213 -16.701447
11395.112747 14704.872213 -16.905058
11445.112747 14704.872213 -17.117666
11495.112747 14704.872213 -17.300289
11545.112747 14704.872213 -17.456646
11595.112747 14704.872213 -17.557840
11645.112747 14704.872213 -17.637785
11695.112747 14704.872213 -17.657700
11745.112747 14704.872213 -17.615095
11795.112747 14704.872213 -17.471748
11845.112747 14704.872213 -17.279274
11895.112747 14704.872213 -17.012901
11945.112747 14704.872213 -16.700443
11995.112747 14704.872213 -16.357473
12045.112747 14704.872213 -16.010597
12095.112747 14704.872213 -15.668580
12145.112747 14704.872213 -15.345616
12195.112747 14704.872213 -15.053259
12245.112747 14704.872213 -14.765561
12295.112747 14704.872213 -14.493474
12345.112747 14704.872213 -14.275241
12395.112747 14704.872213 -14.081397
12445.112747 14704.872213 -13.861900
12495.112747 14704.872213 -13.591309
12545.112747 14704.872213 -13.305335
12595.112747 14704.872213 -13.023396
12645.112747 14704.872213 -12.707666
12695.112747 14704.872213 -12.335824
12745.112747 14704.872213 -11.955885
12795.112747 14704.872213 -11.557303
12845.112747 14704.872213 -11.147861
12895.112747 14704.872213 -10.734823
12945.112747 14704.872213 -10.338082
12995.112747 14704.872213 -10.004651
13045.112747 14704.872213 -9.767897
13095.112747 14704.872213 -9.619172
13145.112747 14704.872213 -9.555799
13195.112747 14704.872213 -9.515272
13245.112747 14704.872213 -9.495428
13295.112747 14704.872213 -9.461088
13345.112747 14704.872213 -9.393662
13395.112747 14704.872213 -9.299082
13445.112747 14704.872213 -9.188890
13495.112747 14704.872213 -9.040048
13545.112747 14704.872213 -8.846331
13595.112747 14704.872213 -8.643188
13645.112747 14704.872213 -8.410521
13695.112747 14704.872213 -8.137000
13745.112747 14704.872213 -7.805444
13795.112747 14704.872213 -7.418008
13845.112747 14704.872213 -6.959792
13895.112747 14704.872213 -6.451551
13945.112747 14704.872213 -5.892311
13995.112747 14704.872213 -5.312922
6545.112747 14754.872213 -145.557114
6595.112747 14754.872213 -147.147476
6645.112747 14754.872213 -148.742340
6695.112747 14754.872213 -150.372833
6745.112747 14754.872213 -151.992371
6795.112747 14754.872213 -153.591019
6845.112747 14754.872213 -155.076630
6895.112747 14754.872213 -156.415024
6945.112747 14754.872213 -157.556564
6995.112747 14754.872213 -158.498016
7045.112747 14754.872213 -159.205872
7095.112747 14754.872213 -159.692963
7145.112747 14754.872213 -159.923294
7195.112747 14754.872213 -159.899979
7245.112747 14754.872213 -159.588287
7295.112747 14754.872213 -158.939423
7345.112747 14754.872213 -157.929688
7395.112747 14754.872213 -156.564621
7445.112747 14754.872213 -154.829712
7495.112747 14754.872213 -152.693100
7545.112747 14754.872213 -150.252716
7595.112747 14754.872213 -147.513519
7645.112747 14754.872213 -144.423141
7695.112747 14754.872213 -140.948334
7745.112747 14754.872213 -137.149582
7795.112747 14754.872213 -133.025772
7845.112747 14754.872213 -128.622284
7895.112747 14754.872213 -123.959816
7945.112747 14754.872213 -119.114288
7995.112747 14754.872213 -114.078896
8045.112747 14754.872213 -108.888145
8095.112747 14754.872213 -103.522942
8145.112747 14754.872213 -98.018906
8195.112747 14754.872213 -92.444092
8245.112747 14754.872213 -86.797462
8295.112747 14754.872213 -81.137962
8345.112747 14754.872213 -75.473114
8395.112747 14754.872213 -69.861824
8445.112747 14754.872213 -64.327133
8495.112747 14754.872213 -58.956352
8545.112747 14754.872213 -53.767918
8595.112747 14754.872213 -48.782227
8645.112747 14754.872213 -43.988598
8695.112747 14754.872213 -39.411922
8745.112747 14754.872213 -35.089619
8795.112747 14754.872213 -31.012234
8845.112747 14754.872213 -27.217424
8895.112747 14754.872213 -23.732296
8945.112747 14754.872213 -20.591364
8995.112747 14754.872213 -17.796965
9045.112747 14754.872213 -15.329882
9095.112747 14754.872213 -13.195398
9145.112747 14754.872213 -11.406837
9195.112747 14754.872213 -9.967596
9245.112747 14754.872213 -8.869405
9295.112747 14754.872213 -8.080412
9345.112747 14754.872213 -7.561041
9395.112747 14754.872213 -7.287109
9445.112747 14754.872213 -7.160620
9495.112747 14754.872213 -7.135935
9545.112747 14754.872213 -7.152420
9595.112747 14754.872213 -7.237488
9645.112747 14754.872213 -7.389043
9695.112747 14754.872213 -7.591630
9745.112747 14754.872213 -7.819611
9795.112747 14754.872213 -8.065774
9845.112747 14754.872213 -8.318541
9895.112747 14754.872213 -8.524595
9945.112747 14754.872213 -8.671395
9995.112747 14754.872213 -8.734790
10045.112747 14754.872213 -8.730456
10095.112747 14754.872213 -8.653189
10145.112747 14754.872213 -8.499051
10195.112747 14754.872213 -8.311022
10245.112747 14754.872213 -8.151050
10295.112747 14754.872213 -8.046021
10345.112747 14754.872213 -8.036655
10395.112747 14754.872213 -8.107631
10445.112747 14754.872213 -8.232721
10495.112747 14754.872213 -8.394807
10545.112747 14754.872213 -8.574553
10595.112747 14754.872213 -8.766232
10645.112747 14754.872213 -8.979528
10695.112747 14754.872213 -9.218356
10745.112747 14754.872213 -9.517133
10795.112747 14754.872213 -9.854013
10845.112747 14754.872213 -10.269659
10895.112747 14754.872213 -10.769970
10945.112747 14754.872213 -11.352520
10995.112747 14754.872213 -11.953186
11045.112747 14754.872213 -12.493321
11095.112747 14754.872213 -12.985304
11145.112747 14754.872213 -13.433942
11195.112747 14754.872213 -13.833533
11245.112747 14754.872213 -14.167083
11295.112747 14754.872213 -14.443233
11345.112747 14754.872213 -14.647701
11395.112747 14754.872213 -14.823549
11445.112747 14754.872213 -14.977712
11495.112747 14754.872213 -15.123972
11545.112747 14754.872213 -15.242054
11595.112747 14754.872213 -15.346195
11645.112747 14754.872213 -15.424149
11695.112747 14754.872213 -15.487965
11745.112747 14754.872213 -15.491385
11795.112747 14754.872213 -15.473718
11845.112747 14754.872213 -15.401628
11895.112747 14754.872213 -15.314251
11945.112747 14754.872213 -15.213707
11995.112747 14754.872213 -15.122188
12045.112747 14754.872213 -15.054667
12095.112747 14754.872213 -14.988944
12145.112747 14754.872213 -14.929328
12195.112747 14754.872213 -14.869693
12245.112747 14754.872213 -14.799257
12295.112747 14754.872213 -14.673802
12345.112747 14754.872213 -14.523528
12395.112747 14754.872213 -14.319894
12445.112747 14754.872213 -14.049637
12495.112747 14754.872213 -13.714865
12545.112747 14754.872213 -13.364739
12595.112747 14754.872213 -13.021342
12645.112747 14754.872213 -12.667171
12695.112747 14754.872213 -12.294683
12745.112747 14754.872213 -11.904810
12795.112747 14754.872213 -11.528100
12845.112747 14754.872213 -11.144556
12895.112747 14754.872213 -10.782425
12945.112747 14754.872213 -10.429930
12995.112747 14754.872213 -10.096000
13045.112747 14754.872213 -9.827127
13095.112747 14754.872213 -9.620842
13145.112747 14754.872213 -9.496374
13195.112747 14754.872213 -9.454463
13245.112747 14754.872213 -9.431412
13295.112747 14754.872213 -9.402016
13345.112747 14754.872213 -9.357183
13395.112747 14754.872213 -9.249980
13445.112747 14754.872213 -9.093884
13495.112747 14754.872213 -8.942844
13545.112747 14754.872213 -8.774678
13595.112747 14754.872213 -8.552437
13645.112747 14754.872213 -8.277008
13695.112747 14754.872213 -7.965065
13745.112747 14754.872213 -7.548139
13795.112747 14754.872213 -7.033613
13845.112747 14754.872213 -6.442917
13895.112747 14754.872213 -5.779207
13945.112747 14754.872213 -5.005324
13995.112747 14754.872213 -4.198204
6545.112747 14804.872213 -142.087769
6595.112747 14804.872213 -143.215897
6645.112747 14804.872213 -144.360580
6695.112747 14804.872213 -145.508408
6745.112747 14804.872213 -146.645477
6795.112747 14804.872213 -147.718430
6845.112747 14804.872213 -148.706299
6895.112747 14804.872213 -149.558212
6945.112747 14804.872213 -150.263214
6995.112747 14804.872213 -150.798676
7045.112747 14804.872213 -151.135864
7095.112747 14804.872213 -151.259109
7145.112747 14804.872213 -151.183563
7195.112747 14804.872213 -150.891602
7245.112747 14804.872213 -150.347885
7295.112747 14804.872213 -149.516998
7345.112747 14804.872213 -148.369858
7395.112747 14804.872213 -146.898651
7445.112747 14804.872213 -145.082672
7495.112747 14804.872213 -142.973434
7545.112747 14804.872213 -140.617584
7595.112747 14804.872213 -138.057114
7645.112747 14804.872213 -135.212982
7695.112747 14804.872213 -132.095505
7745.112747 14804.872213 -128.669556
7795.112747 14804.872213 -124.961540
7845.112747 14804.872213 -121.018967
7895.112747 14804.872213 -116.881538
7945.112747 14804.872213 -112.548279
7995.112747 14804.872213 -108.045486
8045.112747 14804.872213 -103.383698
8095.112747 14804.872213 -98.571075
8145.112747 14804.872213 -93.635605
8195.112747 14804.872213 -88.598572
8245.112747 14804.872213 -83.540817
8295.112747 14804.872213 -78.445816
8345.112747 14804.872213 -73.325470
8395.112747 14804.872213 -68.228828
8445.112747 14804.872213 -63.203362
8495.112747 14804.872213 -58.284378
8545.112747 14804.872213 -53.512424
8595.112747 14804.872213 -48.888992
8645.112747 14804.872213 -44.412998
8695.112747 14804.872213 -40.152126
8745.112747 14804.872213 -36.084015
8795.112747 14804.872213 -32.259182
8845.112747 14804.872213 -28.694176
8895.112747 14804.872213 -25.404373
8945.112747 14804.872213 -22.415995
8995.112747 14804.872213 -19.782995
9045.112747 14804.872213 -17.471182
9095.112747 14804.872213 -15.479535
9145.112747 14804.872213 -13.794099
9195.112747 14804.872213 -12.410651
9245.112747 14804.872213 -11.347335
9295.112747 14804.872213 -10.573541
9345.112747 14804.872213 -10.031432
9395.112747 14804.872213 -9.663578
9445.112747 14804.872213 -9.417395
9495.112747 14804.872213 -9.246105
9545.112747 14804.872213 -9.152487
9595.112747 14804.872213 -9.120732
9645.112747 14804.872213 -9.172227
9695.112747 14804.872213 -9.267710
9745.112747 14804.872213 -9.352214
9795.112747 14804.872213 -9.436924
9845.112747 14804.872213 -9.515924
9895.112747 14804.872213 -9.579854
9945.112747 14804.872213 -9.593289
9995.112747 14804.872213 -9.536784
10045.112747 14804.872213 -9.373755
10095.112747 14804.872213 -9.189030
10145.112747 14804.872213 -8.960915
10195.112747 14804.872213 -8.728590
10245.112747 14804.872213 -8.493379
10295.112747 14804.872213 -8.303926
10345.112747 14804.872213 -8.169445
10395.112747 14804.872213 -8.123525
10445.112747 14804.872213 -8.126101
10495.112747 14804.872213 -8.134192
10545.112747 14804.872213 -8.105334
10595.112747 14804.872213 -8.073049
10645.112747 14804.872213 -8.105806
10695.112747 14804.872213 -8.177418
10745.112747 14804.872213 -8.262942
10795.112747 14804.872213 -8.380291
10845.112747 14804.872213 -8.556248
10895.112747 14804.872213 -8.865037
10945.112747 14804.872213 -9.289988
10995.112747 14804.872213 -9.771996
11045.112747 14804.872213 -10.257879
11095.112747 14804.872213 -10.715113
11145.112747 14804.872213 -11.152618
11195.112747 14804.872213 -11.553348
11245.112747 14804.872213 -11.907935
11295.112747 14804.872213 -12.180419
11345.112747 14804.872213 -12.396827
11395.112747 14804.872213 -12.555904
11445.112747 14804.872213 -12.682075
11495.112747 14804.872213 -12.794592
11545.112747 14804.872213 -12.905413
11595.112747 14804.872213 -13.011014
11645.112747 14804.872213 -13.121783
11695.112747 14804.872213 -13.193690
11745.112747 14804.872213 -13.272292
11795.112747 14804.872213 -13.338890
11845.112747 14804.872213 -13.420321
11895.112747 14804.872213 -13.498297
11945.112747 14804.872213 -13.604504
11995.112747 14804.872213 -13.739535
12045.112747 14804.872213 -13.916809
12095.112747 14804.872213 -14.111922
12145.112747 14804.872213 -14.320822
12195.112747 14804.872213 -14.504198
12245.112747 14804.872213 -14.637781
12295.112747 14804.872213 -14.660790
12345.112747 14804.872213 -14.542561
12395.112747 14804.872213 -14.336323
12445.112747 14804.872213 -14.034468
12495.112747 14804.872213 -13.693985
12545.112747 14804.872213 -13.334473
12595.112747 14804.872213 -12.964118
12645.112747 14804.872213 -12.596695
12695.112747 14804.872213 -12.245242
12745.112747 14804.872213 -11.903638
12795.112747 14804.872213 -11.562740
12845.112747 14804.872213 -11.242416
12895.112747 14804.872213 -10.938254
12945.112747 14804.872213 -10.629522
12995.112747 14804.872213 -10.306662
13045.112747 14804.872213 -9.972898
13095.112747 14804.872213 -9.697373
13145.112747 14804.872213 -9.488596
13195.112747 14804.872213 -9.371992
13245.112747 14804.872213 -9.335224
13295.112747 14804.872213 -9.328702
13345.112747 14804.872213 -9.279034
13395.112747 14804.872213 -9.180984
13445.112747 14804.872213 -9.026007
13495.112747 14804.872213 -8.846334
13545.112747 14804.872213 -8.676250
13595.112747 14804.872213 -8.422978
13645.112747 14804.872213 -8.103601
13695.112747 14804.872213 -7.699378
13745.112747 14804.872213 -7.200664
13795.112747 14804.872213 -6.564813
13845.112747 14804.872213 -5.838143
13895.112747 14804.872213 -5.013649
13945.112747 14804.872213 -4.105229
13995.112747 14804.872213 -3.128303
6545.112747 14854.872213 -137.838837
6595.112747 14854.872213 -138.579453
6645.112747 14854.872213 -139.332001
6695.112747 14854.872213 -140.057877
6745.112747 14854.872213 -140.730652
6795.112747 14854.872213 -141.345901
6845.112747 14854.872213 -141.863754
6895.112747 14854.872213 -142.297318
6945.112747 14854.872213 -142.627258
6995.112747 14854.872213 -142.816177
7045.112747 14854.872213 -142.827805
7095.112747 14854.872213 -142.682419
7145.112747 14854.872213 -142.354782
7195.112747 14854.872213 -141.830017
7245.112747 14854.872213 -141.077911
7295.112747 14854.872213 -140.089371
7345.112747 14854.872213 -138.833405
7395.112747 14854.872213 -137.256668
7445.112747 14854.872213 -135.416855
7495.112747 14854.872213 -133.340424
7545.112747 14854.872213 -131.060654
7595.112747 14854.872213 -128.607986
7645.112747 14854.872213 -125.981827
7695.112747 14854.872213 -123.144096
7745.112747 14854.872213 -120.072372
7795.112747 14854.872213 -116.790924
7845.112747 14854.872213 -113.314453
7895.112747 14854.872213 -109.673996
7945.112747 14854.872213 -105.859413
7995.112747 14854.872213 -101.860916
8045.112747 14854.872213 -97.699844
8095.112747 14854.872213 -93.432266
8145.112747 14854.872213 -89.036385
8195.112747 14854.872213 -84.556107
8245.112747 14854.872213 -80.036415
8295.112747 14854.872213 -75.470589
8345.112747 14854.872213 -70.869926
8395.112747 14854.872213 -66.288773
8445.112747 14854.872213 -61.767025
8495.112747 14854.872213 -57.308571
8545.112747 14854.872213 -52.979393
8595.112747 14854.872213 -48.745823
8645.112747 14854.872213 -44.658775
8695.112747 14854.872213 -40.720169
8745.112747 14854.872213 -36.988647
8795.112747 14854.872213 -33.469425
8845.112747 14854.872213 -30.198858
8895.112747 14854.872213 -27.176485
8945.112747 14854.872213 -24.431623
8995.112747 14854.872213 -22.002808
9045.112747 14854.872213 -19.875202
9095.112747 14854.872213 -18.046246
9145.112747 14854.872213 -16.472532
9195.112747 14854.872213 -15.161391
9245.112747 14854.872213 -14.116345
9295.112747 14854.872213 -13.311810
9345.112747 14854.872213 -12.691601
9395.112747 14854.872213 -12.214693
9445.112747 14854.872213 -11.812396
9495.112747 14854.872213 -11.509323
9545.112747 14854.872213 -11.290061
9595.112747 14854.872213 -11.165612
9645.112747 14854.872213 -11.085758
9695.112747 14854.872213 -11.015903
9745.112747 14854.872213 -10.946925
9795.112747 14854.872213 -10.865004
9845.112747 14854.872213 -10.755137
9895.112747 14854.872213 -10.647274
9945.112747 14854.872213 -10.503636
9995.112747 14854.872213 -10.282087
10045.112747 14854.872213 -10.007017
10095.112747 14854.872213 -9.687203
10145.112747 14854.872213 -9.401373
10195.112747 14854.872213 -9.112676
10245.112747 14854.872213 -8.823465
10295.112747 14854.872213 -8.539677
10345.112747 14854.872213 -8.295630
10395.112747 14854.872213 -8.110616
10445.112747 14854.872213 -7.963427
10495.112747 14854.872213 -7.789601
10545.112747 14854.872213 -7.577569
10595.112747 14854.872213 -7.358465
10645.112747 14854.872213 -7.181942
10695.112747 14854.872213 -7.048695
10745.112747 14854.872213 -6.934064
10795.112747 14854.872213 -6.857715
10845.112747 14854.872213 -6.847516
10895.112747 14854.872213 -6.931620
10945.112747 14854.872213 -7.131740
10995.112747 14854.872213 -7.437632
11045.112747 14854.872213 -7.812292
11095.112747 14854.872213 -8.230852
11145.112747 14854.872213 -8.626431
11195.112747 14854.872213 -9.009031
11245.112747 14854.872213 -9.347498
11295.112747 14854.872213 -9.643855
11345.112747 14854.872213 -9.870343
11395.112747 14854.872213 -10.036672
11445.112747 14854.872213 -10.172857
11495.112747 14854.872213 -10.290319
11545.112747 14854.872213 -10.415661
11595.112747 14854.872213 -10.546685
11645.112747 14854.872213 -10.669207
11695.112747 14854.872213 -10.794926
11745.112747 14854.872213 -10.926834
11795.112747 14854.872213 -11.101027
11845.112747 14854.872213 -11.312709
11895.112747 14854.872213 -11.577239
11945.112747 14854.872213 -11.880335
11995.112747 14854.872213 -12.222798
12045.112747 14854.872213 -12.604789
12095.112747 14854.872213 -13.040831
12145.112747 14854.872213 -13.485792
12195.112747 14854.872213 -13.892202
12245.112747 14854.872213 -14.195566
12295.112747 14854.872213 -14.353507
12345.112747 14854.872213 -14.314648
12395.112747 14854.872213 -14.124197
12445.112747 14854.872213 -13.860674
12495.112747 14854.872213 -13.556180
12545.112747 14854.872213 -13.238683
12595.112747 14854.872213 -12.895070
12645.112747 14854.872213 -12.554928
12695.112747 14854.872213 -12.257604
12745.112747 14854.872213 -11.967727
12795.112747 14854.872213 -11.697268
12845.112747 14854.872213 -11.431429
12895.112747 14854.872213 -11.174617
12945.112747 14854.872213 -10.891968
12995.112747 14854.872213 -10.560671
13045.112747 14854.872213 -10.201141
13095.112747 14854.872213 -9.849755
13145.112747 14854.872213 -9.550116
13195.112747 14854.872213 -9.354341
13245.112747 14854.872213 -9.281279
13295.112747 14854.872213 -9.250280
13345.112747 14854.872213 -9.206885
13395.112747 14854.872213 -9.110646
13445.112747 14854.872213 -8.957740
13495.112747 14854.872213 -8.773349
13545.112747 14854.872213 -8.541713
13595.112747 14854.872213 -8.230035
13645.112747 14854.872213 -7.826384
13695.112747 14854.872213 -7.337554
13745.112747 14854.872213 -6.729880
13795.112747 14854.872213 -5.994729
13845.112747 14854.872213 -5.134185
13895.112747 14854.872213 -4.198326
13945.112747 14854.872213 -3.198077
13995.112747 14854.872213 -2.189749
6545.112747 14904.872213 -132.941711
6595.112747 14904.872213 -133.345276
6645.112747 14904.872213 -133.725479
6695.112747 14904.872213 -134.052933
6745.112747 14904.872213 -134.343002
6795.112747 14904.872213 -134.519363
6845.112747 14904.872213 -134.631943
6895.112747 14904.872213 -134.682129
6945.112747 14904.872213 -134.675262
6995.112747 14904.872213 -134.565353
7045.112747 14904.872213 -134.356888
7095.112747 14904.872213 -133.985214
7145.112747 14904.872213 -133.451569
7195.112747 14904.872213 -132.710770
7245.112747 14904.872213 -131.783890
7295.112747 14904.872213 -130.640808
7345.112747 14904.872213 -129.288254
7395.112747 14904.872213 -127.681610
7445.112747 14904.872213 -125.846428
7495.112747 14904.872213 -123.841057
7545.112747 14904.872213 -121.663010
7595.112747 14904.872213 -119.301476
7645.112747 14904.872213 -116.837662
7695.112747 14904.872213 -114.253159
7745.112747 14904.872213 -111.504692
7795.112747 14904.872213 -108.593460
7845.112747 14904.872213 -105.566177
7895.112747 14904.872213 -102.400246
7945.112747 14904.872213 -99.057404
7995.112747 14904.872213 -95.546570
8045.112747 14904.872213 -91.886635
8095.112747 14904.872213 -88.126762
8145.112747 14904.872213 -84.268173
8195.112747 14904.872213 -80.329567
8245.112747 14904.872213 -76.300522
8295.112747 14904.872213 -72.230438
8345.112747 14904.872213 -68.127342
8395.112747 14904.872213 -64.056938
8445.112747 14904.872213 -60.012539
8495.112747 14904.872213 -56.055492
8545.112747 14904.872213 -52.161701
8595.112747 14904.872213 -48.384628
8645.112747 14904.872213 -44.707500
8695.112747 14904.872213 -41.191788
8745.112747 14904.872213 -37.835751
8795.112747 14904.872213 -34.694084
8845.112747 14904.872213 -31.757753
8895.112747 14904.872213 -29.085714
8945.112747 14904.872213 -26.662069
8995.112747 14904.872213 -24.470728
9045.112747 14904.872213 -22.559044
9095.112747 14904.872213 -20.882318
9145.112747 14904.872213 -19.442894
9195.112747 14904.872213 -18.217630
9245.112747 14904.872213 -17.171894
9295.112747 14904.872213 -16.287264
9345.112747 14904.872213 -15.533012
9395.112747 14904.872213 -14.892505
9445.112747 14904.872213 -14.351742
9495.112747 14904.872213 -13.896541
9545.112747 14904.872213 -13.571621
9595.112747 14904.872213 -13.308951
9645.112747 14904.872213 -13.073281
9695.112747 14904.872213 -12.840658
9745.112747 14904.872213 -12.584954
9795.112747 14904.872213 -12.305772
9845.112747 14904.872213 -12.017077
9895.112747 14904.872213 -11.722623
9945.112747 14904.872213 -11.385798
9995.112747 14904.872213 -10.998898
10045.112747 14904.872213 -10.574830
10095.112747 14904.872213 -10.165121
10145.112747 14904.872213 -9.774997
10195.112747 14904.872213 -9.411131
10245.112747 14904.872213 -9.036304
10295.112747 14904.872213 -8.670142
10345.112747 14904.872213 -8.322866
10395.112747 14904.872213 -7.992955
10445.112747 14904.872213 -7.660775
10495.112747 14904.872213 -7.302089
10545.112747 14904.872213 -6.914958
10595.112747 14904.872213 -6.515260
10645.112747 14904.872213 -6.144009
10695.112747 14904.872213 -5.816071
10745.112747 14904.872213 -5.505135
10795.112747 14904.872213 -5.263464
10845.112747 14904.872213 -5.070800
10895.112747 14904.872213 -4.954874
10945.112747 14904.872213 -4.919257
10995.112747 14904.872213 -5.004043
11045.112747 14904.872213 -5.250051
11095.112747 14904.872213 -5.565482
11145.112747 14904.872213 -5.884109
11195.112747 14904.872213 -6.216761
11245.112747 14904.872213 -6.520741
11295.112747 14904.872213 -6.802813
11345.112747 14904.872213 -7.042464
11395.112747 14904.872213 -7.250716
11445.112747 14904.872213 -7.406741
11495.112747 14904.872213 -7.570345
11545.112747 14904.872213 -7.740501
11595.112747 14904.872213 -7.923731
11645.112747 14904.872213 -8.102255
11695.112747 14904.872213 -8.268798
11745.112747 14904.872213 -8.472095
11795.112747 14904.872213 -8.744387
11845.112747 14904.872213 -9.109480
11895.112747 14904.872213 -9.549253
11945.112747 14904.872213 -10.039278
11995.112747 14904.872213 -10.586019
12045.112747 14904.872213 -11.162137
12095.112747 14904.872213 -11.795172
12145.112747 14904.872213 -12.433768
12195.112747 14904.872213 -13.013481
12245.112747 14904.872213 -13.444279
12295.112747 14904.872213 -13.715819
12345.112747 14904.872213 -13.799826
12395.112747 14904.872213 -13.725430
12445.112747 14904.872213 -13.549188
12495.112747 14904.872213 -13.332646
12545.112747 14904.872213 -13.085606
12595.112747 14904.872213 -12.843355
12645.112747 14904.872213 -12.597477
12695.112747 14904.872213 -12.369771
12745.112747 14904.872213 -12.144197
12795.112747 14904.872213 -11.920009
12845.112747 14904.872213 -11.692117
12895.112747 14904.872213 -11.446223
12945.112747 14904.872213 -11.170926
12995.112747 14904.872213 -10.844340
13045.112747 14904.872213 -10.474237
13095.112747 14904.872213 -10.088192
13145.112747 14904.872213 -9.742559
13195.112747 14904.872213 -9.467762
13245.112747 14904.872213 -9.320903
13295.112747 14904.872213 -9.239135
13345.112747 14904.872213 -9.153259
13395.112747 14904.872213 -9.034944
13445.112747 14904.872213 -8.888961
13495.112747 14904.872213 -8.654250
13545.112747 14904.872213 -8.341292
13595.112747 14904.872213 -7.951067
13645.112747 14904.872213 -7.454978
13695.112747 14904.872213 -6.839370
13745.112747 14904.872213 -6.126780
13795.112747 14904.872213 -5.298573
13845.112747 14904.872213 -4.366481
13895.112747 14904.872213 -3.374912
13945.112747 14904.872213 -2.386924
13995.112747 14904.872213 -1.403772
6545.112747 14954.872213 -127.552315
6595.112747 14954.872213 -127.621391
6645.112747 14954.872213 -127.654732
6695.112747 14954.872213 -127.635979
6745.112747 14954.872213 -127.540642
6795.112747 14954.872213 -127.364342
6845.112747 14954.872213 -127.110367
6895.112747 14954.872213 -126.818756
6945.112747 14954.872213 -126.493279
6995.112747 14954.872213 -126.111259
7045.112747 14954.872213 -125.670029
7095.112747 14954.872213 -125.121414
7145.112747 14954.872213 -124.410828
7195.112747 14954.872213 -123.502625
7245.112747 14954.872213 -122.418777
7295.112747 14954.872213 -121.180710
7345.112747 14954.872213 -119.760727
7395.112747 14954.872213 -118.179230
7445.112747 14954.872213 -116.414459
7495.112747 14954.872213 -114.491196
7545.112747 14954.872213 -112.421143
7595.112747 14954.872213 -110.206474
7645.112747 14954.872213 -107.888947
7695.112747 14954.872213 -105.517906
7745.112747 14954.872213 -103.066887
7795.112747 14954.872213 -100.524879
7845.112747 14954.872213 -97.867584
7895.112747 14954.872213 -95.088318
7945.112747 14954.872213 -92.173637
7995.112747 14954.872213 -89.123230
8045.112747 14954.872213 -85.945099
8095.112747 14954.872213 -82.663277
8145.112747 14954.872213 -79.307587
8195.112747 14954.872213 -75.859718
8245.112747 14954.872213 -72.329308
8295.112747 14954.872213 -68.741211
8345.112747 14954.872213 -65.157875
8395.112747 14954.872213 -61.561573
8445.112747 14954.872213 -58.014214
8495.112747 14954.872213 -54.526649
8545.112747 14954.872213 -51.126171
8595.112747 14954.872213 -47.808662
8645.112747 14954.872213 -44.638363
8695.112747 14954.872213 -41.583389
8745.112747 14954.872213 -38.695244
8795.112747 14954.872213 -35.973236
8845.112747 14954.872213 -33.452560
8895.112747 14954.872213 -31.146837
8945.112747 14954.872213 -29.054852
8995.112747 14954.872213 -27.160538
9045.112747 14954.872213 -25.461458
9095.112747 14954.872213 -23.963062
9145.112747 14954.872213 -22.649046
9195.112747 14954.872213 -21.493980
9245.112747 14954.872213 -20.431318
9295.112747 14954.872213 -19.436819
9345.112747 14954.872213 -18.543758
9395.112747 14954.872213 -17.741730
9445.112747 14954.872213 -17.036392
9495.112747 14954.872213 -16.450659
9545.112747 14954.872213 -15.952719
9595.112747 14954.872213 -15.523304
9645.112747 14954.872213 -15.114054
9695.112747 14954.872213 -14.684350
9745.112747 14954.872213 -14.241838
9795.112747 14954.872213 -13.763441
9845.112747 14954.872213 -13.275186
9895.112747 14954.872213 -12.770268
9945.112747 14954.872213 -12.256421
9995.112747 14954.872213 -11.707474
10045.112747 14954.872213 -11.155717
10095.112747 14954.872213 -10.590361
10145.112747 14954.872213 -10.072057
10195.112747 14954.872213 -9.585713
10245.112747 14954.872213 -9.115246
10295.112747 14954.872213 -8.652136
10345.112747 14954.872213 -8.196491
10395.112747 14954.872213 -7.700274
10445.112747 14954.872213 -7.156742
10495.112747 14954.872213 -6.599468
10545.112747 14954.872213 -6.054765
10595.112747 14954.872213 -5.515145
10645.112747 14954.872213 -4.961521
10695.112747 14954.872213 -4.445491
10745.112747 14954.872213 -3.990296
10795.112747 14954.872213 -3.565825
10845.112747 14954.872213 -3.214161
10895.112747 14954.872213 -2.892107
10945.112747 14954.872213 -2.666469
10995.112747 14954.872213 -2.557942
11045.112747 14954.872213 -2.615103
11095.112747 14954.872213 -2.787371
11145.112747 14954.872213 -3.013738
11195.112747 14954.872213 -3.227216
11245.112747 14954.872213 -3.460979
11295.112747 14954.872213 -3.714699
11345.112747 14954.872213 -3.976276
11395.112747 14954.872213 -4.195874
11445.112747 14954.872213 -4.412604
11495.112747 14954.872213 -4.626490
11545.112747 14954.872213 -4.875058
11595.112747 14954.872213 -5.124028
11645.112747 14954.872213 -5.360184
11695.112747 14954.872213 -5.614171
11745.112747 14954.872213 -5.917191
11795.112747 14954.872213 -6.322445
11845.112747 14954.872213 -6.825426
11895.112747 14954.872213 -7.427360
11945.112747 14954.872213 -8.126922
11995.112747 14954.872213 -8.873700
12045.112747 14954.872213 -9.654179
12095.112747 14954.872213 -10.431253
12145.112747 14954.872213 -11.194927
12195.112747 14954.872213 -11.860914
12245.112747 14954.872213 -12.391470
12295.112747 14954.872213 -12.773272
12345.112747 14954.872213 -13.023081
12395.112747 14954.872213 -13.099837
12445.112747 14954.872213 -13.097591
12495.112747 14954.872213 -13.030433
12545.112747 14954.872213 -12.931046
12595.112747 14954.872213 -12.805486
12645.112747 14954.872213 -12.689610
12695.112747 14954.872213 -12.544672
12745.112747 14954.872213 -12.392403
12795.112747 14954.872213 -12.194095
12845.112747 14954.872213 -11.993487
12895.112747 14954.872213 -11.751568
12945.112747 14954.872213 -11.480928
12995.112747 14954.872213 -11.166940
13045.112747 14954.872213 -10.807948
13095.112747 14954.872213 -10.427931
13145.112747 14954.872213 -10.066814
13195.112747 14954.872213 -9.763302
13245.112747 14954.872213 -9.508897
13295.112747 14954.872213 -9.314202
13345.112747 14954.872213 -9.153268
13395.112747 14954.872213 -8.984773
13445.112747 14954.872213 -8.743731
13495.112747 14954.872213 -8.438775
13545.112747 14954.872213 -8.040709
13595.112747 14954.872213 -7.563835
13645.112747 14954.872213 -6.963495
13695.112747 14954.872213 -6.222001
13745.112747 14954.872213 -5.384933
13795.112747 14954.872213 -4.502586
13845.112747 14954.872213 -3.570349
13895.112747 14954.872213 -2.620044
13945.112747 14954.872213 -1.704971
13995.112747 14954.872213 -0.804155
6545.112747 15004.872213 -121.786621
6595.112747 15004.872213 -121.530289
6645.112747 15004.872213 -121.223518
6695.112747 15004.872213 -120.877106
6745.112747 15004.872213 -120.435684
6795.112747 15004.872213 -119.932266
6845.112747 15004.872213 -119.373657
6895.112747 15004.872213 -118.775841
6945.112747 15004.872213 -118.131119
6995.112747 15004.872213 -117.491867
7045.112747 15004.872213 -116.820358
7095.112747 15004.872213 -116.087616
7145.112747 15004.872213 -115.205177
7195.112747 15004.872213 -114.183472
7245.112747 15004.872213 -112.998848
7295.112747 15004.872213 -111.692719
7345.112747 15004.872213 -110.258400
7395.112747 15004.872213 -108.723419
7445.112747 15004.872213 -107.074585
7495.112747 15004.872213 -105.289101
7545.112747 15004.872213 -103.368233
7595.112747 15004.872213 -101.326843
7645.112747 15004.872213 -99.206772
7695.112747 15004.872213 -97.041687
7745.112747 15004.872213 -94.859543
7795.112747 15004.872213 -92.603004
7845.112747 15004.872213 -90.255821
7895.112747 15004.872213 -87.808235
7945.112747 15004.872213 -85.265533
7995.112747 15004.872213 -82.609795
8045.112747 15004.872213 -79.865860
8095.112747 15004.872213 -77.019035
8145.112747 15004.872213 -74.114906
8195.112747 15004.872213 -71.158913
8245.112747 15004.872213 -68.110573
8295.112747 15004.872213 -65.024681
8345.112747 15004.872213 -61.935307
8395.112747 15004.872213 -58.829903
8445.112747 15004.872213 -55.772247
8495.112747 15004.872213 -52.811916
8545.112747 15004.872213 -49.915913
8595.112747 15004.872213 -47.132614
8645.112747 15004.872213 -44.468803
8695.112747 15004.872213 -41.952286
8745.112747 15004.872213 -39.571041
8795.112747 15004.872213 -37.332451
8845.112747 15004.872213 -35.260239
8895.112747 15004.872213 -33.339218
8945.112747 15004.872213 -31.580204
8995.112747 15004.872213 -29.969486
9045.112747 15004.872213 -28.522482
9095.112747 15004.872213 -27.221949
9145.112747 15004.872213 -26.043615
9195.112747 15004.872213 -24.911236
9245.112747 15004.872213 -23.800877
9295.112747 15004.872213 -22.730940
9345.112747 15004.872213 -21.723946
9395.112747 15004.872213 -20.756031
9445.112747 15004.872213 -19.901430
9495.112747 15004.872213 -19.135693
9545.112747 15004.872213 -18.449326
9595.112747 15004.872213 -17.819284
9645.112747 15004.872213 -17.194412
9695.112747 15004.872213 -16.563423
9745.112747 15004.872213 -15.906155
9795.112747 15004.872213 -15.215960
9845.112747 15004.872213 -14.525477
9895.112747 15004.872213 -13.809896
9945.112747 15004.872213 -13.094704
9995.112747 15004.872213 -12.396741
10045.112747 15004.872213 -11.689447
10095.112747 15004.872213 -10.996381
10145.112747 15004.872213 -10.308496
10195.112747 15004.872213 -9.658243
10245.112747 15004.872213 -9.064178
10295.112747 15004.872213 -8.495599
10345.112747 15004.872213 -7.895223
10395.112747 15004.872213 -7.223392
10445.112747 15004.872213 -6.493507
10495.112747 15004.872213 -5.762675
10545.112747 15004.872213 -5.024748
10595.112747 15004.872213 -4.318982
10645.112747 15004.872213 -3.637094
10695.112747 15004.872213 -2.977506
10745.112747 15004.872213 -2.356851
10795.112747 15004.872213 -1.772518
10845.112747 15004.872213 -1.238263
10895.112747 15004.872213 -0.773363
10945.112747 15004.872213 -0.370785
10995.112747 15004.872213 -0.109284
11045.112747 15004.872213 0.018439
11095.112747 15004.872213 0.038704
11145.112747 15004.872213 -0.032066
11195.112747 15004.872213 -0.129049
11245.112747 15004.872213 -0.279033
11295.112747 15004.872213 -0.474121
11345.112747 15004.872213 -0.709590
11395.112747 15004.872213 -0.962339
11445.112747 15004.872213 -1.226328
11495.112747 15004.872213 -1.516817
11545.112747 15004.872213 -1.812619
11595.112747 15004.872213 -2.124208
11645.112747 15004.872213 -2.465434
11695.112747 15004.872213 -2.839967
11745.112747 15004.872213 -3.306103
11795.112747 15004.872213 -3.868591
11845.112747 15004.872213 -4.538739
11895.112747 15004.872213 -5.315000
11945.112747 15004.872213 -6.198923
11995.112747 15004.872213 -7.145176
12045.112747 15004.872213 -8.081117
12095.112747 15004.872213 -8.967193
12145.112747 15004.872213 -9.778350
12195.112747 15004.872213 -10.486913
12245.112747 15004.872213 -11.086093
12295.112747 15004.872213 -11.583998
12345.112747 15004.872213 -11.997388
12395.112747 15004.872213 -12.311080
12445.112747 15004.872213 -12.510415
12495.112747 15004.872213 -12.651577
12545.112747 15004.872213 -12.730281
12595.112747 15004.872213 -12.776308
12645.112747 15004.872213 -12.783420
12695.112747 15004.872213 -12.730714
12745.112747 15004.872213 -12.633148
12795.112747 15004.872213 -12.497281
12845.112747 15004.872213 -12.312497
12895.112747 15004.872213 -12.086160
12945.112747 15004.872213 -11.822612
12995.112747 15004.872213 -11.542690
13045.112747 15004.872213 -11.235533
13095.112747 15004.872213 -10.906631
13145.112747 15004.872213 -10.553915
13195.112747 15004.872213 -10.212168
13245.112747 15004.872213 -9.859511
13295.112747 15004.872213 -9.517706
13345.112747 15004.872213 -9.206103
13395.112747 15004.872213 -8.900730
13445.112747 15004.872213 -8.550857
13495.112747 15004.872213 -8.133270
13545.112747 15004.872213 -7.622061
13595.112747 15004.872213 -7.011099
13645.112747 15004.872213 -6.292807
13695.112747 15004.872213 -5.462146
13745.112747 15004.872213 -4.569359
13795.112747 15004.872213 -3.675712
13845.112747 15004.872213 -2.801452
13895.112747 15004.872213 -1.963996
13945.112747 15004.872213 -1.170103
13995.112747 15004.872213 -0.394464
6545.112747 15054.872213 -115.823532
6595.112747 15054.872213 -115.195984
6645.112747 15054.872213 -114.560883
6695.112747 15054.872213 -113.862656
6745.112747 15054.872213 -113.106552
6795.112747 15054.872213 -112.312263
6845.112747 15054.872213 -111.460732
6895.112747 15054.872213 -110.578079
6945.112747 15054.872213 -109.673866
6995.112747 15054.872213 -108.752594
7045.112747 15054.872213 -107.818382
7095.112747 15054.872213 -106.858986
7145.112747 15054.872213 -105.847992
7195.112747 15054.872213 -104.718925
7245.112747 15054.872213 -103.486244
7295.112747 15054.872213 -102.150681
7345.112747 15054.872213 -100.750626
7395.112747 15054.872213 -99.306152
7445.112747 15054.872213 -97.796265
7495.112747 15054.872213 -96.170433
7545.112747 15054.872213 -94.436951
7595.112747 15054.872213 -92.635246
7645.112747 15054.872213 -90.761124
7695.112747 15054.872213 -88.825035
7745.112747 15054.872213 -86.876617
7795.112747 15054.872213 -84.874130
7845.112747 15054.872213 -82.781883
7895.112747 15054.872213 -80.609398
7945.112747 15054.872213 -78.371658
7995.112747 15054.872213 -76.055237
8045.112747 15054.872213 -73.662140
8095.112747 15054.872213 -71.195770
8145.112747 15054.872213 -68.700050
8195.112747 15054.872213 -66.182472
8245.112747 15054.872213 -63.656036
8295.112747 15054.872213 -61.070168
8345.112747 15054.872213 -58.458824
8395.112747 15054.872213 -55.879066
8445.112747 15054.872213 -53.371773
8495.112747 15054.872213 -50.945610
8545.112747 15054.872213 -48.609974
8595.112747 15054.872213 -46.375153
8645.112747 15054.872213 -44.264977
8695.112747 15054.872213 -42.287380
8745.112747 15054.872213 -40.452930
8795.112747 15054.872213 -38.738934
8845.112747 15054.872213 -37.138828
8895.112747 15054.872213 -35.609917
8945.112747 15054.872213 -34.180370
8995.112747 15054.872213 -32.874184
9045.112747 15054.872213 -31.676382
9095.112747 15054.872213 -30.566841
9145.112747 15054.872213 -29.502785
9195.112747 15054.872213 -28.408749
9245.112747 15054.872213 -27.274105
9295.112747 15054.872213 -26.129641
9345.112747 15054.872213 -24.999992
9395.112747 15054.872213 -23.916939
9445.112747 15054.872213 -22.913563
9495.112747 15054.872213 -21.971453
9545.112747 15054.872213 -21.070019
9595.112747 15054.872213 -20.199385
9645.112747 15054.872213 -19.337574
9695.112747 15054.872213 -18.449930
9745.112747 15054.872213 -17.545748
9795.112747 15054.872213 -16.644262
9845.112747 15054.872213 -15.721254
9895.112747 15054.872213 -14.809916
9945.112747 15054.872213 -13.917781
9995.112747 15054.872213 -13.075126
10045.112747 15054.872213 -12.230917
10095.112747 15054.872213 -11.368163
10145.112747 15054.872213 -10.511349
10195.112747 15054.872213 -9.689614
10245.112747 15054.872213 -8.928925
10295.112747 15054.872213 -8.201866
10345.112747 15054.872213 -7.423401
10395.112747 15054.872213 -6.569516
10445.112747 15054.872213 -5.678078
10495.112747 15054.872213 -4.755399
10545.112747 15054.872213 -3.862621
10595.112747 15054.872213 -3.007064
10645.112747 15054.872213 -2.191791
10695.112747 15054.872213 -1.377906
10745.112747 15054.872213 -0.603755
10795.112747 15054.872213 0.135464
10845.112747 15054.872213 0.804551
10895.112747 15054.872213 1.398466
10945.112747 15054.872213 1.902642
10995.112747 15054.872213 2.309120
11045.112747 15054.872213 2.649215
11095.112747 15054.872213 2.859056
11145.112747 15054.872213 2.967570
11195.112747 15054.872213 2.997842
11245.112747 15054.872213 2.963056
11295.112747 15054.872213 2.846042
11345.112747 15054.872213 2.657802
11395.112747 15054.872213 2.401667
11445.112747 15054.872213 2.097545
11495.112747 15054.872213 1.762924
11545.112747 15054.872213 1.416057
11595.112747 15054.872213 1.026483
11645.112747 15054.872213 0.579821
11695.112747 15054.872213 0.005188
11745.112747 15054.872213 -0.658071
11795.112747 15054.872213 -1.430541
11845.112747 15054.872213 -2.281582
11895.112747 15054.872213 -3.251339
11945.112747 15054.872213 -4.305661
11995.112747 15054.872213 -5.395384
12045.112747 15054.872213 -6.452519
12095.112747 15054.872213 -7.400635
12145.112747 15054.872213 -8.224622
12195.112747 15054.872213 -8.944509
12245.112747 15054.872213 -9.619540
12295.112747 15054.872213 -10.234756
12345.112747 15054.872213 -10.820783
12395.112747 15054.872213 -11.358068
12445.112747 15054.872213 -11.825007
12495.112747 15054.872213 -12.193463
12545.112747 15054.872213 -12.483839
12595.112747 15054.872213 -12.695445
12645.112747 15054.872213 -12.833289
12695.112747 15054.872213 -12.895865
12745.112747 15054.872213 -12.875424
12795.112747 15054.872213 -12.779880
12845.112747 15054.872213 -12.622435
12895.112747 15054.872213 -12.430333
12945.112747 15054.872213 -12.220615
12995.112747 15054.872213 -12.003891
13045.112747 15054.872213 -11.774584
13095.112747 15054.872213 -11.512608
13145.112747 15054.872213 -11.199008
13195.112747 15054.872213 -10.812157
13245.112747 15054.872213 -10.337212
13295.112747 15054.872213 -9.832522
13345.112747 15054.872213 -9.329788
13395.112747 15054.872213 -8.820100
13445.112747 15054.872213 -8.293446
13495.112747 15054.872213 -7.716303
13545.112747 15054.872213 -7.053595
13595.112747 15054.872213 -6.291662
13645.112747 15054.872213 -5.453730
13695.112747 15054.872213 -4.580433
13745.112747 15054.872213 -3.699983
13795.112747 15054.872213 -2.863500
13845.112747 15054.872213 -2.102836
13895.112747 15054.872213 -1.405422
13945.112747 15054.872213 -0.767920
13995.112747 15054.872213 -0.156103
6545.112747 15104.872213 -109.739899
6595.112747 15104.872213 -108.706520
6645.112747 15104.872213 -107.688362
6695.112747 15104.872213 -106.651894
6745.112747 15104.872213 -105.595398
6795.112747 15104.872213 -104.519699
6845.112747 15104.872213 -103.419205
6895.112747 15104.872213 -102.279327
6945.112747 15104.872213 -101.107475
6995.112747 15104.872213 -99.927765
7045.112747 15104.872213 -98.736290
7095.112747 15104.872213 -97.543388
7145.112747 15104.872213 -96.350571
7195.112747 15104.872213 -95.146248
7245.112747 15104.872213 -93.875443
7295.112747 15104.872213 -92.555954
7345.112747 15104.872213 -91.220695
7395.112747 15104.872213 -89.881935
7445.112747 15104.872213 -88.521362
7495.112747 15104.872213 -87.102814
7545.112747 15104.872213 -85.608818
7595.112747 15104.872213 -84.068481
7645.112747 15104.872213 -82.482979
7695.112747 15104.872213 -80.826469
7745.112747 15104.872213 -79.084679
7795.112747 15104.872213 -77.295929
7845.112747 15104.872213 -75.437256
7895.112747 15104.872213 -73.509460
7945.112747 15104.872213 -71.508430
7995.112747 15104.872213 -69.469284
8045.112747 15104.872213 -67.369194
8095.112747 15104.872213 -65.244370
8145.112747 15104.872213 -63.112442
8195.112747 15104.872213 -61.013187
8245.112747 15104.872213 -58.951366
8295.112747 15104.872213 -56.869602
8345.112747 15104.872213 -54.775101
8395.112747 15104.872213 -52.764317
8445.112747 15104.872213 -50.853001
8495.112747 15104.872213 -49.009640
8545.112747 15104.872213 -47.264740
8595.112747 15104.872213 -45.607403
8645.112747 15104.872213 -44.062206
8695.112747 15104.872213 -42.647392
8745.112747 15104.872213 -41.338894
8795.112747 15104.872213 -40.148449
8845.112747 15104.872213 -39.008076
8895.112747 15104.872213 -37.916412
8945.112747 15104.872213 -36.849075
8995.112747 15104.872213 -35.831753
9045.112747 15104.872213 -34.878540
9095.112747 15104.872213 -33.955139
9145.112747 15104.872213 -32.961327
9195.112747 15104.872213 -31.905973
9245.112747 15104.872213 -30.774738
9295.112747 15104.872213 -29.586771
9345.112747 15104.872213 -28.367531
9395.112747 15104.872213 -27.193085
9445.112747 15104.872213 -26.037718
9495.112747 15104.872213 -24.920168
9545.112747 15104.872213 -23.799053
9595.112747 15104.872213 -22.649614
9645.112747 15104.872213 -21.498857
9695.112747 15104.872213 -20.337044
9745.112747 15104.872213 -19.165188
9795.112747 15104.872213 -18.006710
9845.112747 15104.872213 -16.869606
9895.112747 15104.872213 -15.769578
9945.112747 15104.872213 -14.737027
9995.112747 15104.872213 -13.734792
10045.112747 15104.872213 -12.749971
10095.112747 15104.872213 -11.749244
10145.112747 15104.872213 -10.732676
10195.112747 15104.872213 -9.720257
10245.112747 15104.872213 -8.752056
10295.112747 15104.872213 -7.803764
10345.112747 15104.872213 -6.817248
10395.112747 15104.872213 -5.792875
10445.112747 15104.872213 -4.736974
10495.112747 15104.872213 -3.672264
10545.112747 15104.872213 -2.614668
10595.112747 15104.872213 -1.614953
10645.112747 15104.872213 -0.650319
10695.112747 15104.872213 0.291376
10745.112747 15104.872213 1.228298
10795.112747 15104.872213 2.096833
10845.112747 15104.872213 2.894788
10895.112747 15104.872213 3.578659
10945.112747 15104.872213 4.179831
10995.112747 15104.872213 4.738464
11045.112747 15104.872213 5.236525
11095.112747 15104.872213 5.662986
11145.112747 15104.872213 5.959646
11195.112747 15104.872213 6.128494
11245.112747 15104.872213 6.207613
11295.112747 15104.872213 6.207301
11345.112747 15104.872213 6.085611
11395.112747 15104.872213 5.854613
11445.112747 15104.872213 5.545420
11495.112747 15104.872213 5.194024
11545.112747 15104.872213 4.768109
11595.112747 15104.872213 4.272351
11645.112747 15104.872213 3.630274
11695.112747 15104.872213 2.860665
11745.112747 15104.872213 1.944363
11795.112747 15104.872213 0.959860
11845.112747 15104.872213 -0.129278
11895.112747 15104.872213 -1.262141
11945.112747 15104.872213 -2.428243
11995.112747 15104.872213 -3.598765
12045.112747 15104.872213 -4.708568
12095.112747 15104.872213 -5.701265
12145.112747 15104.872213 -6.551477
12195.112747 15104.872213 -7.334561
12245.112747 15104.872213 -8.081071
12295.112747 15104.872213 -8.832741
12345.112747 15104.872213 -9.569778
12395.112747 15104.872213 -10.339028
12445.112747 15104.872213 -11.048111
12495.112747 15104.872213 -11.661740
12545.112747 15104.872213 -12.171800
12595.112747 15104.872213 -12.564842
12645.112747 15104.872213 -12.839581
12695.112747 15104.872213 -13.003533
12745.112747 15104.872213 -13.049572
12795.112747 15104.872213 -13.021402
12845.112747 15104.872213 -12.919850
12895.112747 15104.872213 -12.800436
12945.112747 15104.872213 -12.685009
12995.112747 15104.872213 -12.578563
13045.112747 15104.872213 -12.444587
13095.112747 15104.872213 -12.240103
13145.112747 15104.872213 -11.940979
13195.112747 15104.872213 -11.487468
13245.112747 15104.872213 -10.909173
13295.112747 15104.872213 -10.238291
13345.112747 15104.872213 -9.512468
13395.112747 15104.872213 -8.756632
13445.112747 15104.872213 -8.002776
13495.112747 15104.872213 -7.202145
13545.112747 15104.872213 -6.341033
13595.112747 15104.872213 -5.418942
13645.112747 15104.872213 -4.482384
13695.112747 15104.872213 -3.606111
13745.112747 15104.872213 -2.799666
13795.112747 15104.872213 -2.076118
13845.112747 15104.872213 -1.468962
13895.112747 15104.872213 -0.953888
13945.112747 15104.872213 -0.471557
13995.112747 15104.872213 -0.022705
6545.112747 15154.872213 -103.665947
6595.112747 15154.872213 -102.190804
6645.112747 15154.872213 -100.750862
6695.112747 15154.872213 -99.331795
6745.112747 15154.872213 -97.957069
6795.112747 15154.872213 -96.597649
6845.112747 15154.872213 -95.254295
6895.112747 15154.872213 -93.865280
6945.112747 15154.872213 -92.463463
6995.112747 15154.872213 -91.032791
7045.112747 15154.872213 -89.611534
7095.112747 15154.872213 -88.199272
7145.112747 15154.872213 -86.837021
7195.112747 15154.872213 -85.515427
7245.112747 15154.872213 -84.214233
7295.112747 15154.872213 -82.921890
7345.112747 15154.872213 -81.670074
7395.112747 15154.872213 -80.442947
7445.112747 15154.872213 -79.248116
7495.112747 15154.872213 -78.050026
7545.112747 15154.872213 -76.830513
7595.112747 15154.872213 -75.599045
7645.112747 15154.872213 -74.310486
7695.112747 15154.872213 -72.922707
7745.112747 15154.872213 -71.418434
7795.112747 15154.872213 -69.835159
7845.112747 15154.872213 -68.181717
7895.112747 15154.872213 -66.454155
7945.112747 15154.872213 -64.678543
7995.112747 15154.872213 -62.868202
8045.112747 15154.872213 -61.040623
8095.112747 15154.872213 -59.221153
8145.112747 15154.872213 -57.425201
8195.112747 15154.872213 -55.698280
8245.112747 15154.872213 -54.065651
8295.112747 15154.872213 -52.495434
8345.112747 15154.872213 -50.968781
8395.112747 15154.872213 -49.563431
8445.112747 15154.872213 -48.252796
8495.112747 15154.872213 -47.040825
8545.112747 15154.872213 -45.900890
8595.112747 15154.872213 -44.844376
8645.112747 15154.872213 -43.879864
8695.112747 15154.872213 -42.996170
8745.112747 15154.872213 -42.217808
8795.112747 15154.872213 -41.521542
8845.112747 15154.872213 -40.875195
8895.112747 15154.872213 -40.238995
8945.112747 15154.872213 -39.566410
8995.112747 15154.872213 -38.858982
9045.112747 15154.872213 -38.122185
9095.112747 15154.872213 -37.325901
9145.112747 15154.872213 -36.414986
9195.112747 15154.872213 -35.382854
9245.112747 15154.872213 -34.259850
9295.112747 15154.872213 -33.055225
9345.112747 15154.872213 -31.809128
9395.112747 15154.872213 -30.541954
9445.112747 15154.872213 -29.245396
9495.112747 15154.872213 -27.922235
9545.112747 15154.872213 -26.561361
9595.112747 15154.872213 -25.142288
9645.112747 15154.872213 -23.674616
9695.112747 15154.872213 -22.199743
9745.112747 15154.872213 -20.722910
9795.112747 15154.872213 -19.308006
9845.112747 15154.872213 -17.946819
9895.112747 15154.872213 -16.682384
9945.112747 15154.872213 -15.496634
9995.112747 15154.872213 -14.378415
10045.112747 15154.872213 -13.277662
10095.112747 15154.872213 -12.147006
10145.112747 15154.872213 -10.983826
10195.112747 15154.872213 -9.793914
10245.112747 15154.872213 -8.583951
10295.112747 15154.872213 -7.370363
10345.112747 15154.872213 -6.148566
10395.112747 15154.872213 -4.936096
10445.112747 15154.872213 -3.730982
10495.112747 15154.872213 -2.529586
10545.112747 15154.872213 -1.355104
10595.112747 15154.872213 -0.200534
10645.112747 15154.872213 0.926883
10695.112747 15154.872213 2.023314
10745.112747 15154.872213 3.073465
10795.112747 15154.872213 4.055448
10845.112747 15154.872213 4.964585
10895.112747 15154.872213 5.776585
10945.112747 15154.872213 6.502920
10995.112747 15154.872213 7.183783
11045.112747 15154.872213 7.828205
11095.112747 15154.872213 8.400017
11145.112747 15154.872213 8.896912
11195.112747 15154.872213 9.249774
11245.112747 15154.872213 9.479971
11295.112747 15154.872213 9.573001
11345.112747 15154.872213 9.539311
11395.112747 15154.872213 9.362803
11445.112747 15154.872213 9.089749
11495.112747 15154.872213 8.706621
11545.112747 15154.872213 8.194130
11595.112747 15154.872213 7.515504
11645.112747 15154.872213 6.682771
11695.112747 15154.872213 5.662443
11745.112747 15154.872213 4.517584
11795.112747 15154.872213 3.265095
11845.112747 15154.872213 1.962795
11895.112747 15154.872213 0.652253
11945.112747 15154.872213 -0.596446
11995.112747 15154.872213 -1.766709
12045.112747 15154.872213 -2.861951
12095.112747 15154.872213 -3.872588
12145.112747 15154.872213 -4.798697
12195.112747 15154.872213 -5.679152
12245.112747 15154.872213 -6.544617
12295.112747 15154.872213 -7.422581
12345.112747 15154.872213 -8.321248
12395.112747 15154.872213 -9.262906
12445.112747 15154.872213 -10.211943
12495.112747 15154.872213 -11.095253
12545.112747 15154.872213 -11.847580
12595.112747 15154.872213 -12.420611
12645.112747 15154.872213 -12.805819
12695.112747 15154.872213 -13.044677
12745.112747 15154.872213 -13.158767
12795.112747 15154.872213 -13.195375
12845.112747 15154.872213 -13.197665
12895.112747 15154.872213 -13.206781
12945.112747 15154.872213 -13.232882
12995.112747 15154.872213 -13.247684
13045.112747 15154.872213 -13.208471
13095.112747 15154.872213 -13.047533
13145.112747 15154.872213 -12.728678
13195.112747 15154.872213 -12.217293
13245.112747 15154.872213 -11.516176
13295.112747 15154.872213 -10.689687
13345.112747 15154.872213 -9.748166
13395.112747 15154.872213 -8.734553
13445.112747 15154.872213 -7.675012
13495.112747 15154.872213 -6.594532
13545.112747 15154.872213 -5.514276
13595.112747 15154.872213 -4.450048
13645.112747 15154.872213 -3.468738
13695.112747 15154.872213 -2.597758
13745.112747 15154.872213 -1.880514
13795.112747 15154.872213 -1.295359
13845.112747 15154.872213 -0.870436
13895.112747 15154.872213 -0.541497
13945.112747 15154.872213 -0.250323
13995.112747 15154.872213 0.026790
6545.112747 15204.872213 -97.592064
6595.112747 15204.872213 -95.693588
6645.112747 15204.872213 -93.794899
6695.112747 15204.872213 -91.979752
6745.112747 15204.872213 -90.254242
6795.112747 15204.872213 -88.610245
6845.112747 15204.872213 -87.000397
6895.112747 15204.872213 -85.407585
6945.112747 15204.872213 -83.782158
6995.112747 15204.872213 -82.133881
7045.112747 15204.872213 -80.476265
7095.112747 15204.872213 -78.858032
7145.112747 15204.872213 -77.311821
7195.112747 15204.872213 -75.860779
7245.112747 15204.872213 -74.512878
7295.112747 15204.872213 -73.267929
7345.112747 15204.872213 -72.097626
7395.112747 15204.872213 -71.000557
7445.112747 15204.872213 -69.963226
7495.112747 15204.872213 -68.999130
7545.112747 15204.872213 -68.090340
7595.112747 15204.872213 -67.156654
7645.112747 15204.872213 -66.153328
7695.112747 15204.872213 -65.044426
7745.112747 15204.872213 -63.805752
7795.112747 15204.872213 -62.436867
7845.112747 15204.872213 -60.974350
7895.112747 15204.872213 -59.436935
7945.112747 15204.872213 -57.852791
7995.112747 15204.872213 -56.259220
8045.112747 15204.872213 -54.693047
8095.112747 15204.872213 -53.162613
8145.112747 15204.872213 -51.705109
8195.112747 15204.872213 -50.350956
8245.112747 15204.872213 -49.100060
8295.112747 15204.872213 -48.006432
8345.112747 15204.872213 -47.100800
8395.112747 15204.872213 -46.316872
8445.112747 15204.872213 -45.648132
8495.112747 15204.872213 -45.062222
8545.112747 15204.872213 -44.548492
8595.112747 15204.872213 -44.104580
8645.112747 15204.872213 -43.698505
8695.112747 15204.872213 -43.343777
8745.112747 15204.872213 -43.065815
8795.112747 15204.872213 -42.865078
8845.112747 15204.872213 -42.715286
8895.112747 15204.872213 -42.547043
8945.112747 15204.872213 -42.307560
8995.112747 15204.872213 -41.950401
9045.112747 15204.872213 -41.423401
9095.112747 15204.872213 -40.704414
9145.112747 15204.872213 -39.833992
9195.112747 15204.872213 -38.824532
9245.112747 15204.872213 -37.722015
9295.112747 15204.872213 -36.560932
9345.112747 15204.872213 -35.308350
9395.112747 15204.872213 -33.923626
9445.112747 15204.872213 -32.452686
9495.112747 15204.872213 -30.918489
9545.112747 15204.872213 -29.312210
9595.112747 15204.872213 -27.620668
9645.112747 15204.872213 -25.842884
9695.112747 15204.872213 -24.027212
9745.112747 15204.872213 -22.253223
9795.112747 15204.872213 -20.546385
9845.112747 15204.872213 -18.977283
9895.112747 15204.872213 -17.532612
9945.112747 15204.872213 -16.212372
9995.112747 15204.872213 -14.980882
10045.112747 15204.872213 -13.787602
10095.112747 15204.872213 -12.573673
10145.112747 15204.872213 -11.272516
10195.112747 15204.872213 -9.888152
10245.112747 15204.872213 -8.438918
10295.112747 15204.872213 -6.948773
10345.112747 15204.872213 -5.489574
10395.112747 15204.872213 -4.072703
10445.112747 15204.872213 -2.696622
10495.112747 15204.872213 -1.375691
10545.112747 15204.872213 -0.086244
10595.112747 15204.872213 1.216231
10645.112747 15204.872213 2.519141
10695.112747 15204.872213 3.762799
10745.112747 15204.872213 4.912793
10795.112747 15204.872213 5.992394
10845.112747 15204.872213 7.006885
10895.112747 15204.872213 7.970856
10945.112747 15204.872213 8.858481
10995.112747 15204.872213 9.662254
11045.112747 15204.872213 10.404379
11095.112747 15204.872213 11.123238
11145.112747 15204.872213 11.791367
11195.112747 15204.872213 12.368634
11245.112747 15204.872213 12.757010
11295.112747 15204.872213 12.949386
11345.112747 15204.872213 12.981140
11395.112747 15204.872213 12.899388
11445.112747 15204.872213 12.675446
11495.112747 15204.872213 12.268430
11545.112747 15204.872213 11.639420
11595.112747 15204.872213 10.779065
11645.112747 15204.872213 9.706483
11695.112747 15204.872213 8.463218
11745.112747 15204.872213 7.067853
11795.112747 15204.872213 5.560427
11845.112747 15204.872213 4.007765
11895.112747 15204.872213 2.525671
11945.112747 15204.872213 1.210237
11995.112747 15204.872213 0.070609
12045.112747 15204.872213 -0.967688
12095.112747 15204.872213 -1.974268
12145.112747 15204.872213 -2.987108
12195.112747 15204.872213 -3.998893
12245.112747 15204.872213 -5.011425
12295.112747 15204.872213 -6.028480
12345.112747 15204.872213 -7.090157
12395.112747 15204.872213 -8.193916
12445.112747 15204.872213 -9.361063
12495.112747 15204.872213 -10.512079
12545.112747 15204.872213 -11.517488
12595.112747 15204.872213 -12.282491
12645.112747 15204.872213 -12.773305
12695.112747 15204.872213 -13.045365
12745.112747 15204.872213 -13.219576
12795.112747 15204.872213 -13.342738
12845.112747 15204.872213 -13.474355
12895.112747 15204.872213 -13.634797
12945.112747 15204.872213 -13.817766
12995.112747 15204.872213 -13.968304
13045.112747 15204.872213 -14.012939
13095.112747 15204.872213 -13.890263
13145.112747 15204.872213 -13.534972
13195.112747 15204.872213 -12.950262
13245.112747 15204.872213 -12.154425
13295.112747 15204.872213 -11.155954
13345.112747 15204.872213 -10.004846
13395.112747 15204.872213 -8.717353
13445.112747 15204.872213 -7.330119
13495.112747 15204.872213 -5.946330
13545.112747 15204.872213 -4.640322
13595.112747 15204.872213 -3.459954
13645.112747 15204.872213 -2.427555
13695.112747 15204.872213 -1.585567
13745.112747 15204.872213 -0.950845
13795.112747 15204.872213 -0.539550
13845.112747 15204.872213 -0.275555
13895.112747 15204.872213 -0.123757
13945.112747 15204.872213 -0.044382
13995.112747 15204.872213 -0.000000