12578.15538 9603.05778 82.833153
12628.15538 9603.05778 77.325966
12678.15538 9603.05778 71.810692
12728.15538 9603.05778 66.285614
12778.15538 9603.05778 60.805668
12828.15538 9603.05778 55.395733
12878.15538 9603.05778 50.064751
12928.15538 9603.05778 44.828903
12978.15538 9603.05778 39.693798
13028.15538 9603.05778 34.684776
13078.15538 9603.05778 29.794733
13128.15538 9603.05778 24.986616
13178.15538 9603.05778 20.261469
13228.15538 9603.05778 15.659748
13278.15538 9603.05778 11.211718
13328.15538 9603.05778 6.965894
13378.15538 9603.05778 3.02142
13428.15538 9603.05778 -0.554481
13478.15538 9603.05778 -3.735741
13528.15538 9603.05778 -6.495917
13578.15538 9603.05778 -8.765553
13628.15538 9603.05778 -10.491536
13678.15538 9603.05778 -11.63363
13728.15538 9603.05778 -12.236017
13778.15538 9603.05778 -12.319063
13828.15538 9603.05778 -11.899371
13878.15538 9603.05778 -10.978956
13928.15538 9603.05778 -9.643942
13978.15538 9603.05778 -8.000816
14028.15538 9603.05778 -6.154338
14078.15538 9603.05778 -4.216907
14128.15538 9603.05778 -2.352493
14178.15538 9603.05778 -0.81282
14228.15538 9603.05778 -2.7e-05
14278.15538 9603.05778 -0.552357
14328.15538 9603.05778 -1.894227
14378.15538 9603.05778 -3.699952
14428.15538 9603.05778 -5.677744
14478.15538 9603.05778 -7.629818
14528.15538 9603.05778 -9.436363
14578.15538 9603.05778 -11.070961
14628.15538 9603.05778 -12.505337
14678.15538 9603.05778 -13.684812
14728.15538 9603.05778 -14.620685
14778.15538 9603.05778 -15.266982
14828.15538 9603.05778 -15.543375
14878.15538 9603.05778 -15.430673
14928.15538 9603.05778 -14.9542
14978.15538 9603.05778 -14.141846
15028.15538 9603.05778 -12.979545
15078.15538 9603.05778 -11.497489
15128.15538 9603.05778 -9.771523
15178.15538 9603.05778 -7.831044
15228.15538 9603.05778 -5.697437
15278.15538 9603.05778 -3.407392
15328.15538 9603.05778 -1.055581
15378.15538 9603.05778 1.295573
15428.15538 9603.05778 3.618619
15478.15538 9603.05778 5.871816
15528.15538 9603.05778 7.981154
15578.15538 9603.05778 9.900892
15628.15538 9603.05778 11.580826
15678.15538 9603.05778 13.021856
15728.15538 9603.05778 14.30429
15778.15538 9603.05778 15.475374
15828.15538 9603.05778 16.548832
15878.15538 9603.05778 17.554657
15928.15538 9603.05778 18.499987
15978.15538 9603.05778 19.423401
16028.15538 9603.05778 20.346706
12578.15538 9653.05778 76.123871
12628.15538 9653.05778 71.505829
12678.15538 9653.05778 66.894501
12728.15538 9653.05778 62.293694
12778.15538 9653.05778 57.715149
12828.15538 9653.05778 53.185604
12878.15538 9653.05778 48.714104
12928.15538 9653.05778 44.318035
12978.15538 9653.05778 40.012154
13028.15538 9653.05778 35.804714
13078.15538 9653.05778 31.673996
13128.15538 9653.05778 27.590651
13178.15538 9653.05778 23.56908
13228.15538 9653.05778 19.624607
13278.15538 9653.05778 15.824831
13328.15538 9653.05778 12.18349
13378.15538 9653.05778 8.742686
13428.15538 9653.05778 5.57759
13478.15538 9653.05778 2.733876
13528.15538 9653.05778 0.27504
13578.15538 9653.05778 -1.749246
13628.15538 9653.05778 -3.284639
13678.15538 9653.05778 -4.351612
13728.15538 9653.05778 -4.963036
13778.15538 9653.05778 -5.135538
13828.15538 9653.05778 -4.864974
13878.15538 9653.05778 -4.228542
13928.15538 9653.05778 -3.283806
13978.15538 9653.05778 -2.113395
14028.15538 9653.05778 -0.805588
14078.15538 9653.05778 0.515895
14128.15538 9653.05778 1.695383
14178.15538 9653.05778 2.504735
14228.15538 9653.05778 2.718146
14278.15538 9653.05778 2.176125
14328.15538 9653.05778 1.025302
14378.15538 9653.05778 -0.534608
14428.15538 9653.05778 -2.299742
14478.15538 9653.05778 -4.11836
14528.15538 9653.05778 -5.898503
14578.15538 9653.05778 -7.553252
14628.15538 9653.05778 -9.056898
14678.15538 9653.05778 -10.372506
14728.15538 9653.05778 -11.474534
14778.15538 9653.05778 -12.308416
14828.15538 9653.05778 -12.835912
14878.15538 9653.05778 -13.035965
14928.15538 9653.05778 -12.907211
14978.15538 9653.05778 -12.432761
15028.15538 9653.05778 -11.610172
15078.15538 9653.05778 -10.473658
15128.15538 9653.05778 -9.076908
15178.15538 9653.05778 -7.464878
15228.15538 9653.05778 -5.667905
15278.15538 9653.05778 -3.730085
15328.15538 9653.05778 -1.69141
15378.15538 9653.05778 0.381415
15428.15538 9653.05778 2.452116
15478.15538 9653.05778 4.466059
15528.15538 9653.05778 6.365302
15578.15538 9653.05778 8.096105
15628.15538 9653.05778 9.641348
15678.15538 9653.05778 11.01158
15728.15538 9653.05778 12.237467
15778.15538 9653.05778 13.335219
15828.15538 9653.05778 14.359131
15878.15538 9653.05778 15.339938
15928.15538 9653.05778 16.289665
15978.15538 9653.05778 17.208498
16028.15538 9653.05778 18.128967
12578.15538 9703.05778 69.460815
12628.15538 9703.05778 65.743401
12678.15538 9703.05778 62.029552
12728.15538 9703.05778 58.321098
12778.15538 9703.05778 54.627716
12828.15538 9703.05778 50.982235
12878.15538 9703.05778 47.373096
12928.15538 9703.05778 43.816734
12978.15538 9703.05778 40.328701
13028.15538 9703.05778 36.900784
13078.15538 9703.05778 33.523464
13128.15538 9703.05778 30.183443
13178.15538 9703.05778 26.864668
13228.15538 9703.05778 23.604605
13278.15538 9703.05778 20.427183
13328.15538 9703.05778 17.372295
13378.15538 9703.05778 14.449965
13428.15538 9703.05778 11.714765
13478.15538 9703.05778 9.233092
13528.15538 9703.05778 7.072769
13578.15538 9703.05778 5.296442
13628.15538 9703.05778 3.909026
13678.15538 9703.05778 2.910706
13728.15538 9703.05778 2.293834
13778.15538 9703.05778 2.051562
13828.15538 9703.05778 2.159352
13878.15538 9703.05778 2.526451
13928.15538 9703.05778 3.099366
13978.15538 9703.05778 3.803731
14028.15538 9703.05778 4.568861
14078.15538 9703.05778 5.283676
14128.15538 9703.05778 5.823892
14178.15538 9703.05778 6.041029
14228.15538 9703.05778 5.815997
14278.15538 9703.05778 5.152845
14328.15538 9703.05778 4.079086
14378.15538 9703.05778 2.687169
14428.15538 9703.05778 1.088622
14478.15538 9703.05778 -0.620783
14528.15538 9703.05778 -2.357223
14578.15538 9703.05778 -4.042419
14628.15538 9703.05778 -5.623138
14678.15538 9703.05778 -7.066617
14728.15538 9703.05778 -8.322905
14778.15538 9703.05778 -9.36701
14828.15538 9703.05778 -10.146149
14878.15538 9703.05778 -10.654403
14928.15538 9703.05778 -10.857455
14978.15538 9703.05778 -10.714756
15028.15538 9703.05778 -10.231254
15078.15538 9703.05778 -9.446427
15128.15538 9703.05778 -8.391299
15178.15538 9703.05778 -7.12028
15228.15538 9703.05778 -5.654602
15278.15538 9703.05778 -4.043408
15328.15538 9703.05778 -2.316664
15378.15538 9703.05778 -0.515589
15428.15538 9703.05778 1.295266
15478.15538 9703.05778 3.059052
15528.15538 9703.05778 4.731446
15578.15538 9703.05778 6.278067
15628.15538 9703.05778 7.698716
15678.15538 9703.05778 8.988085
15728.15538 9703.05778 10.145313
15778.15538 9703.05778 11.193384
15828.15538 9703.05778 12.165648
15878.15538 9703.05778 13.110641
15928.15538 9703.05778 14.040802
15978.15538 9703.05778 14.968379
16028.15538 9703.05778 15.879095
12578.15538 9753.05778 62.923332
12628.15538 9753.05778 60.097748
12678.15538 9753.05778 57.269722
12728.15538 9753.05778 54.43351
12778.15538 9753.05778 51.620056
12828.15538 9753.05778 48.835663
12878.15538 9753.05778 46.088772
12928.15538 9753.05778 43.368462
12978.15538 9753.05778 40.676491
13028.15538 9753.05778 38.014423
13078.15538 9753.05778 35.381889
13128.15538 9753.05778 32.767868
13178.15538 9753.05778 30.166136
13228.15538 9753.05778 27.583788
13278.15538 9753.05778 25.038002
13328.15538 9753.05778 22.548777
13378.15538 9753.05778 20.147705
13428.15538 9753.05778 17.864117
13478.15538 9753.05778 15.757224
13528.15538 9753.05778 13.902504
13578.15538 9753.05778 12.352239
13628.15538 9753.05778 11.091946
13678.15538 9753.05778 10.157359
13728.15538 9753.05778 9.542876
13778.15538 9753.05778 9.230687
13828.15538 9753.05778 9.168885
13878.15538 9753.05778 9.284679
13928.15538 9753.05778 9.493806
13978.15538 9753.05778 9.755705
14028.15538 9753.05778 9.990256
14078.15538 9753.05778 10.147678
14128.15538 9753.05778 10.154875
14178.15538 9753.05778 9.911496
14228.15538 9753.05778 9.357137
14278.15538 9753.05778 8.507164
14328.15538 9753.05778 7.394595
14378.15538 9753.05778 6.055715
14428.15538 9753.05778 4.546765
14478.15538 9753.05778 2.912789
14528.15538 9753.05778 1.204427
14578.15538 9753.05778 -0.512069
14628.15538 9753.05778 -2.180996
14678.15538 9753.05778 -3.754163
14728.15538 9753.05778 -5.18108
14778.15538 9753.05778 -6.430937
14828.15538 9753.05778 -7.473319
14878.15538 9753.05778 -8.277742
14928.15538 9753.05778 -8.788108
14978.15538 9753.05778 -8.979422
15028.15538 9753.05778 -8.843097
15078.15538 9753.05778 -8.413508
15128.15538 9753.05778 -7.719525
15178.15538 9753.05778 -6.789152
15228.15538 9753.05778 -5.664984
15278.15538 9753.05778 -4.359752
15328.15538 9753.05778 -2.924182
15378.15538 9753.05778 -1.396528
15428.15538 9753.05778 0.146278
15478.15538 9753.05778 1.651757
15528.15538 9753.05778 3.088446
15578.15538 9753.05778 4.450392
15628.15538 9753.05778 5.734625
15678.15538 9753.05778 6.931848
15728.15538 9753.05778 8.017901
15778.15538 9753.05778 9.002619
15828.15538 9753.05778 9.942566
15878.15538 9753.05778 10.85124
15928.15538 9753.05778 11.776409
15978.15538 9753.05778 12.694961
16028.15538 9753.05778 13.614401
12578.15538 9803.05778 56.572376
12628.15538 9803.05778 54.611454
12678.15538 9803.05778 52.649555
12728.15538 9803.05778 50.695282
12778.15538 9803.05778 48.756248
12828.15538 9803.05778 46.815632
12878.15538 9803.05778 44.895592
12928.15538 9803.05778 42.983826
12978.15538 9803.05778 41.069706
13028.15538 9803.05778 39.164764
13078.15538 9803.05778 37.273132
13128.15538 9803.05778 35.384895
13178.15538 9803.05778 33.491005
13228.15538 9803.05778 31.595236
13278.15538 9803.05778 29.666733
13328.15538 9803.05778 27.736429
13378.15538 9803.05778 25.830755
13428.15538 9803.05778 24.00297
13478.15538 9803.05778 22.282532
13528.15538 9803.05778 20.741961
13578.15538 9803.05778 19.403667
13628.15538 9803.05778 18.2974
13678.15538 9803.05778 17.4198
13728.15538 9803.05778 16.793427
13778.15538 9803.05778 16.397303
13828.15538 9803.05778 16.166552
13878.15538 9803.05778 16.018663
13928.15538 9803.05778 15.904077
13978.15538 9803.05778 15.746512
14028.15538 9803.05778 15.529877
14078.15538 9803.05778 15.213956
14128.15538 9803.05778 14.775971
14178.15538 9803.05778 14.147835
14228.15538 9803.05778 13.314254
14278.15538 9803.05778 12.273729
14328.15538 9803.05778 11.054286
14378.15538 9803.05778 9.682863
14428.15538 9803.05778 8.171774
14478.15538 9803.05778 6.540214
14528.15538 9803.05778 4.818523
14578.15538 9803.05778 3.062701
14628.15538 9803.05778 1.305039
14678.15538 9803.05778 -0.393981
14728.15538 9803.05778 -1.99821
14778.15538 9803.05778 -3.466586
14828.15538 9803.05778 -4.774883
14878.15538 9803.05778 -5.87395
14928.15538 9803.05778 -6.706169
14978.15538 9803.05778 -7.229058
15028.15538 9803.05778 -7.451419
15078.15538 9803.05778 -7.376027
15128.15538 9803.05778 -7.035819
15178.15538 9803.05778 -6.449987
15228.15538 9803.05778 -5.650595
15278.15538 9803.05778 -4.656041
15328.15538 9803.05778 -3.508227
15378.15538 9803.05778 -2.277849
15428.15538 9803.05778 -1.010556
15478.15538 9803.05778 0.232812
15528.15538 9803.05778 1.438083
15578.15538 9803.05778 2.607962
15628.15538 9803.05778 3.744958
15678.15538 9803.05778 4.824049
15728.15538 9803.05778 5.822903
15778.15538 9803.05778 6.75298
15828.15538 9803.05778 7.653879
15878.15538 9803.05778 8.5363
15928.15538 9803.05778 9.434505
15978.15538 9803.05778 10.363352
16028.15538 9803.05778 11.294569
12578.15538 9853.05778 50.447399
12628.15538 9853.05778 49.339607
12678.15538 9853.05778 48.245792
12728.15538 9853.05778 47.14978
12778.15538 9853.05778 46.0438
12828.15538 9853.05778 44.925018
12878.15538 9853.05778 43.796707
12928.15538 9853.05778 42.658348
12978.15538 9853.05778 41.506908
13028.15538 9853.05778 40.363468
13078.15538 9853.05778 39.214005
13128.15538 9853.05778 38.057472
13178.15538 9853.05778 36.872803
13228.15538 9853.05778 35.62743
13278.15538 9853.05778 34.301041
13328.15538 9853.05778 32.917637
13378.15538 9853.05778 31.517317
13428.15538 9853.05778 30.128567
13478.15538 9853.05778 28.798441
13528.15538 9853.05778 27.566818
13578.15538 9853.05778 26.463585
13628.15538 9853.05778 25.508638
13678.15538 9853.05778 24.705818
13728.15538 9853.05778 24.068611
13778.15538 9853.05778 23.569366
13828.15538 9853.05778 23.147625
13878.15538 9853.05778 22.761908
13928.15538 9853.05778 22.338766
13978.15538 9853.05778 21.844969
14028.15538 9853.05778 21.247818
14078.15538 9853.05778 20.551134
14128.15538 9853.05778 19.735388
14178.15538 9853.05778 18.781294
14228.15538 9853.05778 17.683434
14278.15538 9853.05778 16.454245
14328.15538 9853.05778 15.092609
14378.15538 9853.05778 13.61377
14428.15538 9853.05778 12.028746
14478.15538 9853.05778 10.333276
14528.15538 9853.05778 8.561156
14578.15538 9853.05778 6.733591
14628.15538 9853.05778 4.888468
14678.15538 9853.05778 3.054679
14728.15538 9853.05778 1.272531
14778.15538 9853.05778 -0.432193
14828.15538 9853.05778 -2.025338
14878.15538 9853.05778 -3.447493
14928.15538 9853.05778 -4.602495
14978.15538 9853.05778 -5.482169
15028.15538 9853.05778 -6.037313
15078.15538 9853.05778 -6.308714
15128.15538 9853.05778 -6.312825
15178.15538 9853.05778 -6.063805
15228.15538 9853.05778 -5.58256
15278.15538 9853.05778 -4.907765
15328.15538 9853.05778 -4.092797
15378.15538 9853.05778 -3.173646
15428.15538 9853.05778 -2.201881
15478.15538 9853.05778 -1.216362
15528.15538 9853.05778 -0.230195
15578.15538 9853.05778 0.753429
15628.15538 9853.05778 1.717552
15678.15538 9853.05778 2.653601
15728.15538 9853.05778 3.552838
15778.15538 9853.05778 4.416928
15828.15538 9853.05778 5.267846
15878.15538 9853.05778 6.133836
15928.15538 9853.05778 7.013502
15978.15538 9853.05778 7.929744
16028.15538 9853.05778 8.87687
12578.15538 9903.05778 44.640564
12628.15538 9903.05778 44.366364
12678.15538 9903.05778 44.089142
12728.15538 9903.05778 43.800896
12778.15538 9903.05778 43.491318
12828.15538 9903.05778 43.16256
12878.15538 9903.05778 42.80447
12928.15538 9903.05778 42.403637
12978.15538 9903.05778 42.010155
13028.15538 9903.05778 41.629978
13078.15538 9903.05778 41.230145
13128.15538 9903.05778 40.787781
13178.15538 9903.05778 40.283447
13228.15538 9903.05778 39.662098
13278.15538 9903.05778 38.931541
13328.15538 9903.05778 38.08564
13378.15538 9903.05778 37.188847
13428.15538 9903.05778 36.2416
13478.15538 9903.05778 35.301594
13528.15538 9903.05778 34.385834
13578.15538 9903.05778 33.520283
13628.15538 9903.05778 32.733494
13678.15538 9903.05778 32.015018
13728.15538 9903.05778 31.359543
13778.15538 9903.05778 30.749563
13828.15538 9903.05778 30.154724
13878.15538 9903.05778 29.542583
13928.15538 9903.05778 28.868456
13978.15538 9903.05778 28.080616
14028.15538 9903.05778 27.175842
14078.15538 9903.05778 26.163689
14128.15538 9903.05778 25.044689
14178.15538 9903.05778 23.821661
14228.15538 9903.05778 22.48601
14278.15538 9903.05778 21.045429
14328.15538 9903.05778 19.510342
14378.15538 9903.05778 17.891052
14428.15538 9903.05778 16.181946
14478.15538 9903.05778 14.373188
14528.15538 9903.05778 12.495422
14578.15538 9903.05778 10.559234
14628.15538 9903.05778 8.59437
14678.15538 9903.05778 6.618996
14728.15538 9903.05778 4.637776
14778.15538 9903.05778 2.682301
14828.15538 9903.05778 0.784492
14878.15538 9903.05778 -0.95353
14928.15538 9903.05778 -2.476162
14978.15538 9903.05778 -3.704876
15028.15538 9903.05778 -4.606175
15078.15538 9903.05778 -5.19013
15128.15538 9903.05778 -5.532911
15178.15538 9903.05778 -5.625969
15228.15538 9903.05778 -5.481761
15278.15538 9903.05778 -5.148175
15328.15538 9903.05778 -4.664096
15378.15538 9903.05778 -4.081689
15428.15538 9903.05778 -3.418456
15478.15538 9903.05778 -2.697569
15528.15538 9903.05778 -1.936746
15578.15538 9903.05778 -1.147572
15628.15538 9903.05778 -0.361748
15678.15538 9903.05778 0.412591
15728.15538 9903.05778 1.191191
15778.15538 9903.05778 1.978882
15828.15538 9903.05778 2.782865
15878.15538 9903.05778 3.62885
15928.15538 9903.05778 4.498912
15978.15538 9903.05778 5.410385
16028.15538 9903.05778 6.341775
12578.15538 9953.05778 39.20163
12628.15538 9953.05778 39.689121
12678.15538 9953.05778 40.18475
12728.15538 9953.05778 40.66785
12778.15538 9953.05778 41.122162
12828.15538 9953.05778 41.552303
12878.15538 9953.05778 41.931664
12928.15538 9953.05778 42.26141
12978.15538 9953.05778 42.594246
13028.15538 9953.05778 42.969879
13078.15538 9953.05778 43.320099
13128.15538 9953.05778 43.573235
13178.15538 9953.05778 43.69788
13228.15538 9953.05778 43.687515
13278.15538 9953.05778 43.52882
13328.15538 9953.05778 43.241714
13378.15538 9953.05778 42.832924
13428.15538 9953.05778 42.334709
13478.15538 9953.05778 41.766468
13528.15538 9953.05778 41.172935
13578.15538 9953.05778 40.569088
13628.15538 9953.05778 39.964703
13678.15538 9953.05778 39.343933
13728.15538 9953.05778 38.679211
13778.15538 9953.05778 37.979912
13828.15538 9953.05778 37.22662
13878.15538 9953.05778 36.427273
13928.15538 9953.05778 35.525208
13978.15538 9953.05778 34.486691
14028.15538 9953.05778 33.336617
14078.15538 9953.05778 32.081444
14128.15538 9953.05778 30.720276
14178.15538 9953.05778 29.263605
14228.15538 9953.05778 27.710505
14278.15538 9953.05778 26.060221
14328.15538 9953.05778 24.327269
14378.15538 9953.05778 22.532024
14428.15538 9953.05778 20.655821
14478.15538 9953.05778 18.70611
14528.15538 9953.05778 16.67305
14578.15538 9953.05778 14.590306
14628.15538 9953.05778 12.460179
14678.15538 9953.05778 10.293121
14728.15538 9953.05778 8.090653
14778.15538 9953.05778 5.873021
14828.15538 9953.05778 3.682836
14878.15538 9953.05778 1.607032
14928.15538 9953.05778 -0.283679
14978.15538 9953.05778 -1.885677
15028.15538 9953.05778 -3.11295
15078.15538 9953.05778 -4.029658
15128.15538 9953.05778 -4.696226
15178.15538 9953.05778 -5.140105
15228.15538 9953.05778 -5.361259
15278.15538 9953.05778 -5.382341
15328.15538 9953.05778 -5.255463
15378.15538 9953.05778 -5.012207
15428.15538 9953.05778 -4.65891
15478.15538 9953.05778 -4.213046
15528.15538 9953.05778 -3.685528
15578.15538 9953.05778 -3.113492
15628.15538 9953.05778 -2.519913
15678.15538 9953.05778 -1.905408
15728.15538 9953.05778 -1.254625
15778.15538 9953.05778 -0.561863
15828.15538 9953.05778 0.193107
15878.15538 9953.05778 1.007606
15928.15538 9953.05778 1.869071
15978.15538 9953.05778 2.776035
16028.15538 9953.05778 3.685042
12578.15538 10003.05778 34.137123
12628.15538 10003.05778 35.335804
12678.15538 10003.05778 36.543968
12728.15538 10003.05778 37.744942
12778.15538 10003.05778 38.93832
12828.15538 10003.05778 40.097054
12878.15538 10003.05778 41.193336
12928.15538 10003.05778 42.236465
12978.15538 10003.05778 43.261841
13028.15538 10003.05778 44.377277
13078.15538 10003.05778 45.430882
13128.15538 10003.05778 46.344543
13178.15538 10003.05778 47.095177
13228.15538 10003.05778 47.679996
13278.15538 10003.05778 48.103279
13328.15538 10003.05778 48.347206
13378.15538 10003.05778 48.437325
13428.15538 10003.05778 48.362553
13478.15538 10003.05778 48.185913
13528.15538 10003.05778 47.917892
13578.15538 10003.05778 47.597092
13628.15538 10003.05778 47.18927
13678.15538 10003.05778 46.682777
13728.15538 10003.05778 46.045097
13778.15538 10003.05778 45.283623
13828.15538 10003.05778 44.416313
13878.15538 10003.05778 43.440231
13928.15538 10003.05778 42.339718
13978.15538 10003.05778 41.107452
14028.15538 10003.05778 39.764366
14078.15538 10003.05778 38.315319
14128.15538 10003.05778 36.759289
14178.15538 10003.05778 35.10178
14228.15538 10003.05778 33.351025
14278.15538 10003.05778 31.49803
14328.15538 10003.05778 29.551186
14378.15538 10003.05778 27.549572
14428.15538 10003.05778 25.480703
14478.15538 10003.05778 23.332874
14528.15538 10003.05778 21.126268
14578.15538 10003.05778 18.842421
14628.15538 10003.05778 16.490845
14678.15538 10003.05778 14.080521
14728.15538 10003.05778 11.622971
14778.15538 10003.05778 9.126819
14828.15538 10003.05778 6.650544
14878.15538 10003.05778 4.245949
14928.15538 10003.05778 1.999029
14978.15538 10003.05778 -0.0
15028.15538 10003.05778 -1.549605
15078.15538 10003.05778 -2.815347
15128.15538 10003.05778 -3.845836
15178.15538 10003.05778 -4.653317
15228.15538 10003.05778 -5.244933
15278.15538 10003.05778 -5.645902
15328.15538 10003.05778 -5.882265
15378.15538 10003.05778 -5.981112
15428.15538 10003.05778 -5.934787
15478.15538 10003.05778 -5.761046
15528.15538 10003.05778 -5.501185
15578.15538 10003.05778 -5.158051
15628.15538 10003.05778 -4.753224
15678.15538 10003.05778 -4.300228
15728.15538 10003.05778 -3.789533
15778.15538 10003.05778 -3.191078
15828.15538 10003.05778 -2.512452
15878.15538 10003.05778 -1.747777
15928.15538 10003.05778 -0.90408
15978.15538 10003.05778 -0.0
16028.15538 10003.05778 0.856891
12578.15538 10053.05778 29.435631
12628.15538 10053.05778 31.29883
12678.15538 10053.05778 33.164349
12728.15538 10053.05778 35.044842
12778.15538 10053.05778 36.924316
12828.15538 10053.05778 38.772816
12878.15538 10053.05778 40.566528
12928.15538 10053.05778 42.329632
12978.15538 10053.05778 44.071022
13028.15538 10053.05778 45.806358
13078.15538 10053.05778 47.482582
13128.15538 10053.05778 49.040646
13178.15538 10053.05778 50.421692
13228.15538 10053.05778 51.621895
13278.15538 10053.05778 52.609875
13328.15538 10053.05778 53.386761
13378.15538 10053.05778 53.943233
13428.15538 10053.05778 54.323853
13478.15538 10053.05778 54.533955
13528.15538 10053.05778 54.624657
13578.15538 10053.05778 54.583569
13628.15538 10053.05778 54.395058
13678.15538 10053.05778 54.017067
13728.15538 10053.05778 53.448872
13778.15538 10053.05778 52.674835
13828.15538 10053.05778 51.714516
13878.15538 10053.05778 50.607307
13928.15538 10053.05778 49.360355
13978.15538 10053.05778 47.990322
14028.15538 10053.05778 46.499924
14078.15538 10053.05778 44.883968
14128.15538 10053.05778 43.149475
14178.15538 10053.05778 41.314831
14228.15538 10053.05778 39.36948
14278.15538 10053.05778 37.315327
14328.15538 10053.05778 35.171234
14378.15538 10053.05778 32.953297
14428.15538 10053.05778 30.662004
14478.15538 10053.05778 28.287308
14528.15538 10053.05778 25.835127
14578.15538 10053.05778 23.297295
14628.15538 10053.05778 20.664972
14678.15538 10053.05778 17.969391
14728.15538 10053.05778 15.211003
14778.15538 10053.05778 12.430159
14828.15538 10053.05778 9.652867
14878.15538 10053.05778 6.942755
14928.15538 10053.05778 4.388011
14978.15538 10053.05778 2.068011
15028.15538 10053.05778 0.086134
15078.15538 10053.05778 -1.589329
15128.15538 10053.05778 -3.008728
15178.15538 10053.05778 -4.201389
15228.15538 10053.05778 -5.177032
15278.15538 10053.05778 -5.958593
15328.15538 10053.05778 -6.567542
15378.15538 10053.05778 -7.007846
15428.15538 10053.05778 -7.264537
15478.15538 10053.05778 -7.380594
15528.15538 10053.05778 -7.373156
15578.15538 10053.05778 -7.262652
15628.15538 10053.05778 -7.060928
15678.15538 10053.05778 -6.78178
15728.15538 10053.05778 -6.408702
15778.15538 10053.05778 -5.922986
15828.15538 10053.05778 -5.323024
15878.15538 10053.05778 -4.618903
15928.15538 10053.05778 -3.83804
15978.15538 10053.05778 -3.012277
16028.15538 10053.05778 -2.181979
12578.15538 10103.05778 25.055506
12628.15538 10103.05778 27.546181
12678.15538 10103.05778 30.036188
12728.15538 10103.05778 32.539497
12778.15538 10103.05778 35.053333
12828.15538 10103.05778 37.556381
12878.15538 10103.05778 40.008465
12928.15538 10103.05778 42.43578
12978.15538 10103.05778 44.836029
13028.15538 10103.05778 47.184574
13078.15538 10103.05778 49.461067
13128.15538 10103.05778 51.629868
13178.15538 10103.05778 53.634888
13228.15538 10103.05778 55.435448
13278.15538 10103.05778 56.989822
13328.15538 10103.05778 58.278919
13378.15538 10103.05778 59.334114
13428.15538 10103.05778 60.168602
13478.15538 10103.05778 60.814083
13528.15538 10103.05778 61.272717
13578.15538 10103.05778 61.524067
13628.15538 10103.05778 61.559673
13678.15538 10103.05778 61.354641
13728.15538 10103.05778 60.880207
13778.15538 10103.05778 60.134224
13828.15538 10103.05778 59.151634
13878.15538 10103.05778 57.973484
13928.15538 10103.05778 56.641769
13978.15538 10103.05778 55.173908
14028.15538 10103.05778 53.554447
14078.15538 10103.05778 51.804382
14128.15538 10103.05778 49.917313
14178.15538 10103.05778 47.904648
14228.15538 10103.05778 45.764378
14278.15538 10103.05778 43.500004
14328.15538 10103.05778 41.142864
14378.15538 10103.05778 38.69902
14428.15538 10103.05778 36.16563
14478.15538 10103.05778 33.530827
14528.15538 10103.05778 30.787771
14578.15538 10103.05778 27.926577
14628.15538 10103.05778 24.979652
14678.15538 10103.05778 21.952806
14728.15538 10103.05778 18.869213
14778.15538 10103.05778 15.746984
14828.15538 10103.05778 12.660526
14878.15538 10103.05778 9.648877
14928.15538 10103.05778 6.774619
14978.15538 10103.05778 4.097162
15028.15538 10103.05778 1.687886
15078.15538 10103.05778 -0.412509
15128.15538 10103.05778 -2.228489
15178.15538 10103.05778 -3.812268
15228.15538 10103.05778 -5.183719
15278.15538 10103.05778 -6.348621
15328.15538 10103.05778 -7.315916
15378.15538 10103.05778 -8.096309
15428.15538 10103.05778 -8.672813
15478.15538 10103.05778 -9.061514
15528.15538 10103.05778 -9.318497
15578.15538 10103.05778 -9.433683
15628.15538 10103.05778 -9.42665
15678.15538 10103.05778 -9.328648
15728.15538 10103.05778 -9.108449
15778.15538 10103.05778 -8.74202
15828.15538 10103.05778 -8.233643
15878.15538 10103.05778 -7.604946
15928.15538 10103.05778 -6.913417
15978.15538 10103.05778 -6.166908
16028.15538 10103.05778 -5.396709
12578.15538 10153.05778 20.980623
12628.15538 10153.05778 24.057707
12678.15538 10153.05778 27.123318
12728.15538 10153.05778 30.203369
12778.15538 10153.05778 33.302002
12828.15538 10153.05778 36.395405
12878.15538 10153.05778 39.481956
12928.15538 10153.05778 42.526905
12978.15538 10153.05778 45.522369
13028.15538 10153.05778 48.461178
13078.15538 10153.05778 51.334976
13128.15538 10153.05778 54.084751
13178.15538 10153.05778 56.68071
13228.15538 10153.05778 59.055973
13278.15538 10153.05778 61.159332
13328.15538 10153.05778 62.999851
13378.15538 10153.05778 64.576553
13428.15538 10153.05778 65.909653
13478.15538 10153.05778 66.990379
13528.15538 10153.05778 67.817566
13578.15538 10153.05778 68.395966
13628.15538 10153.05778 68.686241
13678.15538 10153.05778 68.672531
13728.15538 10153.05778 68.340942
13778.15538 10153.05778 67.682358
13828.15538 10153.05778 66.738106
13878.15538 10153.05778 65.561852
13928.15538 10153.05778 64.201263
13978.15538 10153.05778 62.65173
14028.15538 10153.05778 60.950054
14078.15538 10153.05778 59.078487
14128.15538 10153.05778 57.055935
14178.15538 10153.05778 54.863815
14228.15538 10153.05778 52.520287
14278.15538 10153.05778 50.040379
14328.15538 10153.05778 47.444443
14378.15538 10153.05778 44.735428
14428.15538 10153.05778 41.931629
14478.15538 10153.05778 39.003666
14528.15538 10153.05778 35.928223
14578.15538 10153.05778 32.736538
14628.15538 10153.05778 29.423532
14678.15538 10153.05778 26.036779
14728.15538 10153.05778 22.570011
14778.15538 10153.05778 19.084097
14828.15538 10153.05778 15.64387
14878.15538 10153.05778 12.294559
14928.15538 10153.05778 9.064717
14978.15538 10153.05778 6.011892
15028.15538 10153.05778 3.207707
15078.15538 10153.05778 0.676467
15128.15538 10153.05778 -1.56484
15178.15538 10153.05778 -3.538991
15228.15538 10153.05778 -5.289901
15278.15538 10153.05778 -6.824099
15328.15538 10153.05778 -8.144021
15378.15538 10153.05778 -9.258967
15428.15538 10153.05778 -10.139636
15478.15538 10153.05778 -10.815866
15528.15538 10153.05778 -11.313591
15578.15538 10153.05778 -11.659036
15628.15538 10153.05778 -11.866741
15678.15538 10153.05778 -11.933943
15728.15538 10153.05778 -11.862533
15778.15538 10153.05778 -11.626061
15828.15538 10153.05778 -11.219167
15878.15538 10153.05778 -10.704906
15928.15538 10153.05778 -10.095223
15978.15538 10153.05778 -9.434037
16028.15538 10153.05778 -8.736025
12578.15538 10203.05778 17.187017
12628.15538 10203.05778 20.798449
12678.15538 10203.05778 24.409639
12728.15538 10203.05778 28.032461
12778.15538 10203.05778 31.654615
12828.15538 10203.05778 35.294407
12878.15538 10203.05778 38.949596
12928.15538 10203.05778 42.56908
12978.15538 10203.05778 46.133072
13028.15538 10203.05778 49.638527
13078.15538 10203.05778 53.06871
13128.15538 10203.05778 56.374332
13178.15538 10203.05778 59.522579
13228.15538 10203.05778 62.457649
13278.15538 10203.05778 65.129234
13328.15538 10203.05778 67.536377
13378.15538 10203.05778 69.655632
13428.15538 10203.05778 71.485344
13478.15538 10203.05778 73.012756
13528.15538 10203.05778 74.238228
13578.15538 10203.05778 75.165497
13628.15538 10203.05778 75.747383
13678.15538 10203.05778 75.979477
13728.15538 10203.05778 75.846329
13778.15538 10203.05778 75.34082
13828.15538 10203.05778 74.510132
13878.15538 10203.05778 73.396332
13928.15538 10203.05778 72.027588
13978.15538 10203.05778 70.453514
14028.15538 10203.05778 68.672478
14078.15538 10203.05778 66.709404
14128.15538 10203.05778 64.538887
14178.15538 10203.05778 62.174767
14228.15538 10203.05778 59.612629
14278.15538 10203.05778 56.897861
14328.15538 10203.05778 54.031059
14378.15538 10203.05778 51.042419
14428.15538 10203.05778 47.917377
14478.15538 10203.05778 44.643074
14528.15538 10203.05778 41.215721
14578.15538 10203.05778 37.648247
14628.15538 10203.05778 33.962524
14678.15538 10203.05778 30.166456
14728.15538 10203.05778 26.302362
14778.15538 10203.05778 22.407869
14828.15538 10203.05778 18.563778
14878.15538 10203.05778 14.80641
14928.15538 10203.05778 11.179745
14978.15538 10203.05778 7.752419
15028.15538 10203.05778 4.560494
15078.15538 10203.05778 1.630483
15128.15538 10203.05778 -1.032034
15178.15538 10203.05778 -3.403086
15228.15538 10203.05778 -5.520939
15278.15538 10203.05778 -7.412611
15328.15538 10203.05778 -9.067031
15378.15538 10203.05778 -10.484709
15428.15538 10203.05778 -11.666048
15478.15538 10203.05778 -12.616487
15528.15538 10203.05778 -13.35689
15578.15538 10203.05778 -13.936234
15628.15538 10203.05778 -14.349271
15678.15538 10203.05778 -14.592232
15728.15538 10203.05778 -14.663372
15778.15538 10203.05778 -14.552522
15828.15538 10203.05778 -14.259117
15878.15538 10203.05778 -13.849163
15928.15538 10203.05778 -13.341746
15978.15538 10203.05778 -12.76483
16028.15538 10203.05778 -12.160331
12578.15538 10253.05778 13.64318
12628.15538 10253.05778 17.751577
12678.15538 10253.05778 21.874743
12728.15538 10253.05778 25.98835
12778.15538 10253.05778 30.107811
12828.15538 10253.05778 34.23951
12878.15538 10253.05778 38.397137
12928.15538 10253.05778 42.548851
12978.15538 10253.05778 46.649864
13028.15538 10253.05778 50.697704
13078.15538 10253.05778 54.662849
13128.15538 10253.05778 58.492489
13178.15538 10253.05778 62.169018
13228.15538 10253.05778 65.656281
13278.15538 10253.05778 68.89624
13328.15538 10253.05778 71.854637
13378.15538 10253.05778 74.521461
13428.15538 10253.05778 76.85498
13478.15538 10253.05778 78.84893
13528.15538 10253.05778 80.508095
13578.15538 10253.05778 81.816803
13628.15538 10253.05778 82.754639
13678.15538 10253.05778 83.283966
13728.15538 10253.05778 83.393311
13778.15538 10253.05778 83.115089
13828.15538 10253.05778 82.451019
13878.15538 10253.05778 81.445282
13928.15538 10253.05778 80.13839
13978.15538 10253.05778 78.555702
14028.15538 10253.05778 76.727737
14078.15538 10253.05778 74.646477
14128.15538 10253.05778 72.342445
14178.15538 10253.05778 69.791466
14228.15538 10253.05778 67.015984
14278.15538 10253.05778 64.037621
14328.15538 10253.05778 60.885815
14378.15538 10253.05778 57.568916
14428.15538 10253.05778 54.08783
14478.15538 10253.05778 50.425301
14528.15538 10253.05778 46.596256
14578.15538 10253.05778 42.620239
14628.15538 10253.05778 38.509937
14678.15538 10253.05778 34.286026
14728.15538 10253.05778 29.990417
14778.15538 10253.05778 25.656034
14828.15538 10253.05778 21.359661
14878.15538 10253.05778 17.145838
14928.15538 10253.05778 13.100671
14978.15538 10253.05778 9.278432
15028.15538 10253.05778 5.709302
15078.15538 10253.05778 2.391113
15128.15538 10253.05778 -0.656549
15178.15538 10253.05778 -3.414854
15228.15538 10253.05778 -5.888361
15278.15538 10253.05778 -8.100206
15328.15538 10253.05778 -10.06641
15378.15538 10253.05778 -11.775594
15428.15538 10253.05778 -13.244872
15478.15538 10253.05778 -14.46311
15528.15538 10253.05778 -15.459645
15578.15538 10253.05778 -16.247091
15628.15538 10253.05778 -16.865961
15678.15538 10253.05778 -17.276684
15728.15538 10253.05778 -17.483585
15778.15538 10253.05778 -17.482254
15828.15538 10253.05778 -17.311686
15878.15538 10253.05778 -17.000216
15928.15538 10253.05778 -16.588572
15978.15538 10253.05778 -16.111198
16028.15538 10253.05778 -15.611233
12578.15538 10303.05778 10.347221
12628.15538 10303.05778 14.904566
12678.15538 10303.05778 19.475439
12728.15538 10303.05778 24.047354
12778.15538 10303.05778 28.619715
12828.15538 10303.05778 33.219685
12878.15538 10303.05778 37.838074
12928.15538 10303.05778 42.456882
12978.15538 10303.05778 47.058506
13028.15538 10303.05778 51.618275
13078.15538 10303.05778 56.079613
13128.15538 10303.05778 60.431671
13178.15538 10303.05778 64.632912
13228.15538 10303.05778 68.647758
13278.15538 10303.05778 72.432785
13328.15538 10303.05778 75.944061
13378.15538 10303.05778 79.141235
13428.15538 10303.05778 81.99115
13478.15538 10303.05778 84.487686
13528.15538 10303.05778 86.616386
13578.15538 10303.05778 88.35955
13628.15538 10303.05778 89.688873
13678.15538 10303.05778 90.564735
13728.15538 10303.05778 90.981819
13778.15538 10303.05778 90.957848
13828.15538 10303.05778 90.52343
13878.15538 10303.05778 89.679573
13928.15538 10303.05778 88.471344
13978.15538 10303.05778 86.919884
14028.15538 10303.05778 85.058487
14078.15538 10303.05778 82.880493
14128.15538 10303.05778 80.417305
14178.15538 10303.05778 77.684708
14228.15538 10303.05778 74.691795
14278.15538 10303.05778 71.457924
14328.15538 10303.05778 67.985588
14378.15538 10303.05778 64.300125
14428.15538 10303.05778 60.40456
14478.15538 10303.05778 56.316841
14528.15538 10303.05778 52.045208
14578.15538 10303.05778 47.615383
14628.15538 10303.05778 43.0331
14678.15538 10303.05778 38.336967
14728.15538 10303.05778 33.550694
14778.15538 10303.05778 28.750311
14828.15538 10303.05778 23.963366
14878.15538 10303.05778 19.30266
14928.15538 10303.05778 14.833315
14978.15538 10303.05778 10.609808
15028.15538 10303.05778 6.648047
15078.15538 10303.05778 2.961864
15128.15538 10303.05778 -0.452506
15178.15538 10303.05778 -3.570927
15228.15538 10303.05778 -6.38007
15278.15538 10303.05778 -8.903718
15328.15538 10303.05778 -11.141558
15378.15538 10303.05778 -13.130018
15428.15538 10303.05778 -14.864653
15478.15538 10303.05778 -16.354874
15528.15538 10303.05778 -17.587578
15578.15538 10303.05778 -18.598846
15628.15538 10303.05778 -19.386019
15678.15538 10303.05778 -19.955359
15728.15538 10303.05778 -20.278452
15778.15538 10303.05778 -20.396807
15828.15538 10303.05778 -20.336239
15878.15538 10303.05778 -20.127991
15928.15538 10303.05778 -19.807964
15978.15538 10303.05778 -19.427635
16028.15538 10303.05778 -19.021822
12578.15538 10353.05778 7.29577
12628.15538 10353.05778 12.261663
12678.15538 10353.05778 17.232201
12728.15538 10353.05778 22.200949
12778.15538 10353.05778 27.194441
12828.15538 10353.05778 32.215664
12878.15538 10353.05778 37.254646
12928.15538 10353.05778 42.304699
12978.15538 10353.05778 47.372765
13028.15538 10353.05778 52.398235
13078.15538 10353.05778 57.343155
13128.15538 10353.05778 62.18985
13178.15538 10353.05778 66.885139
13228.15538 10353.05778 71.405457
13278.15538 10353.05778 75.716217
13328.15538 10353.05778 79.761002
13378.15538 10353.05778 83.498856
13428.15538 10353.05778 86.893288
13478.15538 10353.05778 89.913651
13528.15538 10353.05778 92.559219
13578.15538 10353.05778 94.766869
13628.15538 10353.05778 96.53257
13678.15538 10353.05778 97.799324
13728.15538 10353.05778 98.571678
13778.15538 10353.05778 98.867531
13828.15538 10353.05778 98.696625
13878.15538 10353.05778 98.054558
13928.15538 10353.05778 96.975227
13978.15538 10353.05778 95.487999
14028.15538 10353.05778 93.607246
14078.15538 10353.05778 91.353271
14128.15538 10353.05778 88.749458
14178.15538 10353.05778 85.829552
14228.15538 10353.05778 82.615738
14278.15538 10353.05778 79.109192
14328.15538 10353.05778 75.311867
14378.15538 10353.05778 71.211601
14428.15538 10353.05778 66.859619
14478.15538 10353.05778 62.281776
14528.15538 10353.05778 57.51479
14578.15538 10353.05778 52.558781
14628.15538 10353.05778 47.464863
14678.15538 10353.05778 42.247208
14728.15538 10353.05778 36.955589
14778.15538 10353.05778 31.643456
14828.15538 10353.05778 26.386759
14878.15538 10353.05778 21.269329
14928.15538 10353.05778 16.37468
14978.15538 10353.05778 11.739263
15028.15538 10353.05778 7.399101
15078.15538 10353.05778 3.357721
15128.15538 10353.05778 -0.394888
15178.15538 10353.05778 -3.844718
15228.15538 10353.05778 -6.988562
15278.15538 10353.05778 -9.814125
15328.15538 10353.05778 -12.327445
15378.15538 10353.05778 -14.554187
15428.15538 10353.05778 -16.522301
15478.15538 10353.05778 -18.246508
15528.15538 10353.05778 -19.720987
15578.15538 10353.05778 -20.938267
15628.15538 10353.05778 -21.89584
15678.15538 10353.05778 -22.591869
15728.15538 10353.05778 -23.035797
15778.15538 10353.05778 -23.263313
15828.15538 10353.05778 -23.31838
15878.15538 10353.05778 -23.204344
15928.15538 10353.05778 -22.979567
15978.15538 10353.05778 -22.688728
16028.15538 10353.05778 -22.371262
12578.15538 10403.05778 4.51432
12628.15538 10403.05778 9.83648
12678.15538 10403.05778 15.152008
12728.15538 10403.05778 20.48036
12778.15538 10403.05778 25.837791
12828.15538 10403.05778 31.247505
12878.15538 10403.05778 36.683014
12928.15538 10403.05778 42.14481
12978.15538 10403.05778 47.611534
13028.15538 10403.05778 53.062111
13078.15538 10403.05778 58.446861
13128.15538 10403.05778 63.742889
13178.15538 10403.05778 68.913902
13228.15538 10403.05778 73.912636
13278.15538 10403.05778 78.729408
13328.15538 10403.05778 83.293167
13378.15538 10403.05778 87.571884
13428.15538 10403.05778 91.523895
13478.15538 10403.05778 95.112602
13528.15538 10403.05778 98.280861
13578.15538 10403.05778 101.009613
13628.15538 10403.05778 103.242043
13678.15538 10403.05778 104.97007
13728.15538 10403.05778 106.152176
13778.15538 10403.05778 106.810562
13828.15538 10403.05778 106.929474
13878.15538 10403.05778 106.528664
13928.15538 10403.05778 105.610603
13978.15538 10403.05778 104.206703
14028.15538 10403.05778 102.331093
14078.15538 10403.05778 100.024857
14128.15538 10403.05778 97.291283
14178.15538 10403.05778 94.190247
14228.15538 10403.05778 90.736946
14278.15538 10403.05778 86.934036
14328.15538 10403.05778 82.762184
14378.15538 10403.05778 78.242493
14428.15538 10403.05778 73.388763
14478.15538 10403.05778 68.278404
14528.15538 10403.05778 62.93549
14578.15538 10403.05778 57.412651
14628.15538 10403.05778 51.75444
14678.15538 10403.05778 45.987167
14728.15538 10403.05778 40.158413
14778.15538 10403.05778 34.353733
14828.15538 10403.05778 28.626005
14878.15538 10403.05778 23.07078
14928.15538 10403.05778 17.74818
14978.15538 10403.05778 12.710691
15028.15538 10403.05778 7.987031
15078.15538 10403.05778 3.597199
15128.15538 10403.05778 -0.473765
15178.15538 10403.05778 -4.247563
15228.15538 10403.05778 -7.70411
15278.15538 10403.05778 -10.807348
15328.15538 10403.05778 -13.587226
15378.15538 10403.05778 -16.041664
15428.15538 10403.05778 -18.222523
15478.15538 10403.05778 -20.143803
15528.15538 10403.05778 -21.815191
15578.15538 10403.05778 -23.219725
15628.15538 10403.05778 -24.342197
15678.15538 10403.05778 -25.164837
15728.15538 10403.05778 -25.728895
15778.15538 10403.05778 -26.070213
15828.15538 10403.05778 -26.221855
15878.15538 10403.05778 -26.204309
15928.15538 10403.05778 -26.066769
15978.15538 10403.05778 -25.855564
16028.15538 10403.05778 -25.643366
12578.15538 10453.05778 2.014684
12628.15538 10453.05778 7.647169
12678.15538 10453.05778 13.277884
12728.15538 10453.05778 18.916742
12778.15538 10453.05778 24.615732
12828.15538 10453.05778 30.35577
12878.15538 10453.05778 36.151989
12928.15538 10453.05778 41.965794
12978.15538 10453.05778 47.79781
13028.15538 10453.05778 53.60458
13078.15538 10453.05778 59.379768
13128.15538 10453.05778 65.094116
13178.15538 10453.05778 70.695869
13228.15538 10453.05778 76.154716
13278.15538 10453.05778 81.444695
13328.15538 10453.05778 86.520576
13378.15538 10453.05778 91.339088
13428.15538 10453.05778 95.849503
13478.15538 10453.05778 100.009254
13528.15538 10453.05778 103.75631
13578.15538 10453.05778 107.033424
13628.15538 10453.05778 109.793762
13678.15538 10453.05778 112.014
13728.15538 10453.05778 113.677094
13778.15538 10453.05778 114.729164
13828.15538 10453.05778 115.187714
13878.15538 10453.05778 115.048508
13928.15538 10453.05778 114.331261
13978.15538 10453.05778 113.039497
14028.15538 10453.05778 111.190674
14078.15538 10453.05778 108.835037
14128.15538 10453.05778 106.002396
14178.15538 10453.05778 102.718399
14228.15538 10453.05778 99.003609
14278.15538 10453.05778 94.846962
14328.15538 10453.05778 90.26947
14378.15538 10453.05778 85.272896
14428.15538 10453.05778 79.910088
14478.15538 10453.05778 74.215775
14528.15538 10453.05778 68.264435
14578.15538 10453.05778 62.126625
14628.15538 10453.05778 55.861553
14678.15538 10453.05778 49.518223
14728.15538 10453.05778 43.162758
14778.15538 10453.05778 36.85878
14828.15538 10453.05778 30.683765
14878.15538 10453.05778 24.691154
14928.15538 10453.05778 18.962921
14978.15538 10453.05778 13.542353
15028.15538 10453.05778 8.45634
15078.15538 10453.05778 3.711259
15128.15538 10453.05778 -0.683797
15178.15538 10453.05778 -4.762017
15228.15538 10453.05778 -8.50198
15278.15538 10453.05778 -11.874267
15328.15538 10453.05778 -14.896689
15378.15538 10453.05778 -17.583479
15428.15538 10453.05778 -19.950891
15478.15538 10453.05778 -22.041241
15528.15538 10453.05778 -23.857361
15578.15538 10453.05778 -25.405647
15628.15538 10453.05778 -26.661032
15678.15538 10453.05778 -27.628511
15728.15538 10453.05778 -28.321278
15778.15538 10453.05778 -28.777607
15828.15538 10453.05778 -29.01692
15878.15538 10453.05778 -29.089964
15928.15538 10453.05778 -29.036364
15978.15538 10453.05778 -28.923861
16028.15538 10453.05778 -28.791512
12578.15538 10503.05778 -0.186994
12628.15538 10503.05778 5.718992
12678.15538 10503.05778 11.620534
12728.15538 10503.05778 17.555677
12778.15538 10503.05778 23.53022
12828.15538 10503.05778 29.571054
12878.15538 10503.05778 35.647221
12928.15538 10503.05778 41.778214
12978.15538 10503.05778 47.907913
13028.15538 10503.05778 54.037457
13078.15538 10503.05778 60.149403
13128.15538 10503.05778 66.215187
13178.15538 10503.05778 72.208305
13228.15538 10503.05778 78.08326
13278.15538 10503.05778 83.82457
13328.15538 10503.05778 89.404732
13378.15538 10503.05778 94.755043
13428.15538 10503.05778 99.840019
13478.15538 10503.05778 104.588028
13528.15538 10503.05778 108.926224
13578.15538 10503.05778 112.790199
13628.15538 10503.05778 116.119873
13678.15538 10503.05778 118.879456
13728.15538 10503.05778 121.048653
13778.15538 10503.05778 122.559731
13828.15538 10503.05778 123.389885
13878.15538 10503.05778 123.558792
13928.15538 10503.05778 123.06263
13978.15538 10503.05778 121.910713
14028.15538 10503.05778 120.117859
14078.15538 10503.05778 117.739136
14128.15538 10503.05778 114.80748
14178.15538 10503.05778 111.334656
14228.15538 10503.05778 107.318039
14278.15538 10503.05778 102.770302
14328.15538 10503.05778 97.728333
14378.15538 10503.05778 92.233086
14428.15538 10503.05778 86.303734
14478.15538 10503.05778 80.01078
14528.15538 10503.05778 73.430557
14578.15538 10503.05778 66.657234
14628.15538 10503.05778 59.766411
14678.15538 10503.05778 52.839451
14728.15538 10503.05778 45.940434
14778.15538 10503.05778 39.152584
14828.15538 10503.05778 32.525299
14878.15538 10503.05778 26.133657
14928.15538 10503.05778 20.018082
14978.15538 10503.05778 14.236993
15028.15538 10503.05778 8.802098
15078.15538 10503.05778 3.716469
15128.15538 10503.05778 -1.002223
15178.15538 10503.05778 -5.373195
15228.15538 10503.05778 -9.381571
15278.15538 10503.05778 -13.015771
15328.15538 10503.05778 -16.262583
15378.15538 10503.05778 -19.135305
15428.15538 10503.05778 -21.667494
15478.15538 10503.05778 -23.892527
15528.15538 10503.05778 -25.834854
15578.15538 10503.05778 -27.485971
15628.15538 10503.05778 -28.852156
15678.15538 10503.05778 -29.930075
15728.15538 10503.05778 -30.743458
15778.15538 10503.05778 -31.315184
15828.15538 10503.05778 -31.664961
15878.15538 10503.05778 -31.84025
15928.15538 10503.05778 -31.900454
15978.15538 10503.05778 -31.881466
16028.15538 10503.05778 -31.826334
12578.15538 10553.05778 -2.048727
12628.15538 10553.05778 4.064859
12678.15538 10553.05778 10.202425
12728.15538 10553.05778 16.37607
12778.15538 10553.05778 22.59129
12828.15538 10553.05778 28.856541
12878.15538 10553.05778 35.17802
12928.15538 10553.05778 41.538406
12978.15538 10553.05778 47.924706
13028.15538 10553.05778 54.321587
13078.15538 10553.05778 60.720566
13128.15538 10553.05778 67.099983
13178.15538 10553.05778 73.418999
13228.15538 10553.05778 79.677086
13278.15538 10553.05778 85.847633
13328.15538 10553.05778 91.902374
13378.15538 10553.05778 97.787086
13428.15538 10553.05778 103.432358
13478.15538 10553.05778 108.777443
13528.15538 10553.05778 113.725204
13578.15538 10553.05778 118.205414
13628.15538 10553.05778 122.152145
13678.15538 10553.05778 125.499802
13728.15538 10553.05778 128.19397
13778.15538 10553.05778 130.196121
13828.15538 10553.05778 131.466675
13878.15538 10553.05778 131.979919
13928.15538 10553.05778 131.727692
13978.15538 10553.05778 130.735168
14028.15538 10553.05778 129.037735
14078.15538 10553.05778 126.657104
14128.15538 10553.05778 123.623138
14178.15538 10553.05778 119.916107
14228.15538 10553.05778 115.562576
14278.15538 10553.05778 110.590668
14328.15538 10553.05778 105.046188
14378.15538 10553.05778 98.987549
14428.15538 10553.05778 92.466774
14478.15538 10553.05778 85.556808
14528.15538 10553.05778 78.359055
14578.15538 10553.05778 70.962898
14628.15538 10553.05778 63.454193
14678.15538 10553.05778 55.934597
14728.15538 10553.05778 48.509354
14778.15538 10553.05778 41.231682
14828.15538 10553.05778 34.168957
14878.15538 10553.05778 27.373571
14928.15538 10553.05778 20.893774
14978.15538 10553.05778 14.766583
15028.15538 10553.05778 9.003048
15078.15538 10553.05778 3.59451
15128.15538 10553.05778 -1.431852
15178.15538 10553.05778 -6.080874
15228.15538 10553.05778 -10.339323
15278.15538 10553.05778 -14.208199
15328.15538 10553.05778 -17.653364
15378.15538 10553.05778 -20.683138
15428.15538 10553.05778 -23.335192
15478.15538 10553.05778 -25.665882
15528.15538 10553.05778 -27.702656
15578.15538 10553.05778 -29.437201
15628.15538 10553.05778 -30.872265
15678.15538 10553.05778 -32.038486
15728.15538 10553.05778 -32.959312
15778.15538 10553.05778 -33.651463
15828.15538 10553.05778 -34.134472
15878.15538 10553.05778 -34.442215
15928.15538 10553.05778 -34.629665
15978.15538 10553.05778 -34.735737
16028.15538 10553.05778 -34.801735
12578.15538 10603.05778 -3.548742
12628.15538 10603.05778 2.722788
12678.15538 10603.05778 9.034238
12728.15538 10603.05778 15.388287
12778.15538 10603.05778 21.782274
12828.15538 10603.05778 28.216797
12878.15538 10603.05778 34.704365
12928.15538 10603.05778 41.23629
12978.15538 10603.05778 47.804108
13028.15538 10603.05778 54.425537
13078.15538 10603.05778 61.071465
13128.15538 10603.05778 67.706947
13178.15538 10603.05778 74.333305
13228.15538 10603.05778 80.935783
13278.15538 10603.05778 87.499008
13328.15538 10603.05778 93.994431
13378.15538 10603.05778 100.376991
13428.15538 10603.05778 106.577209
13478.15538 10603.05778 112.509308
13528.15538 10603.05778 118.077454
13578.15538 10603.05778 123.192947
13628.15538 10603.05778 127.778931
13678.15538 10603.05778 131.750809
13728.15538 10603.05778 135.028564
13778.15538 10603.05778 137.565414
13828.15538 10603.05778 139.304886
13878.15538 10603.05778 140.218567
13928.15538 10603.05778 140.258728
13978.15538 10603.05778 139.452744
14028.15538 10603.05778 137.854858
14078.15538 10603.05778 135.476318
14128.15538 10603.05778 132.299484
14178.15538 10603.05778 128.340698
14228.15538 10603.05778 123.612267
14278.15538 10603.05778 118.170319
14328.15538 10603.05778 112.076515
14378.15538 10603.05778 105.413216
14428.15538 10603.05778 98.291862
14478.15538 10603.05778 90.781563
14528.15538 10603.05778 82.980843
14578.15538 10603.05778 74.980324
14628.15538 10603.05778 66.889511
14678.15538 10603.05778 58.813503
14728.15538 10603.05778 50.866753
14778.15538 10603.05778 43.118221
14828.15538 10603.05778 35.625481
14878.15538 10603.05778 28.430487
14928.15538 10603.05778 21.583248
14978.15538 10603.05778 15.110682
15028.15538 10603.05778 9.021673
15078.15538 10603.05778 3.323764
15128.15538 10603.05778 -1.990061
15178.15538 10603.05778 -6.876171
15228.15538 10603.05778 -11.355842
15278.15538 10603.05778 -15.408112
15328.15538 10603.05778 -19.016611
15378.15538 10603.05778 -22.177511
15428.15538 10603.05778 -24.933952
15478.15538 10603.05778 -27.340216
15528.15538 10603.05778 -29.419962
15578.15538 10603.05778 -31.194559
15628.15538 10603.05778 -32.683628
15678.15538 10603.05778 -33.93129
15728.15538 10603.05778 -34.955097
15778.15538 10603.05778 -35.769058
15828.15538 10603.05778 -36.396717
15878.15538 10603.05778 -36.865238
15928.15538 10603.05778 -37.212978
15978.15538 10603.05778 -37.486488
16028.15538 10603.05778 -37.732803
12578.15538 10653.05778 -4.671333
12628.15538 10653.05778 1.735621
12678.15538 10653.05778 8.161682
12728.15538 10653.05778 14.624246
12778.15538 10653.05778 21.107441
12828.15538 10653.05778 27.622728
12878.15538 10653.05778 34.189732
12928.15538 10653.05778 40.825024
12978.15538 10653.05778 47.536606
13028.15538 10653.05778 54.319477
13078.15538 10653.05778 61.173714
13128.15538 10653.05778 68.049515
13178.15538 10653.05778 74.942352
13228.15538 10653.05778 81.85537
13278.15538 10653.05778 88.760635
13328.15538 10653.05778 95.654266
13378.15538 10653.05778 102.494637
13428.15538 10653.05778 109.219856
13478.15538 10653.05778 115.718521
13528.15538 10653.05778 121.90461
13578.15538 10653.05778 127.655098
13628.15538 10653.05778 132.894226
13678.15538 10653.05778 137.517899
13728.15538 10653.05778 141.433411
13778.15538 10653.05778 144.564972
13828.15538 10653.05778 146.828094
13878.15538 10653.05778 148.166809
13928.15538 10653.05778 148.547684
13978.15538 10653.05778 147.980621
14028.15538 10653.05778 146.482498
14078.15538 10653.05778 144.048492
14128.15538 10653.05778 140.701828
14178.15538 10653.05778 136.442413
14228.15538 10653.05778 131.298889
14278.15538 10653.05778 125.33905
14328.15538 10653.05778 118.664932
14378.15538 10653.05778 111.408607
14428.15538 10653.05778 103.682594
14478.15538 10653.05778 95.595139
14528.15538 10653.05778 87.232681
14578.15538 10653.05778 78.677116
14628.15538 10653.05778 70.0467
14678.15538 10653.05778 61.468933
14728.15538 10653.05778 53.031384
14778.15538 10653.05778 44.816612
14828.15538 10653.05778 36.892342
14878.15538 10653.05778 29.305328
14928.15538 10653.05778 22.086329
14978.15538 10653.05778 15.268126
15028.15538 10653.05778 8.873793
15078.15538 10653.05778 2.906972
15128.15538 10653.05778 -2.649657
15178.15538 10653.05778 -7.758507
15228.15538 10653.05778 -12.395775
15278.15538 10653.05778 -16.584049
15328.15538 10653.05778 -20.308987
15378.15538 10653.05778 -23.570559
15428.15538 10653.05778 -26.410713
15478.15538 10653.05778 -28.85183
15528.15538 10653.05778 -30.954365
15578.15538 10653.05778 -32.736633
15628.15538 10653.05778 -34.257263
15678.15538 10653.05778 -35.571636
15728.15538 10653.05778 -36.705032
15778.15538 10653.05778 -37.661194
15828.15538 10653.05778 -38.441307
15878.15538 10653.05778 -39.097073
15928.15538 10653.05778 -39.634457
15978.15538 10653.05778 -40.119259
16028.15538 10653.05778 -40.5938
12578.15538 10703.05778 -5.343512
12628.15538 10703.05778 1.137599
12678.15538 10703.05778 7.609169
12728.15538 10703.05778 14.069963
12778.15538 10703.05778 20.541658
12828.15538 10703.05778 27.041487
12878.15538 10703.05778 33.615082
12928.15538 10703.05778 40.291126
12978.15538 10703.05778 47.085777
13028.15538 10703.05778 54.007755
13078.15538 10703.05778 61.015953
13128.15538 10703.05778 68.085403
13178.15538 10703.05778 75.224548
13228.15538 10703.05778 82.41024
13278.15538 10703.05778 89.62944
13328.15538 10703.05778 96.867081
13378.15538 10703.05778 104.119698
13428.15538 10703.05778 111.312775
13478.15538 10703.05778 118.355362
13528.15538 10703.05778 125.117111
13578.15538 10703.05778 131.499969
13628.15538 10703.05778 137.398911
13678.15538 10703.05778 142.702896
13728.15538 10703.05778 147.295975
13778.15538 10703.05778 151.075378
13828.15538 10703.05778 153.919144
13878.15538 10703.05778 155.743805
13928.15538 10703.05778 156.505234
13978.15538 10703.05778 156.176422
14028.15538 10703.05778 154.752487
14078.15538 10703.05778 152.240997
14128.15538 10703.05778 148.667313
14178.15538 10703.05778 144.053009
14228.15538 10703.05778 138.446823
14278.15538 10703.05778 131.940872
14328.15538 10703.05778 124.691513
14378.15538 10703.05778 116.839478
14428.15538 10703.05778 108.546616
14478.15538 10703.05778 99.923195
14528.15538 10703.05778 91.043739
14578.15538 10703.05778 82.005356
14628.15538 10703.05778 72.904625
14678.15538 10703.05778 63.868492
14728.15538 10703.05778 54.982075
14778.15538 10703.05778 46.326645
14828.15538 10703.05778 37.978127
14878.15538 10703.05778 29.993986
14928.15538 10703.05778 22.411844
14978.15538 10703.05778 15.254118
15028.15538 10703.05778 8.558004
15078.15538 10703.05778 2.345569
15128.15538 10703.05778 -3.408231
15178.15538 10703.05778 -8.673181
15228.15538 10703.05778 -13.431561
15278.15538 10703.05778 -17.691509
15328.15538 10703.05778 -21.471487
15378.15538 10703.05778 -24.801336
15428.15538 10703.05778 -27.68368
15478.15538 10703.05778 -30.145515
15528.15538 10703.05778 -32.242336
15578.15538 10703.05778 -34.037014
15628.15538 10703.05778 -35.60128
15678.15538 10703.05778 -36.980984
15728.15538 10703.05778 -38.219215
15778.15538 10703.05778 -39.297127
15828.15538 10703.05778 -40.250309
15878.15538 10703.05778 -41.080959
15928.15538 10703.05778 -41.845089
15978.15538 10703.05778 -42.572483
16028.15538 10703.05778 -43.293774
12578.15538 10753.05778 -5.496425
12628.15538 10753.05778 0.912614
12678.15538 10753.05778 7.309183
12728.15538 10753.05778 13.685205
12778.15538 10753.05778 20.0592
12828.15538 10753.05778 26.4744
12878.15538 10753.05778 32.978432
12928.15538 10753.05778 39.628819
12978.15538 10753.05778 46.462009
13028.15538 10753.05778 53.454666
13078.15538 10753.05778 60.582981
13128.15538 10753.05778 67.821091
13178.15538 10753.05778 75.143745
13228.15538 10753.05778 82.564392
13278.15538 10753.05778 90.066711
13328.15538 10753.05778 97.636772
13378.15538 10753.05778 105.249016
13428.15538 10753.05778 112.848099
13478.15538 10753.05778 120.342361
13528.15538 10753.05778 127.647522
13578.15538 10753.05778 134.639999
13628.15538 10753.05778 141.192337
13678.15538 10753.05778 147.192612
13728.15538 10753.05778 152.491287
13778.15538 10753.05778 156.956421
13828.15538 10753.05778 160.449203
13878.15538 10753.05778 162.82605
13928.15538 10753.05778 164.002228
13978.15538 10753.05778 163.905487
14028.15538 10753.05778 162.534363
14078.15538 10753.05778 159.90506
14128.15538 10753.05778 156.038971
14178.15538 10753.05778 150.990738
14228.15538 10753.05778 144.863647
14278.15538 10753.05778 137.816071
14328.15538 10753.05778 130.003143
14378.15538 10753.05778 121.622604
14428.15538 10753.05778 112.814003
14478.15538 10753.05778 103.694748
14528.15538 10753.05778 94.364723
14578.15538 10753.05778 84.911835
14628.15538 10753.05778 75.419792
14678.15538 10753.05778 65.972122
14728.15538 10753.05778 56.686165
14778.15538 10753.05778 47.641823
14828.15538 10753.05778 38.901443
14878.15538 10753.05778 30.528093
14928.15538 10753.05778 22.580969
14978.15538 10753.05778 15.090344
15028.15538 10753.05778 8.115416
15078.15538 10753.05778 1.674458
15128.15538 10753.05778 -4.222494
15178.15538 10753.05778 -9.57245
15228.15538 10753.05778 -14.375484
15278.15538 10753.05778 -18.661762
15328.15538 10753.05778 -22.462086
15378.15538 10753.05778 -25.806156
15428.15538 10753.05778 -28.702204
15478.15538 10753.05778 -31.161963
15528.15538 10753.05778 -33.263031
15578.15538 10753.05778 -35.090679
15628.15538 10753.05778 -36.710018
15678.15538 10753.05778 -38.164646
15728.15538 10753.05778 -39.479237
15778.15538 10753.05778 -40.672409
15828.15538 10753.05778 -41.772156
15878.15538 10753.05778 -42.799187
15928.15538 10753.05778 -43.786789
15978.15538 10753.05778 -44.75502
16028.15538 10753.05778 -45.705284
12578.15538 10803.05778 -5.193767
12628.15538 10803.05778 1.013747
12678.15538 10803.05778 7.214033
12728.15538 10803.05778 13.407103
12778.15538 10803.05778 19.630239
12828.15538 10803.05778 25.904501
12878.15538 10803.05778 32.284485
12928.15538 10803.05778 38.840439
12978.15538 10803.05778 45.641418
13028.15538 10803.05778 52.663929
13078.15538 10803.05778 59.868828
13128.15538 10803.05778 67.230728
13178.15538 10803.05778 74.715981
13228.15538 10803.05778 82.324783
13278.15538 10803.05778 90.065781
13328.15538 10803.05778 97.914818
13378.15538 10803.05778 105.838211
13428.15538 10803.05778 113.784279
13478.15538 10803.05778 121.681213
13528.15538 10803.05778 129.461792
13578.15538 10803.05778 137.005585
13628.15538 10803.05778 144.173279
13678.15538 10803.05778 150.834656
13728.15538 10803.05778 156.849426
13778.15538 10803.05778 162.048691
13828.15538 10803.05778 166.249954
13878.15538 10803.05778 169.244156
13928.15538 10803.05778 170.867035
13978.15538 10803.05778 170.999832
14028.15538 10803.05778 169.660812
14078.15538 10803.05778 166.849289
14128.15538 10803.05778 162.596527
14178.15538 10803.05778 157.047058
14228.15538 10803.05778 150.382874
14278.15538 10803.05778 142.793747
14328.15538 10803.05778 134.4991
14378.15538 10803.05778 125.660133
14428.15538 10803.05778 116.406662
14478.15538 10803.05778 106.864914
14528.15538 10803.05778 97.139137
14578.15538 10803.05778 87.332146
14628.15538 10803.05778 77.508568
14678.15538 10803.05778 67.743996
14728.15538 10803.05778 58.127472
14778.15538 10803.05778 48.735836
14828.15538 10803.05778 39.667065
14878.15538 10803.05778 30.961954
14928.15538 10803.05778 22.672007
14978.15538 10803.05778 14.867418
15028.15538 10803.05778 7.609552
15078.15538 10803.05778 0.989118
15128.15538 10803.05778 -4.983874
15178.15538 10803.05778 -10.345964
15228.15538 10803.05778 -15.149789
15278.15538 10803.05778 -19.419842
15328.15538 10803.05778 -23.198483
15378.15538 10803.05778 -26.52676
15428.15538 10803.05778 -29.420753
15478.15538 10803.05778 -31.90976
15528.15538 10803.05778 -34.034351
15578.15538 10803.05778 -35.899742
15628.15538 10803.05778 -37.567944
15678.15538 10803.05778 -39.090687
15728.15538 10803.05778 -40.46611
15778.15538 10803.05778 -41.760098
15828.15538 10803.05778 -43.002346
15878.15538 10803.05778 -44.218166
15928.15538 10803.05778 -45.407532
15978.15538 10803.05778 -46.580589
16028.15538 10803.05778 -47.739479
12578.15538 10853.05778 -4.501058
12628.15538 10853.05778 1.394007
12678.15538 10853.05778 7.285855
12728.15538 10853.05778 13.216874
12778.15538 10853.05778 19.206442
12828.15538 10853.05778 25.285965
12878.15538 10853.05778 31.485823
12928.15538 10853.05778 37.915382
12978.15538 10853.05778 44.633003
13028.15538 10853.05778 51.622856
13078.15538 10853.05778 58.866764
13128.15538 10853.05778 66.32766
13178.15538 10853.05778 73.941261
13228.15538 10853.05778 81.700127
13278.15538 10853.05778 89.621605
13328.15538 10853.05778 97.690933
13378.15538 10853.05778 105.867989
13428.15538 10853.05778 114.105232
13478.15538 10853.05778 122.351059
13528.15538 10853.05778 130.533875
13578.15538 10853.05778 138.531265
13628.15538 10853.05778 146.229431
13678.15538 10853.05778 153.506226
13728.15538 10853.05778 160.188095
13778.15538 10853.05778 166.119598
13828.15538 10853.05778 171.065002
13878.15538 10853.05778 174.734802
13928.15538 10853.05778 176.863129
13978.15538 10853.05778 177.269714
14028.15538 10853.05778 175.899612
14078.15538 10853.05778 172.776505
14128.15538 10853.05778 168.054932
14178.15538 10853.05778 161.981354
14228.15538 10853.05778 154.802292
14278.15538 10853.05778 146.762207
14328.15538 10853.05778 138.059891
14378.15538 10853.05778 128.843246
14428.15538 10853.05778 119.233345
14478.15538 10853.05778 109.356651
14528.15538 10853.05778 99.324493
14578.15538 10853.05778 89.232338
14628.15538 10853.05778 79.150322
14678.15538 10853.05778 69.147835
14728.15538 10853.05778 59.273815
14778.15538 10853.05778 49.620697
14828.15538 10853.05778 40.278988
14878.15538 10853.05778 31.315111
14928.15538 10853.05778 22.757338
14978.15538 10853.05778 14.680293
15028.15538 10853.05778 7.183799
15078.15538 10853.05778 0.37993
15128.15538 10853.05778 -5.611622
15178.15538 10853.05778 -10.917214
15228.15538 10853.05778 -15.662828
15278.15538 10853.05778 -19.892445
15328.15538 10853.05778 -23.641224
15378.15538 10853.05778 -26.94228
15428.15538 10853.05778 -29.838541
15478.15538 10853.05778 -32.364613
15528.15538 10853.05778 -34.552574
15578.15538 10853.05778 -36.465797
15628.15538 10853.05778 -38.17001
15678.15538 10853.05778 -39.725674
15728.15538 10853.05778 -41.168842
15778.15538 10853.05778 -42.547539
15828.15538 10853.05778 -43.912903
15878.15538 10853.05778 -45.277645
15928.15538 10853.05778 -46.63488
15978.15538 10853.05778 -47.982327
16028.15538 10853.05778 -49.320705
12578.15538 10903.05778 -3.510108
12628.15538 10903.05778 1.972756
12678.15538 10903.05778 7.475234
12728.15538 10903.05778 13.045776
12778.15538 10903.05778 18.725203
12828.15538 10903.05778 24.545263
12878.15538 10903.05778 30.555693
12928.15538 10903.05778 36.832321
12978.15538 10903.05778 43.435917
13028.15538 10903.05778 50.368347
13078.15538 10903.05778 57.620384
13128.15538 10903.05778 65.124229
13178.15538 10903.05778 72.821175
13228.15538 10903.05778 80.691704
13278.15538 10903.05778 88.741272
13328.15538 10903.05778 96.963966
13378.15538 10903.05778 105.333023
13428.15538 10903.05778 113.802452
13478.15538 10903.05778 122.328621
13528.15538 10903.05778 130.81781
13578.15538 10903.05778 139.181091
13628.15538 10903.05778 147.306305
13678.15538 10903.05778 155.080536
13728.15538 10903.05778 162.34964
13778.15538 10903.05778 168.909805
13828.15538 10903.05778 174.536072
13878.15538 10903.05778 178.925888
13928.15538 10903.05778 181.68782
13978.15538 10903.05778 182.403046
14028.15538 10903.05778 180.918213
14078.15538 10903.05778 177.351776
14128.15538 10903.05778 172.104736
14178.15538 10903.05778 165.54187
14228.15538 10903.05778 157.964645
14278.15538 10903.05778 149.583435
14328.15538 10903.05778 140.584335
14378.15538 10903.05778 131.088776
14428.15538 10903.05778 121.234146
14478.15538 10903.05778 111.131454
14528.15538 10903.05778 100.87252
14578.15538 10903.05778 90.577217
14628.15538 10903.05778 80.324196
14678.15538 10903.05778 70.146805
14728.15538 10903.05778 60.101845
14778.15538 10903.05778 50.272408
14828.15538 10903.05778 40.764664
14878.15538 10903.05778 31.623745
14928.15538 10903.05778 22.894489
14978.15538 10903.05778 14.655317
15028.15538 10903.05778 6.983627
15078.15538 10903.05778 -8.9e-05
15128.15538 10903.05778 -5.934264
15178.15538 10903.05778 -11.187068
15228.15538 10903.05778 -15.871048
15278.15538 10903.05778 -20.050632
15328.15538 10903.05778 -23.772348
15378.15538 10903.05778 -27.068985
15428.15538 10903.05778 -29.978552
15478.15538 10903.05778 -32.538025
15528.15538 10903.05778 -34.782894
15578.15538 10903.05778 -36.754814
15628.15538 10903.05778 -38.493259
15678.15538 10903.05778 -40.075478
15728.15538 10903.05778 -41.555008
15778.15538 10903.05778 -43.00983
15828.15538 10903.05778 -44.460796
15878.15538 10903.05778 -45.939346
15928.15538 10903.05778 -47.429996
15978.15538 10903.05778 -48.919479
16028.15538 10903.05778 -50.40543
12578.15538 10953.05778 -2.3353
12628.15538 10953.05778 2.657835
12678.15538 10953.05778 7.679201
12728.15538 10953.05778 12.805275
12778.15538 10953.05778 18.11031
12828.15538 10953.05778 23.636625
12878.15538 10953.05778 29.432158
12928.15538 10953.05778 35.562721
12978.15538 10953.05778 42.055054
13028.15538 10953.05778 48.936905
13078.15538 10953.05778 56.154972
13128.15538 10953.05778 63.660633
13178.15538 10953.05778 71.384033
13228.15538 10953.05778 79.309662
13278.15538 10953.05778 87.432014
13328.15538 10953.05778 95.753876
13378.15538 10953.05778 104.237381
13428.15538 10953.05778 112.863693
13478.15538 10953.05778 121.578415
13528.15538 10953.05778 130.299667
13578.15538 10953.05778 138.926071
13628.15538 10953.05778 147.362274
13678.15538 10953.05778 155.48877
13728.15538 10953.05778 163.166824
13778.15538 10953.05778 170.188812
13828.15538 10953.05778 176.342697
13878.15538 10953.05778 181.362289
13928.15538 10953.05778 184.832199
13978.15538 10953.05778 186.038635
14028.15538 10953.05778 184.24202
14078.15538 10953.05778 180.147995
14128.15538 10953.05778 174.448013
14178.15538 10953.05778 167.560898
14228.15538 10953.05778 159.721878
14278.15538 10953.05778 151.156479
14328.15538 10953.05778 141.982483
14378.15538 10953.05778 132.353134
14428.15538 10953.05778 122.366936
14478.15538 10953.05778 112.131897
14528.15538 10953.05778 101.764015
14578.15538 10953.05778 91.350464
14628.15538 10953.05778 80.994339
14678.15538 10953.05778 70.739433
14728.15538 10953.05778 60.615047
14778.15538 10953.05778 50.705219
14828.15538 10953.05778 41.12315
14878.15538 10953.05778 31.904686
14928.15538 10953.05778 23.109734
14978.15538 10953.05778 14.826697
15028.15538 10953.05778 7.146524
15078.15538 10953.05778 0.231706
15128.15538 10953.05778 -5.818158
15178.15538 10953.05778 -11.094361
15228.15538 10953.05778 -15.761748
15278.15538 10953.05778 -19.920313
15328.15538 10953.05778 -23.619888
15378.15538 10953.05778 -26.906528
15428.15538 10953.05778 -29.833559
15478.15538 10953.05778 -32.429451
15528.15538 10953.05778 -34.716671
15578.15538 10953.05778 -36.733612
15628.15538 10953.05778 -38.508698
15678.15538 10953.05778 -40.113205
15728.15538 10953.05778 -41.625473
15778.15538 10953.05778 -43.121635
15828.15538 10953.05778 -44.618652
15878.15538 10953.05778 -46.167362
15928.15538 10953.05778 -47.752693
15978.15538 10953.05778 -49.360054
16028.15538 10953.05778 -50.925419
12578.15538 11003.05778 -1.128999
12628.15538 11003.05778 3.282061
12678.15538 11003.05778 7.745974
12728.15538 11003.05778 12.370685
12778.15538 11003.05778 17.276901
12828.15538 11003.05778 22.512302
12878.15538 11003.05778 28.122482
12928.15538 11003.05778 34.110672
12978.15538 11003.05778 40.506325
13028.15538 11003.05778 47.311539
13078.15538 11003.05778 54.48185
13128.15538 11003.05778 61.927303
13178.15538 11003.05778 69.634933
13228.15538 11003.05778 77.567047
13278.15538 11003.05778 85.723618
13328.15538 11003.05778 94.08149
13378.15538 11003.05778 102.617477
13428.15538 11003.05778 111.312172
13478.15538 11003.05778 120.115807
13528.15538 11003.05778 128.957962
13578.15538 11003.05778 137.745209
13628.15538 11003.05778 146.354034
13678.15538 11003.05778 154.67485
13728.15538 11003.05778 162.564072
13778.15538 11003.05778 169.825745
13828.15538 11003.05778 176.235168
13878.15538 11003.05778 181.586349
13928.15538 11003.05778 185.539627
13978.15538 11003.05778 187.430954
14028.15538 11003.05778 185.120087
14078.15538 11003.05778 180.710037
14128.15538 11003.05778 174.852982
14178.15538 11003.05778 167.871613
14228.15538 11003.05778 159.994354
14278.15538 11003.05778 151.393814
14328.15538 11003.05778 142.214111
14378.15538 11003.05778 132.567978
14428.15538 11003.05778 122.582909
14478.15538 11003.05778 112.345734
14528.15538 11003.05778 101.968254
14578.15538 11003.05778 91.552933
14628.15538 11003.05778 81.178177
14678.15538 11003.05778 70.919525
14728.15538 11003.05778 60.814114
14778.15538 11003.05778 50.926598
14828.15538 11003.05778 41.349575
14878.15538 11003.05778 32.148567
14928.15538 11003.05778 23.411222
14978.15538 11003.05778 15.184336
15028.15538 11003.05778 7.595435
15078.15538 11003.05778 0.729189
15128.15538 11003.05778 -5.341743
15178.15538 11003.05778 -10.668879
15228.15538 11003.05778 -15.364987
15278.15538 11003.05778 -19.520199
15328.15538 11003.05778 -23.204687
15378.15538 11003.05778 -26.485714
15428.15538 11003.05778 -29.418587
15478.15538 11003.05778 -32.015247
15528.15538 11003.05778 -34.323902
15578.15538 11003.05778 -36.375858
15628.15538 11003.05778 -38.194275
15678.15538 11003.05778 -39.838871
15728.15538 11003.05778 -41.372997
15778.15538 11003.05778 -42.859394
15828.15538 11003.05778 -44.377357
15878.15538 11003.05778 -45.93309
15928.15538 11003.05778 -47.561768
15978.15538 11003.05778 -49.225716
16028.15538 11003.05778 -50.780216
12578.15538 11053.05778 -0.118084
12628.15538 11053.05778 3.63693
12678.15538 11053.05778 7.50945
12728.15538 11053.05778 11.655315
12778.15538 11053.05778 16.186258
12828.15538 11053.05778 21.172438
12878.15538 11053.05778 26.606609
12928.15538 11053.05778 32.485466
12978.15538 11053.05778 38.779686
13028.15538 11053.05778 45.500416
13078.15538 11053.05778 52.575424
13128.15538 11053.05778 59.951981
13178.15538 11053.05778 67.596619
13228.15538 11053.05778 75.498634
13278.15538 11053.05778 83.633034
13328.15538 11053.05778 91.96434
13378.15538 11053.05778 100.478531
13428.15538 11053.05778 109.15876
13478.15538 11053.05778 117.966667
13528.15538 11053.05778 126.82048
13578.15538 11053.05778 135.624695
13628.15538 11053.05778 144.275146
13678.15538 11053.05778 152.629944
13728.15538 11053.05778 160.535049
13778.15538 11053.05778 167.795441
13828.15538 11053.05778 174.188873
13878.15538 11053.05778 179.423904
13928.15538 11053.05778 183.08815
13978.15538 11053.05778 184.455505
14028.15538 11053.05778 182.806198
14078.15538 11053.05778 178.833572
14128.15538 11053.05778 173.240585
14178.15538 11053.05778 166.462509
14228.15538 11053.05778 158.745926
14278.15538 11053.05778 150.287506
14328.15538 11053.05778 141.237885
14378.15538 11053.05778 131.731888
14428.15538 11053.05778 121.858116
14478.15538 11053.05778 111.738724
14528.15538 11053.05778 101.469971
14578.15538 11053.05778 91.144852
14628.15538 11053.05778 80.862473
14678.15538 11053.05778 70.694435
14728.15538 11053.05778 60.698303
14778.15538 11053.05778 50.929623
14828.15538 11053.05778 41.449135
14878.15538 11053.05778 32.374016
14928.15538 11053.05778 23.751963
14978.15538 11053.05778 15.660238
15028.15538 11053.05778 8.182735
15078.15538 11053.05778 1.408093
15128.15538 11053.05778 -4.64157
15178.15538 11053.05778 -9.988905
15228.15538 11053.05778 -14.70048
15278.15538 11053.05778 -18.868063
15328.15538 11053.05778 -22.553579
15378.15538 11053.05778 -25.82843
15428.15538 11053.05778 -28.734304
15478.15538 11053.05778 -31.312643
15528.15538 11053.05778 -33.620235
15578.15538 11053.05778 -35.693672
15628.15538 11053.05778 -37.538475
15678.15538 11053.05778 -39.205463
15728.15538 11053.05778 -40.757679
15778.15538 11053.05778 -42.243439
15828.15538 11053.05778 -43.729504
15878.15538 11053.05778 -45.245861
15928.15538 11053.05778 -46.802113
15978.15538 11053.05778 -48.366669
16028.15538 11053.05778 -49.888771
12578.15538 11103.05778 0.40635
12628.15538 11103.05778 3.489816
12678.15538 11103.05778 6.832929
12728.15538 11103.05778 10.608118
12778.15538 11103.05778 14.85885
12828.15538 11103.05778 19.627438
12878.15538 11103.05778 24.921194
12928.15538 11103.05778 30.690674
12978.15538 11103.05778 36.897778
13028.15538 11103.05778 43.505447
13078.15538 11103.05778 50.486629
13128.15538 11103.05778 57.76215
13178.15538 11103.05778 65.312233
13228.15538 11103.05778 73.124191
13278.15538 11103.05778 81.167007
13328.15538 11103.05778 89.411339
13378.15538 11103.05778 97.833626
13428.15538 11103.05778 106.432297
13478.15538 11103.05778 115.142891
13528.15538 11103.05778 123.900879
13578.15538 11103.05778 132.606781
13628.15538 11103.05778 141.160263
13678.15538 11103.05778 149.391754
13728.15538 11103.05778 157.122437
13778.15538 11103.05778 164.153427
13828.15538 11103.05778 170.239578
13878.15538 11103.05778 175.056
13928.15538 11103.05778 178.198196
13978.15538 11103.05778 179.236877
14028.15538 11103.05778 178.02092
14078.15538 11103.05778 174.695984
14128.15538 11103.05778 169.649628
14178.15538 11103.05778 163.323608
14228.15538 11103.05778 155.994431
14278.15538 11103.05778 147.856445
14328.15538 11103.05778 139.093201
14378.15538 11103.05778 129.834824
14428.15538 11103.05778 120.192284
14478.15538 11103.05778 110.289146
14528.15538 11103.05778 100.234016
14578.15538 11103.05778 90.126747
14628.15538 11103.05778 80.03653
14678.15538 11103.05778 70.047295
14728.15538 11103.05778 60.238049
14778.15538 11103.05778 50.670189
14828.15538 11103.05778 41.412949
14878.15538 11103.05778 32.532009
14928.15538 11103.05778 24.096966
14978.15538 11103.05778 16.174763
15028.15538 11103.05778 8.850268
15078.15538 11103.05778 2.174076
15128.15538 11103.05778 -3.798327
15178.15538 11103.05778 -9.114557
15228.15538 11103.05778 -13.825885
15278.15538 11103.05778 -17.988949
15328.15538 11103.05778 -21.672646
15378.15538 11103.05778 -24.92882
15428.15538 11103.05778 -27.80456
15478.15538 11103.05778 -30.354984
15528.15538 11103.05778 -32.641403
15578.15538 11103.05778 -34.70113
15628.15538 11103.05778 -36.550289
15678.15538 11103.05778 -38.237514
15728.15538 11103.05778 -39.774742
15778.15538 11103.05778 -41.24704
15828.15538 11103.05778 -42.671021
15878.15538 11103.05778 -44.101788
15928.15538 11103.05778 -45.521778
15978.15538 11103.05778 -46.931995
16028.15538 11103.05778 -48.329765
12578.15538 11153.05778 -0.000322
12628.15538 11153.05778 2.589988
12678.15538 11153.05778 5.635915
12728.15538 11153.05778 9.196531
12778.15538 11153.05778 13.276028
12828.15538 11153.05778 17.901466
12878.15538 11153.05778 23.068336
12928.15538 11153.05778 28.739714
12978.15538 11153.05778 34.84745
13028.15538 11153.05778 41.35141
13078.15538 11153.05778 48.211273
13128.15538 11153.05778 55.362343
13178.15538 11153.05778 62.777042
13228.15538 11153.05778 70.440132
13278.15538 11153.05778 78.334572
13328.15538 11153.05778 86.435257
13378.15538 11153.05778 94.718544
13428.15538 11153.05778 103.150459
13478.15538 11153.05778 111.68737
13528.15538 11153.05778 120.241989
13578.15538 11153.05778 128.749344
13628.15538 11153.05778 137.062393
13678.15538 11153.05778 145.011581
13728.15538 11153.05778 152.405838
13778.15538 11153.05778 159.018234
13828.15538 11153.05778 164.618561
13878.15538 11153.05778 168.888702
13928.15538 11153.05778 171.561356
13978.15538 11153.05778 172.437836
14028.15538 11153.05778 171.482025
14078.15538 11153.05778 168.701447
14128.15538 11153.05778 164.304474
14178.15538 11153.05778 158.581497
14228.15538 11153.05778 151.796783
14278.15538 11153.05778 144.14212
14328.15538 11153.05778 135.796021
14378.15538 11153.05778 126.902046
14428.15538 11153.05778 117.590134
14478.15538 11153.05778 108.010063
14528.15538 11153.05778 98.275795
14578.15538 11153.05778 88.477486
14628.15538 11153.05778 78.678406
14678.15538 11153.05778 68.974892
14728.15538 11153.05778 59.450512
14778.15538 11153.05778 50.168919
14828.15538 11153.05778 41.190109
14878.15538 11153.05778 32.574642
14928.15538 11153.05778 24.374645
14978.15538 11153.05778 16.668495
15028.15538 11153.05778 9.534399
15078.15538 11153.05778 3.014302
15128.15538 11153.05778 -2.864552
15178.15538 11153.05778 -8.117799
15228.15538 11153.05778 -12.783292
15278.15538 11153.05778 -16.918463
15328.15538 11153.05778 -20.587889
15378.15538 11153.05778 -23.812737
15428.15538 11153.05778 -26.650545
15478.15538 11153.05778 -29.176012
15528.15538 11153.05778 -31.424536
15578.15538 11153.05778 -33.447273
15628.15538 11153.05778 -35.270794
15678.15538 11153.05778 -36.923256
15728.15538 11153.05778 -38.44416
15778.15538 11153.05778 -39.857887
15828.15538 11153.05778 -41.212345
15878.15538 11153.05778 -42.522503
15928.15538 11153.05778 -43.784344
15978.15538 11153.05778 -45.011341
16028.15538 11153.05778 -46.233555
12578.15538 11203.05778 -2.012583
12628.15538 11203.05778 0.805171
12678.15538 11203.05778 3.898416
12728.15538 11203.05778 7.424407
12778.15538 11203.05778 11.436222
12828.15538 11203.05778 15.979826
12878.15538 11203.05778 21.056837
12928.15538 11203.05778 26.621908
12978.15538 11203.05778 32.626942
13028.15538 11203.05778 39.024307
13078.15538 11203.05778 45.732979
13128.15538 11203.05778 52.725758
13178.15538 11203.05778 59.975636
13228.15538 11203.05778 67.457954
13278.15538 11203.05778 75.155571
13328.15538 11203.05778 83.066666
13378.15538 11203.05778 91.141762
13428.15538 11203.05778 99.357811
13478.15538 11203.05778 107.644562
13528.15538 11203.05778 115.927101
13578.15538 11203.05778 124.09935
13628.15538 11203.05778 132.033295
13678.15538 11203.05778 139.559692
13728.15538 11203.05778 146.477982
13778.15538 11203.05778 152.575745
13828.15538 11203.05778 157.606018
13878.15538 11203.05778 161.345627
13928.15538 11203.05778 163.641922
13978.15538 11203.05778 164.42659
14028.15538 11203.05778 163.633102
14078.15538 11203.05778 161.29213
14128.15538 11203.05778 157.511856
14178.15538 11203.05778 152.446899
14228.15538 11203.05778 146.280914
14278.15538 11203.05778 139.213257
14328.15538 11203.05778 131.392349
14378.15538 11203.05778 122.97438
14428.15538 11203.05778 114.109322
14478.15538 11203.05778 104.948814
14528.15538 11203.05778 95.616379
14578.15538 11203.05778 86.206604
14628.15538 11203.05778 76.796112
14678.15538 11203.05778 67.477669
14728.15538 11203.05778 58.322762
14778.15538 11203.05778 49.395706
14828.15538 11203.05778 40.757015
14878.15538 11203.05778 32.454502
14928.15538 11203.05778 24.54516
14978.15538 11203.05778 17.095602
15028.15538 11203.05778 10.189079
15078.15538 11203.05778 3.857583
15128.15538 11203.05778 -1.875831
15178.15538 11203.05778 -7.038158
15228.15538 11203.05778 -11.634439
15278.15538 11203.05778 -15.71804
15328.15538 11203.05778 -19.331057
15378.15538 11203.05778 -22.512255
15428.15538 11203.05778 -25.317863
15478.15538 11203.05778 -27.796114
15528.15538 11203.05778 -29.996914
15578.15538 11203.05778 -31.956858
15628.15538 11203.05778 -33.722122
15678.15538 11203.05778 -35.323311
15728.15538 11203.05778 -36.781845
15778.15538 11203.05778 -38.124023
15828.15538 11203.05778 -39.373432
15878.15538 11203.05778 -40.537102
15928.15538 11203.05778 -41.627815
15978.15538 11203.05778 -42.675228
16028.15538 11203.05778 -43.706467
12578.15538 11253.05778 -4.905426
12628.15538 11253.05778 -1.693765
12678.15538 11253.05778 1.657299
12728.15538 11253.05778 5.300953
12778.15538 11253.05778 9.357685
12828.15538 11253.05778 13.886352
12878.15538 11253.05778 18.887573
12928.15538 11253.05778 24.352623
12978.15538 11253.05778 30.240894
13028.15538 11253.05778 36.49641
13078.15538 11253.05778 43.049351
13128.15538 11253.05778 49.861504
13178.15538 11253.05778 56.924873
13228.15538 11253.05778 64.205322
13278.15538 11253.05778 71.67395
13328.15538 11253.05778 79.330994
13378.15538 11253.05778 87.149933
13428.15538 11253.05778 95.072128
13478.15538 11253.05778 103.048615
13528.15538 11253.05778 110.962021
13578.15538 11253.05778 118.708885
13628.15538 11253.05778 126.154121
13678.15538 11253.05778 133.144424
13728.15538 11253.05778 139.502609
13778.15538 11253.05778 145.01181
13828.15538 11253.05778 149.481277
13878.15538 11253.05778 152.74585
13928.15538 11253.05778 154.746002
13978.15538 11253.05778 155.437622
14028.15538 11253.05778 154.785873
14078.15538 11253.05778 152.799255
14128.15538 11253.05778 149.555618
14178.15538 11253.05778 145.115982
14228.15538 11253.05778 139.615173
14278.15538 11253.05778 133.185394
14328.15538 11253.05778 125.972633
14378.15538 11253.05778 118.11721
14428.15538 11253.05778 109.795853
14478.15538 11253.05778 101.137314
14528.15538 11253.05778 92.292885
14578.15538 11253.05778 83.351662
14628.15538 11253.05778 74.411964
14678.15538 11253.05778 65.541962
14728.15538 11253.05778 56.82576
14778.15538 11253.05778 48.323063
14828.15538 11253.05778 40.077675
14878.15538 11253.05778 32.140442
14928.15538 11253.05778 24.569073
14978.15538 11253.05778 17.43853
15028.15538 11253.05778 10.784407
15078.15538 11253.05778 4.65615
15128.15538 11253.05778 -0.912341
15178.15538 11253.05778 -5.929102
15228.15538 11253.05778 -10.427584
15278.15538 11253.05778 -14.4208
15328.15538 11253.05778 -17.94961
15378.15538 11253.05778 -21.072222
15428.15538 11253.05778 -23.825068
15478.15538 11253.05778 -26.239599
15528.15538 11253.05778 -28.36865
15578.15538 11253.05778 -30.255768
15628.15538 11253.05778 -31.945589
15678.15538 11253.05778 -33.483028
15728.15538 11253.05778 -34.857155
15778.15538 11253.05778 -36.087891
15828.15538 11253.05778 -37.194405
15878.15538 11253.05778 -38.189804
15928.15538 11253.05778 -39.104527
15978.15538 11253.05778 -39.973782
16028.15538 11253.05778 -40.81741
12578.15538 11303.05778 -8.241494
12628.15538 11303.05778 -4.645552
12678.15538 11303.05778 -0.982988
12728.15538 11303.05778 2.883928
12778.15538 11303.05778 7.077136
12828.15538 11303.05778 11.644223
12878.15538 11303.05778 16.601301
12928.15538 11303.05778 21.957113
12978.15538 11303.05778 27.722881
13028.15538 11303.05778 33.816669
13078.15538 11303.05778 40.189945
13128.15538 11303.05778 46.813301
13178.15538 11303.05778 53.673847
13228.15538 11303.05778 60.722191
13278.15538 11303.05778 67.921616
13328.15538 11303.05778 75.272911
13378.15538 11303.05778 82.750557
13428.15538 11303.05778 90.321754
13478.15538 11303.05778 97.901703
13528.15538 11303.05778 105.378296
13578.15538 11303.05778 112.637283
13628.15538 11303.05778 119.507561
13678.15538 11303.05778 125.898956
13728.15538 11303.05778 131.631332
13778.15538 11303.05778 136.545776
13828.15538 11303.05778 140.489044
13878.15538 11303.05778 143.350845
13928.15538 11303.05778 145.086227
13978.15538 11303.05778 145.693527
14028.15538 11303.05778 145.147675
14078.15538 11303.05778 143.468765
14128.15538 11303.05778 140.668747
14178.15538 11303.05778 136.806839
14228.15538 11303.05778 131.944946
14278.15538 11303.05778 126.182838
14328.15538 11303.05778 119.623604
14378.15538 11303.05778 112.41983
14428.15538 11303.05778 104.704918
14478.15538 11303.05778 96.63382
14528.15538 11303.05778 88.339165
14578.15538 11303.05778 79.955803
14628.15538 11303.05778 71.531319
14678.15538 11303.05778 63.182308
14728.15538 11303.05778 54.963894
14778.15538 11303.05778 46.932743
14828.15538 11303.05778 39.138054
14878.15538 11303.05778 31.617184
14928.15538 11303.05778 24.431744
14978.15538 11303.05778 17.632816
15028.15538 11303.05778 11.270306
15078.15538 11303.05778 5.383879
15128.15538 11303.05778 0.002878
15178.15538 11303.05778 -4.840364
15228.15538 11303.05778 -9.197409
15278.15538 11303.05778 -13.076091
15328.15538 11303.05778 -16.494829
15378.15538 11303.05778 -19.519587
15428.15538 11303.05778 -22.183584
15478.15538 11303.05778 -24.524916
15528.15538 11303.05778 -26.573463
15578.15538 11303.05778 -28.384094
15628.15538 11303.05778 -29.999405
15678.15538 11303.05778 -31.434847
15728.15538 11303.05778 -32.703037
15778.15538 11303.05778 -33.795811
15828.15538 11303.05778 -34.74432
15878.15538 11303.05778 -35.570797
15928.15538 11303.05778 -36.309906
15978.15538 11303.05778 -36.996017
16028.15538 11303.05778 -37.659874
12578.15538 11353.05778 -11.706778
12628.15538 11353.05778 -7.796716
12678.15538 11353.05778 -3.840186
12728.15538 11353.05778 0.283753
12778.15538 11353.05778 4.645419
12828.15538 11353.05778 9.272524
12878.15538 11353.05778 14.213534
12928.15538 11353.05778 19.492296
12978.15538 11353.05778 25.09951
13028.15538 11353.05778 31.016439
13078.15538 11353.05778 37.213017
13128.15538 11353.05778 43.638317
13178.15538 11353.05778 50.26733
13228.15538 11353.05778 57.032833
13278.15538 11353.05778 63.917728
13328.15538 11353.05778 70.911423
13378.15538 11353.05778 78.000717
13428.15538 11353.05778 85.143188
13478.15538 11353.05778 92.255669
13528.15538 11353.05778 99.225197
13578.15538 11353.05778 105.922104
13628.15538 11353.05778 112.199249
13678.15538 11353.05778 117.945
13728.15538 11353.05778 123.040062
13778.15538 11353.05778 127.358025
13828.15538 11353.05778 130.809494
13878.15538 11353.05778 133.317978
13928.15538 11353.05778 134.837265
13978.15538 11353.05778 135.348633
14028.15538 11353.05778 134.895309
14078.15538 11353.05778 133.461807
14128.15538 11353.05778 131.057266
14178.15538 11353.05778 127.71241
14228.15538 11353.05778 123.468033
14278.15538 11353.05778 118.362694
14328.15538 11353.05778 112.486099
14378.15538 11353.05778 105.962395
14428.15538 11353.05778 98.918884
14478.15538 11353.05778 91.489296
14528.15538 11353.05778 83.834084
14578.15538 11353.05778 76.040298
14628.15538 11353.05778 68.207108
14678.15538 11353.05778 60.410881
14728.15538 11353.05778 52.754265
14778.15538 11353.05778 45.248524
14828.15538 11353.05778 37.94109
14878.15538 11353.05778 30.866886
14928.15538 11353.05778 24.090305
14978.15538 11353.05778 17.656395
15028.15538 11353.05778 11.621582
15078.15538 11353.05778 6.015432
15128.15538 11353.05778 0.86798
15178.15538 11353.05778 -3.795383
15228.15538 11353.05778 -7.984262
15278.15538 11353.05778 -11.717745
15328.15538 11353.05778 -15.011276
15378.15538 11353.05778 -17.910616
15428.15538 11353.05778 -20.45322
15478.15538 11353.05778 -22.69088
15528.15538 11353.05778 -24.652611
15578.15538 11353.05778 -26.375601
15628.15538 11353.05778 -27.897579
15678.15538 11353.05778 -29.227339
15728.15538 11353.05778 -30.358599
15778.15538 11353.05778 -31.315706
15828.15538 11353.05778 -32.108467
15878.15538 11353.05778 -32.777763
15928.15538 11353.05778 -33.328346
15978.15538 11353.05778 -33.849201
16028.15538 11353.05778 -34.344246
12578.15538 11403.05778 -15.095945
12628.15538 11403.05778 -10.930736
12678.15538 11403.05778 -6.710238
12728.15538 11403.05778 -2.382178
12778.15538 11403.05778 2.117766
12828.15538 11403.05778 6.808515
12878.15538 11403.05778 11.743863
12928.15538 11403.05778 16.947647
12978.15538 11403.05778 22.421803
13028.15538 11403.05778 28.163021
13078.15538 11403.05778 34.153748
13128.15538 11403.05778 40.360775
13178.15538 11403.05778 46.716606
13228.15538 11403.05778 53.170334
13278.15538 11403.05778 59.694725
13328.15538 11403.05778 66.29821
13378.15538 11403.05778 72.944099
13428.15538 11403.05778 79.601082
13478.15538 11403.05778 86.174911
13528.15538 11403.05778 92.574699
13578.15538 11403.05778 98.658203
13628.15538 11403.05778 104.308876
13678.15538 11403.05778 109.397049
13728.15538 11403.05778 113.853485
13778.15538 11403.05778 117.603264
13828.15538 11403.05778 120.588287
13878.15538 11403.05778 122.772575
13928.15538 11403.05778 124.106606
13978.15538 11403.05778 124.569031
14028.15538 11403.05778 124.176369
14078.15538 11403.05778 122.964989
14128.15538 11403.05778 120.913811
14178.15538 11403.05778 118.034386
14228.15538 11403.05778 114.344101
14278.15538 11403.05778 109.87188
14328.15538 11403.05778 104.685852
14378.15538 11403.05778 98.867958
14428.15538 11403.05778 92.540215
14478.15538 11403.05778 85.821716
14528.15538 11403.05778 78.836723
14578.15538 11403.05778 71.689629
14628.15538 11403.05778 64.471382
14678.15538 11403.05778 57.296669
14728.15538 11403.05778 50.221798
14778.15538 11403.05778 43.269672
14828.15538 11403.05778 36.464176
14878.15538 11403.05778 29.861246
14928.15538 11403.05778 23.52368
14978.15538 11403.05778 17.487665
15028.15538 11403.05778 11.806563
15078.15538 11403.05778 6.517503
15128.15538 11403.05778 1.644605
15178.15538 11403.05778 -2.803313
15228.15538 11403.05778 -6.818306
15278.15538 11403.05778 -10.392047
15328.15538 11403.05778 -13.539158
15378.15538 11403.05778 -16.285311
15428.15538 11403.05778 -18.689571
15478.15538 11403.05778 -20.806057
15528.15538 11403.05778 -22.660397
15578.15538 11403.05778 -24.288828
15628.15538 11403.05778 -25.690758
15678.15538 11403.05778 -26.884281
15728.15538 11403.05778 -27.885817
15778.15538 11403.05778 -28.691189
15828.15538 11403.05778 -29.348145
15878.15538 11403.05778 -29.853085
15928.15538 11403.05778 -30.255287
15978.15538 11403.05778 -30.60618
16028.15538 11403.05778 -30.955811
12578.15538 11453.05778 -18.211258
12628.15538 11453.05778 -13.849186
12678.15538 11453.05778 -9.453503
12728.15538 11453.05778 -4.990443
12778.15538 11453.05778 -0.423325
12828.15538 11453.05778 4.300159
12878.15538 11453.05778 9.223207
12928.15538 11453.05778 14.361275
12978.15538 11453.05778 19.70578
13028.15538 11453.05778 25.275295
13078.15538 11453.05778 31.046547
13128.15538 11453.05778 36.994282
13178.15538 11453.05778 43.044701
13228.15538 11453.05778 49.162102
13278.15538 11453.05778 55.308537
13328.15538 11453.05778 61.473026
13378.15538 11453.05778 67.638237
13428.15538 11453.05778 73.747307
13478.15538 11453.05778 79.746208
13528.15538 11453.05778 85.517464
13578.15538 11453.05778 90.950333
13628.15538 11453.05778 95.928757
13678.15538 11453.05778 100.359818
13728.15538 11453.05778 104.192558
13778.15538 11453.05778 107.405685
13828.15538 11453.05778 109.962601
13878.15538 11453.05778 111.856987
13928.15538 11453.05778 113.038879
13978.15538 11453.05778 113.467216
14028.15538 11453.05778 113.167351
14078.15538 11453.05778 112.137581
14128.15538 11453.05778 110.390541
14178.15538 11453.05778 107.919327
14228.15538 11453.05778 104.728584
14278.15538 11453.05778 100.8619
14328.15538 11453.05778 96.354263
14378.15538 11453.05778 91.268898
14428.15538 11453.05778 85.694458
14478.15538 11453.05778 79.713722
14528.15538 11453.05778 73.433357
14578.15538 11453.05778 66.971008
14628.15538 11453.05778 60.430038
14678.15538 11453.05778 53.890411
14728.15538 11453.05778 47.40099
14778.15538 11453.05778 40.999409
14828.15538 11453.05778 34.708256
14878.15538 11453.05778 28.587555
14928.15538 11453.05778 22.703672
14978.15538 11453.05778 17.098896
15028.15538 11453.05778 11.80302
15078.15538 11453.05778 6.862322
15128.15538 11453.05778 2.29443
15178.15538 11453.05778 -1.905215
15228.15538 11453.05778 -5.716651
15278.15538 11453.05778 -9.112818
15328.15538 11453.05778 -12.093898
15378.15538 11453.05778 -14.691136
15428.15538 11453.05778 -16.960236
15478.15538 11453.05778 -18.942295
15528.15538 11453.05778 -20.679274
15578.15538 11453.05778 -22.17164
15628.15538 11453.05778 -23.436466
15678.15538 11453.05778 -24.472164
15728.15538 11453.05778 -25.313799
15778.15538 11453.05778 -25.981148
15828.15538 11453.05778 -26.489544
15878.15538 11453.05778 -26.850544
15928.15538 11453.05778 -27.118959
15978.15538 11453.05778 -27.351868
16028.15538 11453.05778 -27.577917
12578.15538 11503.05778 -20.894457
12628.15538 11503.05778 -16.425081
12678.15538 11503.05778 -11.941078
12728.15538 11503.05778 -7.434567
12778.15538 11503.05778 -2.864965
12828.15538 11503.05778 1.840579
12878.15538 11503.05778 6.713717
12928.15538 11503.05778 11.758261
12978.15538 11503.05778 16.978851
13028.15538 11503.05778 22.361692
13078.15538 11503.05778 27.902506
13128.15538 11503.05778 33.561256
13178.15538 11503.05778 39.290928
13228.15538 11503.05778 45.043129
13278.15538 11503.05778 50.783081
13328.15538 11503.05778 56.49741
13378.15538 11503.05778 62.138451
13428.15538 11503.05778 67.67231
13478.15538 11503.05778 73.029282
13528.15538 11503.05778 78.138184
13578.15538 11503.05778 82.878853
13628.15538 11503.05778 87.171944
13678.15538 11503.05778 90.953873
13728.15538 11503.05778 94.204926
13778.15538 11503.05778 96.917908
13828.15538 11503.05778 99.09774
13878.15538 11503.05778 100.710617
13928.15538 11503.05778 101.744835
13978.15538 11503.05778 102.168617
14028.15538 11503.05778 101.952164
14078.15538 11503.05778 101.097763
14128.15538 11503.05778 99.61647
14178.15538 11503.05778 97.505379
14228.15538 11503.05778 94.790901
14278.15538 11503.05778 91.492882
14328.15538 11503.05778 87.652382
14378.15538 11503.05778 83.298172
14428.15538 11503.05778 78.480995
14478.15538 11503.05778 73.256996
14528.15538 11503.05778 67.719612
14578.15538 11503.05778 61.975632
14628.15538 11503.05778 56.125946
14678.15538 11503.05778 50.22551
14728.15538 11503.05778 44.328251
14778.15538 11503.05778 38.472439
14828.15538 11503.05778 32.714615
14878.15538 11503.05778 27.090771
14928.15538 11503.05778 21.670008
14978.15538 11503.05778 16.502974
15028.15538 11503.05778 11.620887
15078.15538 11503.05778 7.046161
15128.15538 11503.05778 2.787511
15178.15538 11503.05778 -1.133606
15228.15538 11503.05778 -4.696101
15278.15538 11503.05778 -7.891392
15328.15538 11503.05778 -10.716246
15378.15538 11503.05778 -13.171225
15428.15538 11503.05778 -15.304152
15478.15538 11503.05778 -17.162399
15528.15538 11503.05778 -18.748013
15578.15538 11503.05778 -20.086603
15628.15538 11503.05778 -21.175865
15678.15538 11503.05778 -22.040838
15728.15538 11503.05778 -22.713877
15778.15538 11503.05778 -23.224773
15828.15538 11503.05778 -23.575771
15878.15538 11503.05778 -23.813452
15928.15538 11503.05778 -23.979082
15978.15538 11503.05778 -24.119787
16028.15538 11503.05778 -24.256241
12578.15538 11553.05778 -23.066042
12628.15538 11553.05778 -18.575638
12678.15538 11553.05778 -14.092147
12728.15538 11553.05778 -9.614377
12778.15538 11553.05778 -5.092387
12828.15538 11553.05778 -0.464437
12878.15538 11553.05778 4.304165
12928.15538 11553.05778 9.225939
12978.15538 11553.05778 14.293106
13028.15538 11553.05778 19.479513
13078.15538 11553.05778 24.761623
13128.15538 11553.05778 30.11689
13178.15538 11553.05778 35.491226
13228.15538 11553.05778 40.850597
13278.15538 11553.05778 46.164677
13328.15538 11553.05778 51.39109
13378.15538 11553.05778 56.504612
13428.15538 11553.05778 61.426723
13478.15538 11553.05778 66.121269
13528.15538 11553.05778 70.522339
13578.15538 11553.05778 74.550262
13628.15538 11553.05778 78.164436
13678.15538 11553.05778 81.331108
13728.15538 11553.05778 84.032135
13778.15538 11553.05778 86.283928
13828.15538 11553.05778 88.08976
13878.15538 11553.05778 89.446274
13928.15538 11553.05778 90.325562
13978.15538 11553.05778 90.726982
14028.15538 11553.05778 90.596115
14078.15538 11553.05778 89.912834
14128.15538 11553.05778 88.668282
14178.15538 11553.05778 86.913834
14228.15538 11553.05778 84.663292
14278.15538 11553.05778 81.938126
14328.15538 11553.05778 78.737198
14378.15538 11553.05778 75.084335
14428.15538 11553.05778 71.006927
14478.15538 11553.05778 66.551613
14528.15538 11553.05778 61.780842
14578.15538 11553.05778 56.778885
14628.15538 11553.05778 51.613499
14678.15538 11553.05778 46.350002
14728.15538 11553.05778 41.041397
14778.15538 11553.05778 35.753666
14828.15538 11553.05778 30.525118
14878.15538 11553.05778 25.410255
14928.15538 11553.05778 20.461163
14978.15538 11553.05778 15.731055
15028.15538 11553.05778 11.260913
15078.15538 11553.05778 7.054752
15128.15538 11553.05778 3.125266
15178.15538 11553.05778 -0.499956
15228.15538 11553.05778 -3.805072
15278.15538 11553.05778 -6.785068
15328.15538 11553.05778 -9.441374
15378.15538 11553.05778 -11.755336
15428.15538 11553.05778 -13.753427
15478.15538 11553.05778 -15.452819
15528.15538 11553.05778 -16.88891
15578.15538 11553.05778 -18.05477
15628.15538 11553.05778 -18.963827
15678.15538 11553.05778 -19.645233
15728.15538 11553.05778 -20.139875
15778.15538 11553.05778 -20.47851
15828.15538 11553.05778 -20.681831
15878.15538 11553.05778 -20.810375
15928.15538 11553.05778 -20.892296
15978.15538 11553.05778 -20.945585
16028.15538 11553.05778 -20.994064
12578.15538 11603.05778 -24.662561
12628.15538 11603.05778 -20.254295
12678.15538 11603.05778 -15.858094
12728.15538 11603.05778 -11.46336
12778.15538 11603.05778 -7.032745
12828.15538 11603.05778 -2.528949
12878.15538 11603.05778 2.089887
12928.15538 11603.05778 6.850345
12978.15538 11603.05778 11.735707
13028.15538 11603.05778 16.687614
13078.15538 11603.05778 21.682699
13128.15538 11603.05778 26.692919
13178.15538 11603.05778 31.692604
13228.15538 11603.05778 36.631157
13278.15538 11603.05778 41.488853
13328.15538 11603.05778 46.216797
13378.15538 11603.05778 50.766594
13428.15538 11603.05778 55.071846
13478.15538 11603.05778 59.086372
13528.15538 11603.05778 62.772408
13578.15538 11603.05778 66.102776
13628.15538 11603.05778 69.050957
13678.15538 11603.05778 71.625809
13728.15538 11603.05778 73.815712
13778.15538 11603.05778 75.628281
13828.15538 11603.05778 77.076843
13878.15538 11603.05778 78.160454
13928.15538 11603.05778 78.88308
13978.15538 11603.05778 79.233734
14028.15538 11603.05778 79.171486
14078.15538 11603.05778 78.664474
14128.15538 11603.05778 77.698318
14178.15538 11603.05778 76.298271
14228.15538 11603.05778 74.509338
14278.15538 11603.05778 72.325974
14328.15538 11603.05778 69.743004
14378.15538 11603.05778 66.760681
14428.15538 11603.05778 63.400536
14478.15538 11603.05778 59.704571
14528.15538 11603.05778 55.696987
14578.15538 11603.05778 51.427383
14628.15538 11603.05778 46.95274
14678.15538 11603.05778 42.328289
14728.15538 11603.05778 37.619297
14778.15538 11603.05778 32.884369
14828.15538 11603.05778 28.18446
14878.15538 11603.05778 23.575649
14928.15538 11603.05778 19.100325
14978.15538 11603.05778 14.812965
15028.15538 11603.05778 10.749327
15078.15538 11603.05778 6.911236
15128.15538 11603.05778 3.313423
15178.15538 11603.05778 -0.019351
15228.15538 11603.05778 -3.064707
15278.15538 11603.05778 -5.830842
15328.15538 11603.05778 -8.299611
15378.15538 11603.05778 -10.462706
15428.15538 11603.05778 -12.305412
15478.15538 11603.05778 -13.846185
15528.15538 11603.05778 -15.112313
15578.15538 11603.05778 -16.097466
15628.15538 11603.05778 -16.824629
15678.15538 11603.05778 -17.324112
15728.15538 11603.05778 -17.645138
15778.15538 11603.05778 -17.815218
15828.15538 11603.05778 -17.890419
15878.15538 11603.05778 -17.905128
15928.15538 11603.05778 -17.902872
15978.15538 11603.05778 -17.865953
16028.15538 11603.05778 -17.8081
12578.15538 11653.05778 -25.635231
12628.15538 11653.05778 -21.412928
12678.15538 11653.05778 -17.183329
12728.15538 11653.05778 -12.930932
12778.15538 11653.05778 -8.647825
12828.15538 11653.05778 -4.297572
12878.15538 11653.05778 0.136832
12928.15538 11653.05778 4.686119
12978.15538 11653.05778 9.342108
13028.15538 11653.05778 14.042203
13078.15538 11653.05778 18.720762
13128.15538 11653.05778 23.362898
13178.15538 11653.05778 27.931797
13228.15538 11653.05778 32.417439
13278.15538 11653.05778 36.799816
13328.15538 11653.05778 40.994957
13378.15538 11653.05778 44.968903
13428.15538 11653.05778 48.651096
13478.15538 11653.05778 52.00383
13528.15538 11653.05778 55.008102
13578.15538 11653.05778 57.673756
13628.15538 11653.05778 60.012905
13678.15538 11653.05778 62.016529
13728.15538 11653.05778 63.702312
13778.15538 11653.05778 65.080521
13828.15538 11653.05778 66.163322
13878.15538 11653.05778 66.981224
13928.15538 11653.05778 67.520706
13978.15538 11653.05778 67.799309
14028.15538 11653.05778 67.801109
14078.15538 11653.05778 67.488838
14128.15538 11653.05778 66.825081
14178.15538 11653.05778 65.818245
14228.15538 11653.05778 64.48365
14278.15538 11653.05778 62.835884
14328.15538 11653.05778 60.841892
14378.15538 11653.05778 58.493652
14428.15538 11653.05778 55.805237
14478.15538 11653.05778 52.814831
14528.15538 11653.05778 49.526443
14578.15538 11653.05778 45.966812
14628.15538 11653.05778 42.174511
14678.15538 11653.05778 38.197716
14728.15538 11653.05778 34.092621
14778.15538 11653.05778 29.923433
14828.15538 11653.05778 25.756393
14878.15538 11653.05778 21.656111
14928.15538 11653.05778 17.655985
14978.15538 11653.05778 13.810479
15028.15538 11653.05778 10.128836
15078.15538 11653.05778 6.644641
15128.15538 11653.05778 3.363115
15178.15538 11653.05778 0.311553
15228.15538 11653.05778 -2.492768
15278.15538 11653.05778 -5.035442
15328.15538 11653.05778 -7.297144
15378.15538 11653.05778 -9.279252
15428.15538 11653.05778 -10.971242
15478.15538 11653.05778 -12.357716
15528.15538 11653.05778 -13.441461
15578.15538 11653.05778 -14.245468
15628.15538 11653.05778 -14.799239
15678.15538 11653.05778 -15.133664
15728.15538 11653.05778 -15.278645
15778.15538 11653.05778 -15.299486
15828.15538 11653.05778 -15.237893
15878.15538 11653.05778 -15.136336
15928.15538 11653.05778 -15.013732
15978.15538 11653.05778 -14.861876
16028.15538 11653.05778 -14.695943
12578.15538 11703.05778 -25.978205
12628.15538 11703.05778 -22.009327
12678.15538 11703.05778 -18.010313
12728.15538 11703.05778 -13.970735
12778.15538 11703.05778 -9.890022
12828.15538 11703.05778 -5.748523
12878.15538 11703.05778 -1.523165
12928.15538 11703.05778 2.78637
12978.15538 11703.05778 7.169223
13028.15538 11703.05778 11.562117
13078.15538 11703.05778 15.902384
13128.15538 11703.05778 20.138454
13178.15538 11703.05778 24.265369
13228.15538 11703.05778 28.269346
13278.15538 11703.05778 32.118839
13328.15538 11703.05778 35.77454
13378.15538 11703.05778 39.16259
13428.15538 11703.05778 42.24226
13478.15538 11703.05778 44.967945
13528.15538 11703.05778 47.354141
13578.15538 11703.05778 49.421528
13628.15538 11703.05778 51.188488
13678.15538 11703.05778 52.660889
13728.15538 11703.05778 53.848873
13778.15538 11703.05778 54.775116
13828.15538 11703.05778 55.487404
13878.15538 11703.05778 56.004047
13928.15538 11703.05778 56.365135
13978.15538 11703.05778 56.568638
14028.15538 11703.05778 56.629204
14078.15538 11703.05778 56.502178
14128.15538 11703.05778 56.17038
14178.15538 11703.05778 55.582031
14228.15538 11703.05778 54.72644
14278.15538 11703.05778 53.587006
14328.15538 11703.05778 52.159676
14378.15538 11703.05778 50.409691
14428.15538 11703.05778 48.3479
14478.15538 11703.05778 45.988689
14528.15538 11703.05778 43.358723
14578.15538 11703.05778 40.463009
14628.15538 11703.05778 37.334705
14678.15538 11703.05778 34.006741
14728.15538 11703.05778 30.506577
14778.15538 11703.05778 26.914402
14828.15538 11703.05778 23.291298
14878.15538 11703.05778 19.68751
14928.15538 11703.05778 16.161457
14978.15538 11703.05778 12.734327
15028.15538 11703.05778 9.435611
15078.15538 11703.05778 6.274429
15128.15538 11703.05778 3.292937
15178.15538 11703.05778 0.49983
15228.15538 11703.05778 -2.071492
15278.15538 11703.05778 -4.391506
15328.15538 11703.05778 -6.443646
15378.15538 11703.05778 -8.231134
15428.15538 11703.05778 -9.745258
15478.15538 11703.05778 -10.968554
15528.15538 11703.05778 -11.890134
15578.15538 11703.05778 -12.534108
15628.15538 11703.05778 -12.938354
15678.15538 11703.05778 -13.121652
15728.15538 11703.05778 -13.108501
15778.15538 11703.05778 -12.967148
15828.15538 11703.05778 -12.75617
15878.15538 11703.05778 -12.502182
15928.15538 11703.05778 -12.225964
15978.15538 11703.05778 -11.940996
16028.15538 11703.05778 -11.651139
12578.15538 11753.05778 -25.712446
12628.15538 11753.05778 -22.026987
12678.15538 11753.05778 -18.315504
12728.15538 11753.05778 -14.551332
12778.15538 11753.05778 -10.724566
12828.15538 11753.05778 -6.827679
12878.15538 11753.05778 -2.861546
12928.15538 11753.05778 1.167622
12978.15538 11753.05778 5.213837
13028.15538 11753.05778 9.259686
13078.15538 11753.05778 13.217723
13128.15538 11753.05778 17.036121
13178.15538 11753.05778 20.689966
13228.15538 11753.05778 24.19846
13278.15538 11753.05778 27.525921
13328.15538 11753.05778 30.625622
13378.15538 11753.05778 33.459408
13428.15538 11753.05778 35.966602
13478.15538 11753.05778 38.128479
13528.15538 11753.05778 39.944855
13578.15538 11753.05778 41.459312
13628.15538 11753.05778 42.704464
13678.15538 11753.05778 43.662205
13728.15538 11753.05778 44.358067
13778.15538 11753.05778 44.834587
13828.15538 11753.05778 45.143456
13878.15538 11753.05778 45.352913
13928.15538 11753.05778 45.518326
13978.15538 11753.05778 45.659031
14028.15538 11753.05778 45.77079
14078.15538 11753.05778 45.835823
14128.15538 11753.05778 45.826614
14178.15538 11753.05778 45.675995
14228.15538 11753.05778 45.303757
14278.15538 11753.05778 44.674698
14328.15538 11753.05778 43.776093
14378.15538 11753.05778 42.597069
14428.15538 11753.05778 41.121479
14478.15538 11753.05778 39.364109
14528.15538 11753.05778 37.327267
14578.15538 11753.05778 35.037395
14628.15538 11753.05778 32.526508
14678.15538 11753.05778 29.800697
14728.15538 11753.05778 26.898342
14778.15538 11753.05778 23.877775
14828.15538 11753.05778 20.790234
14878.15538 11753.05778 17.686279
14928.15538 11753.05778 14.609127
14978.15538 11753.05778 11.592847
15028.15538 11753.05778 8.64284
15078.15538 11753.05778 5.811308
15128.15538 11753.05778 3.11357
15178.15538 11753.05778 0.567954
15228.15538 11753.05778 -1.772612
15278.15538 11753.05778 -3.872968
15328.15538 11753.05778 -5.735365
15378.15538 11753.05778 -7.339404
15428.15538 11753.05778 -8.663345
15478.15538 11753.05778 -9.709991
15528.15538 11753.05778 -10.47356
15578.15538 11753.05778 -10.984106
15628.15538 11753.05778 -11.257595
15678.15538 11753.05778 -11.306518
15728.15538 11753.05778 -11.152868
15778.15538 11753.05778 -10.851913
15828.15538 11753.05778 -10.463167
15878.15538 11753.05778 -10.040736
15928.15538 11753.05778 -9.599243
15978.15538 11753.05778 -9.140115
16028.15538 11753.05778 -8.692623
12578.15538 11803.05778 -24.863186
12628.15538 11803.05778 -21.484848
12678.15538 11803.05778 -18.084026
12728.15538 11803.05778 -14.636834
12778.15538 11803.05778 -11.119381
12828.15538 11803.05778 -7.513033
12878.15538 11803.05778 -3.84905
12928.15538 11803.05778 -0.162081
12978.15538 11803.05778 3.503596
13028.15538 11803.05778 7.13479
13078.15538 11803.05778 10.684391
13128.15538 11803.05778 14.065415
13178.15538 11803.05778 17.262167
13228.15538 11803.05778 20.27002
13278.15538 11803.05778 23.079662
13328.15538 11803.05778 25.667782
13378.15538 11803.05778 27.968098
13428.15538 11803.05778 29.958269
13478.15538 11803.05778 31.592842
13528.15538 11803.05778 32.89994
13578.15538 11803.05778 33.909901
13628.15538 11803.05778 34.647182
13678.15538 11803.05778 35.117638
13728.15538 11803.05778 35.335285
13778.15538 11803.05778 35.355789
13828.15538 11803.05778 35.257637
13878.15538 11803.05778 35.139725
13928.15538 11803.05778 35.093601
13978.15538 11803.05778 35.158321
14028.15538 11803.05778 35.331154
14078.15538 11803.05778 35.604511
14128.15538 11803.05778 35.920292
14178.15538 11803.05778 36.190945
14228.15538 11803.05778 36.299141
14278.15538 11803.05778 36.174976
14328.15538 11803.05778 35.795734
14378.15538 11803.05778 35.153316
14428.15538 11803.05778 34.234375
14478.15538 11803.05778 33.022099
14528.15538 11803.05778 31.53376
14578.15538 11803.05778 29.795393
14628.15538 11803.05778 27.834021
14678.15538 11803.05778 25.663286
14728.15538 11803.05778 23.315216
14778.15538 11803.05778 20.846725
14828.15538 11803.05778 18.277653
14878.15538 11803.05778 15.656157
14928.15538 11803.05778 13.007496
14978.15538 11803.05778 10.367868
15028.15538 11803.05778 7.76504
15078.15538 11803.05778 5.229962
15128.15538 11803.05778 2.80342
15178.15538 11803.05778 0.522515
15228.15538 11803.05778 -1.577699
15278.15538 11803.05778 -3.477712
15328.15538 11803.05778 -5.159768
15378.15538 11803.05778 -6.594025
15428.15538 11803.05778 -7.751193
15478.15538 11803.05778 -8.617241
15528.15538 11803.05778 -9.229152
15578.15538 11803.05778 -9.612692
15628.15538 11803.05778 -9.760833
15678.15538 11803.05778 -9.687961
15728.15538 11803.05778 -9.415162
15778.15538 11803.05778 -8.966043
15828.15538 11803.05778 -8.415645
15878.15538 11803.05778 -7.811604
15928.15538 11803.05778 -7.179076
15978.15538 11803.05778 -6.536832
16028.15538 11803.05778 -5.892057
12578.15538 11853.05778 -23.462044
12628.15538 11853.05778 -20.388998
12678.15538 11853.05778 -17.318211
12728.15538 11853.05778 -14.212407
12778.15538 11853.05778 -11.030315
12828.15538 11853.05778 -7.790193
12878.15538 11853.05778 -4.486564
12928.15538 11853.05778 -1.189887
12978.15538 11853.05778 2.061424
13028.15538 11853.05778 5.254883
13078.15538 11853.05778 8.355115
13128.15538 11853.05778 11.299352
13178.15538 11853.05778 14.044764
13228.15538 11853.05778 16.581861
13278.15538 11853.05778 18.898619
13328.15538 11853.05778 20.983932
13378.15538 11853.05778 22.788643
13428.15538 11853.05778 24.284933
13478.15538 11853.05778 25.467594
13528.15538 11853.05778 26.307589
13578.15538 11853.05778 26.857309
13628.15538 11853.05778 27.121353
13678.15538 11853.05778 27.131245
13728.15538 11853.05778 26.905098
13778.15538 11853.05778 26.492064
13828.15538 11853.05778 25.980928
13878.15538 11853.05778 25.503832
13928.15538 11853.05778 25.209249
13978.15538 11853.05778 25.177143
14028.15538 11853.05778 25.428282
14078.15538 11853.05778 25.924034
14128.15538 11853.05778 26.593174
14178.15538 11853.05778 27.268888
14228.15538 11853.05778 27.827784
14278.15538 11853.05778 28.182564
14328.15538 11853.05778 28.28931
14378.15538 11853.05778 28.162865
14428.15538 11853.05778 27.749836
14478.15538 11853.05778 27.036669
14528.15538 11853.05778 26.041012
14578.15538 11853.05778 24.799343
14628.15538 11853.05778 23.332024
14678.15538 11853.05778 21.665926
14728.15538 11853.05778 19.841934
14778.15538 11853.05778 17.863937
14828.15538 11853.05778 15.780101
14878.15538 11853.05778 13.60457
14928.15538 11853.05778 11.348786
14978.15538 11853.05778 9.050471
15028.15538 11853.05778 6.771021
15078.15538 11853.05778 4.536097
15128.15538 11853.05778 2.380282
15178.15538 11853.05778 0.356082
15228.15538 11853.05778 -1.514857
15278.15538 11853.05778 -3.213404
15328.15538 11853.05778 -4.717948
15378.15538 11853.05778 -5.987047
15428.15538 11853.05778 -6.985495
15478.15538 11853.05778 -7.706668
15528.15538 11853.05778 -8.177888
15578.15538 11853.05778 -8.42422
15628.15538 11853.05778 -8.451189
15678.15538 11853.05778 -8.264359
15728.15538 11853.05778 -7.890712
15778.15538 11853.05778 -7.346345
15828.15538 11853.05778 -6.661933
15878.15538 11853.05778 -5.881991
15928.15538 11853.05778 -5.045683
15978.15538 11853.05778 -4.204365
16028.15538 11853.05778 -3.362693
12578.15538 11903.05778 -21.50568
12628.15538 11903.05778 -18.758156
12678.15538 11903.05778 -16.019804
12728.15538 11903.05778 -13.264955
12778.15538 11903.05778 -10.478985
12828.15538 11903.05778 -7.629792
12878.15538 11903.05778 -4.74485
12928.15538 11903.05778 -1.857633
12978.15538 11903.05778 0.963406
13028.15538 11903.05778 3.690081
13078.15538 11903.05778 6.319122
13128.15538 11903.05778 8.809299
13178.15538 11903.05778 11.117663
13228.15538 11903.05778 13.207122
13278.15538 11903.05778 15.071905
13328.15538 11903.05778 16.692509
13378.15538 11903.05778 18.03043
13428.15538 11903.05778 19.076286
13478.15538 11903.05778 19.812006
13528.15538 11903.05778 20.238901
13578.15538 11903.05778 20.358282
13628.15538 11903.05778 20.196596
13678.15538 11903.05778 19.793846
13728.15538 11903.05778 19.175394
13778.15538 11903.05778 18.367779
13828.15538 11903.05778 17.45792
13878.15538 11903.05778 16.605354
13928.15538 11903.05778 16.004078
13978.15538 11903.05778 15.836203
14028.15538 11903.05778 16.179394
14078.15538 11903.05778 16.959793
14128.15538 11903.05778 17.981161
14178.15538 11903.05778 19.044374
14228.15538 11903.05778 20.001545
14278.15538 11903.05778 20.780565
14328.15538 11903.05778 21.342346
14378.15538 11903.05778 21.670586
14428.15538 11903.05778 21.714178
14478.15538 11903.05778 21.442228
14528.15538 11903.05778 20.906054
14578.15538 11903.05778 20.119696
14628.15538 11903.05778 19.100496
14678.15538 11903.05778 17.887688
14728.15538 11903.05778 16.510744
14778.15538 11903.05778 14.966634
14828.15538 11903.05778 13.307147
14878.15538 11903.05778 11.528942
14928.15538 11903.05778 9.636674
14978.15538 11903.05778 7.67699
15028.15538 11903.05778 5.694285
15078.15538 11903.05778 3.74844
15128.15538 11903.05778 1.866881
15178.15538 11903.05778 0.084219
15228.15538 11903.05778 -1.578396
15278.15538 11903.05778 -3.093324
15328.15538 11903.05778 -4.406544
15378.15538 11903.05778 -5.516075
15428.15538 11903.05778 -6.369133
15478.15538 11903.05778 -6.951233
15528.15538 11903.05778 -7.290463
15578.15538 11903.05778 -7.421474
15628.15538 11903.05778 -7.344592
15678.15538 11903.05778 -7.069838
15728.15538 11903.05778 -6.618902
15778.15538 11903.05778 -5.998497
15828.15538 11903.05778 -5.219001
15878.15538 11903.05778 -4.288779
15928.15538 11903.05778 -3.277088
15978.15538 11903.05778 -2.250686
16028.15538 11903.05778 -1.212223
12578.15538 11953.05778 -18.978769
12628.15538 11953.05778 -16.570667
12678.15538 11953.05778 -14.195053
12728.15538 11953.05778 -11.820308
12778.15538 11953.05778 -9.422309
12828.15538 11953.05778 -7.00934
12878.15538 11953.05778 -4.569278
12928.15538 11953.05778 -2.125448
12978.15538 11953.05778 0.259452
13028.15538 11953.05778 2.528477
13078.15538 11953.05778 4.696693
13128.15538 11953.05778 6.717688
13178.15538 11953.05778 8.568905
13228.15538 11953.05778 10.230525
13278.15538 11953.05778 11.665542
13328.15538 11953.05778 12.85952
13378.15538 11953.05778 13.774982
13428.15538 11953.05778 14.400808
13478.15538 11953.05778 14.739848
13528.15538 11953.05778 14.755637
13578.15538 11953.05778 14.479755
13628.15538 11953.05778 13.932582
13678.15538 11953.05778 13.161862
13728.15538 11953.05778 12.208723
13778.15538 11953.05778 11.079309
13828.15538 11953.05778 9.848285
13878.15538 11953.05778 8.664953
13928.15538 11953.05778 7.729285
13978.15538 11953.05778 7.347875
14028.15538 11953.05778 7.854176
14078.15538 11953.05778 8.938599
14128.15538 11953.05778 10.268994
14178.15538 11953.05778 11.648427
14228.15538 11953.05778 12.940052
14278.15538 11953.05778 14.073107
14328.15538 11953.05778 15.019884
14378.15538 11953.05778 15.733736
14428.15538 11953.05778 16.158901
14478.15538 11953.05778 16.29056
14528.15538 11953.05778 16.163322
14578.15538 11953.05778 15.797355
14628.15538 11953.05778 15.194016
14678.15538 11953.05778 14.384654
14728.15538 11953.05778 13.372084
14778.15538 11953.05778 12.200265
14828.15538 11953.05778 10.894312
14878.15538 11953.05778 9.47127
14928.15538 11953.05778 7.912884
14978.15538 11953.05778 6.261459
15028.15538 11953.05778 4.567587
15078.15538 11953.05778 2.890094
15128.15538 11953.05778 1.265467
15178.15538 11953.05778 -0.290547
15228.15538 11953.05778 -1.749042
15278.15538 11953.05778 -3.06692
15328.15538 11953.05778 -4.211869
15378.15538 11953.05778 -5.164676
15428.15538 11953.05778 -5.885334
15478.15538 11953.05778 -6.355781
15528.15538 11953.05778 -6.590502
15578.15538 11953.05778 -6.612562
15628.15538 11953.05778 -6.442079
15678.15538 11953.05778 -6.10014
15728.15538 11953.05778 -5.608424
15778.15538 11953.05778 -4.954344
15828.15538 11953.05778 -4.117146
15878.15538 11953.05778 -3.108531
15928.15538 11953.05778 -1.983913
15978.15538 11953.05778 -0.79987
16028.15538 11953.05778 0.377499
12578.15538 12003.05778 -15.855149
12628.15538 12003.05778 -13.826787
12678.15538 12003.05778 -11.837305
12728.15538 12003.05778 -9.865959
12778.15538 12003.05778 -7.86992
12828.15538 12003.05778 -5.874
12878.15538 12003.05778 -3.904683
12928.15538 12003.05778 -1.934384
12978.15538 12003.05778 -0.0
13028.15538 12003.05778 1.818329
13078.15538 12003.05778 3.52842
13128.15538 12003.05778 5.098338
13178.15538 12003.05778 6.509454
13228.15538 12003.05778 7.738469
13278.15538 12003.05778 8.767015
13328.15538 12003.05778 9.552628
13378.15538 12003.05778 10.078214
13428.15538 12003.05778 10.321092
13478.15538 12003.05778 10.263927
13528.15538 12003.05778 9.910588
13578.15538 12003.05778 9.271081
13628.15538 12003.05778 8.389814
13678.15538 12003.05778 7.31138
13728.15538 12003.05778 6.065342
13778.15538 12003.05778 4.688535
13828.15538 12003.05778 3.249792
13878.15538 12003.05778 1.869673
13928.15538 12003.05778 0.697464
13978.15538 12003.05778 -0.0
14028.15538 12003.05778 0.788411
14078.15538 12003.05778 2.099483
14128.15538 12003.05778 3.607117
14178.15538 12003.05778 5.181158
14228.15538 12003.05778 6.710752
14278.15538 12003.05778 8.124432
14328.15538 12003.05778 9.368374
14378.15538 12003.05778 10.394141
14428.15538 12003.05778 11.144877
14478.15538 12003.05778 11.62176
14528.15538 12003.05778 11.862058
14578.15538 12003.05778 11.859686
14628.15538 12003.05778 11.63426
14678.15538 12003.05778 11.171905
14728.15538 12003.05778 10.486618
14778.15538 12003.05778 9.62021
14828.15538 12003.05778 8.616334
14878.15538 12003.05778 7.478577
14928.15538 12003.05778 6.217248
14978.15538 12003.05778 4.851136
15028.15538 12003.05778 3.426793
15078.15538 12003.05778 2.002893
15128.15538 12003.05778 0.609095
15178.15538 12003.05778 -0.726734
15228.15538 12003.05778 -1.976286
15278.15538 12003.05778 -3.119345
15328.15538 12003.05778 -4.11973
15378.15538 12003.05778 -4.933382
15428.15538 12003.05778 -5.54042
15478.15538 12003.05778 -5.919829
15528.15538 12003.05778 -6.059239
15578.15538 12003.05778 -6.001355
15628.15538 12003.05778 -5.761757
15678.15538 12003.05778 -5.375617
15728.15538 12003.05778 -4.868428
15778.15538 12003.05778 -4.216002
15828.15538 12003.05778 -3.392197
15878.15538 12003.05778 -2.395308
15928.15538 12003.05778 -1.249191
15978.15538 12003.05778 -0.0
16028.15538 12003.05778 1.175576
12578.15538 12053.05778 -12.135581
12628.15538 12053.05778 -10.531119
12678.15538 12053.05778 -8.9493
12728.15538 12053.05778 -7.377083
12778.15538 12053.05778 -5.796615
12828.15538 12053.05778 -4.24514
12878.15538 12053.05778 -2.733878
12928.15538 12053.05778 -1.250646
12978.15538 12053.05778 0.200429
13028.15538 12053.05778 1.567595
13078.15538 12053.05778 2.84268
13128.15538 12053.05778 3.986794
13178.15538 12053.05778 4.975415
13228.15538 12053.05778 5.802535
13278.15538 12053.05778 6.433925
13328.15538 12053.05778 6.841601
13378.15538 12053.05778 6.981173
13428.15538 12053.05778 6.844655
13478.15538 12053.05778 6.420479
13528.15538 12053.05778 5.718174
13578.15538 12053.05778 4.780807
13628.15538 12053.05778 3.620315
13678.15538 12053.05778 2.274679
13728.15538 12053.05778 0.797472
13778.15538 12053.05778 -0.759475
13828.15538 12053.05778 -2.295025
13878.15538 12053.05778 -3.678807
13928.15538 12053.05778 -4.742733
13978.15538 12053.05778 -5.187248
14028.15538 12053.05778 -4.654004
14078.15538 12053.05778 -3.469574
14128.15538 12053.05778 -1.94819
14178.15538 12053.05778 -0.300613
14228.15538 12053.05778 1.364437
14278.15538 12053.05778 2.963655
14328.15538 12053.05778 4.428179
14378.15538 12053.05778 5.702414
14428.15538 12053.05778 6.722315
14478.15538 12053.05778 7.491697
14528.15538 12053.05778 8.021252
14578.15538 12053.05778 8.330509
14628.15538 12053.05778 8.406312
14678.15538 12053.05778 8.243304
14728.15538 12053.05778 7.845382
14778.15538 12053.05778 7.262153
14828.15538 12053.05778 6.501682
14878.15538 12053.05778 5.603547
14928.15538 12053.05778 4.585892
14978.15538 12053.05778 3.483204
15028.15538 12053.05778 2.314081
15078.15538 12053.05778 1.124946
15128.15538 12053.05778 -0.051325
15178.15538 12053.05778 -1.177179
15228.15538 12053.05778 -2.243799
15278.15538 12053.05778 -3.230793
15328.15538 12053.05778 -4.108709
15378.15538 12053.05778 -4.809223
15428.15538 12053.05778 -5.328205
15478.15538 12053.05778 -5.626434
15528.15538 12053.05778 -5.69865
15578.15538 12053.05778 -5.58521
15628.15538 12053.05778 -5.322024
15678.15538 12053.05778 -4.916953
15728.15538 12053.05778 -4.415022
15778.15538 12053.05778 -3.802624
15828.15538 12053.05778 -3.058815
15878.15538 12053.05778 -2.172458
15928.15538 12053.05778 -1.150042
15978.15538 12053.05778 -0.056139
16028.15538 12053.05778 1.023327
12578.15538 12103.05778 -7.874133
12628.15538 12103.05778 -6.684938
12678.15538 12103.05778 -5.516736
12728.15538 12103.05778 -4.360337
12778.15538 12103.05778 -3.227773
12828.15538 12103.05778 -2.126367
12878.15538 12103.05778 -1.077465
12928.15538 12103.05778 -0.059091
12978.15538 12103.05778 0.922812
13028.15538 12103.05778 1.853297
13078.15538 12103.05778 2.691394
13128.15538 12103.05778 3.406786
13178.15538 12103.05778 3.99887
13228.15538 12103.05778 4.436815
13278.15538 12103.05778 4.686262
13328.15538 12103.05778 4.712436
13378.15538 12103.05778 4.486128
13428.15538 12103.05778 3.991614
13478.15538 12103.05778 3.235895
13528.15538 12103.05778 2.237151
13578.15538 12103.05778 1.019419
13628.15538 12103.05778 -0.378391
13678.15538 12103.05778 -1.929602
13728.15538 12103.05778 -3.577054
13778.15538 12103.05778 -5.211637
13828.15538 12103.05778 -6.739745
13878.15538 12103.05778 -8.016742
13928.15538 12103.05778 -8.878119
13978.15538 12103.05778 -9.166158
14028.15538 12103.05778 -8.786208
14078.15538 12103.05778 -7.799576
14128.15538 12103.05778 -6.401093
14178.15538 12103.05778 -4.78374
14228.15538 12103.05778 -3.081115
14278.15538 12103.05778 -1.393417
14328.15538 12103.05778 0.224526
14378.15538 12103.05778 1.683271
14428.15538 12103.05778 2.917421
14478.15538 12103.05778 3.90102
14528.15538 12103.05778 4.664372
14578.15538 12103.05778 5.198566
14628.15538 12103.05778 5.522804
14678.15538 12103.05778 5.591643
14728.15538 12103.05778 5.444754
14778.15538 12103.05778 5.10052
14828.15538 12103.05778 4.573032
14878.15538 12103.05778 3.887675
14928.15538 12103.05778 3.08241
14978.15538 12103.05778 2.194247
15028.15538 12103.05778 1.252761
15078.15538 12103.05778 0.286137
15128.15538 12103.05778 -0.690066
15178.15538 12103.05778 -1.64
15228.15538 12103.05778 -2.541815
15278.15538 12103.05778 -3.399675
15328.15538 12103.05778 -4.150781
15378.15538 12103.05778 -4.767274
15428.15538 12103.05778 -5.209599
15478.15538 12103.05778 -5.471469
15528.15538 12103.05778 -5.512029
15578.15538 12103.05778 -5.379235
15628.15538 12103.05778 -5.111533
15678.15538 12103.05778 -4.735435
15728.15538 12103.05778 -4.263999
15778.15538 12103.05778 -3.737239
15828.15538 12103.05778 -3.146525
15878.15538 12103.05778 -2.450344
15928.15538 12103.05778 -1.662506
15978.15538 12103.05778 -0.828502
16028.15538 12103.05778 0.016563
12578.15538 12153.05778 -3.080482
12628.15538 12153.05778 -2.336413
12678.15538 12153.05778 -1.597535
12728.15538 12153.05778 -0.872897
12778.15538 12153.05778 -0.185033
12828.15538 12153.05778 0.463576
12878.15538 12153.05778 1.059212
12928.15538 12153.05778 1.634791
12978.15538 12153.05778 2.180709
13028.15538 12153.05778 2.673824
13078.15538 12153.05778 3.079109
13128.15538 12153.05778 3.389548
13178.15538 12153.05778 3.583306
13228.15538 12153.05778 3.629488
13278.15538 12153.05778 3.492425
13328.15538 12153.05778 3.146296
13378.15538 12153.05778 2.583952
13428.15538 12153.05778 1.776777
13478.15538 12153.05778 0.727912
13528.15538 12153.05778 -0.541886
13578.15538 12153.05778 -1.997944
13628.15538 12153.05778 -3.594275
13678.15538 12153.05778 -5.306675
13728.15538 12153.05778 -7.039653
13778.15538 12153.05778 -8.703944
13828.15538 12153.05778 -10.169783
13878.15538 12153.05778 -11.312129
13928.15538 12153.05778 -12.014689
13978.15538 12153.05778 -12.227495
14028.15538 12153.05778 -11.915625
14078.15538 12153.05778 -11.094141
14128.15538 12153.05778 -9.847591
14178.15538 12153.05778 -8.32472
14228.15538 12153.05778 -6.66299
14278.15538 12153.05778 -4.940561
14328.15538 12153.05778 -3.257964
14378.15538 12153.05778 -1.68583
14428.15538 12153.05778 -0.302452
14478.15538 12153.05778 0.851663
14528.15538 12153.05778 1.775586
14578.15538 12153.05778 2.483024
14628.15538 12153.05778 2.97054
14678.15538 12153.05778 3.232574
14728.15538 12153.05778 3.273656
14778.15538 12153.05778 3.143933
14828.15538 12153.05778 2.819869
14878.15538 12153.05778 2.345033
14928.15538 12153.05778 1.735857
14978.15538 12153.05778 1.03854
15028.15538 12153.05778 0.291231
15078.15538 12153.05778 -0.504073
15128.15538 12153.05778 -1.310649
15178.15538 12153.05778 -2.115693
15228.15538 12153.05778 -2.881136
15278.15538 12153.05778 -3.601815
15328.15538 12153.05778 -4.258659
15378.15538 12153.05778 -4.806227
15428.15538 12153.05778 -5.200776
15478.15538 12153.05778 -5.421731
15528.15538 12153.05778 -5.469812
15578.15538 12153.05778 -5.361125
15628.15538 12153.05778 -5.135657
15678.15538 12153.05778 -4.826229
15728.15538 12153.05778 -4.461056
15778.15538 12153.05778 -4.075316
15828.15538 12153.05778 -3.679188
15878.15538 12153.05778 -3.240929
15928.15538 12153.05778 -2.76411
15978.15538 12153.05778 -2.245226
16028.15538 12153.05778 -1.731562
12578.15538 12203.05778 2.159139
12628.15538 12203.05778 2.462674
12678.15538 12203.05778 2.757515
12728.15538 12203.05778 3.040085
12778.15538 12203.05778 3.298986
12828.15538 12203.05778 3.501281
12878.15538 12203.05778 3.665914
12928.15538 12203.05778 3.818725
12978.15538 12203.05778 3.937273
13028.15538 12203.05778 4.010344
13078.15538 12203.05778 4.00966
13128.15538 12203.05778 3.919688
13178.15538 12203.05778 3.724066
13228.15538 12203.05778 3.371325
13278.15538 12203.05778 2.847758
13328.15538 12203.05778 2.144913
13378.15538 12203.05778 1.258003
13428.15538 12203.05778 0.166073
13478.15538 12203.05778 -1.134042
13528.15538 12203.05778 -2.637827
13578.15538 12203.05778 -4.279391
13628.15538 12203.05778 -6.042293
13678.15538 12203.05778 -7.864609
13728.15538 12203.05778 -9.659724
13778.15538 12203.05778 -11.322484
13828.15538 12203.05778 -12.727334
13878.15538 12203.05778 -13.75931
13928.15538 12203.05778 -14.378896
13978.15538 12203.05778 -14.557556
14028.15538 12203.05778 -14.270004
14078.15538 12203.05778 -13.542644
14128.15538 12203.05778 -12.43263
14178.15538 12203.05778 -11.042242
14228.15538 12203.05778 -9.455474
14278.15538 12203.05778 -7.764032
14328.15538 12203.05778 -6.066305
14378.15538 12203.05778 -4.448415
14428.15538 12203.05778 -2.97141
14478.15538 12203.05778 -1.711169
14528.15538 12203.05778 -0.672629
14578.15538 12203.05778 0.157579
14628.15538 12203.05778 0.783642
14678.15538 12203.05778 1.187597
14728.15538 12203.05778 1.387606
14778.15538 12203.05778 1.422192
14828.15538 12203.05778 1.297023
14878.15538 12203.05778 1.013346
14928.15538 12203.05778 0.578245
14978.15538 12203.05778 0.051897
15028.15538 12203.05778 -0.551361
15078.15538 12203.05778 -1.206252
15128.15538 12203.05778 -1.899404
15178.15538 12203.05778 -2.58803
15228.15538 12203.05778 -3.251252
15278.15538 12203.05778 -3.866693
15328.15538 12203.05778 -4.423809
15378.15538 12203.05778 -4.913085
15428.15538 12203.05778 -5.286973
15478.15538 12203.05778 -5.511046
15528.15538 12203.05778 -5.57979
15578.15538 12203.05778 -5.536719
15628.15538 12203.05778 -5.403702
15678.15538 12203.05778 -5.218532
15728.15538 12203.05778 -5.014109
15778.15538 12203.05778 -4.828959
15828.15538 12203.05778 -4.676516
15878.15538 12203.05778 -4.53686
15928.15538 12203.05778 -4.387894
15978.15538 12203.05778 -4.237469
16028.15538 12203.05778 -4.092697
12578.15538 12253.05778 7.739903
12628.15538 12253.05778 7.614655
12678.15538 12253.05778 7.486443
12728.15538 12253.05778 7.351009
12778.15538 12253.05778 7.182906
12828.15538 12253.05778 6.958506
12878.15538 12253.05778 6.717904
12928.15538 12253.05778 6.454573
12978.15538 12253.05778 6.16901
13028.15538 12253.05778 5.841251
13078.15538 12253.05778 5.460332
13128.15538 12253.05778 4.988293
13178.15538 12253.05778 4.393993
13228.15538 12253.05778 3.648123
13278.15538 12253.05778 2.745607
13328.15538 12253.05778 1.696413
13378.15538 12253.05778 0.497284
13428.15538 12253.05778 -0.852089
13478.15538 12253.05778 -2.379596
13528.15538 12253.05778 -4.073818
13578.15538 12253.05778 -5.884353
13628.15538 12253.05778 -7.778212
13678.15538 12253.05778 -9.688464
13728.15538 12253.05778 -11.525846
13778.15538 12253.05778 -13.173697
13828.15538 12253.05778 -14.542051
13878.15538 12253.05778 -15.529918
13928.15538 12253.05778 -16.116291
13978.15538 12253.05778 -16.276413
14028.15538 12253.05778 -16.002489
14078.15538 12253.05778 -15.333765
14128.15538 12253.05778 -14.330245
14178.15538 12253.05778 -13.050081
14228.15538 12253.05778 -11.581087
14278.15538 12253.05778 -9.956731
14328.15538 12253.05778 -8.293247
14378.15538 12253.05778 -6.664825
14428.15538 12253.05778 -5.16089
14478.15538 12253.05778 -3.834331
14528.15538 12253.05778 -2.707206
14578.15538 12253.05778 -1.773125
14628.15538 12253.05778 -1.045677
14678.15538 12253.05778 -0.504768
14728.15538 12253.05778 -0.160562
14778.15538 12253.05778 -0.000133
14828.15538 12253.05778 0.063562
14878.15538 12253.05778 -0.073708
14928.15538 12253.05778 -0.369464
14978.15538 12253.05778 -0.77963
15028.15538 12253.05778 -1.273654
15078.15538 12253.05778 -1.818774
15128.15538 12253.05778 -2.430237
15178.15538 12253.05778 -3.043877
15228.15538 12253.05778 -3.637081
15278.15538 12253.05778 -4.188074
15328.15538 12253.05778 -4.678455
15378.15538 12253.05778 -5.107419
15428.15538 12253.05778 -5.466403
15478.15538 12253.05778 -5.727392
15528.15538 12253.05778 -5.887209
15578.15538 12253.05778 -5.939492
15628.15538 12253.05778 -5.944307
15678.15538 12253.05778 -5.922094
15728.15538 12253.05778 -5.936179
15778.15538 12253.05778 -6.005322
15828.15538 12253.05778 -6.134925
15878.15538 12253.05778 -6.321442
15928.15538 12253.05778 -6.531598
15978.15538 12253.05778 -6.756826
16028.15538 12253.05778 -6.997395
12578.15538 12303.05778 13.517512
12628.15538 12303.05778 12.995687
12678.15538 12303.05778 12.480273
12728.15538 12303.05778 11.957998
12778.15538 12303.05778 11.401149
12828.15538 12303.05778 10.810506
12878.15538 12303.05778 10.18963
12928.15538 12303.05778 9.535254
12978.15538 12303.05778 8.857851
13028.15538 12303.05778 8.150077
13078.15538 12303.05778 7.392081
13128.15538 12303.05778 6.546501
13178.15538 12303.05778 5.5611
13228.15538 12303.05778 4.437121
13278.15538 12303.05778 3.171899
13328.15538 12303.05778 1.787395
13378.15538 12303.05778 0.300588
13428.15538 12303.05778 -1.30447
13478.15538 12303.05778 -3.036491
13528.15538 12303.05778 -4.904841
13578.15538 12303.05778 -6.859235
13628.15538 12303.05778 -8.86503
13678.15538 12303.05778 -10.840022
13728.15538 12303.05778 -12.712852
13778.15538 12303.05778 -14.379426
13828.15538 12303.05778 -15.742531
13878.15538 12303.05778 -16.731543
13928.15538 12303.05778 -17.314678
13978.15538 12303.05778 -17.480869
14028.15538 12303.05778 -17.236317
14078.15538 12303.05778 -16.621836
14128.15538 12303.05778 -15.699336
14178.15538 12303.05778 -14.525638
14228.15538 12303.05778 -13.146197
14278.15538 12303.05778 -11.614705
14328.15538 12303.05778 -10.00913
14378.15538 12303.05778 -8.420124
14428.15538 12303.05778 -6.918849
14478.15538 12303.05778 -5.561717
14528.15538 12303.05778 -4.358834
14578.15538 12303.05778 -3.337077
14628.15538 12303.05778 -2.497346
14678.15538 12303.05778 -1.844244
14728.15538 12303.05778 -1.364755
14778.15538 12303.05778 -1.045665
14828.15538 12303.05778 -0.896518
14878.15538 12303.05778 -0.925511
14928.15538 12303.05778 -1.125709
14978.15538 12303.05778 -1.448786
15028.15538 12303.05778 -1.86637
15078.15538 12303.05778 -2.358165
15128.15538 12303.05778 -2.90168
15178.15538 12303.05778 -3.472227
15228.15538 12303.05778 -4.027266
15278.15538 12303.05778 -4.545118
15328.15538 12303.05778 -5.002376
15378.15538 12303.05778 -5.405397
15428.15538 12303.05778 -5.780933
15478.15538 12303.05778 -6.11355
15528.15538 12303.05778 -6.382449
15578.15538 12303.05778 -6.599628
15628.15538 12303.05778 -6.782054
15678.15538 12303.05778 -6.991229
15728.15538 12303.05778 -7.252885
15778.15538 12303.05778 -7.602157
15828.15538 12303.05778 -8.041448
15878.15538 12303.05778 -8.568229
15928.15538 12303.05778 -9.155684
15978.15538 12303.05778 -9.773063
16028.15538 12303.05778 -10.391097
12578.15538 12353.05778 19.397951
12628.15538 12353.05778 18.522383
12678.15538 12353.05778 17.657051
12728.15538 12353.05778 16.787638
12778.15538 12353.05778 15.898918
12828.15538 12353.05778 14.97858
12878.15538 12353.05778 14.013628
12928.15538 12353.05778 13.007036
12978.15538 12353.05778 11.967835
13028.15538 12353.05778 10.890069
13078.15538 12353.05778 9.753387
13128.15538 12353.05778 8.534466
13178.15538 12353.05778 7.187258
13228.15538 12353.05778 5.711263
13278.15538 12353.05778 4.114708
13328.15538 12353.05778 2.429316
13378.15538 12353.05778 0.645586
13428.15538 12353.05778 -1.217882
13478.15538 12353.05778 -3.159835
13528.15538 12353.05778 -5.17239
13578.15538 12353.05778 -7.24603
13628.15538 12353.05778 -9.331003
13678.15538 12353.05778 -11.388293
13728.15538 12353.05778 -13.303193
13778.15538 12353.05778 -15.005445
13828.15538 12353.05778 -16.387278
13878.15538 12353.05778 -17.408152
13928.15538 12353.05778 -18.015722
13978.15538 12353.05778 -18.216114
14028.15538 12353.05778 -18.025476
14078.15538 12353.05778 -17.492891
14128.15538 12353.05778 -16.643888
14178.15538 12353.05778 -15.560637
14228.15538 12353.05778 -14.273327
14278.15538 12353.05778 -12.837071
14328.15538 12353.05778 -11.305365
14378.15538 12353.05778 -9.767704
14428.15538 12353.05778 -8.292302
14478.15538 12353.05778 -6.90497
14528.15538 12353.05778 -5.65145
14578.15538 12353.05778 -4.558761
14628.15538 12353.05778 -3.618725
14678.15538 12353.05778 -2.846272
14728.15538 12353.05778 -2.240859
14778.15538 12353.05778 -1.823873
14828.15538 12353.05778 -1.600327
14878.15538 12353.05778 -1.562504
14928.15538 12353.05778 -1.695281
14978.15538 12353.05778 -1.966171
15028.15538 12353.05778 -2.328795
15078.15538 12353.05778 -2.775826
15128.15538 12353.05778 -3.288538
15178.15538 12353.05778 -3.852568
15228.15538 12353.05778 -4.403072
15278.15538 12353.05778 -4.918631
15328.15538 12353.05778 -5.380687
15378.15538 12353.05778 -5.818486
15428.15538 12353.05778 -6.251707
15478.15538 12353.05778 -6.69577
15528.15538 12353.05778 -7.118369
15578.15538 12353.05778 -7.528749
15628.15538 12353.05778 -7.950256
15678.15538 12353.05778 -8.434515
15728.15538 12353.05778 -8.994787
15778.15538 12353.05778 -9.645149
15828.15538 12353.05778 -10.396437
15878.15538 12353.05778 -11.260626
15928.15538 12353.05778 -12.219061
15978.15538 12353.05778 -13.226144
16028.15538 12353.05778 -14.240457
12578.15538 12403.05778 25.320196
12628.15538 12403.05778 24.141426
12678.15538 12403.05778 22.964802
12728.15538 12403.05778 21.790155
12778.15538 12403.05778 20.596209
12828.15538 12403.05778 19.396038
12878.15538 12403.05778 18.128626
12928.15538 12403.05778 16.800919
12978.15538 12403.05778 15.42359
13028.15538 12403.05778 13.984701
13078.15538 12403.05778 12.483868
13128.15538 12403.05778 10.914942
13178.15538 12403.05778 9.242021
13228.15538 12403.05778 7.449264
13278.15538 12403.05778 5.557588
13328.15538 12403.05778 3.571306
13378.15538 12403.05778 1.51576
13428.15538 12403.05778 -0.602283
13478.15538 12403.05778 -2.754749
13528.15538 12403.05778 -4.915261
13578.15538 12403.05778 -7.089848
13628.15538 12403.05778 -9.254051
13678.15538 12403.05778 -11.363791
13728.15538 12403.05778 -13.338678
13778.15538 12403.05778 -15.086731
13828.15538 12403.05778 -16.522564
13878.15538 12403.05778 -17.597174
13928.15538 12403.05778 -18.260647
13978.15538 12403.05778 -18.526337
14028.15538 12403.05778 -18.418987
14078.15538 12403.05778 -17.973356
14128.15538 12403.05778 -17.230864
14178.15538 12403.05778 -16.23608
14228.15538 12403.05778 -15.03456
14278.15538 12403.05778 -13.682519
14328.15538 12403.05778 -12.233427
14378.15538 12403.05778 -10.752902
14428.15538 12403.05778 -9.288766
14478.15538 12403.05778 -7.897561
14528.15538 12403.05778 -6.621569
14578.15538 12403.05778 -5.461567
14628.15538 12403.05778 -4.43845
14678.15538 12403.05778 -3.560385
14728.15538 12403.05778 -2.871786
14778.15538 12403.05778 -2.377909
14828.15538 12403.05778 -2.095445
14878.15538 12403.05778 -2.007289
14928.15538 12403.05778 -2.088433
14978.15538 12403.05778 -2.311357
15028.15538 12403.05778 -2.6527
15078.15538 12403.05778 -3.080744
15128.15538 12403.05778 -3.589656
15178.15538 12403.05778 -4.151841
15228.15538 12403.05778 -4.73249
15278.15538 12403.05778 -5.298055
15328.15538 12403.05778 -5.826661
15378.15538 12403.05778 -6.358389
15428.15538 12403.05778 -6.915364
15478.15538 12403.05778 -7.494263
15528.15538 12403.05778 -8.101714
15578.15538 12403.05778 -8.757306
15628.15538 12403.05778 -9.476377
15678.15538 12403.05778 -10.282887
15728.15538 12403.05778 -11.159754
15778.15538 12403.05778 -12.122667
15828.15538 12403.05778 -13.194403
15878.15538 12403.05778 -14.395028
15928.15538 12403.05778 -15.699352
15978.15538 12403.05778 -17.065025
16028.15538 12403.05778 -18.449575
12578.15538 12453.05778 31.24571
12628.15538 12453.05778 29.800261
12678.15538 12453.05778 28.360455
12728.15538 12453.05778 26.91046
12778.15538 12453.05778 25.471823
12828.15538 12453.05778 23.999006
12878.15538 12453.05778 22.468887
12928.15538 12453.05778 20.850485
12978.15538 12453.05778 19.16396
13028.15538 12453.05778 17.402531
13078.15538 12453.05778 15.573677
13128.15538 12453.05778 13.677163
13178.15538 12453.05778 11.709781
13228.15538 12453.05778 9.633108
13278.15538 12453.05778 7.445704
13328.15538 12453.05778 5.178407
13378.15538 12453.05778 2.864278
13428.15538 12453.05778 0.5133
13478.15538 12453.05778 -1.831917
13528.15538 12453.05778 -4.15313
13578.15538 12453.05778 -6.434307
13628.15538 12453.05778 -8.673296
13678.15538 12453.05778 -10.82351
13728.15538 12453.05778 -12.842613
13778.15538 12453.05778 -14.651843
13828.15538 12453.05778 -16.173603
13878.15538 12453.05778 -17.31951
13928.15538 12453.05778 -18.073717
13978.15538 12453.05778 -18.432003
14028.15538 12453.05778 -18.433826
14078.15538 12453.05778 -18.111061
14128.15538 12453.05778 -17.489983
14178.15538 12453.05778 -16.587942
14228.15538 12453.05778 -15.478766
14278.15538 12453.05778 -14.214152
14328.15538 12453.05778 -12.840287
14378.15538 12453.05778 -11.402248
14428.15538 12453.05778 -9.956336
14478.15538 12453.05778 -8.572774
14528.15538 12453.05778 -7.270402
14578.15538 12453.05778 -6.075456
14628.15538 12453.05778 -4.989997
14678.15538 12453.05778 -4.049048
14728.15538 12453.05778 -3.285309
14778.15538 12453.05778 -2.743744
14828.15538 12453.05778 -2.417062
14878.15538 12453.05778 -2.282928
14928.15538 12453.05778 -2.318717
14978.15538 12453.05778 -2.505374
15028.15538 12453.05778 -2.838666
15078.15538 12453.05778 -3.282345
15128.15538 12453.05778 -3.807673
15178.15538 12453.05778 -4.388681
15228.15538 12453.05778 -5.01802
15278.15538 12453.05778 -5.672959
15328.15538 12453.05778 -6.344794
15378.15538 12453.05778 -7.03138
15428.15538 12453.05778 -7.758482
15478.15538 12453.05778 -8.53254
15528.15538 12453.05778 -9.381995
15578.15538 12453.05778 -10.314963
15628.15538 12453.05778 -11.357934
15678.15538 12453.05778 -12.503353
15728.15538 12453.05778 -13.728601
15778.15538 12453.05778 -15.036805
15828.15538 12453.05778 -16.445721
15878.15538 12453.05778 -17.968048
15928.15538 12453.05778 -19.588892
15978.15538 12453.05778 -21.259823
16028.15538 12453.05778 -22.964748
12578.15538 12503.05778 37.137604
12628.15538 12503.05778 35.476658
12678.15538 12503.05778 33.795425
12728.15538 12503.05778 32.119129
12778.15538 12503.05778 30.444319
12828.15538 12503.05778 28.738552
12878.15538 12503.05778 26.961523
12928.15538 12503.05778 25.09906
12978.15538 12503.05778 23.143785
13028.15538 12503.05778 21.111248
13078.15538 12503.05778 18.990517
13128.15538 12503.05778 16.804737
13178.15538 12503.05778 14.551123
13228.15538 12503.05778 12.204452
13278.15538 12503.05778 9.753415
13328.15538 12503.05778 7.226617
13378.15538 12503.05778 4.669759
13428.15538 12503.05778 2.109621
13478.15538 12503.05778 -0.435039
13528.15538 12503.05778 -2.911905
13578.15538 12503.05778 -5.316398
13628.15538 12503.05778 -7.610723
13678.15538 12503.05778 -9.809299
13728.15538 12503.05778 -11.877928
13778.15538 12503.05778 -13.756053
13828.15538 12503.05778 -15.362679
13878.15538 12503.05778 -16.615063
13928.15538 12503.05778 -17.482563
13978.15538 12503.05778 -17.973215
14028.15538 12503.05778 -18.115705
14078.15538 12503.05778 -17.933758
14128.15538 12503.05778 -17.448528
14178.15538 12503.05778 -16.673359
14228.15538 12503.05778 -15.655372
14278.15538 12503.05778 -14.468222
14328.15538 12503.05778 -13.164264
14378.15538 12503.05778 -11.769712
14428.15538 12503.05778 -10.359961
14478.15538 12503.05778 -8.964404
14528.15538 12503.05778 -7.63379
14578.15538 12503.05778 -6.389038
14628.15538 12503.05778 -5.278264
14678.15538 12503.05778 -4.306952
14728.15538 12503.05778 -3.520253
14778.15538 12503.05778 -2.945046
14828.15538 12503.05778 -2.589035
14878.15538 12503.05778 -2.41386
14928.15538 12503.05778 -2.406759
14978.15538 12503.05778 -2.587221
15028.15538 12503.05778 -2.934129
15078.15538 12503.05778 -3.395965
15128.15538 12503.05778 -3.949142
15178.15538 12503.05778 -4.577007
15228.15538 12503.05778 -5.29362
15278.15538 12503.05778 -6.084448
15328.15538 12503.05778 -6.939726
15378.15538 12503.05778 -7.830025
15428.15538 12503.05778 -8.793758
15478.15538 12503.05778 -9.825135
15528.15538 12503.05778 -10.949346
15578.15538 12503.05778 -12.197438
15628.15538 12503.05778 -13.590857
15678.15538 12503.05778 -15.098571
15728.15538 12503.05778 -16.692396
15778.15538 12503.05778 -18.366629
15828.15538 12503.05778 -20.121868
15878.15538 12503.05778 -21.962414
15928.15538 12503.05778 -23.868834
15978.15538 12503.05778 -25.826317
16028.15538 12503.05778 -27.802525
12578.15538 12553.05778 42.961746
12628.15538 12553.05778 41.123985
12678.15538 12553.05778 39.247864
12728.15538 12553.05778 37.35931
12778.15538 12553.05778 35.472641
12828.15538 12553.05778 33.556499
12878.15538 12553.05778 31.575403
12928.15538 12553.05778 29.510704
12978.15538 12553.05778 27.347298
13028.15538 12553.05778 25.080681
13078.15538 12553.05778 22.721014
13128.15538 12553.05778 20.272842
13178.15538 12553.05778 17.753685
13228.15538 12553.05778 15.142199
13278.15538 12553.05778 12.447941
13328.15538 12553.05778 9.681966
13378.15538 12553.05778 6.903751
13428.15538 12553.05778 4.13646
13478.15538 12553.05778 1.416884
13528.15538 12553.05778 -1.224669
13578.15538 12553.05778 -3.73319
13628.15538 12553.05778 -6.123758
13678.15538 12553.05778 -8.376484
13728.15538 12553.05778 -10.495384
13778.15538 12553.05778 -12.423413
13828.15538 12553.05778 -14.110653
13878.15538 12553.05778 -15.475499
13928.15538 12553.05778 -16.496084
13978.15538 12553.05778 -17.165396
14028.15538 12553.05778 -17.477972
14078.15538 12553.05778 -17.444246
14128.15538 12553.05778 -17.107788
14178.15538 12553.05778 -16.470533
14228.15538 12553.05778 -15.574154
14278.15538 12553.05778 -14.471439
14328.15538 12553.05778 -13.225829
14378.15538 12553.05778 -11.903306
14428.15538 12553.05778 -10.523412
14478.15538 12553.05778 -9.127689
14528.15538 12553.05778 -7.749446
14578.15538 12553.05778 -6.466683
14628.15538 12553.05778 -5.328433
14678.15538 12553.05778 -4.357174
14728.15538 12553.05778 -3.575686
14778.15538 12553.05778 -2.993692
14828.15538 12553.05778 -2.602275
14878.15538 12553.05778 -2.404286
14928.15538 12553.05778 -2.39174
14978.15538 12553.05778 -2.584404
15028.15538 12553.05778 -2.938186
15078.15538 12553.05778 -3.439297
15128.15538 12553.05778 -4.048139
15178.15538 12553.05778 -4.756162
15228.15538 12553.05778 -5.586874
15278.15538 12553.05778 -6.546893
15328.15538 12553.05778 -7.610322
15378.15538 12553.05778 -8.767032
15428.15538 12553.05778 -10.013815
15478.15538 12553.05778 -11.35192
15528.15538 12553.05778 -12.811179
15578.15538 12553.05778 -14.413654
15628.15538 12553.05778 -16.176632
15678.15538 12553.05778 -18.059975
15728.15538 12553.05778 -20.036186
15778.15538 12553.05778 -22.070221
15828.15538 12553.05778 -24.166599
15878.15538 12553.05778 -26.313282
15928.15538 12553.05778 -28.505123
15978.15538 12553.05778 -30.713732
16028.15538 12553.05778 -32.945271
12578.15538 12603.05778 48.677822
12628.15538 12603.05778 46.673496
12678.15538 12603.05778 44.644199
12728.15538 12603.05778 42.585968
12778.15538 12603.05778 40.519733
12828.15538 12603.05778 38.436825
12878.15538 12603.05778 36.299759
12928.15538 12603.05778 34.074047
12978.15538 12603.05778 31.741915
13028.15538 12603.05778 29.288578
13078.15538 12603.05778 26.720196
13128.15538 12603.05778 24.049725
13178.15538 12603.05778 21.281496
13228.15538 12603.05778 18.428535
13278.15538 12603.05778 15.501156
13328.15538 12603.05778 12.513419
13378.15538 12603.05778 9.524587
13428.15538 12603.05778 6.575896
13478.15538 12603.05778 3.689687
13528.15538 12603.05778 0.911733
13578.15538 12603.05778 -1.737313
13628.15538 12603.05778 -4.232497
13678.15538 12603.05778 -6.563114
13728.15538 12603.05778 -8.716992
13778.15538 12603.05778 -10.705916
13828.15538 12603.05778 -12.465965
13878.15538 12603.05778 -13.959741
13928.15538 12603.05778 -15.153676
13978.15538 12603.05778 -16.012737
14028.15538 12603.05778 -16.507507
14078.15538 12603.05778 -16.653666
14128.15538 12603.05778 -16.469166
14178.15538 12603.05778 -15.989827
14228.15538 12603.05778 -15.22213
14278.15538 12603.05778 -14.224866
14328.15538 12603.05778 -13.066765
14378.15538 12603.05778 -11.807499
14428.15538 12603.05778 -10.463752
14478.15538 12603.05778 -9.067772
14528.15538 12603.05778 -7.676257
14578.15538 12603.05778 -6.365911
14628.15538 12603.05778 -5.202104
14678.15538 12603.05778 -4.238151
14728.15538 12603.05778 -3.470767
14778.15538 12603.05778 -2.878649
14828.15538 12603.05778 -2.476825
14878.15538 12603.05778 -2.274824
14928.15538 12603.05778 -2.284064
14978.15538 12603.05778 -2.486853
15028.15538 12603.05778 -2.878208
15078.15538 12603.05778 -3.432826
15128.15538 12603.05778 -4.125955
15178.15538 12603.05778 -4.956571
15228.15538 12603.05778 -5.937891
15278.15538 12603.05778 -7.081615
15328.15538 12603.05778 -8.383571
15378.15538 12603.05778 -9.833005
15428.15538 12603.05778 -11.405225
15478.15538 12603.05778 -13.102348
15528.15538 12603.05778 -14.934036
15578.15538 12603.05778 -16.945444
15628.15538 12603.05778 -19.103189
15678.15538 12603.05778 -21.367022
15728.15538 12603.05778 -23.705353
15778.15538 12603.05778 -26.094193
15828.15538 12603.05778 -28.524979
15878.15538 12603.05778 -30.978424
15928.15538 12603.05778 -33.44038
15978.15538 12603.05778 -35.914562
16028.15538 12603.05778 -38.387177
12578.15538 12653.05778 54.208046
12628.15538 12653.05778 52.060009
12678.15538 12653.05778 49.915874
12728.15538 12653.05778 47.751904
12778.15538 12653.05778 45.579029
12828.15538 12653.05778 43.369888
12878.15538 12653.05778 41.106133
12928.15538 12653.05778 38.76585
12978.15538 12653.05778 36.301765
13028.15538 12653.05778 33.702271
13078.15538 12653.05778 30.961813
13128.15538 12653.05778 28.081379
13178.15538 12653.05778 25.091875
13228.15538 12653.05778 22.017412
13278.15538 12653.05778 18.872639
13328.15538 12653.05778 15.689945
13378.15538 12653.05778 12.513814
13428.15538 12653.05778 9.403718
13478.15538 12653.05778 6.379912
13528.15538 12653.05778 3.451042
13578.15538 12653.05778 0.658306
13628.15538 12653.05778 -1.964404
13678.15538 12653.05778 -4.389069
13728.15538 12653.05778 -6.617678
13778.15538 12653.05778 -8.658336
13828.15538 12653.05778 -10.502491
13878.15538 12653.05778 -12.129265
13928.15538 12653.05778 -13.490114
13978.15538 12653.05778 -14.536683
14028.15538 12653.05778 -15.240744
14078.15538 12653.05778 -15.576071
14128.15538 12653.05778 -15.564824
14178.15538 12653.05778 -15.237629
14228.15538 12653.05778 -14.623558
14278.15538 12653.05778 -13.75661
14328.15538 12653.05778 -12.695322
14378.15538 12653.05778 -11.490898
14428.15538 12653.05778 -10.184731
14478.15538 12653.05778 -8.810701
14528.15538 12653.05778 -7.440068
14578.15538 12653.05778 -6.139007
14628.15538 12653.05778 -4.975827
14678.15538 12653.05778 -4.008149
14728.15538 12653.05778 -3.240701
14778.15538 12653.05778 -2.651844
14828.15538 12653.05778 -2.248039
14878.15538 12653.05778 -2.049091
14928.15538 12653.05778 -2.080613
14978.15538 12653.05778 -2.321225
15028.15538 12653.05778 -2.753551
15078.15538 12653.05778 -3.389963
15128.15538 12653.05778 -4.197064
15178.15538 12653.05778 -5.191939
15228.15538 12653.05778 -6.368774
15278.15538 12653.05778 -7.726878
15328.15538 12653.05778 -9.288634
15378.15538 12653.05778 -11.042137
15428.15538 12653.05778 -12.958445
15478.15538 12653.05778 -15.050119
15528.15538 12653.05778 -17.3118
15578.15538 12653.05778 -19.74847
15628.15538 12653.05778 -22.299704
15678.15538 12653.05778 -24.93331
15728.15538 12653.05778 -27.633553
15778.15538 12653.05778 -30.388805
15828.15538 12653.05778 -33.154659
15878.15538 12653.05778 -35.914532
15928.15538 12653.05778 -38.659496
15978.15538 12653.05778 -41.399021
16028.15538 12653.05778 -44.134109
12578.15538 12703.05778 59.454205
12628.15538 12703.05778 57.234295
12678.15538 12703.05778 55.027721
12728.15538 12703.05778 52.831776
12778.15538 12703.05778 50.602676
12828.15538 12703.05778 48.33091
12878.15538 12703.05778 45.996574
12928.15538 12703.05778 43.578487
12978.15538 12703.05778 41.014931
13028.15538 12703.05778 38.285244
13078.15538 12703.05778 35.393833
13128.15538 12703.05778 32.345901
13178.15538 12703.05778 29.156424
13228.15538 12703.05778 25.876226
13278.15538 12703.05778 22.531624
13328.15538 12703.05778 19.180355
13378.15538 12703.05778 15.844264
13428.15538 12703.05778 12.585158
13478.15538 12703.05778 9.414891
13528.15538 12703.05778 6.349334
13578.15538 12703.05778 3.423643
13628.15538 12703.05778 0.66471
13678.15538 12703.05778 -1.889049
13728.15538 12703.05778 -4.225141
13778.15538 12703.05778 -6.360656
13828.15538 12703.05778 -8.302411
13878.15538 12703.05778 -10.061553
13928.15538 12703.05778 -11.577881
13978.15538 12703.05778 -12.809924
14028.15538 12703.05778 -13.703369
14078.15538 12703.05778 -14.245912
14128.15538 12703.05778 -14.420868
14178.15538 12703.05778 -14.268844
14228.15538 12703.05778 -13.815176
14278.15538 12703.05778 -13.085083
14328.15538 12703.05778 -12.119792
14378.15538 12703.05778 -10.981026
14428.15538 12703.05778 -9.72066
14478.15538 12703.05778 -8.398124
14528.15538 12703.05778 -7.071698
14578.15538 12703.05778 -5.811187
14628.15538 12703.05778 -4.676939
14678.15538 12703.05778 -3.723143
14728.15538 12703.05778 -2.934278
14778.15538 12703.05778 -2.33989
14828.15538 12703.05778 -1.932129
14878.15538 12703.05778 -1.754597
14928.15538 12703.05778 -1.808012
14978.15538 12703.05778 -2.089639
15028.15538 12703.05778 -2.597844
15078.15538 12703.05778 -3.341594
15128.15538 12703.05778 -4.30235
15178.15538 12703.05778 -5.487911
15228.15538 12703.05778 -6.879945
15278.15538 12703.05778 -8.497127
15328.15538 12703.05778 -10.337253
15378.15538 12703.05778 -12.40277
15428.15538 12703.05778 -14.693255
15478.15538 12703.05778 -17.195164
15528.15538 12703.05778 -19.893721
15578.15538 12703.05778 -22.73941
15628.15538 12703.05778 -25.690685
15678.15538 12703.05778 -28.703135
15728.15538 12703.05778 -31.7736
15778.15538 12703.05778 -34.881573
15828.15538 12703.05778 -37.987858
15878.15538 12703.05778 -41.059589
15928.15538 12703.05778 -44.096775
15978.15538 12703.05778 -47.111137
16028.15538 12703.05778 -50.114586
12578.15538 12753.05778 64.326279
12628.15538 12753.05778 62.143414
12678.15538 12753.05778 59.969421
12728.15538 12753.05778 57.789238
12778.15538 12753.05778 55.590977
12828.15538 12753.05778 53.334648
12878.15538 12753.05778 50.992428
12928.15538 12753.05778 48.516636
12978.15538 12753.05778 45.867706
13028.15538 12753.05778 43.022781
13078.15538 12753.05778 39.992828
13128.15538 12753.05778 36.796837
13178.15538 12753.05778 33.454533
13228.15538 12753.05778 29.995329
13278.15538 12753.05778 26.476675
13328.15538 12753.05778 22.961561
13378.15538 12753.05778 19.466566
13428.15538 12753.05778 16.053886
13478.15538 12753.05778 12.740255
13528.15538 12753.05778 9.54191
13578.15538 12753.05778 6.474459
13628.15538 12753.05778 3.585863
13678.15538 12753.05778 0.890145
13728.15538 12753.05778 -1.585716
13778.15538 12753.05778 -3.849038
13828.15538 12753.05778 -5.915538
13878.15538 12753.05778 -7.800255
13928.15538 12753.05778 -9.481264
13978.15538 12753.05778 -10.883628
14028.15538 12753.05778 -11.972861
14078.15538 12753.05778 -12.709292
14128.15538 12753.05778 -13.081892
14178.15538 12753.05778 -13.110748
14228.15538 12753.05778 -12.816759
14278.15538 12753.05778 -12.218083
14328.15538 12753.05778 -11.376232
14378.15538 12753.05778 -10.327868
14428.15538 12753.05778 -9.137007
14478.15538 12753.05778 -7.880272
14528.15538 12753.05778 -6.625406
14578.15538 12753.05778 -5.41683
14628.15538 12753.05778 -4.320713
14678.15538 12753.05778 -3.353059
14728.15538 12753.05778 -2.553489
14778.15538 12753.05778 -1.934924
14828.15538 12753.05778 -1.544354
14878.15538 12753.05778 -1.382764
14928.15538 12753.05778 -1.482746
14978.15538 12753.05778 -1.829789
15028.15538 12753.05778 -2.449689
15078.15538 12753.05778 -3.321539
15128.15538 12753.05778 -4.471319
15178.15538 12753.05778 -5.86297
15228.15538 12753.05778 -7.50616
15278.15538 12753.05778 -9.383968
15328.15538 12753.05778 -11.513165
15378.15538 12753.05778 -13.91363
15428.15538 12753.05778 -16.586012
15478.15538 12753.05778 -19.510468
15528.15538 12753.05778 -22.635464
15578.15538 12753.05778 -25.884867
15628.15538 12753.05778 -29.224096
15678.15538 12753.05778 -32.62711
15728.15538 12753.05778 -36.06395
15778.15538 12753.05778 -39.510475
15828.15538 12753.05778 -42.953094
15878.15538 12753.05778 -46.353718
15928.15538 12753.05778 -49.709511
15978.15538 12753.05778 -53.038544
16028.15538 12753.05778 -56.342766
12578.15538 12803.05778 68.857506
12628.15538 12803.05778 66.789536
12678.15538 12803.05778 64.727829
12728.15538 12803.05778 62.662655
12778.15538 12803.05778 60.560284
12828.15538 12803.05778 58.373642
12878.15538 12803.05778 56.052647
12928.15538 12803.05778 53.552471
12978.15538 12803.05778 50.848656
13028.15538 12803.05778 47.911213
13078.15538 12803.05778 44.763142
13128.15538 12803.05778 41.422054
13178.15538 12803.05778 37.935558
13228.15538 12803.05778 34.330563
13278.15538 12803.05778 30.671101
13328.15538 12803.05778 26.997704
13378.15538 12803.05778 23.351116
13428.15538 12803.05778 19.753773
13478.15538 12803.05778 16.27986
13528.15538 12803.05778 12.932429
13578.15538 12803.05778 9.739467
13628.15538 12803.05778 6.714794
13678.15538 12803.05778 3.886004
13728.15538 12803.05778 1.25375
13778.15538 12803.05778 -1.157438
13828.15538 12803.05778 -3.376518
13878.15538 12803.05778 -5.408066
13928.15538 12803.05778 -7.234417
13978.15538 12803.05778 -8.811489
14028.15538 12803.05778 -10.081033
14078.15538 12803.05778 -11.012208
14128.15538 12803.05778 -11.584523
14178.15538 12803.05778 -11.786964
14228.15538 12803.05778 -11.648928
14278.15538 12803.05778 -11.205258
14328.15538 12803.05778 -10.499798
14378.15538 12803.05778 -9.573799
14428.15538 12803.05778 -8.484611
14478.15538 12803.05778 -7.313029
14528.15538 12803.05778 -6.128695
14578.15538 12803.05778 -4.980222
14628.15538 12803.05778 -3.888116
14678.15538 12803.05778 -2.907969
14728.15538 12803.05778 -2.071057
14778.15538 12803.05778 -1.455856
14828.15538 12803.05778 -1.071442
14878.15538 12803.05778 -0.956544
14928.15538 12803.05778 -1.110879
14978.15538 12803.05778 -1.565263
15028.15538 12803.05778 -2.312152
15078.15538 12803.05778 -3.355209
15128.15538 12803.05778 -4.695304
15178.15538 12803.05778 -6.328351
15228.15538 12803.05778 -8.226956
15278.15538 12803.05778 -10.392789
15328.15538 12803.05778 -12.83572
15378.15538 12803.05778 -15.579687
15428.15538 12803.05778 -18.630566
15478.15538 12803.05778 -21.954031
15528.15538 12803.05778 -25.480055
15578.15538 12803.05778 -29.132151
15628.15538 12803.05778 -32.863941
15678.15538 12803.05778 -36.643677
15728.15538 12803.05778 -40.434101
15778.15538 12803.05778 -44.229771
15828.15538 12803.05778 -48.003731
15878.15538 12803.05778 -51.745007
15928.15538 12803.05778 -55.460106
15978.15538 12803.05778 -59.143814
16028.15538 12803.05778 -62.822594
12578.15538 12853.05778 73.125519
12628.15538 12853.05778 71.236458
12678.15538 12853.05778 69.352554
12728.15538 12853.05778 67.456779
12778.15538 12853.05778 65.493057
12828.15538 12853.05778 63.403881
12878.15538 12853.05778 61.129314
12928.15538 12853.05778 58.641487
12978.15538 12853.05778 55.907536
13028.15538 12853.05778 52.921635
13078.15538 12853.05778 49.674343
13128.15538 12853.05778 46.205963
13178.15538 12853.05778 42.568527
13228.15538 12853.05778 38.833603
13278.15538 12853.05778 35.037949
13328.15538 12853.05778 31.21534
13378.15538 12853.05778 27.408325
13428.15538 12853.05778 23.635664
13478.15538 12853.05778 19.968695
13528.15538 12853.05778 16.473938
13578.15538 12853.05778 13.155078
13628.15538 12853.05778 10.00147
13678.15538 12853.05778 7.028254
13728.15538 12853.05778 4.245085
13778.15538 12853.05778 1.660408
13828.15538 12853.05778 -0.733027
13878.15538 12853.05778 -2.921978
13928.15538 12853.05778 -4.893196
13978.15538 12853.05778 -6.62179
14028.15538 12853.05778 -8.06957
14078.15538 12853.05778 -9.191969
14128.15538 12853.05778 -9.946948
14178.15538 12853.05778 -10.326079
14228.15538 12853.05778 -10.361198
14278.15538 12853.05778 -10.089788
14328.15538 12853.05778 -9.531238
14378.15538 12853.05778 -8.740601
14428.15538 12853.05778 -7.776624
14478.15538 12853.05778 -6.710927
14528.15538 12853.05778 -5.597584
14578.15538 12853.05778 -4.482447
14628.15538 12853.05778 -3.401569
14678.15538 12853.05778 -2.386109
14728.15538 12853.05778 -1.527307
14778.15538 12853.05778 -0.894211
14828.15538 12853.05778 -0.538085
14878.15538 12853.05778 -0.465655
14928.15538 12853.05778 -0.707253
14978.15538 12853.05778 -1.273407
15028.15538 12853.05778 -2.168035
15078.15538 12853.05778 -3.399944
15128.15538 12853.05778 -4.974007
15178.15538 12853.05778 -6.863769
15228.15538 12853.05778 -9.048697
15278.15538 12853.05778 -11.524974
15328.15538 12853.05778 -14.302219
15378.15538 12853.05778 -17.40592
15428.15538 12853.05778 -20.825251
15478.15538 12853.05778 -24.51403
15528.15538 12853.05778 -28.414333
15578.15538 12853.05778 -32.436138
15628.15538 12853.05778 -36.529644
15678.15538 12853.05778 -40.666935
15728.15538 12853.05778 -44.828373
15778.15538 12853.05778 -48.979847
15828.15538 12853.05778 -53.112988
15878.15538 12853.05778 -57.230366
15928.15538 12853.05778 -61.326134
15978.15538 12853.05778 -65.409996
16028.15538 12853.05778 -69.475548
12578.15538 12903.05778 77.221458
12628.15538 12903.05778 75.546661
12678.15538 12903.05778 73.875313
12728.15538 12903.05778 72.177673
12778.15538 12903.05778 70.376633
12828.15538 12903.05778 68.412247
12878.15538 12903.05778 66.215599
12928.15538 12903.05778 63.749329
12978.15538 12903.05778 61.00898
13028.15538 12903.05778 57.988617
13078.15538 12903.05778 54.6716
13128.15538 12903.05778 51.091896
13178.15538 12903.05778 47.32634
13228.15538 12903.05778 43.452213
13278.15538 12903.05778 39.521061
13328.15538 12903.05778 35.54689
13378.15538 12903.05778 31.5611
13428.15538 12903.05778 27.62962
13478.15538 12903.05778 23.794146
13528.15538 12903.05778 20.126854
13578.15538 12903.05778 16.657808
13628.15538 12903.05778 13.376402
13678.15538 12903.05778 10.256049
13728.15538 12903.05778 7.311858
13778.15538 12903.05778 4.550826
13828.15538 12903.05778 1.974864
13878.15538 12903.05778 -0.37667
13928.15538 12903.05778 -2.503919
13978.15538 12903.05778 -4.391473
14028.15538 12903.05778 -6.006937
14078.15538 12903.05778 -7.299993
14128.15538 12903.05778 -8.234318
14178.15538 12903.05778 -8.794044
14228.15538 12903.05778 -9.002419
14278.15538 12903.05778 -8.891101
14328.15538 12903.05778 -8.492972
14378.15538 12903.05778 -7.852244
14428.15538 12903.05778 -7.028476
14478.15538 12903.05778 -6.086583
14528.15538 12903.05778 -5.04389
14578.15538 12903.05778 -3.938793
14628.15538 12903.05778 -2.837242
14678.15538 12903.05778 -1.793782
14728.15538 12903.05778 -0.92694
14778.15538 12903.05778 -0.288497
14828.15538 12903.05778 0.055908
14878.15538 12903.05778 0.075411
14928.15538 12903.05778 -0.24191
14978.15538 12903.05778 -0.922745
15028.15538 12903.05778 -1.995242
15078.15538 12903.05778 -3.452875
15128.15538 12903.05778 -5.279332
15178.15538 12903.05778 -7.446017
15228.15538 12903.05778 -9.939293
15278.15538 12903.05778 -12.7592
15328.15538 12903.05778 -15.896458
15378.15538 12903.05778 -19.362724
15428.15538 12903.05778 -23.140327
15478.15538 12903.05778 -27.182135
15528.15538 12903.05778 -31.415611
15578.15538 12903.05778 -35.775658
15628.15538 12903.05778 -40.210114
15678.15538 12903.05778 -44.682201
15728.15538 12903.05778 -49.192989
15778.15538 12903.05778 -53.711926
15828.15538 12903.05778 -58.242451
15878.15538 12903.05778 -62.771446
15928.15538 12903.05778 -67.286484
15978.15538 12903.05778 -71.78006
16028.15538 12903.05778 -76.267708
12578.15538 12953.05778 81.179695
12628.15538 12953.05778 79.761124
12678.15538 12953.05778 78.339218
12728.15538 12953.05778 76.850357
12778.15538 12953.05778 75.240685
12828.15538 12953.05778 73.410095
12878.15538 12953.05778 71.301018
12928.15538 12953.05778 68.854134
12978.15538 12953.05778 66.102165
13028.15538 12953.05778 63.055473
13078.15538 12953.05778 59.694427
13128.15538 12953.05778 56.041473
13178.15538 12953.05778 52.156082
13228.15538 12953.05778 48.148727
13278.15538 12953.05778 44.070847
13328.15538 12953.05778 39.934937
13378.15538 12953.05778 35.788963
13428.15538 12953.05778 31.676855
13478.15538 12953.05778 27.680763
13528.15538 12953.05778 23.845613
13578.15538 12953.05778 20.208614
13628.15538 12953.05778 16.778996
13678.15538 12953.05778 13.520304
13728.15538 12953.05778 10.406502
13778.15538 12953.05778 7.475751
13828.15538 12953.05778 4.734432
13878.15538 12953.05778 2.203129
13928.15538 12953.05778 -0.109992
13978.15538 12953.05778 -2.181097
14028.15538 12953.05778 -3.959006
14078.15538 12953.05778 -5.401301
14128.15538 12953.05778 -6.486778
14178.15538 12953.05778 -7.210242
14228.15538 12953.05778 -7.592318
14278.15538 12953.05778 -7.656528
14328.15538 12953.05778 -7.428433
14378.15538 12953.05778 -6.953799
14428.15538 12953.05778 -6.284152
14478.15538 12953.05778 -5.44379
14528.15538 12953.05778 -4.45885
14578.15538 12953.05778 -3.368473
14628.15538 12953.05778 -2.214389
14678.15538 12953.05778 -1.134281
14728.15538 12953.05778 -0.254017
14778.15538 12953.05778 0.358926
14828.15538 12953.05778 0.673783
14878.15538 12953.05778 0.663343
14928.15538 12953.05778 0.297963
14978.15538 12953.05778 -0.50579
15028.15538 12953.05778 -1.781329
15078.15538 12953.05778 -3.490586
15128.15538 12953.05778 -5.58953
15178.15538 12953.05778 -8.053199
15228.15538 12953.05778 -10.868247
15278.15538 12953.05778 -14.039434
15328.15538 12953.05778 -17.560507
15378.15538 12953.05778 -21.395813
15428.15538 12953.05778 -25.543116
15478.15538 12953.05778 -29.935192
15528.15538 12953.05778 -34.484943
15578.15538 12953.05778 -39.150337
15628.15538 12953.05778 -43.888512
15678.15538 12953.05778 -48.684647
15728.15538 12953.05778 -53.525047
15778.15538 12953.05778 -58.422897
15828.15538 12953.05778 -63.35696
15878.15538 12953.05778 -68.315018
15928.15538 12953.05778 -73.275459
15978.15538 12953.05778 -78.223518
16028.15538 12953.05778 -83.166328
12578.15538 13003.05778 85.059029
12628.15538 13003.05778 83.931732
12678.15538 13003.05778 82.767052
12728.15538 13003.05778 81.507385
12778.15538 13003.05778 80.074402
12828.15538 13003.05778 78.387505
12878.15538 13003.05778 76.365005
12928.15538 13003.05778 73.960007
12978.15538 13003.05778 71.181122
13028.15538 13003.05778 68.089096
13078.15538 13003.05778 64.699959
13128.15538 13003.05778 61.007961
13178.15538 13003.05778 57.029232
13228.15538 13003.05778 52.869579
13278.15538 13003.05778 48.625805
13328.15538 13003.05778 44.341385
13378.15538 13003.05778 40.033241
13428.15538 13003.05778 35.765152
13478.15538 13003.05778 31.594141
13528.15538 13003.05778 27.578938
13578.15538 13003.05778 23.780087
13628.15538 13003.05778 20.199005
13678.15538 13003.05778 16.785599
13728.15538 13003.05778 13.508782
13778.15538 13003.05778 10.408633
13828.15538 13003.05778 7.504792
13878.15538 13003.05778 4.795158
13928.15538 13003.05778 2.272763
13978.15538 13003.05778 -0.0
14028.15538 13003.05778 -1.943065
14078.15538 13003.05778 -3.515637
14128.15538 13003.05778 -4.737558
14178.15538 13003.05778 -5.620957
14228.15538 13003.05778 -6.169266
14278.15538 13003.05778 -6.390052
14328.15538 13003.05778 -6.342939
14378.15538 13003.05778 -6.067533
14428.15538 13003.05778 -5.550252
14478.15538 13003.05778 -4.805531
14528.15538 13003.05778 -3.868183
14578.15538 13003.05778 -2.77159
14628.15538 13003.05778 -1.572993
14678.15538 13003.05778 -0.4354
14728.15538 13003.05778 0.456091
14778.15538 13003.05778 1.050112
14828.15538 13003.05778 1.324754
14878.15538 13003.05778 1.291589
14928.15538 13003.05778 0.894563
14978.15538 13003.05778 -0.0
15028.15538 13003.05778 -1.515187
15078.15538 13003.05778 -3.508976
15128.15538 13003.05778 -5.917562
15178.15538 13003.05778 -8.687905
15228.15538 13003.05778 -11.810309
15278.15538 13003.05778 -15.316132
15328.15538 13003.05778 -19.216137
15378.15538 13003.05778 -23.452549
15428.15538 13003.05778 -27.991711
15478.15538 13003.05778 -32.740253
15528.15538 13003.05778 -37.590839
15578.15538 13003.05778 -42.543907
15628.15538 13003.05778 -47.581913
15678.15538 13003.05778 -52.68338
15728.15538 13003.05778 -57.849373
15778.15538 13003.05778 -63.100964
15828.15538 13003.05778 -68.444679
15878.15538 13003.05778 -73.844978
15928.15538 13003.05778 -79.277084
15978.15538 13003.05778 -84.734039
16028.15538 13003.05778 -90.121056
