6545,112747 7204,872213 349,723979
6595,112747 7204,872213 344,442212
6645,112747 7204,872213 307,718615
6695,112747 7204,872213 302,680702
6745,112747 7204,872213 297,533931
6795,112747 7204,872213 292,286192
6845,112747 7204,872213 286,945900
6895,112747 7204,872213 281,521942
6945,112747 7204,872213 276,023614
6995,112747 7204,872213 270,460544
7045,112747 7204,872213 264,842615
7095,112747 7204,872213 259,179876
7145,112747 7204,872213 253,482448
7195,112747 7204,872213 247,760425
7245,112747 7204,872213 242,023774
7295,112747 7204,872213 236,282221
7345,112747 7204,872213 230,545151
7395,112747 7204,872213 224,821498
7445,112747 7204,872213 219,119637
7495,112747 7204,872213 213,447285
7545,112747 7204,872213 207,811406
7595,112747 7204,872213 194,493921
7645,112747 7204,872213 189,299936
7695,112747 7204,872213 184,157643
7745,112747 7204,872213 179,070056
7795,112747 7204,872213 174,039174
7845,112747 7204,872213 169,065988
7895,112747 7204,872213 164,150519
7945,112747 7204,872213 159,291901
7995,112747 7204,872213 154,488510
8045,112747 7204,872213 149,738154
8095,112747 7204,872213 145,038327
8145,112747 7204,872213 140,386540
8195,112747 7204,872213 135,780743
8245,112747 7204,872213 131,219830
8295,112747 7204,872213 126,704238
8345,112747 7204,872213 122,236640
8395,112747 7204,872213 117,822706
8445,112747 7204,872213 113,471918
8495,112747 7204,872213 109,198406
8545,112747 7204,872213 105,021741
8595,112747 7204,872213 100,967631
8645,112747 7204,872213 97,068436
8695,112747 7204,872213 93,363415
8745,112747 7204,872213 89,898616
8795,112747 7204,872213 86,726337
8845,112747 7204,872213 83,904099
8895,112747 7204,872213 81,493101
8945,112747 7204,872213 79,556208
8995,112747 7204,872213 78,155526
9045,112747 7204,872213 77,349719
9095,112747 7204,872213 77,191224
9145,112747 7204,872213 77,723583
9195,112747 7204,872213 78,979084
9245,112747 7204,872213 80,976891
9295,112747 7204,872213 83,721809
9345,112747 7204,872213 87,203746
9395,112747 7204,872213 91,397886
9445,112747 7204,872213 96,265517
9495,112747 7204,872213 101,755410
9545,112747 7204,872213 107,805607
9595,112747 7204,872213 114,345478
9645,112747 7204,872213 121,297890
9695,112747 7204,872213 128,581364
9745,112747 7204,872213 136,112128
9795,112747 7204,872213 143,805966
9845,112747 7204,872213 151,579845
9895,112747 7204,872213 159,353281
9945,112747 7204,872213 167,049448
9995,112747 7204,872213 174,596037
10045,112747 7204,872213 181,925896
10095,112747 7204,872213 188,977460
10145,112747 7204,872213 195,695026
10195,112747 7204,872213 202,028866
10245,112747 7204,872213 207,935241
10295,112747 7204,872213 213,376311
10345,112747 7204,872213 218,319979
10395,112747 7204,872213 222,739682
10445,112747 7204,872213 226,614145
10495,112747 7204,872213 229,927109
10545,112747 7204,872213 232,667053
10595,112747 7204,872213 234,826903
10645,112747 7204,872213 236,403753
10695,112747 7204,872213 237,398594
10745,112747 7204,872213 237,816050
10795,112747 7204,872213 237,664142
10845,112747 7204,872213 236,954063
10895,112747 7204,872213 235,699973
10945,112747 7204,872213 233,918816
10995,112747 7204,872213 231,630157
11045,112747 7204,872213 228,856029
11095,112747 7204,872213 225,620801
11145,112747 7204,872213 221,951056
11195,112747 7204,872213 217,875466
11245,112747 7204,872213 213,424683
11295,112747 7204,872213 208,631215
11345,112747 7204,872213 203,529294
11395,112747 7204,872213 198,154737
11445,112747 7204,872213 192,544775
11495,112747 7204,872213 186,737863
11545,112747 7204,872213 180,773455
11595,112747 7204,872213 154,339511
11645,112747 7204,872213 148,494126
11695,112747 7204,872213 142,630550
11745,112747 7204,872213 136,787614
11795,112747 7204,872213 131,003014
11845,112747 7204,872213 125,312905
11895,112747 7204,872213 119,751500
11945,112747 7204,872213 114,350680
11995,112747 7204,872213 109,139633
12045,112747 7204,872213 104,144531
12095,112747 7204,872213 99,388257
12145,112747 7204,872213 94,890189
12195,112747 7204,872213 90,666062
12245,112747 7204,872213 86,727888
12295,112747 7204,872213 83,083970
12345,112747 7204,872213 79,738980
12395,112747 7204,872213 76,694114
12445,112747 7204,872213 73,947307
12495,112747 7204,872213 71,493508
12545,112747 7204,872213 69,324998
12595,112747 7204,872213 67,431736
12645,112747 7204,872213 65,801728
12695,112747 7204,872213 64,421401
12745,112747 7204,872213 63,275970
12795,112747 7204,872213 62,349795
12845,112747 7204,872213 61,626708
12895,112747 7204,872213 61,090318
12945,112747 7204,872213 60,724273
12995,112747 7204,872213 60,512497
13045,112747 7204,872213 60,439376
13095,112747 7204,872213 60,489923
13145,112747 7204,872213 60,649890
13195,112747 7204,872213 60,905864
13245,112747 7204,872213 61,245325
13295,112747 7204,872213 61,656678
13345,112747 7204,872213 62,129267
13395,112747 7204,872213 62,653368
13445,112747 7204,872213 63,220167
13495,112747 7204,872213 63,821729
13545,112747 7204,872213 64,450952
13595,112747 7204,872213 72,920267
13645,112747 7204,872213 73,785971
13695,112747 7204,872213 74,667298
13745,112747 7204,872213 75,559250
13795,112747 7204,872213 76,457453
13845,112747 7204,872213 77,358108
13895,112747 7204,872213 78,257930
13945,112747 7204,872213 79,154104
13995,112747 7204,872213 80,044233
6545,112747 7254,872213 353,408670
6595,112747 7254,872213 348,020861
6645,112747 7254,872213 311,311654
6695,112747 7254,872213 306,150205
6745,112747 7254,872213 300,873348
6795,112747 7254,872213 295,489531
6845,112747 7254,872213 290,007798
6895,112747 7254,872213 284,437740
6945,112747 7254,872213 278,789417
6995,112747 7254,872213 273,073285
7045,112747 7254,872213 267,300111
7095,112747 7254,872213 261,480876
7145,112747 7254,872213 255,626673
7195,112747 7254,872213 249,748601
7245,112747 7254,872213 243,857652
7295,112747 7254,872213 237,964593
7345,112747 7254,872213 232,079849
7395,112747 7254,872213 226,213382
7445,112747 7254,872213 220,374576
7495,112747 7254,872213 214,572117
7545,112747 7254,872213 208,813889
7595,112747 7254,872213 195,439860
7645,112747 7254,872213 190,139307
7695,112747 7254,872213 184,900033
7745,112747 7254,872213 179,725615
7795,112747 7254,872213 174,618494
7845,112747 7254,872213 169,579967
7895,112747 7254,872213 164,610205
7945,112747 7254,872213 159,708317
7995,112747 7254,872213 154,872462
8045,112747 7254,872213 150,100024
8095,112747 7254,872213 145,387849
8145,112747 7254,872213 140,732576
8195,112747 7254,872213 136,131049
8245,112747 7254,872213 131,580833
8295,112747 7254,872213 127,080833
8345,112747 7254,872213 122,632020
8395,112747 7254,872213 118,238247
8445,112747 7254,872213 113,907133
8495,112747 7254,872213 109,650986
8545,112747 7254,872213 105,487711
8595,112747 7254,872213 101,441619
8645,112747 7254,872213 97,544078
8695,112747 7254,872213 93,833879
8745,112747 7254,872213 90,357241
8795,112747 7254,872213 87,167346
8845,112747 7254,872213 84,323351
8895,112747 7254,872213 81,888832
8945,112747 7254,872213 79,929689
8995,112747 7254,872213 78,511595
9045,112747 7254,872213 77,697120
9095,112747 7254,872213 77,542736
9145,112747 7254,872213 78,095904
9195,112747 7254,872213 79,392486
9245,112747 7254,872213 81,454676
9295,112747 7254,872213 84,289595
9345,112747 7254,872213 87,888649
9395,112747 7254,872213 92,227645
9445,112747 7254,872213 97,267617
9495,112747 7254,872213 102,956244
9545,112747 7254,872213 109,229719
9595,112747 7254,872213 116,014902
9645,112747 7254,872213 123,231596
9695,112747 7254,872213 130,794833
9745,112747 7254,872213 138,617024
9795,112747 7254,872213 146,609935
9845,112747 7254,872213 154,686406
9895,112747 7254,872213 162,761810
9945,112747 7254,872213 170,755247
9995,112747 7254,872213 178,590474
10045,112747 7254,872213 186,196601
10095,112747 7254,872213 193,508582
10145,112747 7254,872213 200,467517
10195,112747 7254,872213 207,020808
10245,112747 7254,872213 213,122185
10295,112747 7254,872213 218,731632
10345,112747 7254,872213 223,815236
10395,112747 7254,872213 228,344969
10445,112747 7254,872213 232,298439
10495,112747 7254,872213 235,658600
10545,112747 7254,872213 238,413456
10595,112747 7254,872213 240,555753
10645,112747 7254,872213 242,082672
10695,112747 7254,872213 242,995537
10745,112747 7254,872213 243,299535
10795,112747 7254,872213 243,003449
10845,112747 7254,872213 242,119415
10895,112747 7254,872213 240,662707
10945,112747 7254,872213 238,651533
10995,112747 7254,872213 236,106859
11045,112747 7254,872213 233,052253
11095,112747 7254,872213 229,513742
11145,112747 7254,872213 225,519685
11195,112747 7254,872213 221,100653
11245,112747 7254,872213 216,289315
11295,112747 7254,872213 211,120316
11345,112747 7254,872213 205,630150
11395,112747 7254,872213 199,857015
11445,112747 7254,872213 193,840648
11495,112747 7254,872213 187,622123
11545,112747 7254,872213 181,243624
11595,112747 7254,872213 154,948336
11645,112747 7254,872213 148,703356
11695,112747 7254,872213 142,448530
11745,112747 7254,872213 136,225584
11795,112747 7254,872213 130,075017
11845,112747 7254,872213 124,035648
11895,112747 7254,872213 118,144170
11945,112747 7254,872213 112,434712
11995,112747 7254,872213 106,938430
12045,112747 7254,872213 101,683148
12095,112747 7254,872213 96,693047
12145,112747 7254,872213 91,988422
12195,112747 7254,872213 87,585530
12245,112747 7254,872213 83,496507
12295,112747 7254,872213 79,729386
12345,112747 7254,872213 76,288193
12395,112747 7254,872213 73,173136
12445,112747 7254,872213 70,380854
12495,112747 7254,872213 67,904740
12545,112747 7254,872213 65,735310
12595,112747 7254,872213 63,860600
12645,112747 7254,872213 62,266593
12695,112747 7254,872213 60,937639
12745,112747 7254,872213 59,856874
12795,112747 7254,872213 59,006619
12845,112747 7254,872213 58,368741
12895,112747 7254,872213 57,924992
12945,112747 7254,872213 57,657291
12995,112747 7254,872213 57,547978
13045,112747 7254,872213 57,580011
13095,112747 7254,872213 57,737132
13145,112747 7254,872213 58,003986
13195,112747 7254,872213 58,366204
13245,112747 7254,872213 58,810461
13295,112747 7254,872213 59,324493
13345,112747 7254,872213 59,897106
13395,112747 7254,872213 60,518149
13445,112747 7254,872213 61,178489
13495,112747 7254,872213 61,869957
13545,112747 7254,872213 62,585301
13595,112747 7254,872213 70,806207
13645,112747 7254,872213 71,759928
13695,112747 7254,872213 72,725117
13745,112747 7254,872213 73,696830
13795,112747 7254,872213 74,670777
13845,112747 7254,872213 75,643268
13895,112747 7254,872213 76,611149
13945,112747 7254,872213 77,571748
13995,112747 7254,872213 78,522820
6545,112747 7304,872213 357,308316
6595,112747 7304,872213 351,812074
6645,112747 7304,872213 315,112186
6695,112747 7304,872213 309,823071
6745,112747 7304,872213 304,411364
6795,112747 7304,872213 298,886099
6845,112747 7304,872213 293,256992
6895,112747 7304,872213 287,534378
6945,112747 7304,872213 281,729143
6995,112747 7304,872213 275,852635
7045,112747 7304,872213 269,916580
7095,112747 7304,872213 263,932971
7145,112747 7304,872213 257,913966
7195,112747 7304,872213 251,871768
7245,112747 7304,872213 245,818501
7295,112747 7304,872213 239,766087
7345,112747 7304,872213 233,726111
7395,112747 7304,872213 227,709694
7445,112747 7304,872213 221,727359
7495,112747 7304,872213 215,788907
7545,112747 7304,872213 209,903286
7595,112747 7304,872213 196,463081
7645,112747 7304,872213 191,052698
7695,112747 7304,872213 185,714426
7745,112747 7304,872213 180,452565
7795,112747 7304,872213 175,270165
7845,112747 7304,872213 170,168995
7895,112747 7304,872213 165,149545
7945,112747 7304,872213 160,211065
7995,112747 7304,872213 155,351663
8045,112747 7304,872213 150,568450
8095,112747 7304,872213 145,857772
8145,112747 7304,872213 141,215511
8195,112747 7304,872213 136,637498
8245,112747 7304,872213 132,120028
8295,112747 7304,872213 127,660483
8345,112747 7304,872213 123,258091
8395,112747 7304,872213 118,914773
8445,112747 7304,872213 114,636101
8495,112747 7304,872213 110,432297
8545,112747 7304,872213 106,319244
8595,112747 7304,872213 102,319423
8645,112747 7304,872213 98,462688
8695,112747 7304,872213 94,786772
8745,112747 7304,872213 91,337412
8795,112747 7304,872213 88,167994
8845,112747 7304,872213 85,338613
8895,112747 7304,872213 82,914542
8945,112747 7304,872213 80,964086
8995,112747 7304,872213 79,555931
9045,112747 7304,872213 78,756107
9095,112747 7304,872213 78,624797
9145,112747 7304,872213 79,213207
9195,112747 7304,872213 80,560751
9245,112747 7304,872213 82,692783
9295,112747 7304,872213 85,619017
9345,112747 7304,872213 89,332759
9395,112747 7304,872213 93,810942
9445,112747 7304,872213 99,014917
9495,112747 7304,872213 104,891884
9545,112747 7304,872213 111,376797
9595,112747 7304,872213 118,394584
9645,112747 7304,872213 125,862512
9695,112747 7304,872213 133,692559
9745,112747 7304,872213 141,793674
9795,112747 7304,872213 150,073851
9845,112747 7304,872213 158,441947
9895,112747 7304,872213 166,809247
9945,112747 7304,872213 175,090743
9995,112747 7304,872213 183,206150
10045,112747 7304,872213 191,080685
10095,112747 7304,872213 198,645615
10145,112747 7304,872213 205,838625
10195,112747 7304,872213 212,604008
10245,112747 7304,872213 218,892735
10295,112747 7304,872213 224,662393
10345,112747 7304,872213 229,877052
10395,112747 7304,872213 234,507050
10445,112747 7304,872213 238,528733
10495,112747 7304,872213 241,924159
10545,112747 7304,872213 244,680777
10595,112747 7304,872213 246,791101
10645,112747 7304,872213 248,252380
10695,112747 7304,872213 249,066279
10745,112747 7304,872213 249,238569
10795,112747 7304,872213 248,778841
10845,112747 7304,872213 247,700240
10895,112747 7304,872213 246,019225
10945,112747 7304,872213 243,755350
10995,112747 7304,872213 240,931075
11045,112747 7304,872213 237,571597
11095,112747 7304,872213 233,704699
11145,112747 7304,872213 229,360623
11195,112747 7304,872213 224,571943
11245,112747 7304,872213 219,373451
11295,112747 7304,872213 213,802044
11345,112747 7304,872213 207,896592
11395,112747 7304,872213 201,697802
11445,112747 7304,872213 195,248043
11495,112747 7304,872213 188,591154
11545,112747 7304,872213 181,772201
11595,112747 7304,872213 155,584311
11645,112747 7304,872213 148,914552
11695,112747 7304,872213 142,244444
11745,112747 7304,872213 135,618797
11795,112747 7304,872213 129,081101
11845,112747 7304,872213 122,673018
11895,112747 7304,872213 116,433887
11945,112747 7304,872213 110,400228
11995,112747 7304,872213 104,605291
12045,112747 7304,872213 99,078641
12095,112747 7304,872213 93,845809
12145,112747 7304,872213 88,928027
12195,112747 7304,872213 84,342045
12245,112747 7304,872213 80,100057
12295,112747 7304,872213 76,209716
12345,112747 7304,872213 72,674261
12395,112747 7304,872213 69,492733
12445,112747 7304,872213 66,660273
12495,112747 7304,872213 64,168498
12545,112747 7304,872213 62,005926
12595,112747 7304,872213 60,158436
12645,112747 7304,872213 58,609754
12695,112747 7304,872213 57,341933
12745,112747 7304,872213 56,335822
12795,112747 7304,872213 55,571515
12845,112747 7304,872213 55,028753
12895,112747 7304,872213 54,687286
12945,112747 7304,872213 54,527190
12995,112747 7304,872213 54,529128
13045,112747 7304,872213 54,674560
13095,112747 7304,872213 54,945913
13145,112747 7304,872213 55,326692
13195,112747 7304,872213 55,801563
13245,112747 7304,872213 56,356396
13295,112747 7304,872213 56,978274
13345,112747 7304,872213 57,655484
13395,112747 7304,872213 58,377482
13445,112747 7304,872213 59,134845
13495,112747 7304,872213 59,919213
13545,112747 7304,872213 60,723221
13595,112747 7304,872213 68,708209
13645,112747 7304,872213 69,751469
13695,112747 7304,872213 70,801712
13745,112747 7304,872213 71,854084
13795,112747 7304,872213 72,904414
13845,112747 7304,872213 73,949156
13895,112747 7304,872213 74,985314
13945,112747 7304,872213 76,010388
13995,112747 7304,872213 77,022313
6545,112747 7354,872213 361,432982
6595,112747 7354,872213 355,825818
6645,112747 7354,872213 319,130776
6695,112747 7354,872213 313,709599
6745,112747 7354,872213 308,157926
6795,112747 7354,872213 302,485405
6845,112747 7354,872213 296,702457
6895,112747 7354,872213 290,820213
6945,112747 7354,872213 284,850437
6995,112747 7354,872213 278,805437
7045,112747 7354,872213 272,697970
7095,112747 7354,872213 266,541129
7145,112747 7354,872213 260,348229
7195,112747 7354,872213 254,132676
7245,112747 7354,872213 247,907840
7295,112747 7354,872213 241,686913
7345,112747 7354,872213 235,482766
7395,112747 7354,872213 229,307812
7445,112747 7354,872213 223,173854
7495,112747 7354,872213 217,091950
7545,112747 7354,872213 211,072272
7595,112747 7354,872213 197,555727
7645,112747 7354,872213 192,030649
7695,112747 7354,872213 186,589735
7745,112747 7354,872213 181,238183
7795,112747 7354,872213 175,979829
7845,112747 7354,872213 170,817096
7895,112747 7354,872213 165,750980
7945,112747 7354,872213 160,781065
7995,112747 7354,872213 155,905595
8045,112747 7354,872213 151,121597
8095,112747 7354,872213 146,425087
8145,112747 7354,872213 141,811357
8195,112747 7354,872213 137,275361
8245,112747 7354,872213 132,812224
8295,112747 7354,872213 128,417871
8345,112747 7354,872213 124,089786
8395,112747 7354,872213 119,827902
8445,112747 7354,872213 115,635602
8495,112747 7354,872213 111,520794
8545,112747 7354,872213 107,497016
8595,112747 7354,872213 103,584491
8645,112747 7354,872213 99,811032
8695,112747 7354,872213 96,212695
8745,112747 7354,872213 92,834039
8795,112747 7354,872213 89,727883
8845,112747 7354,872213 86,954473
8895,112747 7354,872213 84,579977
8945,112747 7354,872213 82,674341
8995,112747 7354,872213 81,308565
9045,112747 7354,872213 80,551552
9095,112747 7354,872213 80,466746
9145,112747 7354,872213 81,108809
9195,112747 7354,872213 82,520607
9245,112747 7354,872213 84,730731
9295,112747 7354,872213 87,751749
9345,112747 7354,872213 91,579285
9395,112747 7354,872213 96,191946
9445,112747 7354,872213 101,552048
9495,112747 7354,872213 107,607006
9545,112747 7354,872213 114,291240
9595,112747 7354,872213 121,528422
9645,112747 7354,872213 129,233893
9695,112747 7354,872213 137,317102
9745,112747 7354,872213 145,683947
9795,112747 7354,872213 154,238943
9845,112747 7354,872213 162,887146
9895,112747 7354,872213 171,535819
9945,112747 7354,872213 180,095811
9995,112747 7354,872213 188,482685
10045,112747 7354,872213 196,617582
10095,112747 7354,872213 204,427858
10145,112747 7354,872213 211,847527
10195,112747 7354,872213 218,817512
10245,112747 7354,872213 225,285760
10295,112747 7354,872213 231,207217
10345,112747 7354,872213 236,543717
10395,112747 7354,872213 241,263771
10445,112747 7354,872213 245,342309
10495,112747 7354,872213 248,760372
10545,112747 7354,872213 251,504774
10595,112747 7354,872213 253,567752
10645,112747 7354,872213 254,946608
10695,112747 7354,872213 255,643360
10745,112747 7354,872213 255,664406
10795,112747 7354,872213 255,020206
10845,112747 7354,872213 253,724993
10895,112747 7354,872213 251,796500
10945,112747 7354,872213 249,255731
10995,112747 7354,872213 246,126748
11045,112747 7354,872213 242,436488
11095,112747 7354,872213 238,214607
11145,112747 7354,872213 233,493343
11195,112747 7354,872213 228,307390
11245,112747 7354,872213 222,693785
11295,112747 7354,872213 216,691794
11345,112747 7354,872213 210,342788
11395,112747 7354,872213 203,690107
11445,112747 7354,872213 196,778891
11495,112747 7354,872213 189,655883
11545,112747 7354,872213 182,369184
11595,112747 7354,872213 156,255442
11645,112747 7354,872213 149,134844
11695,112747 7354,872213 142,024645
11745,112747 7354,872213 134,972934
11795,112747 7354,872213 128,026382
11845,112747 7354,872213 121,229679
11895,112747 7354,872213 114,624977
11945,112747 7354,872213 108,251342
11995,112747 7354,872213 102,144237
12045,112747 7354,872213 96,335057
12095,112747 7354,872213 90,850739
12145,112747 7354,872213 85,713458
12195,112747 7354,872213 80,940426
12245,112747 7354,872213 76,543810
12295,112747 7354,872213 72,530764
12345,112747 7354,872213 68,903575
12395,112747 7354,872213 65,659920
12445,112747 7354,872213 62,793221
12495,112747 7354,872213 60,293076
12545,112747 7354,872213 58,145753
12595,112747 7354,872213 56,334720
12645,112747 7354,872213 54,841199
12695,112747 7354,872213 53,644708
12745,112747 7354,872213 52,723596
12795,112747 7354,872213 52,055536
12845,112747 7354,872213 51,617972
12895,112747 7354,872213 51,388515
12945,112747 7354,872213 51,345283
12995,112747 7354,872213 51,467174
13045,112747 7354,872213 51,734091
13095,112747 7354,872213 52,127102
13145,112747 7354,872213 52,628555
13195,112747 7354,872213 53,222147
13245,112747 7354,872213 53,892956
13295,112747 7354,872213 54,627432
13345,112747 7354,872213 55,413376
13395,112747 7354,872213 56,239888
13445,112747 7354,872213 57,097298
13495,112747 7354,872213 57,977097
13545,112747 7354,872213 58,871853
13595,112747 7354,872213 66,633793
13645,112747 7354,872213 67,767625
13695,112747 7354,872213 68,903645
13745,112747 7354,872213 70,037123
13795,112747 7354,872213 71,164047
13845,112747 7354,872213 72,281046
13895,112747 7354,872213 73,385314
13945,112747 7354,872213 74,474551
13995,112747 7354,872213 75,546895
6545,112747 7404,872213 365,793336
6595,112747 7404,872213 360,072678
6645,112747 7404,872213 323,378673
6695,112747 7404,872213 317,820777
6745,112747 7404,872213 312,123664
6795,112747 7404,872213 306,297624
6845,112747 7404,872213 300,353816
6895,112747 7404,872213 294,304211
6945,112747 7404,872213 288,161507
6995,112747 7404,872213 281,939036
7045,112747 7404,872213 275,650663
7095,112747 7404,872213 269,310665
7145,112747 7404,872213 262,933609
7195,112747 7404,872213 256,534210
7245,112747 7404,872213 250,127193
7295,112747 7404,872213 243,727140
7345,112747 7404,872213 237,348341
7395,112747 7404,872213 231,004630
7445,112747 7404,872213 224,709238
7495,112747 7404,872213 218,474629
7545,112747 7404,872213 212,312355
7595,112747 7404,872213 198,708585
7645,112747 7404,872213 193,062050
7695,112747 7404,872213 187,512904
7745,112747 7404,872213 182,067418
7795,112747 7404,872213 176,730401
7845,112747 7404,872213 171,505131
7895,112747 7404,872213 166,393309
7945,112747 7404,872213 161,395063
7995,112747 7404,872213 156,508985
8045,112747 7404,872213 151,732231
8095,112747 7404,872213 147,060698
8145,112747 7404,872213 142,489281
8195,112747 7404,872213 138,012242
8245,112747 7404,872213 133,623686
8295,112747 7404,872213 129,318192
8345,112747 7404,872213 125,091562
8395,112747 7404,872213 120,941734
8445,112747 7404,872213 116,869817
8495,112747 7404,872213 112,881225
8545,112747 7404,872213 108,986867
8595,112747 7404,872213 105,204312
8645,112747 7404,872213 101,558822
8695,112747 7404,872213 98,084149
8745,112747 7404,872213 94,822943
8795,112747 7404,872213 91,826650
8845,112747 7404,872213 89,154789
8895,112747 7404,872213 86,873528
8945,112747 7404,872213 85,053575
8995,112747 7404,872213 83,767425
9045,112747 7404,872213 83,086133
9095,112747 7404,872213 83,075833
9145,112747 7404,872213 83,794249
9195,112747 7404,872213 85,287502
9245,112747 7404,872213 87,587440
9295,112747 7404,872213 90,709711
9345,112747 7404,872213 94,652673
9395,112747 7404,872213 99,397180
9445,112747 7404,872213 104,907197
9495,112747 7404,872213 111,131109
9545,112747 7404,872213 118,003577
9595,112747 7404,872213 125,447763
9645,112747 7404,872213 133,377761
9695,112747 7404,872213 141,701069
9745,112747 7404,872213 150,320996
9795,112747 7404,872213 159,138913
9845,112747 7404,872213 168,056273
9895,112747 7404,872213 176,976389
9945,112747 7404,872213 185,805939
9995,112747 7404,872213 194,456201
10045,112747 7404,872213 202,844041
10095,112747 7404,872213 210,892656
10145,112747 7404,872213 218,532104
10195,112747 7404,872213 225,699646
10245,112747 7404,872213 232,339916
10295,112747 7404,872213 238,404953
10345,112747 7404,872213 243,854109
10395,112747 7404,872213 248,653867
10445,112747 7404,872213 252,777577
10495,112747 7404,872213 256,205141
10545,112747 7404,872213 258,922661
10595,112747 7404,872213 260,922055
10645,112747 7404,872213 262,200678
10695,112747 7404,872213 262,760933
10745,112747 7404,872213 262,609906
10795,112747 7404,872213 261,759008
10845,112747 7404,872213 260,223659
10895,112747 7404,872213 258,022985
10945,112747 7404,872213 255,179563
10995,112747 7404,872213 251,719185
11045,112747 7404,872213 247,670666
11095,112747 7404,872213 243,065667
11145,112747 7404,872213 237,938557
11195,112747 7404,872213 232,326280
11245,112747 7404,872213 226,268248
11295,112747 7404,872213 219,806226
11345,112747 7404,872213 212,984215
11395,112747 7404,872213 205,848320
11445,112747 7404,872213 198,446588
11495,112747 7404,872213 190,828811
11545,112747 7404,872213 183,046275
11595,112747 7404,872213 156,971477
11645,112747 7404,872213 149,373234
11695,112747 7404,872213 141,797496
11745,112747 7404,872213 134,295829
11795,112747 7404,872213 126,918275
11845,112747 7404,872213 119,712735
11895,112747 7404,872213 112,724350
11945,112747 7404,872213 105,994879
11995,112747 7404,872213 99,562121
12045,112747 7404,872213 93,459391
12095,112747 7404,872213 87,715077
12145,112747 7404,872213 82,352298
12195,112747 7404,872213 77,388685
12245,112747 7404,872213 72,836284
12295,112747 7404,872213 68,701608
12345,112747 7404,872213 64,985810
12395,112747 7404,872213 61,684989
12445,112747 7404,872213 58,790602
12495,112747 7404,872213 56,289965
12545,112747 7404,872213 54,166825
12595,112747 7404,872213 52,401967
12645,112747 7404,872213 50,973845
12695,112747 7404,872213 49,859201
12745,112747 7404,872213 49,033656
12795,112747 7404,872213 48,472264
12845,112747 7404,872213 48,150005
12895,112747 7404,872213 48,042213
12945,112747 7404,872213 48,124938
12995,112747 7404,872213 48,375237
13045,112747 7404,872213 48,771399
13095,112747 7404,872213 49,293106
13145,112747 7404,872213 49,921540
13195,112747 7404,872213 50,639437
13245,112747 7404,872213 51,431101
13295,112747 7404,872213 52,282386
13345,112747 7404,872213 53,180646
13395,112747 7404,872213 54,114668
13445,112747 7404,872213 55,074587
13495,112747 7404,872213 56,051795
13545,112747 7404,872213 57,038841
13595,112747 7404,872213 64,590884
13645,112747 7404,872213 65,815773
13695,112747 7404,872213 67,037763
13745,112747 7404,872213 68,252294
13795,112747 7404,872213 69,455548
13845,112747 7404,872213 70,644363
13895,112747 7404,872213 71,816155
13945,112747 7404,872213 72,968850
13995,112747 7404,872213 74,100816
6545,112747 7454,872213 370,400692
6595,112747 7454,872213 364,563915
6645,112747 7454,872213 327,867873
6695,112747 7454,872213 322,168346
6745,112747 7454,872213 316,319967
6795,112747 7454,872213 310,333681
6845,112747 7454,872213 304,221421
6895,112747 7454,872213 297,996037
6945,112747 7454,872213 291,671216
6995,112747 7454,872213 285,261379
7045,112747 7454,872213 278,781574
7095,112747 7454,872213 272,247348
7145,112747 7454,872213 265,674614
7195,112747 7454,872213 259,079502
7245,112747 7454,872213 252,478206
7295,112747 7454,872213 245,886820
7345,112747 7454,872213 239,321178
7395,112747 7454,872213 232,796680
7445,112747 7454,872213 226,328123
7495,112747 7454,872213 219,929533
7545,112747 7454,872213 213,614002
7595,112747 7454,872213 199,911194
7645,112747 7454,872213 194,134251
7695,112747 7454,872213 188,469003
7745,112747 7454,872213 182,922981
7795,112747 7454,872213 177,502161
7845,112747 7454,872213 172,210874
7895,112747 7454,872213 167,051746
7945,112747 7454,872213 162,025669
7995,112747 7454,872213 157,131812
8045,112747 7454,872213 152,367700
8095,112747 7454,872213 147,729345
8145,112747 7454,872213 143,211480
8195,112747 7454,872213 138,807889
8245,112747 7454,872213 134,511861
8295,112747 7454,872213 130,316788
8345,112747 7454,872213 126,216910
8395,112747 7454,872213 122,208223
8445,112747 7454,872213 118,289536
8495,112747 7454,872213 114,463650
8545,112747 7454,872213 110,738619
8595,112747 7454,872213 107,129007
8645,112747 7454,872213 103,657048
8695,112747 7454,872213 100,353586
8745,112747 7454,872213 97,258634
8795,112747 7454,872213 94,421428
8845,112747 7454,872213 91,899847
8895,112747 7454,872213 89,759103
8945,112747 7454,872213 88,069698
8995,112747 7454,872213 86,904704
9045,112747 7454,872213 86,336507
9095,112747 7454,872213 86,433247
9145,112747 7454,872213 87,255215
9195,112747 7454,872213 88,851504
9245,112747 7454,872213 91,257166
9295,112747 7454,872213 94,491101
9345,112747 7454,872213 98,554783
9395,112747 7454,872213 103,431879
9445,112747 7454,872213 109,088695
9495,112747 7454,872213 115,475362
9545,112747 7454,872213 122,527583
9595,112747 7454,872213 130,168797
9645,112747 7454,872213 138,312562
9695,112747 7454,872213 146,865041
9745,112747 7454,872213 155,727446
9795,112747 7454,872213 164,798350
9845,112747 7454,872213 173,975816
9895,112747 7454,872213 183,159288
9945,112747 7454,872213 192,251227
9995,112747 7454,872213 201,158486
10045,112747 7454,872213 209,793434
10095,112747 7454,872213 218,074833
10145,112747 7454,872213 225,928479
10195,112747 7454,872213 233,287651
10245,112747 7454,872213 240,093361
10295,112747 7454,872213 246,294446
10345,112747 7454,872213 251,847525
10395,112747 7454,872213 256,716837
10445,112747 7454,872213 260,873986
10495,112747 7454,872213 264,297618
10545,112747 7454,872213 266,973051
10595,112747 7454,872213 268,891862
10645,112747 7454,872213 270,051476
10695,112747 7454,872213 270,454738
10745,112747 7454,872213 270,109504
10795,112747 7454,872213 269,028250
10845,112747 7454,872213 267,227714
10895,112747 7454,872213 264,728561
10945,112747 7454,872213 261,555095
10995,112747 7454,872213 257,735000
11045,112747 7454,872213 253,299124
11095,112747 7454,872213 248,281294
11145,112747 7454,872213 242,718164
11195,112747 7454,872213 236,649081
11245,112747 7454,872213 230,115974
11295,112747 7454,872213 223,163246
11345,112747 7454,872213 215,837667
11395,112747 7454,872213 208,188243
11445,112747 7454,872213 200,266066
11495,112747 7454,872213 192,124118
11545,112747 7454,872213 183,817019
11595,112747 7454,872213 157,744095
11645,112747 7454,872213 149,640832
11695,112747 7454,872213 141,573655
11745,112747 7454,872213 133,597797
11795,112747 7454,872213 125,766861
11845,112747 7454,872213 118,132145
11895,112747 7454,872213 110,741944
11945,112747 7454,872213 103,640858
11995,112747 7454,872213 96,869143
12045,112747 7454,872213 90,462116
12095,112747 7454,872213 84,449655
12145,112747 7454,872213 78,855818
12195,112747 7454,872213 73,698593
12245,112747 7454,872213 68,989798
12295,112747 7454,872213 64,735149
12345,112747 7454,872213 60,934463
12395,112747 7454,872213 57,582022
12445,112747 7454,872213 54,667053
12495,112747 7454,872213 52,174308
12545,112747 7454,872213 50,084723
12595,112747 7454,872213 48,376113
12645,112747 7454,872213 47,023891
12695,112747 7454,872213 46,001765
12745,112747 7454,872213 45,282401
12795,112747 7454,872213 44,838039
12845,112747 7454,872213 44,641026
12895,112747 7454,872213 44,664287
12945,112747 7454,872213 44,881705
12995,112747 7454,872213 45,268426
13045,112747 7454,872213 45,801085
13095,112747 7454,872213 46,457959
13145,112747 7454,872213 47,219066
13195,112747 7454,872213 48,066202
13245,112747 7454,872213 48,982932
13295,112747 7454,872213 49,954554
13345,112747 7454,872213 50,968026
13395,112747 7454,872213 52,011875
13445,112747 7454,872213 53,076097
13495,112747 7454,872213 54,152041
13545,112747 7454,872213 55,232293
13595,112747 7454,872213 62,587771
13645,112747 7454,872213 63,903583
13695,112747 7454,872213 65,211154
13745,112747 7454,872213 66,506134
13795,112747 7454,872213 67,784936
13845,112747 7454,872213 69,044643
13895,112747 7454,872213 70,282922
13945,112747 7454,872213 71,497951
13995,112747 7454,872213 72,688352
6545,112747 7504,872213 375,267046
6595,112747 7504,872213 369,311515
6645,112747 7504,872213 332,611175
6695,112747 7504,872213 326,764874
6745,112747 7504,872213 320,759053
6795,112747 7504,872213 314,605331
6845,112747 7504,872213 308,316441
6895,112747 7504,872213 301,906152
6945,112747 7504,872213 295,389189
6995,112747 7504,872213 288,781128
7045,112747 7504,872213 282,098272
7095,112747 7504,872213 275,357525
7145,112747 7504,872213 268,576241
7195,112747 7504,872213 261,772070
7245,112747 7504,872213 254,962788
7295,112747 7504,872213 248,166127
7345,112747 7504,872213 241,399593
7395,112747 7504,872213 234,680287
7445,112747 7504,872213 228,024721
7495,112747 7504,872213 221,448633
7545,112747 7504,872213 214,966813
7595,112747 7504,872213 201,152006
7645,112747 7504,872213 195,233221
7695,112747 7504,872213 189,441402
7745,112747 7504,872213 183,785524
7795,112747 7504,872213 178,272922
7845,112747 7504,872213 172,909190
7895,112747 7504,872213 167,698096
7945,112747 7504,872213 162,641527
7995,112747 7504,872213 157,739477
8045,112747 7504,872213 152,990087
8095,112747 7504,872213 148,389747
8145,112747 7504,872213 143,933288
8195,112747 7504,872213 139,614273
8245,112747 7504,872213 135,425413
8295,112747 7504,872213 131,359127
8345,112747 7504,872213 127,408265
8395,112747 7504,872213 123,566998
8445,112747 7504,872213 119,831877
8495,112747 7504,872213 116,203040
8545,112747 7504,872213 112,685523
8595,112747 7504,872213 109,290603
8645,112747 7504,872213 106,037068
8695,112747 7504,872213 102,952292
8745,112747 7504,872213 100,072954
8795,112747 7504,872213 97,445267
8845,112747 7504,872213 95,124548
8895,112747 7504,872213 93,174068
8945,112747 7504,872213 91,663117
8995,112747 7504,872213 90,664363
9045,112747 7504,872213 90,250627
9095,112747 7504,872213 90,491289
9145,112747 7504,872213 91,448623
9195,112747 7504,872213 93,174322
9245,112747 7504,872213 95,706509
9295,112747 7504,872213 99,067436
9345,112747 7504,872213 103,262019
9395,112747 7504,872213 108,277244
9445,112747 7504,872213 114,082418
9495,112747 7504,872213 120,630170
9545,112747 7504,872213 127,858037
9595,112747 7504,872213 135,690507
9645,112747 7504,872213 144,041321
9695,112747 7504,872213 152,815925
9745,112747 7504,872213 161,913921
9795,112747 7504,872213 171,231442
9845,112747 7504,872213 180,663369
9895,112747 7504,872213 190,105346
9945,112747 7504,872213 199,455562
9995,112747 7504,872213 208,616290
10045,112747 7504,872213 217,495160
10095,112747 7504,872213 226,006199
10145,112747 7504,872213 234,070611
10195,112747 7504,872213 241,617352
10245,112747 7504,872213 248,583479
10295,112747 7504,872213 254,914324
10345,112747 7504,872213 260,563508
10395,112747 7504,872213 265,492807
10445,112747 7504,872213 269,671915
10495,112747 7504,872213 273,078116
10545,112747 7504,872213 275,695886
10595,112747 7504,872213 277,516465
10645,112747 7504,872213 278,537388
10695,112747 7504,872213 278,762029
10745,112747 7504,872213 278,199135
10795,112747 7504,872213 276,862398
10845,112747 7504,872213 274,770039
10895,112747 7504,872213 271,944448
10945,112747 7504,872213 268,411844
10995,112747 7504,872213 264,202001
11045,112747 7504,872213 259,347993
11095,112747 7504,872213 253,886003
11145,112747 7504,872213 247,855147
11195,112747 7504,872213 241,297348
11245,112747 7504,872213 234,257214
11295,112747 7504,872213 226,781943
11345,112747 7504,872213 218,921215
11395,112747 7504,872213 210,727082
11445,112747 7504,872213 202,253816
11495,112747 7504,872213 193,557728
11545,112747 7504,872213 184,696917
11595,112747 7504,872213 158,587084
11645,112747 7504,872213 149,951082
11695,112747 7504,872213 141,366347
11745,112747 7504,872213 132,891959
11795,112747 7504,872213 124,585269
11845,112747 7504,872213 116,501143
11895,112747 7504,872213 108,691192
11945,112747 7504,872213 101,202999
11995,112747 7504,872213 94,079386
12045,112747 7504,872213 87,357747
12095,112747 7504,872213 81,069482
12145,112747 7504,872213 75,239566
12195,112747 7504,872213 69,886271
12245,112747 7504,872213 65,021066
12295,112747 7504,872213 60,648688
12345,112747 7504,872213 56,767401
12395,112747 7504,872213 53,369414
12445,112747 7504,872213 50,441436
12495,112747 7504,872213 47,965356
12545,112747 7504,872213 45,918991
12595,112747 7504,872213 44,276891
12645,112747 7504,872213 43,011141
12695,112747 7504,872213 42,092158
12745,112747 7504,872213 41,489425
12795,112747 7504,872213 41,172168
12845,112747 7504,872213 41,109947
12895,112747 7504,872213 41,273153
12945,112747 7504,872213 41,633416
12995,112747 7504,872213 42,163912
13045,112747 7504,872213 42,839594
13095,112747 7504,872213 43,637335
13145,112747 7504,872213 44,536003
13195,112747 7504,872213 45,516486
13245,112747 7504,872213 46,561658
13295,112747 7504,872213 47,656312
13345,112747 7504,872213 48,787069
13395,112747 7504,872213 49,942261
13445,112747 7504,872213 51,111803
13495,112747 7504,872213 52,287062
13545,112747 7504,872213 53,460721
13595,112747 7504,872213 60,633037
13645,112747 7504,872213 62,038959
13695,112747 7504,872213 63,431081
13745,112747 7504,872213 64,805308
13795,112747 7504,872213 66,158320
13845,112747 7504,872213 67,487476
13895,112747 7504,872213 68,790726
13945,112747 7504,872213 70,066524
13995,112747 7504,872213 71,313765
6545,112747 7554,872213 380,405121
6595,112747 7554,872213 374,328234
6645,112747 7554,872213 337,622248
6695,112747 7554,872213 331,623820
6745,112747 7554,872213 325,454053
6795,112747 7554,872213 319,125250
6845,112747 7554,872213 312,650962
6895,112747 7554,872213 306,045916
6945,112747 7554,872213 299,325925
6995,112747 7554,872213 292,507776
7045,112747 7554,872213 285,609105
7095,112747 7554,872213 278,648255
7145,112747 7554,872213 271,644117
7195,112747 7554,872213 264,615966
7245,112747 7554,872213 257,583274
7295,112747 7554,872213 250,565531
7345,112747 7554,872213 243,582048
7395,112747 7554,872213 236,651763
7445,112747 7554,872213 229,793043
7495,112747 7554,872213 223,023490
7545,112747 7554,872213 216,359749
7595,112747 7554,872213 202,418600
7645,112747 7554,872213 196,343781
7695,112747 7554,872213 190,412013
7745,112747 7554,872213 184,633892
7795,112747 7554,872213 179,018308
7845,112747 7554,872213 173,572322
7895,112747 7554,872213 168,301060
7945,112747 7554,872213 163,207642
7995,112747 7554,872213 158,293135
8045,112747 7554,872213 153,556561
8095,112747 7554,872213 148,994964
8145,112747 7554,872213 144,603556
8195,112747 7554,872213 140,375965
8245,112747 7554,872213 136,304602
8295,112747 7554,872213 132,381174
8345,112747 7554,872213 128,597366
8395,112747 7554,872213 124,945703
8445,112747 7554,872213 121,420590
8495,112747 7554,872213 118,019527
8545,112747 7554,872213 114,744454
8595,112747 7554,872213 111,603155
8645,112747 7554,872213 108,610631
8695,112747 7554,872213 105,790300
8745,112747 7554,872213 103,174880
8795,112747 7554,872213 100,806790
8845,112747 7554,872213 98,737908
8895,112747 7554,872213 97,028595
8945,112747 7554,872213 95,745927
8995,112747 7554,872213 94,961169
9045,112747 7554,872213 94,746638
9095,112747 7554,872213 95,172140
9145,112747 7554,872213 96,301275
9195,112747 7554,872213 98,187887
9245,112747 7554,872213 100,872943
9295,112747 7554,872213 104,382058
9345,112747 7554,872213 108,723818
9395,112747 7554,872213 113,888950
9445,112747 7554,872213 119,850342
9495,112747 7554,872213 126,563794
9545,112747 7554,872213 133,969408
9595,112747 7554,872213 141,993444
9645,112747 7554,872213 150,550503
9695,112747 7554,872213 159,545898
9745,112747 7554,872213 168,878094
9795,112747 7554,872213 178,441113
9845,112747 7554,872213 188,126847
9895,112747 7554,872213 197,827195
9945,112747 7554,872213 207,436005
9995,112747 7554,872213 216,850788
10045,112747 7554,872213 225,974177
10095,112747 7554,872213 234,715141
10145,112747 7554,872213 242,989945
10195,112747 7554,872213 250,722857
10245,112747 7554,872213 257,846632
10295,112747 7554,872213 264,302786
10345,112747 7554,872213 270,041665
10395,112747 7554,872213 275,022372
10445,112747 7554,872213 279,212534
10495,112747 7554,872213 282,587979
10545,112747 7554,872213 285,132317
10595,112747 7554,872213 286,836471
10645,112747 7554,872213 287,698173
10695,112747 7554,872213 287,721449
10745,112747 7554,872213 286,916103
10795,112747 7554,872213 285,297231
10845,112747 7554,872213 282,884761
10895,112747 7554,872213 279,703030
10945,112747 7554,872213 275,780416
10995,112747 7554,872213 271,149014
11045,112747 7554,872213 265,844363
11095,112747 7554,872213 259,905221
11145,112747 7554,872213 253,373384
11195,112747 7554,872213 246,293547
11245,112747 7554,872213 238,713183
11295,112747 7554,872213 230,682451
11345,112747 7554,872213 222,254102
11395,112747 7554,872213 213,483372
11445,112747 7554,872213 204,427857
11495,112747 7554,872213 195,147328
11545,112747 7554,872213 185,703497
11595,112747 7554,872213 159,516476
11645,112747 7554,872213 150,319957
11695,112747 7554,872213 141,191619
11745,112747 7554,872213 132,194560
11795,112747 7554,872213 123,390042
11845,112747 7554,872213 114,836662
11895,112747 7554,872213 106,589495
11945,112747 7554,872213 98,699234
11995,112747 7554,872213 91,211366
12045,112747 7554,872213 84,165422
12095,112747 7554,872213 77,594339
12145,112747 7554,872213 71,523976
12195,112747 7554,872213 65,972803
12245,112747 7554,872213 60,951790
12295,112747 7554,872213 56,464508
12345,112747 7554,872213 52,507427
12395,112747 7554,872213 49,070403
12445,112747 7554,872213 46,137330
12495,112747 7554,872213 43,686914
12545,112747 7554,872213 41,693542
12595,112747 7554,872213 40,128185
12645,112747 7554,872213 38,959319
12695,112747 7554,872213 38,153805
12745,112747 7554,872213 37,677720
12795,112747 7554,872213 37,497092
12845,112747 7554,872213 37,578544
12895,112747 7554,872213 37,889826
12945,112747 7554,872213 38,400238
12995,112747 7554,872213 39,080952
13045,112747 7554,872213 39,905225
13095,112747 7554,872213 40,848536
13145,112747 7554,872213 41,888640
13195,112747 7554,872213 43,005563
13245,112747 7554,872213 44,181541
13295,112747 7554,872213 45,400931
13345,112747 7554,872213 46,650084
13395,112747 7554,872213 47,917202
13445,112747 7554,872213 49,192191
13495,112747 7554,872213 50,466500
13545,112747 7554,872213 51,732969
13595,112747 7554,872213 58,735484
13645,112747 7554,872213 60,229961
13695,112747 7554,872213 61,704916
13745,112747 7554,872213 63,156546
13795,112747 7554,872213 64,581836
13845,112747 7554,872213 65,978453
13895,112747 7554,872213 67,344653
13945,112747 7554,872213 68,679193
13995,112747 7554,872213 69,981258
6545,112747 7604,872213 385,828396
6595,112747 7604,872213 379,627644
6645,112747 7604,872213 342,915683
6695,112747 7604,872213 336,759607
6745,112747 7604,872213 330,419089
6795,112747 7604,872213 323,907119
6845,112747 7604,872213 317,238085
6895,112747 7604,872213 310,427703
6945,112747 7604,872213 303,492916
6995,112747 7604,872213 296,451783
7045,112747 7604,872213 289,323343
7095,112747 7604,872213 282,127461
7145,112747 7604,872213 274,884662
7195,112747 7604,872213 267,615947
7245,112747 7604,872213 260,342601
7295,112747 7604,872213 253,085993
7345,112747 7604,872213 245,867364
7395,112747 7604,872213 238,707626
7445,112747 7604,872213 231,627140
7495,112747 7604,872213 224,645518
7545,112747 7604,872213 217,781409
7595,112747 7604,872213 203,697952
7645,112747 7604,872213 197,449892
7695,112747 7604,872213 191,361601
7745,112747 7604,872213 185,445470
7795,112747 7604,872213 179,712124
7845,112747 7604,872213 174,170291
7895,112747 7604,872213 168,826672
7945,112747 7604,872213 163,685848
7995,112747 7604,872213 158,750211
8045,112747 7604,872213 154,019932
8095,112747 7604,872213 149,492996
8145,112747 7604,872213 145,165296
8195,112747 7604,872213 141,030835
8245,112747 7604,872213 137,082033
8295,112747 7604,872213 133,310188
8345,112747 7604,872213 129,706102
8395,112747 7604,872213 126,260891
8445,112747 7604,872213 122,967001
8495,112747 7604,872213 119,819400
8545,112747 7604,872213 116,816938
8595,112747 7604,872213 113,963800
8645,112747 7604,872213 111,270956
8695,112747 7604,872213 108,757484
8745,112747 7604,872213 106,451605
8795,112747 7604,872213 104,391266
8845,112747 7604,872213 102,624102
8895,112747 7604,872213 101,206667
8945,112747 7604,872213 100,202857
8995,112747 7604,872213 99,681565
9045,112747 7604,872213 99,713669
9095,112747 7604,872213 100,368556
9145,112747 7604,872213 101,710452
9195,112747 7604,872213 103,794830
9245,112747 7604,872213 106,665184
9295,112747 7604,872213 110,350390
9345,112747 7604,872213 114,862809
9395,112747 7604,872213 120,197212
9445,112747 7604,872213 126,330508
9495,112747 7604,872213 133,222233
9545,112747 7604,872213 140,815669
9595,112747 7604,872213 149,039479
9645,112747 7604,872213 157,809717
9695,112747 7604,872213 167,032087
9745,112747 7604,872213 176,604328
9795,112747 7604,872213 186,418652
9845,112747 7604,872213 196,364117
9895,112747 7604,872213 206,328904
9945,112747 7604,872213 216,202427
9995,112747 7604,872213 225,877232
10045,112747 7604,872213 235,250673
10095,112747 7604,872213 244,226322
10145,112747 7604,872213 252,715126
10195,112747 7604,872213 260,636294
10245,112747 7604,872213 267,917919
10295,112747 7604,872213 274,497372
10345,112747 7604,872213 280,321461
10395,112747 7604,872213 285,346399
10445,112747 7604,872213 289,537613
10495,112747 7604,872213 292,869403
10545,112747 7604,872213 295,324514
10595,112747 7604,872213 296,893619
10645,112747 7604,872213 297,574772
10695,112747 7604,872213 297,372824
10745,112747 7604,872213 296,298855
10795,112747 7604,872213 294,369616
10845,112747 7604,872213 291,607008
10895,112747 7604,872213 288,037606
10945,112747 7604,872213 283,692236
10995,112747 7604,872213 278,605605
11045,112747 7604,872213 272,815996
11095,112747 7604,872213 266,365013
11145,112747 7604,872213 259,297382
11195,112747 7604,872213 251,660800
11245,112747 7604,872213 243,505814
11295,112747 7604,872213 234,885735
11345,112747 7604,872213 225,856548
11395,112747 7604,872213 216,476829
11445,112747 7604,872213 206,807629
11495,112747 7604,872213 196,912307
11545,112747 7604,872213 186,856308
11595,112747 7604,872213 160,550628
11645,112747 7604,872213 150,766105
11695,112747 7604,872213 141,068554
11745,112747 7604,872213 131,525239
11795,112747 7604,872213 122,201478
11845,112747 7604,872213 113,159736
11895,112747 7604,872213 104,458679
11945,112747 7604,872213 96,152216
11995,112747 7604,872213 88,288577
12045,112747 7604,872213 80,909473
12095,112747 7604,872213 74,049376
12145,112747 7604,872213 67,734975
12195,112747 7604,872213 61,984830
12245,112747 7604,872213 56,809257
12295,112747 7604,872213 52,210444
12345,112747 7604,872213 48,182810
12395,112747 7604,872213 44,713570
12445,112747 7604,872213 41,783485
12495,112747 7604,872213 39,367757
12545,112747 7604,872213 37,437013
12595,112747 7604,872213 35,958339
12645,112747 7604,872213 34,896314
12695,112747 7604,872213 34,213996
12745,112747 7604,872213 33,873837
12795,112747 7604,872213 33,838497
12845,112747 7604,872213 34,071529
12895,112747 7604,872213 34,537950
12945,112747 7604,872213 35,204682
12995,112747 7604,872213 36,040867
13045,112747 7604,872213 37,018076
13095,112747 7604,872213 38,110427
13145,112747 7604,872213 39,294606
13195,112747 7604,872213 40,549840
13245,112747 7604,872213 41,857799
13295,112747 7604,872213 43,202475
13345,112747 7604,872213 44,570025
13395,112747 7604,872213 45,948598
13445,112747 7604,872213 47,328162
13495,112747 7604,872213 48,700316
13545,112747 7604,872213 50,058120
13595,112747 7604,872213 56,904037
13645,112747 7604,872213 58,484718
13695,112747 7604,872213 60,040050
13745,112747 7604,872213 61,566562
13795,112747 7604,872213 63,061575
13845,112747 7604,872213 64,523092
13895,112747 7604,872213 65,949700
13945,112747 7604,872213 67,340477
13995,112747 7604,872213 68,694916
6545,112747 7654,872213 391,551136
6595,112747 7654,872213 385,224172
6645,112747 7654,872213 348,507052
6695,112747 7654,872213 342,187685
6745,112747 7654,872213 335,669350
6795,112747 7654,872213 328,965718
6845,112747 7654,872213 322,092028
6895,112747 7654,872213 315,065007
6945,112747 7654,872213 307,902771
6995,112747 7654,872213 300,624706
7045,112747 7654,872213 293,251322
7095,112747 7654,872213 285,804091
7145,112747 7654,872213 278,305261
7195,112747 7654,872213 270,777668
7245,112747 7654,872213 263,244518
7295,112747 7654,872213 255,729180
7345,112747 7654,872213 248,254955
7395,112747 7654,872213 240,844854
7445,112747 7654,872213 233,521375
7495,112747 7654,872213 226,306274
7545,112747 7654,872213 219,220354
7595,112747 7654,872213 204,976755
7645,112747 7654,872213 198,535007
7695,112747 7654,872213 192,270172
7745,112747 7654,872213 186,196596
7795,112747 7654,872213 180,326815
7845,112747 7654,872213 174,671409
7895,112747 7654,872213 169,238858
7945,112747 7654,872213 164,035429
7995,112747 7654,872213 159,065081
8045,112747 7654,872213 154,329405
8095,112747 7654,872213 149,827614
8145,112747 7654,872213 145,556597
8195,112747 7654,872213 141,511055
8245,112747 7654,872213 137,683760
8295,112747 7654,872213 134,065941
8345,112747 7654,872213 130,647844
8395,112747 7654,872213 127,419483
8445,112747 7654,872213 124,371598
8495,112747 7654,872213 121,496818
8545,112747 7654,872213 118,791013
8595,112747 7654,872213 116,254765
8645,112747 7654,872213 113,894887
8695,112747 7654,872213 111,725851
8745,112747 7654,872213 109,770967
8795,112747 7654,872213 108,063155
8845,112747 7654,872213 106,645118
8895,112747 7654,872213 105,568801
8945,112747 7654,872213 104,894049
8995,112747 7654,872213 104,686471
9045,112747 7654,872213 105,014609
9095,112747 7654,872213 105,946597
9145,112747 7654,872213 107,546554
9195,112747 7654,872213 109,870999
9245,112747 7654,872213 112,965542
9295,112747 7654,872213 116,862095
9345,112747 7654,872213 121,576765
9395,112747 7654,872213 127,108498
9445,112747 7654,872213 133,438515
9495,112747 7654,872213 140,530483
9545,112747 7654,872213 148,331333
9595,112747 7654,872213 156,772626
9645,112747 7654,872213 165,772348
9695,112747 7654,872213 175,237016
9745,112747 7654,872213 185,063988
9795,112747 7654,872213 195,143890
9845,112747 7654,872213 205,363062
9895,112747 7654,872213 215,605956
9945,112747 7654,872213 225,757420
9995,112747 7654,872213 235,704809
10045,112747 7654,872213 245,339884
10095,112747 7654,872213 254,560459
10145,112747 7654,872213 263,271772
10195,112747 7654,872213 271,387573
10245,112747 7654,872213 278,830923
10295,112747 7654,872213 285,534720
10345,112747 7654,872213 291,441959
10395,112747 7654,872213 296,505774
10445,112747 7654,872213 300,689263
10495,112747 7654,872213 303,965165
10545,112747 7654,872213 306,315396
10595,112747 7654,872213 307,730493
10645,112747 7654,872213 308,209007
10695,112747 7654,872213 307,756853
10745,112747 7654,872213 306,386663
10795,112747 7654,872213 304,117159
10845,112747 7654,872213 300,972555
10895,112747 7654,872213 296,982016
10945,112747 7654,872213 292,179170
10995,112747 7654,872213 286,601689
11045,112747 7654,872213 280,290938
11095,112747 7654,872213 273,291686
11145,112747 7654,872213 265,651885
11195,112747 7654,872213 257,422503
11245,112747 7654,872213 248,657403
11295,112747 7654,872213 239,413254
11345,112747 7654,872213 229,749460
11395,112747 7654,872213 219,728092
11445,112747 7654,872213 209,413787
11495,112747 7654,872213 198,873608
11545,112747 7654,872213 188,176834
11595,112747 7654,872213 161,710225
11645,112747 7654,872213 151,310915
11695,112747 7654,872213 141,019407
11745,112747 7654,872213 130,907242
11795,112747 7654,872213 121,043907
11845,112747 7654,872213 111,495839
11895,112747 7654,872213 102,325390
11945,112747 7654,872213 93,589762
11995,112747 7654,872213 85,339979
12045,112747 7654,872213 77,619947
12095,112747 7654,872213 70,465648
12145,112747 7654,872213 63,904526
12195,112747 7654,872213 57,955106
12245,112747 7654,872213 52,626865
12295,112747 7654,872213 47,920386
12345,112747 7654,872213 43,827765
12395,112747 7654,872213 40,333273
12445,112747 7654,872213 37,414215
12495,112747 7654,872213 35,041957
12545,112747 7654,872213 33,183047
12595,112747 7654,872213 31,800380
12645,112747 7654,872213 30,854364
12695,112747 7654,872213 30,304013
12745,112747 7654,872213 30,107962
12795,112747 7654,872213 30,225345
12845,112747 7654,872213 30,616540
12895,112747 7654,872213 31,243765
12945,112747 7654,872213 32,071530
12995,112747 7654,872213 33,066951
13045,112747 7654,872213 34,199944
13095,112747 7654,872213 35,443312
13145,112747 7654,872213 36,772741
13195,112747 7654,872213 38,166732
13245,112747 7654,872213 39,606469
13295,112747 7654,872213 41,075665
13345,112747 7654,872213 42,560365
13395,112747 7654,872213 44,048745
13445,112747 7654,872213 45,530907
13495,112747 7654,872213 46,998672
13545,112747 7654,872213 48,445381
13595,112747 7654,872213 55,147634
13645,112747 7654,872213 56,811327
13695,112747 7654,872213 58,443807
13745,112747 7654,872213 60,041970
13795,112747 7654,872213 61,603503
13845,112747 7654,872213 63,126772
13895,112747 7654,872213 64,610711
13945,112747 7654,872213 66,054737
13995,112747 7654,872213 67,458661
6545,112747 7704,872213 397,588399
6595,112747 7704,872213 391,133127
6645,112747 7704,872213 354,412953
6695,112747 7704,872213 347,924594
6745,112747 7704,872213 341,221167
6795,112747 7704,872213 334,317015
6845,112747 7704,872213 327,228227
6895,112747 7704,872213 319,972562
6945,112747 7704,872213 312,569347
6995,112747 7704,872213 305,039346
7045,112747 7704,872213 297,404607
7095,112747 7704,872213 289,688286
7145,112747 7704,872213 281,914453
7195,112747 7704,872213 274,107875
7245,112747 7704,872213 266,293798
7295,112747 7704,872213 258,497705
7345,112747 7704,872213 250,745082
7395,112747 7704,872213 243,061171
7445,112747 7704,872213 235,470732
7495,112747 7704,872213 227,997805
7545,112747 7704,872213 220,665479
7595,112747 7704,872213 206,241794
7645,112747 7704,872213 199,582480
7695,112747 7704,872213 193,117422
7745,112747 7704,872213 186,863068
7795,112747 7704,872213 180,834025
7845,112747 7704,872213 175,042894
7895,112747 7704,872213 169,500125
7945,112747 7704,872213 164,213881
7995,112747 7704,872213 159,189924
8045,112747 7704,872213 154,431525
8095,112747 7704,872213 149,939415
8145,112747 7704,872213 145,711793
8195,112747 7704,872213 141,744407
8245,112747 7704,872213 138,030739
8295,112747 7704,872213 134,562325
8345,112747 7704,872213 131,329233
8395,112747 7704,872213 128,320739
8445,112747 7704,872213 125,526212
8495,112747 7704,872213 122,936226
8545,112747 7704,872213 120,543877
8595,112747 7704,872213 118,346264
8645,112747 7704,872213 116,346044
8695,112747 7704,872213 114,552951
8745,112747 7704,872213 112,985118
8795,112747 7704,872213 111,670023
8845,112747 7704,872213 110,644889
8895,112747 7704,872213 109,956386
8945,112747 7704,872213 109,659549
8995,112747 7704,872213 109,815884
9045,112747 7704,872213 110,490764
9095,112747 7704,872213 111,750262
9145,112747 7704,872213 113,657653
9195,112747 7704,872213 116,269865
9245,112747 7704,872213 119,634123
9295,112747 7704,872213 123,785029
9345,112747 7704,872213 128,742239
9395,112747 7704,872213 134,508839
9445,112747 7704,872213 141,070462
9495,112747 7704,872213 148,395113
9545,112747 7704,872213 156,433662
9595,112747 7704,872213 165,120900
9645,112747 7704,872213 174,377080
9695,112747 7704,872213 184,109834
9745,112747 7704,872213 194,216377
9795,112747 7704,872213 204,585902
9845,112747 7704,872213 215,102076
9895,112747 7704,872213 225,645556
9945,112747 7704,872213 236,096454
9995,112747 7704,872213 246,336670
10045,112747 7704,872213 256,252030
10095,112747 7704,872213 265,734193
10145,112747 7704,872213 274,682270
10195,112747 7704,872213 283,004136
10245,112747 7704,872213 290,617433
10295,112747 7704,872213 297,450248
10345,112747 7704,872213 303,441498
10395,112747 7704,872213 308,541048
10445,112747 7704,872213 312,709575
10495,112747 7704,872213 315,918248
10545,112747 7704,872213 318,148236
10595,112747 7704,872213 319,390111
10645,112747 7704,872213 319,643158
10695,112747 7704,872213 318,914660
10745,112747 7704,872213 317,219156
10795,112747 7704,872213 314,577730
10845,112747 7704,872213 311,017326
10895,112747 7704,872213 306,570128
10945,112747 7704,872213 301,273000
10995,112747 7704,872213 295,167000
11045,112747 7704,872213 288,296980
11095,112747 7704,872213 280,711255
11145,112747 7704,872213 272,461352
11195,112747 7704,872213 263,601823
11245,112747 7704,872213 254,190120
11295,112747 7704,872213 244,286508
11345,112747 7704,872213 233,954009
11395,112747 7704,872213 223,258344
11445,112747 7704,872213 212,267869
11495,112747 7704,872213 201,053450
11545,112747 7704,872213 189,688277
11595,112747 7704,872213 163,018162
11645,112747 7704,872213 151,978479
11695,112747 7704,872213 141,069638
11745,112747 7704,872213 130,367528
11795,112747 7704,872213 119,945867
11845,112747 7704,872213 109,875130
11895,112747 7704,872213 100,221403
11945,112747 7704,872213 91,045216
11995,112747 7704,872213 82,400401
12045,112747 7704,872213 74,333042
12095,112747 7704,872213 66,880572
12145,112747 7704,872213 60,071094
12195,112747 7704,872213 53,922944
12245,112747 7704,872213 48,444569
12295,112747 7704,872213 43,634699
12345,112747 7704,872213 39,482828
12395,112747 7704,872213 35,969975
12445,112747 7704,872213 33,069669
12495,112747 7704,872213 30,749114
12545,112747 7704,872213 28,970465
12595,112747 7704,872213 27,692138
12645,112747 7704,872213 26,870111
12695,112747 7704,872213 26,459144
12745,112747 7704,872213 26,413880
12795,112747 7704,872213 26,689805
12845,112747 7704,872213 27,244042
12895,112747 7704,872213 28,035970
12945,112747 7704,872213 29,027685
12995,112747 7704,872213 30,184305
13045,112747 7704,872213 31,474142
13095,112747 7704,872213 32,868753
13145,112747 7704,872213 34,342907
13195,112747 7704,872213 35,874466
13245,112747 7704,872213 37,444224
13295,112747 7704,872213 39,035702
13345,112747 7704,872213 40,634921
13395,112747 7704,872213 42,230167
13445,112747 7704,872213 43,811753
13495,112747 7704,872213 45,371788
13545,112747 7704,872213 46,903954
13595,112747 7704,872213 53,475102
13645,112747 7704,872213 55,217732
13695,112747 7704,872213 56,923329
13745,112747 7704,872213 58,589183
13795,112747 7704,872213 60,213374
13845,112747 7704,872213 61,794646
13895,112747 7704,872213 63,332301
13945,112747 7704,872213 64,826101
13995,112747 7704,872213 66,276187
6545,112747 7754,872213 403,956046
6595,112747 7754,872213 397,370716
6645,112747 7754,872213 360,651052
6695,112747 7754,872213 353,988015
6745,112747 7754,872213 347,092082
6795,112747 7754,872213 339,978242
6845,112747 7754,872213 332,663431
6895,112747 7754,872213 325,166453
6945,112747 7754,872213 317,507876
6995,112747 7754,872213 309,709889
7045,112747 7754,872213 301,796143
7095,112747 7754,872213 293,791560
7145,112747 7754,872213 285,722119
7195,112747 7754,872213 277,614626
7245,112747 7754,872213 269,496473
7295,112747 7754,872213 261,395380
7345,112747 7754,872213 253,339138
7395,112747 7754,872213 245,355345
7445,112747 7754,872213 237,471154
7495,112747 7754,872213 229,713011
7545,112747 7754,872213 222,106422
7595,112747 7754,872213 207,480360
7645,112747 7754,872213 200,576029
7695,112747 7754,872213 193,883254
7745,112747 7754,872213 187,420717
7795,112747 7754,872213 181,205234
7845,112747 7754,872213 175,251583
7895,112747 7754,872213 169,572355
7945,112747 7754,872213 164,177804
7995,112747 7754,872213 159,075715
8045,112747 7754,872213 154,271290
8095,112747 7754,872213 149,767063
8145,112747 7754,872213 145,562863
8195,112747 7754,872213 141,655836
8245,112747 7754,872213 138,040562
8295,112747 7754,872213 134,709293
8345,112747 7754,872213 131,652345
8395,112747 7754,872213 128,858679
8445,112747 7754,872213 126,316708
8495,112747 7754,872213 124,015327
8545,112747 7754,872213 121,945180
8595,112747 7754,872213 120,100120
8645,112747 7754,872213 118,478788
8695,112747 7754,872213 117,086200
8745,112747 7754,872213 115,935197
8795,112747 7754,872213 115,047559
8845,112747 7754,872213 114,454638
8895,112747 7754,872213 114,197310
8945,112747 7754,872213 114,325167
8995,112747 7754,872213 114,894911
9045,112747 7754,872213 115,967990
9095,112747 7754,872213 117,607652
9145,112747 7754,872213 119,875593
9195,112747 7754,872213 122,828473
9245,112747 7754,872213 126,514548
9295,112747 7754,872213 130,970637
9345,112747 7754,872213 136,219597
9395,112747 7754,872213 142,268436
9445,112747 7754,872213 149,107099
9495,112747 7754,872213 156,707945
9545,112747 7754,872213 165,025874
9595,112747 7754,872213 173,999060
9645,112747 7754,872213 183,550194
9695,112747 7754,872213 193,588190
9745,112747 7754,872213 204,010240
9795,112747 7754,872213 214,704159
9845,112747 7754,872213 225,550907
9895,112747 7754,872213 236,427220
9945,112747 7754,872213 247,208248
9995,112747 7754,872213 257,770117
10045,112747 7754,872213 267,992335
10095,112747 7754,872213 277,759975
10145,112747 7754,872213 286,965566
10195,112747 7754,872213 295,510667
10245,112747 7754,872213 303,307086
10295,112747 7754,872213 310,277753
10345,112747 7754,872213 316,357240
10395,112747 7754,872213 321,491963
10445,112747 7754,872213 325,640108
10495,112747 7754,872213 328,771303
10545,112747 7754,872213 330,866106
10595,112747 7754,872213 331,915347
10645,112747 7754,872213 331,919360
10695,112747 7754,872213 330,887176
10745,112747 7754,872213 328,835681
10795,112747 7754,872213 325,788800
10845,112747 7754,872213 321,776717
10895,112747 7754,872213 316,835154
10945,112747 7754,872213 311,004728
10995,112747 7754,872213 304,330390
11045,112747 7754,872213 296,860961
11095,112747 7754,872213 288,648751
11145,112747 7754,872213 279,749271
11195,112747 7754,872213 270,221023
11245,112747 7754,872213 260,125364
11295,112747 7754,872213 249,526420
11345,112747 7754,872213 238,491043
11395,112747 7754,872213 227,088775
11445,112747 7754,872213 215,391810
11495,112747 7754,872213 203,474899
11545,112747 7754,872213 191,415195
11595,112747 7754,872213 164,499282
11645,112747 7754,872213 152,795401
11695,112747 7754,872213 141,247798
11745,112747 7754,872213 129,936725
11795,112747 7754,872213 118,940139
11845,112747 7754,872213 108,332551
11895,112747 7754,872213 98,183775
11945,112747 7754,872213 88,557653
11995,112747 7754,872213 79,510788
12045,112747 7754,872213 71,091380
12095,112747 7754,872213 63,338223
12145,112747 7754,872213 56,279942
12195,112747 7754,872213 49,934517
12245,112747 7754,872213 44,309146
12295,112747 7754,872213 39,400456
12345,112747 7754,872213 35,195057
12395,112747 7754,872213 31,670408
12445,112747 7754,872213 28,795949
12495,112747 7754,872213 26,534415
12545,112747 7754,872213 24,843273
12595,112747 7754,872213 23,676199
12645,112747 7754,872213 22,984518
12695,112747 7754,872213 22,718549
12745,112747 7754,872213 22,828812
12795,112747 7754,872213 23,267056
12845,112747 7754,872213 23,987102
12895,112747 7754,872213 24,945486
12945,112747 7754,872213 26,101918
12995,112747 7754,872213 27,419574
13045,112747 7754,872213 28,865235
13095,112747 7754,872213 30,409306
13145,112747 7754,872213 32,025733
13195,112747 7754,872213 33,691842
13245,112747 7754,872213 35,388137
13295,112747 7754,872213 37,098042
13345,112747 7754,872213 38,807648
13395,112747 7754,872213 40,505430
13445,112747 7754,872213 42,181986
13495,112747 7754,872213 43,829778
13545,112747 7754,872213 45,442885
13595,112747 7754,872213 51,895012
13645,112747 7754,872213 53,711603
13695,112747 7754,872213 55,485466
13745,112747 7754,872213 57,214312
13795,112747 7754,872213 58,896631
13845,112747 7754,872213 60,531563
13895,112747 7754,872213 62,118781
13945,112747 7754,872213 63,658403
13995,112747 7754,872213 65,150898
6545,112747 7804,872213 410,670723
6595,112747 7804,872213 403,954043
6645,112747 7804,872213 367,240103
6695,112747 7804,872213 360,396813
6745,112747 7804,872213 353,300904
6795,112747 7804,872213 345,967976
6845,112747 7804,872213 338,415798
6895,112747 7804,872213 330,664224
6945,112747 7804,872213 322,735088
6995,112747 7804,872213 314,652050
7045,112747 7804,872213 306,440425
7095,112747 7804,872213 298,126977
7145,112747 7804,872213 289,739688
7195,112747 7804,872213 281,307505
7245,112747 7804,872213 272,860078
7295,112747 7804,872213 264,427484
7345,112747 7804,872213 256,039939
7395,112747 7804,872213 247,727524
7445,112747 7804,872213 239,519901
7495,112747 7804,872213 231,446050
7545,112747 7804,872213 223,534008
7595,112747 7804,872213 208,680709
7645,112747 7804,872213 201,500245
7695,112747 7804,872213 194,548343
7745,112747 7804,872213 187,846035
7795,112747 7804,872213 181,412465
7845,112747 7804,872213 175,264724
7895,112747 7804,872213 169,417695
7945,112747 7804,872213 163,883898
7995,112747 7804,872213 158,673345
8045,112747 7804,872213 153,793407
8095,112747 7804,872213 149,248701
8145,112747 7804,872213 145,041004
8195,112747 7804,872213 141,169225
8245,112747 7804,872213 137,629446
8295,112747 7804,872213 134,415080
8345,112747 7804,872213 131,517162
8395,112747 7804,872213 128,924836
8445,112747 7804,872213 126,626045
8495,112747 7804,872213 124,608483
8545,112747 7804,872213 122,860775
8595,112747 7804,872213 121,373897
8645,112747 7804,872213 120,142755
8695,112747 7804,872213 119,167819
8745,112747 7804,872213 118,456676
8795,112747 7804,872213 118,025322
8845,112747 7804,872213 117,898995
8895,112747 7804,872213 118,112407
8945,112747 7804,872213 118,709217
8995,112747 7804,872213 119,740723
9045,112747 7804,872213 121,263782
9095,112747 7804,872213 123,338099
9145,112747 7804,872213 126,023065
9195,112747 7804,872213 129,374367
9245,112747 7804,872213 133,440635
9295,112747 7804,872213 138,260314
9345,112747 7804,872213 143,858973
9395,112747 7804,872213 150,247151
9445,112747 7804,872213 157,418820
9495,112747 7804,872213 165,350509
9545,112747 7804,872213 174,001055
9595,112747 7804,872213 183,311979
9645,112747 7804,872213 193,208423
9695,112747 7804,872213 203,600598
9745,112747 7804,872213 214,385670
9795,112747 7804,872213 225,450021
9845,112747 7804,872213 236,671784
9895,112747 7804,872213 247,923566
9945,112747 7804,872213 259,075260
9995,112747 7804,872213 269,996846
10045,112747 7804,872213 280,561073
10095,112747 7804,872213 290,645941
10145,112747 7804,872213 300,136899
10195,112747 7804,872213 308,928702
10245,112747 7804,872213 316,926888
10295,112747 7804,872213 324,048857
10345,112747 7804,872213 330,224555
10395,112747 7804,872213 335,396787
10445,112747 7804,872213 339,521189
10495,112747 7804,872213 342,565920
10545,112747 7804,872213 344,511112
10595,112747 7804,872213 345,348145
10645,112747 7804,872213 345,078794
10695,112747 7804,872213 343,714307
10745,112747 7804,872213 341,274452
10795,112747 7804,872213 337,786579
10845,112747 7804,872213 333,284720
10895,112747 7804,872213 327,808755
10945,112747 7804,872213 321,403675
10995,112747 7804,872213 314,118925
11045,112747 7804,872213 306,007863
11095,112747 7804,872213 297,127323
11145,112747 7804,872213 287,537280
11195,112747 7804,872213 277,300609
11245,112747 7804,872213 266,482932
11295,112747 7804,872213 255,152536
11345,112747 7804,872213 243,380337
11395,112747 7804,872213 231,239871
11445,112747 7804,872213 218,807280
11495,112747 7804,872213 206,161262
11545,112747 7804,872213 193,382948
11595,112747 7804,872213 166,179929
11645,112747 7804,872213 153,790417
11695,112747 7804,872213 141,585220
11745,112747 7804,872213 129,648892
11795,112747 7804,872213 118,063564
11845,112747 7804,872213 106,907706
11895,112747 7804,872213 96,254786
11945,112747 7804,872213 86,171866
11995,112747 7804,872213 76,718224
12045,112747 7804,872213 67,944060
12095,112747 7804,872213 59,889392
12145,112747 7804,872213 52,583199
12195,112747 7804,872213 46,042908
12245,112747 7804,872213 40,274239
12295,112747 7804,872213 35,271457
12345,112747 7804,872213 31,018008
12395,112747 7804,872213 27,487502
12445,112747 7804,872213 24,644996
12495,112747 7804,872213 22,448473
12545,112747 7804,872213 20,850461
12595,112747 7804,872213 19,799668
12645,112747 7804,872213 19,242585
12695,112747 7804,872213 19,124953
12745,112747 7804,872213 19,393079
12795,112747 7804,872213 19,994930
12845,112747 7804,872213 20,881023
12895,112747 7804,872213 22,005082
12945,112747 7804,872213 23,324497
12995,112747 7804,872213 24,800583
13045,112747 7804,872213 26,398692
13095,112747 7804,872213 28,088184
13145,112747 7804,872213 29,842295
13195,112747 7804,872213 31,637928
13245,112747 7804,872213 33,455399
13295,112747 7804,872213 35,278139
13345,112747 7804,872213 37,092394
13395,112747 7804,872213 38,886912
13445,112747 7804,872213 40,652645
13495,112747 7804,872213 42,382464
13545,112747 7804,872213 44,070895
13595,112747 7804,872213 50,415529
13645,112747 7804,872213 52,300190
13695,112747 7804,872213 54,136647
13745,112747 7804,872213 55,923051
13795,112747 7804,872213 57,658312
13845,112747 7804,872213 59,341972
13895,112747 7804,872213 60,974081
13945,112747 7804,872213 62,555108
13995,112747 7804,872213 64,085849
6545,112747 7854,872213 417,749821
6595,112747 7854,872213 410,901089
6645,112747 7854,872213 374,199959
6695,112747 7854,872213 367,171062
6745,112747 7854,872213 359,867750
6795,112747 7854,872213 352,306193
6845,112747 7854,872213 344,504966
6895,112747 7854,872213 336,484973
6945,112747 7854,872213 328,269330
6995,112747 7854,872213 319,883208
7045,112747 7854,872213 311,353647
7095,112747 7854,872213 302,709329
7145,112747 7854,872213 293,980330
7195,112747 7854,872213 285,197846
7245,112747 7854,872213 276,393899
7295,112747 7854,872213 267,601039
7345,112747 7854,872213 258,852033
7395,112747 7854,872213 250,179565
7445,112747 7854,872213 241,615930
7495,112747 7854,872213 233,192756
7545,112747 7854,872213 224,940723
7595,112747 7854,872213 209,832551
7645,112747 7854,872213 202,341138
7695,112747 7854,872213 195,094751
7745,112747 7854,872213 188,116865
7795,112747 7854,872213 181,429056
7845,112747 7854,872213 175,050841
7895,112747 7854,872213 168,999525
7945,112747 7854,872213 163,290048
7995,112747 7854,872213 157,934838
8045,112747 7854,872213 152,943660
8095,112747 7854,872213 148,323481
8145,112747 7854,872213 144,078348
8195,112747 7854,872213 140,209306
8245,112747 7854,872213 136,714369
8295,112747 7854,872213 133,588587
8345,112747 7854,872213 130,824242
8395,112747 7854,872213 128,411216
8445,112747 7854,872213 126,337564
8495,112747 7854,872213 124,590349
8545,112747 7854,872213 123,156730
8595,112747 7854,872213 122,025306
8645,112747 7854,872213 121,187667
8695,112747 7854,872213 120,640055
8745,112747 7854,872213 120,385003
8795,112747 7854,872213 120,432772
8845,112747 7854,872213 120,802404
8895,112747 7854,872213 121,522210
8945,112747 7854,872213 122,629543
8995,112747 7854,872213 124,169801
9045,112747 7854,872213 126,194654
9095,112747 7854,872213 128,759599
9145,112747 7854,872213 131,921001
9195,112747 7854,872213 135,732847
9245,112747 7854,872213 140,243416
9295,112747 7854,872213 145,492106
9345,112747 7854,872213 151,506578
9395,112747 7854,872213 158,300361
9445,112747 7854,872213 165,871008
9495,112747 7854,872213 174,198859
9545,112747 7854,872213 183,246416
9595,112747 7854,872213 192,958351
9645,112747 7854,872213 203,262106
9695,112747 7854,872213 214,069063
9745,112747 7854,872213 225,276234
9795,112747 7854,872213 236,768404
9845,112747 7854,872213 248,420657
9895,112747 7854,872213 260,101177
9945,112747 7854,872213 271,674228
9995,112747 7854,872213 283,003195
10045,112747 7854,872213 293,953555
10095,112747 7854,872213 304,395685
10145,112747 7854,872213 314,207391
10195,112747 7854,872213 323,276085
10245,112747 7854,872213 331,500546
10295,112747 7854,872213 338,792239
10345,112747 7854,872213 345,076188
10395,112747 7854,872213 350,291410
10445,112747 7854,872213 354,390961
10495,112747 7854,872213 357,341632
10545,112747 7854,872213 359,123368
10595,112747 7854,872213 359,728462
10645,112747 7854,872213 359,160606
10695,112747 7854,872213 357,433833
10745,112747 7854,872213 354,571437
10795,112747 7854,872213 350,604884
10845,112747 7854,872213 345,572778
10895,112747 7854,872213 339,519901
10945,112747 7854,872213 332,496343
10995,112747 7854,872213 324,556750
11045,112747 7854,872213 315,759688
11095,112747 7854,872213 306,167133
11145,112747 7854,872213 295,844080
11195,112747 7854,872213 284,858264
11245,112747 7854,872213 273,279987
11295,112747 7854,872213 261,182031
11345,112747 7854,872213 248,639630
11395,112747 7854,872213 235,730491
11445,112747 7854,872213 222,534809
11495,112747 7854,872213 209,135260
11545,112747 7854,872213 195,616923
11595,112747 7854,872213 168,087268
11645,112747 7854,872213 154,993781
11695,112747 7854,872213 142,115462
11745,112747 7854,872213 129,541023
11795,112747 7854,872213 117,356607
11845,112747 7854,872213 105,644480
11895,112747 7854,872213 94,481592
11945,112747 7854,872213 83,938057
11995,112747 7854,872213 74,075652
12045,112747 7854,872213 64,946398
12095,112747 7854,872213 56,591340
12145,112747 7854,872213 49,039610
12195,112747 7854,872213 42,307855
12245,112747 7854,872213 36,400075
12295,112747 7854,872213 31,307919
12345,112747 7854,872213 27,011400
12395,112747 7854,872213 23,480016
12445,112747 7854,872213 20,674181
12495,112747 7854,872213 18,546894
12545,112747 7854,872213 17,045532
12595,112747 7854,872213 16,113669
12645,112747 7854,872213 15,692834
12695,112747 7854,872213 15,724113
12745,112747 7854,872213 16,149562
12795,112747 7854,872213 16,913378
12845,112747 7854,872213 17,962816
12895,112747 7854,872213 19,248865
12945,112747 7854,872213 20,726690
12995,112747 7854,872213 22,355863
13045,112747 7854,872213 24,100431
13095,112747 7854,872213 25,928832
13145,112747 7854,872213 27,813719
13195,112747 7854,872213 29,731688
13245,112747 7854,872213 31,662979
13295,112747 7854,872213 33,591128
13345,112747 7854,872213 35,502621
13395,112747 7854,872213 37,386553
13445,112747 7854,872213 39,234291
13495,112747 7854,872213 41,039168
13545,112747 7854,872213 42,796197
13595,112747 7854,872213 49,044242
13645,112747 7854,872213 50,990176
13695,112747 7854,872213 52,882750
13745,112747 7854,872213 54,720559
13795,112747 7854,872213 56,502941
13845,112747 7854,872213 58,229834
13895,112747 7854,872213 59,901664
13945,112747 7854,872213 61,519242
13995,112747 7854,872213 63,083682
6545,112747 7904,872213 425,211413
6595,112747 7904,872213 418,230660
6645,112747 7904,872213 381,551557
6695,112747 7904,872213 374,332041
6745,112747 7904,872213 366,814067
6795,112747 7904,872213 359,014312
6845,112747 7904,872213 350,952122
6895,112747 7904,872213 342,649436
6945,112747 7904,872213 334,130667
6995,112747 7904,872213 325,422531
7045,112747 7904,872213 316,553851
7095,112747 7904,872213 307,555304
7145,112747 7904,872213 298,459156
7195,112747 7904,872213 289,298956
7245,112747 7904,872213 280,109218
7295,112747 7904,872213 270,925087
7345,112747 7904,872213 261,782009
7395,112747 7904,872213 252,715391
7445,112747 7904,872213 243,760285
7495,112747 7904,872213 234,951077
7545,112747 7904,872213 226,321198
7595,112747 7904,872213 210,927564
7645,112747 7904,872213 203,086715
7695,112747 7904,872213 195,506569
7745,112747 7904,872213 188,213125
7795,112747 7904,872213 181,230473
7845,112747 7904,872213 174,580647
7895,112747 7904,872213 168,283484
7945,112747 7904,872213 162,356481
7995,112747 7904,872213 156,814646
8045,112747 7904,872213 151,670353
8095,112747 7904,872213 146,933182
8145,112747 7904,872213 142,609771
8195,112747 7904,872213 138,703683
8245,112747 7904,872213 135,215317
8295,112747 7904,872213 132,141880
8345,112747 7904,872213 129,477478
8395,112747 7904,872213 127,213359
8445,112747 7904,872213 125,338354
8495,112747 7904,872213 123,839577
8545,112747 7904,872213 122,703382
8595,112747 7904,872213 121,916619
8645,112747 7904,872213 121,468118
8695,112747 7904,872213 121,350351
8745,112747 7904,872213 121,561129
8795,112747 7904,872213 122,105171
8845,112747 7904,872213 122,995356
8895,112747 7904,872213 124,253471
8945,112747 7904,872213 125,910287
8995,112747 7904,872213 128,004887
9045,112747 7904,872213 130,583214
9095,112747 7904,872213 133,695920
9145,112747 7904,872213 137,395640
9195,112747 7904,872213 141,733906
9245,112747 7904,872213 146,757885
9295,112747 7904,872213 152,507173
9345,112747 7904,872213 159,010810
9395,112747 7904,872213 166,284660
9445,112747 7904,872213 174,329278
9495,112747 7904,872213 183,128313
9545,112747 7904,872213 192,647521
9595,112747 7904,872213 202,834382
9645,112747 7904,872213 213,618350
9695,112747 7904,872213 224,911727
9745,112747 7904,872213 236,611120
9795,112747 7904,872213 248,599447
9845,112747 7904,872213 260,748423
9895,112747 7904,872213 272,921422
9945,112747 7904,872213 284,976619
9995,112747 7904,872213 296,770265
10045,112747 7904,872213 308,159970
10095,112747 7904,872213 319,007856
10145,112747 7904,872213 329,183442
10195,112747 7904,872213 338,566180
10245,112747 7904,872213 347,047538
10295,112747 7904,872213 354,532591
10345,112747 7904,872213 360,941108
10395,112747 7904,872213 366,208133
10445,112747 7904,872213 370,284111
10495,112747 7904,872213 373,134598
10545,112747 7904,872213 374,739641
10595,112747 7904,872213 375,092887
10645,112747 7904,872213 374,200507
10695,112747 7904,872213 372,079996
10745,112747 7904,872213 368,758928
10795,112747 7904,872213 364,273707
10845,112747 7904,872213 358,668364
10895,112747 7904,872213 351,993445
10945,112747 7904,872213 344,304996
10995,112747 7904,872213 335,663690
11045,112747 7904,872213 326,134080
11095,112747 7904,872213 315,784001
11145,112747 7904,872213 304,684109
11195,112747 7904,872213 292,907559
11245,112747 7904,872213 280,529803
11295,112747 7904,872213 267,628488
11345,112747 7904,872213 254,283447
11395,112747 7904,872213 240,576735
11445,112747 7904,872213 226,592690
11495,112747 7904,872213 212,417966
11545,112747 7904,872213 198,141514
11595,112747 7904,872213 170,248346
11645,112747 7904,872213 156,436365
11695,112747 7904,872213 142,873454
11745,112747 7904,872213 129,652229
11795,112747 7904,872213 116,862578
11845,112747 7904,872213 104,590288
11895,112747 7904,872213 92,915512
11945,112747 7904,872213 81,911146
11995,112747 7904,872213 71,641200
12045,112747 7904,872213 62,159255
12095,112747 7904,872213 53,507133
12145,112747 7904,872213 45,713866
12195,112747 7904,872213 38,795069
12245,112747 7904,872213 32,752775
12295,112747 7904,872213 27,575767
12345,112747 7904,872213 23,240387
12395,112747 7904,872213 19,711791
12445,112747 7904,872213 16,945548
12495,112747 7904,872213 14,889493
12545,112747 7904,872213 13,485715
12595,112747 7904,872213 12,672555
12645,112747 7904,872213 12,386524
12695,112747 7904,872213 12,564043
12745,112747 7904,872213 13,142950
12795,112747 7904,872213 14,063736
12845,112747 7904,872213 15,270495
12895,112747 7904,872213 16,711601
12945,112747 7904,872213 18,340131
12995,112747 7904,872213 20,114057
13045,112747 7904,872213 21,996265
13095,112747 7904,872213 23,954417
13145,112747 7904,872213 25,960711
13195,112747 7904,872213 27,991562
13245,112747 7904,872213 30,027240
13295,112747 7904,872213 32,051479
13345,112747 7904,872213 34,051088
13395,112747 7904,872213 36,015570
13445,112747 7904,872213 37,936762
13495,112747 7904,872213 39,808495
13545,112747 7904,872213 41,626297
13595,112747 7904,872213 47,787987
13645,112747 7904,872213 49,787523
13695,112747 7904,872213 51,728960
13745,112747 7904,872213 53,611341
13795,112747 7904,872213 55,434420
13845,112747 7904,872213 57,198526
13895,112747 7904,872213 58,904446
13945,112747 7904,872213 60,553320
13995,112747 7904,872213 62,146561
6545,112747 7954,872213 433,074159
6595,112747 7954,872213 425,962312
6645,112747 7954,872213 389,316866
6695,112747 7954,872213 381,902214
6745,112747 7954,872213 374,162625
6795,112747 7954,872213 366,115208
6845,112747 7954,872213 357,780030
6895,112747 7954,872213 349,180045
6945,112747 7954,872213 340,340963
6995,112747 7954,872213 331,291082
7045,112747 7954,872213 322,061058
7095,112747 7954,872213 312,683645
7145,112747 7954,872213 303,193395
7195,112747 7954,872213 293,626322
7245,112747 7954,872213 284,019554
7295,112747 7954,872213 274,410964
7345,112747 7954,872213 264,838803
7395,112747 7954,872213 255,341334
7445,112747 7954,872213 245,956486
7495,112747 7954,872213 236,721516
7545,112747 7954,872213 227,672710
7595,112747 7954,872213 211,959927
7645,112747 7954,872213 203,727573
7695,112747 7954,872213 195,770591
7745,112747 7954,872213 188,117563
7795,112747 7954,872213 180,795157
7845,112747 7954,872213 173,827996
7895,112747 7954,872213 167,238540
7945,112747 7954,872213 161,046955
7995,112747 7954,872213 155,270987
8045,112747 7954,872213 149,925811
8095,112747 7954,872213 145,023879
8145,112747 7954,872213 140,574743
8195,112747 7954,872213 136,584886
8245,112747 7954,872213 133,057565
8295,112747 7954,872213 129,992703
8345,112747 7954,872213 127,386867
8395,112747 7954,872213 125,233370
8445,112747 7954,872213 123,522575
8495,112747 7954,872213 122,242422
8545,112747 7954,872213 121,379245
8595,112747 7954,872213 120,918889
8645,112747 7954,872213 120,848106
8695,112747 7954,872213 121,156178
8745,112747 7954,872213 121,836644
8795,112747 7954,872213 122,888979
8845,112747 7954,872213 124,320031
8895,112747 7954,872213 126,145020
8945,112747 7954,872213 128,387925
8995,112747 7954,872213 131,081147
9045,112747 7954,872213 134,264398
9095,112747 7954,872213 137,982864
9145,112747 7954,872213 142,284745
9195,112747 7954,872213 147,218352
9245,112747 7954,872213 152,828943
9295,112747 7954,872213 159,155512
9345,112747 7954,872213 166,227697
9395,112747 7954,872213 174,062966
9445,112747 7954,872213 182,664201
9495,112747 7954,872213 192,017769
9545,112747 7954,872213 202,092151
9595,112747 7954,872213 212,837186
9645,112747 7954,872213 224,183948
9695,112747 7954,872213 236,045300
9745,112747 7954,872213 248,317093
9795,112747 7954,872213 260,880011
9845,112747 7954,872213 273,601984
9895,112747 7954,872213 286,341100
9945,112747 7954,872213 298,948888
9995,112747 7954,872213 311,273836
10045,112747 7954,872213 323,164994
10095,112747 7954,872213 334,475489
10145,112747 7954,872213 345,065818
10195,112747 7954,872213 354,806764
10245,112747 7954,872213 363,581842
10295,112747 7954,872213 371,289211
10345,112747 7954,872213 377,842999
10395,112747 7954,872213 383,174062
10445,112747 7954,872213 387,230197
10495,112747 7954,872213 389,975881
10545,112747 7954,872213 391,391600
10595,112747 7954,872213 391,472864
10645,112747 7954,872213 390,228982
10695,112747 7954,872213 387,681697
10745,112747 7954,872213 383,863751
10795,112747 7954,872213 378,817435
10845,112747 7954,872213 372,593205
10895,112747 7954,872213 365,248374
10945,112747 7954,872213 356,845942
10995,112747 7954,872213 347,453561
11045,112747 7954,872213 337,142670
11095,112747 7954,872213 325,987787
11145,112747 7954,872213 314,065967
11195,112747 7954,872213 301,456420
11245,112747 7954,872213 288,240271
11295,112747 7954,872213 274,500451
11345,112747 7954,872213 260,321687
11395,112747 7954,872213 245,790565
11445,112747 7954,872213 230,995634
11495,112747 7954,872213 216,027493
11545,112747 7954,872213 200,978823
11595,112747 7954,872213 172,688852
11645,112747 7954,872213 158,148454
11695,112747 7954,872213 143,894308
11745,112747 7954,872213 130,022568
11795,112747 7954,872213 116,626472
11845,112747 7954,872213 103,794923
11895,112747 7954,872213 91,610877
11945,112747 7954,872213 80,149620
11995,112747 7954,872213 69,477025
12045,112747 7954,872213 59,647888
12095,112747 7954,872213 50,704482
12145,112747 7954,872213 42,675437
12195,112747 7954,872213 35,575062
12245,112747 7954,872213 29,403168
12295,112747 7954,872213 24,145443
12345,112747 7954,872213 19,774358
12395,112747 7954,872213 16,250554
12445,112747 7954,872213 13,524617
12495,112747 7954,872213 11,539122
12545,112747 7954,872213 10,230810
12595,112747 7954,872213 9,532779
12645,112747 7954,872213 9,376555
12695,112747 7954,872213 9,693963
12745,112747 7954,872213 10,418729
12795,112747 7954,872213 11,487772
12845,112747 7954,872213 12,842182
12895,112747 7954,872213 14,427886
12945,112747 7954,872213 16,196046
12995,112747 7954,872213 18,103206
13045,112747 7954,872213 20,111256
13095,112747 7954,872213 22,187234
13145,112747 7954,872213 24,303024
13195,112747 7954,872213 26,434980
13245,112747 7954,872213 28,563504
13295,112747 7954,872213 30,672614
13345,112747 7954,872213 32,749511
13395,112747 7954,872213 34,784159
13445,112747 7954,872213 36,768900
13495,112747 7954,872213 38,698093
13545,112747 7954,872213 40,567791
13595,112747 7954,872213 46,652670
13645,112747 7954,872213 48,697312
13695,112747 7954,872213 50,679637
13745,112747 7954,872213 52,599124
13795,112747 7954,872213 54,455929
13845,112747 7954,872213 56,250752
13895,112747 7954,872213 57,984719
13945,112747 7954,872213 59,659276
13995,112747 7954,872213 61,276115
6545,112747 8004,872213 441,357170
6595,112747 8004,872213 434,116224
6645,112747 8004,872213 397,518811
6695,112747 8004,872213 389,905166
6745,112747 8004,872213 381,937477
6795,112747 8004,872213 373,633195
6845,112747 8004,872213 365,013044
6895,112747 8004,872213 356,100956
6945,112747 8004,872213 346,923941
6995,112747 8004,872213 337,511897
7045,112747 8004,872213 327,897374
7095,112747 8004,872213 318,115282
7145,112747 8004,872213 308,202559
7195,112747 8004,872213 298,197804
7245,112747 8004,872213 288,140891
7295,112747 8004,872213 278,072557
7345,112747 8004,872213 268,034000
7395,112747 8004,872213 258,066476
7445,112747 8004,872213 248,210915
7495,112747 8004,872213 238,507567
7545,112747 8004,872213 228,995674
7595,112747 8004,872213 212,926853
7645,112747 8004,872213 204,257511
7695,112747 8004,872213 195,876998
7745,112747 8004,872213 187,816526
7795,112747 8004,872213 180,105390
7845,112747 8004,872213 172,770858
7895,112747 8004,872213 165,838079
7945,112747 8004,872213 159,329989
7995,112747 8004,872213 153,267204
8045,112747 8004,872213 147,667893
8095,112747 8004,872213 142,547629
8145,112747 8004,872213 137,919204
8195,112747 8004,872213 133,792433
8245,112747 8004,872213 130,173938
8295,112747 8004,872213 127,066960
8345,112747 8004,872213 124,471214
8395,112747 8004,872213 122,382860
8445,112747 8004,872213 120,794624
8495,112747 8004,872213 119,696157
8545,112747 8004,872213 119,074659
8595,112747 8004,872213 118,915828
8645,112747 8004,872213 119,205129
8695,112747 8004,872213 119,929337
8745,112747 8004,872213 121,078265
8795,112747 8004,872213 122,646520
8845,112747 8004,872213 124,635112
8895,112747 8004,872213 127,052698
8945,112747 8004,872213 129,916286
8995,112747 8004,872213 133,251247
9045,112747 8004,872213 137,090566
9095,112747 8004,872213 141,473345
9145,112747 8004,872213 146,442635
9195,112747 8004,872213 152,042746
9245,112747 8004,872213 158,316213
9295,112747 8004,872213 165,300602
9345,112747 8004,872213 173,025337
9395,112747 8004,872213 181,508714
9445,112747 8004,872213 190,755222
9495,112747 8004,872213 200,753287
9545,112747 8004,872213 211,473533
9595,112747 8004,872213 222,867634
9645,112747 8004,872213 234,867821
9695,112747 8004,872213 247,387081
9745,112747 8004,872213 260,320086
9795,112747 8004,872213 273,544837
9845,112747 8004,872213 286,924987
9895,112747 8004,872213 300,312773
9945,112747 8004,872213 313,552430
9995,112747 8004,872213 326,483956
10045,112747 8004,872213 338,947038
10095,112747 8004,872213 350,784968
10145,112747 8004,872213 361,848360
10195,112747 8004,872213 371,998504
10245,112747 8004,872213 381,110223
10295,112747 8004,872213 389,074135
10345,112747 8004,872213 395,798271
10395,112747 8004,872213 401,209027
10445,112747 8004,872213 405,251501
10495,112747 8004,872213 407,889253
10545,112747 8004,872213 409,103588
10595,112747 8004,872213 408,892451
10645,112747 8004,872213 407,269048
10695,112747 8004,872213 404,260272
10745,112747 8004,872213 399,905050
10795,112747 8004,872213 394,252664
10845,112747 8004,872213 387,361135
10895,112747 8004,872213 379,295708
10945,112747 8004,872213 370,127473
10995,112747 8004,872213 359,932163
11045,112747 8004,872213 348,789128
11095,112747 8004,872213 336,780508
11145,112747 8004,872213 323,990589
11195,112747 8004,872213 310,505352
11245,112747 8004,872213 296,412184
11295,112747 8004,872213 281,799752
11345,112747 8004,872213 266,757992
11395,112747 8004,872213 251,378204
11445,112747 8004,872213 235,753191
11495,112747 8004,872213 219,977414
11545,112747 8004,872213 204,147089
11595,112747 8004,872213 175,431572
11645,112747 8004,872213 160,158185
11695,112747 8004,872213 145,211752
11745,112747 8004,872213 130,691458
11795,112747 8004,872213 116,693359
11845,112747 8004,872213 103,308922
11895,112747 8004,872213 90,623365
11945,112747 8004,872213 78,713846
11995,112747 8004,872213 67,647609
12045,112747 8004,872213 57,480216
12095,112747 8004,872213 48,253990
12145,112747 8004,872213 39,996811
12195,112747 8004,872213 32,721377
12245,112747 8004,872213 26,425029
12295,112747 8004,872213 21,090158
12345,112747 8004,872213 16,685213
12395,112747 8004,872213 13,166219
12445,112747 8004,872213 10,478729
12495,112747 8004,872213 8,560052
12545,112747 8004,872213 7,341631
12595,112747 8004,872213 6,751409
12645,112747 8004,872213 6,716054
12695,112747 8004,872213 7,162960
12745,112747 8004,872213 8,021931
12795,112747 8004,872213 9,226521
12845,112747 8004,872213 10,715029
12895,112747 8004,872213 12,431152
12945,112747 8004,872213 14,324347
12995,112747 8004,872213 16,349928
13045,112747 8004,872213 18,468969
13095,112747 8004,872213 20,648045
13145,112747 8004,872213 22,858865
13195,112747 8004,872213 25,077834
13245,112747 8004,872213 27,285585
13295,112747 8004,872213 29,466493
13345,112747 8004,872213 31,608201
13395,112747 8004,872213 33,701175
13445,112747 8004,872213 35,738281
13495,112747 8004,872213 37,714415
13545,112747 8004,872213 39,626155
13595,112747 8004,872213 45,643080
13645,112747 8004,872213 47,723581
13695,112747 8004,872213 49,738172
13745,112747 8004,872213 51,686740
13795,112747 8004,872213 53,569819
13845,112747 8004,872213 55,388451
13895,112747 8004,872213 57,144069
13945,112747 8004,872213 58,838400
13995,112747 8004,872213 60,473380
6545,112747 8054,872213 450,079823
6595,112747 8054,872213 442,713041
6645,112747 8054,872213 406,181143
6695,112747 8054,872213 398,365493
6745,112747 8054,872213 390,163875
6795,112747 8054,872213 381,593965
6845,112747 8054,872213 372,677066
6895,112747 8054,872213 363,438044
6945,112747 8054,872213 353,905191
6995,112747 8054,872213 344,110034
7045,112747 8054,872213 334,087066
7095,112747 8054,872213 323,873435
7145,112747 8054,872213 313,508577
7195,112747 8054,872213 303,033804
7245,112747 8054,872213 292,491876
7295,112747 8054,872213 281,926547
7345,112747 8054,872213 271,382113
7395,112747 8054,872213 260,902970
7445,112747 8054,872213 250,533192
7495,112747 8054,872213 240,316143
7545,112747 8054,872213 230,294130
7595,112747 8054,872213 213,829133
7645,112747 8054,872213 204,674136
7695,112747 8054,872213 195,820043
7745,112747 8054,872213 187,300739
7795,112747 8054,872213 179,148174
7845,112747 8054,872213 171,392299
7895,112747 8054,872213 164,061008
7945,112747 8054,872213 157,180087
7995,112747 8054,872213 150,773144
8045,112747 8054,872213 144,861519
8095,112747 8054,872213 139,464152
8145,112747 8054,872213 134,597410
8195,112747 8054,872213 130,274863
8245,112747 8054,872213 126,507035
8295,112747 8054,872213 123,301120
8345,112747 8054,872213 120,660735
8395,112747 8054,872213 118,585727
8445,112747 8054,872213 117,072112
8495,112747 8054,872213 116,112219
8545,112747 8054,872213 115,695099
8595,112747 8054,872213 115,807262
8645,112747 8054,872213 116,433770
8695,112747 8054,872213 117,559657
8745,112747 8054,872213 119,171618
8795,112747 8054,872213 121,259818
8845,112747 8054,872213 123,819655
8895,112747 8054,872213 126,853241
8945,112747 8054,872213 130,370433
8995,112747 8054,872213 134,389215
9045,112747 8054,872213 138,935332
9095,112747 8054,872213 144,041169
9145,112747 8054,872213 149,743900
9195,112747 8054,872213 156,083046
9245,112747 8054,872213 163,097593
9295,112747 8054,872213 170,822845
9345,112747 8054,872213 179,287199
9395,112747 8054,872213 188,508993
9445,112747 8054,872213 198,493590
9495,112747 8054,872213 209,230803
9545,112747 8054,872213 220,692788
9595,112747 8054,872213 232,832507
9645,112747 8054,872213 245,582842
9695,112747 8054,872213 258,856434
9745,112747 8054,872213 272,546301
9795,112747 8054,872213 286,527262
9845,112747 8054,872213 300,658140
9895,112747 8054,872213 314,784684
9945,112747 8054,872213 328,743112
9995,112747 8054,872213 342,364104
10045,112747 8054,872213 355,477080
10095,112747 8054,872213 367,914530
10145,112747 8054,872213 379,516202
10195,112747 8054,872213 390,132942
10245,112747 8054,872213 399,630007
10295,112747 8054,872213 407,889742
10345,112747 8054,872213 414,813520
10395,112747 8054,872213 420,322946
10445,112747 8054,872213 424,360320
10495,112747 8054,872213 426,888442
10545,112747 8054,872213 427,889840
10595,112747 8054,872213 427,365541
10645,112747 8054,872213 425,333491
10695,112747 8054,872213 421,826758
10745,112747 8054,872213 416,891609
10795,112747 8054,872213 410,585572
10845,112747 8054,872213 402,975542
10895,112747 8054,872213 394,136013
10945,112747 8054,872213 384,147469
10995,112747 8054,872213 373,094965
11045,112747 8054,872213 361,066930
11095,112747 8054,872213 348,154182
11145,112747 8054,872213 334,449173
11195,112747 8054,872213 320,045449
11245,112747 8054,872213 305,037307
11295,112747 8054,872213 289,519635
11345,112747 8054,872213 273,587913
11395,112747 8054,872213 257,338323
11445,112747 8054,872213 240,867941
11495,112747 8054,872213 224,274953
11545,112747 8054,872213 207,658838
11595,112747 8054,872213 178,494533
11645,112747 8054,872213 162,489656
11695,112747 8054,872213 146,856181
11745,112747 8054,872213 131,695673
11795,112747 8054,872213 117,106311
11845,112747 8054,872213 103,181428
11895,112747 8054,872213 90,007808
11945,112747 8054,872213 77,663812
11995,112747 8054,872213 66,217440
12045,112747 8054,872213 55,724466
12095,112747 8054,872213 46,226778
12145,112747 8054,872213 37,751101
12195,112747 8054,872213 30,308202
12245,112747 8054,872213 23,892706
12295,112747 8054,872213 18,483549
12345,112747 8054,872213 14,045068
12395,112747 8054,872213 10,528658
12445,112747 8054,872213 7,874888
12495,112747 8054,872213 6,015915
12545,112747 8054,872213 4,878044
12595,112747 8054,872213 4,384265
12645,112747 8054,872213 4,456632
12695,112747 8054,872213 5,018372
12745,112747 8054,872213 5,995640
12795,112747 8054,872213 7,318910
12845,112747 8054,872213 8,923965
12895,112747 8054,872213 10,752535
12945,112747 8054,872213 12,752614
12995,112747 8054,872213 14,878507
13045,112747 8054,872213 17,090664
13095,112747 8054,872213 19,355357
13145,112747 8054,872213 21,644256
13195,112747 8054,872213 23,933925
13245,112747 8054,872213 26,205307
13295,112747 8054,872213 28,443189
13345,112747 8054,872213 30,635697
13395,112747 8054,872213 32,773812
13445,112747 8054,872213 34,850934
13495,112747 8054,872213 36,862481
13545,112747 8054,872213 38,805539
13595,112747 8054,872213 44,762712
13645,112747 8054,872213 46,869178
13695,112747 8054,872213 48,906858
13745,112747 8054,872213 50,876013
13795,112747 8054,872213 52,777516
13845,112747 8054,872213 54,612715
13895,112747 8054,872213 56,383312
13945,112747 8054,872213 58,091274
13995,112747 8054,872213 59,738748
6545,112747 8104,872213 459,261531
6595,112747 8104,872213 451,773642
6645,112747 8104,872213 415,328256
6695,112747 8104,872213 407,308645
6745,112747 8104,872213 398,868127
6795,112747 8104,872213 390,024472
6845,112747 8104,872213 380,799463
6895,112747 8104,872213 371,218836
6945,112747 8104,872213 361,312148
6995,112747 8104,872213 351,112565
7045,112747 8104,872213 340,656583
7095,112747 8104,872213 329,983676
7145,112747 8104,872213 319,135889
7195,112747 8104,872213 308,157391
7245,112747 8104,872213 297,093985
7295,112747 8104,872213 285,992608
7345,112747 8104,872213 274,900825
7395,112747 8104,872213 263,866335
7445,112747 8104,872213 252,936512
7495,112747 8104,872213 242,157973
7545,112747 8104,872213 231,576207
7595,112747 8104,872213 214,671651
7645,112747 8104,872213 204,979457
7695,112747 8104,872213 195,598736
7745,112747 8104,872213 186,566071
7795,112747 8104,872213 177,916093
7845,112747 8104,872213 169,681461
7895,112747 8104,872213 161,892853
7945,112747 8104,872213 154,578970
7995,112747 8104,872213 147,766520
8045,112747 8104,872213 141,480182
8095,112747 8104,872213 135,742506
8145,112747 8104,872213 130,573767
8195,112747 8104,872213 125,991734
8245,112747 8104,872213 122,011384
8295,112747 8104,872213 118,644547
8345,112747 8104,872213 115,899538
8395,112747 8104,872213 113,780798
8445,112747 8104,872213 112,288629
8495,112747 8104,872213 111,419092
8545,112747 8104,872213 111,164157
8595,112747 8104,872213 111,512186
8645,112747 8104,872213 112,448791
8695,112747 8104,872213 113,958092
8745,112747 8104,872213 116,024319
8795,112747 8104,872213 118,633645
8845,112747 8104,872213 121,776077
8895,112747 8104,872213 125,447191
8945,112747 8104,872213 129,649488
8995,112747 8104,872213 134,393171
9045,112747 8104,872213 139,696205
9095,112747 8104,872213 145,583591
9145,112747 8104,872213 152,085880
9195,112747 8104,872213 159,237004
9245,112747 8104,872213 167,071575
9295,112747 8104,872213 175,621814
9345,112747 8104,872213 184,914285
9395,112747 8104,872213 194,966609
9445,112747 8104,872213 205,784307
9495,112747 8104,872213 217,357920
9545,112747 8104,872213 229,660542
9595,112747 8104,872213 242,645883
9645,112747 8104,872213 256,246975
9695,112747 8104,872213 270,375629
9745,112747 8104,872213 284,922730
9795,112747 8104,872213 299,759392
9845,112747 8104,872213 314,739017
9895,112747 8104,872213 329,700191
9945,112747 8104,872213 344,470319
9995,112747 8104,872213 358,869864
10045,112747 8104,872213 372,716969
10095,112747 8104,872213 385,832238
10145,112747 8104,872213 398,043442
10195,112747 8104,872213 409,189885
10245,112747 8104,872213 419,126246
10295,112747 8104,872213 427,725721
10345,112747 8104,872213 434,882359
10395,112747 8104,872213 440,512538
10445,112747 8104,872213 444,555605
10495,112747 8104,872213 446,973732
10545,112747 8104,872213 447,751093
10595,112747 8104,872213 446,892486
10645,112747 8104,872213 444,421536
10695,112747 8104,872213 440,378625
10745,112747 8104,872213 434,818663
10795,112747 8104,872213 427,808832
10845,112747 8104,872213 419,426376
10895,112747 8104,872213 409,756531
10945,112747 8104,872213 398,890636
10995,112747 8104,872213 386,924472
11045,112747 8104,872213 373,956847
11095,112747 8104,872213 360,088438
11145,112747 8104,872213 345,420897
11195,112747 8104,872213 330,056205
11245,112747 8104,872213 314,096267
11295,112747 8104,872213 297,642717
11345,112747 8104,872213 280,796911
11395,112747 8104,872213 263,660070
11445,112747 8104,872213 246,333518
11495,112747 8104,872213 228,918974
11545,112747 8104,872213 211,518823
11595,112747 8104,872213 181,888867
11645,112747 8104,872213 165,160712
11695,112747 8104,872213 148,852352
11745,112747 8104,872213 133,066924
11795,112747 8104,872213 117,903883
11845,112747 8104,872213 103,457558
11895,112747 8104,872213 89,815443
11945,112747 8104,872213 77,056287
11995,112747 8104,872213 65,248098
12045,112747 8104,872213 54,446191
12095,112747 8104,872213 44,691457
12145,112747 8104,872213 36,009005
12195,112747 8104,872213 28,407331
12245,112747 8104,872213 21,878119
12295,112747 8104,872213 16,396734
12345,112747 8104,872213 11,923390
12395,112747 8104,872213 8,404939
12445,112747 8104,872213 5,777129
12495,112747 8104,872213 3,967201
12545,112747 8104,872213 2,896612
12595,112747 8104,872213 2,483732
12645,112747 8104,872213 2,646359
12695,112747 8104,872213 3,303917
12745,112747 8104,872213 4,379287
12795,112747 8104,872213 5,800216
12845,112747 8104,872213 7,500306
12895,112747 8104,872213 9,419628
12945,112747 8104,872213 11,504987
12995,112747 8104,872213 13,709911
13045,112747 8104,872213 15,994426
13095,112747 8104,872213 18,324663
13145,112747 8104,872213 20,672375
13195,112747 8104,872213 23,014382
13245,112747 8104,872213 25,331997
13295,112747 8104,872213 27,610459
13345,112747 8104,872213 29,838391
13395,112747 8104,872213 32,007290
13445,112747 8104,872213 34,111070
13495,112747 8104,872213 36,145645
13545,112747 8104,872213 38,108575
13595,112747 8104,872213 44,013600
13645,112747 8104,872213 46,135613
13695,112747 8104,872213 48,186768
13745,112747 8104,872213 50,167654
13795,112747 8104,872213 52,079436
13845,112747 8104,872213 53,923718
13895,112747 8104,872213 55,702427
13945,112747 8104,872213 57,417725
13995,112747 8104,872213 59,071926
6545,112747 8154,872213 468,921443
6595,112747 8154,872213 461,318864
6645,112747 8154,872213 424,984946
6695,112747 8154,872213 416,760699
6745,112747 8154,872213 408,077401
6795,112747 8154,872213 398,952757
6845,112747 8154,872213 389,408910
6895,112747 8154,872213 379,472391
6945,112747 8154,872213 369,173988
6995,112747 8154,872213 358,548521
7045,112747 8154,872213 347,634538
7095,112747 8154,872213 336,473932
7145,112747 8154,872213 325,111488
7195,112747 8154,872213 313,594385
7245,112747 8154,872213 301,971645
7295,112747 8154,872213 290,293576
7345,112747 8154,872213 278,611203
7395,112747 8154,872213 266,975717
7445,112747 8154,872213 255,437965
7495,112747 8154,872213 244,047974
7545,112747 8154,872213 232,854552
7595,112747 8154,872213 215,463894
7645,112747 8154,872213 205,180472
7695,112747 8154,872213 195,217503
7745,112747 8154,872213 185,614297
7795,112747 8154,872213 176,408182
7845,112747 8154,872213 167,634536
7895,112747 8154,872213 159,326849
7945,112747 8154,872213 151,516789
7995,112747 8154,872213 144,234263
8045,112747 8154,872213 137,507442
8095,112747 8154,872213 131,362725
8145,112747 8154,872213 125,824628
8195,112747 8154,872213 120,915567
8245,112747 8154,872213 116,655548
8295,112747 8154,872213 113,061745
8345,112747 8154,872213 110,148005
8395,112747 8154,872213 107,924324
8445,112747 8154,872213 106,396344
8495,112747 8154,872213 105,564977
8545,112747 8154,872213 105,426248
8595,112747 8154,872213 105,971469
8645,112747 8154,872213 107,187812
8695,112747 8154,872213 109,059346
8745,112747 8154,872213 111,568509
8795,112747 8154,872213 114,697926
8845,112747 8154,872213 118,432427
8895,112747 8154,872213 122,761017
8945,112747 8154,872213 127,678595
8995,112747 8154,872213 133,187145
9045,112747 8154,872213 139,296261
9095,112747 8154,872213 146,022863
9145,112747 8154,872213 153,390106
9195,112747 8154,872213 161,425524
9245,112747 8154,872213 170,158538
9295,112747 8154,872213 179,617479
9345,112747 8154,872213 189,826308
9395,112747 8154,872213 200,801198
9445,112747 8154,872213 212,547157
9495,112747 8154,872213 225,054845
9545,112747 8154,872213 238,297739
9595,112747 8154,872213 252,229791
9645,112747 8154,872213 266,783716
9695,112747 8154,872213 281,870052
9745,112747 8154,872213 297,377079
9795,112747 8154,872213 313,171702
9845,112747 8154,872213 329,101316
9895,112747 8154,872213 344,996644
9945,112747 8154,872213 360,675457
9995,112747 8154,872213 375,947037
10045,112747 8154,872213 390,617160
10095,112747 8154,872213 404,493361
10145,112747 8154,872213 417,390183
10195,112747 8154,872213 429,134151
10245,112747 8154,872213 439,568201
10295,112747 8154,872213 448,555359
10345,112747 8154,872213 455,981533
10395,112747 8154,872213 461,757329
10445,112747 8154,872213 465,818900
10495,112747 8154,872213 468,127879
10545,112747 8154,872213 468,670502
10595,112747 8154,872213 467,456069
10645,112747 8154,872213 464,514899
10695,112747 8154,872213 459,895939
10745,112747 8154,872213 453,664184
10795,112747 8154,872213 445,898039
10845,112747 8154,872213 436,686742
10895,112747 8154,872213 426,127933
10945,112747 8154,872213 414,325440
10995,112747 8154,872213 401,387324
11045,112747 8154,872213 387,424213
11095,112747 8154,872213 372,547939
11145,112747 8154,872213 356,870483
11195,112747 8154,872213 340,503203
11245,112747 8154,872213 323,556356
11295,112747 8154,872213 306,138858
11345,112747 8154,872213 288,358277
11395,112747 8154,872213 270,320998
11445,112747 8154,872213 252,132522
11495,112747 8154,872213 233,897839
11545,112747 8154,872213 215,721796
11595,112747 8154,872213 185,616473
11645,112747 8154,872213 168,180483
11695,112747 8154,872213 151,216777
11745,112747 8154,872213 134,829108
11795,112747 8154,872213 119,117191
11845,112747 8154,872213 104,175319
11895,112747 8154,872213 90,090685
11945,112747 8154,872213 76,941463
11995,112747 8154,872213 64,794778
12045,112747 8154,872213 53,704715
12095,112747 8154,872213 43,710517
12145,112747 8154,872213 34,835174
12195,112747 8154,872213 27,084555
12245,112747 8154,872213 20,447199
12295,112747 8154,872213 14,894839
12345,112747 8154,872213 10,383645
12395,112747 8154,872213 6,856111
12445,112747 8154,872213 4,243463
12495,112747 8154,872213 2,468389
12545,112747 8154,872213 1,447926
12595,112747 8154,872213 1,096288
12645,112747 8154,872213 1,327491
12695,112747 8154,872213 2,057637
12745,112747 8154,872213 3,206789
12795,112747 8154,872213 4,700395
12845,112747 8154,872213 6,470271
12895,112747 8154,872213 8,455171
12945,112747 8154,872213 10,601007
12995,112747 8154,872213 12,860780
13045,112747 8154,872213 15,194289
13095,112747 8154,872213 17,567680
13145,112747 8154,872213 19,952902
13195,112747 8154,872213 22,327101
13245,112747 8154,872213 24,672009
13295,112747 8154,872213 26,973332
13345,112747 8154,872213 29,220184
13395,112747 8154,872213 31,404555
13445,112747 8154,872213 33,520835
13495,112747 8154,872213 35,565390
13545,112747 8154,872213 37,536194
13595,112747 8154,872213 43,396160
13645,112747 8154,872213 45,522929
13695,112747 8154,872213 47,577647
13745,112747 8154,872213 49,561173
13795,112747 8154,872213 51,474906
13845,112747 8154,872213 53,320651
13895,112747 8154,872213 55,100508
13945,112747 8154,872213 56,816779
13995,112747 8154,872213 58,471899
6545,112747 8204,872213 479,078074
6595,112747 8204,872213 471,369133
6645,112747 8204,872213 435,176080
6695,112747 8204,872213 426,748052
6745,112747 8204,872213 417,819434
6795,112747 8204,872213 408,407684
6845,112747 8204,872213 398,535162
6895,112747 8204,872213 388,229099
6945,112747 8204,872213 377,521469
6995,112747 8204,872213 366,448750
7045,112747 8204,872213 355,051598
7095,112747 8204,872213 343,374424
7145,112747 8204,872213 331,464896
7195,112747 8204,872213 319,373371
7245,112747 8204,872213 307,152292
7295,112747 8204,872213 294,855549
7345,112747 8204,872213 282,537846
7395,112747 8204,872213 270,254084
7445,112747 8204,872213 258,058783
7495,112747 8204,872213 246,005567
7545,112747 8204,872213 234,146718
7595,112747 8204,872213 216,220413
7645,112747 8204,872213 205,289707
7695,112747 8204,872213 194,686824
7745,112747 8204,872213 184,453826
7795,112747 8204,872213 174,630750
7845,112747 8204,872213 165,255704
7895,112747 8204,872213 156,365003
7945,112747 8204,872213 147,993323
7995,112747 8204,872213 140,173851
8045,112747 8204,872213 132,938399
8095,112747 8204,872213 126,317440
8145,112747 8204,872213 120,340058
8195,112747 8204,872213 115,033768
8245,112747 8204,872213 110,424183
8295,112747 8204,872213 106,534544
8345,112747 8204,872213 103,385098
8395,112747 8204,872213 100,992384
8445,112747 8204,872213 99,368478
8495,112747 8204,872213 98,520306
8545,112747 8204,872213 98,449129
8595,112747 8204,872213 99,150346
8645,112747 8204,872213 100,613731
8695,112747 8204,872213 102,824181
8745,112747 8204,872213 105,763012
8795,112747 8204,872213 109,409738
8845,112747 8204,872213 113,744182
8895,112747 8204,872213 118,748710
8945,112747 8204,872213 124,410312
8995,112747 8204,872213 130,722268
9045,112747 8204,872213 137,685162
9095,112747 8204,872213 145,307096
9145,112747 8204,872213 153,603031
9195,112747 8204,872213 162,593287
9245,112747 8204,872213 172,301282
9295,112747 8204,872213 182,750677
9345,112747 8204,872213 193,962094
9395,112747 8204,872213 205,949580
9445,112747 8204,872213 218,717012
9495,112747 8204,872213 232,254615
9545,112747 8204,872213 246,535757
9595,112747 8204,872213 261,514191
9645,112747 8204,872213 277,121916
9695,112747 8204,872213 293,267799
9745,112747 8204,872213 309,837112
9795,112747 8204,872213 326,692088
9845,112747 8204,872213 343,673564
9895,112747 8204,872213 360,603729
9945,112747 8204,872213 377,289897
9995,112747 8204,872213 393,529185
10045,112747 8204,872213 409,113864
10095,112747 8204,872213 423,837123
10145,112747 8204,872213 437,498925
10195,112747 8204,872213 449,911640
10245,112747 8204,872213 460,905136
10295,112747 8204,872213 470,331089
10345,112747 8204,872213 478,066296
10395,112747 8204,872213 484,014910
10445,112747 8204,872213 488,109542
10495,112747 8204,872213 490,311301
10545,112747 8204,872213 490,608877
10595,112747 8204,872213 489,016823
10645,112747 8204,872213 485,573229
10695,112747 8204,872213 480,336960
10745,112747 8204,872213 473,384667
10795,112747 8204,872213 464,807702
10845,112747 8204,872213 454,709108
10895,112747 8204,872213 443,200761
10945,112747 8204,872213 430,400773
10995,112747 8204,872213 416,431189
11045,112747 8204,872213 401,416031
11095,112747 8204,872213 385,479695
11145,112747 8204,872213 368,745697
11195,112747 8204,872213 351,335774
11245,112747 8204,872213 333,369307
11295,112747 8204,872213 314,963038
11345,112747 8204,872213 296,231060
11395,112747 8204,872213 277,285010
11445,112747 8204,872213 258,234435
11495,112747 8204,872213 239,187254
11545,112747 8204,872213 220,250243
11595,112747 8204,872213 189,667578
11645,112747 8204,872213 171,546777
11695,112747 8204,872213 153,954939
11745,112747 8204,872213 136,995317
11795,112747 8204,872213 120,766720
11845,112747 8204,872213 105,362223
11895,112747 8204,872213 90,867549
11945,112747 8204,872213 77,359193
11995,112747 8204,872213 64,902395
12045,112747 8204,872213 53,549127
12095,112747 8204,872213 43,336263
12145,112747 8204,872213 34,284127
12195,112747 8204,872213 26,395598
12245,112747 8204,872213 19,655893
12295,112747 8204,872213 14,033117
12345,112747 8204,872213 9,479555
12395,112747 8204,872213 5,933653
12445,112747 8204,872213 3,322526
12495,112747 8204,872213 1,564820
12545,112747 8204,872213 0,573714
12595,112747 8204,872213 0,259856
12645,112747 8204,872213 0,534076
12695,112747 8204,872213 1,309734
12745,112747 8204,872213 2,504617
12795,112747 8204,872213 4,042374
12845,112747 8204,872213 5,853471
12895,112747 8204,872213 7,875724
12945,112747 8204,872213 10,054468
12995,112747 8204,872213 12,342431
13045,112747 8204,872213 14,699380
13095,112747 8204,872213 17,091617
13145,112747 8204,872213 19,491385
13195,112747 8204,872213 21,876214
13245,112747 8204,872213 24,228272
13295,112747 8204,872213 26,533731
13345,112747 8204,872213 28,782166
13395,112747 8204,872213 30,966015
13445,112747 8204,872213 33,080088
13495,112747 8204,872213 35,121136
13545,112747 8204,872213 37,087479
13595,112747 8204,872213 42,909066
13645,112747 8204,872213 45,029599
13695,112747 8204,872213 47,077824
13745,112747 8204,872213 49,054805
13795,112747 8204,872213 50,962108
13845,112747 8204,872213 52,801678
13895,112747 8204,872213 54,575723
13945,112747 8204,872213 56,286633
13995,112747 8204,872213 57,936907
6545,112747 8254,872213 489,748862
6595,112747 8254,872213 481,944026
6645,112747 8254,872213 445,926187
6695,112747 8254,872213 437,297023
6745,112747 8254,872213 428,122160
6795,112747 8254,872213 418,418591
6845,112747 8254,872213 408,208727
6895,112747 8254,872213 397,520384
6945,112747 8254,872213 386,386660
6995,112747 8254,872213 374,845693
7045,112747 8254,872213 362,940299
7095,112747 8254,872213 350,717517
7145,112747 8254,872213 338,228050
7195,112747 8254,872213 325,525632
7245,112747 8254,872213 312,666347
7295,112747 8254,872213 299,707914
7345,112747 8254,872213 286,708969
7395,112747 8254,872213 273,728368
7445,112747 8254,872213 260,824548
7495,112747 8254,872213 248,054940
7545,112747 8254,872213 235,475490
7595,112747 8254,872213 216,961249
7645,112747 8254,872213 205,325725
7695,112747 8254,872213 194,023823
7745,112747 8254,872213 183,100390
7795,112747 8254,872213 172,598186
7845,112747 8254,872213 162,558049
7895,112747 8254,872213 153,019128
7945,112747 8254,872213 144,019138
7995,112747 8254,872213 135,594615
8045,112747 8254,872213 127,781137
8095,112747 8254,872213 120,613467
8145,112747 8254,872213 114,125574
8195,112747 8254,872213 108,350503
8245,112747 8254,872213 103,320056
8295,112747 8254,872213 99,064259
8345,112747 8254,872213 95,610626
8395,112747 8254,872213 92,983241
8445,112747 8254,872213 91,201725
8495,112747 8254,872213 90,280195
8545,112747 8254,872213 90,226344
8595,112747 8254,872213 91,040815
8645,112747 8254,872213 92,717028
8695,112747 8254,872213 95,241587
8745,112747 8254,872213 98,595347
8795,112747 8254,872213 102,755112
8845,112747 8254,872213 107,695840
8895,112747 8254,872213 113,393138
8945,112747 8254,872213 119,825738
8995,112747 8254,872213 126,977675
9045,112747 8254,872213 134,839842
9095,112747 8254,872213 143,410752
9145,112747 8254,872213 152,696359
9195,112747 8254,872213 162,708938
9245,112747 8254,872213 173,465107
9295,112747 8254,872213 184,983101
9345,112747 8254,872213 197,279504
9395,112747 8254,872213 210,365607
9445,112747 8254,872213 224,243599
9495,112747 8254,872213 238,902784
9545,112747 8254,872213 254,316001
9595,112747 8254,872213 270,436444
9645,112747 8254,872213 287,195070
9695,112747 8254,872213 304,498772
9745,112747 8254,872213 322,229488
9795,112747 8254,872213 340,244402
9845,112747 8254,872213 358,377323
9895,112747 8254,872213 376,441297
9945,112747 8254,872213 394,232408
9995,112747 8254,872213 411,534645
10045,112747 8254,872213 428,125624
10095,112747 8254,872213 443,782873
10145,112747 8254,872213 458,290337
10195,112747 8254,872213 471,444735
10245,112747 8254,872213 483,061408
10295,112747 8254,872213 492,979331
10345,112747 8254,872213 501,065065
10395,112747 8254,872213 507,215467
10445,112747 8254,872213 511,359129
10495,112747 8254,872213 513,456558
10545,112747 8254,872213 513,499237
10595,112747 8254,872213 511,507718
10645,112747 8254,872213 507,528973
10695,112747 8254,872213 501,633226
10745,112747 8254,872213 493,910465
10795,112747 8254,872213 484,466857
10845,112747 8254,872213 473,421211
10895,112747 8254,872213 460,901631
10945,112747 8254,872213 447,042456
10995,112747 8254,872213 431,981562
11045,112747 8254,872213 415,858058
11095,112747 8254,872213 398,810395
11145,112747 8254,872213 380,974907
11195,112747 8254,872213 362,484743
11245,112747 8254,872213 343,469195
11295,112747 8254,872213 324,053361
11345,112747 8254,872213 304,358136
11395,112747 8254,872213 284,500440
11445,112747 8254,872213 264,593663
11495,112747 8254,872213 244,748227
11545,112747 8254,872213 225,072205
11595,112747 8254,872213 194,018337
11645,112747 8254,872213 175,243494
11695,112747 8254,872213 157,058477
11745,112747 8254,872213 139,564792
11795,112747 8254,872213 122,859038
11845,112747 8254,872213 107,031751
11895,112747 8254,872213 92,165892
11945,112747 8254,872213 78,335053
11995,112747 8254,872213 65,601474
12045,112747 8254,872213 54,014054
12095,112747 8254,872213 43,606511
12145,112747 8254,872213 34,395927
12195,112747 8254,872213 26,381827
12245,112747 8254,872213 19,545961
12295,112747 8254,872213 13,852867
12345,112747 8254,872213 9,251199
12395,112747 8254,872213 5,675767
12445,112747 8254,872213 3,050119
12495,112747 8254,872213 1,289493
12545,112747 8254,872213 0,303898
12595,112747 8254,872213 0,001131
12645,112747 8254,872213 0,289542
12695,112747 8254,872213 1,080418
12745,112747 8254,872213 2,289896
12795,112747 8254,872213 3,840375
12845,112747 8254,872213 5,661452
12895,112747 8254,872213 7,690409
12945,112747 8254,872213 9,872334
12995,112747 8254,872213 12,159930
13045,112747 8254,872213 14,513125
13095,112747 8254,872213 16,898506
13145,112747 8254,872213 19,288686
13195,112747 8254,872213 21,661615
13245,112747 8254,872213 23,999899
13295,112747 8254,872213 26,290146
13345,112747 8254,872213 28,522344
13395,112747 8254,872213 30,689317
13445,112747 8254,872213 32,786218
13495,112747 8254,872213 34,810101
13545,112747 8254,872213 36,759546
13595,112747 8254,872213 42,549145
13645,112747 8254,872213 44,652438
13695,112747 8254,872213 46,684148
13745,112747 8254,872213 48,645462
13795,112747 8254,872213 50,538043
13845,112747 8254,872213 52,363902
13895,112747 8254,872213 54,125295
13945,112747 8254,872213 55,824637
13995,112747 8254,872213 57,464436
6545,112747 8304,872213 500,949628
6595,112747 8304,872213 493,061728
6645,112747 8304,872213 457,258945
6695,112747 8304,872213 448,433356
6745,112747 8304,872213 439,013223
6795,112747 8304,872213 429,014825
6845,112747 8304,872213 418,460427
6895,112747 8304,872213 407,378291
6945,112747 8304,872213 395,802568
6995,112747 8304,872213 383,773039
7045,112747 8304,872213 371,334742
7095,112747 8304,872213 358,537456
7145,112747 8304,872213 345,435093
7195,112747 8304,872213 332,084981
7245,112747 8304,872213 318,547104
7295,112747 8304,872213 304,883287
7345,112747 8304,872213 291,156388
7395,112747 8304,872213 277,429515
7445,112747 8304,872213 263,765294
7495,112747 8304,872213 250,225224
7545,112747 8304,872213 236,869139
7595,112747 8304,872213 217,712286
7645,112747 8304,872213 205,313567
7695,112747 8304,872213 193,252807
7745,112747 8304,872213 181,577685
7795,112747 8304,872213 170,333698
7845,112747 8304,872213 159,564420
7895,112747 8304,872213 149,311833
7945,112747 8304,872213 139,616709
7995,112747 8304,872213 130,518987
8045,112747 8304,872213 122,058125
8095,112747 8304,872213 114,273361
8145,112747 8304,872213 107,203841
8195,112747 8304,872213 100,888557
8245,112747 8304,872213 95,366045
8295,112747 8304,872213 90,673816
8345,112747 8304,872213 86,847495
8395,112747 8304,872213 83,919694
8445,112747 8304,872213 81,918671
8495,112747 8304,872213 80,866897
8545,112747 8304,872213 80,779680
8595,112747 8304,872213 81,664048
8645,112747 8304,872213 83,518095
8695,112747 8304,872213 86,330991
8745,112747 8304,872213 90,083762
8795,112747 8304,872213 94,750878
8845,112747 8304,872213 100,302539
8895,112747 8304,872213 106,707430
8945,112747 8304,872213 113,935643
8995,112747 8304,872213 121,961388
9045,112747 8304,872213 130,765160
9095,112747 8304,872213 140,335085
9145,112747 8304,872213 150,667278
9195,112747 8304,872213 161,765150
9245,112747 8304,872213 173,637725
9295,112747 8304,872213 186,297078
9345,112747 8304,872213 199,755094
9395,112747 8304,872213 214,019722
9445,112747 8304,872213 229,090963
9495,112747 8304,872213 244,956780
9545,112747 8304,872213 261,589138
9595,112747 8304,872213 278,940395
9645,112747 8304,872213 296,940238
9695,112747 8304,872213 315,493380
9745,112747 8304,872213 334,478215
9795,112747 8304,872213 353,746615
9845,112747 8304,872213 373,125004
9895,112747 8304,872213 392,416795
9945,112747 8304,872213 411,406165
9995,112747 8304,872213 429,863093
10045,112747 8304,872213 447,549435
10095,112747 8304,872213 464,225750
10145,112747 8304,872213 479,658491
10195,112747 8304,872213 493,627156
10245,112747 8304,872213 505,930972
10295,112747 8304,872213 516,394726
10345,112747 8304,872213 524,873440
10395,112747 8304,872213 531,255677
10445,112747 8304,872213 535,465376
10495,112747 8304,872213 537,462245
10545,112747 8304,872213 537,240814
10595,112747 8304,872213 534,828338
10645,112747 8304,872213 530,281799
10695,112747 8304,872213 523,684260
10745,112747 8304,872213 515,140826
10795,112747 8304,872213 504,774455
10845,112747 8304,872213 492,721817
10895,112747 8304,872213 479,129367
10945,112747 8304,872213 464,149752
10995,112747 8304,872213 447,938636
11045,112747 8304,872213 430,651996
11095,112747 8304,872213 412,443913
11145,112747 8304,872213 393,464851
11195,112747 8304,872213 373,860426
11245,112747 8304,872213 353,770608
11295,112747 8304,872213 333,329350
11345,112747 8304,872213 312,664566
11395,112747 8304,872213 291,898424
11445,112747 8304,872213 271,147865
11495,112747 8304,872213 250,525299
11545,112747 8304,872213 230,139368
11595,112747 8304,872213 198,628665
11645,112747 8304,872213 179,238234
11695,112747 8304,872213 160,502556
11745,112747 8304,872213 142,520031
11795,112747 8304,872213 125,383638
11845,112747 8304,872213 109,179949
11895,112747 8304,872213 93,987771
11945,112747 8304,872213 79,876478
11995,112747 8304,872213 66,904122
12045,112747 8304,872213 55,115501
12095,112747 8304,872213 44,540357
12145,112747 8304,872213 35,191927
12195,112747 8304,872213 27,066029
12245,112747 8304,872213 20,140835
12295,112747 8304,872213 14,377439
12345,112747 8304,872213 9,721196
12395,112747 8304,872213 6,103790
12445,112747 8304,872213 3,445858
12495,112747 8304,872213 1,659975
12545,112747 8304,872213 0,653784
12595,112747 8304,872213 0,333048
12645,112747 8304,872213 0,604438
12695,112747 8304,872213 1,377918
12745,112747 8304,872213 2,568653
12795,112747 8304,872213 4,098397
12845,112747 8304,872213 5,896387
12895,112747 8304,872213 7,899794
12945,112747 8304,872213 10,053783
12995,112747 8304,872213 12,311293
13045,112747 8304,872213 14,632584
13095,112747 8304,872213 16,984644
13145,112747 8304,872213 19,340516
13195,112747 8304,872213 21,678586
13245,112747 8304,872213 23,981878
13295,112747 8304,872213 26,237386
13345,112747 8304,872213 28,435450
13395,112747 8304,872213 30,569192
13445,112747 8304,872213 32,634022
13495,112747 8304,872213 34,627199
13545,112747 8304,872213 36,547466
13595,112747 8304,872213 42,311310
13645,112747 8304,872213 44,386561
13695,112747 8304,872213 46,391950
13745,112747 8304,872213 48,328703
13795,112747 8304,872213 50,198503
13845,112747 8304,872213 52,003356
13895,112747 8304,872213 53,745495
13945,112747 8304,872213 55,427295
13995,112747 8304,872213 57,051214
6545,112747 8354,872213 512,693943
6595,112747 8354,872213 504,738393
6645,112747 8354,872213 469,196540
6695,112747 8354,872213 460,181586
6745,112747 8354,872213 450,519361
6795,112747 8354,872213 440,225144
6845,112747 8354,872213 429,320826
6895,112747 8354,872213 417,834951
6945,112747 8354,872213 405,802624
6995,112747 8354,872213 393,265258
7045,112747 8354,872213 380,270160
7095,112747 8354,872213 366,869981
7145,112747 8354,872213 353,122028
7195,112747 8354,872213 339,087475
7245,112747 8354,872213 324,830490
7295,112747 8354,872213 310,417328
7345,112747 8354,872213 295,915409
7395,112747 8354,872213 281,392428
7445,112747 8354,872213 266,915529
7495,112747 8354,872213 252,550582
7545,112747 8354,872213 238,361579
7595,112747 8354,872213 218,505525
7645,112747 8354,872213 205,285115
7695,112747 8354,872213 192,405729
7745,112747 8354,872213 179,917934
7795,112747 8354,872213 167,869994
7845,112747 8354,872213 156,308223
7895,112747 8354,872213 145,277438
7945,112747 8354,872213 134,821472
7995,112747 8354,872213 124,983703
8045,112747 8354,872213 115,807554
8095,112747 8354,872213 107,336902
8145,112747 8354,872213 99,616322
8195,112747 8354,872213 92,691124
8245,112747 8354,872213 86,607083
8295,112747 8354,872213 81,409842
8345,112747 8354,872213 77,143930
8395,112747 8354,872213 73,851410
8445,112747 8354,872213 71,570217
8495,112747 8354,872213 70,332287
8545,112747 8354,872213 70,161675
8595,112747 8354,872213 71,072882
8645,112747 8354,872213 73,069669
8695,112747 8354,872213 76,144585
8745,112747 8354,872213 80,279429
8795,112747 8354,872213 85,446681
8845,112747 8354,872213 91,611860
8895,112747 8354,872213 98,736552
8945,112747 8354,872213 106,781800
8995,112747 8354,872213 115,711401
9045,112747 8354,872213 125,494728
9095,112747 8354,872213 136,108722
9145,112747 8354,872213 147,538830
9195,112747 8354,872213 159,778779
9245,112747 8354,872213 172,829221
9295,112747 8354,872213 186,695360
9345,112747 8354,872213 201,383746
9395,112747 8354,872213 216,898445
9445,112747 8354,872213 233,236813
9495,112747 8354,872213 250,385109
9545,112747 8354,872213 268,314153
9595,112747 8354,872213 286,975270
9645,112747 8354,872213 306,296746
9695,112747 8354,872213 326,181024
9745,112747 8354,872213 346,502870
9795,112747 8354,872213 367,108729
9845,112747 8354,872213 387,817443
9895,112747 8354,872213 408,422455
9945,112747 8354,872213 428,695518
9995,112747 8354,872213 448,391860
10045,112747 8354,872213 467,256588
10095,112747 8354,872213 485,032058
10145,112747 8354,872213 501,465787
10195,112747 8354,872213 516,318454
10245,112747 8354,872213 529,371515
10295,112747 8354,872213 540,433957
10345,112747 8354,872213 549,347816
10395,112747 8354,872213 555,992185
10445,112747 8354,872213 560,285559
10495,112747 8354,872213 562,186493
10545,112747 8354,872213 561,692698
10595,112747 8354,872213 558,838762
10645,112747 8354,872213 553,692766
10695,112747 8354,872213 546,352108
10745,112747 8354,872213 536,938830
10795,112747 8354,872213 525,594734
10845,112747 8354,872213 512,476541
10895,112747 8354,872213 497,751282
10945,112747 8354,872213 481,592081
10995,112747 8354,872213 464,174432
11045,112747 8354,872213 445,673028
11095,112747 8354,872213 426,259182
11145,112747 8354,872213 406,098820
11195,112747 8354,872213 385,351051
11245,112747 8354,872213 364,167263
11295,112747 8354,872213 342,690690
11345,112747 8354,872213 321,056416
11395,112747 8354,872213 299,391724
11445,112747 8354,872213 277,816734
11495,112747 8354,872213 256,445228
11545,112747 8354,872213 235,385598
11595,112747 8354,872213 203,440492
11645,112747 8354,872213 183,480329
11695,112747 8354,872213 164,243649
11745,112747 8354,872213 145,824317
11795,112747 8354,872213 128,310206
11845,112747 8354,872213 111,782434
11895,112747 8354,872213 96,314210
11945,112747 8354,872213 81,969325
11995,112747 8354,872213 68,800413
12045,112747 8354,872213 56,847115
12095,112747 8354,872213 46,134356
12145,112747 8354,872213 36,670931
12195,112747 8354,872213 28,448609
12245,112747 8354,872213 21,441909
12295,112747 8354,872213 15,608652
12345,112747 8354,872213 10,891298
12395,112747 8354,872213 7,218999
12445,112747 8354,872213 4,510214
12495,112747 8354,872213 2,675697
12545,112747 8354,872213 1,621617
12595,112747 8354,872213 1,252601
12645,112747 8354,872213 1,474508
12695,112747 8354,872213 2,196789
12745,112747 8354,872213 3,334364
12795,112747 8354,872213 4,808970
12845,112747 8354,872213 6,550019
12895,112747 8354,872213 8,494992
12945,112747 8354,872213 10,589471
12995,112747 8354,872213 12,786869
13045,112747 8354,872213 15,047945
13095,112747 8354,872213 17,340187
13145,112747 8354,872213 19,637110
13195,112747 8354,872213 21,917533
13245,112747 8354,872213 24,164865
13295,112747 8354,872213 26,366422
13345,112747 8354,872213 28,512811
13395,112747 8354,872213 30,597362
13445,112747 8354,872213 32,615635
13495,112747 8354,872213 34,564995
13545,112747 8354,872213 36,444237
13595,112747 8354,872213 42,188538
13645,112747 8354,872213 44,225365
13695,112747 8354,872213 46,195037
13745,112747 8354,872213 48,098740
13795,112747 8354,872213 49,938090
13845,112747 8354,872213 51,715014
13895,112747 8354,872213 53,431651
13945,112747 8354,872213 55,090275
13995,112747 8354,872213 56,693232
6545,112747 8404,872213 511,826965
6595,112747 8404,872213 504,066420
6645,112747 8404,872213 470,040393
6695,112747 8404,872213 461,086183
6745,112747 8404,872213 451,436019
6795,112747 8404,872213 441,105378
6845,112747 8404,872213 430,116878
6895,112747 8404,872213 418,500316
6945,112747 8404,872213 406,292534
6995,112747 8404,872213 393,537119
7045,112747 8404,872213 380,283918
7095,112747 8404,872213 366,588407
7145,112747 8404,872213 352,510916
7195,112747 8404,872213 338,115738
7245,112747 8404,872213 323,470169
7295,112747 8404,872213 308,643506
7345,112747 8404,872213 293,706045
7395,112747 8404,872213 278,728133
7445,112747 8404,872213 263,779292
7495,112747 8404,872213 248,927471
7545,112747 8404,872213 234,238439
7595,112747 8404,872213 214,238712
7645,112747 8404,872213 200,491943
7695,112747 8404,872213 187,077882
7745,112747 8404,872213 174,047966
7795,112747 8404,872213 161,451356
7845,112747 8404,872213 149,335431
7895,112747 8404,872213 137,746389
7945,112747 8404,872213 126,729916
7995,112747 8404,872213 116,331887
8045,112747 8404,872213 106,599024
8095,112747 8404,872213 97,579457
8145,112747 8404,872213 89,323102
8195,112747 8404,872213 81,881772
8245,112747 8404,872213 75,308943
8295,112747 8404,872213 69,659088
8345,112747 8404,872213 64,986547
8395,112747 8404,872213 61,343901
8445,112747 8404,872213 58,779919
8495,112747 8404,872213 57,337184
8545,112747 8404,872213 57,049632
8595,112747 8404,872213 57,940249
8645,112747 8404,872213 60,019290
8695,112747 8404,872213 63,283301
8745,112747 8404,872213 67,715230
8795,112747 8404,872213 73,285725
8845,112747 8404,872213 79,955587
8895,112747 8404,872213 87,679134
8945,112747 8404,872213 96,408105
8995,112747 8404,872213 106,095614
9045,112747 8404,872213 116,699688
9095,112747 8404,872213 128,185963
9145,112747 8404,872213 140,529260
9195,112747 8404,872213 153,713900
9245,112747 8404,872213 167,732756
9295,112747 8404,872213 182,585147
9345,112747 8404,872213 198,273772
9395,112747 8404,872213 214,800889
9445,112747 8404,872213 232,163977
9495,112747 8404,872213 250,351114
9545,112747 8404,872213 269,336285
9595,112747 8404,872213 289,074855
9645,112747 8404,872213 309,499428
9695,112747 8404,872213 330,516339
9745,112747 8404,872213 352,003025
9795,112747 8404,872213 373,806522
9845,112747 8404,872213 395,743328
9895,112747 8404,872213 417,600822
9945,112747 8404,872213 439,140364
9995,112747 8404,872213 460,102095
10045,112747 8404,872213 480,211334
10095,112747 8404,872213 499,186350
10145,112747 8404,872213 516,747113
10195,112747 8404,872213 532,624557
10245,112747 8404,872213 546,569785
10295,112747 8404,872213 558,362642
10345,112747 8404,872213 567,819104
10395,112747 8404,872213 574,797044
10445,112747 8404,872213 579,200052
10495,112747 8404,872213 580,979162
10545,112747 8404,872213 580,132513
10595,112747 8404,872213 576,703104
10645,112747 8404,872213 570,774947
10695,112747 8404,872213 562,467982
10745,112747 8404,872213 551,932168
10795,112747 8404,872213 539,341153
10845,112747 8404,872213 524,885890
10895,112747 8404,872213 508,768511
10945,112747 8404,872213 491,196705
10995,112747 8404,872213 472,378758
11045,112747 8404,872213 452,519382
11095,112747 8404,872213 431,816351
11145,112747 8404,872213 410,457973
11195,112747 8404,872213 388,621330
11245,112747 8404,872213 366,471257
11295,112747 8404,872213 344,159953
11345,112747 8404,872213 321,827154
11395,112747 8404,872213 299,600758
11445,112747 8404,872213 277,597814
11495,112747 8404,872213 255,925759
11545,112747 8404,872213 234,683806
11595,112747 8404,872213 202,920346
11645,112747 8404,872213 182,939441
11695,112747 8404,872213 163,758523
11745,112747 8404,872213 145,456174
11795,112747 8404,872213 128,105012
11845,112747 8404,872213 111,771480
11895,112747 8404,872213 96,515181
11945,112747 8404,872213 82,387795
11995,112747 8404,872213 69,431642
12045,112747 8404,872213 57,678045
12095,112747 8404,872213 47,145650
12145,112747 8404,872213 37,838922
12195,112747 8404,872213 29,747043
12245,112747 8404,872213 22,843380
12295,112747 8404,872213 17,085686
12345,112747 8404,872213 12,417073
12395,112747 8404,872213 8,767734
12445,112747 8404,872213 6,057304
12495,112747 8404,872213 4,197659
12545,112747 8404,872213 3,095947
12595,112747 8404,872213 2,657603
12645,112747 8404,872213 2,789152
12695,112747 8404,872213 3,400634
12745,112747 8404,872213 4,407550
12795,112747 8404,872213 5,732276
12845,112747 8404,872213 7,304967
12895,112747 8404,872213 9,063983
12945,112747 8404,872213 10,955926
12995,112747 8404,872213 12,935356
13045,112747 8404,872213 14,964290
13095,112747 8404,872213 17,011545
13145,112747 8404,872213 19,052007
13195,112747 8404,872213 21,065872
13245,112747 8404,872213 23,037900
13295,112747 8404,872213 24,956715
13345,112747 8404,872213 26,814156
13395,112747 8404,872213 28,604706
13445,112747 8404,872213 30,324986
13495,112747 8404,872213 31,973324
13545,112747 8404,872213 33,549382
13595,112747 8404,872213 38,831351
13645,112747 8404,872213 40,530612
13695,112747 8404,872213 42,160594
13745,112747 8404,872213 43,723093
13795,112747 8404,872213 45,220267
13845,112747 8404,872213 46,654521
13895,112747 8404,872213 48,028417
13945,112747 8404,872213 49,344598
13995,112747 8404,872213 50,605737
6545,112747 8454,872213 524,822981
6595,112747 8454,872213 517,020333
6645,112747 8454,872213 483,311847
6695,112747 8454,872213 474,177959
6745,112747 8454,872213 464,287310
6795,112747 8454,872213 453,654011
6845,112747 8454,872213 442,300076
6895,112747 8454,872213 430,255500
6945,112747 8454,872213 417,558156
6995,112747 8454,872213 404,253476
7045,112747 8454,872213 390,393939
7095,112747 8454,872213 376,038376
7145,112747 8454,872213 361,251099
7195,112747 8454,872213 346,100908
7245,112747 8454,872213 330,659995
7295,112747 8454,872213 315,002809
7345,112747 8454,872213 299,204914
7395,112747 8454,872213 283,341907
7445,112747 8454,872213 267,488425
7495,112747 8454,872213 251,717291
7545,112747 8454,872213 236,098834
7595,112747 8454,872213 215,289635
7645,112747 8454,872213 200,622088
7695,112747 8454,872213 186,288811
7745,112747 8454,872213 172,344046
7795,112747 8454,872213 158,839569
7845,112747 8454,872213 145,825300
7895,112747 8454,872213 133,350062
7945,112747 8454,872213 121,462423
7995,112747 8454,872213 110,211583
8045,112747 8454,872213 99,648223
8095,112747 8454,872213 89,825258
8145,112747 8454,872213 80,798380
8195,112747 8454,872213 72,626295
8245,112747 8454,872213 65,370558
8295,112747 8454,872213 59,094895
8345,112747 8454,872213 53,863942
8395,112747 8454,872213 49,741372
8445,112747 8454,872213 46,787455
8495,112747 8454,872213 45,056181
8545,112747 8454,872213 44,592163
8595,112747 8454,872213 45,427680
8645,112747 8454,872213 47,580215
8695,112747 8454,872213 51,050910
8745,112747 8454,872213 55,824255
8795,112747 8454,872213 61,869202
8845,112747 8454,872213 69,141683
8895,112747 8454,872213 77,588310
8945,112747 8454,872213 87,150813
8995,112747 8454,872213 97,770697
9045,112747 8454,872213 109,393539
9095,112747 8454,872213 121,972435
9145,112747 8454,872213 135,470249
9195,112747 8454,872213 149,860461
9245,112747 8454,872213 165,126597
9295,112747 8454,872213 181,260348
9345,112747 8454,872213 198,258561
9395,112747 8454,872213 216,119343
9445,112747 8454,872213 234,837526
9495,112747 8454,872213 254,399738
9545,112747 8454,872213 274,779327
9595,112747 8454,872213 295,931367
9645,112747 8454,872213 317,787993
9695,112747 8454,872213 340,254321
9745,112747 8454,872213 363,205232
9795,112747 8454,872213 386,483288
9845,112747 8454,872213 409,898068
9895,112747 8454,872213 433,227162
9945,112747 8454,872213 456,218995
9995,112747 8454,872213 478,597572
10045,112747 8454,872213 500,069076
10095,112747 8454,872213 520,330114
10145,112747 8454,872213 539,077244
10195,112747 8454,872213 556,017254
10245,112747 8454,872213 570,877589
10295,112747 8454,872213 583,416229
10345,112747 8454,872213 593,430385
10395,112747 8454,872213 600,763420
10445,112747 8454,872213 605,309613
10495,112747 8454,872213 607,016491
10545,112747 8454,872213 605,884746
10595,112747 8454,872213 601,965866
10645,112747 8454,872213 595,357823
10695,112747 8454,872213 586,199243
10745,112747 8454,872213 574,662545
10795,112747 8454,872213 560,946541
10845,112747 8454,872213 545,268947
10895,112747 8454,872213 527,859195
10945,112747 8454,872213 508,951846
10995,112747 8454,872213 488,780806
11045,112747 8454,872213 467,574481
11095,112747 8454,872213 445,551924
11145,112747 8454,872213 422,919955
11195,112747 8454,872213 399,871223
11245,112747 8454,872213 376,583111
11295,112747 8454,872213 353,217389
11345,112747 8454,872213 329,920504
11395,112747 8454,872213 306,824387
11445,112747 8454,872213 284,047659
11495,112747 8454,872213 261,697119
11545,112747 8454,872213 239,869388
11595,112747 8454,872213 207,733371
11645,112747 8454,872213 187,294276
11695,112747 8454,872213 167,731506
11745,112747 8454,872213 149,115965
11795,112747 8454,872213 131,512026
11845,112747 8454,872213 114,977592
11895,112747 8454,872213 99,563692
11945,112747 8454,872213 85,313629
11995,112747 8454,872213 72,261770
12045,112747 8454,872213 60,432078
12095,112747 8454,872213 49,836586
12145,112747 8454,872213 40,474001
12195,112747 8454,872213 32,328660
12245,112747 8454,872213 25,370030
12295,112747 8454,872213 19,552882
12345,112747 8454,872213 14,818221
12395,112747 8454,872213 11,094928
12445,112747 8454,872213 8,302029
12495,112747 8454,872213 6,351385
12545,112747 8454,872213 5,150609
12595,112747 8454,872213 4,605978
12645,112747 8454,872213 4,625123
12695,112747 8454,872213 5,119367
12745,112747 8454,872213 6,005577
12795,112747 8454,872213 7,207515
12845,112747 8454,872213 8,656679
12895,112747 8454,872213 10,292688
12945,112747 8454,872213 12,063280
12995,112747 8454,872213 13,924016
13045,112747 8454,872213 15,837764
13095,112747 8454,872213 17,774037
13145,112747 8454,872213 19,708272
13195,112747 8454,872213 21,621075
13245,112747 8454,872213 23,497490
13295,112747 8454,872213 25,326309
13345,112747 8454,872213 27,099446
13395,112747 8454,872213 28,811371
13445,112747 8454,872213 30,458626
13495,112747 8454,872213 32,039402
13545,112747 8454,872213 33,553183
13595,112747 8454,872213 38,821136
13645,112747 8454,872213 40,463211
13695,112747 8454,872213 42,040642
13745,112747 8454,872213 43,554993
13795,112747 8454,872213 45,008181
13845,112747 8454,872213 46,402371
13895,112747 8454,872213 47,739881
13945,112747 8454,872213 49,023119
13995,112747 8454,872213 50,254525
6545,112747 8504,872213 538,407727
6595,112747 8504,872213 530,585815
6645,112747 8504,872213 497,258161
6695,112747 8504,872213 487,958539
6745,112747 8504,872213 477,837019
6795,112747 8504,872213 466,905977
6845,112747 8504,872213 455,186525
6895,112747 8504,872213 442,708653
6945,112747 8504,872213 429,511152
6995,112747 8504,872213 415,641299
7045,112747 8504,872213 401,154309
7095,112747 8504,872213 386,112572
7145,112747 8504,872213 370,584684
7195,112747 8504,872213 354,644326
7245,112747 8504,872213 338,369030
7295,112747 8504,872213 321,838879
7345,112747 8504,872213 305,135214
7395,112747 8504,872213 288,339392
7445,112747 8504,872213 271,531655
7495,112747 8504,872213 254,790158
7545,112747 8504,872213 238,190204
7595,112747 8504,872213 216,514172
7645,112747 8504,872213 200,872955
7695,112747 8504,872213 185,567406
7745,112747 8504,872213 170,654674
7795,112747 8504,872213 156,189190
7845,112747 8504,872213 142,223421
7895,112747 8504,872213 128,808781
7945,112747 8504,872213 115,996674
7995,112747 8504,872213 103,839576
8045,112747 8504,872213 92,392105
8095,112747 8504,872213 81,711980
8145,112747 8504,872213 71,860744
8195,112747 8504,872213 62,904160
8245,112747 8504,872213 54,912121
8295,112747 8504,872213 47,957971
8345,112747 8504,872213 42,117120
8395,112747 8504,872213 37,464922
8445,112747 8504,872213 34,073833
8495,112747 8504,872213 32,009986
8545,112747 8504,872213 31,329447
8595,112747 8504,872213 32,074529
8645,112747 8504,872213 34,270613
8695,112747 8504,872213 37,923977
8745,112747 8504,872213 43,021024
8795,112747 8504,872213 49,529177
8845,112747 8504,872213 57,399462
8895,112747 8504,872213 66,570535
8945,112747 8504,872213 76,973694
8995,112747 8504,872213 88,538268
9045,112747 8504,872213 101,196718
9095,112747 8504,872213 114,888885
9145,112747 8504,872213 129,564944
9195,112747 8504,872213 145,186827
9245,112747 8504,872213 161,728063
9295,112747 8504,872213 179,172137
9345,112747 8504,872213 197,509558
9395,112747 8504,872213 216,733901
9445,112747 8504,872213 236,837080
9495,112747 8504,872213 257,804131
9545,112747 8504,872213 279,607751
9595,112747 8504,872213 302,202838
9645,112747 8504,872213 325,521308
9695,112747 8504,872213 349,467427
9745,112747 8504,872213 373,913987
9795,112747 8504,872213 398,699599
9845,112747 8504,872213 423,627451
9895,112747 8504,872213 448,465797
9945,112747 8504,872213 472,950434
9995,112747 8504,872213 496,789295
10045,112747 8504,872213 519,669164
10095,112747 8504,872213 541,264346
10145,112747 8504,872213 561,246934
10195,112747 8504,872213 579,298136
10245,112747 8504,872213 595,119979
10295,112747 8504,872213 608,446624
10345,112747 8504,872213 619,054514
10395,112747 8504,872213 626,770651
10445,112747 8504,872213 631,478460
10495,112747 8504,872213 633,120903
10545,112747 8504,872213 631,700751
10595,112747 8504,872213 627,278152
10645,112747 8504,872213 619,965856
10695,112747 8504,872213 609,922575
10745,112747 8504,872213 597,345059
10795,112747 8504,872213 582,459493
10845,112747 8504,872213 565,512747
10895,112747 8504,872213 546,763979
10945,112747 8504,872213 526,476939
10995,112747 8504,872213 504,913248
11045,112747 8504,872213 482,326808
11095,112747 8504,872213 458,959387
11145,112747 8504,872213 435,037385
11195,112747 8504,872213 410,769699
11245,112747 8504,872213 386,346582
11295,112747 8504,872213 361,939369
11345,112747 8504,872213 337,700925
11395,112747 8504,872213 313,766676
11445,112747 8504,872213 290,256079
11495,112747 8504,872213 267,274394
11545,112747 8504,872213 244,914629
11595,112747 8504,872213 212,447125
11645,112747 8504,872213 191,611897
11695,112747 8504,872213 171,731439
11745,112747 8504,872213 152,867648
11795,112747 8504,872213 135,075329
11845,112747 8504,872213 118,402550
11895,112747 8504,872213 102,890520
11945,112747 8504,872213 88,573009
11995,112747 8504,872213 75,475372
12045,112747 8504,872213 63,613313
12095,112747 8504,872213 52,991525
12145,112747 8504,872213 43,602437
12195,112747 8504,872213 35,425257
12245,112747 8504,872213 28,425500
12295,112747 8504,872213 22,555152
12345,112747 8504,872213 17,753527
12395,112747 8504,872213 13,948810
12445,112747 8504,872213 11,060183
12495,112747 8504,872213 9,000367
12545,112747 8504,872213 7,678373
12595,112747 8504,872213 7,002256
12645,112747 8504,872213 6,881660
12695,112747 8504,872213 7,230026
12745,112747 8504,872213 7,966332
12795,112747 8504,872213 9,016363
12845,112747 8504,872213 10,313482
12895,112747 8504,872213 11,798976
12945,112747 8504,872213 13,422031
12995,112747 8504,872213 15,139421
13045,112747 8504,872213 16,914994
13095,112747 8504,872213 18,719029
13145,112747 8504,872213 20,527523
13195,112747 8504,872213 22,321461
13245,112747 8504,872213 24,086109
13295,112747 8504,872213 25,810347
13345,112747 8504,872213 27,486062
13395,112747 8504,872213 29,107607
13445,112747 8504,872213 30,671337
13495,112747 8504,872213 32,175198
13545,112747 8504,872213 33,618391
13595,112747 8504,872213 38,878100
13645,112747 8504,872213 40,455707
13695,112747 8504,872213 41,974103
13745,112747 8504,872213 43,434539
13795,112747 8504,872213 44,838618
13845,112747 8504,872213 46,188193
13895,112747 8504,872213 47,485281
13945,112747 8504,872213 48,731993
13995,112747 8504,872213 49,930489
6545,112747 8554,872213 552,580502
6595,112747 8554,872213 544,765276
6645,112747 8554,872213 511,889566
6695,112747 8554,872213 502,441400
6745,112747 8554,872213 492,101830
6795,112747 8554,872213 480,881075
6845,112747 8554,872213 468,799010
6895,112747 8554,872213 455,885377
6945,112747 8554,872213 442,179755
6995,112747 8554,872213 427,731252
7045,112747 8554,872213 412,597927
7095,112747 8554,872213 396,845949
7145,112747 8554,872213 380,548526
7195,112747 8554,872213 363,784645
7245,112747 8554,872213 346,637668
7295,112747 8554,872213 329,193865
7345,112747 8554,872213 311,540927
7395,112747 8554,872213 293,766554
7445,112747 8554,872213 275,957158
7495,112747 8554,872213 258,196759
7545,112747 8554,872213 240,566111
7595,112747 8554,872213 217,967083
7645,112747 8554,872213 201,302883
7695,112747 8554,872213 184,976116
7745,112747 8554,872213 169,046975
7795,112747 8554,872213 153,572618
7845,112747 8554,872213 138,608066
7895,112747 8554,872213 124,207300
7945,112747 8554,872213 110,424496
7995,112747 8554,872213 97,315335
8045,112747 8554,872213 84,938301
8095,112747 8554,872213 73,355864
8145,112747 8554,872213 62,635412
8195,112747 8554,872213 52,849805
8245,112747 8554,872213 44,077387
8295,112747 8554,872213 36,401312
8345,112747 8554,872213 29,908047
8395,112747 8554,872213 24,684993
8445,112747 8554,872213 20,817235
8495,112747 8554,872213 18,383556
8545,112747 8554,872213 17,452010
8595,112747 8554,872213 18,075476
8645,112747 8554,872213 20,287728
8695,112747 8554,872213 24,100582
8745,112747 8554,872213 29,502642
8795,112747 8554,872213 36,459944
8845,112747 8554,872213 44,918585
8895,112747 8554,872213 54,809084
8945,112747 8554,872213 66,051977
8995,112747 8554,872213 78,563959
9045,112747 8554,872213 92,263830
9095,112747 8554,872213 107,077568
9145,112747 8554,872213 122,942026
9195,112747 8554,872213 139,806965
9245,112747 8554,872213 157,635322
9295,112747 8554,872213 176,401836
9345,112747 8554,872213 196,090215
9395,112747 8554,872213 216,689123
9445,112747 8554,872213 238,187290
9495,112747 8554,872213 260,568011
9545,112747 8554,872213 283,803318
9595,112747 8554,872213 307,848073
9645,112747 8554,872213 332,634261
9695,112747 8554,872213 358,065750
9745,112747 8554,872213 384,013830
9795,112747 8554,872213 410,313871
9845,112747 8554,872213 436,763441
9895,112747 8554,872213 463,122233
9945,112747 8554,872213 489,114097
9995,112747 8554,872213 514,431392
10045,112747 8554,872213 538,741718
10095,112747 8554,872213 561,696922
10145,112747 8554,872213 582,944047
10195,112747 8554,872213 602,137693
10245,112747 8554,872213 618,953040
10295,112747 8554,872213 633,098697
10345,112747 8554,872213 644,328445
10395,112747 8554,872213 652,451047
10445,112747 8554,872213 657,337413
10495,112747 8554,872213 658,924656
10545,112747 8554,872213 657,216874
10595,112747 8554,872213 652,282735
10645,112747 8554,872213 644,250255
10695,112747 8554,872213 633,299309
10745,112747 8554,872213 619,652552
10795,112747 8554,872213 603,565471
10845,112747 8554,872213 585,316228
10895,112747 8554,872213 565,195890
10945,112747 8554,872213 543,499492
10995,112747 8554,872213 520,518258
11045,112747 8554,872213 496,533174
11095,112747 8554,872213 471,809969
11145,112747 8554,872213 446,595493
11195,112747 8554,872213 421,115391
11245,112747 8554,872213 395,572944
11295,112747 8554,872213 370,148900
11345,112747 8554,872213 345,002124
11395,112747 8554,872213 320,270907
11445,112747 8554,872213 296,074740
11495,112747 8554,872213 272,516417
11545,112747 8554,872213 249,684310
11595,112747 8554,872213 216,931520
11645,112747 8554,872213 195,766728
11695,112747 8554,872213 175,636290
11745,112747 8554,872213 156,591896
11795,112747 8554,872213 138,677608
11845,112747 8554,872213 121,930527
11895,112747 8554,872213 106,380966
11945,112747 8554,872213 92,052168
11995,112747 8554,872213 78,959592
12045,112747 8554,872213 67,109917
12095,112747 8554,872213 56,499895
12145,112747 8554,872213 47,115257
12195,112747 8554,872213 38,929858
12245,112747 8554,872213 31,905255
12295,112747 8554,872213 25,990849
12345,112747 8554,872213 21,124669
12395,112747 8554,872213 17,234778
12445,112747 8554,872213 14,241228
12495,112747 8554,872213 12,058408
12545,112747 8554,872213 10,597589
12595,112747 8554,872213 9,769469
12645,112747 8554,872213 9,486544
12695,112747 8554,872213 9,665141
12745,112747 8554,872213 10,227036
12795,112747 8554,872213 11,100622
12845,112747 8554,872213 12,221611
12895,112747 8554,872213 13,533337
12945,112747 8554,872213 14,986715
12995,112747 8554,872213 16,539928
13045,112747 8554,872213 18,157930
13095,112747 8554,872213 19,811822
13145,112747 8554,872213 21,478175
13195,112747 8554,872213 23,138327
13245,112747 8554,872213 24,777711
13295,112747 8554,872213 26,385220
13345,112747 8554,872213 27,952628
13395,112747 8554,872213 29,474081
13445,112747 8554,872213 30,945644
13495,112747 8554,872213 32,364927
13545,112747 8554,872213 33,730753
13595,112747 8554,872213 38,988365
13645,112747 8554,872213 40,495518
13695,112747 8554,872213 41,949575
13745,112747 8554,872213 43,351400
13795,112747 8554,872213 44,702219
13845,112747 8554,872213 46,003513
13895,112747 8554,872213 47,256940
13945,112747 8554,872213 48,464270
13995,112747 8554,872213 49,627335
6545,112747 8604,872213 567,333765
6595,112747 8604,872213 559,554297
6645,112747 8604,872213 527,209726
6695,112747 8604,872213 517,633636
6745,112747 8604,872213 507,092277
6795,112747 8604,872213 495,593244
6845,112747 8604,872213 483,154791
6895,112747 8604,872213 469,806138
6945,112747 8604,872213 455,587495
6995,112747 8604,872213 440,549774
7045,112747 8604,872213 424,753982
7095,112747 8604,872213 408,270307
7145,112747 8604,872213 391,176927
7195,112747 8604,872213 373,558600
7245,112747 8604,872213 355,505074
7295,112747 8604,872213 337,109413
7345,112747 8604,872213 318,466312
7395,112747 8604,872213 299,670469
7445,112747 8604,872213 280,815113
7495,112747 8604,872213 261,990736
7545,112747 8604,872213 243,284094
7595,112747 8604,872213 219,708208
7645,112747 8604,872213 201,976463
7695,112747 8604,872213 184,584906
7745,112747 8604,872213 167,596948
7795,112747 8604,872213 151,072573
7845,112747 8604,872213 135,069390
7895,112747 8604,872213 119,643917
7945,112747 8604,872213 104,853033
7995,112747 8604,872213 90,755522
8045,112747 8604,872213 77,413616
8095,112747 8604,872213 64,894409
8145,112747 8604,872213 53,271018
8195,112747 8604,872213 42,623307
8245,112747 8604,872213 33,038015
8295,112747 8604,872213 24,608089
8345,112747 8604,872213 17,431093
8395,112747 8604,872213 11,606569
8445,112747 8604,872213 7,232384
8495,112747 8604,872213 4,400173
8545,112747 8604,872213 3,190222
8595,112747 8604,872213 3,666241
8645,112747 8604,872213 5,870654
8695,112747 8604,872213 9,821057
8745,112747 8604,872213 15,508434
8795,112747 8604,872213 22,897543
8845,112747 8604,872213 31,929565
8895,112747 8604,872213 42,526789
8945,112747 8604,872213 54,598793
8995,112747 8604,872213 68,049349
9045,112747 8604,872213 82,783214
9095,112747 8604,872213 98,712061
9145,112747 8604,872213 115,758936
9195,112747 8604,872213 133,860918
9245,112747 8604,872213 152,969851
9295,112747 8604,872213 173,051246
9345,112747 8604,872213 194,081571
9395,112747 8604,872213 216,044212
9445,112747 8604,872213 238,924434
9495,112747 8604,872213 262,703622
9545,112747 8604,872213 287,353110
9595,112747 8604,872213 312,827849
9645,112747 8604,872213 339,060199
9695,112747 8604,872213 365,954121
9745,112747 8604,872213 393,380096
9795,112747 8604,872213 421,171114
9845,112747 8604,872213 449,120134
9895,112747 8604,872213 476,979378
9945,112747 8604,872213 504,461844
9995,112747 8604,872213 531,245306
10045,112747 8604,872213 556,978952
10095,112747 8604,872213 581,292611
10145,112747 8604,872213 603,808303
10195,112747 8604,872213 624,153563
10245,112747 8604,872213 641,975799
10295,112747 8604,872213 656,956720
10345,112747 8604,872213 668,825800
10395,112747 8604,872213 677,371781
10445,112747 8604,872213 682,451331
10495,112747 8604,872213 683,994241
10545,112747 8604,872213 682,004872
10595,112747 8604,872213 676,559878
10645,112747 8604,872213 667,802589
10695,112747 8604,872213 655,934658
10745,112747 8604,872213 641,205752
10795,112747 8604,872213 623,902145
10845,112747 8604,872213 604,335009
10895,112747 8604,872213 582,829116
10945,112747 8604,872213 559,712522
10995,112747 8604,872213 535,307613
11045,112747 8604,872213 509,923755
11095,112747 8604,872213 483,851612
11145,112747 8604,872213 457,359117
11195,112747 8604,872213 430,688963
11245,112747 8604,872213 404,057439
11295,112747 8604,872213 377,654415
11345,112747 8604,872213 351,644243
11395,112747 8604,872213 326,167381
11445,112747 8604,872213 301,342527
11495,112747 8604,872213 277,269095
11545,112747 8604,872213 254,029852
11595,112747 8604,872213 221,042114
11645,112747 8604,872213 199,617985
11695,112747 8604,872213 179,307838
11745,112747 8604,872213 160,152137
11795,112747 8604,872213 142,183221
11845,112747 8604,872213 125,426299
11895,112747 8604,872213 109,899934
11945,112747 8604,872213 95,616057
11995,112747 8604,872213 82,579539
12045,112747 8604,872213 70,787456
12095,112747 8604,872213 60,228165
12145,112747 8604,872213 50,880390
12195,112747 8604,872213 42,712492
12245,112747 8604,872213 35,682100
12295,112747 8604,872213 29,736236
12345,112747 8604,872213 24,812006
12395,112747 8604,872213 20,837864
12445,112747 8604,872213 17,735362
12495,112747 8604,872213 15,421265
12545,112747 8604,872213 13,809856
12595,112747 8604,872213 12,815239
12645,112747 8604,872213 12,353488
12695,112747 8604,872213 12,344496
12745,112747 8604,872213 12,713444
12795,112747 8604,872213 13,391847
12845,112747 8604,872213 14,318194
12895,112747 8604,872213 15,438205
12945,112747 8604,872213 16,704776
12995,112747 8604,872213 18,077680
13045,112747 8604,872213 19,523089
13095,112747 8604,872213 21,012988
13145,112747 8604,872213 22,524537
13195,112747 8604,872213 24,039413
13245,112747 8604,872213 25,543173
13295,112747 8604,872213 27,024666
13345,112747 8604,872213 28,475484
13395,112747 8604,872213 29,889487
13445,112747 8604,872213 31,262378
13495,112747 8604,872213 32,591348
13545,112747 8604,872213 33,874768
13595,112747 8604,872213 39,136839
13645,112747 8604,872213 40,569017
13695,112747 8604,872213 41,954754
13745,112747 8604,872213 43,294472
13795,112747 8604,872213 44,588961
13845,112747 8604,872213 45,839282
13895,112747 8604,872213 47,046692
13945,112747 8604,872213 48,212577
13995,112747 8604,872213 49,338407
6545,112747 8654,872213 582,651852
6595,112747 8654,872213 574,940248
6645,112747 8654,872213 543,214174
6695,112747 8654,872213 533,534322
6745,112747 8654,872213 522,811053
6795,112747 8654,872213 511,048824
6845,112747 8654,872213 498,263842
6895,112747 8654,872213 484,484488
6945,112747 8654,872213 469,751417
6995,112747 8654,872213 454,117304
7045,112747 8654,872213 437,646207
7095,112747 8654,872213 420,412585
7145,112747 8654,872213 402,499977
7195,112747 8654,872213 383,999419
7245,112747 8654,872213 365,007651
7295,112747 8654,872213 345,625217
7345,112747 8654,872213 325,954534
7395,112747 8654,872213 306,098042
7445,112747 8654,872213 286,156509
7495,112747 8654,872213 266,227583
7545,112747 8654,872213 246,404651
7595,112747 8654,872213 221,801558
7645,112747 8654,872213 202,963702
7695,112747 8654,872213 184,470479
7745,112747 8654,872213 166,388739
7795,112747 8654,872213 148,781421
7845,112747 8654,872213 131,708773
7895,112747 8654,872213 115,229834
7945,112747 8654,872213 99,404106
7995,112747 8654,872213 84,293346
8045,112747 8654,872213 69,963358
8095,112747 8654,872213 56,485659
8145,112747 8654,872213 43,938863
8195,112747 8654,872213 32,409594
8245,112747 8654,872213 21,992728
8295,112747 8654,872213 12,790757
8345,112747 8654,872213 4,912095
8395,112747 8654,872213 -1,531795
8445,112747 8654,872213 -6,430462
8495,112747 8654,872213 -9,679573
8545,112747 8654,872213 -11,186725
8595,112747 8654,872213 -10,877440
8645,112747 8654,872213 -8,700659
8695,112747 8654,872213 -4,632983
8745,112747 8654,872213 1,319009
8795,112747 8654,872213 9,118858
8845,112747 8654,872213 18,702887
8895,112747 8654,872213 29,985187
8945,112747 8654,872213 42,864355
8995,112747 8654,872213 57,231155
9045,112747 8654,872213 72,976152
9095,112747 8654,872213 89,996487
9145,112747 8654,872213 108,201112
9195,112747 8654,872213 127,514082
9245,112747 8654,872213 147,875765
9295,112747 8654,872213 169,242048
9345,112747 8654,872213 191,581769
9395,112747 8654,872213 214,872681
9445,112747 8654,872213 239,096284
9495,112747 8654,872213 264,231854
9545,112747 8654,872213 290,249949
9595,112747 8654,872213 317,105698
9645,112747 8654,872213 344,732114
9695,112747 8654,872213 373,033757
9745,112747 8654,872213 401,881040
9795,112747 8654,872213 431,105568
9845,112747 8654,872213 460,496905
9895,112747 8654,872213 489,801202
9945,112747 8654,872213 518,722109
9995,112747 8654,872213 546,924330
10045,112747 8654,872213 574,040032
10095,112747 8654,872213 599,678173
10145,112747 8654,872213 623,436509
10195,112747 8654,872213 644,915798
10245,112747 8654,872213 663,735427
10295,112747 8654,872213 679,549429
10345,112747 8654,872213 692,061747
10395,112747 8654,872213 701,039558
10445,112747 8654,872213 706,323605
10495,112747 8654,872213 707,834730
10545,112747 8654,872213 705,576169
10595,112747 8654,872213 699,631568
10645,112747 8654,872213 690,159059
10695,112747 8654,872213 677,382067
10745,112747 8654,872213 661,577739
10795,112747 8654,872213 643,063989
10845,112747 8654,872213 622,186106
10895,112747 8654,872213 599,303805
10945,112747 8654,872213 574,779393
10995,112747 8654,872213 548,967528
11045,112747 8654,872213 522,206856
11095,112747 8654,872213 494,813620
11145,112747 8654,872213 467,077196
11195,112747 8654,872213 439,257400
11245,112747 8654,872213 411,583351
11295,112747 8654,872213 384,253635
11345,112747 8654,872213 357,437510
11395,112747 8654,872213 331,276884
11445,112747 8654,872213 305,888866
11495,112747 8654,872213 281,368636
11545,112747 8654,872213 257,792496
11595,112747 8654,872213 224,623292
11645,112747 8654,872213 203,012886
11695,112747 8654,872213 182,594959
11745,112747 8654,872213 163,397946
11795,112747 8654,872213 145,441727
11845,112747 8654,872213 128,738942
11895,112747 8654,872213 113,295793
11945,112747 8654,872213 99,112358
11995,112747 8654,872213 86,182457
12045,112747 8654,872213 74,493180
12095,112747 8654,872213 64,024204
12145,112747 8654,872213 54,747070
12195,112747 8654,872213 46,624585
12245,112747 8654,872213 39,610518
12295,112747 8654,872213 33,649706
12345,112747 8654,872213 28,678653
12395,112747 8654,872213 24,626631
12445,112747 8654,872213 21,417207
12495,112747 8654,872213 18,970107
12545,112747 8654,872213 17,203237
12595,112747 8654,872213 16,034731
12645,112747 8654,872213 15,384843
12695,112747 8654,872213 15,177594
12745,112747 8654,872213 15,342066
12795,112747 8654,872213 15,813338
12845,112747 8654,872213 16,533033
12895,112747 8654,872213 17,449547
12945,112747 8654,872213 18,517981
12995,112747 8654,872213 19,699854
13045,112747 8654,872213 20,962664
13095,112747 8654,872213 22,279345
13145,112747 8654,872213 23,627671
13195,112747 8654,872213 24,989655
13245,112747 8654,872213 26,350959
13295,112747 8654,872213 27,700349
13345,112747 8654,872213 29,029189
13395,112747 8654,872213 30,331000
13445,112747 8654,872213 31,601068
13495,112747 8654,872213 32,836111
13545,112747 8654,872213 34,033992
13595,112747 8654,872213 39,307488
13645,112747 8654,872213 40,661772
13695,112747 8654,872213 41,976652
13745,112747 8654,872213 43,252063
13795,112747 8654,872213 44,488319
13845,112747 8654,872213 45,686025
13895,112747 8654,872213 46,846004
13945,112747 8654,872213 47,969229
13995,112747 8654,872213 49,056782
6545,112747 8704,872213 598,509628
6595,112747 8704,872213 590,900826
6645,112747 8704,872213 559,888597
6695,112747 8704,872213 550,132704
6745,112747 8704,872213 539,251122
6795,112747 8704,872213 527,244606
6845,112747 8704,872213 514,126841
6895,112747 8704,872213 499,925016
6945,112747 8704,872213 484,680018
6995,112747 8704,872213 468,446219
7045,112747 8704,872213 451,290833
7095,112747 8704,872213 433,292849
7145,112747 8704,872213 414,541583
7195,112747 8704,872213 395,134901
7245,112747 8704,872213 375,177202
7295,112747 8704,872213 354,777251
7345,112747 8704,872213 334,045990
7395,112747 8704,872213 313,094411
7445,112747 8704,872213 292,031627
7495,112747 8704,872213 270,963207
7545,112747 8704,872213 249,989869
7595,112747 8704,872213 224,314056
7645,112747 8704,872213 204,338806
7695,112747 8704,872213 184,715097
7745,112747 8704,872213 165,513472
7795,112747 8704,872213 146,799992
7845,112747 8704,872213 128,637620
7895,112747 8704,872213 111,087902
7945,112747 8704,872213 94,212879
7995,112747 8704,872213 78,077119
8045,112747 8704,872213 62,749773
8095,112747 8704,872213 48,306491
8145,112747 8704,872213 34,831030
8195,112747 8704,872213 22,416363
8245,112747 8704,872213 11,165035
8295,112747 8704,872213 1,188566
8345,112747 8704,872213 -7,394337
8395,112747 8704,872213 -14,460873
8445,112747 8704,872213 -19,888594
8495,112747 8704,872213 -23,561037
8545,112747 8704,872213 -25,374204
8595,112747 8704,872213 -25,243293
8645,112747 8704,872213 -23,108950
8695,112747 8704,872213 -18,942203
8745,112747 8704,872213 -12,747294
8795,112747 8704,872213 -4,561882
8845,112747 8704,872213 5,545603
8895,112747 8704,872213 17,481222
8945,112747 8704,872213 31,132786
8995,112747 8704,872213 46,378223
9045,112747 8704,872213 63,094031
9095,112747 8704,872213 81,162874
9145,112747 8704,872213 100,479567
9195,112747 8704,872213 120,955014
9245,112747 8704,872213 142,517894
9295,112747 8704,872213 165,114190
9345,112747 8704,872213 188,704790
9395,112747 8704,872213 213,261477
9445,112747 8704,872213 238,761684
9495,112747 8704,872213 265,182328
9545,112747 8704,872213 292,493064
9595,112747 8704,872213 320,649213
9645,112747 8704,872213 349,584670
9695,112747 8704,872213 379,205063
9745,112747 8704,872213 409,381498
9795,112747 8704,872213 439,945261
9845,112747 8704,872213 470,683898
9895,112747 8704,872213 501,339158
9945,112747 8704,872213 531,607245
9995,112747 8704,872213 561,141827
10045,112747 8704,872213 589,560104
10095,112747 8704,872213 616,452069
10145,112747 8704,872213 641,392827
10195,112747 8704,872213 663,957528
10245,112747 8704,872213 683,738140
10295,112747 8704,872213 700,361013
10345,112747 8704,872213 713,503943
10395,112747 8704,872213 722,911406
10445,112747 8704,872213 728,406704
10495,112747 8704,872213 729,900026
10545,112747 8704,872213 727,391794
10595,112747 8704,872213 720,971138
10645,112747 8704,872213 710,809810
10695,112747 8704,872213 697,152233
10745,112747 8704,872213 680,302678
10795,112747 8704,872213 660,610715
10845,112747 8704,872213 638,456064
10895,112747 8704,872213 614,233876
10945,112747 8704,872213 588,341276
10995,112747 8704,872213 561,165727
11045,112747 8704,872213 533,075577
11095,112747 8704,872213 504,412903
11145,112747 8704,872213 475,488579
11195,112747 8704,872213 446,579403
11245,112747 8704,872213 417,926998
11295,112747 8704,872213 389,738187
11345,112747 8704,872213 362,186534
11395,112747 8704,872213 335,414727
11445,112747 8704,872213 309,537564
11495,112747 8704,872213 284,645269
11545,112747 8704,872213 260,806970
11595,112747 8704,872213 227,511996
11645,112747 8704,872213 205,790444
11695,112747 8704,872213 185,337533
11745,112747 8704,872213 166,169123
11795,112747 8704,872213 148,292161
11845,112747 8704,872213 131,706315
11895,112747 8704,872213 116,405083
11945,112747 8704,872213 102,376408
11995,112747 8704,872213 89,602829
12045,112747 8704,872213 78,061281
12095,112747 8704,872213 67,722651
12145,112747 8704,872213 58,551253
12195,112747 8704,872213 50,504368
12245,112747 8704,872213 43,532006
12295,112747 8704,872213 37,577003
12345,112747 8704,872213 32,575522
12395,112747 8704,872213 28,457981
12445,112747 8704,872213 25,150356
12495,112747 8704,872213 22,575763
12545,112747 8704,872213 20,656195
12595,112747 8704,872213 19,314278
12645,112747 8704,872213 18,474902
12695,112747 8704,872213 18,066639
12745,112747 8704,872213 18,022863
12795,112747 8704,872213 18,282551
12845,112747 8704,872213 18,790751
12895,112747 8704,872213 19,498770
12945,112747 8704,872213 20,364097
12995,112747 8704,872213 21,350141
13045,112747 8704,872213 22,425826
13095,112747 8704,872213 23,565098
13145,112747 8704,872213 24,746388
13195,112747 8704,872213 25,952060
13245,112747 8704,872213 27,167882
13295,112747 8704,872213 28,382525
13345,112747 8704,872213 29,587106
13395,112747 8704,872213 30,774780
13445,112747 8704,872213 31,940388
13495,112747 8704,872213 33,080142
13545,112747 8704,872213 34,191369
13595,112747 8704,872213 39,483638
13645,112747 8704,872213 40,758809
13695,112747 8704,872213 42,001822
13745,112747 8704,872213 43,212096
13795,112747 8704,872213 44,389445
13845,112747 8704,872213 45,533998
13895,112747 8704,872213 46,646119
13945,112747 8704,872213 47,726355
13995,112747 8704,872213 48,775386
6545,112747 8754,872213 614,871102
6595,112747 8754,872213 607,402538
6645,112747 8754,872213 577,206995
6695,112747 8754,872213 567,406247
6745,112747 8754,872213 556,393659
6795,112747 8754,872213 544,165676
6845,112747 8754,872213 530,732948
6895,112747 8754,872213 516,121077
6945,112747 8754,872213 500,370933
6995,112747 8754,872213 483,538505
7045,112747 8754,872213 465,694254
7095,112747 8754,872213 446,921974
7145,112747 8754,872213 427,317194
7195,112747 8754,872213 406,985201
7245,112747 8754,872213 386,038764
7295,112747 8754,872213 364,595682
7345,112747 8754,872213 342,776282
7395,112747 8754,872213 320,701004
7445,112747 8754,872213 298,488178
7495,112747 8754,872213 276,252131
7545,112747 8754,872213 254,101683
7595,112747 8754,872213 227,313864
7645,112747 8754,872213 206,178535
7695,112747 8754,872213 185,404915
7745,112747 8754,872213 165,067549
7795,112747 8754,872213 145,235814
7845,112747 8754,872213 125,975482
7895,112747 8754,872213 107,350606
7945,112747 8754,872213 89,425666
7995,112747 8754,872213 72,267855
8045,112747 8754,872213 55,949387
8095,112747 8754,872213 40,549662
8145,112747 8754,872213 26,157103
8195,112747 8754,872213 12,870442
8245,112747 8754,872213 0,799202
8295,112747 8754,872213 -9,936869
8345,112747 8754,872213 -19,209663
8395,112747 8754,872213 -26,886013
8445,112747 8754,872213 -32,832485
8495,112747 8754,872213 -36,921507
8545,112747 8754,872213 -39,038450
8595,112747 8754,872213 -39,089054
8645,112747 8754,872213 -37,006382
8695,112747 8754,872213 -32,756386
8745,112747 8754,872213 -26,341255
8795,112747 8754,872213 -17,799896
8845,112747 8754,872213 -7,205329
8895,112747 8754,872213 5,340800
8945,112747 8754,872213 19,715945
8995,112747 8754,872213 35,785676
9045,112747 8754,872213 53,412872
9095,112747 8754,872213 72,466093
9145,112747 8754,872213 92,826286
9195,112747 8754,872213 114,391331
9245,112747 8754,872213 137,078218
9295,112747 8754,872213 160,822899
9345,112747 8754,872213 185,578087
9395,112747 8754,872213 211,309310
9445,112747 8754,872213 237,989617
9495,112747 8754,872213 265,593290
9545,112747 8754,872213 294,088871
9595,112747 8754,872213 323,431814
9645,112747 8754,872213 353,557033
9695,112747 8754,872213 384,371628
9745,112747 8754,872213 415,748117
9795,112747 8754,872213 447,518553
9845,112747 8754,872213 479,469951
9895,112747 8754,872213 511,341537
9945,112747 8754,872213 542,824307
9995,112747 8754,872213 573,563422
10045,112747 8754,872213 603,163808
10095,112747 8754,872213 631,199196
10145,112747 8754,872213 657,224566
10195,112747 8754,872213 680,791608
10245,112747 8754,872213 701,466485
10295,112747 8754,872213 718,848790
10345,112747 8754,872213 732,590355
10395,112747 8754,872213 742,412407
10445,112747 8754,872213 748,119625
10495,112747 8754,872213 749,609876
10545,112747 8754,872213 746,878810
10595,112747 8754,872213 740,019016
10645,112747 8754,872213 729,213941
10695,112747 8754,872213 714,727330
10745,112747 8754,872213 696,889229
10795,112747 8754,872213 676,079865
10845,112747 8754,872213 652,712711
10895,112747 8754,872213 627,217936
10945,112747 8754,872213 600,027233
10995,112747 8754,872213 571,560711
11045,112747 8754,872213 542,216283
11095,112747 8754,872213 512,361672
11145,112747 8754,872213 482,328993
11195,112747 8754,872213 452,411677
11245,112747 8754,872213 422,863416
11295,112747 8754,872213 393,898764
11345,112747 8754,872213 365,695036
11395,112747 8754,872213 338,395124
11445,112747 8754,872213 312,110943
11495,112747 8754,872213 286,927221
11545,112747 8754,872213 262,905413
11595,112747 8754,872213 229,541761
11645,112747 8754,872213 207,785585
11695,112747 8754,872213 187,370703
11745,112747 8754,872213 168,300139
11795,112747 8754,872213 150,567714
11845,112747 8754,872213 134,159993
11895,112747 8754,872213 119,057703
11945,112747 8754,872213 105,236621
11995,112747 8754,872213 92,668017
12045,112747 8754,872213 81,318706
12095,112747 8754,872213 71,150848
12145,112747 8754,872213 62,121613
12195,112747 8754,872213 54,182867
12245,112747 8754,872213 47,280999
12295,112747 8754,872213 41,357006
12345,112747 8754,872213 36,346908
12395,112747 8754,872213 32,182499
12445,112747 8754,872213 28,792419
12495,112747 8754,872213 26,103454
12545,112747 8754,872213 24,041979
12595,112747 8754,872213 22,535411
12645,112747 8754,872213 21,513571
12695,112747 8754,872213 20,909868
12745,112747 8754,872213 20,662230
12795,112747 8754,872213 20,713768
12845,112747 8754,872213 21,013167
12895,112747 8754,872213 21,514818
12945,112747 8754,872213 22,178748
12995,112747 8754,872213 22,970376
13045,112747 8754,872213 23,860145
13095,112747 8754,872213 24,823086
13145,112747 8754,872213 25,838337
13195,112747 8754,872213 26,888654
13245,112747 8754,872213 27,959932
13295,112747 8754,872213 29,040765
13345,112747 8754,872213 30,122028
13395,112747 8754,872213 31,196518
13445,112747 8754,872213 32,258624
13495,112747 8754,872213 33,304054
13545,112747 8754,872213 34,329593
13595,112747 8754,872213 39,648299
13645,112747 8754,872213 40,844900
13695,112747 8754,872213 42,016614
13745,112747 8754,872213 43,162333
13795,112747 8754,872213 44,281366
13845,112747 8754,872213 45,373356
13895,112747 8754,872213 46,438208
13945,112747 8754,872213 47,476032
13995,112747 8754,872213 48,487102
6545,112747 8804,872213 631,688082
6595,112747 8804,872213 624,399192
6645,112747 8804,872213 595,129773
6695,112747 8804,872213 585,318583
6745,112747 8804,872213 574,205869
6795,112747 8804,872213 561,783123
6845,112747 8804,872213 548,057407
6895,112747 8804,872213 533,052306
6945,112747 8804,872213 516,808393
6995,112747 8804,872213 499,383174
7045,112747 8804,872213 480,850440
7095,112747 8804,872213 461,299060
7145,112747 8804,872213 440,831238
7195,112747 8804,872213 419,560299
7245,112747 8804,872213 397,608141
7295,112747 8804,872213 375,102455
7345,112747 8804,872213 352,173884
7395,112747 8804,872213 328,953260
7445,112747 8804,872213 305,569078
7495,112747 8804,872213 282,145318
7545,112747 8804,872213 258,799729
7595,112747 8804,872213 230,868286
7645,112747 8804,872213 208,560065
7695,112747 8804,872213 186,627799
7745,112747 8804,872213 165,150367
7795,112747 8804,872213 144,200687
7845,112747 8804,872213 123,847450
7895,112747 8804,872213 104,157215
7945,112747 8804,872213 85,196795
7995,112747 8804,872213 67,035783
8045,112747 8804,872213 49,749113
8095,112747 8804,872213 33,419466
8145,112747 8804,872213 18,139313
8195,112747 8804,872213 4,012384
8245,112747 8804,872213 -8,845747
8295,112747 8804,872213 -20,308192
8345,112747 8804,872213 -30,238680
8395,112747 8804,872213 -38,495043
8445,112747 8804,872213 -44,934316
8495,112747 8804,872213 -49,419298
8545,112747 8804,872213 -51,826164
8595,112747 8804,872213 -52,052501
8645,112747 8804,872213 -50,024873
8695,112747 8804,872213 -45,704967
8745,112747 8804,872213 -39,093382
8795,112747 8804,872213 -30,230393
8845,112747 8804,872213 -19,193399
8895,112747 8804,872213 -6,091262
8945,112747 8804,872213 8,943807
8995,112747 8804,872213 25,765810
9045,112747 8804,872213 44,224819
9095,112747 8804,872213 64,176026
9145,112747 8804,872213 85,487116
9195,112747 8804,872213 108,043384
9245,112747 8804,872213 131,750374
9295,112747 8804,872213 156,534074
9345,112747 8804,872213 182,338925
9395,112747 8804,872213 209,123977
9445,112747 8804,872213 236,857605
9495,112747 8804,872213 265,511135
9545,112747 8804,872213 295,051726
9595,112747 8804,872213 325,434809
9645,112747 8804,872213 356,596346
9695,112747 8804,872213 388,445205
9745,112747 8804,872213 420,855957
9795,112747 8804,872213 453,662471
9845,112747 8804,872213 486,652748
9895,112747 8804,872213 519,565498
9945,112747 8804,872213 552,089013
9995,112747 8804,872213 583,862889
10045,112747 8804,872213 614,483051
10095,112747 8804,872213 643,510431
10145,112747 8804,872213 670,483318
10195,112747 8804,872213 694,933135
10245,112747 8804,872213 716,402936
10295,112747 8804,872213 734,467559
10345,112747 8804,872213 748,754022
10395,112747 8804,872213 758,960526
10445,112747 8804,872213 764,872436
10495,112747 8804,872213 766,373807
10545,112747 8804,872213 763,453407
10595,112747 8804,872213 756,204757
10645,112747 8804,872213 744,820315
10695,112747 8804,872213 729,580486
10745,112747 8804,872213 710,838628
10795,112747 8804,872213 689,003460
10845,112747 8804,872213 664,520383
10895,112747 8804,872213 637,853096
10945,112747 8804,872213 609,466672
10995,112747 8804,872213 579,812920
11045,112747 8804,872213 549,318539
11095,112747 8804,872213 518,376249
11145,112747 8804,872213 487,338830
11195,112747 8804,872213 456,515812
11245,112747 8804,872213 426,172451
11295,112747 8804,872213 396,530553
11345,112747 8804,872213 367,770732
11395,112747 8804,872213 340,035665
11445,112747 8804,872213 313,434021
11495,112747 8804,872213 288,044720
11545,112747 8804,872213 263,921304
11595,112747 8804,872213 230,546786
11645,112747 8804,872213 208,833305
11695,112747 8804,872213 188,529198
11745,112747 8804,872213 169,624666
11795,112747 8804,872213 152,100490
11845,112747 8804,872213 135,930281
11895,112747 8804,872213 121,082175
11945,112747 8804,872213 107,520003
11995,112747 8804,872213 95,203990
12045,112747 8804,872213 84,091062
12095,112747 8804,872213 74,134868
12145,112747 8804,872213 65,285639
12195,112747 8804,872213 57,490008
12245,112747 8804,872213 50,690903
12295,112747 8804,872213 44,827634
12345,112747 8804,872213 39,836209
12395,112747 8804,872213 35,649928
12445,112747 8804,872213 32,200217
12495,112747 8804,872213 29,417662
12545,112747 8804,872213 27,233149
12595,112747 8804,872213 25,579024
12645,112747 8804,872213 24,390179
12695,112747 8804,872213 23,604998
12745,112747 8804,872213 23,166104
12795,112747 8804,872213 23,020877
12845,112747 8804,872213 23,121763
12895,112747 8804,872213 23,426362
12945,112747 8804,872213 23,897345
12995,112747 8804,872213 24,502235
13045,112747 8804,872213 25,213085
13095,112747 8804,872213 26,006084
13145,112747 8804,872213 26,861145
13195,112747 8804,872213 27,761470
13245,112747 8804,872213 28,693137
13295,112747 8804,872213 29,644699
13345,112747 8804,872213 30,606831
13395,112747 8804,872213 31,571999
13445,112747 8804,872213 32,534172
13495,112747 8804,872213 33,488578
13545,112747 8804,872213 34,431482
13595,112747 8804,872213 39,784512
13645,112747 8804,872213 40,904864
13695,112747 8804,872213 42,007435
13745,112747 8804,872213 43,090603
13795,112747 8804,872213 44,153181
13845,112747 8804,872213 45,194335
13895,112747 8804,872213 46,213518
13945,112747 8804,872213 47,210415
13995,112747 8804,872213 48,184898
6545,112747 8854,872213 648,898906
6595,112747 8854,872213 641,830464
6645,112747 8854,872213 613,601840
6695,112747 8854,872213 603,817438
6745,112747 8854,872213 592,638757
6795,112747 8854,872213 580,051663
6845,112747 8854,872213 566,059047
6895,112747 8854,872213 550,682014
6945,112747 8854,872213 533,960541
6995,112747 8854,872213 515,953519
7045,112747 8854,872213 496,738142
7095,112747 8854,872213 476,408630
7145,112747 8854,872213 455,074322
7195,112747 8854,872213 432,857228
7245,112747 8854,872213 409,889162
7295,112747 8854,872213 386,308607
7345,112747 8854,872213 362,257489
7395,112747 8854,872213 337,878036
7445,112747 8854,872213 313,309892
7495,112747 8854,872213 288,687631
7545,112747 8854,872213 264,138797
7595,112747 8854,872213 235,041221
7645,112747 8854,872213 211,558378
7695,112747 8854,872213 188,470584
7745,112747 8854,872213 165,861412
7795,112747 8854,872213 143,807557
7845,112747 8854,872213 122,380742
7895,112747 8854,872213 101,650033
7945,112747 8854,872213 81,684443
7995,112747 8854,872213 62,555704
8045,112747 8854,872213 44,341065
8095,112747 8854,872213 27,125918
8145,112747 8854,872213 11,006042
8195,112747 8854,872213 -3,910784
8245,112747 8854,872213 -17,504085
8295,112747 8854,872213 -29,641202
8345,112747 8854,872213 -40,179276
8395,112747 8854,872213 -48,968891
8445,112747 8854,872213 -55,859434
8495,112747 8854,872213 -60,706002
8545,112747 8854,872213 -63,377466
8595,112747 8854,872213 -63,764989
8645,112747 8854,872213 -61,790102
8695,112747 8854,872213 -57,411322
8745,112747 8854,872213 -50,628317
8795,112747 8854,872213 -41,482920
8845,112747 8854,872213 -30,056645
8895,112747 8854,872213 -16,464917
8945,112747 8854,872213 -0,848663
8995,112747 8854,872213 16,635678
9045,112747 8854,872213 35,826546
9095,112747 8854,872213 56,566890
9145,112747 8854,872213 78,712104
9195,112747 8854,872213 102,135664
9245,112747 8854,872213 126,732197
9295,112747 8854,872213 152,418010
9345,112747 8854,872213 179,129334
9395,112747 8854,872213 206,818620
9445,112747 8854,872213 235,449306
9495,112747 8854,872213 264,989434
9545,112747 8854,872213 295,404451
9595,112747 8854,872213 326,649511
9645,112747 8854,872213 358,661538
9695,112747 8854,872213 391,351335
9745,112747 8854,872213 424,596040
9795,112747 8854,872213 458,232294
9845,112747 8854,872213 492,050553
9895,112747 8854,872213 525,791065
9945,112747 8854,872213 559,142073
9995,112747 8854,872213 591,740841
10045,112747 8854,872213 623,178048
10095,112747 8854,872213 653,005934
10145,112747 8854,872213 680,750381
10195,112747 8854,872213 705,926725
10245,112747 8854,872213 728,058717
10295,112747 8854,872213 746,699583
10345,112747 8854,872213 761,453755
10395,112747 8854,872213 771,997549
10445,112747 8854,872213 778,096998
10495,112747 8854,872213 779,621198
10545,112747 8854,872213 776,549895
10595,112747 8854,872213 768,974642
10645,112747 8854,872213 757,093489
10695,112747 8854,872213 741,199862
10745,112747 8854,872213 721,666801
10795,112747 8854,872213 698,928100
10845,112747 8854,872213 673,458013
10895,112747 8854,872213 645,751115
10945,112747 8854,872213 616,303634
10995,112747 8854,872213 585,597265
11045,112747 8854,872213 554,086051
11095,112747 8854,872213 522,186566
11145,112747 8854,872213 490,271366
11195,112747 8854,872213 458,665390
11245,112747 8854,872213 427,644926
11295,112747 8854,872213 397,438630
11345,112747 8854,872213 368,230113
11395,112747 8854,872213 340,161640
11445,112747 8854,872213 313,338510
11495,112747 8854,872213 287,833801
11545,112747 8854,872213 263,693184
11595,112747 8854,872213 230,365818
11645,112747 8854,872213 208,772645
11695,112747 8854,872213 188,651443
11745,112747 8854,872213 169,979878
11795,112747 8854,872213 152,726040
11845,112747 8854,872213 136,850978
11895,112747 8854,872213 122,310655
11945,112747 8854,872213 109,057383
11995,112747 8854,872213 97,040759
12045,112747 8854,872213 86,208211
12095,112747 8854,872213 76,505232
12145,112747 8854,872213 67,875414
12195,112747 8854,872213 60,260396
12245,112747 8854,872213 53,599835
12295,112747 8854,872213 47,831473
12345,112747 8854,872213 42,891385
12395,112747 8854,872213 38,714407
12445,112747 8854,872213 35,234758
12495,112747 8854,872213 32,386811
12545,112747 8854,872213 30,105943
12595,112747 8854,872213 28,329410
12645,112747 8854,872213 26,997169
12695,112747 8854,872213 26,052587
12745,112747 8854,872213 25,442998
12795,112747 8854,872213 25,120092
12845,112747 8854,872213 25,040124
12895,112747 8854,872213 25,163961
12945,112747 8854,872213 25,456990
12995,112747 8854,872213 25,888915
13045,112747 8854,872213 26,433472
13095,112747 8854,872213 27,068092
13145,112747 8854,872213 27,773538
13195,112747 8854,872213 28,533538
13245,112747 8854,872213 29,334417
13295,112747 8854,872213 30,164766
13345,112747 8854,872213 31,015118
13395,112747 8854,872213 31,877670
13445,112747 8854,872213 32,746028
13495,112747 8854,872213 33,614989
13545,112747 8854,872213 34,480345
13595,112747 8854,872213 39,875691
13645,112747 8854,872213 40,923864
13695,112747 8854,872213 41,961013
13745,112747 8854,872213 42,985032
13795,112747 8854,872213 43,994264
13845,112747 8854,872213 44,987423
13895,112747 8854,872213 45,963533
13945,112747 8854,872213 46,921874
13995,112747 8854,872213 47,861939
6545,112747 8904,872213 666,427362
6595,112747 8904,872213 659,620637
6645,112747 8904,872213 632,550799
6695,112747 8904,872213 622,832642
6745,112747 8904,872213 611,624954
6795,112747 8904,872213 598,907295
6845,112747 8904,872213 584,677782
6895,112747 8904,872213 568,954563
6945,112747 8904,872213 551,776686
6995,112747 8904,872213 533,204285
7045,112747 8904,872213 513,318014
7095,112747 8904,872213 492,217705
7145,112747 8904,872213 470,020301
7195,112747 8904,872213 446,857143
7245,112747 8904,872213 422,870767
7295,112747 8904,872213 398,211368
7345,112747 8904,872213 373,033148
7395,112747 8904,872213 347,490751
7445,112747 8904,872213 321,735981
7495,112747 8904,872213 295,914965
7545,112747 8904,872213 270,165921
7595,112747 8904,872213 239,890207
7645,112747 8904,872213 215,243172
7695,112747 8904,872213 191,015809
7745,112747 8904,872213 167,296747
7795,112747 8904,872213 144,166693
7845,112747 8904,872213 121,700512
7895,112747 8904,872213 99,969751
7945,112747 8904,872213 79,045462
7995,112747 8904,872213 59,001212
8045,112747 8904,872213 39,916086
8095,112747 8904,872213 21,877527
8145,112747 8904,872213 4,983741
8195,112747 8904,872213 -10,654551
8245,112747 8904,872213 -24,913342
8295,112747 8904,872213 -37,655830
8345,112747 8904,872213 -48,734453
8395,112747 8904,872213 -57,994653
8445,112747 8904,872213 -65,280428
8495,112747 8904,872213 -70,441518
8545,112747 8904,872213 -73,341777
8595,112747 8904,872213 -73,868058
8645,112747 8904,872213 -71,938661
8695,112747 8904,872213 -67,510289
8745,112747 8904,872213 -60,582510
8795,112747 8904,872213 -51,198964
8845,112747 8904,872213 -39,444970
8895,112747 8904,872213 -25,441705
8945,112747 8904,872213 -9,337620
8995,112747 8904,872213 8,701843
9045,112747 8904,872213 28,505033
9095,112747 8904,872213 49,904150
9145,112747 8904,872213 72,743640
9195,112747 8904,872213 96,886263
9245,112747 8904,872213 122,216551
9295,112747 8904,872213 148,641659
9345,112747 8904,872213 176,089850
9395,112747 8904,872213 204,506972
9445,112747 8904,872213 233,851335
9495,112747 8904,872213 264,087375
9545,112747 8904,872213 295,178459
9595,112747 8904,872213 327,079130
9645,112747 8904,872213 359,727068
9695,112747 8904,872213 393,035040
9745,112747 8904,872213 426,883115
9795,112747 8904,872213 461,111513
9845,112747 8904,872213 495,514505
9895,112747 8904,872213 529,835864
9945,112747 8904,872213 563,766464
9995,112747 8904,872213 596,944633
10045,112747 8904,872213 628,959853
10095,112747 8904,872213 659,360280
10145,112747 8904,872213 687,664348
10195,112747 8904,872213 713,376361
10245,112747 8904,872213 736,005594
10295,112747 8904,872213 755,087912
10345,112747 8904,872213 770,208505
10395,112747 8904,872213 781,023962
10445,112747 8904,872213 787,281776
10495,112747 8904,872213 788,835453
10545,112747 8904,872213 785,653744
10595,112747 8904,872213 777,823105
10645,112747 8904,872213 765,543186
10695,112747 8904,872213 749,115894
10745,112747 8904,872213 728,929206
10795,112747 8904,872213 705,437331
10845,112747 8904,872213 679,139040
10895,112747 8904,872213 650,555915
10945,112747 8904,872213 620,212050
10995,112747 8904,872213 588,616320
11045,112747 8904,872213 556,247966
11095,112747 8904,872213 523,545793
11145,112747 8904,872213 490,900939
11195,112747 8904,872213 458,652932
11245,112747 8904,872213 427,088566
11295,112747 8904,872213 396,443053
11345,112747 8904,872213 366,902905
11395,112747 8904,872213 338,610009
11445,112747 8904,872213 311,666460
11495,112747 8904,872213 286,139747
11545,112747 8904,872213 262,068009
11595,112747 8904,872213 228,845677
11645,112747 8904,872213 207,450286
11695,112747 8904,872213 187,583284
11745,112747 8904,872213 169,210341
11795,112747 8904,872213 152,287437
11845,112747 8904,872213 136,763658
11895,112747 8904,872213 122,583409
11945,112747 8904,872213 109,688078
11995,112747 8904,872213 98,017206
12045,112747 8904,872213 87,509244
12095,112747 8904,872213 78,101980
12145,112747 8904,872213 69,732741
12195,112747 8904,872213 62,338462
12245,112747 8904,872213 55,855716
12295,112747 8904,872213 50,220785
12345,112747 8904,872213 45,369828
12395,112747 8904,872213 41,239169
12445,112747 8904,872213 37,765721
12495,112747 8904,872213 34,887505
12545,112747 8904,872213 32,544239
12595,112747 8904,872213 30,677941
12645,112747 8904,872213 29,233492
12695,112747 8904,872213 28,159127
12745,112747 8904,872213 27,406810
12795,112747 8904,872213 26,932484
12845,112747 8904,872213 26,696193
12895,112747 8904,872213 26,662078
12945,112747 8904,872213 26,798273
12995,112747 8904,872213 27,076716
13045,112747 8904,872213 27,472896
13095,112747 8904,872213 27,965564
13145,112747 8904,872213 28,536424
13195,112747 8904,872213 29,169816
13245,112747 8904,872213 29,852413
13295,112747 8904,872213 30,572928
13345,112747 8904,872213 31,321847
13395,112747 8904,872213 32,091181
13445,112747 8904,872213 32,874256
13495,112747 8904,872213 33,665513
13545,112747 8904,872213 34,460341
13595,112747 8904,872213 39,905965
13645,112747 8904,872213 40,887710
13695,112747 8904,872213 41,864658
13745,112747 8904,872213 42,834270
13795,112747 8904,872213 43,794462
13845,112747 8904,872213 44,743536
13895,112747 8904,872213 45,680124
13945,112747 8904,872213 46,603133
13995,112747 8904,872213 47,511705
6545,112747 8954,872213 684,181889
6595,112747 8954,872213 677,677618
6645,112747 8954,872213 651,885373
6695,112747 8954,872213 642,274343
6745,112747 8954,872213 631,076738
6795,112747 8954,872213 618,265134
6845,112747 8954,872213 603,832278
6895,112747 8954,872213 587,792866
6945,112747 8954,872213 570,184677
6995,112747 8954,872213 551,068931
7045,112747 8954,872213 530,529778
7095,112747 8954,872213 508,672912
7145,112747 8954,872213 485,623335
7195,112747 8954,872213 461,522359
7245,112747 8954,872213 436,524038
7295,112747 8954,872213 410,791190
7345,112747 8954,872213 384,491283
7395,112747 8954,872213 357,792390
7445,112747 8954,872213 330,859471
7495,112747 8954,872213 303,851155
7545,112747 8954,872213 276,917192
7595,112747 8954,872213 245,463130
7645,112747 8954,872213 219,675377
7695,112747 8954,872213 194,337977
7745,112747 8954,872213 169,544961
7795,112747 8954,872213 145,381257
7845,112747 8954,872213 121,924952
7895,112747 8954,872213 99,250013
7945,112747 8954,872213 77,429333
7995,112747 8954,872213 56,537940
8045,112747 8954,872213 36,656211
8095,112747 8954,872213 17,872877
8145,112747 8954,872213 0,287577
8195,112747 8954,872213 -15,987295
8245,112747 8954,872213 -30,825755
8295,112747 8954,872213 -44,088711
8345,112747 8954,872213 -55,626039
8395,112747 8954,872213 -65,280428
8445,112747 8954,872213 -72,893073
8495,112747 8954,872213 -78,311010
8545,112747 8954,872213 -81,395692
8595,112747 8954,872213 -82,032078
8645,112747 8954,872213 -80,137291
8695,112747 8954,872213 -75,667783
8745,112747 8954,872213 -68,623977
8795,112747 8954,872213 -59,051616
8845,112747 8954,872213 -47,039464
8895,112747 8954,872213 -32,713507
8945,112747 8954,872213 -16,228313
8995,112747 8954,872213 2,243391
9045,112747 8954,872213 22,521712
9095,112747 8954,872213 44,429940
9145,112747 8954,872213 67,803252
9195,112747 8954,872213 92,495122
9245,112747 8954,872213 118,381097
9295,112747 8954,872213 145,359949
9345,112747 8954,872213 173,352416
9395,112747 8954,872213 202,297886
9445,112747 8954,872213 232,149437
9495,112747 8954,872213 262,867616
9545,112747 8954,872213 294,413328
9595,112747 8954,872213 326,740114
9645,112747 8954,872213 359,786107
9695,112747 8954,872213 393,465927
9745,112747 8954,872213 427,662773
9795,112747 8954,872213 462,221075
9845,112747 8954,872213 496,940093
9895,112747 8954,872213 531,568961
9945,112747 8954,872213 565,803766
9995,112747 8954,872213 599,287274
10045,112747 8954,872213 631,611933
10095,112747 8954,872213 662,326690
10145,112747 8954,872213 690,947943
10195,112747 8954,872213 716,974672
10245,112747 8954,872213 739,907332
10295,112747 8954,872213 759,269656
10345,112747 8954,872213 774,631982
10395,112747 8954,872213 785,634357
10445,112747 8954,872213 792,007429
10495,112747 8954,872213 793,589163
10545,112747 8954,872213 790,335706
10595,112747 8954,872213 782,325297
10645,112747 8954,872213 769,754830
10695,112747 8954,872213 752,929468
10745,112747 8954,872213 732,246429
10795,112747 8954,872213 708,174560
10845,112747 8954,872213 681,231625
10895,112747 8954,872213 651,961208
10945,112747 8954,872213 620,910925
10995,112747 8954,872213 588,613251
11045,112747 8954,872213 555,569805
11095,112747 8954,872213 522,239512
11145,112747 8954,872213 489,030620
11195,112747 8954,872213 456,296309
11245,112747 8954,872213 424,333378
11295,112747 8954,872213 393,383439
11345,112747 8954,872213 363,636006
11395,112747 8954,872213 335,232895
11445,112747 8954,872213 308,273434
11495,112747 8954,872213 282,820071
11545,112747 8954,872213 258,904030
11595,112747 8954,872213 225,844326
11645,112747 8954,872213 204,723670
11695,112747 8954,872213 185,181208
11745,112747 8954,872213 167,171364
11795,112747 8954,872213 150,638770
11845,112747 8954,872213 135,521318
11895,112747 8954,872213 121,752610
11945,112747 8954,872213 109,263834
11995,112747 8954,872213 97,985151
12045,112747 8954,872213 87,846637
12095,112747 8954,872213 78,778900
12145,112747 8954,872213 70,713420
12195,112747 8954,872213 63,582734
12245,112747 8954,872213 57,320524
12295,112747 8954,872213 51,861688
12345,112747 8954,872213 47,142442
12395,112747 8954,872213 43,100483
12445,112747 8954,872213 39,675227
12495,112747 8954,872213 36,808110
12545,112747 8954,872213 34,442935
12595,112747 8954,872213 32,526216
12645,112747 8954,872213 31,007519
12695,112747 8954,872213 29,839730
12745,112747 8954,872213 28,979270
12795,112747 8954,872213 28,386204
12845,112747 8954,872213 28,024281
12895,112747 8954,872213 27,860878
12945,112747 8954,872213 27,866873
12995,112747 8954,872213 28,016470
13045,112747 8954,872213 28,286969
13095,112747 8954,872213 28,658521
13145,112747 8954,872213 29,113864
13195,112747 8954,872213 29,638059
13245,112747 8954,872213 30,218232
13295,112747 8954,872213 30,843332
13345,112747 8954,872213 31,503906
13395,112747 8954,872213 32,191892
13445,112747 8954,872213 32,900433
13495,112747 8954,872213 33,623715
13545,112747 8954,872213 34,356818
13595,112747 8954,872213 39,860504
13645,112747 8954,872213 40,783136
13695,112747 8954,872213 41,706508
13745,112747 8954,872213 42,627707
13795,112747 8954,872213 43,544283
13845,112747 8954,872213 44,454181
13895,112747 8954,872213 45,355690
13945,112747 8954,872213 46,247388
13995,112747 8954,872213 47,128107
6545,112747 9004,872213 702,055153
6595,112747 9004,872213 695,892352
6645,112747 9004,872213 671,494195
6695,112747 9004,872213 662,031601
6745,112747 9004,872213 650,884415
6795,112747 9004,872213 638,017597
6845,112747 9004,872213 623,417937
6895,112747 9004,872213 607,096203
6945,112747 9004,872213 589,088566
6995,112747 9004,872213 569,457156
7045,112747 9004,872213 548,289644
7095,112747 9004,872213 525,697816
7145,112747 9004,872213 501,815155
7195,112747 9004,872213 476,793557
7245,112747 9004,872213 450,799352
7295,112747 9004,872213 424,008859
7345,112747 9004,872213 396,603752
7395,112747 9004,872213 368,766503
7445,112747 9004,872213 340,676174
7495,112747 9004,872213 312,504781
7545,112747 9004,872213 284,414408
7595,112747 9004,872213 251,794717
7645,112747 9004,872213 224,903398
7695,112747 9004,872213 198,499495
7745,112747 9004,872213 172,682730
7795,112747 9004,872213 147,542412
7845,112747 9004,872213 123,159879
7895,112747 9004,872213 99,611409
7945,112747 9004,872213 76,971467
7995,112747 9004,872213 55,316115
8045,112747 9004,872213 34,726391
8095,112747 9004,872213 15,291461
8145,112747 9004,872213 -2,888712
8195,112747 9004,872213 -19,701455
8245,112747 9004,872213 -35,020511
8295,112747 9004,872213 -48,706522
8345,112747 9004,872213 -60,609128
8395,112747 9004,872213 -70,570866
8445,112747 9004,872213 -78,432907
8495,112747 9004,872213 -84,042458
8545,112747 9004,872213 -87,261384
8595,112747 9004,872213 -87,975347
8645,112747 9004,872213 -86,102507
8695,112747 9004,872213 -81,600741
8745,112747 9004,872213 -74,472347
8795,112747 9004,872213 -64,765480
8845,112747 9004,872213 -52,571942
8895,112747 9004,872213 -38,021477
8945,112747 9004,872213 -21,273202
8995,112747 9004,872213 -2,505202
9045,112747 9004,872213 18,096495
9095,112747 9004,872213 40,348374
9145,112747 9004,872213 64,078307
9195,112747 9004,872213 89,132184
9245,112747 9004,872213 115,377940
9295,112747 9004,872213 142,706968
9345,112747 9004,872213 171,033117
9395,112747 9004,872213 200,289614
9445,112747 9004,872213 230,424313
9495,112747 9004,872213 261,393661
9545,112747 9004,872213 293,155739
9595,112747 9004,872213 325,662668
9645,112747 9004,872213 358,852660
9695,112747 9004,872213 392,641959
9745,112747 9004,872213 426,916936
9795,112747 9004,872213 461,526660
9845,112747 9004,872213 496,276330
9895,112747 9004,872213 530,922043
9945,112747 9004,872213 565,167453
9995,112747 9004,872213 598,662956
10045,112747 9004,872213 631,008029
10095,112747 9004,872213 661,757292
10145,112747 9004,872213 690,430695
10195,112747 9004,872213 716,527949
10245,112747 9004,872213 739,546901
10295,112747 9004,872213 759,005110
10345,112747 9004,872213 774,463322
10395,112747 9004,872213 785,549170
10445,112747 9004,872213 791,979070
10495,112747 9004,872213 793,576281
10545,112747 9004,872213 790,283304
10595,112747 9004,872213 782,167313
10645,112747 9004,872213 769,418033
10695,112747 9004,872213 752,338273
10745,112747 9004,872213 731,328131
10795,112747 9004,872213 706,864446
10845,112747 9004,872213 679,477474
10895,112747 9004,872213 649,726788
10945,112747 9004,872213 618,178263
10995,112747 9004,872213 585,383583
11045,112747 9004,872213 551,863293
11095,112747 9004,872213 518,093879
11145,112747 9004,872213 484,498959
11195,112747 9004,872213 451,444318
11245,112747 9004,872213 419,236287
11295,112747 9004,872213 388,122852
11345,112747 9004,872213 358,296833
11395,112747 9004,872213 329,900517
11445,112747 9004,872213 303,031172
11495,112747 9004,872213 277,747012
11545,112747 9004,872213 254,073217
11595,112747 9004,872213 221,233471
11645,112747 9004,872213 200,463637
11695,112747 9004,872213 181,315046
11745,112747 9004,872213 163,731780
11795,112747 9004,872213 147,648023
11845,112747 9004,872213 132,991352
11895,112747 9004,872213 119,685409
11945,112747 9004,872213 107,651980
11995,112747 9004,872213 96,812572
12045,112747 9004,872213 87,089539
12095,112747 9004,872213 78,406852
12145,112747 9004,872213 70,690579
12195,112747 9004,872213 63,869169
12245,112747 9004,872213 57,873591
12295,112747 9004,872213 52,637408
12345,112747 9004,872213 48,096825
12395,112747 9004,872213 44,190737
12445,112747 9004,872213 40,860813
12495,112747 9004,872213 38,051597
12545,112747 9004,872213 35,710632
12595,112747 9004,872213 33,788595
12645,112747 9004,872213 32,239403
12695,112747 9004,872213 31,020310
12745,112747 9004,872213 30,091947
12795,112747 9004,872213 29,418314
12845,112747 9004,872213 28,966733
12895,112747 9004,872213 28,707734
12945,112747 9004,872213 28,614911
12995,112747 9004,872213 28,664747
13045,112747 9004,872213 28,836403
13095,112747 9004,872213 29,111507
13145,112747 9004,872213 29,473929
13195,112747 9004,872213 29,909563
13245,112747 9004,872213 30,406111
13295,112747 9004,872213 30,952886
13345,112747 9004,872213 31,540624
13395,112747 9004,872213 32,161313
13445,112747 9004,872213 32,808038
13495,112747 9004,872213 33,474842
13545,112747 9004,872213 34,156606
13595,112747 9004,872213 39,725812
13645,112747 9004,872213 40,598068
13695,112747 9004,872213 41,475756
13745,112747 9004,872213 42,355673
13795,112747 9004,872213 43,235074
13845,112747 9004,872213 44,111614
13895,112747 9004,872213 44,983297
13945,112747 9004,872213 45,848431
13995,112747 9004,872213 46,705585
6545,112747 9054,872213 719,924144
6595,112747 9054,872213 714,138778
6645,112747 9054,872213 691,245152
6695,112747 9054,872213 681,971526
6745,112747 9054,872213 670,915270
6795,112747 9054,872213 658,033146
6845,112747 9054,872213 643,305461
6895,112747 9054,872213 626,738604
6945,112747 9054,872213 608,366811
6995,112747 9054,872213 588,252954
7045,112747 9054,872213 566,488233
7095,112747 9054,872213 543,190719
7145,112747 9054,872213 518,502762
7195,112747 9054,872213 492,587392
7245,112747 9054,872213 465,623909
7295,112747 9054,872213 437,802931
7345,112747 9054,872213 409,321194
7395,112747 9054,872213 380,376438
7445,112747 9054,872213 351,162674
7495,112747 9054,872213 321,866087
7545,112747 9054,872213 292,661787
7595,112747 9054,872213 258,903019
7645,112747 9054,872213 230,959299
7695,112747 9054,872213 203,546484
7745,112747 9054,872213 176,770199
7795,112747 9054,872213 150,724219
7845,112747 9054,872213 125,493085
7895,112747 9054,872213 101,155202
7945,112747 9054,872213 77,786272
7995,112747 9054,872213 55,462879
8045,112747 9054,872213 34,266017
8095,112747 9054,872213 14,284353
8145,112747 9054,872213 -4,383028
8195,112747 9054,872213 -21,624661
8245,112747 9054,872213 -37,315820
8295,112747 9054,872213 -51,319004
8345,112747 9054,872213 -63,486044
8395,112747 9054,872213 -73,662010
8445,112747 9054,872213 -81,690923
8495,112747 9054,872213 -87,423100
8545,112747 9054,872213 -90,723692
8595,112747 9054,872213 -91,481702
8645,112747 9054,872213 -89,618566
8695,112747 9054,872213 -85,095269
8745,112747 9054,872213 -77,917003
8795,112747 9054,872213 -68,134613
8845,112747 9054,872213 -55,842489
8895,112747 9054,872213 -41,173009
8945,112747 9054,872213 -24,288168
8995,112747 9054,872213 -5,369355
9045,112747 9054,872213 15,393528
9095,112747 9054,872213 37,812447
9145,112747 9054,872213 61,710132
9195,112747 9054,872213 86,926798
9245,112747 9054,872213 113,324344
9295,112747 9054,872213 140,787988
9345,112747 9054,872213 169,225509
9395,112747 9054,872213 198,564427
9445,112747 9054,872213 228,747510
9495,112747 9054,872213 259,726985
9545,112747 9054,872213 291,457806
9595,112747 9054,872213 323,890269
9645,112747 9054,872213 356,962254
9695,112747 9054,872213 390,591316
9745,112747 9054,872213 424,666895
9795,112747 9054,872213 459,042936
9845,112747 9054,872213 493,531281
9895,112747 9054,872213 527,896292
9945,112747 9054,872213 561,851220
9995,112747 9054,872213 595,056950
10045,112747 9054,872213 627,123735
10095,112747 9054,872213 657,616505
10145,112747 9054,872213 686,064210
10195,112747 9054,872213 711,973361
10245,112747 9054,872213 734,845606
10295,112747 9054,872213 754,198684
10345,112747 9054,872213 769,589613
10395,112747 9054,872213 780,638485
10445,112747 9054,872213 787,050929
10495,112747 9054,872213 788,637167
10545,112747 9054,872213 785,325741
10595,112747 9054,872213 777,170451
10645,112747 9054,872213 764,349721
10695,112747 9054,872213 747,158393
10745,112747 9054,872213 725,992802
10795,112747 9054,872213 701,330627
10845,112747 9054,872213 673,707442
10895,112747 9054,872213 643,692058
10945,112747 9054,872213 611,862596
10995,112747 9054,872213 578,784900
11045,112747 9054,872213 544,994437
11095,112747 9054,872213 510,982296
11145,112747 9054,872213 477,185473
11195,112747 9054,872213 443,981206
11245,112747 9054,872213 411,684895
11295,112747 9054,872213 380,550975
11345,112747 9054,872213 350,776047
11395,112747 9054,872213 322,503610
11445,112747 9054,872213 295,829800
11495,112747 9054,872213 270,809617
11545,112747 9054,872213 247,463268
11595,112747 9054,872213 214,900760
11645,112747 9054,872213 194,556633
11695,112747 9054,872213 175,870209
11745,112747 9054,872213 158,776231
11795,112747 9054,872213 143,199404
11845,112747 9054,872213 129,057922
11895,112747 9054,872213 116,266338
11945,112747 9054,872213 104,737852
11995,112747 9054,872213 94,386052
12045,112747 9054,872213 85,126214
12095,112747 9054,872213 76,876209
12145,112747 9054,872213 69,557111
12195,112747 9054,872213 63,093567
12245,112747 9054,872213 57,413984
12295,112747 9054,872213 52,450613
12345,112747 9054,872213 48,139541
12395,112747 9054,872213 44,420653
12445,112747 9054,872213 41,237569
12495,112747 9054,872213 38,537585
12545,112747 9054,872213 36,271599
12595,112747 9054,872213 34,394046
12645,112747 9054,872213 32,862828
12695,112747 9054,872213 31,639220
12745,112747 9054,872213 30,687775
12795,112747 9054,872213 29,976200
12845,112747 9054,872213 29,475217
12895,112747 9054,872213 29,158405
12945,112747 9054,872213 29,002022
12995,112747 9054,872213 28,984827
13045,112747 9054,872213 29,087884
13095,112747 9054,872213 29,294370
13145,112747 9054,872213 29,589390
13195,112747 9054,872213 29,959786
13245,112747 9054,872213 30,393969
13295,112747 9054,872213 30,881753
13345,112747 9054,872213 31,414202
13395,112747 9054,872213 31,983493
13445,112747 9054,872213 32,582787
13495,112747 9054,872213 33,206116
13545,112747 9054,872213 33,848282
13595,112747 9054,872213 39,489994
13645,112747 9054,872213 40,321846
13695,112747 9054,872213 41,162854
13745,112747 9054,872213 42,009615
13795,112747 9054,872213 42,859174
13845,112747 9054,872213 43,708972
13895,112747 9054,872213 44,556800
13945,112747 9054,872213 45,400755
13995,112747 9054,872213 46,239204
6545,112747 9104,872213 723,233757
6595,112747 9104,872213 717,926922
6645,112747 9104,872213 697,028309
6695,112747 9104,872213 687,905563
6745,112747 9104,872213 676,848275
6795,112747 9104,872213 663,821662
6845,112747 9104,872213 648,818283
6895,112747 9104,872213 631,860299
6945,112747 9104,872213 613,000716
6995,112747 9104,872213 592,323468
7045,112747 9104,872213 569,942226
7095,112747 9104,872213 545,997961
7145,112747 9104,872213 520,655340
7195,112747 9104,872213 494,098167
7245,112747 9104,872213 466,524131
7295,112747 9104,872213 438,139190
7345,112747 9104,872213 409,151939
7395,112747 9104,872213 379,768295
7445,112747 9104,872213 350,186793
7495,112747 9104,872213 320,594723
7545,112747 9104,872213 291,165280
7595,112747 9104,872213 257,436593
7645,112747 9104,872213 229,364069
7695,112747 9104,872213 201,876696
7745,112747 9104,872213 175,071756
7795,112747 9104,872213 149,034354
7845,112747 9104,872213 123,840451
7895,112747 9104,872213 99,560336
7945,112747 9104,872213 76,262342
7995,112747 9104,872213 54,016646
8045,112747 9104,872213 32,898943
8095,112747 9104,872213 12,993793
8145,112747 9104,872213 -5,602631
8195,112747 9104,872213 -22,780645
8245,112747 9104,872213 -38,416314
8295,112747 9104,872213 -52,372168
8345,112747 9104,872213 -64,499615
8395,112747 9104,872213 -74,643216
8445,112747 9104,872213 -82,646818
8495,112747 9104,872213 -88,361311
8545,112747 9104,872213 -91,653523
8595,112747 9104,872213 -92,415468
8645,112747 9104,872213 -90,572997
8695,112747 9104,872213 -86,092747
8745,112747 9104,872213 -78,986437
8795,112747 9104,872213 -69,311771
8845,112747 9104,872213 -57,169684
8895,112747 9104,872213 -42,698153
8945,112747 9104,872213 -26,063281
8995,112747 9104,872213 -7,448711
9045,112747 9104,872213 12,955421
9095,112747 9104,872213 34,962819
9145,112747 9104,872213 58,399719
9195,112747 9104,872213 83,111315
9245,112747 9104,872213 108,965626
9295,112747 9104,872213 135,854821
9345,112747 9104,872213 163,694216
9395,112747 9104,872213 192,419305
9445,112747 9104,872213 221,981170
9495,112747 9104,872213 252,340682
9545,112747 9104,872213 283,461779
9595,112747 9104,872213 315,304101
9645,112747 9104,872213 347,815207
9695,112747 9104,872213 380,922577
9745,112747 9104,872213 414,525627
9795,112747 9104,872213 448,487997
9845,112747 9104,872213 482,630478
9895,112747 9104,872213 516,725014
9945,112747 9104,872213 550,490336
9995,112747 9104,872213 583,589898
10045,112747 9104,872213 615,632806
10095,112747 9104,872213 646,178441
10145,112747 9104,872213 674,745350
10195,112747 9104,872213 700,824720
10245,112747 9104,872213 723,898364
10295,112747 9104,872213 743,460649
10345,112747 9104,872213 759,043194
10395,112747 9104,872213 770,240637
10445,112747 9104,872213 776,735306
10495,112747 9104,872213 778,318486
10545,112747 9104,872213 774,906033
10595,112747 9104,872213 766,546634
10645,112747 9104,872213 753,421709
10695,112747 9104,872213 735,836918
10745,112747 9104,872213 714,206161
10795,112747 9104,872213 689,029764
10845,112747 9104,872213 660,869014
10895,112747 9104,872213 630,319413
10945,112747 9104,872213 597,984840
10995,112747 9104,872213 564,454390
11045,112747 9104,872213 530,283152
11095,112747 9104,872213 495,977556
11145,112747 9104,872213 461,985432
11195,112747 9104,872213 428,690463
11245,112747 9104,872213 396,410481
11295,112747 9104,872213 365,398865
11345,112747 9104,872213 335,848267
11395,112747 9104,872213 307,895953
11445,112747 9104,872213 281,630093
11495,112747 9104,872213 257,096496
11545,112747 9104,872213 234,305356
11595,112747 9104,872213 202,267142
11645,112747 9104,872213 182,587774
11695,112747 9104,872213 164,597140
11745,112747 9104,872213 148,218986
11795,112747 9104,872213 133,367509
11845,112747 9104,872213 119,950978
11895,112747 9104,872213 107,874686
11945,112747 9104,872213 97,043290
11995,112747 9104,872213 87,362638
12045,112747 9104,872213 78,741125
12095,112747 9104,872213 71,090676
12145,112747 9104,872213 64,327421
12195,112747 9104,872213 58,372109
12245,112747 9104,872213 53,150338
12295,112747 9104,872213 48,592638
12345,112747 9104,872213 47,197579
12395,112747 9104,872213 43,720691
12445,112747 9104,872213 40,739499
12495,112747 9104,872213 38,203664
12545,112747 9104,872213 36,067028
12595,112747 9104,872213 34,287368
12645,112747 9104,872213 32,826162
12695,112747 9104,872213 31,648347
12745,112747 9104,872213 30,722084
12795,112747 9104,872213 30,018532
12845,112747 9104,872213 29,511629
12895,112747 9104,872213 29,177873
12945,112747 9104,872213 28,996125
12995,112747 9104,872213 28,947406
13045,112747 9104,872213 29,014714
13095,112747 9104,872213 29,182851
13145,112747 9104,872213 29,438249
13195,112747 9104,872213 29,768826
13245,112747 9104,872213 30,163833
13295,112747 9104,872213 30,613729
13345,112747 9104,872213 31,110053
13395,112747 9104,872213 31,645318
13445,112747 9104,872213 32,212905
13495,112747 9104,872213 32,806974
13545,112747 9104,872213 33,422381
13595,112747 9104,872213 39,142977
13645,112747 9104,872213 39,945428
13695,112747 9104,872213 40,759686
13745,112747 9104,872213 41,582250
13795,112747 9104,872213 42,410050
13845,112747 9104,872213 43,240395
13895,112747 9104,872213 44,070941
13945,112747 9104,872213 44,899645
13995,112747 9104,872213 45,724735
6545,112747 9154,872213 741,867763
6595,112747 9154,872213 736,960068
6645,112747 9154,872213 717,629068
6695,112747 9154,872213 708,704852
6745,112747 9154,872213 697,738137
6795,112747 9154,872213 684,686676
6845,112747 9154,872213 669,537827
6895,112747 9154,872213 652,311207
6945,112747 9154,872213 633,060225
6995,112747 9154,872213 611,872317
7045,112747 9154,872213 588,867743
7095,112747 9154,872213 564,196964
7145,112747 9154,872213 538,036699
7195,112747 9154,872213 510,584882
7245,112747 9154,872213 482,054829
7295,112747 9154,872213 452,668988
7345,112747 9154,872213 422,652666
7395,112747 9154,872213 392,228112
7445,112747 9154,872213 361,609293
7495,112747 9154,872213 330,997620
7545,112747 9154,872213 300,578791
7595,112747 9154,872213 265,816599
7645,112747 9154,872213 236,846310
7695,112747 9154,872213 208,520790
7745,112747 9154,872213 180,941882
7795,112747 9154,872213 154,197739
7845,112747 9154,872213 128,366059
7895,112747 9154,872213 103,517734
7945,112747 9154,872213 79,720725
7995,112747 9154,872213 57,043989
8045,112747 9154,872213 35,561228
8095,112747 9154,872213 15,354271
8145,112747 9154,872213 -3,484180
8195,112747 9154,872213 -20,848687
8245,112747 9154,872213 -36,620383
8295,112747 9154,872213 -50,667713
8345,112747 9154,872213 -62,848851
8395,112747 9154,872213 -73,015898
8445,112747 9154,872213 -81,020854
8495,112747 9154,872213 -86,723121
8545,112747 9154,872213 -89,998045
8595,112747 9154,872213 -90,745751
8645,112747 9154,872213 -88,899359
8695,112747 9154,872213 -84,431560
8745,112747 9154,872213 -77,358638
8795,112747 9154,872213 -67,741279
8845,112747 9154,872213 -55,681900
8895,112747 9154,872213 -41,318738
8945,112747 9154,872213 -24,817329
8995,112747 9154,872213 -6,360403
9045,112747 9154,872213 13,862697
9095,112747 9154,872213 35,665952
9145,112747 9154,872213 58,875080
9195,112747 9154,872213 83,333807
9245,112747 9154,872213 108,907733
9295,112747 9154,872213 135,485751
9345,112747 9154,872213 162,979251
9395,112747 9154,872213 191,319392
9445,112747 9154,872213 220,452825
9495,112747 9154,872213 250,336215
9545,112747 9154,872213 280,929853
9595,112747 9154,872213 312,190648
9645,112747 9154,872213 344,064688
9695,112747 9154,872213 376,479599
9745,112747 9154,872213 409,336892
9795,112747 9154,872213 442,504568
9845,112747 9154,872213 475,810293
9895,112747 9154,872213 509,035561
9945,112747 9154,872213 541,911370
9995,112747 9154,872213 574,116004
10045,112747 9154,872213 605,275593
10095,112747 9154,872213 634,968116
10145,112747 9154,872213 662,731401
10195,112747 9154,872213 688,075474
10245,112747 9154,872213 710,499257
10295,112747 9154,872213 729,511153
10345,112747 9154,872213 744,652507
10395,112747 9154,872213 755,522423
10445,112747 9154,872213 761,801927
10495,112747 9154,872213 763,275286
10545,112747 9154,872213 759,846298
10595,112747 9154,872213 751,547759
10645,112747 9154,872213 738,542990
10695,112747 9154,872213 721,119154
10745,112747 9154,872213 699,673013
10795,112747 9154,872213 674,690573
10845,112747 9154,872213 646,722652
10895,112747 9154,872213 616,358624
10945,112747 9154,872213 584,200540
10995,112747 9154,872213 550,839504
11045,112747 9154,872213 516,835650
11095,112747 9154,872213 482,702534
11145,112747 9154,872213 448,896184
11195,112747 9154,872213 415,808634
11245,112747 9154,872213 383,765441
11295,112747 9154,872213 353,026493
11345,112747 9154,872213 323,789343
11395,112747 9154,872213 296,194337
11445,112747 9154,872213 270,330853
11495,112747 9154,872213 246,244097
11545,112747 9154,872213 223,942004
11595,112747 9154,872213 192,297262
11645,112747 9154,872213 173,182117
11695,112747 9154,872213 155,778305
11745,112747 9154,872213 140,002650
11795,112747 9154,872213 125,762148
11845,112747 9154,872213 112,957810
11895,112747 9154,872213 101,487806
11945,112747 9154,872213 91,249995
11995,112747 9154,872213 82,143908
12045,112747 9154,872213 74,072254
12095,112747 9154,872213 66,942024
12145,112747 9154,872213 60,665261
12195,112747 9154,872213 55,159557
12245,112747 9154,872213 50,348315
12295,112747 9154,872213 46,160839
12345,112747 9154,872213 45,219097
12395,112747 9154,872213 42,041763
12445,112747 9154,872213 39,320198
12495,112747 9154,872213 37,006047
12545,112747 9154,872213 35,055681
12595,112747 9154,872213 33,429803
12645,112747 9154,872213 32,093068
12695,112747 9154,872213 31,013706
12745,112747 9154,872213 30,163173
12795,112747 9154,872213 29,515826
12845,112747 9154,872213 29,048621
12895,112747 9154,872213 28,740850
12945,112747 9154,872213 28,573900
12995,112747 9154,872213 28,531040
13045,112747 9154,872213 28,597232
13095,112747 9154,872213 28,758964
13145,112747 9154,872213 29,004100
13195,112747 9154,872213 29,321747
13245,112747 9154,872213 29,702137
13295,112747 9154,872213 30,136515
13345,112747 9154,872213 30,617048
13395,112747 9154,872213 31,136734
13445,112747 9154,872213 31,689324
13495,112747 9154,872213 32,269248
13545,112747 9154,872213 32,871551
13595,112747 9154,872213 38,676688
13645,112747 9154,872213 39,461541
13695,112747 9154,872213 40,259706
13745,112747 9154,872213 41,067690
13795,112747 9154,872213 41,882404
13845,112747 9154,872213 42,701120
13895,112747 9154,872213 43,521439
13945,112747 9154,872213 44,341252
13995,112747 9154,872213 45,158719
6545,112747 9204,872213 753,718224
6595,112747 9204,872213 749,204555
6645,112747 9204,872213 731,596201
6695,112747 9204,872213 722,774085
6745,112747 9204,872213 711,764175
6795,112747 9204,872213 698,528146
6845,112747 9204,872213 683,061589
6895,112747 9204,872213 665,396531
6945,112747 9204,872213 645,602555
6995,112747 9204,872213 623,786362
7045,112747 9204,872213 600,089671
7095,112747 9204,872213 574,685547
7145,112747 9204,872213 547,773342
7195,112747 9204,872213 519,572551
7245,112747 9204,872213 490,316008
7295,112747 9204,872213 460,242840
7345,112747 9204,872213 429,591651
7395,112747 9204,872213 398,594318
7445,112747 9204,872213 367,470744
7495,112747 9204,872213 336,424777
7545,112747 9204,872213 305,641448
7595,112747 9204,872213 270,626064
7645,112747 9204,872213 241,396208
7695,112747 9204,872213 212,868695
7745,112747 9204,872213 185,137990
7795,112747 9204,872213 158,284536
7845,112747 9204,872213 132,378427
7895,112747 9204,872213 107,483412
7945,112747 9204,872213 83,661055
7995,112747 9204,872213 60,974850
8045,112747 9204,872213 39,494103
8095,112747 9204,872213 19,297350
8145,112747 9204,872213 0,475076
8195,112747 9204,872213 -16,868537
8245,112747 9204,872213 -32,615114
8295,112747 9204,872213 -46,633122
8345,112747 9204,872213 -58,780639
8395,112747 9204,872213 -68,910003
8445,112747 9204,872213 -76,874247
8495,112747 9204,872213 -82,535063
8545,112747 9204,872213 -85,771720
8595,112747 9204,872213 -86,490150
8645,112747 9204,872213 -84,631191
8695,112747 9204,872213 -80,176958
8745,112747 9204,872213 -73,154411
8795,112747 9204,872213 -63,635516
8845,112747 9204,872213 -51,733805
8895,112747 9204,872213 -37,597687
8945,112747 9204,872213 -21,401251
8995,112747 9204,872213 -3,333657
9045,112747 9204,872213 16,411708
9095,112747 9204,872213 37,647207
9145,112747 9204,872213 60,199219
9195,112747 9204,872213 83,914130
9245,112747 9204,872213 108,661854
9295,112747 9204,872213 134,336930
9345,112747 9204,872213 160,857433
9395,112747 9204,872213 188,162062
9445,112747 9204,872213 216,205750
9495,112747 9204,872213 244,954159
9545,112747 9204,872213 274,377338
9595,112747 9204,872213 304,442773
9645,112747 9204,872213 335,108032
9695,112747 9204,872213 366,313136
9745,112747 9204,872213 397,972871
9795,112747 9204,872213 429,969232
9845,112747 9204,872213 462,144299
9895,112747 9204,872213 494,293960
9945,112747 9204,872213 526,162976
9995,112747 9204,872213 557,442029
10045,112747 9204,872213 587,767467
10095,112747 9204,872213 616,724482
10145,112747 9204,872213 643,854394
10195,112747 9204,872213 668,666507
10245,112747 9204,872213 690,654651
10295,112747 9204,872213 709,318055
10345,112747 9204,872213 724,185570
10395,112747 9204,872213 734,841682
10445,112747 9204,872213 740,952206
10495,112747 9204,872213 742,287246
10545,112747 9204,872213 738,739030
10595,112747 9204,872213 730,332576
10645,112747 9204,872213 717,227898
10695,112747 9204,872213 699,713396
10745,112747 9204,872213 678,191112
10795,112747 9204,872213 653,155415
10845,112747 9204,872213 625,167333
10895,112747 9204,872213 594,827011
10945,112747 9204,872213 562,746661
10995,112747 9204,872213 529,526020
11045,112747 9204,872213 495,731723
11095,112747 9204,872213 461,881400
11145,112747 9204,872213 428,432712
11195,112747 9204,872213 395,777061
11245,112747 9204,872213 364,237412
11295,112747 9204,872213 334,069459
11345,112747 9204,872213 305,465325
11395,112747 9204,872213 278,559018
11445,112747 9204,872213 253,432950
11495,112747 9204,872213 230,124960
11545,112747 9204,872213 208,635390
11595,112747 9204,872213 177,806355
11645,112747 9204,872213 159,566548
11695,112747 9204,872213 143,042098
11745,112747 9204,872213 128,142070
11795,112747 9204,872213 114,766149
11845,112747 9204,872213 102,808525
11895,112747 9204,872213 92,161091
11945,112747 9204,872213 82,716019
11995,112747 9204,872213 74,367799
12045,112747 9204,872213 67,014797
12095,112747 9204,872213 60,560419
12145,112747 9204,872213 54,913920
12195,112747 9204,872213 49,990929
12245,112747 9204,872213 45,713723
12295,112747 9204,872213 42,011300
12345,112747 9204,872213 41,558578
12395,112747 9204,872213 38,782616
12445,112747 9204,872213 36,415466
12495,112747 9204,872213 34,411080
12545,112747 9204,872213 32,728574
12595,112747 9204,872213 31,331715
12645,112747 9204,872213 30,188419
12695,112747 9204,872213 29,270266
12745,112747 9204,872213 28,552046
12795,112747 9204,872213 28,011358
12845,112747 9204,872213 27,628237
12895,112747 9204,872213 27,384851
12945,112747 9204,872213 27,265220
12995,112747 9204,872213 27,254996
13045,112747 9204,872213 27,341264
13095,112747 9204,872213 27,512383
13145,112747 9204,872213 27,757846
13195,112747 9204,872213 28,068169
13245,112747 9204,872213 28,434787
13295,112747 9204,872213 28,849971
13345,112747 9204,872213 29,306751
13395,112747 9204,872213 29,798852
13445,112747 9204,872213 30,320630
13495,112747 9204,872213 30,867022
13545,112747 9204,872213 31,433490
13595,112747 9204,872213 37,123525
13645,112747 9204,872213 37,852456
13695,112747 9204,872213 38,592918
13745,112747 9204,872213 39,341642
13795,112747 9204,872213 40,095725
13845,112747 9204,872213 40,852598
13895,112747 9204,872213 41,609994
13945,112747 9204,872213 42,365924
13995,112747 9204,872213 43,118644
6545,112747 9254,872213 772,101857
6595,112747 9254,872213 768,006836
6645,112747 9254,872213 752,025085
6695,112747 9254,872213 743,419983
6745,112747 9254,872213 732,514859
6795,112747 9254,872213 719,264560
6845,112747 9254,872213 703,660603
6895,112747 9254,872213 685,734081
6945,112747 9254,872213 665,557034
6995,112747 9254,872213 643,242063
7045,112747 9254,872213 618,940096
7095,112747 9254,872213 592,836375
7145,112747 9254,872213 565,144883
7195,112747 9254,872213 536,101569
7245,112747 9254,872213 505,956810
7295,112747 9254,872213 474,967646
7345,112747 9254,872213 443,390253
7395,112747 9254,872213 411,473139
7445,112747 9254,872213 379,451404
7495,112747 9254,872213 347,542314
7545,112747 9254,872213 315,942325
7595,112747 9254,872213 280,051149
7645,112747 9254,872213 250,118864
7695,112747 9254,872213 220,960759
7745,112747 9254,872213 192,674352
7795,112747 9254,872213 165,341632
7845,112747 9254,872213 139,032916
7895,112747 9254,872213 113,811023
7945,112747 9254,872213 89,735537
7995,112747 9254,872213 66,866991
8045,112747 9254,872213 45,270746
8095,112747 9254,872213 25,020369
8145,112747 9254,872213 6,200268
8195,112747 9254,872213 -11,092649
8245,112747 9254,872213 -26,748565
8295,112747 9254,872213 -40,645809
8345,112747 9254,872213 -52,653580
8395,112747 9254,872213 -62,636405
8445,112747 9254,872213 -70,460252
8495,112747 9254,872213 -76,000010
8545,112747 9254,872213 -79,147794
8595,112747 9254,872213 -79,821332
8645,112747 9254,872213 -77,971520
8695,112747 9254,872213 -73,588192
8745,112747 9254,872213 -66,703292
8795,112747 9254,872213 -57,390900
8845,112747 9254,872213 -45,763957
8895,112747 9254,872213 -31,968014
8945,112747 9254,872213 -16,172688
8995,112747 9254,872213 1,438184
9045,112747 9254,872213 20,676628
9095,112747 9254,872213 41,359832
9145,112747 9254,872213 63,317891
9195,112747 9254,872213 86,399475
9245,112747 9254,872213 110,475208
9295,112747 9254,872213 135,438800
9345,112747 9254,872213 161,206125
9395,112747 9254,872213 187,712581
9445,112747 9254,872213 214,909042
9495,112747 9254,872213 242,756738
9545,112747 9254,872213 271,221340
9595,112747 9254,872213 300,266458
9645,112747 9254,872213 329,846749
9695,112747 9254,872213 359,900796
9745,112747 9254,872213 390,343919
9795,112747 9254,872213 421,061136
9845,112747 9254,872213 451,900543
9895,112747 9254,872213 482,667476
9945,112747 9254,872213 513,119922
9995,112747 9254,872213 542,965742
10045,112747 9254,872213 571,862350
10095,112747 9254,872213 599,419518
10145,112747 9254,872213 625,205897
10195,112747 9254,872213 648,759717
10245,112747 9254,872213 669,603780
10295,112747 9254,872213 687,264472
10345,112747 9254,872213 701,293977
10395,112747 9254,872213 711,294353
10445,112747 9254,872213 716,941601
10495,112747 9254,872213 718,007578
10545,112747 9254,872213 714,377557
10595,112747 9254,872213 706,061477
10645,112747 9254,872213 693,197560
10695,112747 9254,872213 676,047757
10745,112747 9254,872213 654,985430
10795,112747 9254,872213 630,476514
10845,112747 9254,872213 603,056053
10895,112747 9254,872213 573,302356
10945,112747 9254,872213 541,810994
10995,112747 9254,872213 509,170633
11045,112747 9254,872213 475,942173
11095,112747 9254,872213 442,642156
11145,112747 9254,872213 409,730807
11195,112747 9254,872213 377,604621
11245,112747 9254,872213 346,593074
11295,112747 9254,872213 316,958794
11345,112747 9254,872213 288,900443
11395,112747 9254,872213 262,557565
11445,112747 9254,872213 238,016708
11495,112747 9254,872213 215,318229
11545,112747 9254,872213 194,463312
11595,112747 9254,872213 164,157429
11645,112747 9254,872213 146,612707
11695,112747 9254,872213 130,796325
11745,112747 9254,872213 116,612634
11795,112747 9254,872213 103,956043
11845,112747 9254,872213 92,715146
11895,112747 9254,872213 82,776137
11945,112747 9254,872213 74,025591
11995,112747 9254,872213 66,352678
12045,112747 9254,872213 59,650884
12095,112747 9254,872213 53,819289
12145,112747 9254,872213 48,763485
12195,112747 9254,872213 44,396168
12245,112747 9254,872213 40,637449
12295,112747 9254,872213 37,414943
12345,112747 9254,872213 37,471431
12395,112747 9254,872213 35,108919
12445,112747 9254,872213 33,115746
12495,112747 9254,872213 31,447111
12545,112747 9254,872213 30,063868
12595,112747 9254,872213 28,931909
12645,112747 9254,872213 28,021559
12695,112747 9254,872213 27,306986
12745,112747 9254,872213 26,765660
12795,112747 9254,872213 26,377863
12845,112747 9254,872213 26,126260
12895,112747 9254,872213 25,995530
12945,112747 9254,872213 25,972058
12995,112747 9254,872213 26,043677
13045,112747 9254,872213 26,199464
13095,112747 9254,872213 26,429566
13145,112747 9254,872213 26,725072
13195,112747 9254,872213 27,077897
13245,112747 9254,872213 27,480701
13295,112747 9254,872213 27,926808
13345,112747 9254,872213 28,410158
13395,112747 9254,872213 28,925244
13445,112747 9254,872213 29,467074
13495,112747 9254,872213 30,031132
13545,112747 9254,872213 30,613336
13595,112747 9254,872213 36,389432
13645,112747 9254,872213 37,126133
13695,112747 9254,872213 37,873482
13745,112747 9254,872213 38,628434
13795,112747 9254,872213 39,388268
13845,112747 9254,872213 40,150559
13895,112747 9254,872213 40,913157
13945,112747 9254,872213 41,674158
13995,112747 9254,872213 42,431889
6545,112747 9304,872213 789,750657
6595,112747 9304,872213 786,080480
6645,112747 9304,872213 771,752552
6695,112747 9304,872213 763,382354
6745,112747 9304,872213 752,603992
6795,112747 9304,872213 739,365623
6845,112747 9304,872213 723,654841
6895,112747 9304,872213 705,501987
6945,112747 9304,872213 684,981764
6995,112747 9304,872213 662,212905
7045,112747 9304,872213 637,355778
7095,112747 9304,872213 610,608025
7145,112747 9304,872213 582,198448
7195,112747 9304,872213 552,379571
7245,112747 9304,872213 521,419365
7295,112747 9304,872213 489,592722
7345,112747 9304,872213 457,173238
7395,112747 9304,872213 424,425792
7445,112747 9304,872213 391,600327
7495,112747 9304,872213 358,927096
7545,112747 9304,872213 326,613494
7595,112747 9304,872213 289,938497
7645,112747 9304,872213 259,410267
7695,112747 9304,872213 229,730739
7745,112747 9304,872213 200,999987
7795,112747 9304,872213 173,301028
7845,112747 9304,872213 146,703868
7895,112747 9304,872213 121,269803
7945,112747 9304,872213 97,055789
7995,112747 9304,872213 74,118645
8045,112747 9304,872213 52,518920
8095,112747 9304,872213 32,324197
8145,112747 9304,872213 13,611641
8195,112747 9304,872213 -3,530449
8245,112747 9304,872213 -19,002299
8295,112747 9304,872213 -32,693719
8345,112747 9304,872213 -44,486731
8395,112747 9304,872213 -54,259783
8445,112747 9304,872213 -61,893466
8495,112747 9304,872213 -67,277417
8545,112747 9304,872213 -70,317935
8595,112747 9304,872213 -70,945588
8645,112747 9304,872213 -69,122007
8695,112747 9304,872213 -64,845020
8745,112747 9304,872213 -58,151403
8795,112747 9304,872213 -49,116777
8845,112747 9304,872213 -37,852537
8895,112747 9304,872213 -24,500091
8945,112747 9304,872213 -9,223049
8995,112747 9304,872213 7,801782
9045,112747 9304,872213 26,393616
9095,112747 9304,872213 46,376232
9145,112747 9304,872213 67,585116
9195,112747 9304,872213 89,872736
9245,112747 9304,872213 113,111737
9295,112747 9304,872213 137,196073
9345,112747 9304,872213 162,040243
9395,112747 9304,872213 187,576923
9445,112747 9304,872213 213,753272
9495,112747 9304,872213 240,526230
9545,112747 9304,872213 267,857047
9595,112747 9304,872213 295,705268
9645,112747 9304,872213 324,022352
9695,112747 9304,872213 352,745082
9745,112747 9304,872213 381,788929
9795,112747 9304,872213 411,041587
9845,112747 9304,872213 440,356899
9895,112747 9304,872213 469,549534
9945,112747 9304,872213 498,390813
9995,112747 9304,872213 526,606191
10045,112747 9304,872213 553,874961
10095,112747 9304,872213 579,832766
10145,112747 9304,872213 604,077448
10195,112747 9304,872213 626,178637
10245,112747 9304,872213 645,691202
10295,112747 9304,872213 662,172358
10345,112747 9304,872213 675,201740
10395,112747 9304,872213 684,403312
10445,112747 9304,872213 689,467513
10495,112747 9304,872213 690,171761
10545,112747 9304,872213 686,397341
10595,112747 9304,872213 678,140895
10645,112747 9304,872213 665,519182
10695,112747 9304,872213 648,766465
10745,112747 9304,872213 628,224672
10795,112747 9304,872213 604,327259
10845,112747 9304,872213 577,578315
10895,112747 9304,872213 548,528858
10945,112747 9304,872213 517,752347
10995,112747 9304,872213 485,821307
11045,112747 9304,872213 453,286568
11095,112747 9304,872213 420,660181
11145,112747 9304,872213 388,402548
11195,112747 9304,872213 356,913859
11245,112747 9304,872213 326,529573
11295,112747 9304,872213 297,519427
11345,112747 9304,872213 270,089312
11395,112747 9304,872213 244,385326
11445,112747 9304,872213 220,499323
11495,112747 9304,872213 198,475379
11545,112747 9304,872213 178,316650
11595,112747 9304,872213 148,600849
11645,112747 9304,872213 131,813572
11695,112747 9304,872213 116,766139
11745,112747 9304,872213 103,358712
11795,112747 9304,872213 91,480820
11845,112747 9304,872213 81,015737
11895,112747 9304,872213 71,844153
11945,112747 9304,872213 63,847169
11995,112747 9304,872213 56,908717
12045,112747 9304,872213 50,917432
12095,112747 9304,872213 45,768078
12145,112747 9304,872213 41,362559
12195,112747 9304,872213 37,610581
12245,112747 9304,872213 34,430001
12295,112747 9304,872213 31,746923
12345,112747 9304,872213 32,344027
12395,112747 9304,872213 30,454642
12445,112747 9304,872213 28,894483
12495,112747 9304,872213 27,619733
12545,112747 9304,872213 26,592708
12595,112747 9304,872213 25,781151
12645,112747 9304,872213 25,157528
12695,112747 9304,872213 24,698354
12745,112747 9304,872213 24,383565
12795,112747 9304,872213 24,195952
12845,112747 9304,872213 24,120675
12895,112747 9304,872213 24,144834
12945,112747 9304,872213 24,257128
12995,112747 9304,872213 24,447566
13045,112747 9304,872213 24,707241
13095,112747 9304,872213 25,028149
13145,112747 9304,872213 25,403052
13195,112747 9304,872213 25,825370
13245,112747 9304,872213 26,289101
13295,112747 9304,872213 26,788756
13345,112747 9304,872213 27,319310
13395,112747 9304,872213 27,876164
13445,112747 9304,872213 28,455113
13495,112747 9304,872213 29,052319
13545,112747 9304,872213 29,664284
13595,112747 9304,872213 35,529381
13645,112747 9304,872213 36,286252
13695,112747 9304,872213 37,051699
13745,112747 9304,872213 37,823010
13795,112747 9304,872213 38,597745
13845,112747 9304,872213 39,373714
13895,112747 9304,872213 40,148965
13945,112747 9304,872213 40,921761
13995,112747 9304,872213 41,690567
6545,112747 9354,872213 806,450734
6595,112747 9354,872213 803,201725
6645,112747 9354,872213 790,523027
6695,112747 9354,872213 782,398200
6745,112747 9354,872213 771,762879
6795,112747 9354,872213 758,558891
6845,112747 9354,872213 742,770240
6895,112747 9354,872213 724,426816
6945,112747 9354,872213 703,606241
6995,112747 9354,872213 680,433571
7045,112747 9354,872213 655,078741
7095,112747 9354,872213 627,751818
7145,112747 9354,872213 598,696345
7195,112747 9354,872213 568,181217
7245,112747 9354,872213 536,491668
7295,112747 9354,872213 503,919996
7345,112747 9354,872213 470,756648
7395,112747 9354,872213 437,282212
7445,112747 9354,872213 403,760748
7495,112747 9354,872213 370,434722
7545,112747 9354,872213 337,521673
7595,112747 9354,872213 300,166255
7645,112747 9354,872213 269,156428
7695,112747 9354,872213 239,070554
7745,112747 9354,872213 210,010647
7795,112747 9354,872213 182,060162
7845,112747 9354,872213 155,288199
7895,112747 9354,872213 129,753935
7945,112747 9354,872213 105,511051
7995,112747 9354,872213 82,611954
8045,112747 9354,872213 61,111594
8095,112747 9354,872213 41,070695
8145,112747 9354,872213 22,558194
8195,112747 9354,872213 5,652700
8245,112747 9354,872213 -9,557216
8295,112747 9354,872213 -22,974063
8345,112747 9354,872213 -34,493910
8395,112747 9354,872213 -44,010315
8445,112747 9354,872213 -51,419574
8495,112747 9354,872213 -56,627011
8545,112747 9354,872213 -59,553835
8595,112747 9354,872213 -60,143933
8645,112747 9354,872213 -58,369881
8695,112747 9354,872213 -54,237430
8745,112747 9354,872213 -47,787834
8795,112747 9354,872213 -39,097647
8845,112747 9354,872213 -28,275873
8895,112747 9354,872213 -15,458745
8945,112747 9354,872213 -0,802672
8995,112747 9354,872213 15,523860
9045,112747 9354,872213 33,348611
9095,112747 9354,872213 52,503306
9145,112747 9354,872213 72,830137
9195,112747 9354,872213 94,186597
9245,112747 9354,872213 116,448452
9295,112747 9354,872213 139,510849
9345,112747 9354,872213 163,287694
9395,112747 9354,872213 187,709549
9445,112747 9354,872213 212,720298
9495,112747 9354,872213 238,272866
9545,112747 9354,872213 264,324218
9595,112747 9354,872213 290,829843
9645,112747 9354,872213 317,737906
9695,112747 9354,872213 344,983211
9745,112747 9354,872213 372,481155
9795,112747 9354,872213 400,121837
9845,112747 9354,872213 427,764587
9895,112747 9354,872213 455,233178
9945,112747 9354,872213 482,312114
9995,112747 9354,872213 508,744427
10045,112747 9354,872213 534,231467
10095,112747 9354,872213 558,435191
10145,112747 9354,872213 580,983425
10195,112747 9354,872213 601,478409
10245,112747 9354,872213 619,508780
10295,112747 9354,872213 634,664787
10345,112747 9354,872213 646,556209
10395,112747 9354,872213 654,831999
10445,112747 9354,872213 659,200339
10495,112747 9354,872213 659,447472
10545,112747 9354,872213 655,453628
10595,112747 9354,872213 647,204417
10645,112747 9354,872213 634,796439
10695,112747 9354,872213 618,436410
10745,112747 9354,872213 598,433716
10795,112747 9354,872213 575,187039
10845,112747 9354,872213 549,166249
10895,112747 9354,872213 520,891155
10945,112747 9354,872213 490,908919
10995,112747 9354,872213 459,771852
11045,112747 9354,872213 428,017083
11095,112747 9354,872213 396,149228
11145,112747 9354,872213 364,626733
11195,112747 9354,872213 333,852189
11245,112747 9354,872213 304,166514
11295,112747 9354,872213 275,846668
11345,112747 9354,872213 249,106353
11395,112747 9354,872213 224,099097
11445,112747 9354,872213 200,923076
11495,112747 9354,872213 179,627092
11545,112747 9354,872213 160,217183
11595,112747 9354,872213 131,161955
11645,112747 9354,872213 115,189832
11695,112747 9354,872213 100,969402
11745,112747 9354,872213 88,396879
11795,112747 9354,872213 77,357010
11845,112747 9354,872213 67,727746
11895,112747 9354,872213 59,384186
11945,112747 9354,872213 52,201832
11995,112747 9354,872213 46,059216
12045,112747 9354,872213 40,839969
12095,112747 9354,872213 36,434374
12145,112747 9354,872213 32,740495
12195,112747 9354,872213 29,664895
12245,112747 9354,872213 27,123031
12295,112747 9354,872213 25,039343
12345,112747 9354,872213 26,208009
12395,112747 9354,872213 24,850864
12445,112747 9354,872213 23,781790
12495,112747 9354,872213 22,957753
12545,112747 9354,872213 22,342324
12595,112747 9354,872213 21,904890
12645,112747 9354,872213 21,619866
12695,112747 9354,872213 21,465930
12745,112747 9354,872213 21,425328
12795,112747 9354,872213 21,483235
12845,112747 9354,872213 21,627207
12895,112747 9354,872213 21,846707
12945,112747 9354,872213 22,132718
12995,112747 9354,872213 22,477427
13045,112747 9354,872213 22,873977
13095,112747 9354,872213 23,316268
13145,112747 9354,872213 23,798816
13195,112747 9354,872213 24,316641
13245,112747 9354,872213 24,865188
13295,112747 9354,872213 25,440267
13345,112747 9354,872213 26,038017
13395,112747 9354,872213 26,654868
13445,112747 9354,872213 27,287526
13495,112747 9354,872213 27,932955
13545,112747 9354,872213 28,588362
13595,112747 9354,872213 34,544483
13645,112747 9354,872213 35,333717
13695,112747 9354,872213 36,128303
13745,112747 9354,872213 36,925964
13795,112747 9354,872213 37,724634
13845,112747 9354,872213 38,522448
13895,112747 9354,872213 39,317730
13945,112747 9354,872213 40,108984
13995,112747 9354,872213 40,894882
6545,112747 9404,872213 821,986101
6595,112747 9404,872213 819,144129
6645,112747 9404,872213 808,074320
6695,112747 9404,872213 800,197160
6745,112747 9404,872213 789,714788
6795,112747 9404,872213 776,563302
6845,112747 9404,872213 760,723642
6895,112747 9404,872213 742,225667
6945,112747 9404,872213 721,150212
6995,112747 9404,872213 697,628809
7045,112747 9404,872213 671,840935
7095,112747 9404,872213 644,008883
7145,112747 9404,872213 614,390544
7195,112747 9404,872213 583,270613
7245,112747 9404,872213 550,950842
7295,112747 9404,872213 517,740039
7345,112747 9404,872213 483,944497
7395,112747 9404,872213 449,859431
7445,112747 9404,872213 415,761896
7495,112747 9404,872213 381,905450
7545,112747 9404,872213 348,516691
7595,112747 9404,872213 310,594137
7645,112747 9404,872213 279,223094
7695,112747 9404,872213 248,849849
7745,112747 9404,872213 219,577661
7795,112747 9404,872213 191,489783
7845,112747 9404,872213 164,653815
7895,112747 9404,872213 139,126234
7945,112747 9404,872213 114,956861
7995,112747 9404,872213 92,193081
8045,112747 9404,872213 70,883599
8095,112747 9404,872213 51,081579
8145,112747 9404,872213 32,846990
8195,112747 9404,872213 16,247973
8245,112747 9404,872213 1,361100
8295,112747 9404,872213 -11,729608
8345,112747 9404,872213 -22,934992
8395,112747 9404,872213 -32,164341
8445,112747 9404,872213 -39,330152
8495,112747 9404,872213 -44,353764
8545,112747 9404,872213 -47,171445
8595,112747 9404,872213 -47,740367
8645,112747 9404,872213 -46,043840
8695,112747 9404,872213 -42,095165
8745,112747 9404,872213 -35,939576
8795,112747 9404,872213 -27,653951
8845,112747 9404,872213 -17,344208
8895,112747 9404,872213 -5,140634
8945,112747 9404,872213 8,808389
8995,112747 9404,872213 24,343581
9045,112747 9404,872213 41,302162
9095,112747 9404,872213 59,524747
9145,112747 9404,872213 78,861176
9195,112747 9404,872213 99,174885
9245,112747 9404,872213 120,345635
9295,112747 9404,872213 142,270567
9345,112747 9404,872213 164,863709
9395,112747 9404,872213 188,054120
9445,112747 9404,872213 211,782916
9495,112747 9404,872213 235,999404
9545,112747 9404,872213 260,656550
9595,112747 9404,872213 285,705977
9645,112747 9404,872213 311,092646
9695,112747 9404,872213 336,749386
9745,112747 9404,872213 362,591429
9795,112747 9404,872213 388,511126
9845,112747 9404,872213 414,373051
9895,112747 9404,872213 440,009783
9945,112747 9404,872213 465,218665
9995,112747 9404,872213 489,759934
10045,112747 9404,872213 513,356639
10095,112747 9404,872213 535,696774
10145,112747 9404,872213 556,438003
10195,112747 9404,872213 575,215273
10245,112747 9404,872213 591,651399
10295,112747 9404,872213 605,370499
10345,112747 9404,872213 616,013799
10395,112747 9404,872213 623,257042
10445,112747 9404,872213 626,828383
10495,112747 9404,872213 626,525435
10545,112747 9404,872213 622,230002
10595,112747 9404,872213 613,919115
10645,112747 9404,872213 601,671210
10695,112747 9404,872213 585,666708
10745,112747 9404,872213 566,182795
10795,112747 9404,872213 543,582735
10845,112747 9404,872213 518,300603
10895,112747 9404,872213 490,822694
10945,112747 9404,872213 461,667100
10995,112747 9404,872213 431,363010
11045,112747 9404,872213 400,431110
11095,112747 9404,872213 369,366261
11145,112747 9404,872213 338,623230
11195,112747 9404,872213 308,605937
11245,112747 9404,872213 279,660334
11295,112747 9404,872213 252,070716
11345,112747 9404,872213 226,059119
11395,112747 9404,872213 201,787264
11445,112747 9404,872213 179,360501
11495,112747 9404,872213 158,833176
11545,112747 9404,872213 140,214888
11595,112747 9404,872213 111,895200
11645,112747 9404,872213 96,790512
11695,112747 9404,872213 83,451630
11745,112747 9404,872213 71,770736
11795,112747 9404,872213 61,627571
11845,112747 9404,872213 52,894438
11895,112747 9404,872213 45,440466
11945,112747 9404,872213 39,135154
11995,112747 9404,872213 33,851243
12045,112747 9404,872213 29,466991
12095,112747 9404,872213 25,867882
12145,112747 9404,872213 22,947856
12195,112747 9404,872213 20,610104
12245,112747 9404,872213 18,767481
12295,112747 9404,872213 17,342593
12345,112747 9404,872213 19,113101
12395,112747 9404,872213 18,345706
12445,112747 9404,872213 17,823794
12495,112747 9404,872213 17,504978
12545,112747 9404,872213 17,353952
12595,112747 9404,872213 17,341619
12645,112747 9404,872213 17,444213
12695,112747 9404,872213 17,642470
12745,112747 9404,872213 17,920846
12795,112747 9404,872213 18,266823
12845,112747 9404,872213 18,670298
12895,112747 9404,872213 19,123064
12945,112747 9404,872213 19,618383
12995,112747 9404,872213 20,150637
13045,112747 9404,872213 20,715053
13095,112747 9404,872213 21,307494
13145,112747 9404,872213 21,924305
13195,112747 9404,872213 22,562192
13245,112747 9404,872213 23,218144
13295,112747 9404,872213 23,889377
13345,112747 9404,872213 24,573301
13395,112747 9404,872213 25,267489
13445,112747 9404,872213 25,969671
13495,112747 9404,872213 26,677723
13545,112747 9404,872213 27,389661
13595,112747 9404,872213 33,437909
13645,112747 9404,872213 34,271270
13695,112747 9404,872213 35,105670
13745,112747 9404,872213 35,939356
13795,112747 9404,872213 36,770724
13845,112747 9404,872213 37,598314
13895,112747 9404,872213 38,420805
13945,112747 9404,872213 39,237009
13995,112747 9404,872213 40,045867
6545,112747 9454,872213 836,144828
6595,112747 9454,872213 833,685199
6645,112747 9454,872213 824,145486
6695,112747 9454,872213 816,509804
6745,112747 9454,872213 806,183621
6795,112747 9454,872213 793,098157
6845,112747 9454,872213 777,232004
6895,112747 9454,872213 758,615528
6945,112747 9454,872213 737,333100
6995,112747 9454,872213 713,522802
7045,112747 9454,872213 687,373466
7095,112747 9454,872213 659,119144
7145,112747 9454,872213 629,031346
7195,112747 9454,872213 597,409585
7245,112747 9454,872213 564,570943
7295,112747 9454,872213 530,839389
7345,112747 9454,872213 496,535600
7395,112747 9454,872213 461,967913
7445,112747 9454,872213 427,424873
7495,112747 9454,872213 393,169681
7545,112747 9454,872213 359,436639
7595,112747 9454,872213 321,068242
7645,112747 9454,872213 289,460429
7695,112747 9454,872213 258,920671
7745,112747 9454,872213 229,552732
7795,112747 9454,872213 201,439020
7845,112747 9454,872213 174,645070
7895,112747 9454,872213 149,224143
7945,112747 9454,872213 125,221721
7995,112747 9454,872213 102,679690
8045,112747 9454,872213 81,640038
8095,112747 9454,872213 62,147898
8145,112747 9454,872213 44,253798
8195,112747 9454,872213 28,014966
8245,112747 9454,872213 13,495572
8295,112747 9454,872213 0,765836
8345,112747 9454,872213 -10,100076
8395,112747 9454,872213 -19,027278
8445,112747 9454,872213 -25,944410
8495,112747 9454,872213 -30,788613
8545,112747 9454,872213 -33,510857
8595,112747 9454,872213 -34,081125
8645,112747 9454,872213 -32,492904
8695,112747 9454,872213 -28,766449
8745,112747 9454,872213 -22,950380
8795,112747 9454,872213 -15,121324
8845,112747 9454,872213 -5,381580
8895,112747 9454,872213 6,145014
8945,112747 9454,872213 19,318586
8995,112747 9454,872213 33,989550
9045,112747 9454,872213 50,005096
9095,112747 9454,872213 67,215276
9145,112747 9454,872213 85,478165
9195,112747 9454,872213 104,663764
9245,112747 9454,872213 124,656471
9295,112747 9454,872213 145,356068
9345,112747 9454,872213 166,677334
9395,112747 9454,872213 188,548423
9445,112747 9454,872213 210,908226
9495,112747 9454,872213 233,702919
9545,112747 9454,872213 256,881888
9595,112747 9454,872213 280,393225
9645,112747 9454,872213 304,178941
9695,112747 9454,872213 328,170046
9745,112747 9454,872213 352,281664
9795,112747 9454,872213 376,408328
9845,112747 9454,872213 400,419666
9895,112747 9454,872213 424,156725
9945,112747 9454,872213 447,429196
9995,112747 9454,872213 470,013882
10045,112747 9454,872213 491,654763
10095,112747 9454,872213 512,064999
10145,112747 9454,872213 530,931194
10195,112747 9454,872213 547,920157
10245,112747 9454,872213 562,688218
10295,112747 9454,872213 574,892992
10345,112747 9454,872213 584,207216
10395,112747 9454,872213 590,334010
10445,112747 9454,872213 593,022667
10495,112747 9454,872213 592,083877
10545,112747 9454,872213 587,403163
10595,112747 9454,872213 578,951354
10645,112747 9454,872213 566,791064
10695,112747 9454,872213 551,078466
10745,112747 9454,872213 532,060026
10795,112747 9454,872213 510,064344
10845,112747 9454,872213 485,489658
10895,112747 9454,872213 458,787965
10945,112747 9454,872213 430,446936
10995,112747 9454,872213 400,970953
11045,112747 9454,872213 370,862515
11095,112747 9454,872213 340,605164
11145,112747 9454,872213 310,648796
11195,112747 9454,872213 281,397949
11245,112747 9454,872213 253,203379
11295,112747 9454,872213 226,356931
11345,112747 9454,872213 201,089496
11395,112747 9454,872213 177,571693
11445,112747 9454,872213 155,916781
11495,112747 9454,872213 136,185291
11545,112747 9454,872213 118,390835
11595,112747 9454,872213 90,886942
11645,112747 9454,872213 76,695712
11695,112747 9454,872213 64,288586
11745,112747 9454,872213 53,553289
11795,112747 9454,872213 44,363991
11845,112747 9454,872213 36,586695
11895,112747 9454,872213 30,083871
11945,112747 9454,872213 24,718334
11995,112747 9454,872213 20,356407
12045,112747 9454,872213 16,870411
12095,112747 9454,872213 14,140552
12145,112747 9454,872213 12,056263
12195,112747 9454,872213 10,517052
12245,112747 9454,872213 9,432943
12295,112747 9454,872213 8,724537
12345,112747 9454,872213 11,126119
12395,112747 9454,872213 11,003239
12445,112747 9454,872213 11,081471
12495,112747 9454,872213 11,319014
12545,112747 9454,872213 11,681627
12595,112747 9454,872213 12,141672
12645,112747 9454,872213 12,677158
12695,112747 9454,872213 13,270828
12745,112747 9454,872213 13,909312
12795,112747 9454,872213 14,582370
12845,112747 9454,872213 15,282223
12895,112747 9454,872213 16,002994
12945,112747 9454,872213 16,740233
12995,112747 9454,872213 17,490544
13045,112747 9454,872213 18,251283
13095,112747 9454,872213 19,020333
13145,112747 9454,872213 19,795931
13195,112747 9454,872213 20,576549
13245,112747 9454,872213 21,360805
13295,112747 9454,872213 22,147415
13345,112747 9454,872213 22,935152
13395,112747 9454,872213 23,722832
13445,112747 9454,872213 24,509305
13495,112747 9454,872213 25,293454
13545,112747 9454,872213 26,074202
13595,112747 9454,872213 32,214775
13645,112747 9454,872213 33,103399
13695,112747 9454,872213 33,987735
13745,112747 9454,872213 34,866640
13795,112747 9454,872213 35,739052
13845,112747 9454,872213 36,603986
13895,112747 9454,872213 37,460545
13945,112747 9454,872213 38,307913
13995,112747 9454,872213 39,145358
6545,112747 9504,872213 848,725679
6595,112747 9504,872213 846,613565
6645,112747 9504,872213 838,485601
6695,112747 9504,872213 831,076906
6745,112747 9504,872213 820,903626
6795,112747 9504,872213 807,893196
6845,112747 9504,872213 792,022750
6895,112747 9504,872213 773,323795
6945,112747 9504,872213 751,884565
6995,112747 9504,872213 727,849671
7045,112747 9504,872213 701,416918
7095,112747 9504,872213 672,831365
7145,112747 9504,872213 642,377044
7195,112747 9504,872213 610,366894
7245,112747 9504,872213 577,131688
7295,112747 9504,872213 543,008751
7345,112747 9504,872213 508,331251
7395,112747 9504,872213 473,418734
7445,112747 9504,872213 438,569384
7495,112747 9504,872213 404,054309
7545,112747 9504,872213 370,113931
7595,112747 9504,872213 331,426832
7645,112747 9504,872213 299,708731
7695,112747 9504,872213 269,123245
7745,112747 9504,872213 239,773896
7795,112747 9504,872213 211,741651
7845,112747 9504,872213 185,089484
7895,112747 9504,872213 159,867033
7945,112747 9504,872213 136,115089
7995,112747 9504,872213 113,869739
8045,112747 9504,872213 93,165988
8095,112747 9504,872213 74,040712
8145,112747 9504,872213 56,534820
8195,112747 9504,872213 40,694512
8245,112747 9504,872213 26,571539
8295,112747 9504,872213 14,222410
8345,112747 9504,872213 3,706533
8395,112747 9504,872213 -4,916651
8445,112747 9504,872213 -11,591394
8495,112747 9504,872213 -16,269974
8545,112747 9504,872213 -18,917296
8595,112747 9504,872213 -19,515337
8645,112747 9504,872213 -18,066951
8695,112747 9504,872213 -14,598605
8745,112747 9504,872213 -9,161656
8795,112747 9504,872213 -1,831978
8845,112747 9504,872213 7,292123
8895,112747 9504,872213 18,093512
8945,112747 9504,872213 30,441007
8995,112747 9504,872213 44,194853
9045,112747 9504,872213 59,212367
9095,112747 9504,872213 75,353235
9145,112747 9504,872213 92,484037
9195,112747 9504,872213 110,481693
9245,112747 9504,872213 129,235662
9295,112747 9504,872213 148,648863
9345,112747 9504,872213 168,637360
9395,112747 9504,872213 189,128965
9445,112747 9504,872213 210,060908
9495,112747 9504,872213 231,376780
9545,112747 9504,872213 253,022895
9595,112747 9504,872213 274,944269
9645,112747 9504,872213 297,080342
9695,112747 9504,872213 319,360594
9745,112747 9504,872213 341,700205
9795,112747 9504,872213 363,995914
9845,112747 9504,872213 386,122254
9895,112747 9504,872213 407,928382
9945,112747 9504,872213 429,235756
9995,112747 9504,872213 449,836917
10045,112747 9504,872213 469,495699
10095,112747 9504,872213 487,949125
10145,112747 9504,872213 504,911268
10195,112747 9504,872213 520,079238
10245,112747 9504,872213 533,141357
10295,112747 9504,872213 543,787408
10345,112747 9504,872213 551,720664
10395,112747 9504,872213 556,671161
10445,112747 9504,872213 558,409512
10495,112747 9504,872213 556,760356
10545,112747 9504,872213 551,614474
10595,112747 9504,872213 542,938571
10645,112747 9504,872213 530,781854
10695,112747 9504,872213 515,278726
10745,112747 9504,872213 496,647201
10795,112747 9504,872213 475,183030
10845,112747 9504,872213 451,249816
10895,112747 9504,872213 425,265801
10945,112747 9504,872213 397,688180
10995,112747 9504,872213 368,996027
11045,112747 9504,872213 339,672924
11095,112747 9504,872213 310,190355
11145,112747 9504,872213 280,992780
11195,112747 9504,872213 252,485093
11245,112747 9504,872213 225,022944
11295,112747 9504,872213 198,906121
11345,112747 9504,872213 174,374993
11395,112747 9504,872213 151,609792
11445,112747 9504,872213 130,732361
11495,112747 9504,872213 111,809925
11545,112747 9504,872213 94,860375
11595,112747 9504,872213 68,258374
11645,112747 9504,872213 55,019471
11695,112747 9504,872213 43,588986
11745,112747 9504,872213 33,849425
11795,112747 9504,872213 25,668478
11845,112747 9504,872213 18,904868
11895,112747 9504,872213 13,413418
11945,112747 9504,872213 9,049318
11995,112747 9504,872213 5,671613
12045,112747 9504,872213 3,145953
12095,112747 9504,872213 1,346656
12145,112747 9504,872213 0,158164
12195,112747 9504,872213 -0,524049
12245,112747 9504,872213 -0,793043
12295,112747 9504,872213 -0,730381
12345,112747 9504,872213 2,329890
12395,112747 9504,872213 2,902296
12445,112747 9504,872213 3,629395
12495,112747 9504,872213 4,469979
12545,112747 9504,872213 5,390890
12595,112747 9504,872213 6,365967
12645,112747 9504,872213 7,375011
12695,112747 9504,872213 8,402788
12745,112747 9504,872213 9,438116
12795,112747 9504,872213 10,473048
12845,112747 9504,872213 11,502149
12895,112747 9504,872213 12,521890
12945,112747 9504,872213 13,530140
12995,112747 9504,872213 14,525761
13045,112747 9504,872213 15,508283
13095,112747 9504,872213 16,477657
13145,112747 9504,872213 17,434077
13195,112747 9504,872213 18,377842
13245,112747 9504,872213 19,309277
13295,112747 9504,872213 20,228668
13345,112747 9504,872213 21,136235
13395,112747 9504,872213 22,032114
13445,112747 9504,872213 22,916358
13495,112747 9504,872213 23,788941
13545,112747 9504,872213 24,649770
13595,112747 9504,872213 30,881994
13645,112747 9504,872213 31,836204
13695,112747 9504,872213 32,779884
13745,112747 9504,872213 33,712575
13795,112747 9504,872213 34,633822
13845,112747 9504,872213 35,543185
13895,112747 9504,872213 36,440246
13945,112747 9504,872213 37,324618
13995,112747 9504,872213 38,195949
6545,112747 9554,872213 859,544866
6595,112747 9554,872213 857,736287
6645,112747 9554,872213 850,862940
6695,112747 9554,872213 843,659158
6745,112747 9554,872213 833,629581
6795,112747 9554,872213 820,699159
6845,112747 9554,872213 804,844603
6895,112747 9554,872213 786,099260
6945,112747 9554,872213 764,555528
6995,112747 9554,872213 740,364410
7045,112747 9554,872213 713,732076
7095,112747 9554,872213 684,913550
7145,112747 9554,872213 654,203925
7195,112747 9554,872213 621,927762
7245,112747 9554,872213 588,427464
7295,112747 9554,872213 554,051484
7345,112747 9554,872213 519,143191
7395,112747 9554,872213 484,031082
7445,112747 9554,872213 449,020835
7495,112747 9554,872213 414,389493
7545,112747 9554,872213 380,381847
7595,112747 9554,872213 341,506668
7645,112747 9554,872213 309,804745
7695,112747 9554,872213 279,292384
7745,112747 9554,872213 250,072168
7795,112747 9554,872213 222,223090
7845,112747 9554,872213 195,805181
7895,112747 9554,872213 170,864178
7945,112747 9554,872213 147,435996
7995,112747 9554,872213 125,550811
8045,112747 9554,872213 105,236600
8095,112747 9554,872213 86,522005
8145,112747 9554,872213 69,438428
8195,112747 9554,872213 54,021248
8245,112747 9554,872213 40,310125
8295,112747 9554,872213 28,348327
8345,112747 9554,872213 18,181122
8395,112747 9554,872213 9,853277
8445,112747 9554,872213 3,405843
8495,112747 9554,872213 -1,127582
8545,112747 9554,872213 -3,724775
8595,112747 9554,872213 -4,378652
8645,112747 9554,872213 -3,100462
8695,112747 9554,872213 0,077954
8745,112747 9554,872213 5,103133
8795,112747 9554,872213 11,900387
8845,112747 9554,872213 20,375622
8895,112747 9554,872213 30,418449
8945,112747 9554,872213 41,906294
8995,112747 9554,872213 54,709092
9045,112747 9554,872213 68,694144
9095,112747 9554,872213 83,730686
9145,112747 9554,872213 99,693808
9195,112747 9554,872213 116,467466
9245,112747 9554,872213 133,946425
9295,112747 9554,872213 152,037086
9345,112747 9554,872213 170,657246
9395,112747 9554,872213 189,734885
9445,112747 9554,872213 209,206134
9495,112747 9554,872213 229,012572
9545,112747 9554,872213 249,098014
9595,112747 9554,872213 269,404931
9645,112747 9554,872213 289,870665
9695,112747 9554,872213 310,423545
9745,112747 9554,872213 330,979062
9795,112747 9554,872213 351,436252
9845,112747 9554,872213 371,674438
9895,112747 9554,872213 391,550536
9945,112747 9554,872213 410,897130
9995,112747 9554,872213 429,521550
10045,112747 9554,872213 447,206204
10095,112747 9554,872213 463,710386
10145,112747 9554,872213 478,773767
10195,112747 9554,872213 492,121695
10245,112747 9554,872213 503,472349
10295,112747 9554,872213 512,545638
10345,112747 9554,872213 519,073600
10395,112747 9554,872213 522,811894
10445,112747 9554,872213 523,551796
10495,112747 9554,872213 521,131999
10545,112747 9554,872213 515,449446
10595,112747 9554,872213 506,468371
10645,112747 9554,872213 494,226816
10695,112747 9554,872213 478,840015
10745,112747 9554,872213 460,500224
10795,112747 9554,872213 439,472851
10845,112747 9554,872213 416,088980
10895,112747 9554,872213 390,734674
10945,112747 9554,872213 363,837676
10995,112747 9554,872213 335,852300
11045,112747 9554,872213 307,243424
11095,112747 9554,872213 278,470544
11145,112747 9554,872213 249,972784
11195,112747 9554,872213 222,155649
11245,112747 9554,872213 195,380152
11295,112747 9554,872213 169,954700
11345,112747 9554,872213 146,129941
11395,112747 9554,872213 124,096527
11445,112747 9554,872213 103,985570
11495,112747 9554,872213 85,871436
11545,112747 9554,872213 69,776407
11595,112747 9554,872213 44,168352
11645,112747 9554,872213 31,912550
11695,112747 9554,872213 21,497130
11745,112747 9554,872213 12,798292
11795,112747 9554,872213 5,676029
11845,112747 9554,872213 -0,019501
11895,112747 9554,872213 -4,442385
11945,112747 9554,872213 -7,746239
11995,112747 9554,872213 -10,080341
12045,112747 9554,872213 -11,586604
12095,112747 9554,872213 -12,397310
12145,112747 9554,872213 -12,633548
12195,112747 9554,872213 -12,404262
12245,112747 9554,872213 -11,805841
12295,112747 9554,872213 -10,922146
12345,112747 9554,872213 -7,177961
12395,112747 9554,872213 -5,864823
12445,112747 9554,872213 -4,445612
12495,112747 9554,872213 -2,960864
12545,112747 9554,872213 -1,442572
12595,112747 9554,872213 0,084666
12645,112747 9554,872213 1,602516
12695,112747 9554,872213 3,097835
12745,112747 9554,872213 4,561688
12795,112747 9554,872213 5,988470
12845,112747 9554,872213 7,375132
12895,112747 9554,872213 8,720536
12945,112747 9554,872213 10,024910
12995,112747 9554,872213 11,289413
13045,112747 9554,872213 12,515788
13095,112747 9554,872213 13,706105
13145,112747 9554,872213 14,862558
13195,112747 9554,872213 15,987332
13245,112747 9554,872213 17,082510
13295,112747 9554,872213 18,150010
13345,112747 9554,872213 19,191559
13395,112747 9554,872213 20,208680
13445,112747 9554,872213 21,202691
13495,112747 9554,872213 22,174722
13545,112747 9554,872213 23,125726
13595,112747 9554,872213 29,448100
13645,112747 9554,872213 30,477246
13695,112747 9554,872213 31,488820
13745,112747 9554,872213 32,483105
13795,112747 9554,872213 33,460311
13845,112747 9554,872213 34,420594
13895,112747 9554,872213 35,364068
13945,112747 9554,872213 36,290825
13995,112747 9554,872213 37,200935
6545,112747 9604,872213 868,442508
6595,112747 9604,872213 866,885836
6645,112747 9604,872213 861,073975
6695,112747 9604,872213 854,046680
6745,112747 9604,872213 844,146738
6795,112747 9604,872213 831,298072
6845,112747 9604,872213 815,478108
6895,112747 9604,872213 796,722758
6945,112747 9604,872213 775,128819
6995,112747 9604,872213 750,853398
7045,112747 9604,872213 724,110209
7095,112747 9604,872213 695,162891
7145,112747 9604,872213 664,315797
7195,112747 9604,872213 631,902937
7245,112747 9604,872213 598,275900
7295,112747 9604,872213 563,791683
7345,112747 9604,872213 528,801241
7395,112747 9604,872213 493,639488
7445,112747 9604,872213 458,617227
7495,112747 9604,872213 424,015306
7545,112747 9604,872213 390,081035
7595,112747 9604,872213 351,149377
7645,112747 9604,872213 319,588071
7695,112747 9604,872213 289,264045
7745,112747 9604,872213 260,278323
7795,112747 9604,872213 232,707501
7845,112747 9604,872213 206,608407
7895,112747 9604,872213 182,022754
7945,112747 9604,872213 158,981567
7995,112747 9604,872213 137,509194
8045,112747 9604,872213 117,626755
8095,112747 9604,872213 99,354927
8145,112747 9604,872213 82,715973
8195,112747 9604,872213 67,734946
8245,112747 9604,872213 54,440040
8295,112747 9604,872213 42,862064
8345,112747 9604,872213 33,033070
8395,112747 9604,872213 24,984228
8445,112747 9604,872213 18,743073
8495,112747 9604,872213 14,330334
8545,112747 9604,872213 11,756623
8595,112747 9604,872213 11,019283
8645,112747 9604,872213 12,099727
8695,112747 9604,872213 14,961590
8745,112747 9604,872213 19,549917
8795,112747 9604,872213 25,791541
8845,112747 9604,872213 33,596666
8895,112747 9604,872213 42,861523
8945,112747 9604,872213 53,471865
8995,112747 9604,872213 65,306959
9045,112747 9604,872213 78,243725
9095,112747 9604,872213 92,160638
9145,112747 9604,872213 106,941099
9195,112747 9604,872213 122,476036
9245,112747 9604,872213 138,665601
9295,112747 9604,872213 155,419904
9345,112747 9604,872213 172,658828
9395,112747 9604,872213 190,310981
9445,112747 9604,872213 208,311930
9495,112747 9604,872213 226,601826
9545,112747 9604,872213 245,122574
9595,112747 9604,872213 263,814688
9645,112747 9604,872213 282,613936
9695,112747 9604,872213 301,447935
9745,112747 9604,872213 320,232799
9795,112747 9604,872213 338,870000
9845,112747 9604,872213 357,243571
9895,112747 9604,872213 375,217835
9945,112747 9604,872213 392,635842
9995,112747 9604,872213 409,318693
10045,112747 9604,872213 425,065982
10095,112747 9604,872213 439,657508
10145,112747 9604,872213 452,856433
10195,112747 9604,872213 464,413972
10245,112747 9604,872213 474,075637
10295,112747 9604,872213 481,588946
10345,112747 9604,872213 486,712394
10395,112747 9604,872213 489,225352
10445,112747 9604,872213 488,938455
10495,112747 9604,872213 485,703913
10545,112747 9604,872213 479,425141
10595,112747 9604,872213 470,065062
10645,112747 9604,872213 457,652469
10695,112747 9604,872213 442,285913
10745,112747 9604,872213 424,134699
10795,112747 9604,872213 403,436750
10845,112747 9604,872213 380,493293
10895,112747 9604,872213 355,660508
10945,112747 9604,872213 329,338515
10995,112747 9604,872213 301,958242
11045,112747 9604,872213 273,966878
11095,112747 9604,872213 245,812724
11145,112747 9604,872213 217,930291
11195,112747 9604,872213 190,726472
11245,112747 9604,872213 164,568533
11295,112747 9604,872213 139,774506
11345,112747 9604,872213 116,606358
11395,112747 9604,872213 95,266131
11445,112747 9604,872213 75,894974
11495,112747 9604,872213 58,574838
11545,112747 9604,872213 43,332436
11595,112747 9604,872213 18,815804
11645,112747 9604,872213 7,564816
11695,112747 9604,872213 -1,804871
11745,112747 9604,872213 -9,424699
11795,112747 9604,872213 -15,443872
11845,112747 9604,872213 -20,022331
11895,112747 9604,872213 -23,324566
11945,112747 9604,872213 -25,514366
11995,112747 9604,872213 -26,750533
12045,112747 9604,872213 -27,183531
12095,112747 9604,872213 -26,953023
12145,112747 9604,872213 -26,186196
12195,112747 9604,872213 -24,996800
12245,112747 9604,872213 -23,484771
12295,112747 9604,872213 -21,736361
12345,112747 9604,872213 -17,286391
12395,112747 9604,872213 -15,193796
12445,112747 9604,872213 -13,045946
12495,112747 9604,872213 -10,882572
12545,112747 9604,872213 -8,734361
12595,112747 9604,872213 -6,624214
12645,112747 9604,872213 -4,568481
12695,112747 9604,872213 -2,578107
12745,112747 9604,872213 -0,659690
12795,112747 9604,872213 1,183577
12845,112747 9604,872213 2,951096
12895,112747 9604,872213 4,644169
12945,112747 9604,872213 6,265423
12995,112747 9604,872213 7,818353
13045,112747 9604,872213 9,306955
13095,112747 9604,872213 10,735445
13145,112747 9604,872213 12,108058
13195,112747 9604,872213 13,428900
13245,112747 9604,872213 14,701851
13295,112747 9604,872213 15,930503
13345,112747 9604,872213 17,118134
13395,112747 9604,872213 18,267696
13445,112747 9604,872213 19,381821
13495,112747 9604,872213 20,462840
13545,112747 9604,872213 21,512801
13595,112747 9604,872213 27,923053
13645,112747 9604,872213 29,035381
13695,112747 9604,872213 30,122417
13745,112747 9604,872213 31,185233
13795,112747 9604,872213 32,224750
13845,112747 9604,872213 33,241761
13895,112747 9604,872213 34,236957
13945,112747 9604,872213 35,210941
13995,112747 9604,872213 36,164248
6545,112747 9654,872213 875,288359
6595,112747 9654,872213 873,926270
6645,112747 9654,872213 868,951531
6695,112747 9654,872213 862,067614
6745,112747 9654,872213 852,279777
6795,112747 9654,872213 839,512478
6845,112747 9654,872213 823,745033
6895,112747 9654,872213 805,016615
6945,112747 9654,872213 783,428567
6995,112747 9654,872213 759,143645
7045,112747 9654,872213 732,382049
7095,112747 9654,872213 703,414418
7145,112747 9654,872213 672,552260
7195,112747 9654,872213 640,136541
7245,112747 9654,872213 606,525301
7295,112747 9654,872213 572,081216
7345,112747 9654,872213 537,159979
7395,112747 9654,872213 502,100199
7445,112747 9654,872213 467,215309
7495,112747 9654,872213 432,787750
7545,112747 9654,872213 399,065471
7595,112747 9654,872213 360,207393
7645,112747 9654,872213 328,907181
7695,112747 9654,872213 298,881509
7745,112747 9654,872213 270,229317
7795,112747 9654,872213 243,024504
7845,112747 9654,872213 217,320574
7895,112747 9654,872213 193,155248
7945,112747 9654,872213 170,554815
7995,112747 9654,872213 149,538059
8045,112747 9654,872213 130,119614
8095,112747 9654,872213 112,312671
8145,112747 9654,872213 96,130952
8195,112747 9654,872213 81,589910
8245,112747 9654,872213 68,707140
8295,112747 9654,872213 57,502001
8345,112747 9654,872213 47,994488
8395,112747 9654,872213 40,203445
8445,112747 9654,872213 34,144255
8495,112747 9654,872213 29,826173
8545,112747 9654,872213 27,249563
8595,112747 9654,872213 26,403281
8645,112747 9654,872213 27,262479
8695,112747 9654,872213 29,787102
8745,112747 9654,872213 33,921249
8795,112747 9654,872213 39,593532
8845,112747 9654,872213 46,718431
8895,112747 9654,872213 55,198540
8945,112747 9654,872213 64,927515
8995,112747 9654,872213 75,793445
9045,112747 9654,872213 87,682345
9095,112747 9654,872213 100,481467
9145,112747 9654,872213 114,082169
9195,112747 9654,872213 128,382147
9245,112747 9654,872213 143,286898
9295,112747 9654,872213 158,710367
9345,112747 9654,872213 174,574792
9395,112747 9654,872213 190,809814
9445,112747 9654,872213 207,350929
9495,112747 9654,872213 224,137426
9545,112747 9654,872213 241,109904
9595,112747 9654,872213 258,207507
9645,112747 9654,872213 275,364982
9695,112747 9654,872213 292,509704
9745,112747 9654,872213 309,558751
9795,112747 9654,872213 326,416196
9845,112747 9654,872213 342,970724
9895,112747 9654,872213 359,093726
9945,112747 9654,872213 374,638050
9995,112747 9654,872213 389,437535
10045,112747 9654,872213 403,307527
10095,112747 9654,872213 416,046499
10145,112747 9654,872213 427,438895
10195,112747 9654,872213 437,259278
10245,112747 9654,872213 445,277777
10295,112747 9654,872213 451,266748
10345,112747 9654,872213 455,008504
10395,112747 9654,872213 456,303837
10445,112747 9654,872213 454,980987
10495,112747 9654,872213 450,904647
10545,112747 9654,872213 443,984507
10595,112747 9654,872213 434,182866
10645,112747 9654,872213 421,520784
10695,112747 9654,872213 406,082332
10745,112747 9654,872213 388,016549
10795,112747 9654,872213 367,536792
10845,112747 9654,872213 344,917334
10895,112747 9654,872213 320,487157
10945,112747 9654,872213 294,621096
10995,112747 9654,872213 267,728644
11045,112747 9654,872213 240,240909
11095,112747 9654,872213 212,596360
11145,112747 9654,872213 185,226139
11195,112747 9654,872213 158,539763
11245,112747 9654,872213 132,912040
11295,112747 9654,872213 108,671955
11345,112747 9654,872213 86,094109
11395,112747 9654,872213 65,393107
11445,112747 9654,872213 46,721038
11495,112747 9654,872213 30,167949
11545,112747 9654,872213 15,765008
11595,112747 9654,872213 -7,558694
11645,112747 9654,872213 -17,793184
11695,112747 9654,872213 -26,095616
11745,112747 9654,872213 -32,606616
11795,112747 9654,872213 -37,486269
11845,112747 9654,872213 -40,906336
11895,112747 9654,872213 -43,043356
11945,112747 9654,872213 -44,072786
11995,112747 9654,872213 -44,164233
12045,112747 9654,872213 -43,477756
12095,112747 9654,872213 -42,161191
12145,112747 9654,872213 -40,348391
12195,112747 9654,872213 -38,158261
12245,112747 9654,872213 -35,694468
12295,112747 9654,872213 -33,045694
12345,112747 9654,872213 -27,872551
12395,112747 9654,872213 -24,969891
12445,112747 9654,872213 -22,064822
12495,112747 9654,872213 -19,196088
12545,112747 9654,872213 -16,392886
12595,112747 9654,872213 -13,676258
12645,112747 9654,872213 -11,060413
12695,112747 9654,872213 -8,553974
12745,112747 9654,872213 -6,161100
12795,112747 9654,872213 -3,882482
12845,112747 9654,872213 -1,716206
12895,112747 9654,872213 0,341519
12945,112747 9654,872213 2,295761
12995,112747 9654,872213 4,152378
13045,112747 9654,872213 5,917639
13095,112747 9654,872213 7,597932
13145,112747 9654,872213 9,199549
13195,112747 9654,872213 10,728535
13245,112747 9654,872213 12,190586
13295,112747 9654,872213 13,590992
13345,112747 9654,872213 14,934604
13395,112747 9654,872213 16,225829
13445,112747 9654,872213 17,468639
13495,112747 9654,872213 18,666595
13545,112747 9654,872213 19,822872
13595,112747 9654,872213 26,318023
13645,112747 9654,872213 27,520567
13695,112747 9654,872213 28,689554
13745,112747 9654,872213 29,826878
13795,112747 9654,872213 30,934202
13845,112747 9654,872213 32,012991
13895,112747 9654,872213 33,064539
13945,112747 9654,872213 34,089996
13995,112747 9654,872213 35,090384
6545,112747 9704,872213 879,986409
6595,112747 9704,872213 878,758150
6645,112747 9704,872213 874,371475
6695,112747 9704,872213 867,595116
6745,112747 9704,872213 857,900040
6795,112747 9704,872213 845,212825
6845,112747 9704,872213 829,515831
6895,112747 9704,872213 810,852108
6945,112747 9704,872213 789,327556
6995,112747 9704,872213 765,109950
7045,112747 9704,872213 738,424710
7095,112747 9704,872213 709,547621
7145,112747 9704,872213 678,795002
7195,112747 9704,872213 646,512057
7245,112747 9704,872213 613,060325
7295,112747 9704,872213 578,805130
7345,112747 9704,872213 544,103929
7395,112747 9704,872213 509,296221
7445,112747 9704,872213 474,695534
7495,112747 9704,872213 440,583695
7545,112747 9704,872213 407,207443
7595,112747 9704,872213 368,549027
7645,112747 9704,872213 337,624631
7695,112747 9704,872213 308,000771
7745,112747 9704,872213 279,773895
7795,112747 9704,872213 253,015031
7845,112747 9704,872213 227,774373
7895,112747 9704,872213 204,085821
7945,112747 9704,872213 181,971235
7995,112747 9704,872213 161,444258
8045,112747 9704,872213 142,513579
8095,112747 9704,872213 125,185555
8145,112747 9704,872213 109,466138
8195,112747 9704,872213 95,362087
8245,112747 9704,872213 82,881435
8295,112747 9704,872213 72,033265
8345,112747 9704,872213 62,826807
8395,112747 9704,872213 55,269978
8445,112747 9704,872213 49,367455
8495,112747 9704,872213 45,118474
8545,112747 9704,872213 42,514538
8595,112747 9704,872213 41,537264
8645,112747 9704,872213 42,156587
8695,112747 9704,872213 44,329543
8745,112747 9704,872213 47,999769
8795,112747 9704,872213 53,097835
8845,112747 9704,872213 59,542387
8895,112747 9704,872213 67,242039
8945,112747 9704,872213 76,097838
8995,112747 9704,872213 86,006088
9045,112747 9704,872213 96,861278
9095,112747 9704,872213 108,558872
9145,112747 9704,872213 120,997736
9195,112747 9704,872213 134,082031
9245,112747 9704,872213 147,722466
9295,112747 9704,872213 161,836861
9345,112747 9704,872213 176,350013
9395,112747 9704,872213 191,192933
9445,112747 9704,872213 206,301504
9495,112747 9704,872213 221,614685
9545,112747 9704,872213 237,072344
9595,112747 9704,872213 252,612837
9645,112747 9704,872213 268,170443
9695,112747 9704,872213 283,672761
9745,112747 9704,872213 299,038185
9795,112747 9704,872213 314,173564
9845,112747 9704,872213 328,972183
9895,112747 9704,872213 343,312178
9945,112747 9704,872213 357,055540
9995,112747 9704,872213 370,047827
10045,112747 9704,872213 382,118717
10095,112747 9704,872213 393,083532
10145,112747 9704,872213 402,745795
10195,112747 9704,872213 410,900888
10245,112747 9704,872213 417,340797
10295,112747 9704,872213 421,859871
10345,112747 9704,872213 424,261477
10395,112747 9704,872213 424,365334
10445,112747 9704,872213 422,015275
10495,112747 9704,872213 417,087108
10545,112747 9704,872213 409,496223
10595,112747 9704,872213 399,204562
10645,112747 9704,872213 386,226558
10695,112747 9704,872213 370,633650
10745,112747 9704,872213 352,557023
10795,112747 9704,872213 332,188237
10845,112747 9704,872213 309,777496
10895,112747 9704,872213 285,629385
10945,112747 9704,872213 260,096021
10995,112747 9704,872213 233,567726
11045,112747 9704,872213 206,461489
11095,112747 9704,872213 179,207682
11145,112747 9704,872213 152,235686
11195,112747 9704,872213 125,959209
11245,112747 9704,872213 100,762195
11295,112747 9704,872213 76,986187
11345,112747 9704,872213 54,919970
11395,112747 9704,872213 34,792094
11445,112747 9704,872213 16,766649
11495,112747 9704,872213 0,942393
11545,112747 9704,872213 -12,644971
11595,112747 9704,872213 -34,672650
11645,112747 9704,872213 -43,889891
11695,112747 9704,872213 -51,114156
11745,112747 9704,872213 -56,496889
11795,112747 9704,872213 -60,210833
11845,112747 9704,872213 -62,441372
11895,112747 9704,872213 -63,378804
11945,112747 9704,872213 -63,211785
11995,112747 9704,872213 -62,122015
12045,112747 9704,872213 -60,280176
12095,112747 9704,872213 -57,843041
12145,112747 9704,872213 -54,951639
12195,112747 9704,872213 -51,730327
12245,112747 9704,872213 -48,286624
12295,112747 9704,872213 -44,711632
12345,112747 9704,872213 -38,803662
12395,112747 9704,872213 -35,069806
12445,112747 9704,872213 -31,388049
12495,112747 9704,872213 -27,795934
12545,112747 9704,872213 -24,320974
12595,112747 9704,872213 -20,982161
12645,112747 9704,872213 -17,791411
12695,112747 9704,872213 -14,754889
12745,112747 9704,872213 -11,874211
12795,112747 9704,872213 -9,147488
12845,112747 9704,872213 -6,570238
12895,112747 9704,872213 -4,136139
12945,112747 9704,872213 -1,837662
12995,112747 9704,872213 0,333431
13045,112747 9704,872213 2,385687
13095,112747 9704,872213 4,327664
13145,112747 9704,872213 6,167711
13195,112747 9704,872213 7,913809
13245,112747 9704,872213 9,573473
13295,112747 9704,872213 11,153686
13345,112747 9704,872213 12,660877
13395,112747 9704,872213 14,100913
13445,112747 9704,872213 15,479117
13495,112747 9704,872213 16,800288
13545,112747 9704,872213 18,068740
13595,112747 9704,872213 24,645168
13645,112747 9704,872213 25,943667
13695,112747 9704,872213 27,199940
13745,112747 9704,872213 28,416718
13795,112747 9704,872213 29,596428
13845,112747 9704,872213 30,741225
13895,112747 9704,872213 31,853028
13945,112747 9704,872213 32,933549
13995,112747 9704,872213 33,984324
6545,112747 9754,872213 882,478031
6595,112747 9754,872213 881,321851
6645,112747 9754,872213 877,257404
6695,112747 9754,872213 870,552196
6745,112747 9754,872213 860,930461
6795,112747 9754,872213 848,322429
6845,112747 9754,872213 832,714561
6895,112747 9754,872213 814,154278
6945,112747 9754,872213 792,751893
6995,112747 9754,872213 768,679391
7045,112747 9754,872213 742,165963
7095,112747 9754,872213 713,490509
7145,112747 9754,872213 682,971647
7195,112747 9754,872213 650,955973
7245,112747 9754,872213 617,805477
7295,112747 9754,872213 583,885049
7345,112747 9754,872213 549,550911
7395,112747 9754,872213 515,140676
7445,112747 9754,872213 480,965480
7495,112747 9754,872213 447,304413
7545,112747 9754,872213 414,401256
7595,112747 9754,872213 376,062367
7645,112747 9754,872213 345,621138
7695,112747 9754,872213 316,494818
7745,112747 9754,872213 288,777076
7795,112747 9754,872213 262,536004
7845,112747 9754,872213 237,818623
7895,112747 9754,872213 214,655304
7945,112747 9754,872213 193,063908
7995,112747 9754,872213 173,053489
8045,112747 9754,872213 154,627455
8095,112747 9754,872213 137,786109
8145,112747 9754,872213 122,528535
8195,112747 9754,872213 108,853813
8245,112747 9754,872213 96,761564
8295,112747 9754,872213 86,251855
8345,112747 9754,872213 77,324520
8395,112747 9754,872213 69,977979
8445,112747 9754,872213 64,207677
8495,112747 9754,872213 60,004270
8545,112747 9754,872213 57,351755
8595,112747 9754,872213 56,225705
8645,112747 9754,872213 56,591816
8695,112747 9754,872213 58,404924
8745,112747 9754,872213 61,608619
8795,112747 9754,872213 66,135539
8845,112747 9754,872213 71,908334
8895,112747 9754,872213 78,841241
8945,112747 9754,872213 86,842134
8995,112747 9754,872213 95,814879
9045,112747 9754,872213 105,661771
9095,112747 9754,872213 116,285871
9145,112747 9754,872213 127,593041
9195,112747 9754,872213 139,493546
9245,112747 9754,872213 151,903114
9295,112747 9754,872213 164,743415
9345,112747 9754,872213 177,941947
9395,112747 9754,872213 191,431375
9445,112747 9754,872213 205,148372
9495,112747 9754,872213 219,032057
9545,112747 9754,872213 233,022106
9595,112747 9754,872213 247,056641
9645,112747 9754,872213 261,069995
9695,112747 9754,872213 274,990450
9745,112747 9754,872213 288,738046
9795,112747 9754,872213 302,222581
9845,112747 9754,872213 315,341891
9895,112747 9754,872213 327,980546
9945,112747 9754,872213 340,009052
9995,112747 9754,872213 351,283698
10045,112747 9754,872213 361,647133
10095,112747 9754,872213 370,929772
10145,112747 9754,872213 378,952092
10195,112747 9754,872213 385,527851
10245,112747 9754,872213 390,468213
10295,112747 9754,872213 393,586735
10345,112747 9754,872213 394,705095
10395,112747 9754,872213 393,659423
10445,112747 9754,872213 390,307028
10495,112747 9754,872213 384,533292
10545,112747 9754,872213 376,258466
10595,112747 9754,872213 365,444089
10645,112747 9754,872213 352,098714
10695,112747 9754,872213 336,282624
10745,112747 9754,872213 318,111223
10795,112747 9754,872213 297,756759
10845,112747 9754,872213 275,448058
10895,112747 9754,872213 251,468013
10945,112747 9754,872213 226,148586
10995,112747 9754,872213 199,863260
11045,112747 9754,872213 173,016989
11095,112747 9754,872213 146,033932
11145,112747 9754,872213 119,343474
11195,112747 9754,872213 93,365247
11245,112747 9754,872213 68,494071
11295,112747 9754,872213 45,085812
11345,112747 9754,872213 23,445143
11395,112747 9754,872213 3,816086
11445,112747 9754,872213 -13,624062
11495,112747 9754,872213 -28,767093
11545,112747 9754,872213 -41,572591
11595,112747 9754,872213 -62,203203
11645,112747 9754,872213 -70,414156
11695,112747 9754,872213 -76,561393
11745,112747 9754,872213 -80,808766
11795,112747 9754,872213 -83,343430
11845,112747 9754,872213 -84,366150
11895,112747 9754,872213 -84,082638
11945,112747 9754,872213 -82,696208
11995,112747 9754,872213 -80,401868
12045,112747 9754,872213 -77,381860
12095,112747 9754,872213 -73,802559
12145,112747 9754,872213 -69,812596
12195,112747 9754,872213 -65,541997
12245,112747 9754,872213 -61,102183
12295,112747 9754,872213 -56,586602
12345,112747 9754,872213 -49,939191
12395,112747 9754,872213 -45,363728
12445,112747 9754,872213 -40,895967
12495,112747 9754,872213 -36,572038
12545,112747 9754,872213 -32,417564
12595,112747 9754,872213 -28,449314
12645,112747 9754,872213 -24,676762
12695,112747 9754,872213 -21,103504
12745,112747 9754,872213 -17,728521
12795,112747 9754,872213 -14,547288
12845,112747 9754,872213 -11,552716
12895,112747 9754,872213 -8,735937
12945,112747 9754,872213 -6,086959
12995,112747 9754,872213 -3,595176
13045,112747 9754,872213 -1,249779
13095,112747 9754,872213 0,959938
13145,112747 9754,872213 3,044355
13195,112747 9754,872213 5,013365
13245,112747 9754,872213 6,876275
13295,112747 9754,872213 8,641742
13345,112747 9754,872213 10,317755
13395,112747 9754,872213 11,911627
13445,112747 9754,872213 13,430015
13495,112747 9754,872213 14,878954
13545,112747 9754,872213 16,263890
13595,112747 9754,872213 22,917406
13645,112747 9754,872213 24,316254
13695,112747 9754,872213 25,663940
13745,112747 9754,872213 26,964040
13795,112747 9754,872213 28,219749
13845,112747 9754,872213 29,433920
13895,112747 9754,872213 30,609107
13945,112747 9754,872213 31,747598
13995,112747 9754,872213 32,851449
6545,112747 9804,872213 882,743457
6595,112747 9804,872213 881,599034
6645,112747 9804,872213 877,582986
6695,112747 9804,872213 870,914024
6745,112747 9804,872213 861,347801
6795,112747 9804,872213 848,819596
6845,112747 9804,872213 833,320881
6895,112747 9804,872213 814,903770
6945,112747 9804,872213 793,682675
6995,112747 9804,872213 769,832824
7045,112747 9804,872213 743,585582
7095,112747 9804,872213 715,220826
7145,112747 9804,872213 685,056895
7195,112747 9804,872213 653,438898
7245,112747 9804,872213 620,726255
7295,112747 9804,872213 587,280388
7345,112747 9804,872213 553,453390
7395,112747 9804,872213 519,578326
7445,112747 9804,872213 485,961598
7495,112747 9804,872213 452,877577
7545,112747 9804,872213 420,565485
7595,112747 9804,872213 382,657824
7645,112747 9804,872213 352,798363
7695,112747 9804,872213 324,256632
7745,112747 9804,872213 297,123334
7795,112747 9804,872213 271,463673
7845,112747 9804,872213 247,321723
7895,112747 9804,872213 224,724712
7945,112747 9804,872213 203,687021
7995,112747 9804,872213 184,213752
8045,112747 9804,872213 166,303782
8095,112747 9804,872213 149,952221
8145,112747 9804,872213 135,152257
8195,112747 9804,872213 121,896376
8245,112747 9804,872213 110,176977
8295,112747 9804,872213 99,986404
8345,112747 9804,872213 91,316466
8395,112747 9804,872213 84,157510
8445,112747 9804,872213 78,497176
8495,112747 9804,872213 74,318923
8545,112747 9804,872213 71,600519
8595,112747 9804,872213 70,312607
8645,112747 9804,872213 70,417537
8695,112747 9804,872213 71,868573
8745,112747 9804,872213 74,609605
8795,112747 9804,872213 78,575398
8845,112747 9804,872213 83,692404
8895,112747 9804,872213 89,880061
8945,112747 9804,872213 97,052500
8995,112747 9804,872213 105,120482
9045,112747 9804,872213 113,993430
9095,112747 9804,872213 123,581368
9145,112747 9804,872213 133,796626
9195,112747 9804,872213 144,555177
9245,112747 9804,872213 155,777534
9295,112747 9804,872213 167,389148
9345,112747 9804,872213 179,320307
9395,112747 9804,872213 191,505565
9445,112747 9804,872213 203,882736
9495,112747 9804,872213 216,391536
9545,112747 9804,872213 228,971942
9595,112747 9804,872213 241,562351
9645,112747 9804,872213 254,097635
9695,112747 9804,872213 266,507177
9745,112747 9804,872213 278,712977
9795,112747 9804,872213 290,627933
9845,112747 9804,872213 302,154385
9895,112747 9804,872213 313,183029
9945,112747 9804,872213 323,592291
9995,112747 9804,872213 333,248263
10045,112747 9804,872213 342,005279
10095,112747 9804,872213 349,707202
10145,112747 9804,872213 356,189472
10195,112747 9804,872213 361,281931
10245,112747 9804,872213 364,812411
10295,112747 9804,872213 366,611051
10345,112747 9804,872213 366,515239
10395,112747 9804,872213 364,375093
10445,112747 9804,872213 360,059314
10495,112747 9804,872213 353,461276
10545,112747 9804,872213 344,505128
10595,112747 9804,872213 333,151746
10645,112747 9804,872213 319,404265
10695,112747 9804,872213 303,312964
10745,112747 9804,872213 284,979195
10795,112747 9804,872213 264,558042
10845,112747 9804,872213 242,259358
10895,112747 9804,872213 218,346804
10945,112747 9804,872213 193,134573
10995,112747 9804,872213 166,981510
11045,112747 9804,872213 140,282534
11095,112747 9804,872213 113,457408
11145,112747 9804,872213 86,937227
11195,112747 9804,872213 61,149227
11245,112747 9804,872213 36,500814
11295,112747 9804,872213 13,363915
11345,112747 9804,872213 -7,939198
11395,112747 9804,872213 -27,147464
11445,112747 9804,872213 -44,069099
11495,112747 9804,872213 -58,585602
11545,112747 9804,872213 -70,651554
11595,112747 9804,872213 -89,790954
11645,112747 9804,872213 -97,018871
11695,112747 9804,872213 -102,103572
11745,112747 9804,872213 -105,222744
11795,112747 9804,872213 -106,579518
11845,112747 9804,872213 -106,391616
11895,112747 9804,872213 -104,881630
11945,112747 9804,872213 -102,268808
11995,112747 9804,872213 -98,762494
12045,112747 9804,872213 -94,557260
12095,112747 9804,872213 -89,829607
12145,112747 9804,872213 -84,736061
12195,112747 9804,872213 -79,412434
12245,112747 9804,872213 -73,974019
12295,112747 9804,872213 -68,516487
12345,112747 9804,872213 -61,133344
12395,112747 9804,872213 -55,717634
12445,112747 9804,872213 -50,465570
12495,112747 9804,872213 -45,411669
12545,112747 9804,872213 -40,579487
12595,112747 9804,872213 -35,983425
12645,112747 9804,872213 -31,630400
12695,112747 9804,872213 -27,521355
12745,112747 9804,872213 -23,652589
12795,112747 9804,872213 -20,016913
12845,112747 9804,872213 -16,604627
12895,112747 9804,872213 -13,404337
12945,112747 9804,872213 -10,403612
12995,112747 9804,872213 -7,589522
13045,112747 9804,872213 -4,949041
13095,112747 9804,872213 -2,469364
13145,112747 9804,872213 -0,138132
13195,112747 9804,872213 2,056410
13245,112747 9804,872213 4,125313
13295,112747 9804,872213 6,078866
13345,112747 9804,872213 7,926574
13395,112747 9804,872213 9,677162
13445,112747 9804,872213 11,338594
13495,112747 9804,872213 12,918111
13545,112747 9804,872213 14,422271
13595,112747 9804,872213 21,148185
13645,112747 9804,872213 22,650401
13695,112747 9804,872213 24,092394
13745,112747 9804,872213 25,478575
13795,112747 9804,872213 26,812901
13845,112747 9804,872213 28,098923
13895,112747 9804,872213 29,339827
13945,112747 9804,872213 30,538477
13995,112747 9804,872213 31,697454
6545,112747 9854,872213 880,801522
6595,112747 9854,872213 879,612208
6645,112747 9854,872213 875,371801
6695,112747 9854,872213 868,707569
6745,112747 9854,872213 859,182063
6795,112747 9854,872213 846,736817
6845,112747 9854,872213 831,369017
6895,112747 9854,872213 813,135603
6945,112747 9854,872213 792,154597
6995,112747 9854,872213 768,603364
7045,112747 9854,872213 742,713767
7095,112747 9854,872213 714,764481
7145,112747 9854,872213 685,071017
7195,112747 9854,872213 653,974201
7245,112747 9854,872213 621,827983
7295,112747 9854,872213 588,987457
7345,112747 9854,872213 555,797882
7395,112747 9854,872213 522,585324
7445,112747 9854,872213 489,649312
7495,112747 9854,872213 457,257715
7545,112747 9854,872213 425,643787
7595,112747 9854,872213 388,269322
7645,112747 9854,872213 359,080364
7695,112747 9854,872213 331,200862
7745,112747 9854,872213 304,718461
7795,112747 9854,872213 279,695598
7845,112747 9854,872213 256,173697
7895,112747 9854,872213 234,177287
7945,112747 9854,872213 213,717839
7995,112747 9854,872213 194,797193
8045,112747 9854,872213 177,410485
8095,112747 9854,872213 161,548526
8145,112747 9854,872213 147,199605
8195,112747 9854,872213 134,350712
8245,112747 9854,872213 122,988214
8295,112747 9854,872213 113,098005
8345,112747 9854,872213 104,665197
8395,112747 9854,872213 97,673430
8445,112747 9854,872213 92,103884
8495,112747 9854,872213 87,934115
8545,112747 9854,872213 85,136836
8595,112747 9854,872213 83,678773
8645,112747 9854,872213 83,519725
8695,112747 9854,872213 84,611938
8745,112747 9854,872213 86,899881
8795,112747 9854,872213 90,320469
8845,112747 9854,872213 94,803732
8895,112747 9854,872213 100,273893
8945,112747 9854,872213 106,650770
8995,112747 9854,872213 113,851378
9045,112747 9854,872213 121,791603
9095,112747 9854,872213 130,387814
9145,112747 9854,872213 139,558279
9195,112747 9854,872213 149,224276
9245,112747 9854,872213 159,310847
9295,112747 9854,872213 169,747124
9345,112747 9854,872213 180,466235
9395,112747 9854,872213 191,404807
9445,112747 9854,872213 202,502094
9495,112747 9854,872213 213,698793
9545,112747 9854,872213 224,935620
9595,112747 9854,872213 236,151703
9645,112747 9854,872213 247,282890
9695,112747 9854,872213 258,260041
9745,112747 9854,872213 269,007390
9795,112747 9854,872213 279,441065
9845,112747 9854,872213 289,467850
9895,112747 9854,872213 298,984277
9945,112747 9854,872213 307,876129
9995,112747 9854,872213 316,018436
10045,112747 9854,872213 323,276030
10095,112747 9854,872213 329,504709
10145,112747 9854,872213 334,553052
10195,112747 9854,872213 338,264894
10245,112747 9854,872213 340,482444
10295,112747 9854,872213 341,050023
10345,112747 9854,872213 339,818346
10395,112747 9854,872213 336,649279
10445,112747 9854,872213 331,420979
10495,112747 9854,872213 324,033287
10545,112747 9854,872213 314,413276
10595,112747 9854,872213 302,520791
10645,112747 9854,872213 288,353832
10695,112747 9854,872213 271,953566
10745,112747 9854,872213 253,408718
10795,112747 9854,872213 232,859041
10845,112747 9854,872213 210,497484
10895,112747 9854,872213 186,570637
10945,112747 9854,872213 161,377016
10995,112747 9854,872213 135,262772
11045,112747 9854,872213 108,614526
11095,112747 9854,872213 81,849208
11145,112747 9854,872213 55,401071
11195,112747 9854,872213 29,706365
11245,112747 9854,872213 5,186532
11295,112747 9854,872213 -17,768940
11345,112747 9854,872213 -38,818652
11395,112747 9854,872213 -57,683056
11445,112747 9854,872213 -74,154648
11495,112747 9854,872213 -88,103755
11545,112747 9854,872213 -99,479543
11595,112747 9854,872213 -117,046459
11645,112747 9854,872213 -123,327165
11695,112747 9854,872213 -127,378233
11745,112747 9854,872213 -129,392282
11795,112747 9854,872213 -129,589646
11845,112747 9854,872213 -128,206237
11895,112747 9854,872213 -125,482665
11945,112747 9854,872213 -121,655069
11995,112747 9854,872213 -116,947883
12045,112747 9854,872213 -111,568532
12095,112747 9854,872213 -105,703960
12145,112747 9854,872213 -99,518726
12195,112747 9854,872213 -93,154422
12245,112747 9854,872213 -86,730111
12295,112747 9854,872213 -80,343519
12345,112747 9854,872213 -72,237845
12395,112747 9854,872213 -65,995809
12445,112747 9854,872213 -59,972778
12495,112747 9854,872213 -54,201494
12545,112747 9854,872213 -48,703317
12595,112747 9854,872213 -43,490186
12645,112747 9854,872213 -38,566400
12695,112747 9854,872213 -33,930217
12745,112747 9854,872213 -29,575255
12795,112747 9854,872213 -25,491680
12845,112747 9854,872213 -21,667227
12895,112747 9854,872213 -18,088027
12945,112747 9854,872213 -14,739283
12995,112747 9854,872213 -11,605810
13045,112747 9854,872213 -8,672448
13095,112747 9854,872213 -5,924373
13145,112747 9854,872213 -3,347326
13195,112747 9854,872213 -0,927766
13245,112747 9854,872213 1,347030
13295,112747 9854,872213 3,488916
13345,112747 9854,872213 5,508852
13395,112747 9854,872213 7,416917
13445,112747 9854,872213 9,222333
13495,112747 9854,872213 10,933504
13545,112747 9854,872213 12,558065
13595,112747 9854,872213 19,351256
13645,112747 9854,872213 20,958482
13695,112747 9854,872213 22,496435
13745,112747 9854,872213 23,970341
13795,112747 9854,872213 25,384901
13845,112747 9854,872213 26,744347
13895,112747 9854,872213 28,052490
13945,112747 9854,872213 29,312762
13995,112747 9854,872213 30,528260
6545,112747 9904,872213 876,707727
6595,112747 9904,872213 875,422480
6645,112747 9904,872213 870,694760
6695,112747 9904,872213 864,008672
6745,112747 9904,872213 854,513239
6795,112747 9904,872213 842,157205
6845,112747 9904,872213 826,943941
6895,112747 9904,872213 808,935135
6945,112747 9904,872213 788,251778
6995,112747 9904,872213 765,072169
7045,112747 9904,872213 739,626960
7095,112747 9904,872213 712,191498
7145,112747 9904,872213 683,076028
7195,112747 9904,872213 652,614474
7245,112747 9904,872213 621,152645
7295,112747 9904,872213 589,036708
7345,112747 9904,872213 556,602658
7395,112747 9904,872213 524,167375
7445,112747 9904,872213 492,021646
7495,112747 9904,872213 460,425293
7545,112747 9904,872213 429,604391
7595,112747 9904,872213 392,854207
7645,112747 9904,872213 364,413805
7695,112747 9904,872213 337,264272
7745,112747 9904,872213 311,490180
7795,112747 9904,872213 287,151368
7845,112747 9904,872213 264,286946
7895,112747 9904,872213 242,919216
7945,112747 9904,872213 223,057330
7995,112747 9904,872213 204,700558
8045,112747 9904,872213 187,841094
8095,112747 9904,872213 172,466340
8145,112747 9904,872213 158,560666
8195,112747 9904,872213 146,106637
8245,112747 9904,872213 135,085736
8295,112747 9904,872213 125,478617
8345,112747 9904,872213 117,264955
8395,112747 9904,872213 110,422950
8445,112747 9904,872213 104,928570
8495,112747 9904,872213 100,754643
8545,112747 9904,872213 97,869892
8595,112747 9904,872213 96,238026
8645,112747 9904,872213 95,816995
8695,112747 9904,872213 96,558498
8745,112747 9904,872213 98,407816
8795,112747 9904,872213 101,304002
8845,112747 9904,872213 105,180439
8895,112747 9904,872213 109,965729
8945,112747 9904,872213 115,584843
8995,112747 9904,872213 121,960436
9045,112747 9904,872213 129,014236
9095,112747 9904,872213 136,668365
9145,112747 9904,872213 144,846519
9195,112747 9904,872213 153,474886
9245,112747 9904,872213 162,482772
9295,112747 9904,872213 171,802868
9345,112747 9904,872213 181,371161
9395,112747 9904,872213 191,126491
9445,112747 9904,872213 201,009801
9495,112747 9904,872213 210,963100
9545,112747 9904,872213 220,928219
9595,112747 9904,872213 230,845419
9645,112747 9904,872213 240,651902
9695,112747 9904,872213 250,280335
9745,112747 9904,872213 259,657417
9795,112747 9904,872213 268,702609
9845,112747 9904,872213 277,327066
9895,112747 9904,872213 285,432875
9945,112747 9904,872213 292,912651
9995,112747 9904,872213 299,649568
10045,112747 9904,872213 305,517875
10095,112747 9904,872213 310,383938
10145,112747 9904,872213 314,107838
10195,112747 9904,872213 316,545530
10245,112747 9904,872213 317,551560
10295,112747 9904,872213 316,982298
10345,112747 9904,872213 314,699668
10395,112747 9904,872213 310,575301
10445,112747 9904,872213 304,495068
10495,112747 9904,872213 296,363912
10545,112747 9904,872213 286,110923
10595,112747 9904,872213 273,694548
10645,112747 9904,872213 259,107838
10695,112747 9904,872213 242,383574
10745,112747 9904,872213 223,599051
10795,112747 9904,872213 202,880245
10845,112747 9904,872213 180,404973
10895,112747 9904,872213 156,404589
10945,112747 9904,872213 131,163700
10995,112747 9904,872213 105,017357
11045,112747 9904,872213 78,345258
11095,112747 9904,872213 51,562662
11145,112747 9904,872213 25,107989
11195,112747 9904,872213 -0,572549
11245,112747 9904,872213 -25,042511
11295,112747 9904,872213 -47,893804
11345,112747 9904,872213 -68,764789
11395,112747 9904,872213 -87,356302
11445,112747 9904,872213 -103,444086
11495,112747 9904,872213 -116,886478
11545,112747 9904,872213 -127,626741
11595,112747 9904,872213 -143,559566
11645,112747 9904,872213 -148,941366
11695,112747 9904,872213 -152,002765
11745,112747 9904,872213 -152,951943
11795,112747 9904,872213 -152,027167
11845,112747 9904,872213 -149,483275
11895,112747 9904,872213 -145,579551
11945,112747 9904,872213 -140,569559
11995,112747 9904,872213 -134,693186
12045,112747 9904,872213 -128,170926
12095,112747 9904,872213 -121,200228
12145,112747 9904,872213 -113,953638
12195,112747 9904,872213 -106,578398
12245,112747 9904,872213 -99,197165
12295,112747 9904,872213 -91,909520
12345,112747 9904,872213 -83,104952
12395,112747 9904,872213 -76,063530
12445,112747 9904,872213 -69,294820
12495,112747 9904,872213 -62,829691
12545,112747 9904,872213 -56,687250
12595,112747 9904,872213 -50,876946
12645,112747 9904,872213 -45,400470
12695,112747 9904,872213 -40,253434
12745,112747 9904,872213 -35,426828
12795,112747 9904,872213 -30,908261
12845,112747 9904,872213 -26,682991
12895,112747 9904,872213 -22,734781
12945,112747 9904,872213 -19,046579
12995,112747 9904,872213 -15,601060
13045,112747 9904,872213 -12,381042
13095,112747 9904,872213 -9,369797
13145,112747 9904,872213 -6,551272
13195,112747 9904,872213 -3,910245
13245,112747 9904,872213 -1,432417
13295,112747 9904,872213 0,895537
13345,112747 9904,872213 3,085954
13395,112747 9904,872213 5,150191
13445,112747 9904,872213 7,098661
13495,112747 9904,872213 8,940870
13545,112747 9904,872213 10,685473
13595,112747 9904,872213 17,540462
13645,112747 9904,872213 19,252981
13695,112747 9904,872213 20,887321
13745,112747 9904,872213 22,449488
13795,112747 9904,872213 23,944900
13845,112747 9904,872213 25,378447
13895,112747 9904,872213 26,754542
13945,112747 9904,872213 28,077169
13995,112747 9904,872213 29,349930
6545,112747 9954,872213 870,550833
6595,112747 9954,872213 869,125721
6645,112747 9954,872213 863,665415
6695,112747 9954,872213 856,936915
6745,112747 9954,872213 847,465769
6795,112747 9954,872213 835,208604
6845,112747 9954,872213 820,175198
6895,112747 9954,872213 802,431714
6945,112747 9954,872213 782,101332
6995,112747 9954,872213 759,362036
7045,112747 9954,872213 734,441590
7095,112747 9954,872213 707,610008
7145,112747 9954,872213 679,170026
7195,112747 9954,872213 649,446310
7245,112747 9954,872213 618,774162
7295,112747 9954,872213 587,488548
7345,112747 9954,872213 555,914099
7395,112747 9954,872213 524,356657
7445,112747 9954,872213 493,096680
7495,112747 9954,872213 462,384657
7545,112747 9954,872213 432,438495
7595,112747 9954,872213 396,392089
7645,112747 9954,872213 368,767110
7695,112747 9954,872213 342,405138
7745,112747 9954,872213 317,387702
7795,112747 9954,872213 293,772248
7845,112747 9954,872213 271,595915
7895,112747 9954,872213 250,879249
7945,112747 9954,872213 231,629658
7995,112747 9954,872213 213,844518
8045,112747 9954,872213 197,513845
8095,112747 9954,872213 182,622487
8145,112747 9954,872213 169,151830
8195,112747 9954,872213 157,081022
8245,112747 9954,872213 146,387735
8295,112747 9954,872213 137,048517
8345,112747 9954,872213 129,038759
8395,112747 9954,872213 122,332380
8445,112747 9954,872213 116,901264
8495,112747 9954,872213 112,714566
8545,112747 9954,872213 109,737963
8595,112747 9954,872213 107,932940
8645,112747 9954,872213 107,256208
8695,112747 9954,872213 107,659319
8745,112747 9954,872213 109,088549
8795,112747 9954,872213 111,485062
8845,112747 9954,872213 114,785374
8895,112747 9954,872213 118,922084
8945,112747 9954,872213 123,824818
8995,112747 9954,872213 129,421314
9045,112747 9954,872213 135,638557
9095,112747 9954,872213 142,403879
9145,112747 9954,872213 149,645919
9195,112747 9954,872213 157,295398
9245,112747 9954,872213 165,285626
9295,112747 9954,872213 173,552718
9345,112747 9954,872213 182,035506
9395,112747 9954,872213 190,675152
9445,112747 9954,872213 199,414485
9495,112747 9954,872213 208,197100
9545,112747 9954,872213 216,966269
9595,112747 9954,872213 225,663719
9645,112747 9954,872213 234,228335
9695,112747 9954,872213 242,594860
9745,112747 9954,872213 250,692653
9795,112747 9954,872213 258,444573
9845,112747 9954,872213 265,766065
9895,112747 9954,872213 272,564498
9945,112747 9954,872213 278,738831
9995,112747 9954,872213 284,179660
10045,112747 9954,872213 288,769679
10095,112747 9954,872213 292,384605
10145,112747 9954,872213 294,894574
10195,112747 9954,872213 296,166022
10245,112747 9954,872213 296,064049
10295,112747 9954,872213 294,455231
10345,112747 9954,872213 291,210871
10395,112747 9954,872213 286,210659
10445,112747 9954,872213 279,346695
10495,112747 9954,872213 270,527863
10545,112747 9954,872213 259,684508
10595,112747 9954,872213 246,773378
10645,112747 9954,872213 231,782759
10695,112747 9954,872213 214,737690
10745,112747 9954,872213 195,705085
10795,112747 9954,872213 174,798492
10845,112747 9954,872213 152,182117
10895,112747 9954,872213 128,073631
10945,112747 9954,872213 102,745176
10995,112747 9954,872213 76,521930
11045,112747 9954,872213 49,777620
11095,112747 9954,872213 22,926507
11145,112747 9954,872213 -3,588372
11195,112747 9954,872213 -29,310530
11245,112747 9954,872213 -53,788233
11295,112747 9954,872213 -76,594423
11345,112747 9954,872213 -97,346742
11395,112747 9954,872213 -115,725813
11445,112747 9954,872213 -131,489966
11495,112747 9954,872213 -144,484931
11545,112747 9954,872213 -154,647569
11595,112747 9954,872213 -168,911521
11645,112747 9954,872213 -173,454645
11695,112747 9954,872213 -175,585518
11745,112747 9954,872213 -175,527905
11795,112747 9954,872213 -173,538097
11845,112747 9954,872213 -169,889954
11895,112747 9954,872213 -164,861489
11945,112747 9954,872213 -158,723675
11995,112747 9954,872213 -151,731762
12045,112747 9954,872213 -144,119144
12095,112747 9954,872213 -136,093558
12145,112747 9954,872213 -127,835284
12195,112747 9954,872213 -119,496959
12245,112747 9954,872213 -111,204587
12295,112747 9954,872213 -103,059397
12345,112747 9954,872213 -93,590643
12395,112747 9954,872213 -85,789852
12445,112747 9954,872213 -78,312677
12495,112747 9954,872213 -71,188096
12545,112747 9954,872213 -64,432986
12595,112747 9954,872213 -58,054367
12645,112747 9954,872213 -52,051412
12695,112747 9954,872213 -46,417200
12745,112747 9954,872213 -41,140230
12795,112747 9954,872213 -36,205689
12845,112747 9954,872213 -31,596518
12895,112747 9954,872213 -27,294265
12945,112747 9954,872213 -23,279781
12995,112747 9954,872213 -19,533756
13045,112747 9954,872213 -16,037139
13095,112747 9954,872213 -12,771441
13145,112747 9954,872213 -9,718956
13195,112747 9954,872213 -6,862909
13245,112747 9954,872213 -4,187547
13295,112747 9954,872213 -1,678185
13345,112747 9954,872213 0,678787
13395,112747 9954,872213 2,895911
13445,112747 9954,872213 4,984705
13495,112747 9954,872213 6,955703
13545,112747 9954,872213 8,818514
13595,112747 9954,872213 15,729526
13645,112747 9954,872213 17,546303
13695,112747 9954,872213 19,276266
13745,112747 9954,872213 20,926152
13795,112747 9954,872213 22,502059
13845,112747 9954,872213 24,009501
13895,112747 9954,872213 25,453465
13945,112747 9954,872213 26,838462
13995,112747 9954,872213 28,168578
6545,112747 10004,872213 862,448283
6595,112747 10004,872213 860,847499
6645,112747 10004,872213 854,433604
6695,112747 10004,872213 847,648781
6745,112747 10004,872213 838,201273
6795,112747 10004,872213 826,055978
6845,112747 10004,872213 811,229050
6895,112747 10004,872213 793,790679
6945,112747 10004,872213 773,865364
6995,112747 10004,872213 751,629512
7045,112747 10004,872213 727,306423
7095,112747 10004,872213 701,158950
7145,112747 10004,872213 673,480345
7195,112747 10004,872213 644,583975
7245,112747 10004,872213 614,792633
7295,112747 10004,872213 584,428183
7345,112747 10004,872213 553,802168
7395,112747 10004,872213 523,207875
7445,112747 10004,872213 492,914163
7495,112747 10004,872213 463,161166
7545,112747 10004,872213 434,157849
7595,112747 10004,872213 398,882859
7645,112747 10004,872213 372,128784
7695,112747 10004,872213 346,601793
7745,112747 10004,872213 322,380437
7795,112747 10004,872213 299,519971
7845,112747 10004,872213 278,055901
7895,112747 10004,872213 258,007455
7945,112747 10004,872213 239,380837
7995,112747 10004,872213 222,172159
8045,112747 10004,872213 206,369971
8095,112747 10004,872213 191,957353
8145,112747 10004,872213 178,913570
8195,112747 10004,872213 167,215281
8245,112747 10004,872213 156,837337
8295,112747 10004,872213 147,753196
8345,112747 10004,872213 139,935016
8395,112747 10004,872213 133,353471
8445,112747 10004,872213 127,977364
8495,112747 10004,872213 123,773110
8545,112747 10004,872213 120,704165
8595,112747 10004,872213 118,730480
8645,112747 10004,872213 117,808047
8695,112747 10004,872213 117,888614
8745,112747 10004,872213 118,919596
8795,112747 10004,872213 120,844228
8845,112747 10004,872213 123,601950
8895,112747 10004,872213 127,129008
8945,112747 10004,872213 131,359235
8995,112747 10004,872213 136,224938
9045,112747 10004,872213 141,657835
9095,112747 10004,872213 147,589960
9145,112747 10004,872213 153,954461
9195,112747 10004,872213 160,686230
9245,112747 10004,872213 167,722328
9295,112747 10004,872213 175,002151
9345,112747 10004,872213 182,467345
9395,112747 10004,872213 190,061462
9445,112747 10004,872213 197,729373
9495,112747 10004,872213 205,416481
9545,112747 10004,872213 213,067762
9595,112747 10004,872213 220,626691
9645,112747 10004,872213 228,034098
9695,112747 10004,872213 235,227027
9745,112747 10004,872213 242,137639
9795,112747 10004,872213 248,692234
9845,112747 10004,872213 254,810443
9895,112747 10004,872213 260,404656
9945,112747 10004,872213 265,379728
9995,112747 10004,872213 269,633023
10045,112747 10004,872213 273,054819
10095,112747 10004,872213 275,529111
10145,112747 10004,872213 276,934833
10195,112747 10004,872213 277,147491
10245,112747 10004,872213 276,041219
10295,112747 10004,872213 273,491232
10345,112747 10004,872213 269,376686
10395,112747 10004,872213 263,583914
10445,112747 10004,872213 256,010038
10495,112747 10004,872213 246,566954
10545,112747 10004,872213 235,185692
10595,112747 10004,872213 221,821128
10645,112747 10004,872213 206,457023
10695,112747 10004,872213 189,111317
10745,112747 10004,872213 169,841517
10795,112747 10004,872213 148,749966
10845,112747 10004,872213 125,988603
10895,112747 10004,872213 101,762738
10945,112747 10004,872213 76,333209
10995,112747 10004,872213 50,016203
11045,112747 10004,872213 23,180005
11095,112747 10004,872213 -3,761972
11145,112747 10004,872213 -30,362262
11195,112747 10004,872213 -56,154521
11245,112747 10004,872213 -80,672254
11295,112747 10004,872213 -103,469930
11345,112747 10004,872213 -124,144820
11395,112747 10004,872213 -142,357466
11445,112747 10004,872213 -157,848696
11495,112747 10004,872213 -170,451337
11545,112747 10004,872213 -180,095427
11595,112747 10004,872213 -192,689401
11645,112747 10004,872213 -196,464953
11695,112747 10004,872213 -197,739079
11745,112747 10004,872213 -196,750464
11795,112747 10004,872213 -193,772763
11845,112747 10004,872213 -189,098200
11895,112747 10004,872213 -183,022870
11945,112747 10004,872213 -175,834514
11995,112747 10004,872213 -167,803127
12045,112747 10004,872213 -159,174422
12095,112747 10004,872213 -150,165892
12145,112747 10004,872213 -140,965091
12195,112747 10004,872213 -131,729666
12245,112747 10004,872213 -122,588675
12295,112747 10004,872213 -113,644782
12345,112747 10004,872213 -103,557845
12395,112747 10004,872213 -95,050414
12445,112747 10004,872213 -86,913511
12495,112747 10004,872213 -79,174302
12545,112747 10004,872213 -71,847554
12595,112747 10004,872213 -64,938012
12645,112747 10004,872213 -58,442508
12695,112747 10004,872213 -52,351787
12745,112747 10004,872213 -46,652061
12795,112747 10004,872213 -41,326312
12845,112747 10004,872213 -36,355370
12895,112747 10004,872213 -31,718783
12945,112747 10004,872213 -27,395505
12995,112747 10004,872213 -23,364443
13045,112747 10004,872213 -19,604862
13095,112747 10004,872213 -16,096690
13145,112747 10004,872213 -12,820735
13195,112747 10004,872213 -9,758826
13245,112747 10004,872213 -6,893899
13295,112747 10004,872213 -4,210040
13345,112747 10004,872213 -1,692491
13395,112747 10004,872213 0,672368
13445,112747 10004,872213 2,897059
13495,112747 10004,872213 4,993053
13545,112747 10004,872213 6,970832
13595,112747 10004,872213 13,931861
13645,112747 10004,872213 15,850605
13695,112747 10004,872213 17,674283
13745,112747 10004,872213 19,410312
13795,112747 10004,872213 21,065418
13845,112747 10004,872213 22,645699
13895,112747 10004,872213 24,156677
13945,112747 10004,872213 25,603362
13995,112747 10004,872213 26,990293
6545,112747 10054,872213 852,540813
6595,112747 10054,872213 850,737199
6645,112747 10054,872213 843,177994
6695,112747 10054,872213 836,329718
6745,112747 10054,872213 826,910222
6795,112747 10054,872213 814,892768
6845,112747 10054,872213 800,299646
6895,112747 10054,872213 783,204469
6945,112747 10054,872213 763,732130
6995,112747 10054,872213 742,056249
7045,112747 10054,872213 718,394224
7095,112747 10054,872213 693,000154
7145,112747 10054,872213 666,156136
7195,112747 10054,872213 638,162563
7245,112747 10054,872213 609,328101
7295,112747 10054,872213 579,960012
7345,112747 10054,872213 550,355407
7395,112747 10054,872213 520,793859
7445,112747 10054,872213 491,531661
7495,112747 10054,872213 462,797831
7545,112747 10054,872213 434,791819
7595,112747 10054,872213 400,344141
7645,112747 10054,872213 374,505168
7695,112747 10054,872213 349,850607
7745,112747 10054,872213 326,456106
7795,112747 10054,872213 304,374932
7845,112747 10054,872213 283,641256
7895,112747 10054,872213 264,273384
7945,112747 10054,872213 246,276803
7995,112747 10054,872213 229,646922
8045,112747 10054,872213 214,371460
8095,112747 10054,872213 200,432444
8145,112747 10054,872213 187,807792
8195,112747 10054,872213 176,472506
8245,112747 10054,872213 166,399492
8295,112747 10054,872213 157,560037
8345,112747 10054,872213 149,923986
8395,112747 10054,872213 143,459688
8445,112747 10054,872213 138,133743
8495,112747 10054,872213 133,910638
8545,112747 10054,872213 130,752327
8595,112747 10054,872213 128,617815
8645,112747 10054,872213 127,462824
8695,112747 10054,872213 127,239577
8745,112747 10054,872213 127,896749
8795,112747 10054,872213 129,379596
8845,112747 10054,872213 131,630290
8895,112747 10054,872213 134,588411
8945,112747 10054,872213 138,191590
8995,112747 10054,872213 142,376250
9045,112747 10054,872213 147,078366
9095,112747 10054,872213 152,234224
9145,112747 10054,872213 157,781070
9195,112747 10054,872213 163,657642
9245,112747 10054,872213 169,804505
9295,112747 10054,872213 176,164190
9345,112747 10054,872213 182,681107
9395,112747 10054,872213 189,301234
9445,112747 10054,872213 195,971598
9495,112747 10054,872213 202,639582
9545,112747 10054,872213 209,252074
9595,112747 10054,872213 215,754519
9645,112747 10054,872213 222,089902
9695,112747 10054,872213 228,197736
9745,112747 10054,872213 234,013086
9795,112747 10054,872213 239,465699
9845,112747 10054,872213 244,479284
9895,112747 10054,872213 248,970996
9945,112747 10054,872213 252,851172
9995,112747 10054,872213 256,023360
10045,112747 10054,872213 258,384658
10095,112747 10054,872213 259,826416
10145,112747 10054,872213 260,235288
10195,112747 10054,872213 259,494653
10245,112747 10054,872213 257,486406
10295,112747 10054,872213 254,093115
10345,112747 10054,872213 249,200546
10395,112747 10054,872213 242,700549
10445,112747 10054,872213 234,494334
10495,112747 10054,872213 224,496138
10545,112747 10054,872213 212,637312
10595,112747 10054,872213 198,870850
10645,112747 10054,872213 183,176338
10695,112747 10054,872213 165,565302
10745,112747 10054,872213 146,086819
10795,112747 10054,872213 124,833186
10845,112747 10054,872213 101,945309
10895,112747 10054,872213 77,617293
10945,112747 10054,872213 52,099615
10995,112747 10054,872213 25,700057
11045,112747 10054,872213 -1,218406
11095,112747 10054,872213 -28,243568
11145,112747 10054,872213 -54,924360
11195,112747 10054,872213 -80,785787
11245,112747 10054,872213 -105,348011
11295,112747 10054,872213 -128,148498
11345,112747 10054,872213 -148,765458
11395,112747 10054,872213 -166,840375
11445,112747 10054,872213 -182,097188
11495,112747 10054,872213 -194,355996
11545,112747 10054,872213 -203,539757
11595,112747 10054,872213 -214,502126
11645,112747 10054,872213 -217,590512
11695,112747 10054,872213 -218,095039
11745,112747 10054,872213 -216,267905
11795,112747 10054,872213 -212,398654
11845,112747 10054,872213 -206,796408
11895,112747 10054,872213 -199,773929
11945,112747 10054,872213 -191,634415
11995,112747 10054,872213 -182,661431
12045,112747 10054,872213 -173,111987
12095,112747 10054,872213 -163,212487
12145,112747 10054,872213 -153,157089
12195,112747 10054,872213 -143,107949
12245,112747 10054,872213 -133,196837
12295,112747 10054,872213 -123,527656
12345,112747 10054,872213 -112,879586
12395,112747 10054,872213 -103,730135
12445,112747 10054,872213 -94,992984
12495,112747 10054,872213 -86,693658
12545,112747 10054,872213 -78,845032
12595,112747 10054,872213 -71,449828
12645,112747 10054,872213 -64,502808
12695,112747 10054,872213 -57,992657
12745,112747 10054,872213 -51,903584
12795,112747 10054,872213 -46,216643
12845,112747 10054,872213 -40,910829
12895,112747 10054,872213 -35,963945
12945,112747 10054,872213 -31,353304
12995,112747 10054,872213 -27,056260
13045,112747 10054,872213 -23,050621
13095,112747 10054,872213 -19,314939
13145,112747 10054,872213 -15,828729
13195,112747 10054,872213 -12,572602
13245,112747 10054,872213 -9,528350
13295,112747 10054,872213 -6,678981
13345,112747 10054,872213 -4,008726
13395,112747 10054,872213 -1,503013
13445,112747 10054,872213 0,851569
13495,112747 10054,872213 3,067327
13545,112747 10054,872213 5,155524
13595,112747 10054,872213 12,160396
13645,112747 10054,872213 14,177635
13695,112747 10054,872213 16,092046
13745,112747 10054,872213 17,911661
13795,112747 10054,872213 19,643780
13845,112747 10054,872213 21,295033
13895,112747 10054,872213 22,871437
13945,112747 10054,872213 24,378459
13995,112747 10054,872213 25,821061
6545,112747 10104,872213 840,986650
6595,112747 10104,872213 838,961736
6645,112747 10104,872213 830,098108
6695,112747 10104,872213 823,185744
6745,112747 10104,872213 813,803193
6795,112747 10104,872213 801,931927
6845,112747 10104,872213 787,599927
6895,112747 10104,872213 770,883530
6945,112747 10104,872213 751,907081
6995,112747 10104,872213 730,840291
7045,112747 10104,872213 707,893401
7095,112747 10104,872213 683,310429
7145,112747 10104,872213 657,360979
7195,112747 10104,872213 630,331168
7245,112747 10104,872213 602,514317
7295,112747 10104,872213 574,201985
7345,112747 10104,872213 545,675881
7395,112747 10104,872213 517,201045
7445,112747 10104,872213 489,020540
7495,112747 10104,872213 461,351741
7545,112747 10104,872213 434,384205
7595,112747 10104,872213 400,808451
7645,112747 10104,872213 375,917850
7695,112747 10104,872213 352,163584
7745,112747 10104,872213 329,618480
7795,112747 10104,872213 308,333990
7845,112747 10104,872213 288,343209
7895,112747 10104,872213 269,663863
7945,112747 10104,872213 252,301134
7995,112747 10104,872213 236,250215
8045,112747 10104,872213 221,498553
8095,112747 10104,872213 208,027737
8145,112747 10104,872213 195,815015
8195,112747 10104,872213 184,834466
8245,112747 10104,872213 175,057820
8295,112747 10104,872213 166,454989
8345,112747 10104,872213 158,994317
8395,112747 10104,872213 152,642621
8445,112747 10104,872213 147,365060
8495,112747 10104,872213 143,124895
8545,112747 10104,872213 139,883187
8595,112747 10104,872213 137,598504
8645,112747 10104,872213 136,226673
8695,112747 10104,872213 135,720630
8745,112747 10104,872213 136,030397
8795,112747 10104,872213 137,103209
8845,112747 10104,872213 138,883790
8895,112747 10104,872213 141,314775
8945,112747 10104,872213 144,337238
8995,112747 10104,872213 147,891305
9045,112747 10104,872213 151,916794
9095,112747 10104,872213 156,353830
9145,112747 10104,872213 161,143394
9195,112747 10104,872213 166,227760
9245,112747 10104,872213 171,550768
9295,112747 10104,872213 177,057936
9345,112747 10104,872213 182,696367
9395,112747 10104,872213 188,414472
9445,112747 10104,872213 194,161513
9495,112747 10104,872213 199,886973
9545,112747 10104,872213 205,539811
9595,112747 10104,872213 211,067605
9645,112747 10104,872213 216,415651
9695,112747 10104,872213 221,526051
9745,112747 10104,872213 226,336834
9795,112747 10104,872213 230,781171
9845,112747 10104,872213 234,786725
9895,112747 10104,872213 238,275171
9945,112747 10104,872213 241,161950
9995,112747 10104,872213 243,356268
10045,112747 10104,872213 244,761386
10095,112747 10104,872213 245,275209
10145,112747 10104,872213 244,791202
10195,112747 10104,872213 243,199622
10245,112747 10104,872213 240,389089
10295,112747 10104,872213 236,248489
10345,112747 10104,872213 230,669222
10395,112747 10104,872213 223,547809
10445,112747 10104,872213 214,788879
10495,112747 10104,872213 204,308578
10545,112747 10104,872213 192,038437
10595,112747 10104,872213 177,929730
10645,112747 10104,872213 161,958353
10695,112747 10104,872213 144,130192
10745,112747 10104,872213 124,486898
10795,112747 10104,872213 103,111881
10845,112747 10104,872213 80,136187
10895,112747 10104,872213 55,743780
10945,112747 10104,872213 30,175548
10995,112747 10104,872213 3,731219
11045,112747 10104,872213 -23,231742
11095,112747 10104,872213 -50,303152
11145,112747 10104,872213 -77,029771
11195,112747 10104,872213 -102,929908
11245,112747 10104,872213 -127,512710
11295,112747 10104,872213 -150,301092
11345,112747 10104,872213 -170,856558
11395,112747 10104,872213 -188,803513
11445,112747 10104,872213 -203,850431
11495,112747 10104,872213 -215,805421
11545,112747 10104,872213 -224,584361
11595,112747 10104,872213 -233,996924
11645,112747 10104,872213 -236,485804
11695,112747 10104,872213 -236,319237
11745,112747 10104,872213 -233,760796
11795,112747 10104,872213 -229,113632
11845,112747 10104,872213 -222,701473
11895,112747 10104,872213 -214,851569
11945,112747 10104,872213 -205,880590
11995,112747 10104,872213 -196,083935
12045,112747 10104,872213 -185,728464
12095,112747 10104,872213 -175,048337
12145,112747 10104,872213 -164,243443
12195,112747 10104,872213 -153,479840
12245,112747 10104,872213 -142,891636
12295,112747 10104,872213 -132,583787
12345,112747 10104,872213 -121,441932
12395,112747 10104,872213 -111,725719
12445,112747 10104,872213 -102,457384
12495,112747 10104,872213 -93,661079
12545,112747 10104,872213 -85,348100
12595,112747 10104,872213 -77,519485
12645,112747 10104,872213 -70,168278
12695,112747 10104,872213 -63,281462
12745,112747 10104,872213 -56,841589
12795,112747 10104,872213 -50,828129
12845,112747 10104,872213 -45,218562
12895,112747 10104,872213 -39,989260
12945,112747 10104,872213 -35,116182
12995,112747 10104,872213 -30,575405
13045,112747 10104,872213 -26,343527
13095,112747 10104,872213 -22,397964
13145,112747 10104,872213 -18,717151
13195,112747 10104,872213 -15,280685
13245,112747 10104,872213 -12,069392
13295,112747 10104,872213 -9,065373
13345,112747 10104,872213 -6,251998
13395,112747 10104,872213 -3,613883
13445,112747 10104,872213 -1,136852
13495,112747 10104,872213 1,192124
13545,112747 10104,872213 3,384985
13595,112747 10104,872213 10,427416
13645,112747 10104,872213 12,538588
13695,112747 10104,872213 14,539753
13745,112747 10104,872213 16,439488
13795,112747 10104,872213 18,245603
13845,112747 10104,872213 19,965204
13895,112747 10104,872213 21,604755
13945,112747 10104,872213 23,170134
13995,112747 10104,872213 24,666688
6545,112747 10154,872213 827,955654
6595,112747 10154,872213 825,699297
6645,112747 10154,872213 815,406387
6695,112747 10154,872213 808,435166
6745,112747 10154,872213 799,102344
6795,112747 10154,872213 787,397228
6845,112747 10154,872213 773,352902
6895,112747 10154,872213 757,047657
6945,112747 10154,872213 738,604383
6995,112747 10154,872213 718,187878
7045,112747 10154,872213 696,000178
7095,112747 10154,872213 672,274178
7145,112747 10154,872213 647,265983
7195,112747 10154,872213 621,246512
7245,112747 10154,872213 594,492906
7295,112747 10154,872213 567,280295
7345,112747 10154,872213 539,874379
7395,112747 10154,872213 512,525160
7445,112747 10154,872213 485,462070
7495,112747 10154,872213 458,890546
7545,112747 10154,872213 432,990038
7595,112747 10154,872213 400,320261
7645,112747 10154,872213 376,400955
7695,112747 10154,872213 353,565821
7745,112747 10154,872213 331,884943
7795,112747 10154,872213 311,408096
7845,112747 10154,872213 292,167513
7895,112747 10154,872213 274,180617
7945,112747 10154,872213 257,452624
7995,112747 10154,872213 241,978918
8045,112747 10154,872213 227,747139
8095,112747 10154,872213 214,738964
8145,112747 10154,872213 202,931551
8195,112747 10154,872213 192,298678
8245,112747 10154,872213 182,811564
8295,112747 10154,872213 174,439430
8345,112747 10154,872213 167,149813
8395,112747 10154,872213 160,908680
8445,112747 10154,872213 155,680403
8495,112747 10154,872213 151,427609
8545,112747 10154,872213 148,110992
8595,112747 10154,872213 145,689109
8645,112747 10154,872213 144,118208
8695,112747 10154,872213 143,352134
8745,112747 10154,872213 143,342329
8795,112747 10154,872213 144,037958
8845,112747 10154,872213 145,386144
8895,112747 10154,872213 147,332327
8945,112747 10154,872213 149,820708
8995,112747 10154,872213 152,794764
9045,112747 10154,872213 156,197774
9095,112747 10154,872213 159,973345
9145,112747 10154,872213 164,065859
9195,112747 10154,872213 168,420842
9245,112747 10154,872213 172,985192
9295,112747 10154,872213 177,707258
9345,112747 10154,872213 182,536753
9395,112747 10154,872213 187,424507
9445,112747 10154,872213 192,322046
9495,112747 10154,872213 197,181037
9545,112747 10154,872213 201,952613
9595,112747 10154,872213 206,586601
9645,112747 10154,872213 211,030711
9695,112747 10154,872213 215,229704
9745,112747 10154,872213 219,124593
9795,112747 10154,872213 222,651928
9845,112747 10154,872213 225,743185
9895,112747 10154,872213 228,324325
9945,112747 10154,872213 230,315542
9995,112747 10154,872213 231,631241
10045,112747 10154,872213 232,180270
10095,112747 10154,872213 231,866418
10145,112747 10154,872213 230,589201
10195,112747 10154,872213 228,244946
10245,112747 10154,872213 224,728168
10295,112747 10154,872213 219,933269
10345,112747 10154,872213 213,756558
10395,112747 10154,872213 206,098623
10445,112747 10154,872213 196,867090
10495,112747 10154,872213 185,979817
10545,112747 10154,872213 173,368572
10595,112747 10154,872213 158,983251
10645,112747 10154,872213 142,796675
10695,112747 10154,872213 124,809965
10745,112747 10154,872213 105,058415
10795,112747 10154,872213 83,617721
10845,112747 10154,872213 60,610233
10895,112747 10154,872213 36,210767
10945,112747 10154,872213 10,651291
10995,112747 10154,872213 -15,776348
11045,112747 10154,872213 -42,720655
11095,112747 10154,872213 -69,774672
11145,112747 10154,872213 -96,484934
11195,112747 10154,872213 -122,365693
11245,112747 10154,872213 -146,918219
11295,112747 10154,872213 -169,654285
11345,112747 10154,872213 -190,122023
11395,112747 10154,872213 -207,931709
11445,112747 10154,872213 -222,778610
11495,112747 10154,872213 -234,460184
11545,112747 10154,872213 -242,885544
11595,112747 10154,872213 -250,874951
11645,112747 10154,872213 -252,856796
11695,112747 10154,872213 -252,126311
11745,112747 10154,872213 -248,955639
11795,112747 10154,872213 -243,658510
11845,112747 10154,872213 -236,570213
11895,112747 10154,872213 -228,029589
11945,112747 10154,872213 -218,364167
11995,112747 10154,872213 -207,878930
12045,112747 10154,872213 -196,848741
12095,112747 10154,872213 -185,514077
12145,112747 10154,872213 -174,079504
12195,112747 10154,872213 -162,714278
12245,112747 10154,872213 -151,554432
12295,112747 10154,872213 -140,705819
12345,112747 10154,872213 -129,146554
12395,112747 10154,872213 -118,947828
12445,112747 10154,872213 -109,225475
12495,112747 10154,872213 -100,002621
12545,112747 10154,872213 -91,289376
12595,112747 10154,872213 -83,085513
12645,112747 10154,872213 -75,382781
12695,112747 10154,872213 -68,166883
12745,112747 10154,872213 -61,419125
12795,112747 10154,872213 -55,117779
12845,112747 10154,872213 -49,239185
12895,112747 10154,872213 -43,758631
12945,112747 10154,872213 -38,651045
12995,112747 10154,872213 -33,891527
13045,112747 10154,872213 -29,455749
13095,112747 10154,872213 -25,320242
13145,112747 10154,872213 -21,462603
13195,112747 10154,872213 -17,861624
13245,112747 10154,872213 -14,497369
13295,112747 10154,872213 -11,351207
13345,112747 10154,872213 -8,405814
13395,112747 10154,872213 -5,645144
13445,112747 10154,872213 -3,054387
13495,112747 10154,872213 -0,619918
13545,112747 10154,872213 1,670774
13595,112747 10154,872213 8,744424
13645,112747 10154,872213 10,943983
13695,112747 10154,872213 13,027018
13745,112747 10154,872213 15,002575
13795,112747 10154,872213 16,878907
13845,112747 10154,872213 18,663535
13895,112747 10154,872213 20,363313
13945,112747 10154,872213 21,984485
13995,112747 10154,872213 23,532740
6545,112747 10204,872213 813,623728
6595,112747 10204,872213 811,133420
6645,112747 10204,872213 799,320746
6695,112747 10204,872213 792,300890
6745,112747 10204,872213 783,033565
6795,112747 10204,872213 771,515356
6845,112747 10204,872213 757,783763
6895,112747 10204,872213 741,918237
6945,112747 10204,872213 724,039367
6995,112747 10204,872213 704,306182
7045,112747 10204,872213 682,911685
7095,112747 10204,872213 660,076887
7145,112747 10204,872213 636,043721
7195,112747 10204,872213 611,067328
7245,112747 10204,872213 585,408200
7295,112747 10204,872213 559,324660
7345,112747 10204,872213 533,066104
7395,112747 10204,872213 506,867282
7445,112747 10204,872213 480,943839
7495,112747 10204,872213 455,489166
7545,112747 10204,872213 430,672545
7595,112747 10204,872213 398,933153
7645,112747 10204,872213 375,998474
7695,112747 10204,872213 354,092969
7745,112747 10204,872213 333,284036
7795,112747 10204,872213 313,619891
7845,112747 10204,872213 295,132060
7895,112747 10204,872213 277,837875
7945,112747 10204,872213 261,742856
7995,112747 10204,872213 246,842901
8045,112747 10204,872213 233,126221
8095,112747 10204,872213 220,575011
8145,112747 10204,872213 209,166823
8195,112747 10204,872213 198,875655
8245,112747 10204,872213 189,672773
8295,112747 10204,872213 181,527287
8345,112747 10204,872213 174,406512
8395,112747 10204,872213 168,276146
8445,112747 10204,872213 163,100318
8495,112747 10204,872213 158,841532
8545,112747 10204,872213 155,460552
8595,112747 10204,872213 152,916283
8645,112747 10204,872213 151,165659
8695,112747 10204,872213 150,163596
8745,112747 10204,872213 149,863016
8795,112747 10204,872213 150,214966
8845,112747 10204,872213 151,168830
8895,112747 10204,872213 152,672638
8945,112747 10204,872213 154,673445
8995,112747 10204,872213 155,560229
9045,112747 10204,872213 158,350174
9095,112747 10204,872213 161,472570
9145,112747 10204,872213 164,875540
9195,112747 10204,872213 168,508251
9245,112747 10204,872213 172,321100
9295,112747 10204,872213 176,265773
9345,112747 10204,872213 180,295153
9395,112747 10204,872213 184,363094
9445,112747 10204,872213 188,424039
9495,112747 10204,872213 192,432520
9545,112747 10204,872213 196,342552
9595,112747 10204,872213 200,106934
9645,112747 10204,872213 203,676516
9695,112747 10204,872213 206,999442
9745,112747 10204,872213 210,020424
9795,112747 10204,872213 212,680078
9845,112747 10204,872213 214,914366
9895,112747 10204,872213 216,654168
9945,112747 10204,872213 217,825041
9995,112747 10204,872213 218,347169
10045,112747 10204,872213 218,135541
10095,112747 10204,872213 217,100370
10145,112747 10204,872213 215,147770
10195,112747 10204,872213 212,180689
10245,112747 10204,872213 208,100130
10295,112747 10204,872213 202,806637
10345,112747 10204,872213 196,202099
10395,112747 10204,872213 188,191873
10445,112747 10204,872213 178,687279
10495,112747 10204,872213 167,608515
10545,112747 10204,872213 154,888053
10595,112747 10204,872213 140,474579
10645,112747 10204,872213 124,337540
10695,112747 10204,872213 106,472311
10745,112747 10204,872213 86,905962
10795,112747 10204,872213 65,703491
10845,112747 10204,872213 42,974276
10895,112747 10204,872213 18,878317
10945,112747 10204,872213 -6,368359
10995,112747 10204,872213 -32,489956
11045,112747 10204,872213 -59,149848
11095,112747 10204,872213 -85,953257
11145,112747 10204,872213 -112,454690
11195,112747 10204,872213 -138,170811
11245,112747 10204,872213 -162,598868
11295,112747 10204,872213 -185,239996
11345,112747 10204,872213 -205,625797
11395,112747 10204,872213 -223,345745
11445,112747 10204,872213 -238,072390
11495,112747 10204,872213 -249,581315
11545,112747 10204,872213 -257,763274
11595,112747 10204,872213 -264,534620
11645,112747 10204,872213 -266,110172
11695,112747 10204,872213 -264,898501
11745,112747 10204,872213 -261,177776
11795,112747 10204,872213 -255,272483
11845,112747 10204,872213 -247,531851
11895,112747 10204,872213 -238,310225
11945,112747 10204,872213 -227,950721
11995,112747 10204,872213 -216,772825
12045,112747 10204,872213 -205,064015
12095,112747 10204,872213 -193,075046
12145,112747 10204,872213 -181,018291
12195,112747 10204,872213 -169,068437
12245,112747 10204,872213 -157,364824
12295,112747 10204,872213 -146,014816
12345,112747 10204,872213 -134,070977
12395,112747 10204,872213 -123,455123
12445,112747 10204,872213 -113,355157
12495,112747 10204,872213 -103,792112
12545,112747 10204,872213 -94,773700
12595,112747 10204,872213 -86,297159
12645,112747 10204,872213 -78,351689
12695,112747 10204,872213 -70,920518
12745,112747 10204,872213 -63,982604
12795,112747 10204,872213 -57,514036
12845,112747 10204,872213 -51,489150
12895,112747 10204,872213 -45,881414
12945,112747 10204,872213 -40,664114
12995,112747 10204,872213 -35,810876
13045,112747 10204,872213 -31,296053
13095,112747 10204,872213 -27,094996
13145,112747 10204,872213 -23,184247
13195,112747 10204,872213 -19,541651
13245,112747 10204,872213 -16,146423
13295,112747 10204,872213 -12,979166
13345,112747 10204,872213 -10,021860
13395,112747 10204,872213 -7,257829
13445,112747 10204,872213 -4,671689
13495,112747 10204,872213 -2,249284
13545,112747 10204,872213 0,022382
13595,112747 10204,872213 6,758000
13645,112747 10204,872213 8,908030
13695,112747 10204,872213 10,935048
13745,112747 10204,872213 12,848478
13795,112747 10204,872213 14,656929
13845,112747 10204,872213 16,368261
13895,112747 10204,872213 17,989648
13945,112747 10204,872213 19,527639
13995,112747 10204,872213 20,988210
6545,112747 10254,872213 798,167753
6595,112747 10254,872213 795,447694
6645,112747 10254,872213 782,057972
6695,112747 10254,872213 775,003681
6745,112747 10254,872213 765,819666
6795,112747 10254,872213 754,509108
6845,112747 10254,872213 741,113170
6895,112747 10254,872213 725,711688
6945,112747 10254,872213 708,422192
6995,112747 10254,872213 689,397244
7045,112747 10254,872213 668,820213
7095,112747 10254,872213 646,899728
7145,112747 10254,872213 623,863182
7195,112747 10254,872213 599,949682
7245,112747 10254,872213 575,402912
7295,112747 10254,872213 550,464322
7345,112747 10254,872213 525,366991
7395,112747 10254,872213 500,330448
7445,112747 10254,872213 475,556601
7495,112747 10254,872213 451,226856
7545,112747 10254,872213 427,500388
7595,112747 10254,872213 396,707185
7645,112747 10254,872213 374,761758
7695,112747 10254,872213 353,788812
7745,112747 10254,872213 333,853113
7795,112747 10254,872213 315,001390
7845,112747 10254,872213 297,264577
7895,112747 10254,872213 280,660067
7945,112747 10254,872213 265,193881
7995,112747 10254,872213 250,862673
8045,112747 10254,872213 237,655522
8095,112747 10254,872213 225,555485
8145,112747 10254,872213 214,540894
8195,112747 10254,872213 204,586396
8245,112747 10254,872213 195,663763
8295,112747 10254,872213 187,742476
8345,112747 10254,872213 180,790113
8395,112747 10254,872213 174,772588
8445,112747 10254,872213 169,654249
8495,112747 10254,872213 165,397896
8545,112747 10254,872213 161,964733
8595,112747 10254,872213 159,314310
8645,112747 10254,872213 157,404469
8695,112747 10254,872213 156,191334
8745,112747 10254,872213 155,629349
8795,112747 10254,872213 155,671404
8845,112747 10254,872213 156,269025
8895,112747 10254,872213 157,372643
8945,112747 10254,872213 158,931924
8995,112747 10254,872213 159,250257
9045,112747 10254,872213 161,530728
9095,112747 10254,872213 164,111217
9145,112747 10254,872213 166,942638
9195,112747 10254,872213 169,976860
9245,112747 10254,872213 173,166869
9295,112747 10254,872213 176,466805
9345,112747 10254,872213 179,831889
9395,112747 10254,872213 183,218205
9445,112747 10254,872213 186,582364
9495,112747 10254,872213 189,881045
9545,112747 10254,872213 193,070444
9595,112747 10254,872213 196,105634
9645,112747 10254,872213 198,939890
9695,112747 10254,872213 201,523989
9745,112747 10254,872213 203,805533
9795,112747 10254,872213 205,728323
9845,112747 10254,872213 207,231825
9895,112747 10254,872213 208,250762
9945,112747 10254,872213 208,714859
9995,112747 10254,872213 208,548767
10045,112747 10254,872213 207,672197
10095,112747 10254,872213 206,000267
10145,112747 10254,872213 203,444084
10195,112747 10254,872213 199,911575
10245,112747 10254,872213 195,308568
10295,112747 10254,872213 189,540140
10345,112747 10254,872213 182,512265
10395,112747 10254,872213 174,133777
10445,112747 10254,872213 164,318705
10495,112747 10254,872213 152,989034
10545,112747 10254,872213 140,077960
10595,112747 10254,872213 125,533706
10645,112747 10254,872213 109,323980
10695,112747 10254,872213 91,441085
10745,112747 10254,872213 71,907687
10795,112747 10254,872213 50,783113
10845,112747 10254,872213 28,169960
10895,112747 10254,872213 4,220582
10945,112747 10254,872213 -20,857133
10995,112747 10254,872213 -46,795551
11045,112747 10254,872213 -73,265650
11095,112747 10254,872213 -99,879072
11145,112747 10254,872213 -126,194933
11195,112747 10254,872213 -151,732176
11245,112747 10254,872213 -175,987672
11295,112747 10254,872213 -198,459495
11345,112747 10254,872213 -218,673829
11395,112747 10254,872213 -236,213041
11445,112747 10254,872213 -250,741839
11495,112747 10254,872213 -262,028293
11545,112747 10254,872213 -269,957002
11595,112747 10254,872213 -275,695026
11645,112747 10254,872213 -276,955561
11695,112747 10254,872213 -275,405122
11745,112747 10254,872213 -271,323851
11795,112747 10254,872213 -265,039768
11845,112747 10254,872213 -256,906670
11895,112747 10254,872213 -247,283965
11945,112747 10254,872213 -236,519845
11995,112747 10254,872213 -224,938509
12045,112747 10254,872213 -212,831538
12095,112747 10254,872213 -200,453052
12145,112747 10254,872213 -188,018028
12195,112747 10254,872213 -175,703033
12245,112747 10254,872213 -163,648656
12295,112747 10254,872213 -151,962983
12345,112747 10254,872213 -139,759996
12395,112747 10254,872213 -128,837615
12445,112747 10254,872213 -118,445391
12495,112747 10254,872213 -108,604117
12545,112747 10254,872213 -99,321174
12595,112747 10254,872213 -90,593410
12645,112747 10254,872213 -82,409607
12695,112747 10254,872213 -74,752561
12745,112747 10254,872213 -67,600798
12795,112747 10254,872213 -60,929976
12845,112747 10254,872213 -54,714005
12895,112747 10254,872213 -48,925935
12945,112747 10254,872213 -43,538639
12995,112747 10254,872213 -38,525332
13045,112747 10254,872213 -33,859959
13095,112747 10254,872213 -29,517470
13145,112747 10254,872213 -25,474001
13195,112747 10254,872213 -21,707001
13245,112747 10254,872213 -18,195285
13295,112747 10254,872213 -14,919063
13345,112747 10254,872213 -11,859928
13395,112747 10254,872213 -9,000820
13445,112747 10254,872213 -6,325980
13495,112747 10254,872213 -3,820886
13545,112747 10254,872213 -1,472185
13595,112747 10254,872213 5,277400
13645,112747 10254,872213 7,497137
13695,112747 10254,872213 9,588922
13745,112747 10254,872213 11,562496
13795,112747 10254,872213 13,426773
13845,112747 10254,872213 15,189905
13895,112747 10254,872213 16,859344
13945,112747 10254,872213 18,441903
13995,112747 10254,872213 19,943808
6545,112747 10304,872213 781,761206
6595,112747 10304,872213 778,821241
6645,112747 10304,872213 763,828176
6695,112747 10304,872213 756,756572
6745,112747 10304,872213 747,674800
6795,112747 10304,872213 736,591881
6845,112747 10304,872213 723,551869
6895,112747 10304,872213 708,634251
6945,112747 10304,872213 691,952849
6995,112747 10304,872213 673,653224
7045,112747 10304,872213 653,908717
7095,112747 10304,872213 632,915334
7145,112747 10304,872213 610,885822
7195,112747 10304,872213 588,043276
7245,112747 10304,872213 564,614697
7295,112747 10304,872213 540,824847
7345,112747 10304,872213 516,890715
7395,112747 10304,872213 493,016842
7445,112747 10304,872213 469,391626
7495,112747 10304,872213 446,184688
7545,112747 10304,872213 423,545261
7595,112747 10304,872213 393,706541
7645,112747 10304,872213 372,747249
7695,112747 10304,872213 352,703067
7745,112747 10304,872213 333,636167
7795,112747 10304,872213 315,591841
7845,112747 10304,872213 298,600499
7895,112747 10304,872213 282,679691
7945,112747 10304,872213 267,836070
7995,112747 10304,872213 254,067223
8045,112747 10304,872213 241,363312
8095,112747 10304,872213 229,708519
8145,112747 10304,872213 219,082257
8195,112747 10304,872213 209,460165
8245,112747 10304,872213 200,814890
8295,112747 10304,872213 193,116673
8345,112747 10304,872213 186,333760
8395,112747 10304,872213 180,432674
8445,112747 10304,872213 175,378366
8495,112747 10304,872213 171,134277
8545,112747 10304,872213 167,662360
8595,112747 10304,872213 164,923061
8645,112747 10304,872213 162,875312
8695,112747 10304,872213 161,476552
8745,112747 10304,872213 160,682789
8795,112747 10304,872213 160,448717
8845,112747 10304,872213 160,727900
8895,112747 10304,872213 161,473010
8945,112747 10304,872213 162,636116
8995,112747 10304,872213 162,442014
9045,112747 10304,872213 164,264930
9095,112747 10304,872213 166,358295
9145,112747 10304,872213 168,675564
9195,112747 10304,872213 171,171079
9245,112747 10304,872213 173,800211
9295,112747 10304,872213 176,519396
9345,112747 10304,872213 179,286061
9395,112747 10304,872213 182,058429
9445,112747 10304,872213 184,795215
9495,112747 10304,872213 187,455205
9545,112747 10304,872213 189,996747
9595,112747 10304,872213 192,377168
9645,112747 10304,872213 194,552135
9695,112747 10304,872213 196,475007
9745,112747 10304,872213 198,096192
9795,112747 10304,872213 199,362557
9845,112747 10304,872213 200,216907
9895,112747 10304,872213 200,597588
9945,112747 10304,872213 200,438223
9995,112747 10304,872213 199,667612
10045,112747 10304,872213 198,209827
10095,112747 10304,872213 195,984502
10145,112747 10304,872213 192,907343
10195,112747 10304,872213 188,890868
10245,112747 10304,872213 183,845387
10295,112747 10304,872213 177,680237
10345,112747 10304,872213 170,305305
10395,112747 10304,872213 161,632868
10445,112747 10304,872213 151,579795
10495,112747 10304,872213 140,070180
10545,112747 10304,872213 127,038470
10595,112747 10304,872213 112,433173
10645,112747 10304,872213 96,221203
10695,112747 10304,872213 78,392916
10745,112747 10304,872213 58,967814
10795,112747 10304,872213 38,000836
10845,112747 10304,872213 15,588991
10895,112747 10304,872213 -8,122034
10945,112747 10304,872213 -32,931920
10995,112747 10304,872213 -58,581211
11045,112747 10304,872213 -84,749284
11095,112747 10304,872213 -111,055927
11145,112747 10304,872213 -137,067628
11195,112747 10304,872213 -162,309384
11245,112747 10304,872213 -186,282355
11295,112747 10304,872213 -208,486827
11345,112747 10304,872213 -228,449041
11395,112747 10304,872213 -245,749436
11445,112747 10304,872213 -260,049238
11495,112747 10304,872213 -271,112096
11545,112747 10304,872213 -278,817946
11595,112747 10304,872213 -283,759049
11645,112747 10304,872213 -284,794173
11695,112747 10304,872213 -283,017714
11745,112747 10304,872213 -278,707876
11795,112747 10304,872213 -272,191785
11845,112747 10304,872213 -263,823247
11895,112747 10304,872213 -253,962352
11945,112747 10304,872213 -242,958406
11995,112747 10304,872213 -231,136932
12045,112747 10304,872213 -218,790867
12095,112747 10304,872213 -206,175599
12145,112747 10304,872213 -193,507206
12195,112747 10304,872213 -180,963171
12245,112747 10304,872213 -168,684803
12295,112747 10304,872213 -156,780741
12345,112747 10304,872213 -144,411411
12395,112747 10304,872213 -133,281806
12445,112747 10304,872213 -122,688065
12495,112747 10304,872213 -112,651222
12545,112747 10304,872213 -103,178857
12595,112747 10304,872213 -94,267979
12645,112747 10304,872213 -85,907502
12695,112747 10304,872213 -78,080326
12745,112747 10304,872213 -70,765054
12795,112747 10304,872213 -63,937395
12845,112747 10304,872213 -57,571283
12895,112747 10304,872213 -51,639763
12945,112747 10304,872213 -46,115677
12995,112747 10304,872213 -40,972180
13045,112747 10304,872213 -36,183130
13095,112747 10304,872213 -31,723363
13145,112747 10304,872213 -27,568880
13195,112747 10304,872213 -23,696967
13245,112747 10304,872213 -20,086264
13295,112747 10304,872213 -16,716785
13345,112747 10304,872213 -13,569913
13395,112747 10304,872213 -10,628369
13445,112747 10304,872213 -7,876165
13495,112747 10304,872213 -5,298547
13545,112747 10304,872213 -2,881926
13595,112747 10304,872213 3,875442
13645,112747 10304,872213 6,157189
13695,112747 10304,872213 8,306846
13745,112747 10304,872213 10,334388
13795,112747 10304,872213 12,248959
13845,112747 10304,872213 14,058933
13895,112747 10304,872213 15,771982
13945,112747 10304,872213 17,395126
13995,112747 10304,872213 18,934794
6545,112747 10354,872213 764,570572
6595,112747 10354,872213 761,425071
6645,112747 10354,872213 744,830420
6695,112747 10354,872213 737,760507
6745,112747 10354,872213 728,800185
6795,112747 10354,872213 717,963510
6845,112747 10354,872213 705,296671
6895,112747 10354,872213 690,878141
6945,112747 10354,872213 674,817499
6995,112747 10354,872213 657,252934
7045,112747 10354,872213 638,347559
7095,112747 10354,872213 618,284731
7145,112747 10354,872213 597,262679
7195,112747 10354,872213 575,488745
7245,112747 10354,872213 553,173592
7295,112747 10354,872213 530,525694
7345,112747 10354,872213 507,746372
7395,112747 10354,872213 485,025578
7445,112747 10354,872213 462,538565
7495,112747 10354,872213 440,443479
7545,112747 10354,872213 418,879866
7595,112747 10354,872213 389,997516
7645,112747 10354,872213 370,014503
7695,112747 10354,872213 350,889427
7745,112747 10354,872213 332,681899
7795,112747 10354,872213 315,435799
7845,112747 10354,872213 299,181042
7895,112747 10354,872213 283,935384
7945,112747 10354,872213 269,706188
7995,112747 10354,872213 256,492083
8045,112747 10354,872213 244,284465
8095,112747 10354,872213 233,068827
8145,112747 10354,872213 222,825893
8195,112747 10354,872213 213,532553
8245,112747 10354,872213 205,162621
8295,112747 10354,872213 197,687409
8345,112747 10354,872213 191,076154
8395,112747 10354,872213 185,296312
8445,112747 10354,872213 180,313743
8495,112747 10354,872213 176,092823
8545,112747 10354,872213 172,596501
8595,112747 10354,872213 169,786323
8645,112747 10354,872213 167,622467
8695,112747 10354,872213 166,063781
8745,112747 10354,872213 165,067862
8795,112747 10354,872213 164,591181
8845,112747 10354,872213 164,589248
8895,112747 10354,872213 165,016836
8945,112747 10354,872213 165,828240
8995,112747 10354,872213 165,177237
9045,112747 10354,872213 166,593316
9095,112747 10354,872213 168,253045
9145,112747 10354,872213 170,112187
9195,112747 10354,872213 172,127338
9245,112747 10354,872213 174,256060
9295,112747 10354,872213 176,456910
9345,112747 10354,872213 178,689374
9395,112747 10354,872213 180,913697
9445,112747 10354,872213 183,090599
9495,112747 10354,872213 185,180893
9545,112747 10354,872213 187,145010
9595,112747 10354,872213 188,942459
9645,112747 10354,872213 190,531226
9695,112747 10354,872213 191,867162
9745,112747 10354,872213 192,903370
9795,112747 10354,872213 193,589639
9845,112747 10354,872213 193,871939
9895,112747 10354,872213 193,692028
9945,112747 10354,872213 192,987177
9995,112747 10354,872213 191,690062
10045,112747 10354,872213 189,728817
10095,112747 10354,872213 187,027284
10145,112747 10354,872213 183,505470
10195,112747 10354,872213 179,080212
10245,112747 10354,872213 173,666085
10295,112747 10354,872213 167,176544
10345,112747 10354,872213 159,525357
10395,112747 10354,872213 150,628339
10445,112747 10354,872213 140,405451
10495,112747 10354,872213 128,783323
10545,112747 10354,872213 115,698272
10595,112747 10354,872213 101,099892
10645,112747 10354,872213 84,955286
10695,112747 10354,872213 67,253989
10745,112747 10354,872213 48,013563
10795,112747 10354,872213 27,285792
10845,112747 10354,872213 5,163245
10895,112747 10354,872213 -18,214155
10945,112747 10354,872213 -42,653146
10995,112747 10354,872213 -67,902520
11045,112747 10354,872213 -93,650893
11095,112747 10354,872213 -119,527965
11145,112747 10354,872213 -145,110373
11195,112747 10354,872213 -169,932986
11245,112747 10354,872213 -193,505975
11295,112747 10354,872213 -215,337212
11345,112747 10354,872213 -234,958609
11395,112747 10354,872213 -251,954052
11445,112747 10354,872213 -265,985881
11495,112747 10354,872213 -276,816657
11545,112747 10354,872213 -284,323380
11595,112747 10354,872213 -288,725486
11645,112747 10354,872213 -289,619091
11695,112747 10354,872213 -287,724426
11745,112747 10354,872213 -283,313889
11795,112747 10354,872213 -276,709281
11845,112747 10354,872213 -268,259802
11895,112747 10354,872213 -258,321768
11945,112747 10354,872213 -247,241542
11995,112747 10354,872213 -235,342486
12045,112747 10354,872213 -222,916054
12095,112747 10354,872213 -210,216712
12145,112747 10354,872213 -197,460077
12195,112747 10354,872213 -184,823514
12245,112747 10354,872213 -172,448483
12295,112747 10354,872213 -160,443963
12345,112747 10354,872213 -148,001769
12395,112747 10354,872213 -136,764822
12445,112747 10354,872213 -126,060955
12495,112747 10354,872213 -115,911910
12545,112747 10354,872213 -106,325978
12595,112747 10354,872213 -97,300871
12645,112747 10354,872213 -88,826173
12695,112747 10354,872213 -80,885416
12745,112747 10354,872213 -73,457785
12795,112747 10354,872213 -66,519514
12845,112747 10354,872213 -60,045007
12895,112747 10354,872213 -54,007715
12945,112747 10354,872213 -48,380826
12995,112747 10354,872213 -43,137784
13045,112747 10354,872213 -38,252676
13095,112747 10354,872213 -33,700514
13145,112747 10354,872213 -29,457424
13195,112747 10354,872213 -25,500775
13245,112747 10354,872213 -21,809243
13295,112747 10354,872213 -18,362845
13345,112747 10354,872213 -15,142933
13395,112747 10354,872213 -12,132172
13445,112747 10354,872213 -9,314492
13495,112747 10354,872213 -6,675038
13545,112747 10354,872213 -4,200105
13595,112747 10354,872213 2,558955
13645,112747 10354,872213 4,894537
13695,112747 10354,872213 7,094719
13745,112747 10354,872213 9,169627
13795,112747 10354,872213 11,128559
13845,112747 10354,872213 12,980046
13895,112747 10354,872213 14,731911
13945,112747 10354,872213 16,391331
13995,112747 10354,872213 17,964885
6545,112747 10404,872213 746,752566
6595,112747 10404,872213 743,419314
6645,112747 10404,872213 725,249485
6695,112747 10404,872213 718,201214
6745,112747 10404,872213 709,381084
6795,112747 10404,872213 698,807383
6845,112747 10404,872213 686,527719
6895,112747 10404,872213 672,618970
6945,112747 10404,872213 657,186057
6995,112747 10404,872213 640,359571
7045,112747 10404,872213 622,292371
7095,112747 10404,872213 603,155324
7145,112747 10404,872213 583,132463
7195,112747 10404,872213 562,415819
7245,112747 10404,872213 541,200248
7295,112747 10404,872213 519,678504
7345,112747 10404,872213 498,036801
7395,112747 10404,872213 476,451040
7445,112747 10404,872213 455,083800
7495,112747 10404,872213 434,082150
7545,112747 10404,872213 413,576265
7595,112747 10404,872213 385,646828
7645,112747 10404,872213 366,624502
7695,112747 10404,872213 348,403877
7745,112747 10404,872213 331,042031
7795,112747 10404,872213 314,581435
7845,112747 10404,872213 299,051510
7895,112747 10404,872213 284,470228
7945,112747 10404,872213 270,845692
7995,112747 10404,872213 258,177629
8045,112747 10404,872213 246,458760
8095,112747 10404,872213 235,676015
8145,112747 10404,872213 225,811587
8195,112747 10404,872213 216,843813
8245,112747 10404,872213 208,747894
8295,112747 10404,872213 201,496454
8345,112747 10404,872213 195,059976
8395,112747 10404,872213 189,407105
8445,112747 10404,872213 184,504864
8495,112747 10404,872213 180,318794
8545,112747 10404,872213 176,813046
8595,112747 10404,872213 173,950439
8645,112747 10404,872213 171,692519
8695,112747 10404,872213 169,999619
8745,112747 10404,872213 168,830955
8795,112747 10404,872213 168,144743
8845,112747 10404,872213 167,898370
8895,112747 10404,872213 168,048589
8945,112747 10404,872213 168,551761
8995,112747 10404,872213 167,498665
9045,112747 10404,872213 168,557332
9095,112747 10404,872213 169,835532
9145,112747 10404,872213 171,291115
9195,112747 10404,872213 172,882724
9245,112747 10404,872213 174,569911
9295,112747 10404,872213 176,313171
9345,112747 10404,872213 178,073890
9395,112747 10404,872213 179,814184
9445,112747 10404,872213 181,496648
9495,112747 10404,872213 183,084000
9545,112747 10404,872213 184,538643
9595,112747 10404,872213 185,822156
9645,112747 10404,872213 186,894728
9695,112747 10404,872213 187,714573
9745,112747 10404,872213 188,237350
9795,112747 10404,872213 188,415606
9845,112747 10404,872213 188,198294
9895,112747 10404,872213 187,530375
9945,112747 10404,872213 186,352550
9995,112747 10404,872213 184,601128
10045,112747 10404,872213 182,208063
10095,112747 10404,872213 179,101171
10145,112747 10404,872213 175,204545
10195,112747 10404,872213 170,439172
10245,112747 10404,872213 164,723775
10295,112747 10404,872213 157,975901
10345,112747 10404,872213 150,113271
10395,112747 10404,872213 141,055436
10445,112747 10404,872213 130,725793
10495,112747 10404,872213 119,054005
10545,112747 10404,872213 105,978920
10595,112747 10404,872213 91,452045
10645,112747 10404,872213 75,441646
10695,112747 10404,872213 57,937527
10745,112747 10404,872213 38,956468
10795,112747 10404,872213 18,548250
10845,112747 10404,872213 -3,197957
10895,112747 10404,872213 -26,147182
10945,112747 10404,872213 -50,112796
10995,112747 10404,872213 -74,851974
11045,112747 10404,872213 -100,063424
11095,112747 10404,872213 -125,388484
11145,112747 10404,872213 -150,416641
11195,112747 10404,872213 -174,696312
11245,112747 10404,872213 -197,751227
11295,112747 10404,872213 -219,102025
11345,112747 10404,872213 -238,291747
11395,112747 10404,872213 -254,912977
11445,112747 10404,872213 -268,633710
11495,112747 10404,872213 -279,218791
11545,112747 10404,872213 -286,544122
11595,112747 10404,872213 -290,675447
11645,112747 10404,872213 -291,503651
11695,112747 10404,872213 -289,590473
11745,112747 10404,872213 -285,198894
11795,112747 10404,872213 -278,641195
11845,112747 10404,872213 -270,257552
11895,112747 10404,872213 -260,396192
11945,112747 10404,872213 -249,396585
11995,112747 10404,872213 -237,576502
12045,112747 10404,872213 -225,223092
12095,112747 10404,872213 -212,587714
12145,112747 10404,872213 -199,883919
12195,112747 10404,872213 -187,287889
12245,112747 10404,872213 -174,940608
12295,112747 10404,872213 -162,951132
12345,112747 10404,872213 -150,527546
12395,112747 10404,872213 -139,281357
12445,112747 10404,872213 -128,557330
12495,112747 10404,872213 -118,378330
12545,112747 10404,872213 -108,753836
12595,112747 10404,872213 -99,682757
12645,112747 10404,872213 -91,155858
12695,112747 10404,872213 -83,157797
12745,112747 10404,872213 -75,668819
12795,112747 10404,872213 -68,666140
12845,112747 10404,872213 -62,125054
12895,112747 10404,872213 -56,019815
12945,112747 10404,872213 -50,324322
12995,112747 10404,872213 -45,012639
13045,112747 10404,872213 -40,059392
13095,112747 10404,872213 -35,440046
13145,112747 10404,872213 -31,131112
13195,112747 10404,872213 -27,110268
13245,112747 10404,872213 -23,356442
13295,112747 10404,872213 -19,849845
13345,112747 10404,872213 -16,571974
13395,112747 10404,872213 -13,505593
13445,112747 10404,872213 -10,634697
13495,112747 10404,872213 -7,944459
13545,112747 10404,872213 -5,421177
13595,112747 10404,872213 1,333621
13645,112747 10404,872213 3,714507
13695,112747 10404,872213 5,957527
13745,112747 10404,872213 8,072874
13795,112747 10404,872213 10,069924
13845,112747 10404,872213 11,957293
13895,112747 10404,872213 13,742902
13945,112747 10404,872213 15,434024
13995,112747 10404,872213 17,037338
6545,112747 10454,872213 728,452140
6595,112747 10454,872213 724,951297
6645,112747 10454,872213 705,253744
6695,112747 10454,872213 698,247185
6745,112747 10454,872213 689,584925
6795,112747 10454,872213 679,288706
6845,112747 10454,872213 667,406900
6895,112747 10454,872213 654,014292
6945,112747 10454,872213 639,210847
6995,112747 10454,872213 623,119472
7045,112747 10454,872213 605,882890
7095,112747 10454,872213 587,659790
7145,112747 10454,872213 568,620476
7195,112747 10454,872213 548,942263
7245,112747 10454,872213 528,804862
7295,112747 10454,872213 508,385999
7345,112747 10454,872213 487,857461
7395,112747 10454,872213 467,381722
7445,112747 10454,872213 447,109241
7495,112747 10454,872213 427,176475
7545,112747 10454,872213 407,704598
7595,112747 10454,872213 380,720261
7645,112747 10454,872213 362,638270
7695,112747 10454,872213 345,303285
7745,112747 10454,872213 328,769871
7795,112747 10454,872213 313,079085
7845,112747 10454,872213 298,259832
7895,112747 10454,872213 284,330279
7945,112747 10454,872213 271,299259
7995,112747 10454,872213 259,167611
8045,112747 10454,872213 247,929421
8095,112747 10454,872213 237,573128
8145,112747 10454,872213 228,082500
8195,112747 10454,872213 219,437453
8245,112747 10454,872213 211,614735
8295,112747 10454,872213 204,588466
8345,112747 10454,872213 198,330569
8395,112747 10454,872213 192,811080
8445,112747 10454,872213 187,998384
8495,112747 10454,872213 183,859376
8545,112747 10454,872213 180,359573
8595,112747 10454,872213 177,463207
8645,112747 10454,872213 175,133296
8695,112747 10454,872213 173,331724
8745,112747 10454,872213 172,019345
8795,112747 10454,872213 171,156104
8845,112747 10454,872213 170,701197
8895,112747 10454,872213 170,613258
8945,112747 10454,872213 170,850582
8995,112747 10454,872213 169,449275
9045,112747 10454,872213 170,198615
9095,112747 10454,872213 171,145964
9145,112747 10454,872213 172,251056
9195,112747 10454,872213 173,474375
9245,112747 10454,872213 174,777264
9295,112747 10454,872213 176,121965
9345,112747 10454,872213 177,471575
9395,112747 10454,872213 178,789909
9445,112747 10454,872213 180,041271
9495,112747 10454,872213 181,190125
9545,112747 10454,872213 182,200692
9595,112747 10454,872213 183,036465
9645,112747 10454,872213 183,659679
9695,112747 10454,872213 184,030752
9745,112747 10454,872213 184,107724
9795,112747 10454,872213 183,845721
9845,112747 10454,872213 183,196487
9895,112747 10454,872213 182,107990
9945,112747 10454,872213 180,524153
9995,112747 10454,872213 178,384717
10045,112747 10454,872213 175,625264
10095,112747 10454,872213 172,177414
10145,112747 10454,872213 167,969205
10195,112747 10454,872213 162,925685
10245,112747 10454,872213 156,969706
10295,112747 10454,872213 150,022965
10345,112747 10454,872213 142,007292
10395,112747 10454,872213 132,846251
10445,112747 10454,872213 122,467070
10495,112747 10454,872213 110,802987
10545,112747 10454,872213 97,796057
10595,112747 10454,872213 83,400504
10645,112747 10454,872213 67,586686
10695,112747 10454,872213 50,345688
10745,112747 10454,872213 31,694560
10795,112747 10454,872213 11,682103
10845,112747 10454,872213 -9,605003
10895,112747 10454,872213 -32,036060
10945,112747 10454,872213 -55,430762
10995,112747 10454,872213 -79,554859
11045,112747 10454,872213 -104,118006
11095,112747 10454,872213 -128,774818
11145,112747 10454,872213 -153,130139
11195,112747 10454,872213 -176,749315
11245,112747 10454,872213 -199,173806
11295,112747 10454,872213 -219,941768
11345,112747 10454,872213 -238,612369
11395,112747 10454,872213 -254,791730
11445,112747 10454,872213 -268,157739
11495,112747 10454,872213 -278,480716
11545,112747 10454,872213 -285,637296
11595,112747 10454,872213 -289,764660
11645,112747 10454,872213 -290,594251
11695,112747 10454,872213 -288,751525
11745,112747 10454,872213 -284,486880
11795,112747 10454,872213 -278,099324
11845,112747 10454,872213 -269,916007
11895,112747 10454,872213 -260,273107
11945,112747 10454,872213 -249,499530
11995,112747 10454,872213 -237,904228
12045,112747 10454,872213 -225,767362
12095,112747 10454,872213 -213,335057
12145,112747 10454,872213 -200,817221
12195,112747 10454,872213 -188,387760
12245,112747 10454,872213 -176,186514
12295,112747 10454,872213 -164,322286
12345,112747 10454,872213 -152,004201
12395,112747 10454,872213 -140,842884
12445,112747 10454,872213 -130,185293
12495,112747 10454,872213 -120,055756
12545,112747 10454,872213 -110,465343
12595,112747 10454,872213 -101,414601
12645,112747 10454,872213 -92,895921
12695,112747 10454,872213 -84,895537
12745,112747 10454,872213 -77,395188
12795,112747 10454,872213 -70,373486
12845,112747 10454,872213 -63,807009
12895,112747 10454,872213 -57,671178
12945,112747 10454,872213 -51,940941
12995,112747 10454,872213 -46,591298
13045,112747 10454,872213 -41,597698
13095,112747 10454,872213 -36,936328
13145,112747 10454,872213 -32,584321
13195,112747 10454,872213 -28,519887
13245,112747 10454,872213 -24,722408
13295,112747 10454,872213 -21,172470
13345,112747 10454,872213 -17,851883
13395,112747 10454,872213 -14,743665
13445,112747 10454,872213 -11,832010
13495,112747 10454,872213 -9,102249
13545,112747 10454,872213 -6,540795
13595,112747 10454,872213 0,203964
13645,112747 10454,872213 2,621390
13695,112747 10454,872213 4,899328
13745,112747 10454,872213 7,047956
13795,112747 10454,872213 9,076654
13845,112747 10454,872213 10,994062
13895,112747 10454,872213 12,808130
13945,112747 10454,872213 14,526176
13995,112747 10454,872213 16,154931
6545,112747 10504,872213 709,801209
6595,112747 10504,872213 706,154372
6645,112747 10504,872213 684,993968
6695,112747 10504,872213 678,048640
6745,112747 10504,872213 669,560412
6795,112747 10504,872213 659,553751
6845,112747 10504,872213 648,077204
6895,112747 10504,872213 635,203068
6945,112747 10504,872213 621,026158
6995,112747 10504,872213 605,661724
7045,112747 10504,872213 589,242591
7095,112747 10504,872213 571,915699
7145,112747 10504,872213 553,838213
7195,112747 10504,872213 535,173426
7245,112747 10504,872213 516,086665
7295,112747 10504,872213 496,741408
7345,112747 10504,872213 477,295766
7395,112747 10504,872213 457,899482
7445,112747 10504,872213 438,691503
7495,112747 10504,872213 419,798182
7545,112747 10504,872213 401,332097
7595,112747 10504,872213 375,281593
7645,112747 10504,872213 358,115754
7695,112747 10504,872213 341,644237
7745,112747 10504,872213 325,919122
7795,112747 10504,872213 310,980034
7845,112747 10504,872213 296,855326
7895,112747 10504,872213 283,563316
7945,112747 10504,872213 271,113531
7995,112747 10504,872213 259,507900
8045,112747 10504,872213 248,741872
8095,112747 10504,872213 238,805425
8145,112747 10504,872213 229,683956
8195,112747 10504,872213 221,359047
8245,112747 10504,872213 213,809101
8295,112747 10504,872213 207,009867
8345,112747 10504,872213 200,934851
8395,112747 10504,872213 195,555636
8445,112747 10504,872213 190,842124
8495,112747 10504,872213 186,762710
8545,112747 10504,872213 183,284416
8595,112747 10504,872213 180,372996
8645,112747 10504,872213 177,993028
8695,112747 10504,872213 176,108002
8745,112747 10504,872213 174,680430
8795,112747 10504,872213 173,671969
8845,112747 10504,872213 173,043575
8895,112747 10504,872213 172,755678
8945,112747 10504,872213 172,768391
8995,112747 10504,872213 171,071668
9045,112747 10504,872213 171,558394
9095,112747 10504,872213 172,224120
9145,112747 10504,872213 173,030273
9195,112747 10504,872213 173,938974
9245,112747 10504,872213 174,913153
9295,112747 10504,872213 175,916590
9345,112747 10504,872213 176,913891
9395,112747 10504,872213 177,870368
9445,112747 10504,872213 178,751830
9495,112747 10504,872213 179,524293
9545,112747 10504,872213 180,153594
9595,112747 10504,872213 180,604947
9645,112747 10504,872213 180,842437
9695,112747 10504,872213 180,828486
9745,112747 10504,872213 180,523316
9795,112747 10504,872213 179,884437
9845,112747 10504,872213 178,866182
9895,112747 10504,872213 177,419334
9945,112747 10504,872213 175,490852
9995,112747 10504,872213 173,023742
10045,112747 10504,872213 169,957065
10095,112747 10504,872213 166,226130
10145,112747 10504,872213 161,762854
10195,112747 10504,872213 156,496327
10245,112747 10504,872213 150,353583
10295,112747 10504,872213 143,260597
10345,112747 10504,872213 135,143534
10395,112747 10504,872213 125,930292
10445,112747 10504,872213 115,552368
10495,112747 10504,872213 103,947115
10545,112747 10504,872213 91,060452
10595,112747 10504,872213 76,850085
10645,112747 10504,872213 61,289302
10695,112747 10504,872213 44,371370
10745,112747 10504,872213 26,114521
10795,112747 10504,872213 6,567438
10845,112747 10504,872213 -14,184948
10895,112747 10504,872213 -36,015697
10945,112747 10504,872213 -58,750634
10995,112747 10504,872213 -82,164346
11045,112747 10504,872213 -105,978266
11095,112747 10504,872213 -129,861784
11145,112747 10504,872213 -153,437332
11195,112747 10504,872213 -176,290152
11245,112747 10504,872213 -197,983057
11295,112747 10504,872213 -218,075825
11345,112747 10504,872213 -236,148071
11395,112747 10504,872213 -251,823657
11445,112747 10504,872213 -264,794055
11495,112747 10504,872213 -274,837911
11545,112747 10504,872213 -281,834296
11595,112747 10504,872213 -286,212030
11645,112747 10504,872213 -287,099464
11695,112747 10504,872213 -285,403542
11745,112747 10504,872213 -281,359489
11795,112747 10504,872213 -275,249897
11845,112747 10504,872213 -267,385470
11895,112747 10504,872213 -258,086906
11945,112747 10504,872213 -247,669303
11995,112747 10504,872213 -236,429902
12045,112747 10504,872213 -224,639419
12095,112747 10504,872213 -212,536761
12145,112747 10504,872213 -200,326678
12195,112747 10504,872213 -188,179713
12245,112747 10504,872213 -176,233851
12295,112747 10504,872213 -164,597245
12345,112747 10504,872213 -152,464655
12395,112747 10504,872213 -141,476390
12445,112747 10504,872213 -130,966725
12495,112747 10504,872213 -120,961701
12545,112747 10504,872213 -111,474293
12595,112747 10504,872213 -102,507041
12645,112747 10504,872213 -94,054339
12695,112747 10504,872213 -86,104377
12745,112747 10504,872213 -78,640767
12795,112747 10504,872213 -71,643877
12845,112747 10504,872213 -65,091916
12895,112747 10504,872213 -58,961799
12945,112747 10504,872213 -53,229829
12995,112747 10504,872213 -47,872225
13045,112747 10504,872213 -42,865523
13095,112747 10504,872213 -38,186872
13145,112747 10504,872213 -33,814250
13195,112747 10504,872213 -29,726606
13245,112747 10504,872213 -25,903959
13295,112747 10504,872213 -22,327446
13345,112747 10504,872213 -18,979345
13395,112747 10504,872213 -15,843068
13445,112747 10504,872213 -12,903143
13495,112747 10504,872213 -10,145176
13545,112747 10504,872213 -7,555806
13595,112747 10504,872213 -0,826645
13645,112747 10504,872213 1,618439
13695,112747 10504,872213 3,923246
13745,112747 10504,872213 6,097862
13795,112747 10504,872213 8,151601
13845,112747 10504,872213 10,093060
13895,112747 10504,872213 11,930163
13945,112747 10504,872213 13,670217
13995,112747 10504,872213 15,319956
6545,112747 10554,872213 690,917997
6595,112747 10554,872213 687,147391
6645,112747 10554,872213 664,602948
6695,112747 10554,872213 657,737289
6745,112747 10554,872213 649,437425
6795,112747 10554,872213 639,729876
6845,112747 10554,872213 628,662860
6895,112747 10554,872213 616,305872
6945,112747 10554,872213 602,748485
6995,112747 10554,872213 588,098414
7045,112747 10554,872213 572,478922
7095,112747 10554,872213 556,025719
7145,112747 10554,872213 538,883494
7195,112747 10554,872213 521,202288
7245,112747 10554,872213 503,133868
7295,112747 10554,872213 484,828295
7345,112747 10554,872213 466,430808
7395,112747 10554,872213 448,079147
7445,112747 10554,872213 429,901394
7495,112747 10554,872213 412,014338
7545,112747 10554,872213 394,522389
7595,112747 10554,872213 369,391796
7645,112747 10554,872213 353,114947
7695,112747 10554,872213 337,482109
7745,112747 10554,872213 322,542901
7795,112747 10554,872213 308,335501
7845,112747 10554,872213 294,887664
7895,112747 10554,872213 282,217798
7945,112747 10554,872213 270,336064
7995,112747 10554,872213 259,245433
8045,112747 10554,872213 248,942688
8095,112747 10554,872213 239,419337
8145,112747 10554,872213 230,662426
8195,112747 10554,872213 222,655243
8245,112747 10554,872213 215,377917
8295,112747 10554,872213 208,807909
8345,112747 10554,872213 202,920416
8395,112747 10554,872213 197,688682
8445,112747 10554,872213 193,084241
8495,112747 10554,872213 189,077108
8545,112747 10554,872213 185,635913
8595,112747 10554,872213 182,728028
8645,112747 10554,872213 180,319660
8695,112747 10554,872213 178,375952
8745,112747 10554,872213 176,861096
8795,112747 10554,872213 175,738448
8845,112747 10554,872213 174,970685
8895,112747 10554,872213 174,519962
8945,112747 10554,872213 174,348112
8995,112747 10554,872213 172,407545
9045,112747 10554,872213 172,676990
9095,112747 10554,872213 173,108872
9145,112747 10554,872213 173,666122
9195,112747 10554,872213 174,312300
9245,112747 10554,872213 175,011710
9295,112747 10554,872213 175,729453
9345,112747 10554,872213 176,431416
9395,112747 10554,872213 177,084174
9445,112747 10554,872213 177,654809
9495,112747 10554,872213 178,110646
9545,112747 10554,872213 178,418904
9595,112747 10554,872213 178,546278
9645,112747 10554,872213 178,458463
9695,112747 10554,872213 178,119656
9745,112747 10554,872213 177,492035
9795,112747 10554,872213 176,535273
9845,112747 10554,872213 175,206090
9895,112747 10554,872213 173,457893
9945,112747 10554,872213 171,240517
9995,112747 10554,872213 168,500090
10045,112747 10554,872213 165,179053
10095,112747 10554,872213 161,216340
10145,112747 10554,872213 156,547737
10195,112747 10554,872213 151,106424
10245,112747 10554,872213 144,823729
10295,112747 10554,872213 137,630096
10345,112747 10554,872213 129,456293
10395,112747 10554,872213 120,234909
10445,112747 10554,872213 109,902148
10495,112747 10554,872213 98,400013
10545,112747 10554,872213 85,678898
10595,112747 10554,872213 71,700672
10645,112747 10554,872213 56,442288
10695,112747 10554,872213 39,899953
10745,112747 10554,872213 22,093822
10795,112747 10554,872213 3,073142
10845,112747 10554,872213 -17,078359
10895,112747 10554,872213 -38,237151
10945,112747 10554,872213 -60,235130
10995,112747 10554,872213 -82,856044
11045,112747 10554,872213 -105,833884
11095,112747 10554,872213 -128,854134
11145,112747 10554,872213 -151,558702
11195,112747 10554,872213 -173,555184
11245,112747 10554,872213 -194,430702
11295,112747 10554,872213 -213,769977
11345,112747 10554,872213 -231,176558
11395,112747 10554,872213 -246,295435
11445,112747 10554,872213 -258,834684
11495,112747 10554,872213 -268,583639
11545,112747 10554,872213 -275,425306
11595,112747 10554,872213 -280,285648
11645,112747 10554,872213 -281,276614
11695,112747 10554,872213 -279,790137
11745,112747 10554,872213 -276,044330
11795,112747 10554,872213 -270,302938
11845,112747 10554,872213 -262,857509
11895,112747 10554,872213 -254,010466
11945,112747 10554,872213 -244,060401
11995,112747 10554,872213 -233,290381
12045,112747 10554,872213 -221,959529
12095,112747 10554,872213 -210,297757
12145,112747 10554,872213 -198,503245
12195,112747 10554,872213 -186,742125
12245,112747 10554,872213 -175,149788
12295,112747 10554,872213 -163,833279
12345,112747 10554,872213 -151,957305
12395,112747 10554,872213 -141,222713
12445,112747 10554,872213 -130,935895
12495,112747 10554,872213 -121,124753
12545,112747 10554,872213 -111,804380
12595,112747 10554,872213 -102,979572
12645,112747 10554,872213 -94,647014
12695,112747 10554,872213 -86,797157
12745,112747 10554,872213 -79,415788
12795,112747 10554,872213 -72,485336
12845,112747 10554,872213 -65,985933
12895,112747 10554,872213 -59,896265
12945,112747 10554,872213 -54,194257
12995,112747 10554,872213 -48,857594
13045,112747 10554,872213 -43,864130
13095,112747 10554,872213 -39,192192
13145,112747 10554,872213 -34,820801
13195,112747 10554,872213 -30,729831
13245,112747 10554,872213 -26,900107
13295,112747 10554,872213 -23,313473
13345,112747 10554,872213 -19,952817
13395,112747 10554,872213 -16,802083
13445,112747 10554,872213 -13,846249
13495,112747 10554,872213 -11,071309
13545,112747 10554,872213 -8,464228
13595,112747 10554,872213 -1,755973
13645,112747 10554,872213 0,707882
13695,112747 10554,872213 3,031483
13745,112747 10554,872213 5,224750
13795,112747 10554,872213 7,296867
13845,112747 10554,872213 9,256322
13895,112747 10554,872213 11,110960
13945,112747 10554,872213 12,868026
13995,112747 10554,872213 14,534209
6545,112747 10604,872213 671,906903
6595,112747 10604,872213 668,034706
6645,112747 10604,872213 644,195745
6695,112747 10604,872213 637,426728
6745,112747 10604,872213 629,327537
6795,112747 10604,872213 619,926150
6845,112747 10604,872213 609,270027
6895,112747 10604,872213 597,425634
6945,112747 10604,872213 584,477290
6995,112747 10604,872213 570,525377
7045,112747 10604,872213 555,684004
7095,112747 10604,872213 540,078227
7145,112747 10604,872213 523,840979
7195,112747 10604,872213 507,109858
7245,112747 10604,872213 490,023931
7295,112747 10604,872213 472,720700
7345,112747 10604,872213 455,333351
7395,112747 10604,872213 437,988383
7445,112747 10604,872213 420,803667
7495,112747 10604,872213 403,886984
7545,112747 10604,872213 387,335018
7595,112747 10604,872213 363,108447
7645,112747 10604,872213 347,691231
7695,112747 10604,872213 332,870341
7745,112747 10604,872213 318,692967
7795,112747 10604,872213 305,195826
7845,112747 10604,872213 292,406022
7895,112747 10604,872213 280,341988
7945,112747 10604,872213 269,014443
7995,112747 10604,872213 258,427333
8045,112747 10604,872213 248,578721
8095,112747 10604,872213 239,461610
8145,112747 10604,872213 231,064680
8195,112747 10604,872213 223,372938
8245,112747 10604,872213 216,368268
8295,112747 10604,872213 210,029901
8345,112747 10604,872213 204,334791
8395,112747 10604,872213 199,257923
8445,112747 10604,872213 194,772554
8495,112747 10604,872213 190,850402
8545,112747 10604,872213 187,461795
8595,112747 10604,872213 184,575792
8645,112747 10604,872213 182,160293
8695,112747 10604,872213 180,182134
8745,112747 10604,872213 178,607205
8795,112747 10604,872213 177,400560
8845,112747 10604,872213 176,526562
8895,112747 10604,872213 175,949038
8945,112747 10604,872213 175,631455
8995,112747 10604,872213 173,497272
9045,112747 10604,872213 173,593384
9095,112747 10604,872213 173,837749
9145,112747 10604,872213 174,194625
9195,112747 10604,872213 174,628810
9245,112747 10604,872213 175,105764
9295,112747 10604,872213 175,591675
9345,112747 10604,872213 176,053458
9395,112747 10604,872213 176,458693
9445,112747 10604,872213 176,775461
9495,112747 10604,872213 176,972120
9545,112747 10604,872213 177,016986
9595,112747 10604,872213 176,877953
9645,112747 10604,872213 176,522054
9695,112747 10604,872213 175,914986
9745,112747 10604,872213 175,020632
9795,112747 10604,872213 173,800593
9845,112747 10604,872213 172,213765
9895,112747 10604,872213 170,215999
9945,112747 10604,872213 167,759855
9995,112747 10604,872213 164,794480
10045,112747 10604,872213 161,265632
10095,112747 10604,872213 157,115862
10145,112747 10604,872213 152,284865
10195,112747 10604,872213 146,710019
10245,112747 10604,872213 140,327114
10295,112747 10604,872213 133,071293
10345,112747 10604,872213 124,878232
10395,112747 10604,872213 115,685576
10445,112747 10604,872213 105,434676
10495,112747 10604,872213 94,072678
10545,112747 10604,872213 81,554998
10595,112747 10604,872213 67,848252
10645,112747 10604,872213 52,933665
10695,112747 10604,872213 36,810979
10745,112747 10604,872213 19,502833
10795,112747 10604,872213 1,059518
10845,112747 10604,872213 -18,436087
10895,112747 10604,872213 -38,863686
10945,112747 10604,872213 -60,061318
10995,112747 10604,872213 -81,822250
11045,112747 10604,872213 -103,893745
11095,112747 10604,872213 -125,978476
11145,112747 10604,872213 -147,739332
11195,112747 10604,872213 -168,808148
11245,112747 10604,872213 -188,798582
11295,112747 10604,872213 -207,322759
11345,112747 10604,872213 -224,010729
11395,112747 10604,872213 -238,531109
11445,112747 10604,872213 -250,610831
11495,112747 10604,872213 -260,051736
11545,112747 10604,872213 -266,741990
11595,112747 10604,872213 -272,287621
11645,112747 10604,872213 -273,417125
11695,112747 10604,872213 -272,188684
11745,112747 10604,872213 -268,802043
11795,112747 10604,872213 -263,500427
11845,112747 10604,872213 -256,554269
11895,112747 10604,872213 -248,245632
11945,112747 10604,872213 -238,854519
11995,112747 10604,872213 -228,647851
12045,112747 10604,872213 -217,871383
12095,112747 10604,872213 -206,744499
12145,112747 10604,872213 -195,457556
12195,112747 10604,872213 -184,171279
12245,112747 10604,872213 -173,017732
12295,112747 10604,872213 -162,102337
12345,112747 10604,872213 -150,543718
12395,112747 10604,872213 -140,134592
12445,112747 10604,872213 -130,137818
12495,112747 10604,872213 -120,583194
12545,112747 10604,872213 -111,488040
12595,112747 10604,872213 -102,859567
12645,112747 10604,872213 -94,696949
12695,112747 10604,872213 -86,993112
12745,112747 10604,872213 -79,736251
12795,112747 10604,872213 -72,911088
12845,112747 10604,872213 -66,499908
12895,112747 10604,872213 -60,483399
12945,112747 10604,872213 -54,841319
12995,112747 10604,872213 -49,553029
13045,112747 10604,872213 -44,597898
13095,112747 10604,872213 -39,955616
13145,112747 10604,872213 -35,606420
13195,112747 10604,872213 -31,531266
13245,112747 10604,872213 -27,711940
13295,112747 10604,872213 -24,131128
13345,112747 10604,872213 -20,772461
13395,112747 10604,872213 -17,620527
13445,112747 10604,872213 -14,660870
13495,112747 10604,872213 -11,879969
13545,112747 10604,872213 -9,265211
13595,112747 10604,872213 -2,582888
13645,112747 10604,872213 -0,109050
13695,112747 10604,872213 2,225338
13745,112747 10604,872213 4,429965
13795,112747 10604,872213 6,513816
13845,112747 10604,872213 8,485218
13895,112747 10604,872213 10,351882
13945,112747 10604,872213 12,120942
13995,112747 10604,872213 13,798999
6545,112747 10654,872213 652,858776
6595,112747 10654,872213 648,906576
6645,112747 10654,872213 623,870415
6695,112747 10654,872213 617,213291
6745,112747 10654,872213 609,324984
6795,112747 10654,872213 600,234400
6845,112747 10654,872213 589,987896
6895,112747 10654,872213 578,648757
6945,112747 10654,872213 566,296103
6995,112747 10654,872213 553,023252
7045,112747 10654,872213 538,935611
7095,112747 10654,872213 524,148202
7145,112747 10654,872213 508,782945
7195,112747 10654,872213 492,965823
7245,112747 10654,872213 476,824069
7295,112747 10654,872213 460,483493
7345,112747 10654,872213 444,066057
7395,112747 10654,872213 427,687768
7445,112747 10654,872213 411,456953
7495,112747 10654,872213 395,472943
7545,112747 10654,872213 379,825147
7595,112747 10654,872213 356,485335
7645,112747 10654,872213 341,896891
7695,112747 10654,872213 327,859879
7745,112747 10654,872213 314,419105
7795,112747 10654,872213 301,609808
7845,112747 10654,872213 289,458394
7895,112747 10654,872213 277,983245
7945,112747 10654,872213 267,195560
7995,112747 10654,872213 257,100177
8045,112747 10654,872213 247,696369
8095,112747 10654,872213 238,978577
8145,112747 10654,872213 230,937081
8195,112747 10654,872213 223,558587
8245,112747 10654,872213 216,826744
8295,112747 10654,872213 210,722572
8345,112747 10654,872213 205,224824
8395,112747 10654,872213 200,310280
8445,112747 10654,872213 195,953980
8495,112747 10654,872213 192,129414
8545,112747 10654,872213 188,808669
8595,112747 10654,872213 185,962557
8645,112747 10654,872213 183,560715
8695,112747 10654,872213 181,571715
8745,112747 10654,872213 179,963160
8795,112747 10654,872213 178,701805
8845,112747 10654,872213 177,753679
8895,112747 10654,872213 177,084234
8945,112747 10654,872213 176,658503
8995,112747 10654,872213 174,379474
9045,112747 10654,872213 174,344813
9095,112747 10654,872213 174,446544
9145,112747 10654,872213 174,650074
9195,112747 10654,872213 174,921242
9245,112747 10654,872213 175,226438
9295,112747 10654,872213 175,532684
9345,112747 10654,872213 175,807658
9395,112747 10654,872213 176,019645
9445,112747 10654,872213 176,137421
9495,112747 10654,872213 176,130055
9545,112747 10654,872213 175,966635
9595,112747 10654,872213 175,615927
9645,112747 10654,872213 175,045982
9695,112747 10654,872213 174,223696
9745,112747 10654,872213 173,114374
9795,112747 10654,872213 171,681289
9845,112747 10654,872213 169,885300
9895,112747 10654,872213 167,684527
9945,112747 10654,872213 165,034128
9995,112747 10654,872213 161,886193
10045,112747 10654,872213 158,189780
10095,112747 10654,872213 153,891093
10145,112747 10654,872213 148,933837
10195,112747 10654,872213 143,259740
10245,112747 10654,872213 136,809268
10295,112747 10654,872213 129,522537
10345,112747 10654,872213 121,340451
10395,112747 10654,872213 112,206084
10445,112747 10654,872213 102,066347
10495,112747 10654,872213 90,873973
10545,112747 10654,872213 78,589867
10595,112747 10654,872213 65,185867
10645,112747 10654,872213 50,647932
10695,112747 10654,872213 34,979769
10745,112747 10654,872213 18,206874
10795,112747 10654,872213 0,380863
10845,112747 10654,872213 -18,416068
10895,112747 10654,872213 -38,066849
10945,112747 10654,872213 -58,415828
10995,112747 10654,872213 -79,266177
11045,112747 10654,872213 -100,379041
11095,112747 10654,872213 -121,475137
11145,112747 10654,872213 -142,239417
11195,112747 10654,872213 -162,329258
11245,112747 10654,872213 -181,386323
11295,112747 10654,872213 -199,051733
11345,112747 10654,872213 -214,983678
11395,112747 10654,872213 -228,876008
11445,112747 10654,872213 -240,475985
11495,112747 10654,872213 -249,599205
11545,112747 10654,872213 -256,139933
11595,112747 10654,872213 -262,538986
11645,112747 10654,872213 -263,831872
11695,112747 10654,872213 -262,896360
11745,112747 10654,872213 -259,913224
11795,112747 10654,872213 -255,104233
11845,112747 10654,872213 -248,717513
11895,112747 10654,872213 -241,013397
11945,112747 10654,872213 -232,251849
11995,112747 10654,872213 -222,682196
12045,112747 10654,872213 -212,535454
12095,112747 10654,872213 -202,019241
12145,112747 10654,872213 -191,315007
12195,112747 10654,872213 -180,577176
12245,112747 10654,872213 -169,933767
12295,112747 10654,872213 -159,488036
12345,112747 10654,872213 -148,296095
12395,112747 10654,872213 -138,274530
12445,112747 10654,872213 -128,626447
12495,112747 10654,872213 -119,383469
12545,112747 10654,872213 -110,565152
12595,112747 10654,872213 -102,181179
12645,112747 10654,872213 -94,233313
12695,112747 10654,872213 -86,717088
12745,112747 10654,872213 -79,623254
12795,112747 10654,872213 -72,938989
12845,112747 10654,872213 -66,648898
12895,112747 10654,872213 -60,735839
12945,112747 10654,872213 -55,181575
12995,112747 10654,872213 -49,967304
13045,112747 10654,872213 -45,074068
13095,112747 10654,872213 -40,483070
13145,112747 10654,872213 -36,175908
13195,112747 10654,872213 -32,134757
13245,112747 10654,872213 -28,342488
13295,112747 10654,872213 -24,782752
13345,112747 10654,872213 -21,440032
13395,112747 10654,872213 -18,299668
13445,112747 10654,872213 -15,347863
13495,112747 10654,872213 -12,571673
13545,112747 10654,872213 -9,958989
13595,112747 10654,872213 -3,307313
13645,112747 10654,872213 -0,832083
13695,112747 10654,872213 1,505244
13745,112747 10654,872213 3,714060
13795,112747 10654,872213 5,803099
13845,112747 10654,872213 7,780471
13895,112747 10654,872213 9,653703
13945,112747 10654,872213 11,429774
13995,112747 10654,872213 13,115155
6545,112747 10704,872213 633,851501
6595,112747 10704,872213 629,839878
6645,112747 10704,872213 603,709080
6695,112747 10704,872213 597,177230
6745,112747 10704,872213 589,507918
6795,112747 10704,872213 580,730530
6845,112747 10704,872213 570,890038
6895,112747 10704,872213 560,046465
6945,112747 10704,872213 548,273848
6995,112747 10704,872213 535,658746
7045,112747 10704,872213 522,298354
7095,112747 10704,872213 508,298295
7145,112747 10704,872213 493,770228
7195,112747 10704,872213 478,829347
7245,112747 10704,872213 463,591912
7295,112747 10704,872213 448,172894
7345,112747 10704,872213 432,683841
7395,112747 10704,872213 417,231015
7445,112747 10704,872213 401,913856
7495,112747 10704,872213 386,823794
7545,112747 10704,872213 372,043411
7595,112747 10704,872213 349,572205
7645,112747 10704,872213 335,780777
7695,112747 10704,872213 322,498771
7745,112747 10704,872213 309,768659
7795,112747 10704,872213 297,624195
7845,112747 10704,872213 286,091037
7895,112747 10704,872213 275,187449
7945,112747 10704,872213 264,925021
7995,112747 10704,872213 255,309397
8045,112747 10704,872213 246,340977
8095,112747 10704,872213 238,015569
8145,112747 10704,872213 230,324998
8195,112747 10704,872213 223,257637
8245,112747 10704,872213 216,798877
8295,112747 10704,872213 210,931530
8345,112747 10704,872213 205,636166
8395,112747 10704,872213 200,891389
8445,112747 10704,872213 196,674064
8495,112747 10704,872213 192,959501
8545,112747 10704,872213 189,721596
8595,112747 10704,872213 186,932958
8645,112747 10704,872213 184,565009
8695,112747 10704,872213 182,588086
8745,112747 10704,872213 180,971531
8795,112747 10704,872213 179,683801
8845,112747 10704,872213 178,692581
8895,112747 10704,872213 177,964913
8945,112747 10704,872213 177,467344
8995,112747 10704,872213 175,090671
9045,112747 10704,872213 174,966395
9095,112747 10704,872213 174,968916
9145,112747 10704,872213 175,064626
9195,112747 10704,872213 175,220200
9245,112747 10704,872213 175,402725
9295,112747 10704,872213 175,579796
9345,112747 10704,872213 175,719551
9395,112747 10704,872213 175,790665
9445,112747 10704,872213 175,762258
9495,112747 10704,872213 175,603750
9545,112747 10704,872213 175,284627
9595,112747 10704,872213 174,774160
9645,112747 10704,872213 174,041052
9695,112747 10704,872213 173,053060
9745,112747 10704,872213 171,776597
9795,112747 10704,872213 170,176343
9845,112747 10704,872213 168,214896
9895,112747 10704,872213 165,852478
9945,112747 10704,872213 163,046743
9995,112747 10704,872213 159,752684
10045,112747 10704,872213 155,922679
10095,112747 10704,872213 151,506675
10145,112747 10704,872213 146,452535
10195,112747 10704,872213 140,706543
10245,112747 10704,872213 134,214097
10295,112747 10704,872213 126,920587
10345,112747 10704,872213 118,772481
10395,112747 10704,872213 109,718648
10445,112747 10704,872213 99,711935
10495,112747 10704,872213 88,711051
10545,112747 10704,872213 76,682769
10595,112747 10704,872213 63,604502
10645,112747 10704,872213 49,467259
10695,112747 10704,872213 34,278980
10745,112747 10704,872213 18,068201
10795,112747 10704,872213 0,887962
10845,112747 10704,872213 -17,180230
10895,112747 10704,872213 -36,022657
10945,112747 10704,872213 -55,490229
10995,112747 10704,872213 -75,396391
11045,112747 10704,872213 -95,516664
11095,112747 10704,872213 -115,590392
11145,112747 10704,872213 -135,325255
11195,112747 10704,872213 -154,404888
11245,112747 10704,872213 -172,499709
11295,112747 10704,872213 -189,280600
11345,112747 10704,872213 -204,434656
11395,112747 10704,872213 -217,681724
11445,112747 10704,872213 -228,790138
11495,112747 10704,872213 -237,589965
11545,112747 10704,872213 -243,982213
11595,112747 10704,872213 -251,365786
11645,112747 10704,872213 -252,837596
11695,112747 10704,872213 -252,217114
11745,112747 10704,872213 -249,666129
11795,112747 10704,872213 -245,384700
11845,112747 10704,872213 -239,598164
11895,112747 10704,872213 -232,544440
11945,112747 10704,872213 -224,462621
11995,112747 10704,872213 -215,583517
12045,112747 10704,872213 -206,122447
12095,112747 10704,872213 -196,274327
12145,112747 10704,872213 -186,210827
12195,112747 10704,872213 -176,079288
12245,112747 10704,872213 -166,003016
12295,112747 10704,872213 -156,082547
12345,112747 10704,872213 -145,294679
12395,112747 10704,872213 -135,712574
12445,112747 10704,872213 -126,462774
12495,112747 10704,872213 -117,578572
12545,112747 10704,872213 -109,081661
12595,112747 10704,872213 -100,984165
12645,112747 10704,872213 -93,290445
12695,112747 10704,872213 -85,998685
12745,112747 10704,872213 -79,102263
12795,112747 10704,872213 -72,590900
12845,112747 10704,872213 -66,451630
12895,112747 10704,872213 -60,669588
12945,112747 10704,872213 -55,228662
12995,112747 10704,872213 -50,112004
13045,112747 10704,872213 -45,302449
13095,112747 10704,872213 -40,782827
13145,112747 10704,872213 -36,536211
13195,112747 10704,872213 -32,546104
13245,112747 10704,872213 -28,796566
13295,112747 10704,872213 -25,272313
13345,112747 10704,872213 -21,958772
13395,112747 10704,872213 -18,842125
13445,112747 10704,872213 -15,909316
13495,112747 10704,872213 -13,148057
13545,112747 10704,872213 -10,546817
13595,112747 10704,872213 -3,930170
13645,112747 10704,872213 -1,461852
13695,112747 10704,872213 0,870804
13745,112747 10704,872213 3,076841
13795,112747 10704,872213 5,164684
13845,112747 10704,872213 7,142181
13895,112747 10704,872213 9,016630
13945,112747 10704,872213 10,794814
13995,112747 10704,872213 12,483037
6545,112747 10754,872213 614,950798
6595,112747 10754,872213 610,899022
6645,112747 10754,872213 583,779200
6695,112747 10754,872213 577,384077
6745,112747 10754,872213 569,939846
6795,112747 10754,872213 561,475992
6845,112747 10754,872213 552,035893
6895,112747 10754,872213 541,676277
6945,112747 10754,872213 530,466261
6995,112747 10754,872213 518,485986
7045,112747 10754,872213 505,824935
7095,112747 10754,872213 492,579976
7145,112747 10754,872213 478,853247
7195,112747 10754,872213 464,749964
7245,112747 10754,872213 450,376248
7295,112747 10754,872213 435,837063
7345,112747 10754,872213 421,234331
7395,112747 10754,872213 406,665291
7445,112747 10754,872213 392,221133
7495,112747 10754,872213 377,985931
7545,112747 10754,872213 364,035878
7595,112747 10754,872213 342,414636
7645,112747 10754,872213 329,388093
7695,112747 10754,872213 316,831879
7745,112747 10754,872213 304,786186
7795,112747 10754,872213 293,283284
7845,112747 10754,872213 282,348045
7895,112747 10754,872213 271,998541
7945,112747 10754,872213 262,246671
7995,112747 10754,872213 253,098792
8045,112747 10754,872213 244,556342
8095,112747 10754,872213 236,616419
8145,112747 10754,872213 229,272324
8195,112747 10754,872213 222,514044
8245,112747 10754,872213 216,328679
8295,112747 10754,872213 210,700817
8345,112747 10754,872213 205,612841
8395,112747 10754,872213 201,045192
8445,112747 10754,872213 196,976585
8495,112747 10754,872213 193,384178
8545,112747 10754,872213 190,243715
8595,112747 10754,872213 187,529641
8645,112747 10754,872213 185,215199
8695,112747 10754,872213 183,272520
8745,112747 10754,872213 181,672710
8795,112747 10754,872213 180,385938
8845,112747 10754,872213 179,381541
8895,112747 10754,872213 178,628128
8945,112747 10754,872213 178,093714
8995,112747 10754,872213 175,664908
9045,112747 10754,872213 175,490745
9095,112747 10754,872213 175,436002
9145,112747 10754,872213 175,467889
9195,112747 10754,872213 175,553718
9245,112747 10754,872213 175,661037
9295,112747 10754,872213 175,757728
9345,112747 10754,872213 175,812077
9395,112747 10754,872213 175,792789
9445,112747 10754,872213 175,668950
9495,112747 10754,872213 175,409921
9545,112747 10754,872213 174,985173
9595,112747 10754,872213 174,364060
9645,112747 10754,872213 173,515534
9695,112747 10754,872213 172,407833
9745,112747 10754,872213 171,008142
9795,112747 10754,872213 169,282260
9845,112747 10754,872213 167,194297
9895,112747 10754,872213 164,706427
9945,112747 10754,872213 161,778717
9995,112747 10754,872213 158,369060
10045,112747 10754,872213 154,433224
10095,112747 10754,872213 149,925037
10145,112747 10754,872213 144,796720
10195,112747 10754,872213 138,999368
10245,112747 10754,872213 132,483609
10295,112747 10754,872213 125,200429
10345,112747 10754,872213 117,102206
10395,112747 10754,872213 108,143952
10445,112747 10754,872213 98,284795
10495,112747 10754,872213 87,489735
10545,112747 10754,872213 75,731699
10595,112747 10754,872213 62,993914
10645,112747 10754,872213 49,272614
10695,112747 10754,872213 34,580069
10745,112747 10754,872213 18,947880
10795,112747 10754,872213 2,430446
10845,112747 10754,872213 -14,891572
10895,112747 10754,872213 -32,908041
10945,112747 10754,872213 -51,476725
10995,112747 10754,872213 -70,421683
11045,112747 10754,872213 -89,533146
11095,112747 10754,872213 -108,569406
11145,112747 10754,872213 -127,261125
11195,112747 10754,872213 -145,318369
11245,112747 10754,872213 -162,440401
11295,112747 10754,872213 -178,327883
11345,112747 10754,872213 -192,696811
11395,112747 10754,872213 -205,293045
11445,112747 10754,872213 -215,906104
11495,112747 10754,872213 -224,380757
11545,112747 10754,872213 -230,625136
11595,112747 10754,872213 -239,087087
11645,112747 10754,872213 -240,745149
11695,112747 10754,872213 -240,450316
11745,112747 10754,872213 -238,345879
11795,112747 10754,872213 -234,610525
11845,112747 10754,872213 -229,446945
11895,112747 10754,872213 -223,070580
11945,112747 10754,872213 -215,699388
11995,112747 10754,872213 -207,545230
12045,112747 10754,872213 -198,807176
12095,112747 10754,872213 -189,666812
12145,112747 10754,872213 -180,285372
12195,112747 10754,872213 -170,802476
12245,112747 10754,872213 -161,336110
12295,112747 10754,872213 -151,983559
12345,112747 10754,872213 -141,625192
12395,112747 10754,872213 -132,524111
12445,112747 10754,872213 -123,712947
12495,112747 10754,872213 -115,226421
12545,112747 10754,872213 -107,088192
12595,112747 10754,872213 -99,312698
12645,112747 10754,872213 -91,906826
12695,112747 10754,872213 -84,871378
12745,112747 10754,872213 -78,202353
12795,112747 10754,872213 -71,892041
12845,112747 10754,872213 -65,929942
12895,112747 10754,872213 -60,303529
12945,112747 10754,872213 -54,998876
12995,112747 10754,872213 -50,001169
13045,112747 10754,872213 -45,295109
13095,112747 10754,872213 -40,865238
13145,112747 10754,872213 -36,696186
13195,112747 10754,872213 -32,772863
13245,112747 10754,872213 -29,080601
13295,112747 10754,872213 -25,605254
13345,112747 10754,872213 -22,333275
13395,112747 10754,872213 -19,251755
13445,112747 10754,872213 -16,348451
13495,112747 10754,872213 -13,611795
13545,112747 10754,872213 -11,030894
13595,112747 10754,872213 -4,453310
13645,112747 10754,872213 -1,999843
13695,112747 10754,872213 0,320847
13745,112747 10754,872213 2,517399
13795,112747 10754,872213 4,597889
13845,112747 10754,872213 6,569857
13895,112747 10754,872213 8,440333
13945,112747 10754,872213 10,215867
13995,112747 10754,872213 11,902559
6545,112747 10804,872213 596,211166
6595,112747 10804,872213 592,136993
6645,112747 10804,872213 564,134965
6695,112747 10804,872213 557,886110
6745,112747 10804,872213 550,671140
6795,112747 10804,872213 542,519325
6845,112747 10804,872213 533,472294
6895,112747 10804,872213 523,583505
6945,112747 10804,872213 512,917343
6995,112747 10804,872213 501,547893
7045,112747 10804,872213 489,557433
7095,112747 10804,872213 477,034705
7145,112747 10804,872213 464,073050
7195,112747 10804,872213 450,768486
7245,112747 10804,872213 437,217802
7295,112747 10804,872213 423,516747
7345,112747 10804,872213 409,758375
7395,112747 10804,872213 396,031596
7445,112747 10804,872213 382,419963
7495,112747 10804,872213 369,000716
7545,112747 10804,872213 355,844090
7595,112747 10804,872213 335,053998
7645,112747 10804,872213 322,760275
7695,112747 10804,872213 310,900686
7745,112747 10804,872213 299,513207
7795,112747 10804,872213 288,628630
7845,112747 10804,872213 278,271009
7895,112747 10804,872213 268,458160
7945,112747 10804,872213 259,202207
7995,112747 10804,872213 250,510131
8045,112747 10804,872213 242,384315
8095,112747 10804,872213 234,823061
8145,112747 10804,872213 227,821071
8195,112747 10804,872213 221,369882
8245,112747 10804,872213 215,458260
8295,112747 10804,872213 210,072533
8345,112747 10804,872213 205,196881
8395,112747 10804,872213 200,813582
8445,112747 10804,872213 196,903206
8495,112747 10804,872213 193,444782
8545,112747 10804,872213 190,415925
8595,112747 10804,872213 187,792946
8645,112747 10804,872213 185,550940
8695,112747 10804,872213 183,663863
8745,112747 10804,872213 182,104606
8795,112747 10804,872213 180,845066
8845,112747 10804,872213 179,856234
8895,112747 10804,872213 179,108275
8945,112747 10804,872213 178,570640
8995,112747 10804,872213 176,133394
9045,112747 10804,872213 175,947588
9095,112747 10804,872213 175,875992
9145,112747 10804,872213 175,886478
9195,112747 10804,872213 175,946794
9245,112747 10804,872213 176,024700
9295,112747 10804,872213 176,088075
9345,112747 10804,872213 176,105013
9395,112747 10804,872213 176,043867
9445,112747 10804,872213 175,873265
9495,112747 10804,872213 175,562064
9545,112747 10804,872213 175,079253
9595,112747 10804,872213 174,393803
9645,112747 10804,872213 173,474469
9695,112747 10804,872213 172,289552
9745,112747 10804,872213 170,806643
9795,112747 10804,872213 168,992356
9845,112747 10804,872213 166,812091
9895,112747 10804,872213 164,229830
9945,112747 10804,872213 161,208005
9995,112747 10804,872213 157,707441
10045,112747 10804,872213 153,687418
10095,112747 10804,872213 149,105839
10145,112747 10804,872213 143,919535
10195,112747 10804,872213 138,084715
10245,112747 10804,872213 131,557568
10295,112747 10804,872213 124,295028
10345,112747 10804,872213 116,255731
10395,112747 10804,872213 107,401158
10445,112747 10804,872213 97,697017
10495,112747 10804,872213 87,114853
10545,112747 10804,872213 75,633934
10595,112747 10804,872213 63,243422
10645,112747 10804,872213 49,944819
10695,112747 10804,872213 35,754682
10745,112747 10804,872213 20,707551
10795,112747 10804,872213 4,858977
10845,112747 10804,872213 -11,711491
10895,112747 10804,872213 -28,897606
10945,112747 10804,872213 -46,564301
10995,112747 10804,872213 -64,546512
11045,112747 10804,872213 -82,649369
11095,112747 10804,872213 -100,650153
11145,112747 10804,872213 -118,302386
11195,112747 10804,872213 -135,342259
11245,112747 10804,872213 -151,497390
11295,112747 10804,872213 -166,497619
11345,112747 10804,872213 -180,087187
11395,112747 10804,872213 -192,037380
11445,112747 10804,872213 -202,158479
11495,112747 10804,872213 -210,309796
11545,112747 10804,872213 -216,406742
11595,112747 10804,872213 -226,005382
11645,112747 10804,872213 -227,850019
11695,112747 10804,872213 -227,881534
11745,112747 10804,872213 -226,225606
11795,112747 10804,872213 -223,040366
11845,112747 10804,872213 -218,506525
11895,112747 10804,872213 -212,817508
11945,112747 10804,872213 -206,170372
11995,112747 10804,872213 -198,758041
12045,112747 10804,872213 -190,763157
12095,112747 10804,872213 -182,353644
12145,112747 10804,872213 -173,679870
12195,112747 10804,872213 -164,873238
12245,112747 10804,872213 -156,045909
12295,112747 10804,872213 -147,291414
12345,112747 10804,872213 -137,376412
12395,112747 10804,872213 -128,787764
12445,112747 10804,872213 -120,446438
12495,112747 10804,872213 -112,388280
12545,112747 10804,872213 -104,638672
12595,112747 10804,872213 -97,214177
12645,112747 10804,872213 -90,124059
12695,112747 10804,872213 -83,371631
12745,112747 10804,872213 -76,955448
12795,112747 10804,872213 -70,870325
12845,112747 10804,872213 -65,108213
12895,112747 10804,872213 -59,658926
12945,112747 10804,872213 -54,510744
12995,112747 10804,872213 -49,650916
13045,112747 10804,872213 -45,066053
13095,112747 10804,872213 -40,742453
13145,112747 10804,872213 -36,666354
13195,112747 10804,872213 -32,824131
13245,112747 10804,872213 -29,202440
13295,112747 10804,872213 -25,788335
13345,112747 10804,872213 -22,569346
13395,112747 10804,872213 -19,533532
13445,112747 10804,872213 -16,669516
13495,112747 10804,872213 -13,966504
13545,112747 10804,872213 -11,414289
13595,112747 10804,872213 -4,879441
13645,112747 10804,872213 -2,448326
13695,112747 10804,872213 -0,146523
13745,112747 10804,872213 2,034167
13795,112747 10804,872213 4,101427
13845,112747 10804,872213 6,062454
13895,112747 10804,872213 7,923974
13945,112747 10804,872213 9,692271
13995,112747 10804,872213 11,373211
6545,112747 10854,872213 577,676898
6595,112747 10854,872213 573,596440
6645,112747 10854,872213 544,818725
6695,112747 10854,872213 538,723829
6745,112747 10854,872213 531,740542
6795,112747 10854,872213 523,897665
6845,112747 10854,872213 515,234978
6895,112747 10854,872213 505,802722
6945,112747 10854,872213 495,660770
6995,112747 10854,872213 484,877519
7045,112747 10854,872213 473,528542
7095,112747 10854,872213 461,695069
7145,112747 10854,872213 449,462338
7195,112747 10854,872213 436,917915
7245,112747 10854,872213 424,150019
7295,112747 10854,872213 411,245939
7345,112747 10854,872213 398,290580
7395,112747 10854,872213 385,365180
7445,112747 10854,872213 372,546242
7495,112747 10854,872213 359,904676
7545,112747 10854,872213 347,505170
7595,112747 10854,872213 327,527489
7645,112747 10854,872213 315,934951
7695,112747 10854,872213 304,743192
7745,112747 10854,872213 293,988043
7795,112747 10854,872213 283,698836
7845,112747 10854,872213 273,898775
7895,112747 10854,872213 264,605366
7945,112747 10854,872213 255,830881
7995,112747 10854,872213 247,582836
8045,112747 10854,872213 239,864469
8095,112747 10854,872213 232,675196
8145,112747 10854,872213 226,011038
8195,112747 10854,872213 219,865015
8245,112747 10854,872213 214,227499
8295,112747 10854,872213 209,086516
8345,112747 10854,872213 204,428017
8395,112747 10854,872213 200,236098
8445,112747 10854,872213 196,493184
8495,112747 10854,872213 193,180181
8545,112747 10854,872213 190,276593
8595,112747 10854,872213 187,760620
8645,112747 10854,872213 185,609234
8695,112747 10854,872213 183,798241
8745,112747 10854,872213 182,302343
8795,112747 10854,872213 181,095185
8845,112747 10854,872213 180,149420
8895,112747 10854,872213 179,436767
8945,112747 10854,872213 178,928089
8995,112747 10854,872213 176,524114
9045,112747 10854,872213 176,363350
9095,112747 10854,872213 176,313697
9145,112747 10854,872213 176,343539
9195,112747 10854,872213 176,420866
9245,112747 10854,872213 176,513398
9295,112747 10854,872213 176,588710
9345,112747 10854,872213 176,614340
9395,112747 10854,872213 176,557880
9445,112747 10854,872213 176,387045
9495,112747 10854,872213 176,069695
9545,112747 10854,872213 175,573827
9595,112747 10854,872213 174,867519
9645,112747 10854,872213 173,918833
9695,112747 10854,872213 172,695680
9745,112747 10854,872213 171,165662
9795,112747 10854,872213 169,295896
9845,112747 10854,872213 167,052847
9895,112747 10854,872213 164,402185
9945,112747 10854,872213 161,308683
9995,112747 10854,872213 157,736185
10045,112747 10854,872213 153,647652
10095,112747 10854,872213 149,005311
10145,112747 10854,872213 143,770916
10195,112747 10854,872213 137,906140
10245,112747 10854,872213 131,373101
10295,112747 10854,872213 124,135051
10345,112747 10854,872213 116,157226
10395,112747 10854,872213 107,407891
10445,112747 10854,872213 97,859578
10495,112747 10854,872213 87,490560
10545,112747 10854,872213 76,286548
10595,112747 10854,872213 64,242650
10645,112747 10854,872213 51,365554
10695,112747 10854,872213 37,675939
10745,112747 10854,872213 23,211031
10795,112747 10854,872213 8,027224
10845,112747 10854,872213 -7,797391
10895,112747 10854,872213 -24,160801
10945,112747 10854,872213 -40,935391
10995,112747 10854,872213 -57,967164
11045,112747 10854,872213 -75,076158
11095,112747 10854,872213 -92,058444
11145,112747 10854,872213 -108,689945
11195,112747 10854,872213 -124,732253
11245,112747 10854,872213 -139,940394
11295,112747 10854,872213 -154,072272
11345,112747 10854,872213 -166,899218
11395,112747 10854,872213 -178,216885
11445,112747 10854,872213 -187,855486
11495,112747 10854,872213 -195,688414
11545,112747 10854,872213 -201,638327
11595,112747 10854,872213 -212,399522
11645,112747 10854,872213 -214,425297
11695,112747 10854,872213 -214,775616
11745,112747 10854,872213 -213,559720
11795,112747 10854,872213 -210,916367
11845,112747 10854,872213 -207,005362
11895,112747 10854,872213 -201,999001
11945,112747 10854,872213 -196,074084
11995,112747 10854,872213 -189,404989
12045,112747 10854,872213 -182,158082
12095,112747 10854,872213 -174,487571
12145,112747 10854,872213 -166,532738
12195,112747 10854,872213 -158,416435
12245,112747 10854,872213 -150,244592
12295,112747 10854,872213 -142,106548
12345,112747 10854,872213 -132,637975
12395,112747 10854,872213 -124,583459
12445,112747 10854,872213 -116,734345
12495,112747 10854,872213 -109,127270
12545,112747 10854,872213 -101,789040
12595,112747 10854,872213 -94,738096
12645,112747 10854,872213 -87,985875
12695,112747 10854,872213 -81,538038
12745,112747 10854,872213 -75,395564
12795,112747 10854,872213 -69,555703
12845,112747 10854,872213 -64,012787
12895,112747 10854,872213 -58,758926
12945,112747 10854,872213 -53,784585
12995,112747 10854,872213 -49,079063
13045,112747 10854,872213 -44,630886
13095,112747 10854,872213 -40,428126
13145,112747 10854,872213 -36,458651
13195,112747 10854,872213 -32,710324
13245,112747 10854,872213 -29,171165
13295,112747 10854,872213 -25,829460
13345,112747 10854,872213 -22,673856
13395,112747 10854,872213 -19,693417
13445,112747 10854,872213 -16,877674
13495,112747 10854,872213 -14,216645
13545,112747 10854,872213 -11,700851
13595,112747 10854,872213 -5,212042
13645,112747 10854,872213 -2,810286
13695,112747 10854,872213 -0,533856
13745,112747 10854,872213 1,624971
13795,112747 10854,872213 3,673455
13845,112747 10854,872213 5,618415
13895,112747 10854,872213 7,466244
13945,112747 10854,872213 9,222933
13995,112747 10854,872213 10,894086
6545,112747 10904,872213 559,383122
6595,112747 10904,872213 555,310794
6645,112747 10904,872213 525,862392
6695,112747 10904,872213 519,927402
6745,112747 10904,872213 513,176631
6795,112747 10904,872213 505,638211
6845,112747 10904,872213 497,350016
6895,112747 10904,872213 488,359157
6945,112747 10904,872213 478,721229
6995,112747 10904,872213 468,499307
7045,112747 10904,872213 457,762752
7095,112747 10904,872213 446,585865
7145,112747 10904,872213 435,046443
7195,112747 10904,872213 423,224302
7245,112747 10904,872213 411,199813
7295,112747 10904,872213 399,052514
7345,112747 10904,872213 386,859834
7395,112747 10904,872213 374,695965
7445,112747 10904,872213 362,630913
7495,112747 10904,872213 350,729735
7545,112747 10904,872213 339,051966
7595,112747 10904,872213 319,868222
7645,112747 10904,872213 308,945954
7695,112747 10904,872213 298,393866
7745,112747 10904,872213 288,245717
7795,112747 10904,872213 278,529402
7845,112747 10904,872213 269,267259
7895,112747 10904,872213 260,476433
7945,112747 10904,872213 252,169271
7995,112747 10904,872213 244,353742
8045,112747 10904,872213 237,033848
8095,112747 10904,872213 230,210029
8145,112747 10904,872213 223,879545
8195,112747 10904,872213 218,036822
8245,112747 10904,872213 212,673773
8295,112747 10904,872213 207,780074
8345,112747 10904,872213 203,343406
8395,112747 10904,872213 199,349660
8445,112747 10904,872213 195,783103
8495,112747 10904,872213 192,626515
8545,112747 10904,872213 189,861298
8595,112747 10904,872213 187,467556
8645,112747 10904,872213 185,424158
8695,112747 10904,872213 183,708788
8745,112747 10904,872213 182,297979
8795,112747 10904,872213 181,167149
8845,112747 10904,872213 180,290627
8895,112747 10904,872213 179,641689
8945,112747 10904,872213 179,192600
8995,112747 10904,872213 176,861448
9045,112747 10904,872213 176,760727
9095,112747 10904,872213 176,770071
9145,112747 10904,872213 176,858235
9195,112747 10904,872213 176,993255
9245,112747 10904,872213 177,142563
9295,112747 10904,872213 177,273114
9345,112747 10904,872213 177,351518
9395,112747 10904,872213 177,344169
9445,112747 10904,872213 177,217378
9495,112747 10904,872213 176,937479
9545,112747 10904,872213 176,470921
9595,112747 10904,872213 175,784334
9645,112747 10904,872213 174,844548
9695,112747 10904,872213 173,618598
9745,112747 10904,872213 172,073678
9795,112747 10904,872213 170,177081
9845,112747 10904,872213 167,896121
9895,112747 10904,872213 165,198055
9945,112747 10904,872213 162,050018
9995,112747 10904,872213 158,419002
10045,112747 10904,872213 154,271881
10095,112747 10904,872213 149,575515
10145,112747 10904,872213 144,296950
10195,112747 10904,872213 138,403717
10245,112747 10904,872213 131,864271
10295,112747 10904,872213 124,648561
10345,112747 10904,872213 116,728772
10395,112747 10904,872213 108,080226
10445,112747 10904,872213 98,682486
10495,112747 10904,872213 88,520662
10545,112747 10904,872213 77,586925
10595,112747 10904,872213 65,882238
10645,112747 10904,872213 53,418293
10695,112747 10904,872213 40,219614
10745,112747 10904,872213 26,325768
10795,112747 10904,872213 11,793605
10845,112747 10904,872213 -3,300638
10895,112747 10904,872213 -18,859525
10945,112747 10904,872213 -34,763149
10995,112747 10904,872213 -50,868653
11045,112747 10904,872213 -67,010842
11095,112747 10904,872213 -83,004144
11145,112747 10904,872213 -98,646144
11195,112747 10904,872213 -113,722785
11245,112747 10904,872213 -128,015193
11295,112747 10904,872213 -141,307848
11345,112747 10904,872213 -153,397656
11395,112747 10904,872213 -164,103232
11445,112747 10904,872213 -173,273614
11495,112747 10904,872213 -180,795589
11545,112747 10904,872213 -186,598899
11595,112747 10904,872213 -198,520091
11645,112747 10904,872213 -200,717015
11695,112747 10904,872213 -201,372018
11745,112747 10904,872213 -200,579273
11795,112747 10904,872213 -198,459602
11845,112747 10904,872213 -195,153276
11895,112747 10904,872213 -190,812658
11945,112747 10904,872213 -185,595261
11995,112747 10904,872213 -179,657620
12045,112747 10904,872213 -173,150256
12095,112747 10904,872213 -166,213845
12145,112747 10904,872213 -158,976568
12195,112747 10904,872213 -151,552545
12245,112747 10904,872213 -144,041184
12295,112747 10904,872213 -136,527262
12345,112747 10904,872213 -127,498439
12395,112747 10904,872213 -119,990696
12445,112747 10904,872213 -112,647865
12495,112747 10904,872213 -105,507014
12545,112747 10904,872213 -98,596046
12595,112747 10904,872213 -91,934992
12645,112747 10904,872213 -85,537211
12695,112747 10904,872213 -79,410502
12745,112747 10904,872213 -73,558098
12795,112747 10904,872213 -67,979537
12845,112747 10904,872213 -62,671423
12895,112747 10904,872213 -57,628077
12945,112747 10904,872213 -52,842083
12995,112747 10904,872213 -48,304751
13045,112747 10904,872213 -44,006491
13095,112747 10904,872213 -39,937132
13145,112747 10904,872213 -36,086166
13195,112747 10904,872213 -32,442956
13245,112747 10904,872213 -28,996890
13295,112747 10904,872213 -25,737505
13345,112747 10904,872213 -22,654584
13395,112747 10904,872213 -19,738223
13445,112747 10904,872213 -16,978883
13495,112747 10904,872213 -14,367421
13545,112747 10904,872213 -11,895115
13595,112747 10904,872213 -5,455283
13645,112747 10904,872213 -3,089348
13695,112747 10904,872213 -0,844295
13745,112747 10904,872213 1,287091
13795,112747 10904,872213 3,311621
13845,112747 10904,872213 5,235713
13895,112747 10904,872213 7,065403
13945,112747 10904,872213 8,806361
13995,112747 10904,872213 10,463911
6545,112747 10954,872213 541,356830
6595,112747 10954,872213 537,305341
6645,112747 10954,872213 507,288786
6695,112747 10954,872213 501,518025
6745,112747 10954,872213 494,999186
6795,112747 10954,872213 487,759581
6845,112747 10954,872213 479,835150
6895,112747 10954,872213 471,269989
6945,112747 10954,872213 462,115654
6995,112747 10954,872213 452,430263
7045,112747 10954,872213 442,277435
7095,112747 10954,872213 431,725100
7145,112747 10954,872213 420,844234
7195,112747 10954,872213 409,707563
7245,112747 10954,872213 398,388283
7295,112747 10954,872213 386,958845
7345,112747 10954,872213 375,489833
7395,112747 10954,872213 364,048974
7445,112747 10954,872213 352,700301
7495,112747 10954,872213 341,503465
7545,112747 10954,872213 330,513227
7595,112747 10954,872213 312,105348
7645,112747 10954,872213 301,823385
7695,112747 10954,872213 291,883648
7745,112747 10954,872213 282,317907
7795,112747 10954,872213 273,152648
7845,112747 10954,872213 264,409331
7895,112747 10954,872213 256,104697
7945,112747 10954,872213 248,251107
7995,112747 10954,872213 240,856900
8045,112747 10954,872213 233,926759
8095,112747 10954,872213 227,462060
8145,112747 10954,872213 221,461215
8195,112747 10954,872213 215,919979
8245,112747 10954,872213 210,831740
8295,112747 10954,872213 206,187763
8345,112747 10954,872213 201,977416
8395,112747 10954,872213 198,188349
8445,112747 10954,872213 194,806652
8495,112747 10954,872213 191,816969
8545,112747 10954,872213 189,202597
8595,112747 10954,872213 186,945555
8645,112747 10954,872213 185,026625
8695,112747 10954,872213 183,425388
8745,112747 10954,872213 182,120236
8795,112747 10954,872213 181,088379
8845,112747 10954,872213 180,305842
8895,112747 10954,872213 179,747469
8945,112747 10954,872213 179,386922
8995,112747 10954,872213 177,165764
9045,112747 10954,872213 177,158247
9095,112747 10954,872213 177,261729
9145,112747 10954,872213 177,445202
9195,112747 10954,872213 177,676562
9245,112747 10954,872213 177,922706
9295,112747 10954,872213 178,149652
9345,112747 10954,872213 178,322693
9395,112747 10954,872213 178,406570
9445,112747 10954,872213 178,365671
9495,112747 10954,872213 178,164240
9545,112747 10954,872213 177,766583
9595,112747 10954,872213 177,137280
9645,112747 10954,872213 176,241360
9695,112747 10954,872213 175,044455
9745,112747 10954,872213 173,512917
9795,112747 10954,872213 171,613883
9845,112747 10954,872213 169,315310
9895,112747 10954,872213 166,585968
9945,112747 10954,872213 163,395417
9995,112747 10954,872213 159,713982
10045,112747 10954,872213 155,512741
10095,112747 10954,872213 150,763561
10145,112747 10954,872213 145,439198
10195,112747 10954,872213 139,513490
10245,112747 10954,872213 132,961658
10295,112747 10954,872213 125,760749
10345,112747 10954,872213 117,890222
10395,112747 10954,872213 109,332709
10445,112747 10954,872213 100,074957
10495,112747 10954,872213 90,108956
10545,112747 10954,872213 79,433265
10595,112747 10954,872213 68,054532
10645,112747 10954,872213 55,989175
10695,112747 10954,872213 43,265203
10745,112747 10954,872213 29,924115
10795,112747 10954,872213 16,022774
10845,112747 10954,872213 1,635158
10895,112747 10954,872213 -13,146209
10945,112747 10954,872213 -28,209307
10995,112747 10954,872213 -43,422397
11045,112747 10954,872213 -58,634748
11095,112747 10954,872213 -73,678528
11145,112747 10954,872213 -88,372018
11195,112747 10954,872213 -102,524220
11245,112747 10954,872213 -115,940788
11295,112747 10954,872213 -128,431049
11345,112747 10954,872213 -139,815722
11395,112747 10954,872213 -149,934774
11445,112747 10954,872213 -158,654777
11495,112747 10954,872213 -165,875083
11545,112747 10954,872213 -171,532251
11595,112747 10954,872213 -184,586950
11645,112747 10954,872213 -186,941596
11695,112747 10954,872213 -187,882167
11745,112747 10954,872213 -187,489244
11795,112747 10954,872213 -185,867297
11845,112747 10954,872213 -183,138621
11895,112747 10954,872213 -179,437076
11945,112747 10954,872213 -174,902086
11995,112747 10954,872213 -169,673277
12045,112747 10954,872213 -163,885983
12095,112747 10954,872213 -157,667745
12145,112747 10954,872213 -151,135797
12195,112747 10954,872213 -144,395498
12245,112747 10954,872213 -137,539553
12295,112747 10954,872213 -130,647898
12345,112747 10954,872213 -122,043655
12395,112747 10954,872213 -115,087078
12445,112747 10954,872213 -108,256964
12495,112747 10954,872213 -101,590445
12545,112747 10954,872213 -95,116184
12595,112747 10954,872213 -88,855485
12645,112747 10954,872213 -82,823355
12695,112747 10954,872213 -77,029485
12745,112747 10954,872213 -71,479149
12795,112747 10954,872213 -66,174000
12845,112747 10954,872213 -61,112765
12895,112747 10954,872213 -56,291856
12945,112747 10954,872213 -51,705880
12995,112747 10954,872213 -47,348081
13045,112747 10954,872213 -43,210698
13095,112747 10954,872213 -39,285274
13145,112747 10954,872213 -35,562899
13195,112747 10954,872213 -32,034413
13245,112747 10954,872213 -28,690565
13295,112747 10954,872213 -25,522142
13345,112747 10954,872213 -22,520068
13395,112747 10954,872213 -19,675477
13445,112747 10954,872213 -16,979774
13495,112747 10954,872213 -14,424669
13545,112747 10954,872213 -12,002214
13595,112747 10954,872213 -5,613931
13645,112747 10954,872213 -3,289692
13695,112747 10954,872213 -1,081507
13745,112747 10954,872213 1,017318
13795,112747 10954,872213 3,013124
13845,112747 10954,872213 4,911906
13895,112747 10954,872213 6,719322
13945,112747 10954,872213 8,440705
13995,112747 10954,872213 10,081079
6545,112747 11004,872213 523,617863
6595,112747 11004,872213 519,598248
6645,112747 11004,872213 489,112882
6695,112747 11004,872213 483,509192
6745,112747 11004,872213 477,220458
6795,112747 11004,872213 470,273059
6845,112747 11004,872213 462,701010
6895,112747 11004,872213 454,545519
6945,112747 11004,872213 445,854348
6995,112747 11004,872213 436,681012
7045,112747 11004,872213 427,083835
7095,112747 11004,872213 417,124901
7145,112747 11004,872213 406,868947
7195,112747 11004,872213 396,382222
7245,112747 11004,872213 385,731373
7295,112747 11004,872213 374,982378
7345,112747 11004,872213 364,199564
7395,112747 11004,872213 353,444738
7445,112747 11004,872213 342,776442
7495,112747 11004,872213 332,249349
7545,112747 11004,872213 321,913798
7595,112747 11004,872213 304,264213
7645,112747 11004,872213 294,593706
7695,112747 11004,872213 285,239999
7745,112747 11004,872213 276,232950
7795,112747 11004,872213 267,597672
7845,112747 11004,872213 259,354744
7895,112747 11004,872213 251,520467
7945,112747 11004,872213 244,107155
7995,112747 11004,872213 237,123449
8045,112747 11004,872213 230,574627
8095,112747 11004,872213 224,462918
8145,112747 11004,872213 218,787802
8195,112747 11004,872213 213,546283
8245,112747 11004,872213 208,733151
8295,112747 11004,872213 204,341200
8345,112747 11004,872213 200,361430
8395,112747 11004,872213 196,783214
8445,112747 11004,872213 193,594429
8495,112747 11004,872213 190,781569
8545,112747 11004,872213 188,329819
8595,112747 11004,872213 186,223111
8645,112747 11004,872213 184,444154
8695,112747 11004,872213 182,974441
8745,112747 11004,872213 181,794243
8795,112747 11004,872213 180,882584
8845,112747 11004,872213 180,217210
8895,112747 11004,872213 179,774545
8945,112747 11004,872213 179,529652
8995,112747 11004,872213 177,453022
9045,112747 11004,872213 177,569823
9095,112747 11004,872213 177,800441
9145,112747 11004,872213 178,113988
9195,112747 11004,872213 178,478043
9245,112747 11004,872213 178,858725
9295,112747 11004,872213 179,220799
9345,112747 11004,872213 179,527847
9395,112747 11004,872213 179,742488
9445,112747 11004,872213 179,826648
9495,112747 11004,872213 179,741885
9545,112747 11004,872213 179,449737
9595,112747 11004,872213 178,912099
9645,112747 11004,872213 178,091592
9695,112747 11004,872213 176,951901
9745,112747 11004,872213 175,458082
9795,112747 11004,872213 173,576785
9845,112747 11004,872213 171,276419
9895,112747 11004,872213 168,527232
9945,112747 11004,872213 165,301316
9995,112747 11004,872213 161,572571
10045,112747 11004,872213 157,316632
10095,112747 11004,872213 152,510805
10145,112747 11004,872213 147,134035
10195,112747 11004,872213 141,166948
10245,112747 11004,872213 134,591990
10295,112747 11004,872213 127,393701
10345,112747 11004,872213 119,559132
10395,112747 11004,872213 111,078438
10445,112747 11004,872213 101,945643
10495,112747 11004,872213 92,159597
10545,112747 11004,872213 81,725106
10595,112747 11004,872213 70,654248
10645,112747 11004,872213 58,967815
10695,112747 11004,872213 46,696884
10745,112747 11004,872213 33,884421
10795,112747 11004,872213 20,586851
10845,112747 11004,872213 6,875484
10895,112747 11004,872213 -7,162353
10945,112747 11004,872213 -21,422640
10995,112747 11004,872213 -35,784623
11045,112747 11004,872213 -50,111603
11095,112747 11004,872213 -64,252712
11145,112747 11004,872213 -78,045797
11195,112747 11004,872213 -91,321458
11245,112747 11004,872213 -103,908150
11295,112747 11004,872213 -115,638167
11345,112747 11004,872213 -126,354155
11395,112747 11004,872213 -135,915716
11445,112747 11004,872213 -144,205567
11495,112747 11004,872213 -151,134721
11545,112747 11004,872213 -156,646229
11595,112747 11004,872213 -170,788592
11645,112747 11004,872213 -173,285094
11695,112747 11004,872213 -174,488546
11745,112747 11004,872213 -174,467447
11795,112747 11004,872213 -173,311567
11845,112747 11004,872213 -171,126890
11895,112747 11004,872213 -168,030321
11945,112747 11004,872213 -164,144553
11995,112747 11004,872213 -159,593407
12045,112747 11004,872213 -154,497858
12095,112747 11004,872213 -148,972867
12145,112747 11004,872213 -143,125037
12195,112747 11004,872213 -137,051064
12245,112747 11004,872213 -130,836883
12295,112747 11004,872213 -124,557400
12345,112747 11004,872213 -116,355451
12395,112747 11004,872213 -109,947090
12445,112747 11004,872213 -103,629250
12495,112747 11004,872213 -97,438779
12545,112747 11004,872213 -91,404758
12595,112747 11004,872213 -85,549443
12645,112747 11004,872213 -79,889191
12695,112747 11004,872213 -74,435322
12745,112747 11004,872213 -69,194916
12795,112747 11004,872213 -64,171535
12845,112747 11004,872213 -59,365858
12895,112747 11004,872213 -54,776237
12945,112747 11004,872213 -50,399182
12995,112747 11004,872213 -46,229767
13045,112747 11004,872213 -42,261980
13095,112747 11004,872213 -38,489013
13145,112747 11004,872213 -34,903505
13195,112747 11004,872213 -31,497733
13245,112747 11004,872213 -28,263783
13295,112747 11004,872213 -25,193672
13345,112747 11004,872213 -22,279450
13395,112747 11004,872213 -19,513289
13445,112747 11004,872213 -16,887533
13495,112747 11004,872213 -14,394753
13545,112747 11004,872213 -12,027778
13595,112747 11004,872213 -5,693258
13645,112747 11004,872213 -3,415981
13695,112747 11004,872213 -1,249605
13745,112747 11004,872213 0,812025
13795,112747 11004,872213 2,774767
13845,112747 11004,872213 4,644178
13895,112747 11004,872213 6,425526
13945,112747 11004,872213 8,123793
13995,112747 11004,872213 9,743686
6545,112747 11054,872213 506,179845
6595,112747 11054,872213 502,201523
6645,112747 11054,872213 471,342965
6695,112747 11054,872213 465,907845
6745,112747 11054,872213 459,846307
6795,112747 11054,872213 453,183722
6845,112747 11054,872213 445,952209
6895,112747 11054,872213 438,190227
6945,112747 11054,872213 429,941989
6995,112747 11054,872213 421,256746
7045,112747 11054,872213 412,187952
7095,112747 11054,872213 402,792335
7145,112747 11054,872213 393,128933
7195,112747 11054,872213 383,258086
7245,112747 11054,872213 373,240472
7295,112747 11054,872213 363,136162
7345,112747 11054,872213 353,003771
7395,112747 11054,872213 342,899686
7445,112747 11054,872213 332,877413
7495,112747 11054,872213 322,987041
7545,112747 11054,872213 313,274823
7595,112747 11054,872213 296,366524
7645,112747 11054,872213 287,279867
7695,112747 11054,872213 278,486973
7745,112747 11054,872213 270,015877
7795,112747 11054,872213 261,890355
7845,112747 11054,872213 254,130106
7895,112747 11054,872213 246,750962
7945,112747 11054,872213 239,765143
7995,112747 11054,872213 233,181519
8045,112747 11054,872213 227,005888
8095,112747 11054,872213 221,241250
8145,112747 11054,872213 215,888069
8195,112747 11054,872213 210,944520
8245,112747 11054,872213 206,406719
8295,112747 11054,872213 202,268922
8345,112747 11054,872213 198,523706
8395,112747 11054,872213 195,162116
8445,112747 11054,872213 192,173783
8495,112747 11054,872213 189,547021
8545,112747 11054,872213 187,268889
8595,112747 11054,872213 185,325228
8645,112747 11054,872213 183,700673
8695,112747 11054,872213 182,378643
8745,112747 11054,872213 181,341304
8795,112747 11054,872213 180,569516
8845,112747 11054,872213 180,042762
8895,112747 11054,872213 179,739066
8945,112747 11054,872213 179,634899
8995,112747 11054,872213 177,734392
9045,112747 11054,872213 178,004318
9095,112747 11054,872213 178,392647
9145,112747 11054,872213 178,868504
9195,112747 11054,872213 179,398988
9245,112747 11054,872213 179,949204
9295,112747 11054,872213 180,482358
9345,112747 11054,872213 180,959930
9395,112747 11054,872213 181,341938
9445,112747 11054,872213 181,587299
9495,112747 11054,872213 181,654272
9545,112747 11054,872213 181,500979
9595,112747 11054,872213 181,085972
9645,112747 11054,872213 180,368834
9695,112747 11054,872213 179,310743
9745,112747 11054,872213 177,874999
9795,112747 11054,872213 176,027446
9845,112747 11054,872213 173,736778
9895,112747 11054,872213 170,974718
9945,112747 11054,872213 167,716050
9995,112747 11054,872213 163,938552
10045,112747 11054,872213 159,622828
10095,112747 11054,872213 154,752111
10145,112747 11054,872213 149,312056
10195,112747 11054,872213 143,290591
10245,112747 11054,872213 136,677857
10295,112747 11054,872213 129,466277
10345,112747 11054,872213 121,650783
10395,112747 11054,872213 113,229219
10445,112747 11054,872213 104,202928
10495,112747 11054,872213 94,577528
10545,112747 11054,872213 84,363863
10595,112747 11054,872213 73,579115
10645,112747 11054,872213 62,248049
10695,112747 11054,872213 50,404342
10745,112747 11054,872213 38,091944
10795,112747 11054,872213 25,366384
10845,112747 11054,872213 12,295932
10895,112747 11054,872213 -1,037521
10945,112747 11054,872213 -14,537985
10995,112747 11054,872213 -28,095461
11045,112747 11054,872213 -41,586734
11095,112747 11054,872213 -54,877011
11145,112747 11054,872213 -67,822465
11195,112747 11054,872213 -80,273733
11245,112747 11054,872213 -92,080270
11295,112747 11054,872213 -103,095398
11345,112747 11054,872213 -113,181768
11395,112747 11054,872213 -122,216868
11445,112747 11054,872213 -130,098152
11495,112747 11054,872213 -136,747365
11545,112747 11054,872213 -142,113679
11595,112747 11054,872213 -157,282906
11645,112747 11054,872213 -159,903808
11695,112747 11054,872213 -161,345124
11745,112747 11054,872213 -161,664750
11795,112747 11054,872213 -160,939410
11845,112747 11054,872213 -159,260463
11895,112747 11054,872213 -156,729469
11945,112747 11054,872213 -153,453826
11995,112747 11054,872213 -149,542761
12045,112747 11054,872213 -145,103836
12095,112747 11054,872213 -140,240118
12145,112747 11054,872213 -135,048011
12195,112747 11054,872213 -129,615770
12245,112747 11054,872213 -124,022595
12295,112747 11054,872213 -118,338255
12345,112747 11054,872213 -110,510622
12395,112747 11054,872213 -104,641139
12445,112747 11054,872213 -98,829079
12495,112747 11054,872213 -93,110679
12545,112747 11054,872213 -87,515108
12595,112747 11054,872213 -82,065260
12645,112747 11054,872213 -76,778542
12695,112747 11054,872213 -71,667624
12745,112747 11054,872213 -66,741148
12795,112747 11054,872213 -62,004361
12845,112747 11054,872213 -57,459699
12895,112747 11054,872213 -53,107289
12945,112747 11054,872213 -48,945398
12995,112747 11054,872213 -44,970811
13045,112747 11054,872213 -41,179162
13095,112747 11054,872213 -37,565209
13145,112747 11054,872213 -34,123068
13195,112747 11054,872213 -30,846405
13245,112747 11054,872213 -27,728594
13295,112747 11054,872213 -24,762848
13345,112747 11054,872213 -21,942326
13395,112747 11054,872213 -19,260210
13445,112747 11054,872213 -16,709780
13495,112747 11054,872213 -14,284456
13545,112747 11054,872213 -11,977842
13595,112747 11054,872213 -5,698959
13645,112747 11054,872213 -3,473274
13695,112747 11054,872213 -1,353083
13745,112747 11054,872213 0,667224
13795,112747 11054,872213 2,593013
13845,112747 11054,872213 4,429398
13895,112747 11054,872213 6,181244
13945,112747 11054,872213 7,853172
13995,112747 11054,872213 9,449563
6545,112747 11104,872213 489,051031
6595,112747 11104,872213 485,121885
6645,112747 11104,872213 453,981661
6695,112747 11104,872213 448,715405
6745,112747 11104,872213 442,877226
6795,112747 11104,872213 436,491436
6845,112747 11104,872213 429,588310
6895,112747 11104,872213 422,203703
6945,112747 11104,872213 414,378517
6995,112747 11104,872213 406,158066
7045,112747 11104,872213 397,591329
7095,112747 11104,872213 388,730139
7145,112747 11104,872213 379,628328
7195,112747 11104,872213 370,340858
7245,112747 11104,872213 360,922964
7295,112747 11104,872213 351,429337
7345,112747 11104,872213 341,913377
7395,112747 11104,872213 332,426516
7445,112747 11104,872213 323,017644
7495,112747 11104,872213 313,732631
7545,112747 11104,872213 304,613954
7595,112747 11104,872213 288,430538
7645,112747 11104,872213 279,901440
7695,112747 11104,872213 271,645324
7745,112747 11104,872213 263,688481
7795,112747 11104,872213 256,053395
7845,112747 11104,872213 248,758890
7895,112747 11104,872213 241,820308
7945,112747 11104,872213 235,249725
7995,112747 11104,872213 229,056183
8045,112747 11104,872213 223,245925
8095,112747 11104,872213 217,822643
8145,112747 11104,872213 212,787703
8195,112747 11104,872213 208,140371
8245,112747 11104,872213 203,878014
8295,112747 11104,872213 199,996279
8345,112747 11104,872213 196,489257
8395,112747 11104,872213 193,349611
8445,112747 11104,872213 190,568683
8495,112747 11104,872213 188,136573
8545,112747 11104,872213 186,042188
8595,112747 11104,872213 184,273263
8645,112747 11104,872213 182,816357
8695,112747 11104,872213 181,656814
8745,112747 11104,872213 180,778706
8795,112747 11104,872213 180,164744
8845,112747 11104,872213 179,796168
8895,112747 11104,872213 179,652615
8945,112747 11104,872213 179,711974
8995,112747 11104,872213 178,015911
9045,112747 11104,872213 178,465156
9095,112747 11104,872213 179,039007
9145,112747 11104,872213 179,706507
9195,112747 11104,872213 180,434127
9245,112747 11104,872213 181,185743
9295,112747 11104,872213 181,922704
9345,112747 11104,872213 182,604006
9395,112747 11104,872213 183,186601
9445,112747 11104,872213 183,625848
9495,112747 11104,872213 183,876093
9545,112747 11104,872213 183,891380
9595,112747 11104,872213 183,626258
9645,112747 11104,872213 183,036632
9695,112747 11104,872213 182,080613
9745,112747 11104,872213 180,719293
9795,112747 11104,872213 178,917404
9845,112747 11104,872213 176,643794
9895,112747 11104,872213 173,871699
9945,112747 11104,872213 170,578808
9995,112747 11104,872213 166,747130
10045,112747 11104,872213 162,362708
10095,112747 11104,872213 157,415232
10145,112747 11104,872213 151,897623
10195,112747 11104,872213 145,805641
10245,112747 11104,872213 139,137585
10295,112747 11104,872213 131,894129
10345,112747 11104,872213 124,078335
10395,112747 11104,872213 115,695851
10445,112747 11104,872213 106,755316
10495,112747 11104,872213 97,268961
10545,112747 11104,872213 87,253388
10595,112747 11104,872213 76,730511
10645,112747 11104,872213 65,728613
10695,112747 11104,872213 54,283483
10745,112747 11104,872213 42,439567
10795,112747 11104,872213 30,251063
10845,112747 11104,872213 17,782862
10895,112747 11104,872213 5,111250
10945,112747 11104,872213 -7,675766
10995,112747 11104,872213 -20,478623
11045,112747 11104,872213 -33,186959
11095,112747 11104,872213 -45,681081
11145,112747 11104,872213 -57,834188
11195,112747 11104,872213 -69,515358
11245,112747 11104,872213 -80,593229
11295,112747 11104,872213 -90,940228
11345,112747 11104,872213 -100,437116
11395,112747 11104,872213 -108,977557
11445,112747 11104,872213 -116,472361
11495,112747 11104,872213 -122,853078
11545,112747 11104,872213 -128,074624
11595,112747 11104,872213 -144,198961
11645,112747 11104,872213 -146,925930
11695,112747 11104,872213 -148,578799
11745,112747 11104,872213 -149,206278
11795,112747 11104,872213 -148,873638
11845,112747 11104,872213 -147,659271
11895,112747 11104,872213 -145,650995
11945,112747 11104,872213 -142,942380
11995,112747 11104,872213 -139,629315
12045,112747 11104,872213 -135,806973
12095,112747 11104,872213 -131,567297
12145,112747 11104,872213 -126,997027
12195,112747 11104,872213 -122,176286
12245,112747 11104,872213 -117,177672
12295,112747 11104,872213 -112,065795
12345,112747 11104,872213 -104,580209
12395,112747 11104,872213 -99,234841
12445,112747 11104,872213 -93,916853
12495,112747 11104,872213 -88,661580
12545,112747 11104,872213 -83,497976
12595,112747 11104,872213 -78,449265
12645,112747 11104,872213 -73,533614
12695,112747 11104,872213 -68,764768
12745,112747 11104,872213 -64,152673
12795,112747 11104,872213 -59,704037
12845,112747 11104,872213 -55,422844
12895,112747 11104,872213 -51,310816
12945,112747 11104,872213 -47,367817
12995,112747 11104,872213 -43,592207
13045,112747 11104,872213 -39,981150
13095,112747 11104,872213 -36,530871
13145,112747 11104,872213 -33,236881
13195,112747 11104,872213 -30,094162
13245,112747 11104,872213 -27,097322
13295,112747 11104,872213 -24,240727
13345,112747 11104,872213 -21,518600
13395,112747 11104,872213 -18,925113
13445,112747 11104,872213 -16,454454
13495,112747 11104,872213 -14,100876
13545,112747 11104,872213 -11,858749
13595,112747 11104,872213 -5,637052
13645,112747 11104,872213 -3,466946
13695,112747 11104,872213 -1,396739
13745,112747 11104,872213 0,578636
13795,112747 11104,872213 2,464050
13845,112747 11104,872213 4,264168
13895,112747 11104,872213 5,983451
13945,112747 11104,872213 7,626151
13995,112747 11104,872213 9,196319
6545,112747 11154,872213 472,235097
6595,112747 11154,872213 468,361561
6645,112747 11154,872213 437,026860
6695,112747 11154,872213 431,928692
6745,112747 11154,872213 426,309241
6795,112747 11154,872213 420,191738
6845,112747 11154,872213 413,604679
6895,112747 11154,872213 406,581462
6945,112747 11154,872213 399,159913
6995,112747 11154,872213 391,381714
7045,112747 11154,872213 383,291742
7095,112747 11154,872213 374,937356
7145,112747 11154,872213 366,367647
7195,112747 11154,872213 357,632674
7245,112747 11154,872213 348,782719
7295,112747 11154,872213 339,867573
7345,112747 11154,872213 330,935877
7395,112747 11154,872213 322,034537
7445,112747 11154,872213 313,208211
7495,112747 11154,872213 304,498891
7545,112747 11154,872213 295,945568
7595,112747 11154,872213 280,471256
7645,112747 11154,872213 272,474783
7695,112747 11154,872213 264,732623
7745,112747 11154,872213 257,269409
7795,112747 11154,872213 250,106375
7845,112747 11154,872213 243,261479
7895,112747 11154,872213 236,749553
7945,112747 11154,872213 230,582492
7995,112747 11154,872213 224,769449
8045,112747 11154,872213 219,317047
8095,112747 11154,872213 214,229591
8145,112747 11154,872213 209,509271
8195,112747 11154,872213 205,156364
8245,112747 11154,872213 201,169407
8295,112747 11154,872213 197,545368
8345,112747 11154,872213 194,279783
8395,112747 11154,872213 191,366873
8445,112747 11154,872213 188,799639
8495,112747 11154,872213 186,569925
8545,112747 11154,872213 184,668450
8595,112747 11154,872213 183,084821
8645,112747 11154,872213 181,807501
8695,112747 11154,872213 180,823756
8745,112747 11154,872213 180,119564
8795,112747 11154,872213 179,679493
8845,112747 11154,872213 179,486550
8895,112747 11154,872213 179,521999
8945,112747 11154,872213 179,765152
8995,112747 11154,872213 178,298203
9045,112747 11154,872213 178,949996
9095,112747 11154,872213 179,734022
9145,112747 11154,872213 180,619164
9195,112747 11154,872213 181,571133
9245,112747 11154,872213 182,552379
9295,112747 11154,872213 183,522120
9345,112747 11154,872213 184,436509
9395,112747 11154,872213 185,248987
9445,112747 11154,872213 185,910820
9495,112747 11154,872213 186,371845
9545,112747 11154,872213 186,581385
9595,112747 11154,872213 186,489330
9645,112747 11154,872213 186,047286
9695,112747 11154,872213 185,209746
9745,112747 11154,872213 183,935171
9795,112747 11154,872213 182,186906
9845,112747 11154,872213 179,933853
9895,112747 11154,872213 177,150853
9945,112747 11154,872213 173,818755
9995,112747 11154,872213 169,924204
10045,112747 11154,872213 165,459184
10095,112747 11154,872213 160,420409
10145,112747 11154,872213 154,808629
10195,112747 11154,872213 148,627960
10245,112747 11154,872213 141,885300
10295,112747 11154,872213 134,589901
10345,112747 11154,872213 126,753147
10395,112747 11154,872213 118,388540
10445,112747 11154,872213 109,511925
10495,112747 11154,872213 100,141923
10545,112747 11154,872213 90,300562
10595,112747 11154,872213 80,014061
10645,112747 11154,872213 69,313745
10695,112747 11154,872213 58,237014
10745,112747 11154,872213 46,828337
10795,112747 11154,872213 35,140173
10845,112747 11154,872213 23,233757
10895,112747 11154,872213 11,179663
10945,112747 11154,872213 -0,941965
10995,112747 11154,872213 -13,041603
11045,112747 11154,872213 -25,021044
11095,112747 11154,872213 -36,774679
11145,112747 11154,872213 -48,191410
11195,112747 11154,872213 -59,157168
11245,112747 11154,872213 -69,557997
11295,112747 11154,872213 -79,283569
11345,112747 11154,872213 -88,230939
11395,112747 11154,872213 -96,308312
11445,112747 11154,872213 -103,438538
11495,112747 11154,872213 -109,562083
11545,112747 11154,872213 -114,639220
11595,112747 11154,872213 -131,639461
11645,112747 11154,872213 -134,453857
11695,112747 11154,872213 -136,291518
11745,112747 11154,872213 -137,193282
11795,112747 11154,872213 -137,214476
11845,112747 11154,872213 -136,422105
11895,112747 11154,872213 -134,891801
11945,112747 11154,872213 -132,704748
11995,112747 11154,872213 -129,944764
12045,112747 11154,872213 -126,695690
12095,112747 11154,872213 -123,039170
12145,112747 11154,872213 -119,052879
12195,112747 11154,872213 -114,809201
12245,112747 11154,872213 -110,374338
12295,112747 11154,872213 -105,807796
12345,112747 11154,872213 -98,629033
12395,112747 11154,872213 -93,788531
12445,112747 11154,872213 -88,948526
12495,112747 11154,872213 -84,143200
12545,112747 11154,872213 -79,401016
12595,112747 11154,872213 -74,745251
12645,112747 11154,872213 -70,194549
12695,112747 11154,872213 -65,763467
12745,112747 11154,872213 -61,463004
12795,112747 11154,872213 -57,301094
12845,112747 11154,872213 -53,283062
12895,112747 11154,872213 -49,412035
12945,112747 11154,872213 -45,689310
12995,112747 11154,872213 -42,114673
13045,112747 11154,872213 -38,686689
13095,112747 11154,872213 -35,402941
13145,112747 11154,872213 -32,260239
13195,112747 11154,872213 -29,254802
13245,112747 11154,872213 -26,382405
13295,112747 11154,872213 -23,638506
13345,112747 11154,872213 -21,018352
13395,112747 11154,872213 -18,517061
13445,112747 11154,872213 -16,129698
13495,112747 11154,872213 -13,851329
13545,112747 11154,872213 -11,677065
13595,112747 11154,872213 -5,513795
13645,112747 11154,872213 -3,402611
13695,112747 11154,872213 -1,385604
13745,112747 11154,872213 0,541753
13795,112747 11154,872213 2,383840
13845,112747 11154,872213 4,144877
13895,112747 11154,872213 5,828916
13945,112747 11154,872213 7,439843
13995,112747 11154,872213 8,981373
6545,112747 11204,872213 455,731841
6595,112747 11204,872213 451,918995
6645,112747 11204,872213 420,472531
6695,112747 11204,872213 415,540726
6745,112747 11204,872213 410,134701
6795,112747 11204,872213 404,276604
6845,112747 11204,872213 397,993224
6895,112747 11204,872213 391,315656
6945,112747 11204,872213 384,278874
6995,112747 11204,872213 376,921214
7045,112747 11204,872213 369,283800
7095,112747 11204,872213 361,409906
7145,112747 11204,872213 353,344302
7195,112747 11204,872213 345,132587
7245,112747 11204,872213 336,820533
7295,112747 11204,872213 328,453470
7345,112747 11204,872213 320,075701
7395,112747 11204,872213 311,729992
7445,112747 11204,872213 303,457127
7495,112747 11204,872213 295,295530
7545,112747 11204,872213 287,280977
7595,112747 11204,872213 272,500617
7645,112747 11204,872213 265,013200
7695,112747 11204,872213 257,763403
7745,112747 11204,872213 250,774278
7795,112747 11204,872213 244,065853
7845,112747 11204,872213 237,655230
7895,112747 11204,872213 231,556721
7945,112747 11204,872213 225,782001
7995,112747 11204,872213 220,340281
8045,112747 11204,872213 215,238499
8095,112747 11204,872213 210,481499
8145,112747 11204,872213 206,072217
8195,112747 11204,872213 202,011857
8245,112747 11204,872213 198,300053
8295,112747 11204,872213 194,935011
8345,112747 11204,872213 191,913642
8395,112747 11204,872213 189,231659
8445,112747 11204,872213 186,883661
8495,112747 11204,872213 184,863181
8545,112747 11204,872213 183,162709
8595,112747 11204,872213 181,773686
8645,112747 11204,872213 180,686452
8695,112747 11204,872213 179,890176
8745,112747 11204,872213 179,372729
8795,112747 11204,872213 179,120533
8845,112747 11204,872213 179,118362
8895,112747 11204,872213 179,349107
8945,112747 11204,872213 179,793508
8995,112747 11204,872213 178,576293
9045,112747 11204,872213 179,450513
9095,112747 11204,872213 180,465777
9145,112747 11204,872213 181,590743
9195,112747 11204,872213 182,790251
9245,112747 11204,872213 184,025153
9295,112747 11204,872213 185,252293
9345,112747 11204,872213 186,424657
9395,112747 11204,872213 187,491762
9445,112747 11204,872213 188,400294
9495,112747 11204,872213 189,095015
9545,112747 11204,872213 189,519925
9595,112747 11204,872213 189,619638
9645,112747 11204,872213 189,340877
9695,112747 11204,872213 188,634011
9745,112747 11204,872213 187,454479
9795,112747 11204,872213 185,764012
9845,112747 11204,872213 183,531516
9895,112747 11204,872213 180,733566
9945,112747 11204,872213 177,354472
9995,112747 11204,872213 173,385948
10045,112747 11204,872213 168,826449
10095,112747 11204,872213 163,680273
10145,112747 11204,872213 157,956555
10195,112747 11204,872213 151,668254
10245,112747 11204,872213 144,831257
10295,112747 11204,872213 137,463659
10345,112747 11204,872213 129,585284
10395,112747 11204,872213 121,217464
10445,112747 11204,872213 112,383086
10495,112747 11204,872213 103,106875
10545,112747 11204,872213 93,415895
10595,112747 11204,872213 83,340218
10645,112747 11204,872213 72,913712
10695,112747 11204,872213 62,174898
10745,112747 11204,872213 51,167818
10795,112747 11204,872213 39,942833
10845,112747 11204,872213 28,557301
10895,112747 11204,872213 17,076048
10945,112747 11204,872213 5,571543
10995,112747 11204,872213 -5,876273
11045,112747 11204,872213 -17,180604
11095,112747 11204,872213 -28,248891
11145,112747 11204,872213 -38,984424
11195,112747 11204,872213 -49,288445
11245,112747 11204,872213 -59,062707
11295,112747 11204,872213 -68,212362
11345,112747 11204,872213 -76,649053
11395,112747 11204,872213 -84,293993
11445,112747 11204,872213 -91,080841
11495,112747 11204,872213 -96,958139
11545,112747 11204,872213 -101,891142
11595,112747 11204,872213 -119,683582
11645,112747 11204,872213 -122,566898
11695,112747 11204,872213 -124,562790
11745,112747 11204,872213 -125,705430
11795,112747 11204,872213 -126,041589
11845,112747 11204,872213 -125,628363
11895,112747 11204,872213 -124,530670
11945,112747 11204,872213 -122,818695
11995,112747 11204,872213 -120,565429
12045,112747 11204,872213 -117,844435
12095,112747 11204,872213 -114,727910
12145,112747 11204,872213 -111,285107
12195,112747 11204,872213 -107,581121
12245,112747 11204,872213 -103,676029
12295,112747 11204,872213 -99,624354
12345,112747 11204,872213 -92,715463
12395,112747 11204,872213 -88,356976
12445,112747 11204,872213 -83,975278
12495,112747 11204,872213 -79,603188
12545,112747 11204,872213 -75,268442
12595,112747 11204,872213 -70,994115
12645,112747 11204,872213 -66,799073
12695,112747 11204,872213 -62,698432
12745,112747 11204,872213 -58,704003
12795,112747 11204,872213 -54,824720
12845,112747 11204,872213 -51,067042
12895,112747 11204,872213 -47,435310
12945,112747 11204,872213 -43,932079
12995,112747 11204,872213 -40,558414
13045,112747 11204,872213 -37,314143
13095,112747 11204,872213 -34,198088
13145,112747 11204,872213 -31,208259
13195,112747 11204,872213 -28,342019
13245,112747 11204,872213 -25,596235
13295,112747 11204,872213 -22,967393
13345,112747 11204,872213 -20,451705
13395,112747 11204,872213 -18,045193
13445,112747 11204,872213 -15,743759
13495,112747 11204,872213 -13,543247
13545,112747 11204,872213 -11,439487
13595,112747 11204,872213 -5,335606
13645,112747 11204,872213 -3,286046
13695,112747 11204,872213 -1,324878
13745,112747 11204,872213 0,551899
13795,112747 11204,872213 2,348182
13845,112747 11204,872213 4,067748
13895,112747 11204,872213 5,714249
13945,112747 11204,872213 7,291203
13995,112747 11204,872213 8,801995
6545,112747 11254,872213 439,537810
6595,112747 11254,872213 435,789473
6645,112747 11254,872213 404,309435
6695,112747 11254,872213 399,541428
6745,112747 11254,872213 394,342959
6795,112747 11254,872213 388,735107
6845,112747 11254,872213 382,743037
6895,112747 11254,872213 376,395689
6945,112747 11254,872213 369,725397
6995,112747 11254,872213 362,767429
7045,112747 11254,872213 355,559470
7095,112747 11254,872213 348,141068
7145,112747 11254,872213 340,553061
7195,112747 11254,872213 332,836987
7245,112747 11254,872213 325,034519
7295,112747 11254,872213 317,186918
7345,112747 11254,872213 309,334534
7395,112747 11254,872213 301,516352
7445,112747 11254,872213 293,769601
7495,112747 11254,872213 286,129427
7545,112747 11254,872213 278,628637
7595,112747 11254,872213 264,527700
7645,112747 11254,872213 257,527122
7695,112747 11254,872213 250,749307
7745,112747 11254,872213 244,215802
7795,112747 11254,872213 237,945472
7845,112747 11254,872213 231,954579
7895,112747 11254,872213 226,256897
7945,112747 11254,872213 220,863850
7995,112747 11254,872213 215,784660
8045,112747 11254,872213 211,026512
8095,112747 11254,872213 206,594721
8145,112747 11254,872213 202,492890
8195,112747 11254,872213 198,723071
8245,112747 11254,872213 195,285909
8295,112747 11254,872213 192,180771
8345,112747 11254,872213 189,405864
8395,112747 11254,872213 186,958318
8445,112747 11254,872213 184,834261
8495,112747 11254,872213 183,028854
8545,112747 11254,872213 181,536301
8595,112747 11254,872213 180,349825
8645,112747 11254,872213 179,461605
8695,112747 11254,872213 178,862675
8745,112747 11254,872213 178,542774
8795,112747 11254,872213 178,490159
8845,112747 11254,872213 178,691354
8895,112747 11254,872213 179,130871
8945,112747 11254,872213 179,790866
8995,112747 11254,872213 178,839551
9045,112747 11254,872213 179,952319
9095,112747 11254,872213 181,215834
9145,112747 11254,872213 182,598479
9195,112747 11254,872213 184,064129
9245,112747 11254,872213 185,571899
9295,112747 11254,872213 187,076054
9345,112747 11254,872213 188,526136
9395,112747 11254,872213 189,867385
9445,112747 11254,872213 191,041472
9495,112747 11254,872213 191,987595
9545,112747 11254,872213 192,643892
9595,112747 11254,872213 192,949153
9645,112747 11254,872213 192,844704
9695,112747 11254,872213 192,276345
9745,112747 11254,872213 191,196178
9795,112747 11254,872213 189,564143
9845,112747 11254,872213 187,349152
9895,112747 11254,872213 184,529686
9945,112747 11254,872213 181,093842
9995,112747 11254,872213 177,038849
10045,112747 11254,872213 172,370149
10095,112747 11254,872213 167,100163
10145,112747 11254,872213 161,246907
10195,112747 11254,872213 154,832613
10245,112747 11254,872213 147,882465
10295,112747 11254,872213 140,423574
10345,112747 11254,872213 132,484234
10395,112747 11254,872213 124,093498
10445,112747 11254,872213 115,281053
10495,112747 11254,872213 106,077378
10545,112747 11254,872213 96,514146
10595,112747 11254,872213 86,624798
10645,112747 11254,872213 76,445251
10695,112747 11254,872213 66,014676
10745,112747 11254,872213 55,376276
10795,112747 11254,872213 44,578013
10845,112747 11254,872213 33,673210
10895,112747 11254,872213 22,720971
10945,112747 11254,872213 11,786348
10995,112747 11254,872213 0,940200
11045,112747 11254,872213 -9,741319
11095,112747 11254,872213 -20,177667
11145,112747 11254,872213 -30,285246
11195,112747 11254,872213 -39,979138
11245,112747 11254,872213 -49,175198
11295,112747 11254,872213 -57,792418
11345,112747 11254,872213 -65,755445
11395,112747 11254,872213 -72,997095
11445,112747 11254,872213 -79,460692
11495,112747 11254,872213 -85,102078
11545,112747 11254,872213 -89,891125
11595,112747 11254,872213 -108,389950
11645,112747 11254,872213 -111,324137
11695,112747 11254,872213 -113,452391
11745,112747 11254,872213 -114,803295
11795,112747 11254,872213 -115,416326
11845,112747 11254,872213 -115,340028
11895,112747 11254,872213 -114,629975
11945,112747 11254,872213 -113,346660
11995,112747 11254,872213 -111,553436
12045,112747 11254,872213 -109,314619
12095,112747 11254,872213 -106,693814
12145,112747 11254,872213 -103,752519
12195,112747 11254,872213 -100,549023
12245,112747 11254,872213 -97,137600
12295,112747 11254,872213 -93,567965
12345,112747 11254,872213 -86,891361
12395,112747 11254,872213 -82,989255
12445,112747 11254,872213 -79,043343
12495,112747 11254,872213 -75,084919
12545,112747 11254,872213 -71,140790
12595,112747 11254,872213 -67,233610
12645,112747 11254,872213 -63,382237
12695,112747 11254,872213 -59,602111
12745,112747 11254,872213 -55,905631
12795,112747 11254,872213 -52,302516
12845,112747 11254,872213 -48,800154
12895,112747 11254,872213 -45,403913
12945,112747 11254,872213 -42,117439
12995,112747 11254,872213 -38,942917
13045,112747 11254,872213 -35,881303
13095,112747 11254,872213 -32,932535
13145,112747 11254,872213 -30,095711
13195,112747 11254,872213 -27,369249
13245,112747 11254,872213 -24,751020
13295,112747 11254,872213 -22,238469
13345,112747 11254,872213 -19,828712
13395,112747 11254,872213 -17,518618
13445,112747 11254,872213 -15,304884
13495,112747 11254,872213 -13,184094
13545,112747 11254,872213 -11,152763
13595,112747 11254,872213 -5,108973
13645,112747 11254,872213 -3,123115
13695,112747 11254,872213 -1,219856
13745,112747 11254,872213 0,604295
13795,112747 11254,872213 2,352762
13845,112747 11254,872213 4,028892
13895,112747 11254,872213 5,635944
13945,112747 11254,872213 7,177074
13995,112747 11254,872213 8,655338
6545,112747 11304,872213 423,646860
6595,112747 11304,872213 419,965681
6645,112747 11304,872213 388,525741
6695,112747 11304,872213 383,918223
6745,112747 11304,872213 378,920962
6795,112747 11304,872213 373,553991
6845,112747 11304,872213 367,840937
6895,112747 11304,872213 361,808736
6945,112747 11304,872213 355,487284
6995,112747 11304,872213 348,909031
7045,112747 11304,872213 342,108522
7095,112747 11304,872213 335,121908
7145,112747 11304,872213 327,986446
7195,112747 11304,872213 320,739981
7245,112747 11304,872213 313,420452
7295,112747 11304,872213 306,065420
7345,112747 11304,872213 298,711624
7395,112747 11304,872213 291,394591
7445,112747 11304,872213 284,148294
7495,112747 11304,872213 277,004864
7545,112747 11304,872213 269,994362
7595,112747 11304,872213 256,558924
7645,112747 11304,872213 250,024286
7695,112747 11304,872213 243,699253
7745,112747 11304,872213 237,603943
7795,112747 11304,872213 231,756097
7845,112747 11304,872213 226,171150
7895,112747 11304,872213 220,862328
7945,112747 11304,872213 215,840772
7995,112747 11304,872213 211,115666
8045,112747 11304,872213 206,694384
8095,112747 11304,872213 202,582638
8145,112747 11304,872213 198,784622
8195,112747 11304,872213 195,303153
8245,112747 11304,872213 192,139804
8295,112747 11304,872213 189,295018
8345,112747 11304,872213 186,768211
8395,112747 11304,872213 184,557853
8445,112747 11304,872213 182,661519
8495,112747 11304,872213 181,075925
8545,112747 11304,872213 179,796920
8595,112747 11304,872213 178,819444
8645,112747 11304,872213 178,137458
8695,112747 11304,872213 177,743808
8745,112747 11304,872213 177,630057
8795,112747 11304,872213 177,786256
8845,112747 11304,872213 178,200651
8895,112747 11304,872213 178,859344
8945,112747 11304,872213 179,745885
8995,112747 11304,872213 179,071789
9045,112747 11304,872213 180,435063
9095,112747 11304,872213 181,959335
9145,112747 11304,872213 183,612668
9195,112747 11304,872213 185,357908
9245,112747 11304,872213 187,152324
9295,112747 11304,872213 188,947443
9345,112747 11304,872213 190,689151
9395,112747 11304,872213 192,318128
9445,112747 11304,872213 193,770691
9495,112747 11304,872213 194,980071
9545,112747 11304,872213 195,878112
9595,112747 11304,872213 196,397339
9645,112747 11304,872213 196,473268
9695,112747 11304,872213 196,046791
9745,112747 11304,872213 195,066430
9795,112747 11304,872213 193,490242
9845,112747 11304,872213 191,287197
9895,112747 11304,872213 188,437886
9945,112747 11304,872213 184,934529
9995,112747 11304,872213 180,780297
10045,112747 11304,872213 175,988090
10095,112747 11304,872213 170,578918
10145,112747 11304,872213 164,580096
10195,112747 11304,872213 158,023443
10245,112747 11304,872213 150,943640
10295,112747 11304,872213 143,376875
10345,112747 11304,872213 135,359838
10395,112747 11304,872213 126,929092
10445,112747 11304,872213 118,120807
10495,112747 11304,872213 108,970813
10545,112747 11304,872213 99,514925
10595,112747 11304,872213 89,789465
10645,112747 11304,872213 79,831917
10695,112747 11304,872213 69,681662
10745,112747 11304,872213 59,380708
10795,112747 11304,872213 48,974372
10845,112747 11304,872213 38,511853
10895,112747 11304,872213 28,046630
10945,112747 11304,872213 17,636645
10995,112747 11304,872213 7,344214
11045,112747 11304,872213 -2,764369
11095,112747 11304,872213 -12,619565
11145,112747 11304,872213 -22,149665
11195,112747 11304,872213 -31,282203
11245,112747 11304,872213 -39,945645
11295,112747 11304,872213 -48,071309
11345,112747 11304,872213 -55,595400
11395,112747 11304,872213 -62,461045
11445,112747 11304,872213 -68,620200
11495,112747 11304,872213 -74,035284
11545,112747 11304,872213 -78,680439
11595,112747 11304,872213 -97,799601
11645,112747 11304,872213 -100,767297
11695,112747 11304,872213 -103,003075
11745,112747 11304,872213 -104,530885
11795,112747 11304,872213 -105,384039
11845,112747 11304,872213 -105,603759
11895,112747 11304,872213 -105,237524
11945,112747 11304,872213 -104,337347
11995,112747 11304,872213 -102,958066
12045,112747 11304,872213 -101,155738
12095,112747 11304,872213 -98,986208
12145,112747 11304,872213 -96,503891
12195,112747 11304,872213 -93,760780
12245,112747 11304,872213 -90,805700
12295,112747 11304,872213 -87,683781
12345,112747 11304,872213 -81,202194
12395,112747 11304,872213 -77,728783
12445,112747 11304,872213 -74,193969
12495,112747 11304,872213 -70,627397
12545,112747 11304,872213 -67,054789
12595,112747 11304,872213 -63,498186
12645,112747 11304,872213 -59,976237
12695,112747 11304,872213 -56,504499
12745,112747 11304,872213 -53,095750
12795,112747 11304,872213 -49,760293
12845,112747 11304,872213 -46,506251
12895,112747 11304,872213 -43,339842
12945,112747 11304,872213 -40,265634
12995,112747 11304,872213 -37,286779
13045,112747 11304,872213 -34,405225
13095,112747 11304,872213 -31,621900
13145,112747 11304,872213 -28,936880
13195,112747 11304,872213 -26,349536
13245,112747 11304,872213 -23,858660
13295,112747 11304,872213 -21,462578
13345,112747 11304,872213 -19,159242
13395,112747 11304,872213 -16,946313
13445,112747 11304,872213 -14,821232
13495,112747 11304,872213 -12,781277
13545,112747 11304,872213 -10,823614
13595,112747 11304,872213 -4,840390
13645,112747 11304,872213 -2,919706
13695,112747 11304,872213 -1,075872
13745,112747 11304,872213 0,694108
13795,112747 11304,872213 2,393207
13845,112747 11304,872213 4,024354
13895,112747 11304,872213 5,590423
13945,112747 11304,872213 7,094221
13995,112747 11304,872213 8,538481
6545,112747 11354,872213 408,050642
6595,112747 11354,872213 404,438191
6645,112747 11354,872213 373,107555
6695,112747 11354,872213 368,656564
6745,112747 11354,872213 363,853755
6795,112747 11354,872213 358,718156
6845,112747 11354,872213 353,271946
6895,112747 11354,872213 347,540199
6945,112747 11354,872213 341,550567
6995,112747 11354,872213 335,332916
7045,112747 11354,872213 328,918924
7095,112747 11354,872213 322,341648
7145,112747 11354,872213 315,635084
7195,112747 11354,872213 308,833717
7245,112747 11354,872213 301,972088
7295,112747 11354,872213 295,084382
7345,112747 11354,872213 288,204046
7395,112747 11354,872213 281,363443
7445,112747 11354,872213 274,593557
7495,112747 11354,872213 267,923742
7545,112747 11354,872213 261,381522
7595,112747 11354,872213 248,598250
7645,112747 11354,872213 242,509917
7695,112747 11354,872213 236,619606
7745,112747 11354,872213 230,946068
7795,112747 11354,872213 225,505960
7845,112747 11354,872213 220,313900
7895,112747 11354,872213 215,382558
7945,112747 11354,872213 210,722758
7995,112747 11354,872213 206,343601
8045,112747 11354,872213 202,252591
8095,112747 11354,872213 198,455765
8145,112747 11354,872213 194,957830
8195,112747 11354,872213 191,762286
8245,112747 11354,872213 188,871543
8295,112747 11354,872213 186,287032
8345,112747 11354,872213 184,009290
8395,112747 11354,872213 182,038032
8445,112747 11354,872213 180,372197
8495,112747 11354,872213 179,009967
8545,112747 11354,872213 177,948749
8595,112747 11354,872213 177,185126
8645,112747 11354,872213 176,714759
8695,112747 11354,872213 176,532239
8745,112747 11354,872213 176,630885
8795,112747 11354,872213 177,002482
8845,112747 11354,872213 177,636943
8895,112747 11354,872213 178,521913
8945,112747 11354,872213 179,642293
8995,112747 11354,872213 179,251539
9045,112747 11354,872213 180,872739
9095,112747 11354,872213 182,665337
9145,112747 11354,872213 184,597044
9195,112747 11354,872213 186,629628
9245,112747 11354,872213 188,718442
9295,112747 11354,872213 190,812178
9345,112747 11354,872213 192,852921
9395,112747 11354,872213 194,776610
9445,112747 11354,872213 196,513976
9495,112747 11354,872213 197,992014
9545,112747 11354,872213 199,135979
9595,112747 11354,872213 199,871832
9645,112747 11354,872213 200,129007
9695,112747 11354,872213 199,843275
9745,112747 11354,872213 198,959456
9795,112747 11354,872213 197,433712
9845,112747 11354,872213 195,235177
9895,112747 11354,872213 192,346780
9945,112747 11354,872213 188,765176
9995,112747 11354,872213 184,499855
10045,112747 11354,872213 179,571559
10095,112747 11354,872213 174,010240
10145,112747 11354,872213 167,852792
10195,112747 11354,872213 161,140799
10245,112747 11354,872213 153,918493
10295,112747 11354,872213 146,231065
10345,112747 11354,872213 138,123401
10395,112747 11354,872213 129,639270
10445,112747 11354,872213 120,820931
10495,112747 11354,872213 111,709110
10545,112747 11354,872213 102,343281
10595,112747 11354,872213 92,762157
10645,112747 11354,872213 83,004338
10695,112747 11354,872213 73,109020
10745,112747 11354,872213 63,116717
10795,112747 11354,872213 53,069931
10845,112747 11354,872213 43,013714
10895,112747 11354,872213 32,996077
10945,112747 11354,872213 23,068210
10995,112747 11354,872213 13,284452
11045,112747 11354,872213 3,702020
11095,112747 11354,872213 -5,619568
11145,112747 11354,872213 -14,619333
11195,112747 11354,872213 -23,235960
11245,112747 11354,872213 -31,409157
11295,112747 11354,872213 -39,081182
11345,112747 11354,872213 -46,198483
11395,112747 11354,872213 -52,713338
11445,112747 11354,872213 -58,585388
11495,112747 11354,872213 -63,782977
11545,112747 11354,872213 -68,284183
11595,112747 11354,872213 -87,938786
11645,112747 11354,872213 -90,923457
11695,112747 11354,872213 -93,243176
11745,112747 11354,872213 -94,918093
11795,112747 11354,872213 -95,976353
11845,112747 11354,872213 -96,452950
11895,112747 11354,872213 -96,388404
11945,112747 11354,872213 -95,827358
11995,112747 11354,872213 -94,817168
12045,112747 11354,872213 -93,406569
12095,112747 11354,872213 -91,644448
12145,112747 11354,872213 -89,578794
12195,112747 11354,872213 -87,255822
12245,112747 11354,872213 -84,719286
12295,112747 11354,872213 -82,009984
12345,112747 11354,872213 -75,687252
12395,112747 11354,872213 -72,613447
12445,112747 11354,872213 -69,463479
12495,112747 11354,872213 -66,265266
12545,112747 11354,872213 -63,043318
12595,112747 11354,872213 -59,818912
12645,112747 11354,872213 -56,610315
12695,112747 11354,872213 -53,433018
12745,112747 11354,872213 -50,299990
12795,112747 11354,872213 -47,221933
12845,112747 11354,872213 -44,207528
12895,112747 11354,872213 -41,263671
12945,112747 11354,872213 -38,395692
12995,112747 11354,872213 -35,607566
13045,112747 11354,872213 -32,902091
13095,112747 11354,872213 -30,281066
13145,112747 11354,872213 -27,745431
13195,112747 11354,872213 -25,295413
13245,112747 11354,872213 -22,930633
13295,112747 11354,872213 -20,650219
13345,112747 11354,872213 -18,452890
13395,112747 11354,872213 -16,337037
13445,112747 11354,872213 -14,300789
13495,112747 11354,872213 -12,342075
13545,112747 11354,872213 -10,458668
13595,112747 11354,872213 -4,536277
13645,112747 11354,872213 -2,681660
13695,112747 11354,872213 -0,898238
13745,112747 11354,872213 0,816515
13795,112747 11354,872213 2,465137
13845,112747 11354,872213 4,050156
13895,112747 11354,872213 5,574078
13945,112747 11354,872213 7,039370
13995,112747 11354,872213 8,448455
6545,112747 11404,872213 392,739035
6595,112747 11404,872213 389,195878
6645,112747 11404,872213 358,039383
6695,112747 11404,872213 353,740369
6745,112747 11404,872213 349,124911
6795,112747 11404,872213 344,211073
6845,112747 11404,872213 339,019681
6895,112747 11404,872213 333,574085
6945,112747 11404,872213 327,899873
6995,112747 11404,872213 322,024549
7045,112747 11404,872213 315,977173
7095,112747 11404,872213 309,787984
7145,112747 11404,872213 303,488009
7195,112747 11404,872213 297,108675
7245,112747 11404,872213 290,681429
7295,112747 11404,872213 284,237378
7345,112747 11404,872213 277,806959
7395,112747 11404,872213 271,419638
7445,112747 11404,872213 265,103655
7495,112747 11404,872213 258,885801
7545,112747 11404,872213 252,791251
7595,112747 11404,872213 240,647378
7645,112747 11404,872213 234,986925
7695,112747 11404,872213 229,514356
7745,112747 11404,872213 224,247120
7795,112747 11404,872213 219,200822
7845,112747 11404,872213 214,389274
7895,112747 11404,872213 209,824574
7945,112747 11404,872213 205,517205
7995,112747 11404,872213 201,476133
8045,112747 11404,872213 197,708931
8095,112747 11404,872213 194,221895
8145,112747 11404,872213 191,020162
8195,112747 11404,872213 188,107829
8245,112747 11404,872213 185,488054
8295,112747 11404,872213 183,163159
8345,112747 11404,872213 181,134704
8395,112747 11404,872213 179,403554
8445,112747 11404,872213 177,969909
8495,112747 11404,872213 176,833317
8545,112747 11404,872213 175,992649
8595,112747 11404,872213 175,446030
8645,112747 11404,872213 175,190727
8695,112747 11404,872213 175,222982
8745,112747 11404,872213 175,537782
8795,112747 11404,872213 176,128559
8845,112747 11404,872213 176,986816
8895,112747 11404,872213 178,101666
8945,112747 11404,872213 179,459297
8995,112747 11404,872213 179,352541
9045,112747 11404,872213 181,234232
9095,112747 11404,872213 183,297426
9145,112747 11404,872213 185,509456
9195,112747 11404,872213 187,830984
9245,112747 11404,872213 190,215421
9295,112747 11404,872213 192,608584
9345,112747 11404,872213 194,948708
9395,112747 11404,872213 197,166917
9445,112747 11404,872213 199,188263
9495,112747 11404,872213 200,933398
9545,112747 11404,872213 202,320862
9595,112747 11404,872213 203,269939
9645,112747 11404,872213 203,703885
9695,112747 11404,872213 203,553299
9745,112747 11404,872213 202,759308
9795,112747 11404,872213 201,276262
9845,112747 11404,872213 199,073624
9895,112747 11404,872213 196,136883
9945,112747 11404,872213 192,467400
9995,112747 11404,872213 188,081259
10045,112747 11404,872213 183,007301
10095,112747 11404,872213 177,284612
10145,112747 11404,872213 170,959771
10195,112747 11404,872213 164,084123
10245,112747 11404,872213 156,711333
10295,112747 11404,872213 148,895367
10345,112747 11404,872213 140,688981
10395,112747 11404,872213 132,142740
10445,112747 11404,872213 123,304529
10495,112747 11404,872213 114,219481
10545,112747 11404,872213 104,930233
10595,112747 11404,872213 95,477427
10645,112747 11404,872213 85,900360
10695,112747 11404,872213 76,237712
10745,112747 11404,872213 66,528272
10795,112747 11404,872213 56,811624
10845,112747 11404,872213 47,128723
10895,112747 11404,872213 37,522331
10945,112747 11404,872213 28,037281
10995,112747 11404,872213 18,720529
11045,112747 11404,872213 9,620981
11095,112747 11404,872213 0,789086
11145,112747 11404,872213 -7,723815
11195,112747 11404,872213 -15,866362
11245,112747 11404,872213 -23,588239
11295,112747 11404,872213 -30,841394
11345,112747 11404,872213 -37,581333
11395,112747 11404,872213 -43,768432
11445,112747 11404,872213 -49,369170
11495,112747 11404,872213 -54,357218
11545,112747 11404,872213 -58,714280
11595,112747 11404,872213 -78,821560
11645,112747 11404,872213 -81,807578
11695,112747 11404,872213 -84,189030
11745,112747 11404,872213 -85,982988
11795,112747 11404,872213 -87,213303
11845,112747 11404,872213 -87,909711
11895,112747 11404,872213 -88,106782
11945,112747 11404,872213 -87,842794
11995,112747 11404,872213 -87,158576
12045,112747 11404,872213 -86,096404
12095,112747 11404,872213 -84,698967
12145,112747 11404,872213 -83,008468
12195,112747 11404,872213 -81,065853
12245,112747 11404,872213 -78,910200
12295,112747 11404,872213 -76,578247
12345,112747 11404,872213 -70,379956
12395,112747 11404,872213 -67,675826
12445,112747 11404,872213 -64,883421
12495,112747 11404,872213 -62,028889
12545,112747 11404,872213 -59,135440
12595,112747 11404,872213 -56,223470
12645,112747 11404,872213 -53,310717
12695,112747 11404,872213 -50,412448
12745,112747 11404,872213 -47,541662
12795,112747 11404,872213 -44,709292
12845,112747 11404,872213 -41,924413
12895,112747 11404,872213 -39,194439
12945,112747 11404,872213 -36,525315
12995,112747 11404,872213 -33,921695
13045,112747 11404,872213 -31,387099
13095,112747 11404,872213 -28,924072
13145,112747 11404,872213 -26,534314
13195,112747 11404,872213 -24,218803
13245,112747 11404,872213 -21,977902
13295,112747 11404,872213 -19,811459
13345,112747 11404,872213 -17,718888
13395,112747 11404,872213 -15,699246
13445,112747 11404,872213 -13,751296
13495,112747 11404,872213 -11,873565
13545,112747 11404,872213 -10,064389
13595,112747 11404,872213 -4,202924
13645,112747 11404,872213 -2,414714
13695,112747 11404,872213 -0,692186
13745,112747 11404,872213 0,966745
13795,112747 11404,872213 2,564205
13845,112747 11404,872213 4,102341
13895,112747 11404,872213 5,583307
13945,112747 11404,872213 7,009246
13995,112747 11404,872213 8,382279
6545,112747 11454,872213 377,700519
6595,112747 11454,872213 374,226294
6645,112747 11454,872213 343,304516
6695,112747 11454,872213 339,152407
6745,112747 11454,872213 334,716896
6795,112747 11454,872213 330,015137
6845,112747 11454,872213 325,066697
6895,112747 11454,872213 319,893332
6945,112747 11454,872213 314,518741
6995,112747 11454,872213 308,968267
7045,112747 11454,872213 303,268584
7095,112747 11454,872213 297,447362
7145,112747 11454,872213 291,532928
7195,112747 11454,872213 285,553924
7245,112747 11454,872213 279,538976
7295,112747 11454,872213 273,516384
7345,112747 11454,872213 267,513829
7395,112747 11454,872213 261,558123
7445,112747 11454,872213 255,674977
7495,112747 11454,872213 249,888819
7545,112747 11454,872213 244,222641
7595,112747 11454,872213 232,705946
7645,112747 11454,872213 227,456086
7695,112747 11454,872213 222,385303
7745,112747 11454,872213 217,509798
7795,112747 11454,872213 212,844150
7845,112747 11454,872213 208,401373
7895,112747 11454,872213 204,192982
7945,112747 11454,872213 200,229080
7995,112747 11454,872213 196,518457
8045,112747 11454,872213 193,068693
8095,112747 11454,872213 189,886268
8145,112747 11454,872213 186,976669
8195,112747 11454,872213 184,344500
8245,112747 11454,872213 181,993574
8295,112747 11454,872213 179,927000
8345,112747 11454,872213 178,147261
8395,112747 11454,872213 176,656260
8445,112747 11454,872213 175,455348
8495,112747 11454,872213 174,545331
8545,112747 11454,872213 173,926424
8595,112747 11454,872213 173,598181
8645,112747 11454,872213 173,559359
8695,112747 11454,872213 173,807737
8745,112747 11454,872213 174,339855
8795,112747 11454,872213 175,150684
8845,112747 11454,872213 176,233206
8895,112747 11454,872213 177,577905
8945,112747 11454,872213 179,172162
8995,112747 11454,872213 179,344434
9045,112747 11454,872213 181,484098
9095,112747 11454,872213 183,814601
9145,112747 11454,872213 186,302872
9195,112747 11454,872213 188,908465
9245,112747 11454,872213 191,582859
9295,112747 11454,872213 194,269030
9345,112747 11454,872213 196,901406
9395,112747 11454,872213 199,406355
9445,112747 11454,872213 201,703320
9495,112747 11454,872213 203,706682
9545,112747 11454,872213 205,328357
9595,112747 11454,872213 206,481042
9645,112747 11454,872213 207,081934
9695,112747 11454,872213 207,056592
9745,112747 11454,872213 206,342617
9795,112747 11454,872213 204,892730
9845,112747 11454,872213 202,676927
9895,112747 11454,872213 199,683465
9945,112747 11454,872213 195,918600
9995,112747 11454,872213 191,405152
10045,112747 11454,872213 186,180139
10095,112747 11454,872213 180,291773
10145,112747 11454,872213 173,796204
10195,112747 11454,872213 166,754327
10245,112747 11454,872213 159,228931
10295,112747 11454,872213 151,282359
10345,112747 11454,872213 142,974776
10395,112747 11454,872213 134,363042
10445,112747 11454,872213 125,500147
10495,112747 11454,872213 116,435112
10545,112747 11454,872213 107,213254
10595,112747 11454,872213 97,876707
10645,112747 11454,872213 88,465110
10695,112747 11454,872213 79,016354
10745,112747 11454,872213 69,567353
10795,112747 11454,872213 60,154744
10845,112747 11454,872213 50,815504
10895,112747 11454,872213 41,587418
10945,112747 11454,872213 32,509401
10995,112747 11454,872213 23,621623
11045,112747 11454,872213 14,965445
11095,112747 11454,872213 6,583148
11145,112747 11454,872213 -1,482541
11195,112747 11454,872213 -9,189107
11245,112747 11454,872213 -16,495067
11295,112747 11454,872213 -23,360920
11345,112747 11454,872213 -29,750166
11395,112747 11454,872213 -35,630338
11445,112747 11454,872213 -40,973994
11495,112747 11454,872213 -45,759584
11545,112747 11454,872213 -49,972149
11595,112747 11454,872213 -70,452100
11645,112747 11454,872213 -73,424758
11695,112747 11454,872213 -75,847154
11745,112747 11454,872213 -77,733896
11795,112747 11454,872213 -79,105297
11845,112747 11454,872213 -79,986684
11895,112747 11454,872213 -80,407576
11945,112747 11454,872213 -80,400781
11995,112747 11454,872213 -80,001467
12045,112747 11454,872213 -79,246248
12095,112747 11454,872213 -78,172325
12145,112747 11454,872213 -76,816722
12195,112747 11454,872213 -75,215618
12245,112747 11454,872213 -73,403803
12295,112747 11454,872213 -71,414249
12345,112747 11454,872213 -65,308230
12395,112747 11454,872213 -62,943473
12445,112747 11454,872213 -60,480772
12495,112747 11454,872213 -57,944494
12545,112747 11454,872213 -55,356497
12595,112747 11454,872213 -52,736201
12645,112747 11454,872213 -50,100703
12695,112747 11454,872213 -47,464916
12745,112747 11454,872213 -44,841723
12795,112747 11454,872213 -42,242143
12845,112747 11454,872213 -39,675496
12895,112747 11454,872213 -37,149573
12945,112747 11454,872213 -34,670792
12995,112747 11454,872213 -32,244351
13045,112747 11454,872213 -29,874372
13095,112747 11454,872213 -27,564029
13145,112747 11454,872213 -25,315672
13195,112747 11454,872213 -23,130934
13245,112747 11454,872213 -21,010832
13295,112747 11454,872213 -18,955852
13345,112747 11454,872213 -16,966032
13395,112747 11454,872213 -15,041029
13445,112747 11454,872213 -13,180181
13495,112747 11454,872213 -11,382561
13545,112747 11454,872213 -9,647026
13595,112747 11454,872213 -3,846427
13645,112747 11454,872213 -2,124452
13695,112747 11454,872213 -0,462823
13745,112747 11454,872213 1,140130
13795,112747 11454,872213 2,686146
13845,112747 11454,872213 4,177014
13895,112747 11454,872213 5,614554
13945,112747 11454,872213 7,000602
13995,112747 11454,872213 8,336994
6545,112747 11504,872213 362,922499
6595,112747 11504,872213 359,515982
6645,112747 11504,872213 328,885367
6695,112747 11504,872213 324,874613
6745,112747 11504,872213 320,611379
6795,112747 11504,872213 316,111965
6845,112747 11504,872213 311,394769
6895,112747 11504,872213 306,480087
6945,112747 11504,872213 301,389885
6995,112747 11504,872213 296,147533
7045,112747 11504,872213 290,777534
7095,112747 11504,872213 285,305218
7145,112747 11504,872213 279,756455
7195,112747 11504,872213 274,157348
7245,112747 11504,872213 268,533951
7295,112747 11504,872213 262,911996
7345,112747 11504,872213 257,316645
7395,112747 11504,872213 251,772267
7445,112747 11504,872213 246,302244
7495,112747 11504,872213 240,928813
7545,112747 11504,872213 235,672939
7595,112747 11504,872213 224,771720
7645,112747 11504,872213 219,916238
7695,112747 11504,872213 215,232246
7745,112747 11504,872213 210,734740
7795,112747 11504,872213 206,437301
7845,112747 11504,872213 202,352145
7895,112747 11504,872213 198,490185
7945,112747 11504,872213 194,861115
7995,112747 11504,872213 191,473495
8045,112747 11504,872213 188,334850
8095,112747 11504,872213 185,451771
8145,112747 11504,872213 182,830013
8195,112747 11504,872213 180,474592
8245,112747 11504,872213 178,389873
8295,112747 11504,872213 176,579653
8345,112747 11504,872213 175,047219
8395,112747 11504,872213 173,795398
8445,112747 11504,872213 172,826573
8495,112747 11504,872213 172,142676
8545,112747 11504,872213 171,745143
8595,112747 11504,872213 171,634820
8645,112747 11504,872213 171,811821
8695,112747 11504,872213 172,275321
8745,112747 11504,872213 173,023276
8795,112747 11504,872213 174,052057
8845,112747 11504,872213 175,355993
8895,112747 11504,872213 176,926811
8945,112747 11504,872213 178,752964
8995,112747 11504,872213 179,193648
9045,112747 11504,872213 181,583586
9095,112747 11504,872213 184,172438
9145,112747 11504,872213 186,926708
9195,112747 11504,872213 189,804855
9245,112747 11504,872213 192,756486
9295,112747 11504,872213 195,721837
9345,112747 11504,872213 198,631682
9395,112747 11504,872213 201,407833
9445,112747 11504,872213 203,964367
9495,112747 11504,872213 206,209678
9545,112747 11504,872213 208,049368
9595,112747 11504,872213 209,389889
9645,112747 11504,872213 210,142720
9695,112747 11504,872213 210,228725
9745,112747 11504,872213 209,582300
9795,112747 11504,872213 208,154829
9845,112747 11504,872213 205,917078
9895,112747 11504,872213 202,860234
9945,112747 11504,872213 198,995521
9995,112747 11504,872213 194,352476
10045,112747 11504,872213 188,976150
10095,112747 11504,872213 182,923634
10145,112747 11504,872213 176,260298
10195,112747 11504,872213 169,056142
10245,112747 11504,872213 161,382559
10295,112747 11504,872213 153,309707
10345,112747 11504,872213 144,904568
10395,112747 11504,872213 136,229708
10445,112747 11504,872213 127,342655
10495,112747 11504,872213 118,295793
10545,112747 11504,872213 109,136654
10595,112747 11504,872213 99,908479
10645,112747 11504,872213 90,650948
10695,112747 11504,872213 81,400977
10745,112747 11504,872213 72,193522
10795,112747 11504,872213 63,062327
10845,112747 11504,872213 54,040571
10895,112747 11504,872213 45,161392
10945,112747 11504,872213 36,458253
10995,112747 11504,872213 27,965150
11045,112747 11504,872213 19,716643
11095,112747 11504,872213 11,747704
11145,112747 11504,872213 4,093403
11195,112747 11504,872213 -3,211570
11245,112747 11504,872213 -10,133524
11295,112747 11504,872213 -16,640488
11345,112747 11504,872213 -22,702996
11395,112747 11504,872213 -28,294902
11445,112747 11504,872213 -33,394155
11495,112747 11504,872213 -37,983495
11545,112747 11504,872213 -42,051024
11595,112747 11504,872213 -62,826732
11645,112747 11504,872213 -65,772229
11695,112747 11504,872213 -68,216180
11745,112747 11504,872213 -70,171253
11795,112747 11504,872213 -71,654874
11845,112747 11504,872213 -72,688700
11895,112747 11504,872213 -73,297985
11945,112747 11504,872213 -73,510869
11995,112747 11504,872213 -73,357634
12045,112747 11504,872213 -72,869958
12095,112747 11504,872213 -72,080213
12145,112747 11504,872213 -71,020814
12195,112747 11504,872213 -69,723652
12245,112747 11504,872213 -68,219616
12295,112747 11504,872213 -66,538209
12345,112747 11504,872213 -60,494902
12395,112747 11504,872213 -58,439237
12445,112747 11504,872213 -56,278190
12495,112747 11504,872213 -54,034366
12545,112747 11504,872213 -51,728240
12595,112747 11504,872213 -49,378197
12645,112747 11504,872213 -47,000606
12695,112747 11504,872213 -44,609915
12745,112747 11504,872213 -42,218773
12795,112747 11504,872213 -39,838156
12845,112747 11504,872213 -37,477501
12895,112747 11504,872213 -35,144843
12945,112747 11504,872213 -32,846944
12995,112747 11504,872213 -30,589428
13045,112747 11504,872213 -28,376896
13095,112747 11504,872213 -26,213045
13145,112747 11504,872213 -24,100772
13195,112747 11504,872213 -22,042272
13245,112747 11504,872213 -20,039124
13295,112747 11504,872213 -18,092378
13345,112747 11504,872213 -16,202621
13395,112747 11504,872213 -14,370045
13445,112747 11504,872213 -12,594503
13495,112747 11504,872213 -10,875565
13545,112747 11504,872213 -9,212556
13595,112747 11504,872213 -3,472640
13645,112747 11504,872213 -1,816249
13695,112747 11504,872213 -0,215083
13745,112747 11504,872213 1,332144
13795,112747 11504,872213 2,826812
13845,112747 11504,872213 4,270374
13895,112747 11504,872213 5,664340
13945,112747 11504,872213 7,010253
13995,112747 11504,872213 8,309685
6545,112747 11554,872213 348,391595
6595,112747 11554,872213 345,050753
6645,112747 11554,872213 314,763750
6695,112747 11554,872213 310,888365
6745,112747 11554,872213 306,789496
6795,112747 11554,872213 302,482648
6845,112747 11554,872213 297,985142
6895,112747 11554,872213 293,315938
6945,112747 11554,872213 288,495417
6995,112747 11554,872213 283,545158
7045,112747 11554,872213 278,487680
7095,112747 11554,872213 273,346189
7145,112747 11554,872213 268,144314
7195,112747 11554,872213 262,905845
7245,112747 11554,872213 257,654488
7295,112747 11554,872213 252,413626
7345,112747 11554,872213 247,206107
7395,112747 11554,872213 242,054052
7445,112747 11554,872213 236,978693
7495,112747 11554,872213 232,000230
7545,112747 11554,872213 227,137734
7595,112747 11554,872213 216,840788
7645,112747 11554,872213 212,364472
7695,112747 11554,872213 208,053172
7745,112747 11554,872213 203,920719
7795,112747 11554,872213 199,979714
7845,112747 11554,872213 196,241572
7895,112747 11554,872213 192,716586
7945,112747 11554,872213 189,414000
7995,112747 11554,872213 186,342094
8045,112747 11554,872213 183,508275
8095,112747 11554,872213 180,919165
8145,112747 11554,872213 178,580698
8195,112747 11554,872213 176,498209
8245,112747 11554,872213 174,676512
8295,112747 11554,872213 173,119975
8345,112747 11554,872213 171,832574
8395,112747 11554,872213 170,817932
8445,112747 11554,872213 170,079331
8495,112747 11554,872213 169,619693
8545,112747 11554,872213 169,441529
8595,112747 11554,872213 169,546827
8645,112747 11554,872213 169,936903
8695,112747 11554,872213 170,612170
8745,112747 11554,872213 171,571836
8795,112747 11554,872213 172,813511
8845,112747 11554,872213 174,332709
8895,112747 11554,872213 176,122241
8945,112747 11554,872213 178,171493
8995,112747 11554,872213 178,864484
9045,112747 11554,872213 181,491864
9095,112747 11554,872213 184,324491
9145,112747 11554,872213 187,328423
9195,112747 11554,872213 190,461058
9245,112747 11554,872213 193,670233
9295,112747 11554,872213 196,893623
9345,112747 11554,872213 200,058609
9395,112747 11554,872213 203,082794
9445,112747 11554,872213 205,875315
9495,112747 11554,872213 208,339079
9545,112747 11554,872213 210,373932
9595,112747 11554,872213 211,880666
9645,112747 11554,872213 212,765627
9695,112747 11554,872213 212,945541
9745,112747 11554,872213 212,352086
9795,112747 11554,872213 210,935693
9845,112747 11554,872213 208,668149
9895,112747 11554,872213 205,543674
9945,112747 11554,872213 201,578401
9995,112747 11554,872213 196,808350
10045,112747 11554,872213 191,286236
10095,112747 11554,872213 185,077515
10145,112747 11554,872213 178,256164
10195,112747 11554,872213 170,900602
10245,112747 11554,872213 163,090108
10295,112747 11554,872213 154,901921
10345,112747 11554,872213 146,409136
10395,112747 11554,872213 137,679360
10445,112747 11554,872213 128,774059
10495,112747 11554,872213 119,748462
10545,112747 11554,872213 110,651887
10595,112747 11554,872213 101,528351
10645,112747 11554,872213 92,417350
10695,112747 11554,872213 83,354709
10745,112747 11554,872213 74,373431
10795,112747 11554,872213 65,504489
10845,112747 11554,872213 56,777515
10895,112747 11554,872213 48,221365
10945,112747 11554,872213 39,864552
10995,112747 11554,872213 31,735511
11045,112747 11554,872213 23,862724
11095,112747 11554,872213 16,274674
11145,112747 11554,872213 8,999664
11195,112747 11554,872213 2,065492
11245,112747 11554,872213 -4,500997
11295,112747 11554,872213 -10,674438
11345,112747 11554,872213 -16,431550
11395,112747 11554,872213 -21,751751
11445,112747 11554,872213 -26,617770
11495,112747 11554,872213 -31,016195
11545,112747 11554,872213 -34,937934
11595,112747 11554,872213 -55,935678
11645,112747 11554,872213 -58,841062
11695,112747 11554,872213 -61,288517
11745,112747 11554,872213 -63,289213
11795,112747 11554,872213 -64,858242
11845,112747 11554,872213 -66,014230
11895,112747 11554,872213 -66,778856
11945,112747 11554,872213 -67,176297
11995,112747 11554,872213 -67,232642
12045,112747 11554,872213 -66,975295
12095,112747 11554,872213 -66,432394
12145,112747 11554,872213 -65,632280
12195,112747 11554,872213 -64,603012
12245,112747 11554,872213 -63,371953
12295,112747 11554,872213 -61,965428
12345,112747 11554,872213 -55,958124
12395,112747 11554,872213 -54,181609
12445,112747 11554,872213 -52,294295
12495,112747 11554,872213 -50,317063
12545,112747 11554,872213 -48,269003
12595,112747 11554,872213 -46,167429
12645,112747 11554,872213 -44,027915
12695,112747 11554,872213 -41,864363
12745,112747 11554,872213 -39,689086
12795,112747 11554,872213 -37,512909
12845,112747 11554,872213 -35,345272
12895,112747 11554,872213 -33,194335
12945,112747 11554,872213 -31,067094
12995,112747 11554,872213 -28,969482
13045,112747 11554,872213 -26,906473
13095,112747 11554,872213 -24,882183
13145,112747 11554,872213 -22,899959
13195,112747 11554,872213 -20,962466
13245,112747 11554,872213 -19,071766
13295,112747 11554,872213 -17,229390
13345,112747 11554,872213 -15,436405
13395,112747 11554,872213 -13,693473
13445,112747 11554,872213 -12,000906
13495,112747 11554,872213 -10,358714
13545,112747 11554,872213 -8,766647
13595,112747 11554,872213 -3,087129
13645,112747 11554,872213 -1,495234
13695,112747 11554,872213 0,046312
13745,112747 11554,872213 1,538443
13795,112747 11554,872213 2,982208
13845,112747 11554,872213 4,378751
13895,112747 11554,872213 5,729291
13945,112747 11554,872213 7,035105
13995,112747 11554,872213 8,297510
6545,112747 11604,872213 334,093881
6595,112747 11604,872213 330,815927
6645,112747 11604,872213 300,921124
6695,112747 11604,872213 297,174715
6745,112747 11604,872213 293,232071
6795,112747 11604,872213 289,107964
6845,112747 11604,872213 284,818733
6895,112747 11604,872213 280,382113
6945,112747 11604,872213 275,817049
6995,112747 11604,872213 271,143485
7045,112747 11604,872213 266,382143
7095,112747 11604,872213 261,554291
7145,112747 11604,872213 256,681520
7195,112747 11604,872213 251,785510
7245,112747 11604,872213 246,887819
7295,112747 11604,872213 242,009679
7345,112747 11604,872213 237,171811
7395,112747 11604,872213 232,394260
7445,112747 11604,872213 227,696263
7495,112747 11604,872213 223,096127
7545,112747 11604,872213 218,611146
7595,112747 11604,872213 208,907745
7645,112747 11604,872213 204,796317
7695,112747 11604,872213 200,844448
7745,112747 11604,872213 197,064836
7795,112747 11604,872213 193,469112
7845,112747 11604,872213 190,067883
7895,112747 11604,872213 186,870796
7945,112747 11604,872213 183,886606
7995,112747 11604,872213 181,123258
8045,112747 11604,872213 178,587970
8095,112747 11604,872213 176,287318
8145,112747 11604,872213 174,227325
8195,112747 11604,872213 172,413543
8245,112747 11604,872213 170,851125
8295,112747 11604,872213 169,544892
8345,112747 11604,872213 168,499383
8395,112747 11604,872213 167,718885
8445,112747 11604,872213 167,207435
8495,112747 11604,872213 166,968797
8545,112747 11604,872213 167,006395
8595,112747 11604,872213 167,323200
8645,112747 11604,872213 167,921552
8695,112747 11604,872213 168,802926
8745,112747 11604,872213 169,967599
8795,112747 11604,872213 171,414232
8845,112747 11604,872213 173,139338
8895,112747 11604,872213 175,136635
8945,112747 11604,872213 177,396274
8995,112747 11604,872213 178,320329
9045,112747 11604,872213 181,167408
9095,112747 11604,872213 184,223879
9145,112747 11604,872213 187,455331
9195,112747 11604,872213 190,818161
9245,112747 11604,872213 194,258581
9295,112747 11604,872213 197,711959
9345,112747 11604,872213 201,102653
9395,112747 11604,872213 204,344546
9445,112747 11604,872213 207,342448
9495,112747 11604,872213 209,994493
9545,112747 11604,872213 212,195562
9595,112747 11604,872213 213,841619
9645,112747 11604,872213 214,834704
9695,112747 11604,872213 215,088162
9745,112747 11604,872213 214,531588
9795,112747 11604,872213 213,114928
9845,112747 11604,872213 210,811242
9895,112747 11604,872213 207,617806
9945,112747 11604,872213 203,555441
9995,112747 11604,872213 198,666216
10045,112747 11604,872213 193,009876
10095,112747 11604,872213 186,659471
10145,112747 11604,872213 179,696712
10195,112747 11604,872213 172,207524
10245,112747 11604,872213 164,278149
10295,112747 11604,872213 155,992032
10345,112747 11604,872213 147,427570
10395,112747 11604,872213 138,656691
10445,112747 11604,872213 129,744189
10495,112747 11604,872213 120,747634
10545,112747 11604,872213 111,717747
10595,112747 11604,872213 102,699050
10645,112747 11604,872213 93,730706
10695,112747 11604,872213 84,847415
10745,112747 11604,872213 76,080306
10795,112747 11604,872213 67,457773
10845,112747 11604,872213 59,006202
10895,112747 11604,872213 50,750587
10945,112747 11604,872213 42,715002
10995,112747 11604,872213 34,922941
11045,112747 11604,872213 27,397508
11095,112747 11604,872213 20,161474
11145,112747 11604,872213 13,237202
11195,112747 11604,872213 6,646452
11245,112747 11604,872213 0,410087
11295,112747 11604,872213 -5,452312
11345,112747 11604,872213 -10,922880
11395,112747 11604,872213 -15,985933
11445,112747 11604,872213 -20,628433
11495,112747 11604,872213 -24,840415
11545,112747 11604,872213 -28,615355
11595,112747 11604,872213 -49,764527
11645,112747 11604,872213 -52,617620
11695,112747 11604,872213 -55,051772
11745,112747 11604,872213 -57,077020
11795,112747 11604,872213 -58,706596
11845,112747 11604,872213 -59,956647
11895,112747 11604,872213 -60,845873
11945,112747 11604,872213 -61,395110
11995,112747 11604,872213 -61,626870
12045,112747 11604,872213 -61,564870
12095,112747 11604,872213 -61,233566
12145,112747 11604,872213 -60,657715
12195,112747 11604,872213 -59,861967
12245,112747 11604,872213 -58,870520
12295,112747 11604,872213 -57,706813
12345,112747 11604,872213 -51,711788
12395,112747 11604,872213 -50,185076
12445,112747 11604,872213 -48,543960
12495,112747 11604,872213 -46,807657
12545,112747 11604,872213 -44,993894
12595,112747 11604,872213 -43,118895
12645,112747 11604,872213 -41,197396
12695,112747 11604,872213 -39,242687
12745,112747 11604,872213 -37,266668
12795,112747 11604,872213 -35,279922
12845,112747 11604,872213 -33,291790
12895,112747 11604,872213 -31,310461
12945,112747 11604,872213 -29,343057
12995,112747 11604,872213 -27,395719
13045,112747 11604,872213 -25,473696
13095,112747 11604,872213 -23,581426
13145,112747 11604,872213 -21,722615
13195,112747 11604,872213 -19,900314
13245,112747 11604,872213 -18,116985
13295,112747 11604,872213 -16,374568
13345,112747 11604,872213 -14,674541
13395,112747 11604,872213 -13,017973
13445,112747 11604,872213 -11,405576
13495,112747 11604,872213 -9,837747
13545,112747 11604,872213 -8,314614
13595,112747 11604,872213 -2,695132
13645,112747 11604,872213 -1,166250
13695,112747 11604,872213 0,316887
13745,112747 11604,872213 1,754895
13795,112747 11604,872213 3,148522
13845,112747 11604,872213 4,498630
13895,112747 11604,872213 5,806171
13945,112747 11604,872213 7,072173
13995,112747 11604,872213 8,297725
6545,112747 11654,872213 320,015108
6595,112747 11654,872213 316,796542
6645,112747 11654,872213 287,338796
6695,112747 11654,872213 283,714586
6745,112747 11654,872213 279,919809
6795,112747 11654,872213 275,968568
6845,112747 11654,872213 271,876308
6895,112747 11654,872213 267,659657
6945,112747 11654,872213 263,336255
6995,112747 11654,872213 258,924563
7045,112747 11654,872213 254,443669
7095,112747 11654,872213 249,913084
7145,112747 11654,872213 245,352540
7195,112747 11654,872213 240,781793
7245,112747 11654,872213 236,220435
7295,112747 11654,872213 231,687722
7345,112747 11654,872213 227,202413
7395,112747 11654,872213 222,782637
7445,112747 11654,872213 218,445771
7495,112747 11654,872213 214,208353
7545,112747 11654,872213 210,086005
7595,112747 11654,872213 200,965875
7645,112747 11654,872213 197,205929
7695,112747 11654,872213 193,601013
7745,112747 11654,872213 190,162716
7795,112747 11654,872213 186,901701
7845,112747 11654,872213 183,827756
7895,112747 11654,872213 180,949851
7945,112747 11654,872213 178,276208
7995,112747 11654,872213 175,814378
8045,112747 11654,872213 173,571318
8095,112747 11654,872213 171,553475
8145,112747 11654,872213 169,766867
8195,112747 11654,872213 168,217157
8245,112747 11654,872213 166,909724
8295,112747 11654,872213 165,849721
8345,112747 11654,872213 165,042116
8395,112747 11654,872213 164,491718
8445,112747 11654,872213 164,203169
8495,112747 11654,872213 164,180915
8545,112747 11654,872213 164,429128
8595,112747 11654,872213 164,951576
8645,112747 11654,872213 165,751444
8695,112747 11654,872213 166,831069
8745,112747 11654,872213 168,191597
8795,112747 11654,872213 169,832536
8845,112747 11654,872213 171,751194
8895,112747 11654,872213 173,941997
8945,112747 11654,872213 176,395674
8995,112747 11654,872213 177,524961
9045,112747 11654,872213 180,569492
9095,112747 11654,872213 183,824980
9145,112747 11654,872213 187,256539
9195,112747 11654,872213 190,819639
9245,112747 11654,872213 194,459062
9295,112747 11654,872213 198,108193
9345,112747 11654,872213 201,688839
9395,112747 11654,872213 205,111793
9445,112747 11654,872213 208,278315
9495,112747 11654,872213 211,082680
9545,112747 11654,872213 213,415814
9595,112747 11654,872213 215,169910
9645,112747 11654,872213 216,243733
9695,112747 11654,872213 216,548187
9745,112747 11654,872213 216,011551
9795,112747 11654,872213 214,583807
9845,112747 11654,872213 212,239531
9895,112747 11654,872213 208,978980
9945,112747 11654,872213 204,827288
9995,112747 11654,872213 199,831921
10045,112747 11654,872213 194,058787
10095,112747 11654,872213 187,587503
10145,112747 11654,872213 180,506409
10195,112747 11654,872213 172,907805
10245,112747 11654,872213 164,883813
10295,112747 11654,872213 156,523078
10345,112747 11654,872213 147,908407
10395,112747 11654,872213 139,115298
10445,112747 11654,872213 130,211252
10495,112747 11654,872213 121,255711
10545,112747 11654,872213 112,300460
10595,112747 11654,872213 103,390330
10645,112747 11654,872213 94,564072
10695,112747 11654,872213 85,855298
10745,112747 11654,872213 77,293415
10795,112747 11654,872213 68,904491
10845,112747 11654,872213 60,712024
10895,112747 11654,872213 52,737586
10945,112747 11654,872213 45,001353
10995,112747 11654,872213 37,522484
11045,112747 11654,872213 30,319387
11095,112747 11654,872213 23,409854
11145,112747 11654,872213 16,811076
11195,112747 11654,872213 10,539563
11245,112747 11654,872213 4,610968
11295,112747 11654,872213 -0,960166
11345,112747 11654,872213 -6,160708
11395,112747 11654,872213 -10,979274
11445,112747 11654,872213 -15,406570
11495,112747 11654,872213 -19,435722
11545,112747 11654,872213 -23,062556
11595,112747 11654,872213 -44,295444
11645,112747 11654,872213 -47,084757
11695,112747 11654,872213 -49,489924
11745,112747 11654,872213 -51,520162
11795,112747 11654,872213 -53,187242
11845,112747 11654,872213 -54,505302
11895,112747 11654,872213 -55,490585
11945,112747 11654,872213 -56,161128
11995,112747 11654,872213 -56,536410
12045,112747 11654,872213 -56,636991
12095,112747 11654,872213 -56,484137
12145,112747 11654,872213 -56,099469
12195,112747 11654,872213 -55,504630
12245,112747 11654,872213 -54,720986
12295,112747 11654,872213 -53,769373
12345,112747 11654,872213 -47,765940
12395,112747 11654,872213 -46,460467
12445,112747 11654,872213 -45,038607
12495,112747 11654,872213 -43,517986
12545,112747 11654,872213 -41,914999
12595,112747 11654,872213 -40,244783
12645,112747 11654,872213 -38,521214
12695,112747 11654,872213 -36,756922
12745,112747 11654,872213 -34,963333
12795,112747 11654,872213 -33,150709
12845,112747 11654,872213 -31,328214
12895,112747 11654,872213 -29,503973
12945,112747 11654,872213 -27,685145
12995,112747 11654,872213 -25,877988
13045,112747 11654,872213 -24,087934
13095,112747 11654,872213 -22,319657
13145,112747 11654,872213 -20,577138
13195,112747 11654,872213 -18,863732
13245,112747 11654,872213 -17,182225
13295,112747 11654,872213 -15,534895
13345,112747 11654,872213 -13,923567
13395,112747 11654,872213 -12,349653
13445,112747 11654,872213 -10,814210
13495,112747 11654,872213 -9,317972
13545,112747 11654,872213 -7,861394
13595,112747 11654,872213 -2,301527
13645,112747 11654,872213 -0,833827
13695,112747 11654,872213 0,592443
13745,112747 11654,872213 1,977611
13795,112747 11654,872213 3,322155
13845,112747 11654,872213 4,626681
13895,112747 11654,872213 5,891900
13945,112747 11654,872213 7,118615
13995,112747 11654,872213 8,307700
6545,112747 11704,872213 306,140891
6595,112747 11704,872213 302,977535
6645,112747 11704,872213 273,998100
6695,112747 11704,872213 270,488943
6745,112747 11704,872213 266,833454
6795,112747 11704,872213 263,045138
6845,112747 11704,872213 259,138635
6895,112747 11704,872213 255,129574
6945,112747 11704,872213 251,034414
6995,112747 11704,872213 246,870279
7045,112747 11704,872213 242,654775
7095,112747 11704,872213 238,405815
7145,112747 11704,872213 234,141441
7195,112747 11704,872213 229,879650
7245,112747 11704,872213 225,638234
7295,112747 11704,872213 221,434630
7345,112747 11704,872213 217,285789
7395,112747 11704,872213 213,208054
7445,112747 11704,872213 209,217073
7495,112747 11704,872213 205,327717
7545,112747 11704,872213 201,554028
7595,112747 11704,872213 193,007329
7645,112747 11704,872213 189,586273
7695,112747 11704,872213 186,316566
7745,112747 11704,872213 183,208702
7795,112747 11704,872213 180,272375
7845,112747 11704,872213 177,516532
7895,112747 11704,872213 174,949433
7945,112747 11704,872213 172,578718
7995,112747 11704,872213 170,411477
8045,112747 11704,872213 168,454335
8095,112747 11704,872213 166,713522
8145,112747 11704,872213 165,194951
8195,112747 11704,872213 163,904292
8245,112747 11704,872213 162,847029
8295,112747 11704,872213 162,028520
8345,112747 11704,872213 161,454025
8395,112747 11704,872213 161,128727
8445,112747 11704,872213 161,057718
8495,112747 11704,872213 161,245957
8545,112747 11704,872213 161,698185
8595,112747 11704,872213 162,418785
8645,112747 11704,872213 163,411584
8695,112747 11704,872213 164,679578
8745,112747 11704,872213 166,224567
8795,112747 11704,872213 168,046687
8845,112747 11704,872213 170,143827
8895,112747 11704,872213 172,510908
8945,112747 11704,872213 175,139040
8995,112747 11704,872213 176,443882
9045,112747 11704,872213 179,659692
9095,112747 11704,872213 183,085146
9145,112747 11704,872213 186,684880
9195,112747 11704,872213 190,413547
9245,112747 11704,872213 194,214736
9295,112747 11704,872213 198,020239
9345,112747 11704,872213 201,749877
9395,112747 11704,872213 205,312099
9445,112747 11704,872213 208,605539
9495,112747 11704,872213 211,521694
9545,112747 11704,872213 213,948727
9595,112747 11704,872213 215,776297
9645,112747 11704,872213 216,901102
9695,112747 11704,872213 217,232677
9745,112747 11704,872213 216,698842
9795,112747 11704,872213 215,250180
9845,112747 11704,872213 212,862987
9895,112747 11704,872213 209,540333
9945,112747 11704,872213 205,311141
9995,112747 11704,872213 200,227435
10045,112747 11704,872213 194,360204
10095,112747 11704,872213 187,794396
10145,112747 11704,872213 180,623669
10195,112747 11704,872213 172,945403
10245,112747 11704,872213 164,856373
10295,112747 11704,872213 156,449329
10345,112747 11704,872213 147,810543
10395,112747 11704,872213 139,018303
10445,112747 11704,872213 130,142214
10495,112747 11704,872213 121,243154
10545,112747 11704,872213 112,373691
10595,112747 11704,872213 103,578822
10645,112747 11704,872213 94,896878
10695,112747 11704,872213 86,360491
10745,112747 11704,872213 77,997557
10795,112747 11704,872213 69,832128
10845,112747 11704,872213 61,885203
10895,112747 11704,872213 54,175412
10945,112747 11704,872213 46,719568
10995,112747 11704,872213 39,533105
11045,112747 11704,872213 32,630389
11095,112747 11704,872213 26,024920
11145,112747 11704,872213 19,729434
11195,112747 11704,872213 13,755909
11245,112747 11704,872213 8,115491
11295,112747 11704,872213 2,818352
11345,112747 11704,872213 -2,126501
11395,112747 11704,872213 -6,711453
11445,112747 11704,872213 -10,930525
11495,112747 11704,872213 -14,779608
11545,112747 11704,872213 -18,256683
11595,112747 11704,872213 -39,508160
11645,112747 11704,872213 -42,222789
11695,112747 11704,872213 -44,584289
11745,112747 11704,872213 -46,601312
11795,112747 11704,872213 -48,284510
11845,112747 11704,872213 -49,646418
11895,112747 11704,872213 -50,701268
11945,112747 11704,872213 -51,464772
11995,112747 11704,872213 -51,953858
12045,112747 11704,872213 -52,186395
12095,112747 11704,872213 -52,180906
12145,112747 11704,872213 -51,956284
12195,112747 11704,872213 -51,531529
12245,112747 11704,872213 -50,925497
12295,112747 11704,872213 -50,156682
12345,112747 11704,872213 -44,127157
12395,112747 11704,872213 -43,015294
12445,112747 11704,872213 -41,786500
12495,112747 11704,872213 -40,456894
12545,112747 11704,872213 -39,041589
12595,112747 11704,872213 -37,554650
12645,112747 11704,872213 -36,009083
12695,112747 11704,872213 -34,416830
12745,112747 11704,872213 -32,788791
12795,112747 11704,872213 -31,134851
12845,112747 11704,872213 -29,463925
12895,112747 11704,872213 -27,784001
12945,112747 11704,872213 -26,102192
12995,112747 11704,872213 -24,424795
13045,112747 11704,872213 -22,757343
13095,112747 11704,872213 -21,104663
13145,112747 11704,872213 -19,470934
13195,112747 11704,872213 -17,859741
13245,112747 11704,872213 -16,274125
13295,112747 11704,872213 -14,716635
13345,112747 11704,872213 -13,189375
13395,112747 11704,872213 -11,694047
13445,112747 11704,872213 -10,231995
13495,112747 11704,872213 -8,804240
13545,112747 11704,872213 -7,411518
13595,112747 11704,872213 -1,910809
13645,112747 11704,872213 -0,502150
13695,112747 11704,872213 0,869083
13745,112747 11704,872213 2,202967
13795,112747 11704,872213 3,499739
13845,112747 11704,872213 4,759777
13895,112747 11704,872213 5,983578
13945,112747 11704,872213 7,171739
13995,112747 11704,872213 8,324944
6545,112747 11754,872213 292,456876
6595,112747 11754,872213 289,343905
6645,112747 11754,872213 260,880549
6695,112747 11754,872213 257,478935
6745,112747 11754,872213 253,953935
6795,112747 11754,872213 250,318522
6845,112747 11754,872213 246,586619
6895,112747 11754,872213 242,772959
6945,112747 11754,872213 238,892946
6995,112747 11754,872213 234,962493
7045,112747 11754,872213 230,997871
7095,112747 11754,872213 227,015543
7145,112747 11754,872213 223,032013
7195,112747 11754,872213 219,063671
7245,112747 11754,872213 215,126658
7295,112747 11754,872213 211,236736
7345,112747 11754,872213 207,409176
7395,112747 11754,872213 203,658664
7445,112747 11754,872213 199,999222
7495,112747 11754,872213 196,444150
7545,112747 11754,872213 193,005987
7595,112747 11754,872213 185,023295
7645,112747 11754,872213 181,929303
7695,112747 11754,872213 178,983756
7745,112747 11754,872213 176,196057
7795,112747 11754,872213 173,574923
7845,112747 11754,872213 171,128433
7895,112747 11754,872213 168,864097
7945,112747 11754,872213 166,788917
7995,112747 11754,872213 164,909460
8045,112747 11754,872213 163,231934
8095,112747 11754,872213 161,762264
8145,112747 11754,872213 160,506158
8195,112747 11754,872213 159,469178
8245,112747 11754,872213 158,656797
8295,112747 11754,872213 158,074442
8345,112747 11754,872213 157,727526
8395,112747 11754,872213 157,621455
8445,112747 11754,872213 157,761609
8495,112747 11754,872213 158,153290
8545,112747 11754,872213 158,801624
8595,112747 11754,872213 159,711415
8645,112747 11754,872213 160,886930
8695,112747 11754,872213 162,331610
8745,112747 11754,872213 164,047692
8795,112747 11754,872213 166,035717
8845,112747 11754,872213 168,293928
8895,112747 11754,872213 170,817530
8945,112747 11754,872213 173,597815
8995,112747 11754,872213 175,045610
9045,112747 11754,872213 178,403338
9095,112747 11754,872213 181,966326
9145,112747 11754,872213 185,698750
9195,112747 11754,872213 189,554581
9245,112747 11754,872213 193,476496
9295,112747 11754,872213 197,395144
9345,112747 11754,872213 201,229002
9395,112747 11754,872213 204,885014
9445,112747 11754,872213 208,260228
9495,112747 11754,872213 211,244562
9545,112747 11754,872213 213,724740
9595,112747 11754,872213 215,589251
9645,112747 11754,872213 216,734042
9695,112747 11754,872213 217,068445
9745,112747 11754,872213 216,520727
9795,112747 11754,872213 215,042635
9845,112747 11754,872213 212,612348
9895,112747 11754,872213 209,235500
9945,112747 11754,872213 204,944146
9995,112747 11754,872213 199,793882
10045,112747 11754,872213 193,859529
10095,112747 11754,872213 187,229970
10145,112747 11754,872213 180,002728
10195,112747 11754,872213 172,278841
10245,112747 11754,872213 164,158428
10295,112747 11754,872213 155,737178
10345,112747 11754,872213 147,103856
10395,112747 11754,872213 138,338760
10445,112747 11754,872213 129,513018
10495,112747 11754,872213 120,688539
10545,112747 11754,872213 111,918446
10595,112747 11754,872213 103,247820
10645,112747 11754,872213 94,714619
10695,112747 11754,872213 86,350659
10745,112747 11754,872213 78,182588
10795,112747 11754,872213 70,232789
10845,112747 11754,872213 62,520191
10895,112747 11754,872213 55,060968
10945,112747 11754,872213 47,869121
10995,112747 11754,872213 40,956946
11045,112747 11754,872213 34,335394
11095,112747 11754,872213 28,014327
11145,112747 11754,872213 22,002687
11195,112747 11754,872213 16,308575
11245,112747 11754,872213 10,939267
11295,112747 11754,872213 5,901161
11345,112747 11754,872213 1,199683
11395,112747 11754,872213 -3,160855
11445,112747 11754,872213 -7,177400
11495,112747 11754,872213 -10,848328
11545,112747 11754,872213 -14,173597
11595,112747 11754,872213 -35,380739
11645,112747 11754,872213 -38,010267
11695,112747 11754,872213 -40,314285
11745,112747 11754,872213 -42,301093
11795,112747 11754,872213 -43,980514
11845,112747 11754,872213 -45,363825
11895,112747 11754,872213 -46,463638
11945,112747 11754,872213 -47,293752
11995,112747 11754,872213 -47,868965
12045,112747 11754,872213 -48,204873
12095,112747 11754,872213 -48,317650
12145,112747 11754,872213 -48,223837
12195,112747 11754,872213 -47,940121
12245,112747 11754,872213 -47,483142
12295,112747 11754,872213 -46,869306
12345,112747 11754,872213 -40,798919
12395,112747 11754,872213 -39,854069
12445,112747 11754,872213 -38,793023
12495,112747 11754,872213 -37,630483
12545,112747 11754,872213 -36,380333
12595,112747 11754,872213 -35,055599
12645,112747 11754,872213 -33,668415
12695,112747 11754,872213 -32,230020
12745,112747 11754,872213 -30,750753
12795,112747 11754,872213 -29,240077
12845,112747 11754,872213 -27,706598
12895,112747 11754,872213 -26,158103
12945,112747 11754,872213 -24,601593
12995,112747 11754,872213 -23,043329
13045,112747 11754,872213 -21,488872
13095,112747 11754,872213 -19,943133
13145,112747 11754,872213 -18,410417
13195,112747 11754,872213 -16,894469
13245,112747 11754,872213 -15,398517
13295,112747 11754,872213 -13,925320
13345,112747 11754,872213 -12,477202
13395,112747 11754,872213 -11,056097
13445,112747 11754,872213 -9,663586
13495,112747 11754,872213 -8,300928
13545,112747 11754,872213 -6,969096
13595,112747 11754,872213 -1,527064
13645,112747 11754,872213 -0,175045
13695,112747 11754,872213 1,143231
13745,112747 11754,872213 2,427623
13795,112747 11754,872213 3,678159
13845,112747 11754,872213 4,895016
13895,112747 11754,872213 6,078500
13945,112747 11754,872213 7,229028
13995,112747 11754,872213 8,347114
6545,112747 11804,872213 278,948892
6595,112747 11804,872213 275,880860
6645,112747 11804,872213 247,967965
6695,112747 11804,872213 244,666027
6745,112747 11804,872213 241,262484
6795,112747 11804,872213 237,769848
6845,112747 11804,872213 234,201411
6895,112747 11804,872213 230,571114
6945,112747 11804,872213 226,893416
6995,112747 11804,872213 223,183149
7045,112747 11804,872213 219,455380
7095,112747 11804,872213 215,725260
7145,112747 11804,872213 212,007895
7195,112747 11804,872213 208,318209
7245,112747 11804,872213 204,670824
7295,112747 11804,872213 201,079957
7345,112747 11804,872213 197,559319
7395,112747 11804,872213 194,122044
7445,112747 11804,872213 190,780624
7495,112747 11804,872213 187,546871
7545,112747 11804,872213 184,431882
7595,112747 11804,872213 177,004168
7645,112747 11804,872213 174,226137
7695,112747 11804,872213 171,594361
7745,112747 11804,872213 169,117150
7795,112747 11804,872213 166,802225
7845,112747 11804,872213 164,656768
7895,112747 11804,872213 162,687490
7945,112747 11804,872213 160,900697
7995,112747 11804,872213 159,302359
8045,112747 11804,872213 157,898188
8095,112747 11804,872213 156,693707
8145,112747 11804,872213 155,694315
8195,112747 11804,872213 154,905354
8245,112747 11804,872213 154,332159
8295,112747 11804,872213 153,980095
8345,112747 11804,872213 153,854584
8395,112747 11804,872213 153,961104
8445,112747 11804,872213 154,305158
8495,112747 11804,872213 154,892217
8545,112747 11804,872213 155,727611
8595,112747 11804,872213 156,816369
8645,112747 11804,872213 158,162994
8695,112747 11804,872213 159,771161
8745,112747 11804,872213 161,643324
8795,112747 11804,872213 163,780208
8845,112747 11804,872213 166,180192
8895,112747 11804,872213 168,838554
8945,112747 11804,872213 171,746581
8995,112747 11804,872213 173,302850
9045,112747 11804,872213 176,770815
9095,112747 11804,872213 180,436512
9145,112747 11804,872213 184,263702
9195,112747 11804,872213 188,205844
9245,112747 11804,872213 192,205019
9295,112747 11804,872213 196,191236
9345,112747 11804,872213 200,082324
9395,112747 11804,872213 203,784629
9445,112747 11804,872213 207,194714
9495,112747 11804,872213 210,202196
9545,112747 11804,872213 212,693747
9595,112747 11804,872213 214,558114
9645,112747 11804,872213 215,691856
9695,112747 11804,872213 216,005287
9745,112747 11804,872213 215,428034
9795,112747 11804,872213 213,913544
9845,112747 11804,872213 211,441998
9895,112747 11804,872213 208,021260
9945,112747 11804,872213 203,685779
9995,112747 11804,872213 198,493628
10045,112747 11804,872213 192,522121
10095,112747 11804,872213 185,862579
10145,112747 11804,872213 178,614856
10195,112747 11804,872213 170,882166
10245,112747 11804,872213 162,766612
10295,112747 11804,872213 154,365641
10345,112747 11804,872213 145,769530
10395,112747 11804,872213 137,059824
10445,112747 11804,872213 128,308616
10495,112747 11804,872213 119,578484
10545,112747 11804,872213 110,922916
10595,112747 11804,872213 102,387041
10645,112747 11804,872213 94,008542
10695,112747 11804,872213 85,818625
10745,112747 11804,872213 77,842991
10795,112747 11804,872213 70,102733
10845,112747 11804,872213 62,615155
10895,112747 11804,872213 55,394473
10945,112747 11804,872213 48,452417
10995,112747 11804,872213 41,798722
11045,112747 11804,872213 35,441522
11095,112747 11804,872213 29,387653
11145,112747 11804,872213 23,642871
11195,112747 11804,872213 18,212003
11245,112747 11804,872213 13,099027
11295,112747 11804,872213 8,307103
11345,112747 11804,872213 3,838551
11395,112747 11804,872213 -0,305198
11445,112747 11804,872213 -4,123688
11495,112747 11804,872213 -7,617529
11545,112747 11804,872213 -10,788499
11595,112747 11804,872213 -31,890177
11645,112747 11804,872213 -34,424573
11695,112747 11804,872213 -36,658025
11745,112747 11804,872213 -38,598666
11795,112747 11804,872213 -40,255734
11845,112747 11804,872213 -41,639547
11895,112747 11804,872213 -42,761432
11945,112747 11804,872213 -43,633634
11995,112747 11804,872213 -44,269194
12045,112747 11804,872213 -44,681800
12095,112747 11804,872213 -44,885637
12145,112747 11804,872213 -44,895220
12195,112747 11804,872213 -44,725232
12245,112747 11804,872213 -44,390365
12295,112747 11804,872213 -43,905174
12345,112747 11804,872213 -37,781928
12395,112747 11804,872213 -36,978602
12445,112747 11804,872213 -36,060946
12495,112747 11804,872213 -35,042339
12545,112747 11804,872213 -33,935501
12595,112747 11804,872213 -32,752451
12645,112747 11804,872213 -31,504468
12695,112747 11804,872213 -30,202077
12745,112747 11804,872213 -28,855037
12795,112747 11804,872213 -27,472350
12845,112747 11804,872213 -26,062269
12895,112747 11804,872213 -24,632324
12945,112747 11804,872213 -23,189345
12995,112747 11804,872213 -21,739494
13045,112747 11804,872213 -20,288298
13095,112747 11804,872213 -18,840684
13145,112747 11804,872213 -17,401020
13195,112747 11804,872213 -15,973146
13245,112747 11804,872213 -14,560420
13295,112747 11804,872213 -13,165747
13345,112747 11804,872213 -11,791619
13395,112747 11804,872213 -10,440148
13445,112747 11804,872213 -9,113102
13495,112747 11804,872213 -7,811931
13545,112747 11804,872213 -6,537802
13595,112747 11804,872213 -1,153961
13645,112747 11804,872213 0,144037
13695,112747 11804,872213 1,411646
13745,112747 11804,872213 2,648540
13795,112747 11804,872213 3,854566
13845,112747 11804,872213 5,029729
13895,112747 11804,872213 6,174171
13945,112747 11804,872213 7,288150
13995,112747 11804,872213 8,372030
6545,112747 11854,872213 265,603080
6595,112747 11854,872213 262,573942
6645,112747 11854,872213 235,242601
6695,112747 11854,872213 232,032113
6745,112747 11854,872213 228,740750
6795,112747 11854,872213 225,380638
6845,112747 11854,872213 221,964520
6895,112747 11854,872213 218,505647
6945,112747 11854,872213 215,017643
6995,112747 11854,872213 211,514378
7045,112747 11854,872213 208,009839
7095,112747 11854,872213 204,517996
7145,112747 11854,872213 201,052685
7195,112747 11854,872213 197,627490
7245,112747 11854,872213 194,255641
7295,112747 11854,872213 190,949922
7345,112747 11854,872213 187,722592
7395,112747 11854,872213 184,585329
7445,112747 11854,872213 181,549179
7495,112747 11854,872213 178,624528
7545,112747 11854,872213 175,821093
7595,112747 11854,872213 168,939703
7645,112747 11854,872213 166,467221
7695,112747 11854,872213 164,139466
7745,112747 11854,872213 161,963644
7795,112747 11854,872213 159,946455
7845,112747 11854,872213 158,094145
7895,112747 11854,872213 156,412574
7945,112747 11854,872213 154,907287
7995,112747 11854,872213 153,583584
8045,112747 11854,872213 152,446590
8095,112747 11854,872213 151,501331
8145,112747 11854,872213 150,752791
8195,112747 11854,872213 150,205975
8245,112747 11854,872213 149,865954
8295,112747 11854,872213 149,737899
8345,112747 11854,872213 149,827096
8395,112747 11854,872213 150,138942
8445,112747 11854,872213 150,678903
8495,112747 11854,872213 151,452447
8545,112747 11854,872213 152,464926
8595,112747 11854,872213 153,721404
8645,112747 11854,872213 155,226424
8695,112747 11854,872213 156,983688
8745,112747 11854,872213 158,995654
8795,112747 11854,872213 161,263023
8845,112747 11854,872213 163,784103
8895,112747 11854,872213 166,554052
8945,112747 11854,872213 169,563978
8995,112747 11854,872213 171,193503
9045,112747 11854,872213 174,738654
9095,112747 11854,872213 178,470922
9145,112747 11854,872213 182,353729
9195,112747 11854,872213 186,340223
9245,112747 11854,872213 190,372246
9295,112747 11854,872213 194,379701
9345,112747 11854,872213 198,280501
9395,112747 11854,872213 201,981328
9445,112747 11854,872213 205,379389
9495,112747 11854,872213 208,365286
9545,112747 11854,872213 210,827031
9595,112747 11854,872213 212,655044
9645,112747 11854,872213 213,747830
9695,112747 11854,872213 214,017844
9745,112747 11854,872213 213,396930
9795,112747 11854,872213 211,840727
9845,112747 11854,872213 209,331474
9895,112747 11854,872213 205,878886
9945,112747 11854,872213 201,519016
9995,112747 11854,872213 196,311282
10045,112747 11854,872213 190,334113
10095,112747 11854,872213 183,679755
10145,112747 11854,872213 176,448845
10195,112747 11854,872213 168,745289
10245,112747 11854,872213 160,671817
10295,112747 11854,872213 152,326471
10345,112747 11854,872213 143,800081
10395,112747 11854,872213 135,174698
10445,112747 11854,872213 126,522854
10495,112747 11854,872213 117,907471
10545,112747 11854,872213 109,382248
10595,112747 11854,872213 100,992362
10645,112747 11854,872213 92,775349
10695,112747 11854,872213 84,762042
10745,112747 11854,872213 76,977520
10795,112747 11854,872213 69,441985
10845,112747 11854,872213 62,171566
10895,112747 11854,872213 55,179023
10945,112747 11854,872213 48,474346
10995,112747 11854,872213 42,065264
11045,112747 11854,872213 35,957663
11095,112747 11854,872213 30,155923
11145,112747 11854,872213 24,663179
11195,112747 11854,872213 19,481527
11245,112747 11854,872213 14,612165
11295,112747 11854,872213 10,055486
11345,112747 11854,872213 5,811135
11395,112747 11854,872213 1,878016
11445,112747 11854,872213 -1,745716
11495,112747 11854,872213 -5,062691
11545,112747 11854,872213 -8,076376
11595,112747 11854,872213 -29,012824
11645,112747 11854,872213 -31,442352
11695,112747 11854,872213 -33,592764
11745,112747 11854,872213 -35,472182
11795,112747 11854,872213 -37,089474
11845,112747 11854,872213 -38,454253
11895,112747 11854,872213 -39,576857
11945,112747 11854,872213 -40,468290
11995,112747 11854,872213 -41,140158
12045,112747 11854,872213 -41,604570
12095,112747 11854,872213 -41,874033
12145,112747 11854,872213 -41,961340
12195,112747 11854,872213 -41,879440
12245,112747 11854,872213 -41,641328
12295,112747 11854,872213 -41,259920
12345,112747 11854,872213 -35,074410
12395,112747 11854,872213 -34,388269
12445,112747 11854,872213 -33,590669
12495,112747 11854,872213 -32,693758
12545,112747 11854,872213 -31,709158
12595,112747 11854,872213 -30,647924
12645,112747 11854,872213 -29,520500
12695,112747 11854,872213 -28,336698
12745,112747 11854,872213 -27,105682
12795,112747 11854,872213 -25,835967
12845,112747 11854,872213 -24,535416
12895,112747 11854,872213 -23,211259
12945,112747 11854,872213 -21,870103
12995,112747 11854,872213 -20,517957
13045,112747 11854,872213 -19,160255
13095,112747 11854,872213 -17,801884
13145,112747 11854,872213 -16,447215
13195,112747 11854,872213 -15,100129
13245,112747 11854,872213 -13,764053
13295,112747 11854,872213 -12,441987
13345,112747 11854,872213 -11,136537
13395,112747 11854,872213 -9,849944
13445,112747 11854,872213 -8,584117
13495,112747 11854,872213 -7,340652
13545,112747 11854,872213 -6,120869
13595,112747 11854,872213 -0,794737
13645,112747 11854,872213 0,452033
13695,112747 11854,872213 1,671434
13745,112747 11854,872213 2,862986
13795,112747 11854,872213 4,026387
13845,112747 11854,872213 5,161497
13895,112747 11854,872213 6,268315
13945,112747 11854,872213 7,346967
13995,112747 11854,872213 8,397689
6545,112747 11904,872213 252,406023
6595,112747 11904,872213 249,409151
6645,112747 11904,872213 222,687242
6695,112747 11904,872213 219,559614
6745,112747 11904,872213 216,370897
6795,112747 11904,872213 213,132898
6845,112747 11904,872213 209,857905
6895,112747 11904,872213 206,558571
6945,112747 11904,872213 203,247794
6995,112747 11904,872213 199,938595
7045,112747 11904,872213 196,644001
7095,112747 11904,872213 193,376920
7145,112747 11904,872213 190,150041
7195,112747 11904,872213 186,975726
7245,112747 11904,872213 183,865924
7295,112747 11904,872213 180,832091
7345,112747 11904,872213 177,885132
7395,112747 11904,872213 175,035350
7445,112747 11904,872213 172,292416
7495,112747 11904,872213 169,665354
7545,112747 11904,872213 167,162537
7595,112747 11904,872213 160,819173
7645,112747 11904,872213 158,642497
7695,112747 11904,872213 156,609635
7745,112747 11904,872213 154,726678
7795,112747 11904,872213 152,999268
7845,112747 11904,872213 151,432671
7895,112747 11904,872213 150,031839
7945,112747 11904,872213 148,801486
7995,112747 11904,872213 147,746159
8045,112747 11904,872213 146,870310
8095,112747 11904,872213 146,178365
8145,112747 11904,872213 145,674785
8195,112747 11904,872213 145,364120
8245,112747 11904,872213 145,251053
8295,112747 11904,872213 145,340427
8345,112747 11904,872213 145,637251
8395,112747 11904,872213 146,146690
8445,112747 11904,872213 146,874016
8495,112747 11904,872213 147,824529
8545,112747 11904,872213 149,003429
8595,112747 11904,872213 150,415634
8645,112747 11904,872213 152,065535
8695,112747 11904,872213 153,956673
8745,112747 11904,872213 156,091315
8795,112747 11904,872213 158,469943
8845,112747 11904,872213 161,090612
8895,112747 11904,872213 163,948186
8945,112747 11904,872213 167,033456
8995,112747 11904,872213 168,701444
9045,112747 11904,872213 172,290349
9095,112747 11904,872213 176,052849
9145,112747 11904,872213 179,952137
9195,112747 11904,872213 183,941286
9245,112747 11904,872213 187,962286
9295,112747 11904,872213 191,945488
9345,112747 11904,872213 195,809627
9395,112747 11904,872213 199,462653
9445,112747 11904,872213 202,803515
9495,112747 11904,872213 205,725048
9545,112747 11904,872213 208,117929
9595,112747 11904,872213 209,875584
9645,112747 11904,872213 210,899714
9695,112747 11904,872213 211,105967
9745,112747 11904,872213 210,429184
9795,112747 11904,872213 208,827605
9845,112747 11904,872213 206,285534
9895,112747 11904,872213 202,814128
9945,112747 11904,872213 198,450246
9995,112747 11904,872213 193,253542
10045,112747 11904,872213 187,302220
10095,112747 11904,872213 180,687982
10145,112747 11904,872213 173,510761
10195,112747 11904,872213 165,873720
10245,112747 11904,872213 157,878925
10295,112747 11904,872213 149,623887
10345,112747 11904,872213 141,199078
10395,112747 11904,872213 132,686358
10445,112747 11904,872213 124,158205
10495,112747 11904,872213 115,677584
10545,112747 11904,872213 107,298282
10595,112747 11904,872213 99,065548
10645,112747 11904,872213 91,016918
10695,112747 11904,872213 83,183107
10745,112747 11904,872213 75,588907
10795,112747 11904,872213 68,254033
10845,112747 11904,872213 61,193894
10895,112747 11904,872213 54,420281
10945,112747 11904,872213 47,941964
10995,112747 11904,872213 41,765197
11045,112747 11904,872213 35,894155
11095,112747 11904,872213 30,331291
11145,112747 11904,872213 25,077640
11195,112747 11904,872213 20,133060
11245,112747 11904,872213 15,496428
11295,112747 11904,872213 11,165796
11345,112747 11904,872213 7,138496
11395,112747 11904,872213 3,411225
11445,112747 11904,872213 -0,019917
11495,112747 11904,872213 -3,159403
11545,112747 11904,872213 -6,012281
11595,112747 11904,872213 -26,724689
11645,112747 11904,872213 -29,039818
11695,112747 11904,872213 -31,095207
11745,112747 11904,872213 -32,899105
11795,112747 11904,872213 -34,460192
11845,112747 11904,872213 -35,787606
11895,112747 11904,872213 -36,890945
11945,112747 11904,872213 -37,780252
11995,112747 11904,872213 -38,465980
12045,112747 11904,872213 -38,958946
12095,112747 11904,872213 -39,270261
12145,112747 11904,872213 -39,411257
12195,112747 11904,872213 -39,393404
12245,112747 11904,872213 -39,228217
12295,112747 11904,872213 -38,927174
12345,112747 11904,872213 -32,672382
12395,112747 11904,872213 -32,080263
12445,112747 11904,872213 -31,380449
12495,112747 11904,872213 -30,583947
12545,112747 11904,872213 -29,701352
12595,112747 11904,872213 -28,742796
12645,112747 11904,872213 -27,717914
12695,112747 11904,872213 -26,635814
12745,112747 11904,872213 -25,505059
12795,112747 11904,872213 -24,333655
12845,112747 11904,872213 -23,129048
12895,112747 11904,872213 -21,898130
12945,112747 11904,872213 -20,647242
12995,112747 11904,872213 -19,382194
13045,112747 11904,872213 -18,108278
13095,112747 11904,872213 -16,830288
13145,112747 11904,872213 -15,552544
13195,112747 11904,872213 -14,278917
13245,112747 11904,872213 -13,012851
13295,112747 11904,872213 -11,757392
13345,112747 11904,872213 -10,515212
13395,112747 11904,872213 -9,288635
13445,112747 11904,872213 -8,079663
13495,112747 11904,872213 -6,890002
13545,112747 11904,872213 -5,721083
13595,112747 11904,872213 -0,452199
13645,112747 11904,872213 0,746269
13695,112747 11904,872213 1,920052
13745,112747 11904,872213 3,068548
13795,112747 11904,872213 4,191335
13845,112747 11904,872213 5,288153
13895,112747 11904,872213 6,358886
13945,112747 11904,872213 7,403548
13995,112747 11904,872213 8,422266
6545,112747 11954,872213 239,344857
6595,112747 11954,872213 236,373054
6645,112747 11954,872213 210,285305
6695,112747 11954,872213 207,231578
6745,112747 11954,872213 204,135693
6795,112747 11954,872213 201,009217
6845,112747 11954,872213 197,864066
6895,112747 11954,872213 194,712392
6945,112747 11954,872213 191,566473
6995,112747 11954,872213 188,438592
7045,112747 11954,872213 185,340926
7095,112747 11954,872213 182,285440
7145,112747 11954,872213 179,283787
7195,112747 11954,872213 176,347218
7245,112747 11954,872213 173,486503
7295,112747 11954,872213 170,711870
7345,112747 11954,872213 168,032952
7395,112747 11954,872213 165,458754
7445,112747 11954,872213 162,997635
7495,112747 11954,872213 160,657301
7545,112747 11954,872213 158,444816
7595,112747 11954,872213 152,631517
7645,112747 11954,872213 150,741551
7695,112747 11954,872213 148,995077
7745,112747 11954,872213 147,397039
7795,112747 11954,872213 145,951986
7845,112747 11954,872213 144,664149
7895,112747 11954,872213 143,537509
7945,112747 11954,872213 142,575874
7995,112747 11954,872213 141,782955
8045,112747 11954,872213 141,162436
8095,112747 11954,872213 140,718040
8145,112747 11954,872213 140,453595
8195,112747 11954,872213 140,373080
8245,112747 11954,872213 140,480665
8295,112747 11954,872213 140,780731
8345,112747 11954,872213 141,277875
8395,112747 11954,872213 141,976885
8445,112747 11954,872213 142,882689
8495,112747 11954,872213 144,000260
8545,112747 11954,872213 145,334484
8595,112747 11954,872213 146,889966
8645,112747 11954,872213 148,670776
8695,112747 11954,872213 150,680114
8745,112747 11954,872213 152,919890
8795,112747 11954,872213 155,390196
8845,112747 11954,872213 158,088677
8895,112747 11954,872213 161,009771
8945,112747 11954,872213 164,143835
8995,112747 11954,872213 165,817053
9045,112747 11954,872213 169,416868
9095,112747 11954,872213 173,174140
9145,112747 11954,872213 177,051984
9195,112747 11954,872213 181,003662
9245,112747 11954,872213 184,971715
9295,112747 11954,872213 188,887500
9345,112747 11954,872213 192,671303
9395,112747 11954,872213 196,233223
9445,112747 11954,872213 199,474990
9495,112747 11954,872213 202,292812
9545,112747 11954,872213 204,581238
9595,112747 11954,872213 206,237894
9645,112747 11954,872213 207,168773
9695,112747 11954,872213 207,293635
9745,112747 11954,872213 206,550964
9795,112747 11954,872213 204,901923
9845,112747 11954,872213 202,332836
9895,112747 11954,872213 198,855883
9945,112747 11954,872213 194,507977
9995,112747 11954,872213 189,347967
10045,112747 11954,872213 183,452590
10095,112747 11954,872213 176,911653
10145,112747 11954,872213 169,823006
10195,112747 11954,872213 162,287752
10245,112747 11954,872213 154,406087
10295,112747 11954,872213 146,273956
10345,112747 11954,872213 137,980622
10395,112747 11954,872213 129,607105
10445,112747 11954,872213 121,225375
10495,112747 11954,872213 112,898170
10545,112747 11954,872213 104,679255
10595,112747 11954,872213 96,613989
10645,112747 11954,872213 88,740066
10695,112747 11954,872213 81,088339
10745,112747 11954,872213 73,683652
10795,112747 11954,872213 66,545627
10845,112747 11954,872213 59,689403
10895,112747 11954,872213 53,126279
10945,112747 11954,872213 46,864299
10995,112747 11954,872213 40,908750
11045,112747 11954,872213 35,262598
11095,112747 11954,872213 29,926864
11145,112747 11954,872213 24,900953
11195,112747 11954,872213 20,182933
11245,112747 11954,872213 15,769772
11295,112747 11954,872213 11,657544
11345,112747 11954,872213 7,841594
11395,112747 11954,872213 4,316670
11445,112747 11954,872213 1,077026
11495,112747 11954,872213 -1,883506
11545,112747 11954,872213 -4,571475
11595,112747 11954,872213 -25,001604
11645,112747 11954,872213 -27,192934
11695,112747 11954,872213 -29,141706
11745,112747 11954,872213 -30,856417
11795,112747 11954,872213 -32,345727
11845,112747 11954,872213 -33,618494
11895,112747 11954,872213 -34,683802
11945,112747 11954,872213 -35,550972
11995,112747 11954,872213 -36,229558
12045,112747 11954,872213 -36,729335
12095,112747 11954,872213 -37,060266
12145,112747 11954,872213 -37,232461
12195,112747 11954,872213 -37,256126
12245,112747 11954,872213 -37,141505
12295,112747 11954,872213 -36,898814
12345,112747 11954,872213 -30,569881
12395,112747 11954,872213 -30,049808
12445,112747 11954,872213 -29,426601
12495,112747 11954,872213 -28,710216
12545,112747 11954,872213 -27,910284
12595,112747 11954,872213 -27,036062
12645,112747 11954,872213 -26,096404
12695,112747 11954,872213 -25,099725
12745,112747 11954,872213 -24,053986
12795,112747 11954,872213 -22,966672
12845,112747 11954,872213 -21,844789
12895,112747 11954,872213 -20,694859
12945,112747 11954,872213 -19,522924
12995,112747 11954,872213 -18,334553
13045,112747 11954,872213 -17,134850
13095,112747 11954,872213 -15,928473
13145,112747 11954,872213 -14,719644
13195,112747 11954,872213 -13,512176
13245,112747 11954,872213 -12,309485
13295,112747 11954,872213 -11,114615
13345,112747 11954,872213 -9,930260
13395,112747 11954,872213 -8,758783
13445,112747 11954,872213 -7,602243
13495,112747 11954,872213 -6,462410
13545,112747 11954,872213 -5,340792
13595,112747 11954,872213 -0,128719
13645,112747 11954,872213 1,024462
13695,112747 11954,872213 2,155311
13745,112747 11954,872213 3,263132
13795,112747 11954,872213 4,347409
13845,112747 11954,872213 5,407790
13895,112747 11954,872213 6,444068
13945,112747 11954,872213 7,456165
13995,112747 11954,872213 8,444123
6545,112747 12004,872213 226,407380
6595,112747 12004,872213 223,452895
6645,112747 12004,872213 198,020933
6695,112747 12004,872213 195,031767
6745,112747 12004,872213 192,018605
6795,112747 12004,872213 188,992849
6845,112747 12004,872213 185,966130
6895,112747 12004,872213 182,950199
6945,112747 12004,872213 179,956813
6995,112747 12004,872213 176,997625
7045,112747 12004,872213 174,084075
7095,112747 12004,872213 171,227293
7145,112747 12004,872213 168,438005
7195,112747 12004,872213 165,726454
7245,112747 12004,872213 163,102330
7295,112747 12004,872213 160,574718
7345,112747 12004,872213 158,152061
7395,112747 12004,872213 155,842131
7445,112747 12004,872213 153,652027
7495,112747 12004,872213 151,588176
7545,112747 12004,872213 149,656361
7595,112747 12004,872213 144,365474
7645,112747 12004,872213 142,753768
7695,112747 12004,872213 141,285799
7745,112747 12004,872213 139,965329
7795,112747 12004,872213 138,795771
7845,112747 12004,872213 137,780260
7895,112747 12004,872213 136,921737
7945,112747 12004,872213 136,223026
7995,112747 12004,872213 135,686909
8045,112747 12004,872213 135,316206
8095,112747 12004,872213 135,113836
8145,112747 12004,872213 135,082880
8195,112747 12004,872213 135,226629
8245,112747 12004,872213 135,548617
8295,112747 12004,872213 136,052639
8345,112747 12004,872213 136,742744
8395,112747 12004,872213 137,623208
8445,112747 12004,872213 138,698472
8495,112747 12004,872213 139,973039
8545,112747 12004,872213 141,451332
8595,112747 12004,872213 143,137494
8645,112747 12004,872213 145,035121
8695,112747 12004,872213 147,146926
8745,112747 12004,872213 149,474314
8795,112747 12004,872213 152,016855
8845,112747 12004,872213 154,771660
8895,112747 12004,872213 157,732642
8945,112747 12004,872213 160,889660
8995,112747 12004,872213 162,537465
9045,112747 12004,872213 166,116844
9095,112747 12004,872213 169,835311
9145,112747 12004,872213 173,656083
9195,112747 12004,872213 177,532903
9245,112747 12004,872213 181,409278
9295,112747 12004,872213 185,218117
9345,112747 12004,872213 188,881936
9395,112747 12004,872213 192,313799
9445,112747 12004,872213 195,419141
9495,112747 12004,872213 198,098551
9545,112747 12004,872213 200,251485
9595,112747 12004,872213 201,780773
9645,112747 12004,872213 202,597607
9695,112747 12004,872213 202,626594
9745,112747 12004,872213 201,810362
9795,112747 12004,872213 200,113220
9845,112747 12004,872213 197,523418
9895,112747 12004,872213 194,053761
9945,112747 12004,872213 189,740525
9995,112747 12004,872213 184,640835
10045,112747 12004,872213 178,828866
10095,112747 12004,872213 172,391343
10145,112747 12004,872213 165,422816
10195,112747 12004,872213 158,021161
10245,112747 12004,872213 150,283633
10295,112747 12004,872213 142,303681
10345,112747 12004,872213 134,168594
10395,112747 12004,872213 125,957956
10445,112747 12004,872213 117,742820
10495,112747 12004,872213 109,585447
10545,112747 12004,872213 101,539488
10595,112747 12004,872213 93,650450
10645,112747 12004,872213 85,956344
10695,112747 12004,872213 78,488412
10745,112747 12004,872213 71,271875
10795,112747 12004,872213 64,326657
10845,112747 12004,872213 57,668049
10895,112747 12004,872213 51,307323
10945,112747 12004,872213 45,252268
10995,112747 12004,872213 39,507682
11045,112747 12004,872213 34,075791
11095,112747 12004,872213 28,956642
11145,112747 12004,872213 24,148441
11195,112747 12004,872213 19,647862
11245,112747 12004,872213 15,450328
11295,112747 12004,872213 11,550254
11345,112747 12004,872213 7,941265
11395,112747 12004,872213 4,616383
11445,112747 12004,872213 1,568179
11495,112747 12004,872213 -1,211103
11545,112747 12004,872213 -3,729454
11595,112747 12004,872213 -23,819300
11645,112747 12004,872213 -25,877502
11695,112747 12004,872213 -27,708363
11745,112747 12004,872213 -29,320744
11795,112747 12004,872213 -30,723434
11845,112747 12004,872213 -31,925190
11895,112747 12004,872213 -32,934779
11945,112747 12004,872213 -33,761012
11995,112747 12004,872213 -34,412767
12045,112747 12004,872213 -34,898999
12095,112747 12004,872213 -35,228740
12145,112747 12004,872213 -35,411088
12195,112747 12004,872213 -35,455184
12245,112747 12004,872213 -35,370175
12295,112747 12004,872213 -35,165182
12345,112747 12004,872213 -28,759170
12395,112747 12004,872213 -28,290357
12445,112747 12004,872213 -27,723688
12495,112747 12004,872213 -27,068149
12545,112747 12004,872213 -26,332471
12595,112747 12004,872213 -25,525084
12645,112747 12004,872213 -24,654086
12695,112747 12004,872213 -23,727219
12745,112747 12004,872213 -22,751839
12795,112747 12004,872213 -21,734906
12845,112747 12004,872213 -20,682965
12895,112747 12004,872213 -19,602148
12945,112747 12004,872213 -18,498165
12995,112747 12004,872213 -17,376307
13045,112747 12004,872213 -16,241456
13095,112747 12004,872213 -15,098090
13145,112747 12004,872213 -13,950295
13195,112747 12004,872213 -12,801780
13245,112747 12004,872213 -11,655892
13295,112747 12004,872213 -10,515632
13345,112747 12004,872213 -9,383675
13395,112747 12004,872213 -8,262383
13445,112747 12004,872213 -7,153833
13495,112747 12004,872213 -6,059824
13545,112747 12004,872213 -4,981908
13595,112747 12004,872213 0,173753
13645,112747 12004,872213 1,284717
13695,112747 12004,872213 2,375372
13745,112747 12004,872213 3,444959
13795,112747 12004,872213 4,492895
13845,112747 12004,872213 5,518761
13895,112747 12004,872213 6,522279
13945,112747 12004,872213 7,503305
13995,112747 12004,872213 8,461811
6545,112747 12054,872213 213,582152
6595,112747 12054,872213 210,636692
6645,112747 12054,872213 185,879078
6695,112747 12054,872213 182,944746
6745,112747 12054,872213 180,003880
6795,112747 12054,872213 177,067799
6845,112747 12054,872213 174,147940
6895,112747 12054,872213 171,255747
6945,112747 12054,872213 168,402560
6995,112747 12054,872213 165,599507
7045,112747 12054,872213 162,857401
7095,112747 12054,872213 160,186642
7145,112747 12054,872213 157,597135
7195,112747 12054,872213 155,098214
7245,112747 12054,872213 152,698581
7295,112747 12054,872213 150,406262
7345,112747 12054,872213 148,228577
7395,112747 12054,872213 146,172129
7445,112747 12054,872213 144,242800
7495,112747 12054,872213 142,445774
7545,112747 12054,872213 140,785565
7595,112747 12054,872213 136,009724
7645,112747 12054,872213 134,668470
7695,112747 12054,872213 133,471756
7745,112747 12054,872213 132,422125
7795,112747 12054,872213 131,521794
7845,112747 12054,872213 130,772742
7895,112747 12054,872213 130,176792
7945,112747 12054,872213 129,735698
7995,112747 12054,872213 129,451225
8045,112747 12054,872213 129,325224
8095,112747 12054,872213 129,359705
8145,112747 12054,872213 129,556892
8195,112747 12054,872213 129,919271
8245,112747 12054,872213 130,449620
8295,112747 12054,872213 131,151025
8345,112747 12054,872213 132,026863
8395,112747 12054,872213 133,080770
8445,112747 12054,872213 134,316571
8495,112747 12054,872213 135,738169
8545,112747 12054,872213 137,349395
8595,112747 12054,872213 139,153798
8645,112747 12054,872213 141,154377
8695,112747 12054,872213 143,353237
8745,112747 12054,872213 145,751163
8795,112747 12054,872213 148,347105
8845,112747 12054,872213 151,137560
8895,112747 12054,872213 154,115856
8945,112747 12054,872213 157,271329
8995,112747 12054,872213 158,866568
9045,112747 12054,872213 162,396465
9095,112747 12054,872213 166,045293
9145,112747 12054,872213 169,776591
9195,112747 12054,872213 173,544889
9245,112747 12054,872213 177,295068
9295,112747 12054,872213 180,962106
9345,112747 12054,872213 184,471370
9395,112747 12054,872213 187,739604
9445,112747 12054,872213 190,676737
9495,112747 12054,872213 193,188568
9545,112747 12054,872213 195,180297
9595,112747 12054,872213 196,560746
9645,112747 12054,872213 197,246992
9695,112747 12054,872213 197,169026
9745,112747 12054,872213 196,273966
9795,112747 12054,872213 194,529376
9845,112747 12054,872213 191,925303
9895,112747 12054,872213 188,474807
9945,112747 12054,872213 184,212936
9995,112747 12054,872213 179,194310
10045,112747 12054,872213 173,489634
10095,112747 12054,872213 167,181555
10145,112747 12054,872213 160,360308
10195,112747 12054,872213 153,119553
10245,112747 12054,872213 145,552692
10295,112747 12054,872213 137,749872
10345,112747 12054,872213 129,795738
10395,112747 12054,872213 121,767919
10445,112747 12054,872213 113,736175
10495,112747 12054,872213 105,762072
10545,112747 12054,872213 97,899059
10595,112747 12054,872213 90,192833
10645,112747 12054,872213 82,681868
10695,112747 12054,872213 75,398037
10745,112747 12054,872213 68,367254
10795,112747 12054,872213 61,610111
10845,112747 12054,872213 55,142467
10895,112747 12054,872213 48,976000
10945,112747 12054,872213 43,118699
10995,112747 12054,872213 37,575317
11045,112747 12054,872213 32,347783
11095,112747 12054,872213 27,435586
11145,112747 12054,872213 22,836123
11195,112747 12054,872213 18,545031
11245,112747 12054,872213 14,556501
11295,112747 12054,872213 10,863560
11345,112747 12054,872213 7,458336
11395,112747 12054,872213 4,332296
11445,112747 12054,872213 1,476453
11495,112747 12054,872213 -1,118464
11545,112747 12054,872213 -3,461866
11595,112747 12054,872213 -23,153390
11645,112747 12054,872213 -25,069157
11695,112747 12054,872213 -26,771045
11745,112747 12054,872213 -28,268390
11795,112747 12054,872213 -29,570246
11845,112747 12054,872213 -30,685431
11895,112747 12054,872213 -31,622573
11945,112747 12054,872213 -32,390164
11995,112747 12054,872213 -32,996597
12045,112747 12054,872213 -33,450205
12095,112747 12054,872213 -33,759282
12145,112747 12054,872213 -33,932098
12195,112747 12054,872213 -33,976899
12245,112747 12054,872213 -33,901899
12295,112747 12054,872213 -33,715265
12345,112747 12054,872213 -27,230914
12395,112747 12054,872213 -26,793763
12445,112747 12054,872213 -26,264681
12495,112747 12054,872213 -25,651764
12545,112747 12054,872213 -24,962898
12595,112747 12054,872213 -24,205730
12645,112747 12054,872213 -23,387635
12695,112747 12054,872213 -22,515693
12745,112747 12054,872213 -21,596665
12795,112747 12054,872213 -20,636976
12845,112747 12054,872213 -19,642702
12895,112747 12054,872213 -18,619561
12945,112747 12054,872213 -17,572906
12995,112747 12054,872213 -16,507724
13045,112747 12054,872213 -15,428637
13095,112747 12054,872213 -14,339910
13145,112747 12054,872213 -13,245455
13195,112747 12054,872213 -12,148840
13245,112747 12054,872213 -11,053305
13295,112747 12054,872213 -9,961769
13345,112747 12054,872213 -8,876851
13395,112747 12054,872213 -7,800877
13445,112747 12054,872213 -6,735905
13495,112747 12054,872213 -5,683732
13545,112747 12054,872213 -4,645918
13595,112747 12054,872213 0,453689
13645,112747 12054,872213 1,525519
13695,112747 12054,872213 2,578743
13745,112747 12054,872213 3,612567
13795,112747 12054,872213 4,626366
13845,112747 12054,872213 5,619675
13895,112747 12054,872213 6,592172
13945,112747 12054,872213 7,543663
13995,112747 12054,872213 8,474072
6545,112747 12104,872213 200,858602
6595,112747 12104,872213 197,913341
6645,112747 12104,872213 173,845595
6695,112747 12104,872213 170,955967
6745,112747 12104,872213 168,076634
6795,112747 12104,872213 165,218914
6845,112747 12104,872213 162,394140
6895,112747 12104,872213 159,613547
6945,112747 12104,872213 156,888162
6995,112747 12104,872213 154,228696
7045,112747 12104,872213 151,645439
7095,112747 12104,872213 149,148171
7145,112747 12104,872213 146,746074
7195,112747 12104,872213 144,447670
7245,112747 12104,872213 142,260763
7295,112747 12104,872213 140,192396
7345,112747 12104,872213 138,248839
7395,112747 12104,872213 136,435572
7445,112747 12104,872213 134,757305
7495,112747 12104,872213 133,218001
7545,112747 12104,872213 131,820919
7595,112747 12104,872213 127,553009
7645,112747 12104,872213 126,475049
7695,112747 12104,872213 125,542995
7745,112747 12104,872213 124,758120
7795,112747 12104,872213 124,121389
7845,112747 12104,872213 123,633550
7895,112747 12104,872213 123,295228
7945,112747 12104,872213 123,107017
7995,112747 12104,872213 123,069566
8045,112747 12104,872213 123,183657
8095,112747 12104,872213 123,450280
8145,112747 12104,872213 123,870691
8195,112747 12104,872213 124,446459
8245,112747 12104,872213 125,179491
8295,112747 12104,872213 126,072044
8345,112747 12104,872213 127,126707
8395,112747 12104,872213 128,346360
8445,112747 12104,872213 129,734097
8495,112747 12104,872213 131,293107
8545,112747 12104,872213 133,026519
8595,112747 12104,872213 134,937185
8645,112747 12104,872213 137,027406
8695,112747 12104,872213 139,298589
8745,112747 12104,872213 141,750825
8795,112747 12104,872213 144,382379
8845,112747 12104,872213 147,189094
8895,112747 12104,872213 150,163700
8945,112747 12104,872213 153,295034
8995,112747 12104,872213 154,814753
9045,112747 12104,872213 158,269079
9095,112747 12104,872213 161,820881
9145,112747 12104,872213 165,434254
9195,112747 12104,872213 169,064836
9245,112747 12104,872213 172,659273
9295,112747 12104,872213 176,155083
9345,112747 12104,872213 179,481024
9395,112747 12104,872213 182,558118
9445,112747 12104,872213 185,301421
9495,112747 12104,872213 187,622585
9545,112747 12104,872213 189,433167
9595,112747 12104,872213 190,648536
9645,112747 12104,872213 191,192120
9695,112747 12104,872213 190,999624
9745,112747 12104,872213 190,022835
9795,112747 12104,872213 188,232585
9845,112747 12104,872213 185,620557
9895,112747 12104,872213 182,199733
9945,112747 12104,872213 178,003445
9995,112747 12104,872213 173,083193
10045,112747 12104,872213 167,505495
10095,112747 12104,872213 161,348139
10145,112747 12104,872213 154,696245
10195,112747 12104,872213 147,638463
10245,112747 12104,872213 140,263603
10295,112747 12104,872213 132,657846
10345,112747 12104,872213 124,902627
10395,112747 12104,872213 117,073176
10445,112747 12104,872213 109,237636
10495,112747 12104,872213 101,456677
10545,112747 12104,872213 93,783474
10595,112747 12104,872213 86,263951
10645,112747 12104,872213 78,937185
10695,112747 12104,872213 71,835901
10745,112747 12104,872213 64,987006
10795,112747 12104,872213 58,412111
10845,112747 12104,872213 52,128035
10895,112747 12104,872213 46,147277
10945,112747 12104,872213 40,478450
10995,112747 12104,872213 35,126687
11045,112747 12104,872213 30,094027
11095,112747 12104,872213 25,379785
11145,112747 12104,872213 20,980899
11195,112747 12104,872213 16,892284
11245,112747 12104,872213 13,107166
11295,112747 12104,872213 9,617409
11345,112747 12104,872213 6,413820
11395,112747 12104,872213 3,486439
11445,112747 12104,872213 0,824801
11495,112747 12104,872213 -1,581844
11545,112747 12104,872213 -3,744335
11595,112747 12104,872213 -22,979274
11645,112747 12104,872213 -24,743299
11695,112747 12104,872213 -26,305336
11745,112747 12104,872213 -27,675308
11795,112747 12104,872213 -28,862666
11845,112747 12104,872213 -29,876437
11895,112747 12104,872213 -30,725273
11945,112747 12104,872213 -31,417511
11995,112747 12104,872213 -31,961237
12045,112747 12104,872213 -32,364332
12095,112747 12104,872213 -32,634520
12145,112747 12104,872213 -32,779403
12195,112747 12104,872213 -32,806486
12245,112747 12104,872213 -32,723189
12295,112747 12104,872213 -32,536849
12345,112747 12104,872213 -25,974331
12395,112747 12104,872213 -25,550430
12445,112747 12104,872213 -25,041114
12495,112747 12104,872213 -24,453654
12545,112747 12104,872213 -23,795152
12595,112747 12104,872213 -23,072508
12645,112747 12104,872213 -22,292402
12695,112747 12104,872213 -21,461270
12745,112747 12104,872213 -20,585283
12795,112747 12104,872213 -19,670331
12845,112747 12104,872213 -18,722008
12895,112747 12104,872213 -17,745604
12945,112747 12104,872213 -16,746092
12995,112747 12104,872213 -15,728128
13045,112747 12104,872213 -14,696050
13095,112747 12104,872213 -13,653876
13145,112747 12104,872213 -12,605311
13195,112747 12104,872213 -11,553749
13245,112747 12104,872213 -10,502288
13295,112747 12104,872213 -9,453733
13345,112747 12104,872213 -8,410610
13395,112747 12104,872213 -7,375180
13445,112747 12104,872213 -6,349446
13495,112747 12104,872213 -5,335174
13545,112747 12104,872213 -4,333901
13595,112747 12104,872213 0,709960
13645,112747 12104,872213 1,745720
13695,112747 12104,872213 2,764268
13745,112747 12104,872213 3,764799
13795,112747 12104,872213 4,746670
13845,112747 12104,872213 5,709395
13895,112747 12104,872213 6,652626
13945,112747 12104,872213 7,576141
13995,112747 12104,872213 8,479832
6545,112747 12154,872213 188,227120
6595,112747 12154,872213 185,272716
6645,112747 12154,872213 161,907324
6695,112747 12154,872213 159,051861
6745,112747 12154,872213 156,222943
6795,112747 12154,872213 153,431970
6845,112747 12154,872213 150,690267
6895,112747 12154,872213 148,008960
6945,112747 12154,872213 145,398870
6995,112747 12154,872213 142,870394
7045,112747 12154,872213 140,433411
7095,112747 12154,872213 138,097182
7145,112747 12154,872213 135,870274
7195,112747 12154,872213 133,760489
7245,112747 12154,872213 131,774818
7295,112747 12154,872213 129,919401
7345,112747 12154,872213 128,199515
7395,112747 12154,872213 126,619573
7445,112747 12154,872213 125,183147
7495,112747 12154,872213 123,892999
7545,112747 12154,872213 122,751136
7595,112747 12154,872213 118,984264
7645,112747 12154,872213 118,163098
7695,112747 12154,872213 117,489783
7745,112747 12154,872213 116,964269
7795,112747 12154,872213 116,586197
7845,112747 12154,872213 116,355009
7895,112747 12154,872213 116,270043
7945,112747 12154,872213 116,330637
7995,112747 12154,872213 116,536222
8045,112747 12154,872213 116,886407
8095,112747 12154,872213 117,381053
8145,112747 12154,872213 118,020336
8195,112747 12154,872213 118,804793
8245,112747 12154,872213 119,735351
8295,112747 12154,872213 120,813327
8345,112747 12154,872213 122,040417
8395,112747 12154,872213 123,418638
8445,112747 12154,872213 124,950252
8495,112747 12154,872213 126,637642
8545,112747 12154,872213 128,483145
8595,112747 12154,872213 130,488837
8645,112747 12154,872213 132,656250
8695,112747 12154,872213 134,986037
8745,112747 12154,872213 137,477552
8795,112747 12154,872213 140,128354
8845,112747 12154,872213 142,933634
8895,112747 12154,872213 145,885553
8945,112747 12154,872213 148,972508
8995,112747 12154,872213 150,398459
9045,112747 12154,872213 153,754584
9095,112747 12154,872213 157,185921
9145,112747 12154,872213 160,657383
9195,112747 12154,872213 164,126022
9245,112747 12154,872213 167,540618
9295,112747 12154,872213 170,841642
9345,112747 12154,872213 173,961692
9395,112747 12154,872213 176,826537
9445,112747 12154,872213 179,356828
9495,112747 12154,872213 181,470515
9545,112747 12154,872213 183,085909
9595,112747 12154,872213 184,125257
9645,112747 12154,872213 184,518570
9695,112747 12154,872213 184,207408
9745,112747 12154,872213 183,148255
9795,112747 12154,872213 181,315130
9845,112747 12154,872213 178,701161
9895,112747 12154,872213 175,318961
9945,112747 12154,872213 171,199769
9995,112747 12154,872213 166,391507
10045,112747 12154,872213 160,955983
10095,112747 12154,872213 154,965563
10145,112747 12154,872213 148,499662
10195,112747 12154,872213 141,641334
10245,112747 12154,872213 134,474228
10295,112747 12154,872213 127,080041
10345,112747 12154,872213 119,536550
10395,112747 12154,872213 111,916214
10445,112747 12154,872213 104,285289
10495,112747 12154,872213 96,703384
10545,112747 12154,872213 89,223333
10595,112747 12154,872213 81,891322
10645,112747 12154,872213 74,747160
10695,112747 12154,872213 67,824638
10745,112747 12154,872213 61,151931
10795,112747 12154,872213 54,752006
10845,112747 12154,872213 48,643013
10895,112747 12154,872213 42,838667
10945,112747 12154,872213 37,348610
10995,112747 12154,872213 32,178752
11045,112747 12154,872213 27,331624
11095,112747 12154,872213 22,806713
11145,112747 12154,872213 18,600819
11195,112747 12154,872213 14,708405
11245,112747 12154,872213 11,121959
11295,112747 12154,872213 7,832358
11345,112747 12154,872213 4,829218
11395,112747 12154,872213 2,101235
11445,112747 12154,872213 -0,363498
11495,112747 12154,872213 -2,577212
11545,112747 12154,872213 -4,552214
11595,112747 12154,872213 -23,271992
11645,112747 12154,872213 -24,874958
11695,112747 12154,872213 -26,286425
11745,112747 12154,872213 -27,517017
11795,112747 12154,872213 -28,576711
11845,112747 12154,872213 -29,474882
11895,112747 12154,872213 -30,220349
11945,112747 12154,872213 -30,821454
11995,112747 12154,872213 -31,286121
12045,112747 12154,872213 -31,621933
12095,112747 12154,872213 -31,836190
12145,112747 12154,872213 -31,935968
12195,112747 12154,872213 -31,928160
12245,112747 12154,872213 -31,819513
12295,112747 12154,872213 -31,616645
12345,112747 12154,872213 -24,977327
12395,112747 12154,872213 -24,549449
12445,112747 12154,872213 -24,043210
12495,112747 12154,872213 -23,465124
12545,112747 12154,872213 -22,821551
12595,112747 12154,872213 -22,118685
12645,112747 12154,872213 -21,362536
12695,112747 12154,872213 -20,558909
12745,112747 12154,872213 -19,713395
12795,112747 12154,872213 -18,831345
12845,112747 12154,872213 -17,917867
12895,112747 12154,872213 -16,977806
12945,112747 12154,872213 -16,015741
12995,112747 12154,872213 -15,035974
13045,112747 12154,872213 -14,042532
13095,112747 12154,872213 -13,039161
13145,112747 12154,872213 -12,029328
13195,112747 12154,872213 -11,016226
13245,112747 12154,872213 -10,002779
13295,112747 12154,872213 -8,991647
13345,112747 12154,872213 -7,985235
13395,112747 12154,872213 -6,985704
13445,112747 12154,872213 -5,994979
13495,112747 12154,872213 -5,014762
13545,112747 12154,872213 -4,046543
13595,112747 12154,872213 0,941826
13645,112747 12154,872213 1,944528
13695,112747 12154,872213 2,931116
13745,112747 12154,872213 3,900795
13795,112747 12154,872213 4,852929
13845,112747 12154,872213 5,787031
13895,112747 12154,872213 6,702747
13945,112747 12154,872213 7,599845
13995,112747 12154,872213 8,478203
6545,112747 12204,872213 175,679163
6595,112747 12204,872213 172,705770
6645,112747 12204,872213 150,052185
6695,112747 12204,872213 147,219929
6745,112747 12204,872213 144,429932
6795,112747 12204,872213 141,693768
6845,112747 12204,872213 139,022848
6895,112747 12204,872213 136,428295
6945,112747 12204,872213 133,920828
6995,112747 12204,872213 131,510645
7045,112747 12204,872213 129,207319
7095,112747 12204,872213 127,019705
7145,112747 12204,872213 124,955852
7195,112747 12204,872213 123,022942
7245,112747 12204,872213 121,227236
7295,112747 12204,872213 119,574047
7345,112747 12204,872213 118,067724
7395,112747 12204,872213 116,711658
7445,112747 12204,872213 115,508313
7495,112747 12204,872213 114,459269
7545,112747 12204,872213 113,565280
7595,112747 12204,872213 110,292729
7645,112747 12204,872213 109,722533
7695,112747 12204,872213 109,302741
7745,112747 12204,872213 109,031917
7795,112747 12204,872213 108,908305
7845,112747 12204,872213 108,929953
7895,112747 12204,872213 109,094821
7945,112747 12204,872213 109,400889
7995,112747 12204,872213 109,846266
8045,112747 12204,872213 110,429274
8095,112747 12204,872213 111,148536
8145,112747 12204,872213 112,003037
8195,112747 12204,872213 112,992175
8245,112747 12204,872213 114,115784
8295,112747 12204,872213 115,374145
8345,112747 12204,872213 116,767956
8395,112747 12204,872213 118,298282
8445,112747 12204,872213 119,966471
8495,112747 12204,872213 121,774020
8545,112747 12204,872213 123,722411
8595,112747 12204,872213 125,812887
8645,112747 12204,872213 128,046174
8695,112747 12204,872213 130,422145
8745,112747 12204,872213 132,939410
8795,112747 12204,872213 135,594840
8845,112747 12204,872213 138,383011
8895,112747 12204,872213 141,295588
8945,112747 12204,872213 144,320631
8995,112747 12204,872213 145,639546
9045,112747 12204,872213 148,878629
9095,112747 12204,872213 152,170331
9145,112747 12204,872213 155,480642
9195,112747 12204,872213 158,768329
9245,112747 12204,872213 161,984637
9295,112747 12204,872213 165,073333
9345,112747 12204,872213 167,971210
9395,112747 12204,872213 170,609119
9445,112747 12204,872213 172,913614
9495,112747 12204,872213 174,809194
9545,112747 12204,872213 176,221119
9595,112747 12204,872213 177,078623
9645,112747 12204,872213 177,318340
9695,112747 12204,872213 176,887643
9745,112747 12204,872213 175,747606
9795,112747 12204,872213 173,875267
9845,112747 12204,872213 171,264993
9895,112747 12204,872213 167,928777
9945,112747 12204,872213 163,895484
9995,112747 12204,872213 159,209147
10045,112747 12204,872213 153,926526
10095,112747 12204,872213 148,114204
10145,112747 12204,872213 141,845500
10195,112747 12204,872213 135,197477
10245,112747 12204,872213 128,248230
10295,112747 12204,872213 121,074597
10345,112747 12204,872213 113,750356
10395,112747 12204,872213 106,344914
10445,112747 12204,872213 98,922425
10495,112747 12204,872213 91,541297
10545,112747 12204,872213 84,253976
10595,112747 12204,872213 77,106949
10645,112747 12204,872213 70,140878
10695,112747 12204,872213 63,390818
10745,112747 12204,872213 56,886480
10795,112747 12204,872213 50,652504
10845,112747 12204,872213 44,708730
10895,112747 12204,872213 39,070468
10945,112747 12204,872213 33,748770
10995,112747 12204,872213 28,750705
11045,112747 12204,872213 24,079646
11095,112747 12204,872213 19,735581
11145,112747 12204,872213 15,715448
11195,112747 12204,872213 12,013495
11245,112747 12204,872213 8,621655
11295,112747 12204,872213 5,529952
11345,112747 12204,872213 2,726894
11395,112747 12204,872213 0,199868
11445,112747 12204,872213 -2,064479
11495,112747 12204,872213 -4,079905
11545,112747 12204,872213 -5,860259
11595,112747 12204,872213 -24,006012
11645,112747 12204,872213 -25,438608
11695,112747 12204,872213 -26,688948
11745,112747 12204,872213 -27,768472
11795,112747 12204,872213 -28,687811
11845,112747 12204,872213 -29,456817
11895,112747 12204,872213 -30,084618
11945,112747 12204,872213 -30,579689
11995,112747 12204,872213 -30,949934
12045,112747 12204,872213 -31,202768
12095,112747 12204,872213 -31,345194
12145,112747 12204,872213 -31,383881
12195,112747 12204,872213 -31,325225
12245,112747 12204,872213 -31,175399
12295,112747 12204,872213 -30,940399
12345,112747 12204,872213 -24,226611
12395,112747 12204,872213 -23,778715
12445,112747 12204,872213 -23,260013
12495,112747 12204,872213 -22,676310
12545,112747 12204,872213 -22,033269
12595,112747 12204,872213 -21,336410
12645,112747 12204,872213 -20,591093
12695,112747 12204,872213 -19,802513
12745,112747 12204,872213 -18,975681
12795,112747 12204,872213 -18,115415
12845,112747 12204,872213 -17,226326
12895,112747 12204,872213 -16,312807
12945,112747 12204,872213 -15,379025
12995,112747 12204,872213 -14,428912
13045,112747 12204,872213 -13,466160
13095,112747 12204,872213 -12,494221
13145,112747 12204,872213 -11,516300
13195,112747 12204,872213 -10,535361
13245,112747 12204,872213 -9,554127
13295,112747 12204,872213 -8,575087
13345,112747 12204,872213 -7,600497
13395,112747 12204,872213 -6,632392
13445,112747 12204,872213 -5,672591
13495,112747 12204,872213 -4,722707
13545,112747 12204,872213 -3,784157
13595,112747 12204,872213 1,148914
13645,112747 12204,872213 2,121489
13695,112747 12204,872213 3,078763
13745,112747 12204,872213 4,019977
13795,112747 12204,872213 4,944521
13845,112747 12204,872213 5,851927
13895,112747 12204,872213 6,741853
13945,112747 12204,872213 7,614075
13995,112747 12204,872213 8,468476
6545,112747 12254,872213 166,826768
6595,112747 12254,872213 163,667803
6645,112747 12254,872213 140,685227
6695,112747 12254,872213 137,734311
6745,112747 12254,872213 134,845520
6795,112747 12254,872213 132,031004
6845,112747 12254,872213 129,302648
6895,112747 12254,872213 126,671940
6945,112747 12254,872213 124,149843
6995,112747 12254,872213 121,746673
7045,112747 12254,872213 119,471986
7095,112747 12254,872213 117,334472
7145,112747 12254,872213 115,341878
7195,112747 12254,872213 113,500926
7245,112747 12254,872213 111,817270
7295,112747 12254,872213 110,295464
7345,112747 12254,872213 108,938947
7395,112747 12254,872213 107,750061
7445,112747 12254,872213 106,730081
7495,112747 12254,872213 105,879268
7545,112747 12254,872213 105,196943
7595,112747 12254,872213 102,289825
7645,112747 12254,872213 101,948466
7695,112747 12254,872213 101,765718
7745,112747 12254,872213 101,738422
7795,112747 12254,872213 101,863065
7845,112747 12254,872213 102,135906
7895,112747 12254,872213 102,553110
7945,112747 12254,872213 103,110867
7995,112747 12254,872213 103,805510
8045,112747 12254,872213 104,633617
8095,112747 12254,872213 105,592102
8145,112747 12254,872213 106,678286
8195,112747 12254,872213 107,889950
8245,112747 12254,872213 109,225365
8295,112747 12254,872213 110,683294
8345,112747 12254,872213 112,262966
8395,112747 12254,872213 113,964023
8445,112747 12254,872213 115,786424
8495,112747 12254,872213 117,730316
8545,112747 12254,872213 119,795857
8595,112747 12254,872213 121,982994
8645,112747 12254,872213 124,291193
8695,112747 12254,872213 126,719100
8745,112747 12254,872213 129,264157
8795,112747 12254,872213 131,922150
8845,112747 12254,872213 134,686691
8895,112747 12254,872213 137,548657
8945,112747 12254,872213 140,495571
8995,112747 12254,872213 141,647251
9045,112747 12254,872213 144,746241
9095,112747 12254,872213 147,870595
9145,112747 12254,872213 150,987773
9195,112747 12254,872213 154,058864
9245,112747 12254,872213 157,038413
9295,112747 12254,872213 159,874551
9345,112747 12254,872213 162,509523
9395,112747 12254,872213 164,880663
9445,112747 12254,872213 166,921883
9495,112747 12254,872213 168,565644
9545,112747 12254,872213 169,745375
9595,112747 12254,872213 170,398214
9645,112747 12254,872213 170,467893
9695,112747 12254,872213 169,907541
9745,112747 12254,872213 168,682175
9795,112747 12254,872213 166,770631
9845,112747 12254,872213 164,166764
9895,112747 12254,872213 160,879801
9945,112747 12254,872213 156,933840
9995,112747 12254,872213 152,366569
10045,112747 12254,872213 147,227363
10095,112747 12254,872213 141,574964
10145,112747 12254,872213 135,474965
10195,112747 12254,872213 128,997304
10245,112747 12254,872213 122,213939
10295,112747 12254,872213 115,196816
10345,112747 12254,872213 108,016197
10395,112747 12254,872213 100,739364
10445,112747 12254,872213 93,429662
10495,112747 12254,872213 86,145865
10545,112747 12254,872213 78,941769
10595,112747 12254,872213 71,865982
10645,112747 12254,872213 64,961838
10695,112747 12254,872213 58,267408
10745,112747 12254,872213 51,815552
10795,112747 12254,872213 45,634018
10845,112747 12254,872213 39,745561
10895,112747 12254,872213 34,168090
10945,112747 12254,872213 28,914834
10995,112747 12254,872213 23,994556
11045,112747 12254,872213 19,411796
11095,112747 12254,872213 15,167174
11145,112747 12254,872213 11,257730
11195,112747 12254,872213 7,677321
11245,112747 12254,872213 4,417047
11295,112747 12254,872213 1,465721
11345,112747 12254,872213 -1,189663
11395,112747 12254,872213 -3,563452
11445,112747 12254,872213 -5,670880
11495,112747 12254,872213 -7,527641
11545,112747 12254,872213 -9,149517
11595,112747 12254,872213 -27,028961
11645,112747 12254,872213 -28,329366
11695,112747 12254,872213 -29,455057
11745,112747 12254,872213 -30,418459
11795,112747 12254,872213 -31,230984
11845,112747 12254,872213 -31,903055
11895,112747 12254,872213 -32,444166
11945,112747 12254,872213 -32,862965
11995,112747 12254,872213 -33,167350
12045,112747 12254,872213 -33,364571
12095,112747 12254,872213 -33,461331
12145,112747 12254,872213 -33,463881
12195,112747 12254,872213 -33,378102
12245,112747 12254,872213 -33,209583
12295,112747 12254,872213 -32,963681
12345,112747 12254,872213 -26,134561
12395,112747 12254,872213 -25,681665
12445,112747 12254,872213 -25,164148
12495,112747 12254,872213 -24,587113
12545,112747 12254,872213 -23,955541
12595,112747 12254,872213 -23,274292
12645,112747 12254,872213 -22,548102
12695,112747 12254,872213 -21,781577
12745,112747 12254,872213 -20,979186
12795,112747 12254,872213 -20,145247
12845,112747 12254,872213 -19,283917
12895,112747 12254,872213 -18,399181
12945,112747 12254,872213 -17,494842
12995,112747 12254,872213 -16,574515
13045,112747 12254,872213 -15,641614
13095,112747 12254,872213 -14,699352
13145,112747 12254,872213 -13,750732
13195,112747 12254,872213 -12,798551
13245,112747 12254,872213 -11,845394
13295,112747 12254,872213 -10,893639
13345,112747 12254,872213 -9,945457
13395,112747 12254,872213 -9,002819
13445,112747 12254,872213 -8,067500
13495,112747 12254,872213 -7,141085
13545,112747 12254,872213 -6,224977
13595,112747 12254,872213 -1,325651
13645,112747 12254,872213 -0,372272
13695,112747 12254,872213 0,566837
13745,112747 12254,872213 1,490898
13795,112747 12254,872213 2,399278
13845,112747 12254,872213 3,291478
13895,112747 12254,872213 4,167127
13945,112747 12254,872213 5,025968
13995,112747 12254,872213 5,867850
6545,112747 12304,872213 153,837110
6595,112747 12304,872213 150,642251
6645,112747 12304,872213 128,458450
6695,112747 12304,872213 125,513092
6745,112747 12304,872213 122,645112
6795,112747 12304,872213 119,867009
6845,112747 12304,872213 117,190944
6895,112747 12304,872213 114,628603
6945,112747 12304,872213 112,191052
6995,112747 12304,872213 109,888618
7045,112747 12304,872213 107,730757
7095,112747 12304,872213 105,725954
7145,112747 12304,872213 103,881625
7195,112747 12304,872213 102,204044
7245,112747 12304,872213 100,698289
7295,112747 12304,872213 99,368209
7345,112747 12304,872213 98,216411
7395,112747 12304,872213 97,244282
7445,112747 12304,872213 96,452017
7495,112747 12304,872213 95,838687
7545,112747 12304,872213 95,402317
7595,112747 12304,872213 93,005407
7645,112747 12304,872213 92,916120
7695,112747 12304,872213 92,989349
7745,112747 12304,872213 93,220372
7795,112747 12304,872213 93,604072
7845,112747 12304,872213 94,135093
7895,112747 12304,872213 94,807979
7945,112747 12304,872213 95,617312
7995,112747 12304,872213 96,557843
8045,112747 12304,872213 97,624609
8095,112747 12304,872213 98,813031
8145,112747 12304,872213 100,118996
8195,112747 12304,872213 101,538915
8245,112747 12304,872213 103,069756
8295,112747 12304,872213 104,709051
8345,112747 12304,872213 106,454873
8395,112747 12304,872213 108,305772
8445,112747 12304,872213 110,260689
8495,112747 12304,872213 112,318818
8545,112747 12304,872213 114,479428
8595,112747 12304,872213 116,741648
8645,112747 12304,872213 119,104187
8695,112747 12304,872213 121,565015
8745,112747 12304,872213 124,120983
8795,112747 12304,872213 126,767388
8845,112747 12304,872213 129,497487
8895,112747 12304,872213 132,301969
8945,112747 12304,872213 135,168379
8995,112747 12304,872213 136,209265
9045,112747 12304,872213 139,173234
9095,112747 12304,872213 142,140964
9145,112747 12304,872213 145,081478
9195,112747 12304,872213 147,958039
9245,112747 12304,872213 150,728056
9295,112747 12304,872213 153,343265
9345,112747 12304,872213 155,750281
9395,112747 12304,872213 157,891546
9445,112747 12304,872213 159,706714
9495,112747 12304,872213 161,134468
9545,112747 12304,872213 162,114692
9595,112747 12304,872213 162,590909
9645,112747 12304,872213 162,512810
9695,112747 12304,872213 161,838701
9745,112747 12304,872213 160,537635
9795,112747 12304,872213 158,591069
9845,112747 12304,872213 155,993873
9895,112747 12304,872213 152,754621
9945,112747 12304,872213 148,895157
9995,112747 12304,872213 144,449502
10045,112747 12304,872213 139,462238
10095,112747 12304,872213 133,986541
10145,112747 12304,872213 128,082047
10195,112747 12304,872213 121,812718
10245,112747 12304,872213 115,244842
10295,112747 12304,872213 108,445285
10345,112747 12304,872213 101,480009
10395,112747 12304,872213 94,412907
10445,112747 12304,872213 87,304908
10495,112747 12304,872213 80,213332
10545,112747 12304,872213 73,191431
10595,112747 12304,872213 66,288087
10645,112747 12304,872213 59,547599
10695,112747 12304,872213 53,009555
10745,112747 12304,872213 46,708728
10795,112747 12304,872213 40,675027
10845,112747 12304,872213 34,933456
10895,112747 12304,872213 29,504128
10945,112747 12304,872213 24,402305
10995,112747 12304,872213 19,638500
11045,112747 12304,872213 15,218649
11095,112747 12304,872213 11,144344
11145,112747 12304,872213 7,413152
11195,112747 12304,872213 4,018997
11245,112747 12304,872213 0,952610
11295,112747 12304,872213 -1,797967
11345,112747 12304,872213 -4,246855
11395,112747 12304,872213 -6,409799
11445,112747 12304,872213 -8,303633
11495,112747 12304,872213 -9,945784
11545,112747 12304,872213 -11,353823
11595,112747 12304,872213 -28,516539
11645,112747 12304,872213 -29,625908
11695,112747 12304,872213 -30,568148
11745,112747 12304,872213 -31,356713
11795,112747 12304,872213 -32,003876
11845,112747 12304,872213 -32,520749
11895,112747 12304,872213 -32,917334
11945,112747 12304,872213 -33,202614
11995,112747 12304,872213 -33,384656
12045,112747 12304,872213 -33,470724
12095,112747 12304,872213 -33,467397
12145,112747 12304,872213 -33,380682
12195,112747 12304,872213 -33,216114
12245,112747 12304,872213 -32,978850
12295,112747 12304,872213 -32,673748
12345,112747 12304,872213 -25,778399
12395,112747 12304,872213 -25,277464
12445,112747 12304,872213 -24,720388
12495,112747 12304,872213 -24,111638
12545,112747 12304,872213 -23,455559
12595,112747 12304,872213 -22,756378
12645,112747 12304,872213 -22,018219
12695,112747 12304,872213 -21,245092
12745,112747 12304,872213 -20,440900
12795,112747 12304,872213 -19,609422
12845,112747 12304,872213 -18,754310
12895,112747 12304,872213 -17,879079
12945,112747 12304,872213 -16,987096
12995,112747 12304,872213 -16,081574
13045,112747 12304,872213 -15,165560
13095,112747 12304,872213 -14,241932
13145,112747 12304,872213 -13,313393
13195,112747 12304,872213 -12,382464
13245,112747 12304,872213 -11,451487
13295,112747 12304,872213 -10,522623
13345,112747 12304,872213 -9,597848
13395,112747 12304,872213 -8,678963
13445,112747 12304,872213 -7,767591
13495,112747 12304,872213 -6,865185
13545,112747 12304,872213 -5,973032
13595,112747 12304,872213 -1,129254
13645,112747 12304,872213 -0,201253
13695,112747 12304,872213 0,712775
13745,112747 12304,872213 1,612125
13795,112747 12304,872213 2,496227
13845,112747 12304,872213 3,364638
13895,112747 12304,872213 4,217033
13945,112747 12304,872213 5,053194
13995,112747 12304,872213 5,873003
6545,112747 12354,872213 140,935239
6595,112747 12354,872213 137,693433
6645,112747 12354,872213 116,307117
6695,112747 12354,872213 113,355068
6745,112747 12354,872213 110,495139
6795,112747 12354,872213 107,740279
6845,112747 12354,872213 105,103035
6895,112747 12354,872213 102,595400
6945,112747 12354,872213 100,228670
6995,112747 12354,872213 98,013303
7045,112747 12354,872213 95,958784
7095,112747 12354,872213 94,073512
7145,112747 12354,872213 92,364695
7195,112747 12354,872213 90,838268
7245,112747 12354,872213 89,498833
7295,112747 12354,872213 88,349620
7345,112747 12354,872213 87,392481
7395,112747 12354,872213 86,627897
7445,112747 12354,872213 86,055027
7495,112747 12354,872213 85,671764
7545,112747 12354,872213 85,474837
7595,112747 12354,872213 83,579842
7645,112747 12354,872213 83,738158
7695,112747 12354,872213 84,063674
7745,112747 12354,872213 84,550020
7795,112747 12354,872213 85,190388
7845,112747 12354,872213 85,977699
7895,112747 12354,872213 86,904761
7945,112747 12354,872213 87,964432
7995,112747 12354,872213 89,149758
8045,112747 12354,872213 90,454112
8095,112747 12354,872213 91,871301
8145,112747 12354,872213 93,395662
8195,112747 12354,872213 95,022128
8245,112747 12354,872213 96,746268
8295,112747 12354,872213 98,564295
8345,112747 12354,872213 100,473048
8395,112747 12354,872213 102,469930
8445,112747 12354,872213 104,552818
8495,112747 12354,872213 106,719926
8545,112747 12354,872213 108,969629
8595,112747 12354,872213 111,300245
8645,112747 12354,872213 113,709763
8695,112747 12354,872213 116,195529
8745,112747 12354,872213 118,753880
8795,112747 12354,872213 121,379728
8845,112747 12354,872213 124,066101
8895,112747 12354,872213 126,803648
8945,112747 12354,872213 129,580114
8995,112747 12354,872213 130,510920
9045,112747 12354,872213 133,331700
9095,112747 12354,872213 136,135358
9145,112747 12354,872213 138,892710
9195,112747 12354,872213 141,569414
9245,112747 12354,872213 144,125938
9295,112747 12354,872213 146,517784
9345,112747 12354,872213 148,696037
9395,112747 12354,872213 150,608278
9445,112747 12354,872213 152,199856
9495,112747 12354,872213 153,415540
9545,112747 12354,872213 154,201450
9595,112747 12354,872213 154,507204
9645,112747 12354,872213 154,288114
9695,112747 12354,872213 153,507292
9745,112747 12354,872213 152,137467
9795,112747 12354,872213 150,162387
9845,112747 12354,872213 147,577664
9895,112747 12354,872213 144,391012
9945,112747 12354,872213 140,621886
9995,112747 12354,872213 136,300564
10045,112747 12354,872213 131,466809
10095,112747 12354,872213 126,168231
10145,112747 12354,872213 120,458515
10195,112747 12354,872213 114,395643
10245,112747 12354,872213 108,040221
10295,112747 12354,872213 101,453992
10345,112747 12354,872213 94,698570
10395,112747 12354,872213 87,834411
10445,112747 12354,872213 80,919988
10495,112747 12354,872213 74,011158
10545,112747 12354,872213 67,160667
10595,112747 12354,872213 60,417759
10645,112747 12354,872213 53,827850
10695,112747 12354,872213 47,432256
10745,112747 12354,872213 41,267934
10795,112747 12354,872213 35,367268
10845,112747 12354,872213 29,757865
10895,112747 12354,872213 24,462404
10945,112747 12354,872213 19,498543
10995,112747 12354,872213 14,878894
11045,112747 12354,872213 10,611089
11095,112747 12354,872213 6,697954
11145,112747 12354,872213 3,137774
11195,112747 12354,872213 -0,075324
11245,112747 12354,872213 -2,950912
11295,112747 12354,872213 -5,501712
11345,112747 12354,872213 -7,743014
11395,112747 12354,872213 -9,692052
11445,112747 12354,872213 -11,367397
11495,112747 12354,872213 -12,788365
11545,112747 12354,872213 -13,974493
11595,112747 12354,872213 -30,361799
11645,112747 12354,872213 -31,271588
11695,112747 12354,872213 -32,020966
11745,112747 12354,872213 -32,624543
11795,112747 12354,872213 -33,095578
11845,112747 12354,872213 -33,445981
11895,112747 12354,872213 -33,686370
11945,112747 12354,872213 -33,826159
11995,112747 12354,872213 -33,873671
12045,112747 12354,872213 -33,836269
12095,112747 12354,872213 -33,720485
12145,112747 12354,872213 -33,532149
12195,112747 12354,872213 -33,276515
12245,112747 12354,872213 -32,958365
12295,112747 12354,872213 -32,582113
12345,112747 12354,872213 -25,624999
12395,112747 12354,872213 -25,063607
12445,112747 12354,872213 -24,454919
12495,112747 12354,872213 -23,802801
12545,112747 12354,872213 -23,110983
12595,112747 12354,872213 -22,383086
12645,112747 12354,872213 -21,622631
12695,112747 12354,872213 -20,833050
12745,112747 12354,872213 -20,017680
12795,112747 12354,872213 -19,179768
12845,112747 12354,872213 -18,322459
12895,112747 12354,872213 -17,448793
12945,112747 12354,872213 -16,561693
12995,112747 12354,872213 -15,663962
13045,112747 12354,872213 -14,758266
13095,112747 12354,872213 -13,847137
13145,112747 12354,872213 -12,932958
13195,112747 12354,872213 -12,017964
13245,112747 12354,872213 -11,104234
13295,112747 12354,872213 -10,193693
13345,112747 12354,872213 -9,288108
13395,112747 12354,872213 -8,389088
13445,112747 12354,872213 -7,498087
13495,112747 12354,872213 -6,616408
13545,112747 12354,872213 -5,745206
13595,112747 12354,872213 -0,956997
13645,112747 12354,872213 -0,051752
13695,112747 12354,872213 0,839581
13745,112747 12354,872213 1,716388
13795,112747 12354,872213 2,578178
13845,112747 12354,872213 3,424578
13895,112747 12354,872213 4,255324
13945,112747 12354,872213 5,070252
13995,112747 12354,872213 5,869288
6545,112747 12404,872213 128,119163
6595,112747 12404,872213 124,818967
6645,112747 12404,872213 104,225383
6695,112747 12404,872213 101,253984
6745,112747 12404,872213 98,388946
6795,112747 12404,872213 95,643768
6845,112747 12404,872213 93,031493
6895,112747 12404,872213 90,564547
6945,112747 12404,872213 88,254581
6995,112747 12404,872213 86,112315
7045,112747 12404,872213 84,147396
7095,112747 12404,872213 82,368266
7145,112747 12404,872213 80,782052
7195,112747 12404,872213 79,394466
7245,112747 12404,872213 78,209744
7295,112747 12404,872213 77,230594
7345,112747 12404,872213 76,458185
7395,112747 12404,872213 75,892159
7445,112747 12404,872213 75,530670
7495,112747 12404,872213 75,370461
7545,112747 12404,872213 75,406956
7595,112747 12404,872213 74,005433
7645,112747 12404,872213 74,407590
7695,112747 12404,872213 74,982487
7745,112747 12404,872213 75,722024
7795,112747 12404,872213 76,617599
7845,112747 12404,872213 77,660298
7895,112747 12404,872213 78,841074
7945,112747 12404,872213 80,150930
7995,112747 12404,872213 81,581079
8045,112747 12404,872213 83,123100
8095,112747 12404,872213 84,769063
8145,112747 12404,872213 86,511635
8195,112747 12404,872213 88,344164
8245,112747 12404,872213 90,260719
8295,112747 12404,872213 92,256113
8345,112747 12404,872213 94,325884
8395,112747 12404,872213 96,466235
8445,112747 12404,872213 98,673949
8495,112747 12404,872213 100,946246
8545,112747 12404,872213 103,280616
8595,112747 12404,872213 105,674596
8645,112747 12404,872213 108,125509
8695,112747 12404,872213 110,630151
8745,112747 12404,872213 113,184445
8795,112747 12404,872213 115,783040
8845,112747 12404,872213 118,418883
8895,112747 12404,872213 121,082750
8945,112747 12404,872213 123,762773
8995,112747 12404,872213 124,588399
9045,112747 12404,872213 127,261406
9095,112747 12404,872213 129,897374
9145,112747 12404,872213 132,469123
9195,112747 12404,872213 134,944896
9245,112747 12404,872213 137,288370
9295,112747 12404,872213 139,458906
9345,112747 12404,872213 141,412094
9395,112747 12404,872213 143,100595
9445,112747 12404,872213 144,475314
9495,112747 12404,872213 145,486870
9545,112747 12404,872213 146,087306
9595,112747 12404,872213 146,231949
9645,112747 12404,872213 145,881310
9695,112747 12404,872213 145,002872
9745,112747 12404,872213 143,572630
9795,112747 12404,872213 141,576263
9845,112747 12404,872213 139,009842
9895,112747 12404,872213 135,880033
9945,112747 12404,872213 132,203798
9995,112747 12404,872213 128,007657
10045,112747 12404,872213 123,326596
10095,112747 12404,872213 118,202740
10145,112747 12404,872213 112,683923
10195,112747 12404,872213 106,822237
10245,112747 12404,872213 100,672675
10295,112747 12404,872213 94,291907
10345,112747 12404,872213 87,737226
10395,112747 12404,872213 81,065658
10445,112747 12404,872213 74,333234
10495,112747 12404,872213 67,594382
10545,112747 12404,872213 60,901400
10595,112747 12404,872213 54,304005
10645,112747 12404,872213 47,848895
10695,112747 12404,872213 41,579334
10745,112747 12404,872213 35,534746
10795,112747 12404,872213 29,750309
10845,112747 12404,872213 24,256590
10895,112747 12404,872213 19,079210
10945,112747 12404,872213 14,238587
10995,112747 12404,872213 9,749772
11045,112747 12404,872213 5,622397
11095,112747 12404,872213 1,860759
11145,112747 12404,872213 -1,535957
11195,112747 12404,872213 -4,573322
11245,112747 12404,872213 -7,261176
11295,112747 12404,872213 -9,613044
11345,112747 12404,872213 -11,645472
11395,112747 12404,872213 -13,377328
11445,112747 12404,872213 -14,829088
11495,112747 12404,872213 -16,022160
11545,112747 12404,872213 -16,978247
11595,112747 12404,872213 -32,533092
11645,112747 12404,872213 -33,235211
11695,112747 12404,872213 -33,782881
11745,112747 12404,872213 -34,192000
11795,112747 12404,872213 -34,476929
11845,112747 12404,872213 -34,650485
11895,112747 12404,872213 -34,723997
11945,112747 12404,872213 -34,707394
11995,112747 12404,872213 -34,609335
12045,112747 12404,872213 -34,437345
12095,112747 12404,872213 -34,197971
12145,112747 12404,872213 -33,896923
12195,112747 12404,872213 -33,539222
12245,112747 12404,872213 -33,129323
12295,112747 12404,872213 -32,671232
12345,112747 12404,872213 -25,656973
12395,112747 12404,872213 -25,023997
12445,112747 12404,872213 -24,352892
12495,112747 12404,872213 -23,646947
12545,112747 12404,872213 -22,909303
12595,112747 12404,872213 -22,142988
12645,112747 12404,872213 -21,350939
12695,112747 12404,872213 -20,536011
12745,112747 12404,872213 -19,700989
12795,112747 12404,872213 -18,848588
12845,112747 12404,872213 -17,981446
12895,112747 12404,872213 -17,102125
12945,112747 12404,872213 -16,213101
12995,112747 12404,872213 -15,316756
13045,112747 12404,872213 -14,415370
13095,112747 12404,872213 -13,511113
13145,112747 12404,872213 -12,606042
13195,112747 12404,872213 -11,702088
13245,112747 12404,872213 -10,801055
13295,112747 12404,872213 -9,904618
13345,112747 12404,872213 -9,014316
13395,112747 12404,872213 -8,131554
13445,112747 12404,872213 -7,257601
13495,112747 12404,872213 -6,393594
13545,112747 12404,872213 -5,540538
13595,112747 12404,872213 -0,807996
13645,112747 12404,872213 0,076938
13695,112747 12404,872213 0,947806
13745,112747 12404,872213 1,804098
13795,112747 12404,872213 2,645418
13845,112747 12404,872213 3,471476
13895,112747 12404,872213 4,282083
13945,112747 12404,872213 5,077140
13995,112747 12404,872213 5,856634
6545,112747 12454,872213 115,388381
6595,112747 12454,872213 112,018011
6645,112747 12454,872213 92,208976
6695,112747 12454,872213 89,205183
6745,112747 12454,872213 86,321485
6795,112747 12454,872213 83,572039
6845,112747 12454,872213 80,970502
6895,112747 12454,872213 78,529859
6945,112747 12454,872213 76,262246
6995,112747 12454,872213 74,178786
7045,112747 12454,872213 72,289427
7095,112747 12454,872213 70,602795
7145,112747 12454,872213 69,126069
7195,112747 12454,872213 67,864869
7245,112747 12454,872213 66,823177
7295,112747 12454,872213 66,003284
7345,112747 12454,872213 65,405764
7395,112747 12454,872213 65,029481
7445,112747 12454,872213 64,871637
7495,112747 12454,872213 64,927839
7545,112747 12454,872213 65,192208
7595,112747 12454,872213 64,275482
7645,112747 12454,872213 64,918426
7695,112747 12454,872213 65,740601
7745,112747 12454,872213 66,732085
7795,112747 12454,872213 67,882376
7845,112747 12454,872213 69,180603
7895,112747 12454,872213 70,615733
7945,112747 12454,872213 72,176780
7995,112747 12454,872213 73,852984
8045,112747 12454,872213 75,633994
8095,112747 12454,872213 77,510011
8145,112747 12454,872213 79,471912
8195,112747 12454,872213 81,511344
8245,112747 12454,872213 83,620784
8295,112747 12454,872213 85,793561
8345,112747 12454,872213 88,023849
8395,112747 12454,872213 90,306609
8445,112747 12454,872213 92,637504
8495,112747 12454,872213 95,012765
8545,112747 12454,872213 97,429016
8595,112747 12454,872213 99,883060
8645,112747 12454,872213 102,371618
8695,112747 12454,872213 104,891035
8745,112747 12454,872213 107,436934
8795,112747 12454,872213 110,003842
8845,112747 12454,872213 112,584782
8895,112747 12454,872213 115,170843
8945,112747 12454,872213 117,750734
8995,112747 12454,872213 118,479718
9045,112747 12454,872213 121,003661
9095,112747 12454,872213 123,471796
9145,112747 12454,872213 125,859136
9195,112747 12454,872213 128,136661
9245,112747 12454,872213 130,271364
9295,112747 12454,872213 132,226513
9345,112747 12454,872213 133,962163
9395,112747 12454,872213 135,435936
9445,112747 12454,872213 136,604078
9495,112747 12454,872213 137,422752
9545,112747 12454,872213 137,849536
9595,112747 12454,872213 137,845024
9645,112747 12454,872213 137,374446
9695,112747 12454,872213 136,409179
9745,112747 12454,872213 134,928041
9795,112747 12454,872213 132,918270
9845,112747 12454,872213 130,376112
9895,112747 12454,872213 127,307003
9945,112747 12454,872213 123,725339
9995,112747 12454,872213 119,653896
10045,112747 12454,872213 115,122972
10095,112747 12454,872213 110,169350
10145,112747 12454,872213 104,835166
10195,112747 12454,872213 99,166782
10245,112747 12454,872213 93,213717
10295,112747 12454,872213 87,027679
10345,112747 12454,872213 80,661718
10395,112747 12454,872213 74,169499
10445,112747 12454,872213 67,604664
10495,112747 12454,872213 61,020271
10545,112747 12454,872213 54,468264
10595,112747 12454,872213 47,998958
10645,112747 12454,872213 41,660512
10695,112747 12454,872213 35,498377
10745,112747 12454,872213 29,554727
10795,112747 12454,872213 23,867877
10845,112747 12454,872213 18,471717
10895,112747 12454,872213 13,395192
10945,112747 12454,872213 8,661857
10995,112747 12454,872213 4,289545
11045,112747 12454,872213 0,290184
11095,112747 12454,872213 -3,330220
11145,112747 12454,872213 -6,571431
11195,112747 12454,872213 -9,438634
11245,112747 12454,872213 -11,941942
11295,112747 12454,872213 -14,095751
11345,112747 12454,872213 -15,917999
11395,112747 12454,872213 -17,429366
11445,112747 12454,872213 -18,652451
11495,112747 12454,872213 -19,610976
11545,112747 12454,872213 -20,329053
11595,112747 12454,872213 -34,996863
11645,112747 12454,872213 -35,483849
11695,112747 12454,872213 -35,821694
11745,112747 12454,872213 -36,027713
11795,112747 12454,872213 -36,117487
11845,112747 12454,872213 -36,104841
11895,112747 12454,872213 -36,001897
11945,112747 12454,872213 -35,819176
11995,112747 12454,872213 -35,565731
12045,112747 12454,872213 -35,249308
12095,112747 12454,872213 -34,876512
12145,112747 12454,872213 -34,452979
12195,112747 12454,872213 -33,983530
12245,112747 12454,872213 -33,472327
12295,112747 12454,872213 -32,923000
12345,112747 12454,872213 -25,856216
12395,112747 12454,872213 -25,141849
12445,112747 12454,872213 -24,398795
12495,112747 12454,872213 -23,629786
12545,112747 12454,872213 -22,837392
12595,112747 12454,872213 -22,024063
12645,112747 12454,872213 -21,192160
12695,112747 12454,872213 -20,343976
12745,112747 12454,872213 -19,481747
12795,112747 12454,872213 -18,607659
12845,112747 12454,872213 -17,723845
12895,112747 12454,872213 -16,832390
12945,112747 12454,872213 -15,935316
12995,112747 12454,872213 -15,034582
13045,112747 12454,872213 -14,132074
13095,112747 12454,872213 -13,229596
13145,112747 12454,872213 -12,328863
13195,112747 12454,872213 -11,431497
13245,112747 12454,872213 -10,539013
13295,112747 12454,872213 -9,652825
13345,112747 12454,872213 -8,774232
13395,112747 12454,872213 -7,904420
13445,112747 12454,872213 -7,044463
13495,112747 12454,872213 -6,195316
13545,112747 12454,872213 -5,357822
13595,112747 12454,872213 -0,681123
13645,112747 12454,872213 0,185752
13695,112747 12454,872213 1,038211
13745,112747 12454,872213 1,875862
13795,112747 12454,872213 2,698416
13845,112747 12454,872213 3,505680
13895,112747 12454,872213 4,297549
13945,112747 12454,872213 5,074005
13995,112747 12454,872213 5,835101
6545,112747 12504,872213 102,743993
6595,112747 12504,872213 99,291386
6645,112747 12504,872213 80,255315
6695,112747 12504,872213 77,205730
6745,112747 12504,872213 74,289458
6795,112747 12504,872213 71,521421
6845,112747 12504,872213 68,916013
6895,112747 12504,872213 66,486906
6945,112747 12504,872213 64,246867
6995,112747 12504,872213 62,207565
7045,112747 12504,872213 60,379397
7095,112747 12504,872213 58,771323
7145,112747 12504,872213 57,390719
7195,112747 12504,872213 56,243252
7245,112747 12504,872213 55,332779
7295,112747 12504,872213 54,661285
7345,112747 12504,872213 54,228844
7395,112747 12504,872213 54,033620
7445,112747 12504,872213 54,071911
7495,112747 12504,872213 54,338218
7545,112747 12504,872213 54,825359
7595,112747 12504,872213 54,384428
7645,112747 12504,872213 55,265804
7695,112747 12504,872213 56,333961
7745,112747 12504,872213 57,577057
7795,112747 12504,872213 58,982571
7845,112747 12504,872213 60,537547
7895,112747 12504,872213 62,228828
7945,112747 12504,872213 64,043287
7995,112747 12504,872213 65,968050
8045,112747 12504,872213 67,990688
8095,112747 12504,872213 70,099395
8145,112747 12504,872213 72,283127
8195,112747 12504,872213 74,531719
8245,112747 12504,872213 76,835953
8295,112747 12504,872213 79,187596
8345,112747 12504,872213 81,579396
8395,112747 12504,872213 84,005037
8445,112747 12504,872213 86,459046
8495,112747 12504,872213 88,936670
8545,112747 12504,872213 91,433703
8595,112747 12504,872213 93,946271
8645,112747 12504,872213 96,470578
8695,112747 12504,872213 99,002620
8745,112747 12504,872213 101,537851
8795,112747 12504,872213 104,070826
8845,112747 12504,872213 106,594816
8895,112747 12504,872213 109,101405
8945,112747 12504,872213 111,580081
8995,112747 12504,872213 112,223976
9045,112747 12504,872213 114,600502
9095,112747 12504,872213 116,903714
9145,112747 12504,872213 119,110982
9195,112747 12504,872213 121,196146
9245,112747 12504,872213 123,129582
9295,112747 12504,872213 124,878463
9345,112747 12504,872213 126,407226
9395,112747 12504,872213 127,678284
9445,112747 12504,872213 128,652952
9495,112747 12504,872213 129,292587
9545,112747 12504,872213 129,559870
9595,112747 12504,872213 129,420180
9645,112747 12504,872213 128,842959
9695,112747 12504,872213 127,802982
9745,112747 12504,872213 126,281438
9795,112747 12504,872213 124,266740
9845,112747 12504,872213 121,755033
9895,112747 12504,872213 118,750347
9945,112747 12504,872213 115,264451
9995,112747 12504,872213 111,316414
10045,112747 12504,872213 106,931965
10095,112747 12504,872213 102,142709
10145,112747 12504,872213 96,985283
10195,112747 12504,872213 91,500518
10245,112747 12504,872213 85,732639
10295,112747 12504,872213 79,728546
10345,112747 12504,872213 73,537174
10395,112747 12504,872213 67,208923
10445,112747 12504,872213 60,795134
10495,112747 12504,872213 54,347586
10545,112747 12504,872213 47,917977
10595,112747 12504,872213 41,557369
10645,112747 12504,872213 35,315572
10695,112747 12504,872213 29,240472
10745,112747 12504,872213 23,377296
10795,112747 12504,872213 17,767841
10845,112747 12504,872213 12,449704
10895,112747 12504,872213 7,455548
10945,112747 12504,872213 2,812446
10995,112747 12504,872213 -1,458631
11045,112747 12504,872213 -5,343161
11095,112747 12504,872213 -8,833209
11145,112747 12504,872213 -11,927339
11195,112747 12504,872213 -14,630298
11245,112747 12504,872213 -16,952499
11295,112747 12504,872213 -18,909316
11345,112747 12504,872213 -20,520251
11395,112747 12504,872213 -21,808009
11445,112747 12504,872213 -22,797558
11495,112747 12504,872213 -23,515200
11545,112747 12504,872213 -23,987710
11595,112747 12504,872213 -37,717428
11645,112747 12504,872213 -37,982649
11695,112747 12504,872213 -38,103474
11745,112747 12504,872213 -38,098768
11795,112747 12504,872213 -37,985440
11845,112747 12504,872213 -37,778414
11895,112747 12504,872213 -37,490681
11945,112747 12504,872213 -37,133411
11995,112747 12504,872213 -36,716105
12045,112747 12504,872213 -36,246767
12095,112747 12504,872213 -35,732099
12145,112747 12504,872213 -35,177686
12195,112747 12504,872213 -34,588180
12245,112747 12504,872213 -33,967469
12295,112747 12504,872213 -33,318831
12345,112747 12504,872213 -26,204016
12395,112747 12504,872213 -25,399804
12445,112747 12504,872213 -24,576570
12495,112747 12504,872213 -23,736504
12545,112747 12504,872213 -22,881619
12595,112747 12504,872213 -22,013799
12645,112747 12504,872213 -21,134844
12695,112747 12504,872213 -20,246488
12745,112747 12504,872213 -19,350428
12795,112747 12504,872213 -18,448325
12845,112747 12504,872213 -17,541812
12895,112747 12504,872213 -16,632493
12945,112747 12504,872213 -15,721940
12995,112747 12504,872213 -14,811686
13045,112747 12504,872213 -13,903217
13095,112747 12504,872213 -12,997966
13145,112747 12504,872213 -12,097303
13195,112747 12504,872213 -11,202528
13245,112747 12504,872213 -10,314864
13295,112747 12504,872213 -9,435450
13345,112747 12504,872213 -8,565337
13395,112747 12504,872213 -7,705483
13445,112747 12504,872213 -6,856753
13495,112747 12504,872213 -6,019911
13545,112747 12504,872213 -5,195629
13595,112747 12504,872213 -0,575031
13645,112747 12504,872213 0,275829
13695,112747 12504,872213 1,111748
13745,112747 12504,872213 1,932464
13795,112747 12504,872213 2,737806
13845,112747 12504,872213 3,527688
13895,112747 12504,872213 4,302104
13945,112747 12504,872213 5,061121
13995,112747 12504,872213 5,804872
6545,112747 12554,872213 90,188793
6595,112747 12554,872213 86,641674
6645,112747 12554,872213 68,363634
6695,112747 12554,872213 65,254551
6745,112747 12554,872213 62,291459
6795,112747 12554,872213 59,490159
6845,112747 12554,872213 56,865905
6895,112747 12554,872213 54,433197
6945,112747 12554,872213 52,205574
6995,112747 12554,872213 50,195407
7045,112747 12554,872213 48,413703
7095,112747 12554,872213 46,869916
7145,112747 12554,872213 45,571774
7195,112747 12554,872213 44,525141
7245,112747 12554,872213 43,733892
7295,112747 12554,872213 43,199829
7345,112747 12554,872213 42,922634
7395,112747 12554,872213 42,899857
7445,112747 12554,872213 43,126951
7495,112747 12554,872213 43,597347
7545,112747 12554,872213 44,302567
7595,112747 12554,872213 44,327995
7645,112747 12554,872213 45,446135
7695,112747 12554,872213 46,759778
7745,112747 12554,872213 48,255058
7795,112747 12554,872213 49,917315
7845,112747 12554,872213 51,731368
7895,112747 12554,872213 53,681782
7945,112747 12554,872213 55,753139
7995,112747 12554,872213 57,930286
8045,112747 12554,872213 60,198565
8095,112747 12554,872213 62,544011
8145,112747 12554,872213 64,953529
8195,112747 12554,872213 67,415016
8245,112747 12554,872213 69,917458
8295,112747 12554,872213 72,450979
8345,112747 12554,872213 75,006842
8395,112747 12554,872213 77,577415
8445,112747 12554,872213 80,156083
8495,112747 12554,872213 82,737126
8545,112747 12554,872213 85,315544
8595,112747 12554,872213 87,886854
8645,112747 12554,872213 90,446836
8695,112747 12554,872213 92,991251
8745,112747 12554,872213 95,515521
8795,112747 12554,872213 98,014387
8845,112747 12554,872213 100,481541
8895,112747 12554,872213 102,909252
8945,112747 12554,872213 105,287982
8995,112747 12554,872213 105,860684
9045,112747 12554,872213 108,093976
9095,112747 12554,872213 110,237766
9145,112747 12554,872213 112,271917
9195,112747 12554,872213 114,173226
9245,112747 12554,872213 115,915490
9295,112747 12554,872213 117,469745
9345,112747 12554,872213 118,804696
9395,112747 12554,872213 119,887333
9445,112747 12554,872213 120,683746
9495,112747 12554,872213 121,160101
9545,112747 12554,872213 121,283735
9595,112747 12554,872213 121,024313
9645,112747 12554,872213 120,354978
9695,112747 12554,872213 119,253403
9745,112747 12554,872213 117,702696
9795,112747 12554,872213 115,692077
9845,112747 12554,872213 113,217308
9895,112747 12554,872213 110,280853
9945,112747 12554,872213 106,891795
9995,112747 12554,872213 103,065543
10045,112747 12554,872213 98,823381
10095,112747 12554,872213 94,191919
10145,112747 12554,872213 89,202509
10195,112747 12554,872213 83,890666
10245,112747 12554,872213 78,295527
10295,112747 12554,872213 72,459366
10345,112747 12554,872213 66,427152
10395,112747 12554,872213 60,246145
10445,112747 12554,872213 53,965496
10495,112747 12554,872213 47,635811
10545,112747 12554,872213 41,308669
10595,112747 12554,872213 35,036033
10645,112747 12554,872213 28,869572
10695,112747 12554,872213 22,859860
10745,112747 12554,872213 17,055490
10795,112747 12554,872213 11,502101
10845,112747 12554,872213 6,241390
10895,112747 12554,872213 1,310140
10945,112747 12554,872213 -3,260659
10995,112747 12554,872213 -7,446543
11045,112747 12554,872213 -11,230097
11095,112747 12554,872213 -14,601234
11145,112747 12554,872213 -17,557188
11195,112747 12554,872213 -20,102234
11245,112747 12554,872213 -22,247140
11295,112747 12554,872213 -24,008394
11345,112747 12554,872213 -25,407258
11395,112747 12554,872213 -26,468715
11445,112747 12554,872213 -27,220373
11495,112747 12554,872213 -27,691395
11545,112747 12554,872213 -27,911498
11595,112747 12554,872213 -40,656804
11645,112747 12554,872213 -40,694692
11695,112747 12554,872213 -40,592455
11745,112747 12554,872213 -40,370631
11795,112747 12554,872213 -40,047555
11845,112747 12554,872213 -39,639332
11895,112747 12554,872213 -39,159883
11945,112747 12554,872213 -38,621078
11995,112747 12554,872213 -38,032899
12045,112747 12554,872213 -37,403638
12095,112747 12554,872213 -36,740115
12145,112747 12554,872213 -36,047885
12195,112747 12554,872213 -35,331445
12245,112747 12554,872213 -34,594426
12295,112747 12554,872213 -33,839766
12345,112747 12554,872213 -26,681171
12395,112747 12554,872213 -25,780050
12445,112747 12554,872213 -24,869731
12495,112747 12554,872213 -23,951880
12545,112747 12554,872213 -23,027962
12595,112747 12554,872213 -22,099312
12645,112747 12554,872213 -21,167173
12695,112747 12554,872213 -20,232736
12745,112747 12554,872213 -19,297161
12795,112747 12554,872213 -18,361595
12845,112747 12554,872213 -17,427171
12895,112747 12554,872213 -16,495022
12945,112747 12554,872213 -15,566266
12995,112747 12554,872213 -14,642011
13045,112747 12554,872213 -13,723344
13095,112747 12554,872213 -12,811323
13145,112747 12554,872213 -11,906969
13195,112747 12554,872213 -11,011257
13245,112747 12554,872213 -10,125108
13295,112747 12554,872213 -9,249384
13345,112747 12554,872213 -8,384879
13395,112747 12554,872213 -7,532316
13445,112747 12554,872213 -6,692341
13495,112747 12554,872213 -5,865520
13545,112747 12554,872213 -5,052341
13595,112747 12554,872213 -0,488193
13645,112747 12554,872213 0,348478
13695,112747 12554,872213 1,169529
13745,112747 12554,872213 1,974838
13795,112747 12554,872213 2,764362
13845,112747 12554,872213 3,538133
13895,112747 12554,872213 4,296250
13945,112747 12554,872213 5,038877
13995,112747 12554,872213 5,766235
6545,112747 12604,872213 77,727367
6595,112747 12604,872213 74,073333
6645,112747 12604,872213 56,535107
6695,112747 12604,872213 53,352567
6745,112747 12604,872213 50,328126
6795,112747 12604,872213 47,478578
6845,112747 12604,872213 44,820165
6895,112747 12604,872213 42,368356
6945,112747 12604,872213 40,137616
6995,112747 12604,872213 38,141183
7045,112747 12604,872213 36,390839
7095,112747 12604,872213 34,896702
7145,112747 12604,872213 33,667027
7195,112747 12604,872213 32,708037
7245,112747 12604,872213 32,023777
7295,112747 12604,872213 31,616009
7345,112747 12604,872213 31,484142
7395,112747 12604,872213 31,625210
7445,112747 12604,872213 32,033895
7495,112747 12604,872213 32,702599
7545,112747 12604,872213 33,621561
7595,112747 12604,872213 34,103364
7645,112747 12604,872213 35,457246
7695,112747 12604,872213 37,016654
7745,112747 12604,872213 38,765589
7795,112747 12604,872213 40,687120
7845,112747 12604,872213 42,763689
7895,112747 12604,872213 44,977425
7945,112747 12604,872213 47,310449
7995,112747 12604,872213 49,745159
8045,112747 12604,872213 52,264498
8095,112747 12604,872213 54,852190
8145,112747 12604,872213 57,492937
8195,112747 12604,872213 60,172573
8245,112747 12604,872213 62,878182
8295,112747 12604,872213 65,598155
8345,112747 12604,872213 68,322213
8395,112747 12604,872213 71,041373
8445,112747 12604,872213 73,747870
8495,112747 12604,872213 76,435034
8545,112747 12604,872213 79,097122
8595,112747 12604,872213 81,729110
8645,112747 12604,872213 84,326452
8695,112747 12604,872213 86,884792
8745,112747 12604,872213 89,399664
8795,112747 12604,872213 91,866155
8845,112747 12604,872213 94,278554
8895,112747 12604,872213 96,629997
8945,112747 12604,872213 98,912113
8995,112747 12604,872213 99,429178
9045,112747 12604,872213 101,525529
9095,112747 12604,872213 103,517505
9145,112747 12604,872213 105,387583
9195,112747 12604,872213 107,115584
9245,112747 12604,872213 108,678736
9295,112747 12604,872213 110,051879
9345,112747 12604,872213 111,207838
9395,112747 12604,872213 112,117955
9445,112747 12604,872213 112,752781
9495,112747 12604,872213 113,082901
9545,112747 12604,872213 113,079856
9595,112747 12604,872213 112,717109
9645,112747 12604,872213 111,970996
9695,112747 12604,872213 110,821609
9745,112747 12604,872213 109,253537
9795,112747 12604,872213 107,256446
9845,112747 12604,872213 104,825452
9895,112747 12604,872213 101,961291
9945,112747 12604,872213 98,670311
9995,112747 12604,872213 94,964302
10045,112747 12604,872213 90,860227
10095,112747 12604,872213 86,379881
10145,112747 12604,872213 81,549545
10195,112747 12604,872213 76,399642
10245,112747 12604,872213 70,964433
10295,112747 12604,872213 65,281754
10345,112747 12604,872213 59,392773
10395,112747 12604,872213 53,341749
10445,112747 12604,872213 47,175761
10495,112747 12604,872213 40,944365
10545,112747 12604,872213 34,699150
10595,112747 12604,872213 28,493145
10645,112747 12604,872213 22,380082
10695,112747 12604,872213 16,413490
10745,112747 12604,872213 10,645638
10795,112747 12604,872213 5,126374
10845,112747 12604,872213 -0,098108
10895,112747 12604,872213 -4,986489
10945,112747 12604,872213 -9,503465
10995,112747 12604,872213 -13,620715
11045,112747 12604,872213 -17,317634
11095,112747 12604,872213 -20,581766
11145,112747 12604,872213 -23,408901
11195,112747 12604,872213 -25,802819
11245,112747 12604,872213 -27,774721
11295,112747 12604,872213 -29,342367
11345,112747 12604,872213 -30,529006
11395,112747 12604,872213 -31,362164
11445,112747 12604,872213 -31,872385
11495,112747 12604,872213 -32,091983
11545,112747 12604,872213 -32,053901
11595,112747 12604,872213 -43,774603
11645,112747 12604,872213 -43,580920
11695,112747 12604,872213 -43,250985
11745,112747 12604,872213 -42,807120
11795,112747 12604,872213 -42,269179
11845,112747 12604,872213 -41,654507
11895,112747 12604,872213 -40,978009
11945,112747 12604,872213 -40,252286
11995,112747 12604,872213 -39,487825
12045,112747 12604,872213 -38,693226
12095,112747 12604,872213 -37,875435
12145,112747 12604,872213 -37,039988
12195,112747 12604,872213 -36,191237
12245,112747 12604,872213 -35,332562
12295,112747 12604,872213 -34,466568
12345,112747 12604,872213 -27,268125
12395,112747 12604,872213 -26,264446
12445,112747 12604,872213 -25,261490
12495,112747 12604,872213 -24,260407
12545,112747 12604,872213 -23,262130
12595,112747 12604,872213 -22,267452
12645,112747 12604,872213 -21,277075
12695,112747 12604,872213 -20,291656
12745,112747 12604,872213 -19,311829
12795,112747 12604,872213 -18,338233
12845,112747 12604,872213 -17,371511
12895,112747 12604,872213 -16,412325
12945,112747 12604,872213 -15,461350
12995,112747 12604,872213 -14,519270
13045,112747 12604,872213 -13,586774
13095,112747 12604,872213 -12,664544
13145,112747 12604,872213 -11,753252
13195,112747 12604,872213 -10,853546
13245,112747 12604,872213 -9,966043
13295,112747 12604,872213 -9,091324
13345,112747 12604,872213 -8,229920
13395,112747 12604,872213 -7,382312
13445,112747 12604,872213 -6,548923
13495,112747 12604,872213 -5,730115
13545,112747 12604,872213 -4,926183
13595,112747 12604,872213 -0,418930
13645,112747 12604,872213 0,405151
13695,112747 12604,872213 1,212801
13745,112747 12604,872213 2,004046
13795,112747 12604,872213 2,778980
13845,112747 12604,872213 3,537758
13895,112747 12604,872213 4,280595
13945,112747 12604,872213 5,007760
13995,112747 12604,872213 5,719567
6545,112747 12654,872213 65,366179
6595,112747 12654,872213 61,592792
6645,112747 12654,872213 44,772971
6695,112747 12654,872213 41,502831
6745,112747 12654,872213 38,402289
6795,112747 12654,872213 35,489246
6845,112747 12654,872213 32,781062
6895,112747 12654,872213 30,294320
6945,112747 12654,872213 28,044572
6995,112747 12654,872213 26,046092
7045,112747 12654,872213 24,311616
7095,112747 12654,872213 22,852110
7145,112747 12654,872213 21,676537
7195,112747 12654,872213 20,791659
7245,112747 12654,872213 20,201863
7295,112747 12654,872213 19,909024
7345,112747 12654,872213 19,912416
7395,112747 12654,872213 20,208671
7445,112747 12654,872213 20,791783
7495,112747 12654,872213 21,653180
7545,112747 12654,872213 22,781840
7595,112747 12654,872213 23,709357
7645,112747 12654,872213 25,298559
7695,112747 12654,872213 27,104745
7745,112747 12654,872213 29,109669
7795,112747 12654,872213 31,293988
7845,112747 12654,872213 33,637611
7895,112747 12654,872213 36,120057
7945,112747 12654,872213 38,720800
7995,112747 12654,872213 41,419609
8045,112747 12654,872213 44,196849
8095,112747 12654,872213 47,033759
8145,112747 12654,872213 49,912683
8195,112747 12654,872213 52,817258
8245,112747 12654,872213 55,732544
8295,112747 12654,872213 58,645115
8345,112747 12654,872213 61,543082
8395,112747 12654,872213 64,416076
8445,112747 12654,872213 67,255174
8495,112747 12654,872213 70,052777
8545,112747 12654,872213 72,802446
8595,112747 12654,872213 75,498693
8645,112747 12654,872213 78,136741
8695,112747 12654,872213 80,712243
8745,112747 12654,872213 83,220986
8795,112747 12654,872213 85,658559
8845,112747 12654,872213 88,020021
8895,112747 12654,872213 90,299558
8945,112747 12654,872213 92,490145
8995,112747 12654,872213 92,968123
9045,112747 12654,872213 94,935509
9095,112747 12654,872213 96,784914
9145,112747 12654,872213 98,501529
9195,112747 12654,872213 100,068251
9245,112747 12654,872213 101,465729
9295,112747 12654,872213 102,672528
9345,112747 12654,872213 103,665439
9395,112747 12654,872213 104,419921
9445,112747 12654,872213 104,910672
9495,112747 12654,872213 105,112315
9545,112747 12654,872213 105,000157
9595,112747 12654,872213 104,550987
9645,112747 12654,872213 103,743860
9695,112747 12654,872213 102,560823
9745,112747 12654,872213 100,987538
9795,112747 12654,872213 99,013776
9845,112747 12654,872213 96,633754
9895,112747 12654,872213 93,846330
9945,112747 12654,872213 90,655062
9995,112747 12654,872213 87,068160
10045,112747 12654,872213 83,098381
10095,112747 12654,872213 78,762876
10145,112747 12654,872213 74,083055
10195,112747 12654,872213 69,084463
10245,112747 12654,872213 63,796698
10295,112747 12654,872213 58,253348
10345,112747 12654,872213 52,491942
10395,112747 12654,872213 46,553879
10445,112747 12654,872213 40,484292
10495,112747 12654,872213 34,331807
10545,112747 12654,872213 28,148155
10595,112747 12654,872213 21,987594
10645,112747 12654,872213 15,906122
10695,112747 12654,872213 9,960475
10745,112747 12654,872213 4,206915
10795,112747 12654,872213 -1,300144
10845,112747 12654,872213 -6,509615
10895,112747 12654,872213 -11,375235
10945,112747 12654,872213 -15,856984
10995,112747 12654,872213 -19,922327
11045,112747 12654,872213 -23,547176
11095,112747 12654,872213 -26,716503
11145,112747 12654,872213 -29,424543
11195,112747 12654,872213 -31,674581
11245,112747 12654,872213 -33,478343
11295,112747 12654,872213 -34,855036
11345,112747 12654,872213 -35,830135
11395,112747 12654,872213 -36,433990
11445,112747 12654,872213 -36,700372
11495,112747 12654,872213 -36,665048
11545,112747 12654,872213 -36,364457
11595,112747 12654,872213 -47,028014
11645,112747 12654,872213 -46,600140
11695,112747 12654,872213 -46,039555
11745,112747 12654,872213 -45,370463
11795,112747 12654,872213 -44,614304
11845,112747 12654,872213 -43,789719
11895,112747 12654,872213 -42,912624
11945,112747 12654,872213 -41,996374
11995,112747 12654,872213 -41,051974
12045,112747 12654,872213 -40,088335
12095,112747 12654,872213 -39,112537
12145,112747 12654,872213 -38,130096
12195,112747 12654,872213 -37,145220
12245,112747 12654,872213 -36,161046
12295,112747 12654,872213 -35,179852
12345,112747 12654,872213 -27,945099
12395,112747 12654,872213 -26,834662
12445,112747 12654,872213 -25,734886
12495,112747 12654,872213 -24,646419
12545,112747 12654,872213 -23,569677
12595,112747 12654,872213 -22,504924
12645,112747 12654,872213 -21,452334
12695,112747 12654,872213 -20,412041
12745,112747 12654,872213 -19,384168
12795,112747 12654,872213 -18,368854
12845,112747 12654,872213 -17,366265
12895,112747 12654,872213 -16,376600
12945,112747 12654,872213 -15,400096
12995,112747 12654,872213 -14,437020
13045,112747 12654,872213 -13,487666
13095,112747 12654,872213 -12,552348
13145,112747 12654,872213 -11,631387
13195,112747 12654,872213 -10,725105
13245,112747 12654,872213 -9,833817
13295,112747 12654,872213 -8,957817
13345,112747 12654,872213 -8,097375
13395,112747 12654,872213 -7,252724
13445,112747 12654,872213 -6,424062
13495,112747 12654,872213 -5,611539
13545,112747 12654,872213 -4,815257
13595,112747 12654,872213 -0,365444
13645,112747 12654,872213 0,447414
13695,112747 12654,872213 1,242919
13745,112747 12654,872213 2,021252
13795,112747 12654,872213 2,782649
13845,112747 12654,872213 3,527398
13895,112747 12654,872213 4,255835
13945,112747 12654,872213 4,968338
13995,112747 12654,872213 5,665325
6545,112747 12704,872213 53,113645
6595,112747 12704,872213 49,208539
6645,112747 12704,872213 33,082643
6695,112747 12704,872213 29,710663
6745,112747 12704,872213 26,519123
6795,112747 12704,872213 23,527143
6845,112747 12704,872213 20,753334
6895,112747 12704,872213 18,215540
6945,112747 12704,872213 15,930566
6995,112747 12704,872213 13,913895
7045,112747 12704,872213 12,179410
7095,112747 12704,872213 10,739118
7145,112747 12704,872213 9,602888
7195,112747 12704,872213 8,778216
7245,112747 12704,872213 8,270016
7295,112747 12704,872213 8,080451
7345,112747 12704,872213 8,208815
7395,112747 12704,872213 8,651465
7445,112747 12704,872213 9,401810
7495,112747 12704,872213 10,450373
7545,112747 12704,872213 11,784902
7595,112747 12704,872213 13,146656
7645,112747 12704,872213 14,971284
7695,112747 12704,872213 17,025932
7745,112747 12704,872213 19,289986
7795,112747 12704,872213 21,741544
7845,112747 12704,872213 24,357815
7895,112747 12704,872213 27,115518
7945,112747 12704,872213 29,991292
7995,112747 12704,872213 32,962072
8045,112747 12704,872213 36,005453
8095,112747 12704,872213 39,100006
8145,112747 12704,872213 42,225549
8195,112747 12704,872213 45,363367
8245,112747 12704,872213 48,496378
8295,112747 12704,872213 51,609237
8345,112747 12704,872213 54,688378
8395,112747 12704,872213 57,722007
8445,112747 12704,872213 60,700032
8495,112747 12704,872213 63,613943
8545,112747 12704,872213 66,456653
8595,112747 12704,872213 69,222284
8645,112747 12704,872213 71,905928
8695,112747 12704,872213 74,503366
8745,112747 12704,872213 77,010775
8795,112747 12704,872213 79,424405
8845,112747 12704,872213 81,740250
8895,112747 12704,872213 83,953717
8945,112747 12704,872213 86,059299
8995,112747 12704,872213 86,515109
9045,112747 12704,872213 88,362773
9095,112747 12704,872213 90,080031
9145,112747 12704,872213 91,654872
9195,112747 12704,872213 93,073306
9245,112747 12704,872213 94,319382
9295,112747 12704,872213 95,375305
9345,112747 12704,872213 96,221674
9395,112747 12704,872213 96,837833
9445,112747 12704,872213 97,202328
9495,112747 12704,872213 97,293458
9545,112747 12704,872213 97,089885
9595,112747 12704,872213 96,571285
9645,112747 12704,872213 95,718986
9695,112747 12704,872213 94,516568
9745,112747 12704,872213 92,950383
9795,112747 12704,872213 91,009991
9845,112747 12704,872213 88,688479
9895,112747 12704,872213 85,982679
9945,112747 12704,872213 82,893307
9995,112747 12704,872213 79,425026
10045,112747 12704,872213 75,586483
10095,112747 12704,872213 71,390343
10145,112747 12704,872213 66,853332
10195,112747 12704,872213 61,996319
10245,112747 12704,872213 56,844433
10295,112747 12704,872213 51,427197
10345,112747 12704,872213 45,778662
10395,112747 12704,872213 39,937504
10445,112747 12704,872213 33,947030
10495,112747 12704,872213 27,855052
10545,112747 12704,872213 21,713569
10595,112747 12704,872213 15,578217
10645,112747 12704,872213 9,507454
10695,112747 12704,872213 3,561461
10745,112747 12704,872213 -2,199213
10795,112747 12704,872213 -7,715245
10845,112747 12704,872213 -12,930276
10895,112747 12704,872213 -17,792703
10945,112747 12704,872213 -22,257409
10995,112747 12704,872213 -26,287303
11045,112747 12704,872213 -29,854535
11095,112747 12704,872213 -32,941314
11145,112747 12704,872213 -35,540229
11195,112747 12704,872213 -37,654079
11245,112747 12704,872213 -39,295218
11295,112747 12704,872213 -40,484487
11345,112747 12704,872213 -41,249825
11395,112747 12704,872213 -41,624680
11445,112747 12704,872213 -41,646342
11495,112747 12704,872213 -41,354305
11545,112747 12704,872213 -40,788760
11595,112747 12704,872213 -50,371910
11645,112747 12704,872213 -49,709145
11695,112747 12704,872213 -48,916934
11745,112747 12704,872213 -48,021434
11795,112747 12704,872213 -47,045723
11845,112747 12704,872213 -46,009766
11895,112747 12704,872213 -44,930510
11945,112747 12704,872213 -43,822069
11995,112747 12704,872213 -42,695969
12045,112747 12704,872213 -41,561427
12095,112747 12704,872213 -40,425653
12145,112747 12704,872213 -39,294143
12195,112747 12704,872213 -38,170959
12245,112747 12704,872213 -37,058994
12295,112747 12704,872213 -35,960205
12345,112747 12704,872213 -28,692249
12395,112747 12704,872213 -27,472318
12445,112747 12704,872213 -26,272922
12495,112747 12704,872213 -25,094222
12545,112747 12704,872213 -23,936131
12595,112747 12704,872213 -22,798402
12645,112747 12704,872213 -21,680697
12695,112747 12704,872213 -20,582642
12745,112747 12704,872213 -19,503864
12795,112747 12704,872213 -18,444018
12845,112747 12704,872213 -17,402803
12895,112747 12704,872213 -16,379970
12945,112747 12704,872213 -15,375326
12995,112747 12704,872213 -14,388732
13045,112747 12704,872213 -13,420094
13095,112747 12704,872213 -12,469361
13145,112747 12704,872213 -11,536512
13195,112747 12704,872213 -10,621546
13245,112747 12704,872213 -9,724474
13295,112747 12704,872213 -8,845310
13345,112747 12704,872213 -7,984056
13395,112747 12704,872213 -7,140704
13445,112747 12704,872213 -6,315218
13495,112747 12704,872213 -5,507537
13545,112747 12704,872213 -4,717566
13595,112747 12704,872213 -0,325849
13645,112747 12704,872213 0,476919
13695,112747 12704,872213 1,261320
13745,112747 12704,872213 2,027698
13795,112747 12704,872213 2,776436
13845,112747 12704,872213 3,507959
13895,112747 12704,872213 4,222730
13945,112747 12704,872213 4,921244
13995,112747 12704,872213 5,604025
6545,112747 12754,872213 40,980197
6595,112747 12754,872213 36,931202
6645,112747 12754,872213 21,471830
6695,112747 12754,872213 17,983778
6745,112747 12754,872213 14,686296
6795,112747 12754,872213 11,599831
6845,112747 12754,872213 8,744376
6895,112747 12754,872213 6,139188
6945,112747 12754,872213 3,802488
6995,112747 12754,872213 1,751159
7045,112747 12754,872213 0,000422
7095,112747 12754,872213 -1,436468
7145,112747 12754,872213 -2,548522
7195,112747 12754,872213 -3,327302
7245,112747 12754,872213 -3,767160
7295,112747 12754,872213 -3,865454
7345,112747 12754,872213 -3,622695
7395,112747 12754,872213 -3,042654
7445,112747 12754,872213 -2,132386
7495,112747 12754,872213 -0,902192
7545,112747 12754,872213 0,634493
7595,112747 12754,872213 2,418049
7645,112747 12754,872213 4,478646
7695,112747 12754,872213 6,784019
7745,112747 12754,872213 9,311068
7795,112747 12754,872213 12,035178
7845,112747 12754,872213 14,930675
7895,112747 12754,872213 17,971285
7945,112747 12754,872213 21,130597
7995,112747 12754,872213 24,382504
8045,112747 12754,872213 27,701619
8095,112747 12754,872213 31,063643
8145,112747 12754,872213 34,445686
8195,112747 12754,872213 37,826524
8245,112747 12754,872213 41,186795
8295,112747 12754,872213 44,509126
8345,112747 12754,872213 47,778199
8395,112747 12754,872213 50,980749
8445,112747 12754,872213 54,105499
8495,112747 12754,872213 57,143049
8545,112747 12754,872213 60,085705
8595,112747 12754,872213 62,927270
8645,112747 12754,872213 65,662799
8695,112747 12754,872213 68,288320
8745,112747 12754,872213 70,800535
8795,112747 12754,872213 73,196500
8845,112747 12754,872213 75,473302
8895,112747 12754,872213 77,627733
8945,112747 12754,872213 79,655965
8995,112747 12754,872213 80,106332
9045,112747 12754,872213 81,844394
9095,112747 12754,872213 83,440692
9145,112747 12754,872213 84,886083
9195,112747 12754,872213 86,169715
9245,112747 12754,872213 87,279012
9295,112747 12754,872213 88,199733
9345,112747 12754,872213 88,916134
9395,112747 12754,872213 89,411228
9445,112747 12754,872213 89,667130
9495,112747 12754,872213 89,665478
9545,112747 12754,872213 89,387917
9595,112747 12754,872213 88,816612
9645,112747 12754,872213 87,934758
9695,112747 12754,872213 86,727081
9745,112747 12754,872213 85,180282
9795,112747 12754,872213 83,283421
9845,112747 12754,872213 81,028237
9895,112747 12754,872213 78,409408
9945,112747 12754,872213 75,424751
9995,112747 12754,872213 72,075403
10045,112747 12754,872213 68,365995
10095,112747 12754,872213 64,304838
10145,112747 12754,872213 59,904145
10195,112747 12754,872213 55,180295
10245,112747 12754,872213 50,154129
10295,112747 12754,872213 44,851275
10345,112747 12754,872213 39,302458
10395,112747 12754,872213 33,543760
10445,112747 12754,872213 27,616777
10495,112747 12754,872213 21,568611
10545,112747 12754,872213 15,451641
10595,112747 12754,872213 9,323016
10645,112747 12754,872213 3,243819
10695,112747 12754,872213 -2,722107
10745,112747 12754,872213 -8,509667
10795,112747 12754,872213 -14,054317
10845,112747 12754,872213 -19,294082
10895,112747 12754,872213 -24,171661
10945,112747 12754,872213 -28,636492
10995,112747 12754,872213 -32,646612
11045,112747 12754,872213 -36,170164
11095,112747 12754,872213 -39,186423
11145,112747 12754,872213 -41,686262
11195,112747 12754,872213 -43,672015
11245,112747 12754,872213 -45,156775
11295,112747 12754,872213 -46,163195
11345,112747 12754,872213 -46,721907
11395,112747 12754,872213 -46,869716
11445,112747 12754,872213 -46,647685
11495,112747 12754,872213 -46,099280
11545,112747 12754,872213 -45,268661
11595,112747 12754,872213 -53,759088
11645,112747 12754,872213 -52,862956
11695,112747 12754,872213 -51,840404
11745,112747 12754,872213 -50,719591
11795,112747 12754,872213 -49,525254
11845,112747 12754,872213 -48,278694
11895,112747 12754,872213 -46,997888
11945,112747 12754,872213 -45,697702
11995,112747 12754,872213 -44,390171
12045,112747 12754,872213 -43,084813
12095,112747 12754,872213 -41,788957
12145,112747 12754,872213 -40,508072
12195,112747 12754,872213 -39,246076
12245,112747 12754,872213 -38,005619
12295,112747 12754,872213 -36,788341
12345,112747 12754,872213 -29,489822
12395,112747 12754,872213 -28,159138
12445,112747 12754,872213 -26,858707
12495,112747 12754,872213 -25,588224
12545,112747 12754,872213 -24,347116
12595,112747 12754,872213 -23,134647
12645,112747 12754,872213 -21,949985
12695,112747 12754,872213 -20,792270
12745,112747 12754,872213 -19,660651
12795,112747 12754,872213 -18,554317
12845,112747 12754,872213 -17,472516
12895,112747 12754,872213 -16,414566
12945,112747 12754,872213 -15,379860
12995,112747 12754,872213 -14,367861
13045,112747 12754,872213 -13,378103
13095,112747 12754,872213 -12,410177
13145,112747 12754,872213 -11,463725
13195,112747 12754,872213 -10,538431
13245,112747 12754,872213 -9,634009
13295,112747 12754,872213 -8,750190
13345,112747 12754,872213 -7,886720
13395,112747 12754,872213 -7,043341
13445,112747 12754,872213 -6,219791
13495,112747 12754,872213 -5,415793
13545,112747 12754,872213 -4,631054
13595,112747 12754,872213 -0,298203
13645,112747 12754,872213 0,495372
13695,112747 12754,872213 1,269498
13745,112747 12754,872213 2,024682
13795,112747 12754,872213 2,761460
13845,112747 12754,872213 3,480400
13895,112747 12754,872213 4,182093
13945,112747 12754,872213 4,867157
13995,112747 12754,872213 5,536227
6545,112747 12804,872213 28,978325
6595,112747 12804,872213 24,773605
6645,112747 12804,872213 9,950632
6695,112747 12804,872213 6,332407
6745,112747 12804,872213 2,914106
6795,112747 12804,872213 -0,282389
6845,112747 12804,872213 -3,235577
6895,112747 12804,872213 -5,924641
6945,112747 12804,872213 -8,329769
6995,112747 12804,872213 -10,432498
7045,112747 12804,872213 -12,216058
7095,112747 12804,872213 -13,665730
7145,112747 12804,872213 -14,769184
7195,112747 12804,872213 -15,516808
7245,112747 12804,872213 -15,902002
7295,112747 12804,872213 -15,921428
7345,112747 12804,872213 -15,575213
7395,112747 12804,872213 -14,867080
7445,112747 12804,872213 -13,804413
7495,112747 12804,872213 -12,398233
7545,112747 12804,872213 -10,663096
7595,112747 12804,872213 -8,471287
7645,112747 12804,872213 -6,173859
7695,112747 12804,872213 -3,615029
7745,112747 12804,872213 -0,820510
7795,112747 12804,872213 2,182215
7845,112747 12804,872213 5,364401
7895,112747 12804,872213 8,696568
7945,112747 12804,872213 12,149032
7995,112747 12804,872213 15,692415
8045,112747 12804,872213 19,298120
8095,112747 12804,872213 22,938766
8145,112747 12804,872213 26,588555
8195,112747 12804,872213 30,223577
8245,112747 12804,872213 33,822043
8295,112747 12804,872213 37,364437
8345,112747 12804,872213 40,833603
8395,112747 12804,872213 44,214749
8445,112747 12804,872213 47,495397
8495,112747 12804,872213 50,665263
8545,112747 12804,872213 53,716087
8595,112747 12804,872213 56,641420
8645,112747 12804,872213 59,436372
8695,112747 12804,872213 62,097324
8745,112747 12804,872213 64,621630
8795,112747 12804,872213 67,007295
8845,112747 12804,872213 69,252647
8895,112747 12804,872213 71,356011
8945,112747 12804,872213 73,315389
8995,112747 12804,872213 73,776348
9045,112747 12804,872213 75,415458
9095,112747 12804,872213 76,902372
9145,112747 12804,872213 78,230875
9195,112747 12804,872213 79,393279
9245,112747 12804,872213 80,380354
9295,112747 12804,872213 81,181331
9345,112747 12804,872213 81,783987
9395,112747 12804,872213 82,174809
9445,112747 12804,872213 82,339228
9495,112747 12804,872213 82,261925
9545,112747 12804,872213 81,927194
9595,112747 12804,872213 81,319328
9645,112747 12804,872213 80,423039
9695,112747 12804,872213 79,223854
9745,112747 12804,872213 77,708513
9795,112747 12804,872213 75,865323
9845,112747 12804,872213 73,684484
9895,112747 12804,872213 71,158391
9945,112747 12804,872213 68,281916
9995,112747 12804,872213 65,052689
10045,112747 12804,872213 61,471398
10095,112747 12804,872213 57,542124
10145,112747 12804,872213 53,272718
10195,112747 12804,872213 48,675237
10245,112747 12804,872213 43,766405
10295,112747 12804,872213 38,568115
10345,112747 12804,872213 33,107906
10395,112747 12804,872213 27,419387
10445,112747 12804,872213 21,542545
10495,112747 12804,872213 15,523870
10545,112747 12804,872213 9,416216
10595,112747 12804,872213 3,278350
10645,112747 12804,872213 -2,825881
10695,112747 12804,872213 -8,828799
10745,112747 12804,872213 -14,660546
10795,112747 12804,872213 -20,251102
10845,112747 12804,872213 -25,532587
10895,112747 12804,872213 -30,441701
10945,112747 12804,872213 -34,922143
10995,112747 12804,872213 -38,926819
11045,112747 12804,872213 -42,419659
11095,112747 12804,872213 -45,376875
11145,112747 12804,872213 -47,787572
11195,112747 12804,872213 -49,653657
11245,112747 12804,872213 -50,989067
11295,112747 12804,872213 -51,818433
11345,112747 12804,872213 -52,175282
11395,112747 12804,872213 -52,099987
11445,112747 12804,872213 -51,637598
11495,112747 12804,872213 -50,835743
11545,112747 12804,872213 -49,742706
11595,112747 12804,872213 -57,140661
11645,112747 12804,872213 -56,015203
11695,112747 12804,872213 -54,766138
11745,112747 12804,872213 -53,423632
11795,112747 12804,872213 -52,014083
11845,112747 12804,872213 -50,560113
11895,112747 12804,872213 -49,080710
11945,112747 12804,872213 -47,591476
11995,112747 12804,872213 -46,104934
12045,112747 12804,872213 -44,630887
12095,112747 12804,872213 -43,176775
12145,112747 12804,872213 -41,748036
12195,112747 12804,872213 -40,348440
12245,112747 12804,872213 -38,980401
12295,112747 12804,872213 -37,645252
12345,112747 12804,872213 -30,318334
12395,112747 12804,872213 -28,877110
12445,112747 12804,872213 -27,475607
12495,112747 12804,872213 -26,113075
12545,112747 12804,872213 -24,788483
12595,112747 12804,872213 -23,500626
12645,112747 12804,872213 -22,248208
12695,112747 12804,872213 -21,029905
12745,112747 12804,872213 -19,844410
12795,112747 12804,872213 -18,690469
12845,112747 12804,872213 -17,566900
12895,112747 12804,872213 -16,472608
12945,112747 12804,872213 -15,406586
12995,112747 12804,872213 -14,367920
13045,112747 12804,872213 -13,355779
13095,112747 12804,872213 -12,369413
13145,112747 12804,872213 -11,408137
13195,112747 12804,872213 -10,471328
13245,112747 12804,872213 -9,558409
13295,112747 12804,872213 -8,668838
13345,112747 12804,872213 -7,802102
13395,112747 12804,872213 -6,957703
13445,112747 12804,872213 -6,135152
13495,112747 12804,872213 -5,333959
13545,112747 12804,872213 -4,553630
13595,112747 12804,872213 -0,280537
13645,112747 12804,872213 0,504509
13695,112747 12804,872213 1,268974
13745,112747 12804,872213 2,013531
13795,112747 12804,872213 2,738872
13845,112747 12804,872213 3,445708
13895,112747 12804,872213 4,134767
13945,112747 12804,872213 4,806790
13995,112747 12804,872213 5,462526
6545,112747 12854,872213 17,122607
6595,112747 12854,872213 12,750808
6645,112747 12854,872213 -1,468377
6695,112747 12854,872213 -5,230601
6745,112747 12854,872213 -8,784389
6795,112747 12854,872213 -12,106325
6845,112747 12854,872213 -15,173278
6895,112747 12854,872213 -17,962724
6945,112747 12854,872213 -20,453095
6995,112747 12854,872213 -22,624152
7045,112747 12854,872213 -24,457371
7095,112747 12854,872213 -25,936342
7145,112747 12854,872213 -27,047156
7195,112747 12854,872213 -27,778788
7245,112747 12854,872213 -28,123440
7295,112747 12854,872213 -28,076849
7345,112747 12854,872213 -27,638540
7395,112747 12854,872213 -26,811996
7445,112747 12854,872213 -25,604768
7495,112747 12854,872213 -24,028474
7545,112747 12854,872213 -22,098712
7595,112747 12854,872213 -19,513465
7645,112747 12854,872213 -16,978164
7695,112747 12854,872213 -14,162824
7745,112747 12854,872213 -11,095889
7795,112747 12854,872213 -7,807876
7845,112747 12854,872213 -4,330797
7895,112747 12854,872213 -0,697559
7945,112747 12854,872213 3,058643
7995,112747 12854,872213 6,904915
8045,112747 12854,872213 10,809208
8095,112747 12854,872213 14,740826
8145,112747 12854,872213 18,670848
8195,112747 12854,872213 22,572491
8245,112747 12854,872213 26,421374
8295,112747 12854,872213 30,195712
8345,112747 12854,872213 33,876411
8395,112747 12854,872213 37,447095
8445,112747 12854,872213 40,894054
8495,112747 12854,872213 44,206125
8545,112747 12854,872213 47,374515
8595,112747 12854,872213 50,392583
8645,112747 12854,872213 53,255574
8695,112747 12854,872213 55,960327
8745,112747 12854,872213 58,504967
8795,112747 12854,872213 60,888575
8845,112747 12854,872213 63,110856
8895,112747 12854,872213 65,171812
8945,112747 12854,872213 67,071408
8995,112747 12854,872213 67,557899
9045,112747 12854,872213 69,108926
9095,112747 12854,872213 70,498096
9145,112747 12854,872213 71,722181
9195,112747 12854,872213 72,776673
9245,112747 12854,872213 73,655665
9295,112747 12854,872213 74,351792
9345,112747 12854,872213 74,856231
9395,112747 12854,872213 75,158770
9445,112747 12854,872213 75,247939
9495,112747 12854,872213 75,111207
9545,112747 12854,872213 74,735221
9595,112747 12854,872213 74,106103
9645,112747 12854,872213 73,209762
9695,112747 12854,872213 72,032236
9745,112747 12854,872213 70,560035
9795,112747 12854,872213 68,780487
9845,112747 12854,872213 66,682085
9895,112747 12854,872213 64,254835
9945,112747 12854,872213 61,490616
9995,112747 12854,872213 58,383566
10045,112747 12854,872213 54,930499
10095,112747 12854,872213 51,131374
10145,112747 12854,872213 46,989825
10195,112747 12854,872213 42,513737
10245,112747 12854,872213 37,715879
10295,112747 12854,872213 32,614558
10345,112747 12854,872213 27,234261
10395,112747 12854,872213 21,606243
10445,112747 12854,872213 15,768978
10495,112747 12854,872213 9,768422
10545,112747 12854,872213 3,657982
10595,112747 12854,872213 -2,501875
10645,112747 12854,872213 -8,644444
10695,112747 12854,872213 -14,698091
10745,112747 12854,872213 -20,588040
10795,112747 12854,872213 -26,238613
10845,112747 12854,872213 -31,575816
10895,112747 12854,872213 -36,530132
10945,112747 12854,872213 -41,039308
10995,112747 12854,872213 -45,050936
11045,112747 12854,872213 -48,524589
11095,112747 12854,872213 -51,433338
11145,112747 12854,872213 -53,764506
11195,112747 12854,872213 -55,519612
11245,112747 12854,872213 -56,713542
11295,112747 12854,872213 -57,373035
11345,112747 12854,872213 -57,534670
11395,112747 12854,872213 -57,242542
11445,112747 12854,872213 -56,545827
11495,112747 12854,872213 -55,496427
11545,112747 12854,872213 -54,146831
11595,112747 12854,872213 -60,466636
11645,112747 12854,872213 -59,118669
11695,112747 12854,872213 -57,649696
11745,112747 12854,872213 -56,091864
11795,112747 12854,872213 -54,473194
11845,112747 12854,872213 -52,817594
11895,112747 12854,872213 -51,145028
11945,112747 12854,872213 -49,471801
11995,112747 12854,872213 -47,810904
12045,112747 12854,872213 -46,172404
12095,112747 12854,872213 -44,563843
12145,112747 12854,872213 -42,990623
12195,112747 12854,872213 -41,456373
12245,112747 12854,872213 -39,963279
12295,112747 12854,872213 -38,512384
12345,112747 12854,872213 -31,158750
12395,112747 12854,872213 -29,608653
12445,112747 12854,872213 -28,107394
12495,112747 12854,872213 -26,653807
12545,112747 12854,872213 -25,246433
12595,112747 12854,872213 -23,883633
12645,112747 12854,872213 -22,563671
12695,112747 12854,872213 -21,284790
12745,112747 12854,872213 -20,045258
12795,112747 12854,872213 -18,843402
12845,112747 12854,872213 -17,677637
12895,112747 12854,872213 -16,546475
12945,112747 12854,872213 -15,448533
12995,112747 12854,872213 -14,382536
13045,112747 12854,872213 -13,347309
13095,112747 12854,872213 -12,341772
13145,112747 12854,872213 -11,364929
13195,112747 12854,872213 -10,415860
13245,112747 12854,872213 -9,493706
13295,112747 12854,872213 -8,597662
13345,112747 12854,872213 -7,726962
13395,112747 12854,872213 -6,880873
13445,112747 12854,872213 -6,058681
13495,112747 12854,872213 -5,259687
13545,112747 12854,872213 -4,483200
13595,112747 12854,872213 -0,270888
13645,112747 12854,872213 0,506066
13695,112747 12854,872213 1,261274
13745,112747 12854,872213 1,995579
13795,112747 12854,872213 2,709830
13845,112747 12854,872213 3,404886
13895,112747 12854,872213 4,081609
13945,112747 12854,872213 4,740867
13995,112747 12854,872213 5,383529
6545,112747 12904,872213 5,429701
6595,112747 12904,872213 0,880126
6645,112747 12904,872213 -12,770092
6695,112747 12904,872213 -16,689699
6745,112747 12904,872213 -20,393269
6795,112747 12904,872213 -23,855763
6845,112747 12904,872213 -27,052306
6895,112747 12904,872213 -29,958527
6945,112747 12904,872213 -32,550938
6995,112747 12904,872213 -34,807333
7045,112747 12904,872213 -36,707222
7095,112747 12904,872213 -38,232271
7145,112747 12904,872213 -39,366747
7195,112747 12904,872213 -40,097953
7245,112747 12904,872213 -40,416638
7295,112747 12904,872213 -40,317361
7345,112747 12904,872213 -39,798800
7395,112747 12904,872213 -38,863989
7445,112747 12904,872213 -37,520456
7495,112747 12904,872213 -35,780271
7545,112747 12904,872213 -33,659971
7595,112747 12904,872213 -30,697520
7645,112747 12904,872213 -27,923295
7695,112747 12904,872213 -24,848240
7745,112747 12904,872213 -21,503654
7795,112747 12904,872213 -17,923251
7845,112747 12904,872213 -14,142512
7895,112747 12904,872213 -10,198002
7945,112747 12904,872213 -6,126677
7995,112747 12904,872213 -1,965210
8045,112747 12904,872213 2,250642
8095,112747 12904,872213 6,486616
8145,112747 12904,872213 10,710442
8195,112747 12904,872213 14,892254
8245,112747 12904,872213 19,004909
8295,112747 12904,872213 23,024205
8345,112747 12904,872213 26,929008
8395,112747 12904,872213 30,701285
8445,112747 12904,872213 34,326058
8495,112747 12904,872213 37,791278
8545,112747 12904,872213 41,087648
8595,112747 12904,872213 44,208384
8645,112747 12904,872213 47,148940
8695,112747 12904,872213 49,906708
8745,112747 12904,872213 52,480690
8795,112747 12904,872213 54,871163
8845,112747 12904,872213 57,079335
8895,112747 12904,872213 59,107008
8945,112747 12904,872213 60,956239
8995,112747 12904,872213 61,481785
9045,112747 12904,872213 62,955560
9095,112747 12904,872213 64,258427
9145,112747 12904,872213 65,390193
9195,112747 12904,872213 66,349551
9245,112747 12904,872213 67,133902
9295,112747 12904,872213 67,739225
9345,112747 12904,872213 68,159999
9395,112747 12904,872213 68,389172
9445,112747 12904,872213 68,418191
9495,112747 12904,872213 68,237091
9545,112747 12904,872213 67,834634
9595,112747 12904,872213 67,198508
9645,112747 12904,872213 66,315559
9695,112747 12904,872213 65,172084
9745,112747 12904,872213 63,754135
9795,112747 12904,872213 62,047872
9845,112747 12904,872213 60,039937
9895,112747 12904,872213 57,717854
9945,112747 12904,872213 55,070474
9995,112747 12904,872213 52,088456
10045,112747 12904,872213 48,764806
10095,112747 12904,872213 45,095466
10145,112747 12904,872213 41,079980
10195,112747 12904,872213 36,722213
10245,112747 12904,872213 32,031131
10295,112747 12904,872213 27,021602
10345,112747 12904,872213 21,715198
10395,112747 12904,872213 16,140929
10445,112747 12904,872213 10,335851
10495,112747 12904,872213 4,345457
10545,112747 12904,872213 -1,776237
10595,112747 12904,872213 -7,967014
10645,112747 12904,872213 -14,157262
10695,112747 12904,872213 -20,271332
10745,112747 12904,872213 -26,229456
10795,112747 12904,872213 -31,950208
10845,112747 12904,872213 -37,353377
10895,112747 12904,872213 -42,363119
10945,112747 12904,872213 -46,911127
10995,112747 12904,872213 -50,939592
11045,112747 12904,872213 -54,403680
11095,112747 12904,872213 -57,273302
11145,112747 12904,872213 -59,534019
11195,112747 12904,872213 -61,187023
11245,112747 12904,872213 -62,248225
11295,112747 12904,872213 -62,746567
11345,112747 12904,872213 -62,721765
11395,112747 12904,872213 -62,221709
11445,112747 12904,872213 -61,299746
11495,112747 12904,872213 -60,012068
11545,112747 12904,872213 -58,415354
11595,112747 12904,872213 -63,686655
11645,112747 12904,872213 -62,125981
11695,112747 12904,872213 -60,446672
11745,112747 12904,872213 -58,682787
11795,112747 12904,872213 -56,863902
11845,112747 12904,872213 -55,015151
11895,112747 12904,872213 -53,157425
11945,112747 12904,872213 -51,307688
11995,112747 12904,872213 -49,479371
12045,112747 12904,872213 -47,682789
12095,112747 12904,872213 -45,925577
12145,112747 12904,872213 -44,213105
12195,112747 12904,872213 -42,548869
12245,112747 12904,872213 -40,934846
12295,112747 12904,872213 -39,371809
12345,112747 12904,872213 -31,992667
12395,112747 12904,872213 -30,336784
12445,112747 12904,872213 -28,738400
12495,112747 12904,872213 -27,195973
12545,112747 12904,872213 -25,707652
12595,112747 12904,872213 -24,271400
12645,112747 12904,872213 -22,885080
12695,112747 12904,872213 -21,546537
12745,112747 12904,872213 -20,253644
12795,112747 12904,872213 -19,004343
12845,112747 12904,872213 -17,796673
12895,112747 12904,872213 -16,628782
12945,112747 12904,872213 -15,498937
12995,112747 12904,872213 -14,405521
13045,112747 12904,872213 -13,347037
13095,112747 12904,872213 -12,322094
13145,112747 12904,872213 -11,329399
13195,112747 12904,872213 -10,367749
13245,112747 12904,872213 -9,436018
13295,112747 12904,872213 -8,533144
13345,112747 12904,872213 -7,658120
13395,112747 12904,872213 -6,809981
13445,112747 12904,872213 -5,987798
13495,112747 12904,872213 -5,190665
13545,112747 12904,872213 -4,417696
13595,112747 12904,872213 -0,267320
13645,112747 12904,872213 0,501753
13695,112747 12904,872213 1,247906
13745,112747 12904,872213 1,972148
13795,112747 12904,872213 2,675486
13845,112747 12904,872213 3,358927
13895,112747 12904,872213 4,023472
13945,112747 12904,872213 4,670117
13995,112747 12904,872213 5,299849
6545,112747 12954,872213 -6,081680
6595,112747 12954,872213 -10,818896
6645,112747 12954,872213 -23,936838
6695,112747 12954,872213 -28,026581
6745,112747 12954,872213 -31,893669
6795,112747 12954,872213 -35,511361
6845,112747 12954,872213 -38,852934
6895,112747 12954,872213 -41,892040
6945,112747 12954,872213 -44,603112
6995,112747 12954,872213 -46,961793
7045,112747 12954,872213 -48,945414
7095,112747 12954,872213 -50,533484
7145,112747 12954,872213 -51,708189
7195,112747 12954,872213 -52,454895
7245,112747 12954,872213 -52,762621
7295,112747 12954,872213 -52,624476
7345,112747 12954,872213 -52,038035
7395,112747 12954,872213 -51,005634
7445,112747 12954,872213 -49,534573
7495,112747 12954,872213 -47,637199
7545,112747 12954,872213 -45,330865
7595,112747 12954,872213 -42,009004
7645,112747 12954,872213 -38,994983
7695,112747 12954,872213 -35,657067
7745,112747 12954,872213 -32,029518
7795,112747 12954,872213 -28,149413
7845,112747 12954,872213 -24,055905
7895,112747 12954,872213 -19,789458
7945,112747 12954,872213 -15,391051
7995,112747 12954,872213 -10,901407
8045,112747 12954,872213 -6,360268
8095,112747 12954,872213 -1,805726
8145,112747 12954,872213 2,726351
8195,112747 12954,872213 7,202796
8245,112747 12954,872213 11,593512
8295,112747 12954,872213 15,871728
8345,112747 12954,872213 20,014151
8395,112747 12954,872213 24,001008
8445,112747 12954,872213 27,816008
8495,112747 12954,872213 31,446204
8545,112747 12954,872213 34,881808
8595,112747 12954,872213 38,115936
8645,112747 12954,872213 41,144320
8695,112747 12954,872213 43,964984
8745,112747 12954,872213 46,577905
8795,112747 12954,872213 48,984662
8845,112747 12954,872213 51,188079
8895,112747 12954,872213 53,191871
8945,112747 12954,872213 55,000298
8995,112747 12954,872213 55,576777
9045,112747 12954,872213 56,983884
9095,112747 12954,872213 58,211473
9145,112747 12954,872213 59,262436
9195,112747 12954,872213 60,138688
9245,112747 12954,872213 60,840927
9295,112747 12954,872213 61,368436
9345,112747 12954,872213 61,718915
9395,112747 12954,872213 61,888361
9445,112747 12954,872213 61,870991
9495,112747 12954,872213 61,659233
9545,112747 12954,872213 61,243765
9595,112747 12954,872213 60,613628
9645,112747 12954,872213 59,756396
9695,112747 12954,872213 58,658412
9745,112747 12954,872213 57,305088
9795,112747 12954,872213 55,681260
9845,112747 12954,872213 53,771597
9895,112747 12954,872213 51,561072
9945,112747 12954,872213 49,035479
9995,112747 12954,872213 46,182025
10045,112747 12954,872213 42,989966
10095,112747 12954,872213 39,451331
10145,112747 12954,872213 35,561703
10195,112747 12954,872213 31,321076
10245,112747 12954,872213 26,734765
10295,112747 12954,872213 21,814354
10345,112747 12954,872213 16,578633
10395,112747 12954,872213 11,054489
10445,112747 12954,872213 5,277650
10495,112747 12954,872213 -0,706785
10545,112747 12954,872213 -6,844156
10595,112747 12954,872213 -13,070477
10645,112747 12954,872213 -19,313233
10695,112747 12954,872213 -25,492769
10745,112747 12954,872213 -31,524351
10795,112747 12954,872213 -37,320822
10845,112747 12954,872213 -42,795784
10895,112747 12954,872213 -47,867087
10945,112747 12954,872213 -52,460405
10995,112747 12954,872213 -56,512570
11045,112747 12954,872213 -59,974393
11095,112747 12954,872213 -62,812683
11145,112747 12954,872213 -65,011310
11195,112747 12954,872213 -66,571204
11245,112747 12954,872213 -67,509351
11295,112747 12954,872213 -67,856929
11345,112747 12954,872213 -67,656795
11395,112747 12954,872213 -66,960600
11445,112747 12954,872213 -65,825796
11495,112747 12954,872213 -64,312762
11545,112747 12954,872213 -62,482244
11595,112747 12954,872213 -66,750922
11645,112747 12954,872213 -64,990454
11695,112747 12954,872213 -63,113458
11745,112747 12954,872213 -61,155788
11795,112747 12954,872213 -59,148477
11845,112747 12954,872213 -57,117800
11895,112747 12954,872213 -55,085508
11945,112747 12954,872213 -53,069182
11995,112747 12954,872213 -51,082657
12045,112747 12954,872213 -49,136482
12095,112747 12954,872213 -47,238383
12145,112747 12954,872213 -45,393705
12195,112747 12954,872213 -43,605832
12245,112747 12954,872213 -41,876557
12295,112747 12954,872213 -40,206416
12345,112747 12954,872213 -32,802512
12395,112747 12954,872213 -31,045289
12445,112747 12954,872213 -29,353671
12495,112747 12954,872213 -27,725783
12545,112747 12954,872213 -26,159430
12595,112747 12954,872213 -24,652216
12645,112747 12954,872213 -23,201650
12695,112747 12954,872213 -21,805216
12745,112747 12954,872213 -20,460433
12795,112747 12954,872213 -19,164894
12845,112747 12954,872213 -17,916295
12895,112747 12954,872213 -16,712450
12945,112747 12954,872213 -15,551304
12995,112747 12954,872213 -14,430928
13045,112747 12954,872213 -13,349523
13095,112747 12954,872213 -12,305407
13145,112747 12954,872213 -11,297011
13195,112747 12954,872213 -10,322866
13245,112747 12954,872213 -9,381589
13295,112747 12954,872213 -8,471877
13345,112747 12954,872213 -7,592490
13395,112747 12954,872213 -6,742242
13445,112747 12954,872213 -5,919994
13495,112747 12954,872213 -5,124638
13545,112747 12954,872213 -4,355100
13595,112747 12954,872213 -0,267960
13645,112747 12954,872213 0,493232
13695,112747 12954,872213 1,230333
13745,112747 12954,872213 1,944520
13795,112747 12954,872213 2,636959
13845,112747 12954,872213 3,308802
13895,112747 12954,872213 3,961191
13945,112747 12954,872213 4,595250
13995,112747 12954,872213 5,212085
6545,112747 13004,872213 -17,390835
6595,112747 13004,872213 -22,324529
6645,112747 13004,872213 -34,948377
6695,112747 13004,872213 -39,220174
6745,112747 13004,872213 -43,263743
6795,112747 13004,872213 -47,050582
6845,112747 13004,872213 -50,552029
6895,112747 13004,872213 -53,739645
6945,112747 13004,872213 -56,585632
6995,112747 13004,872213 -59,063307
7045,112747 13004,872213 -61,147615
7095,112747 13004,872213 -62,815673
7145,112747 13004,872213 -64,047330
7195,112747 13004,872213 -64,825737
7245,112747 13004,872213 -65,137900
7295,112747 13004,872213 -64,975185
7345,112747 13004,872213 -64,333781
7395,112747 13004,872213 -63,215065
7445,112747 13004,872213 -61,625869
7495,112747 13004,872213 -59,578617
7545,112747 13004,872213 -57,091328
7595,112747 13004,872213 -53,429538
7645,112747 13004,872213 -50,175246
7695,112747 13004,872213 -46,571611
7745,112747 13004,872213 -42,655962
7795,112747 13004,872213 -38,468891
7845,112747 13004,872213 -34,053434
7895,112747 13004,872213 -29,454192
7945,112747 13004,872213 -24,716438
7995,112747 13004,872213 -19,885231
8045,112747 13004,872213 -15,004583
8095,112747 13004,872213 -10,116695
8145,112747 13004,872213 -5,261293
8195,112747 13004,872213 -0,475082
8245,112747 13004,872213 4,208685
8295,112747 13004,872213 8,760502
8345,112747 13004,872213 13,154786
8395,112747 13004,872213 17,369935
8445,112747 13004,872213 21,388283
8495,112747 13004,872213 25,195966
8545,112747 13004,872213 28,782712
8595,112747 13004,872213 32,141571
8645,112747 13004,872213 35,268603
8695,112747 13004,872213 38,162539
8745,112747 13004,872213 40,824417
8795,112747 13004,872213 43,257209
8845,112747 13004,872213 45,465453
8895,112747 13004,872213 47,454880
8945,112747 13004,872213 49,232047
8995,112747 13004,872213 49,869549
9045,112747 13004,872213 51,220169
9095,112747 13004,872213 52,382938
9145,112747 13004,872213 53,363878
9195,112747 13004,872213 54,168147
9245,112747 13004,872213 54,799741
9295,112747 13004,872213 55,261218
9345,112747 13004,872213 55,553444
9395,112747 13004,872213 55,675380
9445,112747 13004,872213 55,623903
9495,112747 13004,872213 55,393699
9545,112747 13004,872213 54,977209
9595,112747 13004,872213 54,364665
9645,112747 13004,872213 53,544196
9695,112747 13004,872213 52,502035
9745,112747 13004,872213 51,222805
9795,112747 13004,872213 49,689894
9845,112747 13004,872213 47,885910
9895,112747 13004,872213 45,793220
9945,112747 13004,872213 43,394554
9995,112747 13004,872213 40,673692
10045,112747 13004,872213 37,616216
10095,112747 13004,872213 34,210343
10145,112747 13004,872213 30,447832
10195,112747 13004,872213 26,324956
10245,112747 13004,872213 21,843544
10295,112747 13004,872213 17,012051
10345,112747 13004,872213 11,846641
10395,112747 13004,872213 6,372202
10445,112747 13004,872213 0,623235
10495,112747 13004,872213 -5,355493
10545,112747 13004,872213 -11,508649
10595,112747 13004,872213 -17,770501
10645,112747 13004,872213 -24,065680
10695,112747 13004,872213 -30,310627
10745,112747 13004,872213 -36,415761
10795,112747 13004,872213 -42,288352
10845,112747 13004,872213 -47,835979
10895,112747 13004,872213 -52,970381
10945,112747 13004,872213 -57,611398
10995,112747 13004,872213 -61,690694
11045,112747 13004,872213 -65,154896
11095,112747 13004,872213 -67,967866
11145,112747 13004,872213 -70,111897
11195,112747 13004,872213 -71,587724
11245,112747 13004,872213 -72,413432
11295,112747 13004,872213 -72,622388
11345,112747 13004,872213 -72,260490
11395,112747 13004,872213 -71,382998
11445,112747 13004,872213 -70,051267
11495,112747 13004,872213 -68,329636
11545,112747 13004,872213 -66,282663
11595,112747 13004,872213 -69,611272
11645,112747 13004,872213 -67,667064
11695,112747 13004,872213 -65,608117
11745,112747 13004,872213 -63,471921
11795,112747 13004,872213 -61,290833
11845,112747 13004,872213 -59,092166
11895,112747 13004,872213 -56,898453
11945,112747 13004,872213 -54,727837
11995,112747 13004,872213 -52,594529
12045,112747 13004,872213 -50,509298
12095,112747 13004,872213 -48,479966
12145,112747 13004,872213 -46,511873
12195,112747 13004,872213 -44,608316
12245,112747 13004,872213 -42,770942
12295,112747 13004,872213 -41,000093
12345,112747 13004,872213 -33,571721
12395,112747 13004,872213 -31,718890
12445,112747 13004,872213 -29,939115
12495,112747 13004,872213 -28,230243
12545,112747 13004,872213 -26,589782
12595,112747 13004,872213 -25,015036
12645,112747 13004,872213 -23,503201
12695,112747 13004,872213 -22,051450
12745,112747 13004,872213 -20,656992
12795,112747 13004,872213 -19,317110
12845,112747 13004,872213 -18,029196
12895,112747 13004,872213 -16,790767
12945,112747 13004,872213 -15,599474
12995,112747 13004,872213 -14,453108
13045,112747 13004,872213 -13,349592
13095,112747 13004,872213 -12,286980
13145,112747 13004,872213 -11,263445
13195,112747 13004,872213 -10,277269
13245,112747 13004,872213 -9,326834
13295,112747 13004,872213 -8,410604
13345,112747 13004,872213 -7,527121
13395,112747 13004,872213 -6,674987
13445,112747 13004,872213 -5,852861
13495,112747 13004,872213 -5,059444
13545,112747 13004,872213 -4,293475
13595,112747 13004,872213 -0,271017
13645,112747 13004,872213 0,482091
13695,112747 13004,872213 1,209958
13745,112747 13004,872213 1,913927
13795,112747 13004,872213 2,595321
13845,112747 13004,872213 3,255441
13895,112747 13004,872213 3,895565
13945,112747 13004,872213 4,516948
13995,112747 13004,872213 5,120815
6545,112747 13054,872213 -28,475182
6595,112747 13054,872213 -33,612962
6645,112747 13054,872213 -45,781955
6695,112747 13054,872213 -50,246654
6745,112747 13054,872213 -54,478664
6795,112747 13054,872213 -58,447669
6845,112747 13054,872213 -62,123002
6895,112747 13054,872213 -65,474028
6945,112747 13054,872213 -68,470590
6995,112747 13054,872213 -71,083512
7045,112747 13054,872213 -73,285156
7095,112747 13054,872213 -75,050017
7145,112747 13054,872213 -76,355354
7195,112747 13054,872213 -77,181823
7245,112747 13054,872213 -77,514119
7295,112747 13054,872213 -77,341566
7345,112747 13054,872213 -76,658663
7395,112747 13054,872213 -75,465540
7445,112747 13054,872213 -73,768297
7495,112747 13054,872213 -71,579210
7545,112747 13054,872213 -68,916780
7595,112747 13054,872213 -64,936332
7645,112747 13054,872213 -61,441926
7695,112747 13054,872213 -57,570267
7745,112747 13054,872213 -53,361837
7795,112747 13054,872213 -48,860891
7845,112747 13054,872213 -44,114541
7895,112747 13054,872213 -39,171774
7945,112747 13054,872213 -34,082426
7995,112747 13054,872213 -28,896186
8045,112747 13054,872213 -23,661633
8095,112747 13054,872213 -18,425367
8145,112747 13054,872213 -13,231246
8195,112747 13054,872213 -8,119757
8245,112747 13054,872213 -3,127527
8295,112747 13054,872213 1,713025
8345,112747 13054,872213 6,373883
8395,112747 13054,872213 10,831514
8445,112747 13054,872213 15,066815
8495,112747 13054,872213 19,064970
8545,112747 13054,872213 22,815218
8595,112747 13054,872213 26,310567
8645,112747 13054,872213 29,547451
8695,112747 13054,872213 32,525365
8745,112747 13054,872213 35,246477
8795,112747 13054,872213 37,715239
8845,112747 13054,872213 39,937984
8895,112747 13054,872213 41,922544
8945,112747 13054,872213 43,677858
8995,112747 13054,872213 44,384625
9045,112747 13054,872213 45,688428
9095,112747 13054,872213 46,796165
9145,112747 13054,872213 47,717029
9195,112747 13054,872213 48,459443
9245,112747 13054,872213 49,030708
9295,112747 13054,872213 49,436642
9345,112747 13054,872213 49,681241
9395,112747 13054,872213 49,766372
9445,112747 13054,872213 49,691497
9495,112747 13054,872213 49,453462
9545,112747 13054,872213 49,046364
9595,112747 13054,872213 48,461501
9645,112747 13054,872213 47,687438
9695,112747 13054,872213 46,710176
9745,112747 13054,872213 45,513443
9795,112747 13054,872213 44,079091
9845,112747 13054,872213 42,387607
9895,112747 13054,872213 40,418720
9945,112747 13054,872213 38,152103
9995,112747 13054,872213 35,568152
10045,112747 13054,872213 32,648857
10095,112747 13054,872213 29,378739
10145,112747 13054,872213 25,745873
10195,112747 13054,872213 21,742977
10245,112747 13054,872213 17,368567
10295,112747 13054,872213 12,628152
10345,112747 13054,872213 7,535430
10395,112747 13054,872213 2,113440
10445,112747 13054,872213 -3,604436
10495,112747 13054,872213 -9,573696
10545,112747 13054,872213 -15,738325
10595,112747 13054,872213 -22,030889
10645,112747 13054,872213 -28,373285
10695,112747 13054,872213 -34,678223
10745,112747 13054,872213 -40,851517
10795,112747 13054,872213 -46,795159
10845,112747 13054,872213 -52,411045
10895,112747 13054,872213 -57,605159
10945,112747 13054,872213 -62,291877
10995,112747 13054,872213 -66,398040
11045,112747 13054,872213 -69,866403
11095,112747 13054,872213 -72,658129
11145,112747 13054,872213 -74,754093
11195,112747 13054,872213 -76,154913
11245,112747 13054,872213 -76,879735
11295,112747 13054,872213 -76,963994
11345,112747 13054,872213 -76,456409
11395,112747 13054,872213 -75,415560
11445,112747 13054,872213 -73,906367
11495,112747 13054,872213 -71,996756
11545,112747 13054,872213 -69,754721
11595,112747 13054,872213 -72,222355
11645,112747 13054,872213 -70,113516
11695,112747 13054,872213 -67,891339
11745,112747 13054,872213 -65,594751
11795,112747 13054,872213 -63,257275
11845,112747 13054,872213 -60,907137
11895,112747 13054,872213 -58,567566
11945,112747 13054,872213 -56,257209
11995,112747 13054,872213 -53,990624
12045,112747 13054,872213 -51,778797
12095,112747 13054,872213 -49,629655
12145,112747 13054,872213 -47,548563
12195,112747 13054,872213 -45,538768
12245,112747 13054,872213 -43,601818
12295,112747 13054,872213 -41,737909
12345,112747 13054,872213 -34,284929
12395,112747 13054,872213 -32,343406
12445,112747 13054,872213 -30,481646
12495,112747 13054,872213 -28,697275
12545,112747 13054,872213 -26,987567
12595,112747 13054,872213 -25,349578
12645,112747 13054,872213 -23,780251
12695,112747 13054,872213 -22,276498
12745,112747 13054,872213 -20,835263
12795,112747 13054,872213 -19,453570
12845,112747 13054,872213 -18,128546
12895,112747 13054,872213 -16,857448
12945,112747 13054,872213 -15,637674
12995,112747 13054,872213 -14,466759
13045,112747 13054,872213 -13,342384
13095,112747 13054,872213 -12,262361
13145,112747 13054,872213 -11,224630
13195,112747 13054,872213 -10,227245
13245,112747 13054,872213 -9,268367
13295,112747 13054,872213 -8,346248
13345,112747 13054,872213 -7,459221
13395,112747 13054,872213 -6,605692
13445,112747 13054,872213 -5,784124
13495,112747 13054,872213 -4,993034
13545,112747 13054,872213 -4,230984
13595,112747 13054,872213 -0,274805
13645,112747 13054,872213 0,469822
13695,112747 13054,872213 1,188096
13745,112747 13054,872213 1,881524
13795,112747 13054,872213 2,551581
13845,112747 13054,872213 3,199717
13895,112747 13054,872213 3,827347
13945,112747 13054,872213 4,435853
13995,112747 13054,872213 5,026579
6545,112747 13104,872213 -39,310401
6595,112747 13104,872213 -44,658435
6645,112747 13104,872213 -56,412395
6695,112747 13104,872213 -61,079537
6745,112747 13104,872213 -65,510682
6795,112747 13104,872213 -69,673683
6845,112747 13104,872213 -73,535813
6895,112747 13104,872213 -77,064161
6945,112747 13104,872213 -80,226097
6995,112747 13104,872213 -82,989807
7045,112747 13104,872213 -85,324887
7095,112747 13104,872213 -87,202996
7145,112747 13104,872213 -88,598550
7195,112747 13104,872213 -89,489437
7245,112747 13104,872213 -89,857740
7295,112747 13104,872213 -89,690428
7345,112747 13104,872213 -88,979996
7395,112747 13104,872213 -87,725017
7445,112747 13104,872213 -85,930571
7495,112747 13104,872213 -83,608532
7545,112747 13104,872213 -80,777669
7595,112747 13104,872213 -76,501680
7645,112747 13104,872213 -72,768202
7695,112747 13104,872213 -68,627056
7745,112747 13104,872213 -64,121939
7795,112747 13104,872213 -59,300897
7845,112747 13104,872213 -54,215312
7895,112747 13104,872213 -48,918784
7945,112747 13104,872213 -43,465992
7995,112747 13104,872213 -37,911543
8045,112747 13104,872213 -32,308887
8095,112747 13104,872213 -26,709321
8145,112747 13104,872213 -21,161118
8195,112747 13104,872213 -15,708806
8245,112747 13104,872213 -10,392607
8295,112747 13104,872213 -5,248047
8345,112747 13104,872213 -0,305719
8395,112747 13104,872213 4,408795
8445,112747 13104,872213 8,874882
8495,112747 13104,872213 13,076728
8545,112747 13104,872213 17,003076
8595,112747 13104,872213 20,646899
8645,112747 13104,872213 24,005038
8695,112747 13104,872213 27,077800
8745,112747 13104,872213 29,868545
8795,112747 13104,872213 32,383263
8845,112747 13104,872213 34,630158
8895,112747 13104,872213 36,619230
8945,112747 13104,872213 38,361868
8995,112747 13104,872213 39,144314
9045,112747 13104,872213 40,410400
9095,112747 13104,872213 41,472173
9145,112747 13104,872213 42,342031
9195,112747 13104,872213 43,031689
9245,112747 13104,872213 43,551758
9295,112747 13104,872213 43,911312
9345,112747 13104,872213 44,117463
9395,112747 13104,872213 44,174949
9445,112747 13104,872213 44,085766
9495,112747 13104,872213 43,848864
9545,112747 13104,872213 43,459920
9595,112747 13104,872213 42,911225
9645,112747 13104,872213 42,191697
9695,112747 13104,872213 41,287029
9745,112747 13104,872213 40,179981
9795,112747 13104,872213 38,850818
9845,112747 13104,872213 37,277872
9895,112747 13104,872213 35,438234
9945,112747 13104,872213 33,308541
9995,112747 13104,872213 30,865872
10045,112747 13104,872213 28,088717
10095,112747 13104,872213 24,958030
10145,112747 13104,872213 21,458362
10195,112747 13104,872213 17,579054
10245,112747 13104,872213 13,315507
10295,112747 13104,872213 8,670478
10345,112747 13104,872213 3,655392
10395,112747 13104,872213 -1,708400
10445,112747 13104,872213 -7,388506
10495,112747 13104,872213 -13,340622
10545,112747 13104,872213 -19,508045
10595,112747 13104,872213 -25,821724
10645,112747 13104,872213 -32,200990
10695,112747 13104,872213 -38,555094
10745,112747 13104,872213 -44,785608
10795,112747 13104,872213 -50,789685
10845,112747 13104,872213 -56,464048
10895,112747 13104,872213 -61,709472
10945,112747 13104,872213 -66,435419
10995,112747 13104,872213 -70,564424
11045,112747 13104,872213 -74,035813
11095,112747 13104,872213 -76,808387
11145,112747 13104,872213 -78,861821
11195,112747 13104,872213 -80,196672
11245,112747 13104,872213 -80,833067
11295,112747 13104,872213 -80,808284
11345,112747 13104,872213 -80,173524
11395,112747 13104,872213 -78,990259
11445,112747 13104,872213 -77,326489
11495,112747 13104,872213 -75,253218
11545,112747 13104,872213 -72,841371
11595,112747 13104,872213 -74,542890
11645,112747 13104,872213 -72,291353
11695,112747 13104,872213 -69,927420
11745,112747 13104,872213 -67,491219
11795,112747 13104,872213 -65,017251
11845,112747 13104,872213 -62,534519
11895,112747 13104,872213 -60,066851
11945,112747 13104,872213 -57,633343
11995,112747 13104,872213 -55,248874
12045,112747 13104,872213 -52,924646
12095,112747 13104,872213 -50,668715
12145,112747 13104,872213 -48,486502
12195,112747 13104,872213 -46,381257
12245,112747 13104,872213 -44,354482
12295,112747 13104,872213 -42,406292
12345,112747 13104,872213 -34,928131
12395,112747 13104,872213 -32,905904
12445,112747 13104,872213 -30,969315
12495,112747 13104,872213 -29,115841
12545,112747 13104,872213 -27,342587
12595,112747 13104,872213 -25,646424
12645,112747 13104,872213 -24,024101
12695,112747 13104,872213 -22,472328
12745,112747 13104,872213 -20,987838
12795,112747 13104,872213 -19,567440
12845,112747 13104,872213 -18,208046
12895,112747 13104,872213 -16,906695
12945,112747 13104,872213 -15,660566
12995,112747 13104,872213 -14,466979
13045,112747 13104,872213 -13,323399
13095,112747 13104,872213 -12,227426
13145,112747 13104,872213 -11,176791
13195,112747 13104,872213 -10,169344
13245,112747 13104,872213 -9,203045
13295,112747 13104,872213 -8,275947
13345,112747 13104,872213 -7,386195
13395,112747 13104,872213 -6,532004
13445,112747 13104,872213 -5,711659
13495,112747 13104,872213 -4,923500
13545,112747 13104,872213 -4,165917
13595,112747 13104,872213 -0,277769
13645,112747 13104,872213 0,457804
13695,112747 13104,872213 1,165963
13745,112747 13104,872213 1,848374
13795,112747 13104,872213 2,506667
13845,112747 13104,872213 3,142433
13895,112747 13104,872213 3,757225
13945,112747 13104,872213 4,352551
13995,112747 13104,872213 4,929874
6545,112747 13154,872213 -49,870629
6595,112747 13154,872213 -55,433439
6645,112747 13154,872213 -66,812255
6695,112747 13154,872213 -71,689810
6745,112747 13154,872213 -76,329256
6795,112747 13154,872213 -80,696608
6845,112747 13154,872213 -84,757052
6895,112747 13154,872213 -88,475344
6945,112747 13154,872213 -91,816295
6995,112747 13154,872213 -94,745328
7045,112747 13154,872213 -97,229113
7095,112747 13154,872213 -99,236274
7145,112747 13154,872213 -100,738151
7195,112747 13154,872213 -101,709594
7245,112747 13154,872213 -102,129781
7295,112747 13154,872213 -101,983009
7345,112747 13154,872213 -101,259442
7395,112747 13154,872213 -99,955773
7445,112747 13154,872213 -98,075752
7495,112747 13154,872213 -95,630566
7545,112747 13154,872213 -92,639012
7595,112747 13154,872213 -88,092458
7645,112747 13154,872213 -84,122093
7695,112747 13154,872213 -79,711142
7745,112747 13154,872213 -74,906550
7795,112747 13154,872213 -69,760263
7845,112747 13154,872213 -64,328095
7895,112747 13154,872213 -58,668491
7945,112747 13154,872213 -52,841227
7995,112747 13154,872213 -46,906120
8045,112747 13154,872213 -40,921794
8095,112747 13154,872213 -34,944541
8145,112747 13154,872213 -29,027337
8195,112747 13154,872213 -23,219013
8245,112747 13154,872213 -17,563622
8295,112747 13154,872213 -12,099990
8345,112747 13154,872213 -6,861450
8395,112747 13154,872213 -1,875748
8445,112747 13154,872213 2,834901
8495,112747 13154,872213 7,253641
8545,112747 13154,872213 11,368688
8595,112747 13154,872213 15,172987
8645,112747 13154,872213 18,663802
8695,112747 13154,872213 21,842289
8745,112747 13154,872213 24,713040
8795,112747 13154,872213 27,283640
8845,112747 13154,872213 29,564212
8895,112747 13154,872213 31,566980
8945,112747 13154,872213 33,305835
8995,112747 13154,872213 34,168635
9045,112747 13154,872213 35,405513
9095,112747 13154,872213 36,429666
9145,112747 13154,872213 37,256720
9195,112747 13154,872213 37,901702
9245,112747 13154,872213 38,378545
9295,112747 13154,872213 38,699584
9345,112747 13154,872213 38,875035
9395,112747 13154,872213 38,912497
9445,112747 13154,872213 38,816480
9495,112747 13154,872213 38,588006
9545,112747 13154,872213 38,224297
9595,112747 13154,872213 37,718598
9645,112747 13154,872213 37,060137
9695,112747 13154,872213 36,234259
9745,112747 13154,872213 35,222729
9795,112747 13154,872213 34,004203
9845,112747 13154,872213 32,554859
9895,112747 13154,872213 30,849169
9945,112747 13154,872213 28,860791
9995,112747 13154,872213 26,563563
10045,112747 13154,872213 23,932593
10095,112747 13154,872213 20,945415
10145,112747 13154,872213 17,583231
10195,112747 13154,872213 13,832210
10245,112747 13154,872213 9,684853
10295,112747 13154,872213 5,141388
10345,112747 13154,872213 0,211181
10395,112747 13154,872213 -5,085919
10445,112747 13154,872213 -10,718370
10495,112747 13154,872213 -16,641986
10545,112747 13154,872213 -22,799388
10595,112747 13154,872213 -29,120021
10645,112747 13154,872213 -35,520884
10695,112747 13154,872213 -41,908126
10745,112747 13154,872213 -48,179559
10795,112747 13154,872213 -54,228094
10845,112747 13154,872213 -59,945961
10895,112747 13154,872213 -65,229452
10945,112747 13154,872213 -69,983842
10995,112747 13154,872213 -74,128038
11045,112747 13154,872213 -77,598511
11095,112747 13154,872213 -80,352126
11145,112747 13154,872213 -82,367598
11195,112747 13154,872213 -83,645474
11245,112747 13154,872213 -84,206719
11295,112747 13154,872213 -84,090130
11345,112747 13154,872213 -83,348931
11395,112747 13154,872213 -82,046921
11445,112747 13154,872213 -80,254558
11495,112747 13154,872213 -78,045285
11545,112747 13154,872213 -75,492336
11595,112747 13154,872213 -76,536899
11645,112747 13154,872213 -74,167053
11695,112747 13154,872213 -71,685226
11745,112747 13154,872213 -69,132478
11795,112747 13154,872213 -66,544081
11845,112747 13154,872213 -63,949664
11895,112747 13154,872213 -61,373555
11945,112747 13154,872213 -58,835243
11995,112747 13154,872213 -56,349905
12045,112747 13154,872213 -53,928964
12095,112747 13154,872213 -51,580635
12145,112747 13154,872213 -49,310440
12195,112747 13154,872213 -47,121688
12245,112747 13154,872213 -45,015900
12295,112747 13154,872213 -42,993180
12345,112747 13154,872213 -35,488847
12395,112747 13154,872213 -33,394829
12445,112747 13154,872213 -31,391428
12495,112747 13154,872213 -29,476043
12545,112747 13154,872213 -27,645680
12595,112747 13154,872213 -25,897097
12645,112747 13154,872213 -24,226912
12695,112747 13154,872213 -22,631691
12745,112747 13154,872213 -21,108016
12795,112747 13154,872213 -19,652532
12845,112747 13154,872213 -18,261985
12895,112747 13154,872213 -16,933239
12945,112747 13154,872213 -15,663298
12995,112747 13154,872213 -14,449301
13045,112747 13154,872213 -13,288531
13095,112747 13154,872213 -12,178407
13145,112747 13154,872213 -11,116478
13195,112747 13154,872213 -10,100412
13245,112747 13154,872213 -9,127988
13295,112747 13154,872213 -8,197083
13345,112747 13154,872213 -7,305663
13395,112747 13154,872213 -6,451773
13445,112747 13154,872213 -5,633525
13495,112747 13154,872213 -4,849094
13545,112747 13154,872213 -4,096708
13595,112747 13154,872213 -0,278500
13645,112747 13154,872213 0,447284
13695,112747 13154,872213 1,144655
13745,112747 13154,872213 1,815438
13795,112747 13154,872213 2,461412
13845,112747 13154,872213 3,084309
13895,112747 13154,872213 3,685816
13945,112747 13154,872213 4,267567
13995,112747 13154,872213 4,831141
6545,112747 13204,872213 -60,128701
6595,112747 13204,872213 -65,908959
6645,112747 13204,872213 -76,952039
6695,112747 13204,872213 -82,046148
6745,112747 13204,872213 -86,901247
6795,112747 13204,872213 -91,481532
6845,112747 13204,872213 -95,750101
6895,112747 13204,872213 -99,669350
6945,112747 13204,872213 -103,201470
6995,112747 13204,872213 -106,309024
7045,112747 13204,872213 -108,955626
7095,112747 13204,872213 -111,106692
7145,112747 13204,872213 -112,730272
7195,112747 13204,872213 -113,797930
7245,112747 13204,872213 -114,285651
7295,112747 13204,872213 -114,174753
7345,112747 13204,872213 -113,452739
7395,112747 13204,872213 -112,114085
7445,112747 13204,872213 -110,160886
7495,112747 13204,872213 -107,603334
7545,112747 13204,872213 -104,459984
7595,112747 13204,872213 -99,669641
7645,112747 13204,872213 -95,465978
7695,112747 13204,872213 -90,786362
7745,112747 13204,872213 -85,680991
7795,112747 13204,872213 -80,205782
7845,112747 13204,872213 -74,421126
7895,112747 13204,872213 -68,390507
7945,112747 13204,872213 -62,179046
7995,112747 13204,872213 -55,852047
8045,112747 13204,872213 -49,473597
8095,112747 13204,872213 -43,105285
8145,112747 13204,872213 -36,805070
8195,112747 13204,872213 -30,626353
8245,112747 13204,872213 -24,617253
8295,112747 13204,872213 -18,820096
8345,112747 13204,872213 -13,271122
8395,112747 13204,872213 -8,000370
8445,112747 13204,872213 -3,031746
8495,112747 13204,872213 1,616786
8545,112747 13204,872213 5,932887
8595,112747 13204,872213 9,909458
8645,112747 13204,872213 13,544198
8695,112747 13204,872213 16,839128
8745,112747 13204,872213 19,800107
8795,112747 13204,872213 22,436343
8845,112747 13204,872213 24,759919
8895,112747 13204,872213 26,785318
8945,112747 13204,872213 28,528965
8995,112747 13204,872213 29,475205
9045,112747 13204,872213 30,690813
9095,112747 13204,872213 31,684999
9145,112747 13204,872213 32,476635
9195,112747 13204,872213 33,084067
9245,112747 13204,872213 33,524560
9295,112747 13204,872213 33,813712
9345,112747 13204,872213 33,964849
9395,112747 13204,872213 33,988430
9445,112747 13204,872213 33,891477
9495,112747 13204,872213 33,677080
9545,112747 13204,872213 33,344003
9595,112747 13204,872213 32,886437
9645,112747 13204,872213 32,293917
9695,112747 13204,872213 31,551438
9745,112747 13204,872213 30,639775
9795,112747 13204,872213 29,535991
9845,112747 13204,872213 28,214143
9895,112747 13204,872213 26,646137
9945,112747 13204,872213 24,802725
9995,112747 13204,872213 22,654614
10045,112747 13204,872213 20,173666
10095,112747 13204,872213 17,334166
10145,112747 13204,872213 14,114167
10195,112747 13204,872213 10,496891
10245,112747 13204,872213 6,472179
10295,112747 13204,872213 2,037981
10345,112747 13204,872213 -2,798162
10395,112747 13204,872213 -8,017693
10445,112747 13204,872213 -13,589763
10495,112747 13204,872213 -19,470227
10545,112747 13204,872213 -25,601053
10595,112747 13204,872213 -31,910330
10645,112747 13204,872213 -38,313021
10695,112747 13204,872213 -44,712617
10745,112747 13204,872213 -51,003776
10795,112747 13204,872213 -57,075902
10845,112747 13204,872213 -62,817571
10895,112747 13204,872213 -68,121489
10945,112747 13204,872213 -72,889635
10995,112747 13204,872213 -77,038104
11045,112747 13204,872213 -80,501194
11095,112747 13204,872213 -83,234326
11145,112747 13204,872213 -85,215520
11195,112747 13204,872213 -86,445340
11245,112747 13204,872213 -86,945376
11295,112747 13204,872213 -86,755536
11345,112747 13204,872213 -85,930491
11395,112747 13204,872213 -84,535682
11445,112747 13204,872213 -82,643282
11495,112747 13204,872213 -80,328424
11545,112747 13204,872213 -77,665935
11595,112747 13204,872213 -78,174858
11645,112747 13204,872213 -75,713046
11695,112747 13204,872213 -73,139082
11745,112747 13204,872213 -70,494666
11795,112747 13204,872213 -67,815620
11845,112747 13204,872213 -65,132042
11895,112747 13204,872213 -62,468657
11945,112747 13204,872213 -59,845286
11995,112747 13204,872213 -57,277389
12045,112747 13204,872213 -54,776621
12095,112747 13204,872213 -52,351388
12145,112747 13204,872213 -50,007368
12195,112747 13204,872213 -47,747989
12245,112747 13204,872213 -45,574864
12295,112747 13204,872213 -43,488162
12345,112747 13204,872213 -35,956247
12395,112747 13204,872213 -33,800126
12445,112747 13204,872213 -31,738649
12495,112747 13204,872213 -29,769215
12545,112747 13204,872213 -27,888807
12595,112747 13204,872213 -26,094139
12645,112747 13204,872213 -24,381766
12695,112747 13204,872213 -22,748176
12745,112747 13204,872213 -21,189858
12795,112747 13204,872213 -19,703350
12845,112747 13204,872213 -18,285280
12895,112747 13204,872213 -16,932387
12945,112747 13204,872213 -15,641538
12995,112747 13204,872213 -14,409733
13045,112747 13204,872213 -13,234109
13095,112747 13204,872213 -12,111933
13145,112747 13204,872213 -11,040599
13195,112747 13204,872213 -10,017620
13245,112747 13204,872213 -9,040615
13295,112747 13204,872213 -8,107304
13345,112747 13204,872213 -7,215492
13395,112747 13204,872213 -6,363065
13445,112747 13204,872213 -5,547978
13495,112747 13204,872213 -4,768250
13545,112747 13204,872213 -4,021956
13595,112747 13204,872213 -0,275755
13645,112747 13204,872213 0,439357
13695,112747 13204,872213 1,125135
13745,112747 13204,872213 1,783555
13795,112747 13204,872213 2,416543
13845,112747 13204,872213 3,025970
13895,112747 13204,872213 3,613655
13945,112747 13204,872213 4,181353
13995,112747 13204,872213 4,730757
6545,112747 13254,872213 -70,056445
6595,112747 13254,872213 -76,054775
6645,112747 13254,872213 -86,800486
6695,112747 13254,872213 -92,115201
6745,112747 13254,872213 -97,191206
6795,112747 13254,872213 -101,990929
6845,112747 13254,872213 -106,475404
6895,112747 13254,872213 -110,604670
6945,112747 13254,872213 -114,338269
6995,112747 13254,872213 -117,635847
7045,112747 13254,872213 -120,457860
7095,112747 13254,872213 -122,766377
7145,112747 13254,872213 -124,525976
7195,112747 13254,872213 -125,704709
7245,112747 13254,872213 -126,275109
7295,112747 13254,872213 -126,215212
7345,112747 13254,872213 -125,509543
7395,112747 13254,872213 -124,150022
7445,112747 13254,872213 -122,136750
7495,112747 13254,872213 -119,478597
7545,112747 13254,872213 -116,193576
7595,112747 13254,872213 -112,308944
7645,112747 13254,872213 -107,861001
7695,112747 13254,872213 -102,894588
7745,112747 13254,872213 -97,462289
7795,112747 13254,872213 -91,623342
7845,112747 13254,872213 -85,442334
7895,112747 13254,872213 -78,987709
7945,112747 13254,872213 -72,330180
7995,112747 13254,872213 -65,541098
8045,112747 13254,872213 -58,690873
8095,112747 13254,872213 -51,847492
8145,112747 13254,872213 -45,075211
8195,112747 13254,872213 -38,433446
8245,112747 13254,872213 -31,975897
8295,112747 13254,872213 -25,749918
8345,112747 13254,872213 -19,796122
8395,112747 13254,872213 -14,148210
8445,112747 13254,872213 -8,832993
8495,112747 13254,872213 -3,870587
8545,112747 13254,872213 0,725272
8595,112747 13254,872213 4,946805
8645,112747 13254,872213 8,791713
8695,112747 13254,872213 12,262647
8745,112747 13254,872213 15,366677
8795,112747 13254,872213 18,114748
8845,112747 13254,872213 20,521146
8895,112747 13254,872213 22,602978
8945,112747 13254,872213 24,379656
8995,112747 13254,872213 25,414249
9045,112747 13254,872213 26,626917
9095,112747 13254,872213 27,605679
9145,112747 13254,872213 28,373199
9195,112747 13254,872213 28,951672
9245,112747 13254,872213 29,362189
9295,112747 13254,872213 29,624058
9345,112747 13254,872213 29,754100
9395,112747 13254,872213 29,765944
9445,112747 13254,872213 29,669352
9495,112747 13254,872213 29,469619
9545,112747 13254,872213 29,167091
9595,112747 13254,872213 28,756834
9645,112747 13254,872213 28,228517
9695,112747 13254,872213 27,566508
9745,112747 13254,872213 26,750208
9795,112747 13254,872213 25,754623
9845,112747 13254,872213 24,551149
9895,112747 13254,872213 23,108550
9945,112747 13254,872213 21,394098
9995,112747 13254,872213 19,374834
10045,112747 13254,872213 17,018943
10095,112747 13254,872213 14,297199
10145,112747 13254,872213 11,184480
10195,112747 13254,872213 7,661343
10245,112747 13254,872213 3,715628
10295,112747 13254,872213 -0,655914
10345,112747 13254,872213 -5,446031
10395,112747 13254,872213 -10,635478
10445,112747 13254,872213 -16,191729
10495,112747 13254,872213 -22,068029
10545,112747 13254,872213 -28,202942
10595,112747 13254,872213 -34,520578
10645,112747 13254,872213 -40,931648
10695,112747 13254,872213 -47,335490
10745,112747 13254,872213 -53,623091
10795,112747 13254,872213 -59,681051
10845,112747 13254,872213 -65,396298
10895,112747 13254,872213 -70,661236
10945,112747 13254,872213 -75,378900
10995,112747 13254,872213 -79,467648
11045,112747 13254,872213 -82,864939
11095,112747 13254,872213 -85,529843
11145,112747 13254,872213 -87,444059
11195,112747 13254,872213 -88,611438
11245,112747 13254,872213 -89,056128
11295,112747 13254,872213 -88,819655
11345,112747 13254,872213 -87,957306
11395,112747 13254,872213 -86,534186
11445,112747 13254,872213 -84,621340
11495,112747 13254,872213 -82,292194
11545,112747 13254,872213 -79,619518
11595,112747 13254,872213 -79,809057
11645,112747 13254,872213 -77,362130
11695,112747 13254,872213 -74,803384
11745,112747 13254,872213 -72,172864
11795,112747 13254,872213 -69,505028
11845,112747 13254,872213 -66,828924
11895,112747 13254,872213 -64,168523
11945,112747 13254,872213 -61,543170
11995,112747 13254,872213 -58,968085
12045,112747 13254,872213 -56,454884
12095,112747 13254,872213 -54,012094
12145,112747 13254,872213 -51,645637
12195,112747 13254,872213 -49,359275
12245,112747 13254,872213 -47,155014
12295,112747 13254,872213 -45,033452
12345,112747 13254,872213 -37,359457
12395,112747 13254,872213 -35,143797
12445,112747 13254,872213 -33,020609
12495,112747 13254,872213 -30,987863
12545,112747 13254,872213 -29,043084
12595,112747 13254,872213 -27,183486
12645,112747 13254,872213 -25,406088
12695,112747 13254,872213 -23,707799
12745,112747 13254,872213 -22,085487
12795,112747 13254,872213 -20,536032
12845,112747 13254,872213 -19,056359
12895,112747 13254,872213 -17,643468
12945,112747 13254,872213 -16,294449
12995,112747 13254,872213 -15,006489
13045,112747 13254,872213 -13,776875
13095,112747 13254,872213 -12,602996
13145,112747 13254,872213 -11,482334
13195,112747 13254,872213 -10,412457
13245,112747 13254,872213 -9,391016
13295,112747 13254,872213 -8,415731
13345,112747 13254,872213 -7,484385
13395,112747 13254,872213 -6,594817
13445,112747 13254,872213 -5,744912
13495,112747 13254,872213 -4,932600
13545,112747 13254,872213 -4,155847
13595,112747 13254,872213 -0,283822
13645,112747 13254,872213 0,460089
13695,112747 13254,872213 1,172877
13745,112747 13254,872213 1,856716
13795,112747 13254,872213 2,513736
13845,112747 13254,872213 3,146019
13895,112747 13254,872213 3,755593
13945,112747 13254,872213 4,344426
13995,112747 13254,872213 4,914420
6545,112747 13304,872213 -79,625019
6595,112747 13304,872213 -85,839827
6645,112747 13304,872213 -96,324923
6695,112747 13304,872213 -101,861953
6745,112747 13304,872213 -107,161747
6795,112747 13304,872213 -112,185031
6845,112747 13304,872213 -116,890836
6895,112747 13304,872213 -121,236875
6945,112747 13304,872213 -125,180055
6995,112747 13304,872213 -128,677080
7045,112747 13304,872213 -131,685189
7095,112747 13304,872213 -134,163005
7145,112747 13304,872213 -136,071491
7195,112747 13304,872213 -137,374999
7245,112747 13304,872213 -138,042378
7295,112747 13304,872213 -138,048110
7345,112747 13304,872213 -137,373432
7395,112747 13304,872213 -136,007385
7445,112747 13304,872213 -133,947728
7495,112747 13304,872213 -131,201674
7545,112747 13304,872213 -127,786374
7595,112747 13304,872213 -123,729107
7645,112747 13304,872213 -119,067144
7695,112747 13304,872213 -113,847265
7745,112747 13304,872213 -108,124926
7795,112747 13304,872213 -101,963116
7845,112747 13304,872213 -95,430934
7895,112747 13304,872213 -88,601953
7945,112747 13304,872213 -81,552467
7995,112747 13304,872213 -74,359672
8045,112747 13304,872213 -67,099897
8095,112747 13304,872213 -59,846949
8145,112747 13304,872213 -52,670629
8195,112747 13304,872213 -45,635493
8245,112747 13304,872213 -38,799860
8295,112747 13304,872213 -32,215101
8345,112747 13304,872213 -25,925195
8395,112747 13304,872213 -19,966537
8445,112747 13304,872213 -14,367960
8495,112747 13304,872213 -9,150950
8545,112747 13304,872213 -4,329999
8595,112747 13304,872213 0,086934
8645,112747 13304,872213 4,097890
8695,112747 13304,872213 7,706341
8745,112747 13304,872213 10,920604
8795,112747 13304,872213 13,753258
8845,112747 13304,872213 16,220569
8895,112747 13304,872213 18,341935
8945,112747 13304,872213 20,139339
8995,112747 13304,872213 21,261814
9045,112747 13304,872213 22,467149
9095,112747 13304,872213 23,428997
9145,112747 13304,872213 24,173287
9195,112747 13304,872213 24,725556
9245,112747 13304,872213 25,110248
9295,112747 13304,872213 25,349963
9345,112747 13304,872213 25,464666
9395,112747 13304,872213 25,470894
9445,112747 13304,872213 25,380977
9495,112747 13304,872213 25,202350
9545,112747 13304,872213 24,936979
9595,112747 13304,872213 24,580973
9645,112747 13304,872213 24,124411
9695,112747 13304,872213 23,551427
9745,112747 13304,872213 22,840560
9795,112747 13304,872213 21,965368
9845,112747 13304,872213 20,895286
9895,112747 13304,872213 19,596706
9945,112747 13304,872213 18,034220
9995,112747 13304,872213 16,172007
10045,112747 13304,872213 13,975324
10095,112747 13304,872213 11,412069
10145,112747 13304,872213 8,454405
10195,112747 13304,872213 5,080418
10245,112747 13304,872213 1,275811
10295,112747 13304,872213 -2,964410
10345,112747 13304,872213 -7,634301
10395,112747 13304,872213 -12,715451
10445,112747 13304,872213 -18,175689
10495,112747 13304,872213 -23,968137
10545,112747 13304,872213 -30,030793
10595,112747 13304,872213 -36,286805
10645,112747 13304,872213 -42,645608
10695,112747 13304,872213 -49,005038
10745,112747 13304,872213 -55,254466
10795,112747 13304,872213 -61,278873
10845,112747 13304,872213 -66,963676
10895,112747 13304,872213 -72,199957
10945,112747 13304,872213 -76,889681
10995,112747 13304,872213 -80,950407
11045,112747 13304,872213 -84,319064
11095,112747 13304,872213 -86,954413
11145,112747 13304,872213 -88,838018
11195,112747 13304,872213 -89,973695
11245,112747 13304,872213 -90,385608
11295,112747 13304,872213 -90,115303
11345,112747 13304,872213 -89,218056
11395,112747 13304,872213 -87,758935
11445,112747 13304,872213 -85,808914
11495,112747 13304,872213 -83,441334
11545,112747 13304,872213 -80,728885
11595,112747 13304,872213 -80,649578
11645,112747 13304,872213 -78,167727
11695,112747 13304,872213 -75,572628
11745,112747 13304,872213 -72,904318
11795,112747 13304,872213 -70,197310
11845,112747 13304,872213 -67,480766
11895,112747 13304,872213 -64,778824
11945,112747 13304,872213 -62,111034
11995,112747 13304,872213 -59,492849
12045,112747 13304,872213 -56,936142
12095,112747 13304,872213 -54,449702
12145,112747 13304,872213 -52,039717
12195,112747 13304,872213 -49,710208
12245,112747 13304,872213 -47,463430
12295,112747 13304,872213 -45,300213
12345,112747 13304,872213 -37,597426
12395,112747 13304,872213 -35,340349
12445,112747 13304,872213 -33,177706
12495,112747 13304,872213 -31,107647
12545,112747 13304,872213 -29,127851
12595,112747 13304,872213 -27,235657
12645,112747 13304,872213 -25,428183
12695,112747 13304,872213 -23,702409
12745,112747 13304,872213 -22,055252
12795,112747 13304,872213 -20,483615
12845,112747 13304,872213 -18,984429
12895,112747 13304,872213 -17,554676
12945,112747 13304,872213 -16,191411
12995,112747 13304,872213 -14,891770
13045,112747 13304,872213 -13,652973
13095,112747 13304,872213 -12,472329
13145,112747 13304,872213 -11,347226
13195,112747 13304,872213 -10,275130
13245,112747 13304,872213 -9,253575
13295,112747 13304,872213 -8,280162
13345,112747 13304,872213 -7,352543
13395,112747 13304,872213 -6,468423
13445,112747 13304,872213 -5,625548
13495,112747 13304,872213 -4,821707
13545,112747 13304,872213 -4,054722
13595,112747 13304,872213 -0,269894
13645,112747 13304,872213 0,459099
13695,112747 13304,872213 1,156162
13745,112747 13304,872213 1,823623
13795,112747 13304,872213 2,463763
13845,112747 13304,872213 3,078807
13895,112747 13304,872213 3,670917
13945,112747 13304,872213 4,242189
13995,112747 13304,872213 4,794640
6545,112747 13354,872213 -88,805306
6595,112747 13354,872213 -95,232624
6645,112747 13354,872213 -105,491696
6695,112747 13354,872213 -111,250178
6745,112747 13354,872213 -116,774008
6795,112747 13354,872213 -122,022310
6845,112747 13354,872213 -126,952191
6895,112747 13354,872213 -131,519115
6945,112747 13354,872213 -135,677396
6995,112747 13354,872213 -139,380818
7045,112747 13354,872213 -142,583393
7095,112747 13354,872213 -145,240242
7145,112747 13354,872213 -147,308621
7195,112747 13354,872213 -148,749036
7245,112747 13354,872213 -149,526461
7295,112747 13354,872213 -149,611592
7345,112747 13354,872213 -148,982102
7395,112747 13354,872213 -147,623836
7445,112747 13354,872213 -145,531885
7495,112747 13354,872213 -142,711459
7545,112747 13354,872213 -139,178508
7595,112747 13354,872213 -134,960020
7645,112747 13354,872213 -130,093959
7695,112747 13354,872213 -124,628811
7745,112747 13354,872213 -118,622742
7795,112747 13354,872213 -112,142390
7845,112747 13354,872213 -105,261332
7895,112747 13354,872213 -98,058311
7945,112747 13354,872213 -90,615294
7995,112747 13354,872213 -83,015471
8045,112747 13354,872213 -75,341278
8095,112747 13354,872213 -67,672546
8145,112747 13354,872213 -60,084850
8195,112747 13354,872213 -52,648103
8245,112747 13354,872213 -45,425455
8295,112747 13354,872213 -38,472489
8345,112747 13354,872213 -31,836720
8395,112747 13354,872213 -25,557382
8445,112747 13354,872213 -19,665450
8495,112747 13354,872213 -14,183875
8545,112747 13354,872213 -9,127976
8595,112747 13354,872213 -4,505951
8645,112747 13354,872213 -0,319457
8695,112747 13354,872213 3,435767
8745,112747 13354,872213 6,769258
8795,112747 13354,872213 9,695207
8845,112747 13354,872213 12,231836
8895,112747 13354,872213 14,400809
8945,112747 13354,872213 16,226645
8995,112747 13354,872213 17,436383
9045,112747 13354,872213 18,641087
9095,112747 13354,872213 19,592231
9145,112747 13354,872213 20,318964
9195,112747 13354,872213 20,850122
9245,112747 13354,872213 21,213464
9295,112747 13354,872213 21,434851
9345,112747 13354,872213 21,537379
9395,112747 13354,872213 21,540484
9445,112747 13354,872213 21,459080
9495,112747 13354,872213 21,302771
9545,112747 13354,872213 21,075197
9595,112747 13354,872213 20,773571
9645,112747 13354,872213 20,388468
9695,112747 13354,872213 19,903889
9745,112747 13354,872213 19,297623
9795,112747 13354,872213 18,541911
9845,112747 13354,872213 17,604375
9895,112747 13354,872213 16,449194
9945,112747 13354,872213 15,038464
9995,112747 13354,872213 13,333706
10045,112747 13354,872213 11,297477
10095,112747 13354,872213 8,895051
10145,112747 13354,872213 6,096143
10195,112747 13354,872213 2,876665
10245,112747 13354,872213 -0,779524
10295,112747 13354,872213 -4,878876
10345,112747 13354,872213 -9,416489
10395,112747 13354,872213 -14,374579
10445,112747 13354,872213 -19,721200
10495,112747 13354,872213 -25,409339
10545,112747 13354,872213 -31,376558
10595,112747 13354,872213 -37,545350
10645,112747 13354,872213 -43,824368
10695,112747 13354,872213 -50,110640
10745,112747 13354,872213 -56,292794
10795,112747 13354,872213 -62,255213
10845,112747 13354,872213 -67,882911
10895,112747 13354,872213 -73,066775
10945,112747 13354,872213 -77,708761
10995,112747 13354,872213 -81,726550
11045,112747 13354,872213 -85,057244
11095,112747 13354,872213 -87,659738
11145,112747 13354,872213 -89,515614
11195,112747 13354,872213 -90,628530
11245,112747 13354,872213 -91,022287
11295,112747 13354,872213 -90,737864
11345,112747 13354,872213 -89,829803
11395,112747 13354,872213 -88,362315
11445,112747 13354,872213 -86,405464
11495,112747 13354,872213 -84,031688
11545,112747 13354,872213 -81,312836
11595,112747 13354,872213 -81,103811
11645,112747 13354,872213 -78,613918
11695,112747 13354,872213 -76,008773
11745,112747 13354,872213 -73,328124
11795,112747 13354,872213 -70,606328
11845,112747 13354,872213 -67,872510
11895,112747 13354,872213 -65,150875
11945,112747 13354,872213 -62,461121
11995,112747 13354,872213 -59,818917
12045,112747 13354,872213 -57,236397
12095,112747 13354,872213 -54,722642
12145,112747 13354,872213 -52,284152
12195,112747 13354,872213 -49,925264
12245,112747 13354,872213 -47,648543
12295,112747 13354,872213 -45,455126
12345,112747 13354,872213 -37,719910
12395,112747 13354,872213 -35,432227
12445,112747 13354,872213 -33,239977
12495,112747 13354,872213 -31,141566
12545,112747 13354,872213 -29,134893
12595,112747 13354,872213 -27,217492
12645,112747 13354,872213 -25,386641
12695,112747 13354,872213 -23,639456
12745,112747 13354,872213 -21,972959
12795,112747 13354,872213 -20,384130
12845,112747 13354,872213 -18,869955
12895,112747 13354,872213 -17,427444
12945,112747 13354,872213 -16,053661
12995,112747 13354,872213 -14,745727
13045,112747 13354,872213 -13,500833
13095,112747 13354,872213 -12,316237
13145,112747 13354,872213 -11,189261
13195,112747 13354,872213 -10,117294
13245,112747 13354,872213 -9,097779
13295,112747 13354,872213 -8,128212
13345,112747 13354,872213 -7,206135
13395,112747 13354,872213 -6,329131
13445,112747 13354,872213 -5,494822
13495,112747 13354,872213 -4,700862
13545,112747 13354,872213 -3,944942
13595,112747 13354,872213 -0,249612
13645,112747 13354,872213 0,463252
13695,112747 13354,872213 1,143491
13745,112747 13354,872213 1,793584
13795,112747 13354,872213 2,415957
13845,112747 13354,872213 3,012972
13895,112747 13354,872213 3,586924
13945,112747 13354,872213 4,140029
13995,112747 13354,872213 4,674421
6545,112747 13404,872213 -97,568337
6595,112747 13404,872213 -104,201711
6645,112747 13404,872213 -114,266663
6695,112747 13404,872213 -120,242966
6745,112747 13404,872213 -125,988218
6795,112747 13404,872213 -131,460061
6845,112747 13404,872213 -136,613797
6895,112747 13404,872213 -141,402741
6945,112747 13404,872213 -145,778706
6995,112747 13404,872213 -149,692621
7045,112747 13404,872213 -153,095305
7095,112747 13404,872213 -155,938383
7145,112747 13404,872213 -158,175357
7195,112747 13404,872213 -159,762807
7245,112747 13404,872213 -160,661692
7295,112747 13404,872213 -160,838735
7345,112747 13404,872213 -160,267808
7395,112747 13404,872213 -158,931288
7445,112747 13404,872213 -156,821279
7495,112747 13404,872213 -153,940657
7545,112747 13404,872213 -150,303827
7595,112747 13404,872213 -145,937150
7645,112747 13404,872213 -140,878971
7695,112747 13404,872213 -135,179207
7745,112747 13404,872213 -128,898512
7795,112747 13404,872213 -122,107007
7845,112747 13404,872213 -114,882653
7895,112747 13404,872213 -107,309327
7945,112747 13404,872213 -99,474704
7995,112747 13404,872213 -91,468046
8045,112747 13404,872213 -83,378025
8095,112747 13404,872213 -75,290659
8145,112747 13404,872213 -67,287471
8195,112747 13404,872213 -59,443921
8245,112747 13404,872213 -51,828176
8295,112747 13404,872213 -44,500202
8345,112747 13404,872213 -37,511214
8395,112747 13404,872213 -30,903422
8445,112747 13404,872213 -24,710062
8495,112747 13404,872213 -18,955650
8545,112747 13404,872213 -13,656417
8595,112747 13404,872213 -8,820865
8645,112747 13404,872213 -4,450405
8695,112747 13404,872213 -0,540038
8745,112747 13404,872213 2,920953
8795,112747 13404,872213 5,948323
8845,112747 13404,872213 8,562207
8895,112747 13404,872213 10,786482
8945,112747 13404,872213 12,648150
8995,112747 13404,872213 13,943905
9045,112747 13404,872213 15,154401
9095,112747 13404,872213 16,100762
9145,112747 13404,872213 16,815284
9195,112747 13404,872213 17,330029
9245,112747 13404,872213 17,676010
9295,112747 13404,872213 17,882298
9345,112747 13404,872213 17,975077
9395,112747 13404,872213 17,976668
9445,112747 13404,872213 17,904571
9495,112747 13404,872213 17,770588
9545,112747 13404,872213 17,580082
9595,112747 13404,872213 17,331454
9645,112747 13404,872213 17,015875
9695,112747 13404,872213 16,617338
9745,112747 13404,872213 16,113030
9795,112747 13404,872213 15,474039
9845,112747 13404,872213 14,666359
9895,112747 13404,872213 13,652162
9945,112747 13404,872213 12,391269
9995,112747 13404,872213 10,842785
10045,112747 13404,872213 8,966832
10095,112747 13404,872213 6,726343
10145,112747 13404,872213 4,088889
10195,112747 13404,872213 1,028512
10245,112747 13404,872213 -2,472456
10295,112747 13404,872213 -6,421631
10345,112747 13404,872213 -10,814894
10395,112747 13404,872213 -15,634893
10445,112747 13404,872213 -20,849802
10495,112747 13404,872213 -26,412493
10545,112747 13404,872213 -32,260268
10595,112747 13404,872213 -38,315321
10645,112747 13404,872213 -44,486076
10695,112747 13404,872213 -50,669496
10745,112747 13404,872213 -56,754385
10795,112747 13404,872213 -62,625583
10845,112747 13404,872213 -68,168824
10895,112747 13404,872213 -73,275929
10945,112747 13404,872213 -77,849888
10995,112747 13404,872213 -81,809391
11045,112747 13404,872213 -85,092375
11095,112747 13404,872213 -87,658269
11145,112747 13404,872213 -89,488788
11195,112747 13404,872213 -90,587278
11245,112747 13404,872213 -90,976781
11295,112747 13404,872213 -90,697126
11345,112747 13404,872213 -89,801400
11395,112747 13404,872213 -88,352167
11445,112747 13404,872213 -86,417767
11495,112747 13404,872213 -84,068942
11545,112747 13404,872213 -81,375971
11595,112747 13404,872213 -81,175062
11645,112747 13404,872213 -78,703063
11695,112747 13404,872213 -76,113304
11745,112747 13404,872213 -73,444971
11795,112747 13404,872213 -70,732060
11845,112747 13404,872213 -68,003511
11895,112747 13404,872213 -65,283490
11945,112747 13404,872213 -62,591790
11995,112747 13404,872213 -59,944269
12045,112747 13404,872213 -57,353321
12095,112747 13404,872213 -54,828345
12145,112747 13404,872213 -52,376187
12195,112747 13404,872213 -50,001552
12245,112747 13404,872213 -47,707376
12295,112747 13404,872213 -45,495160
12345,112747 13404,872213 -37,723476
12395,112747 13404,872213 -35,416047
12445,112747 13404,872213 -33,204114
12495,112747 13404,872213 -31,086403
12545,112747 13404,872213 -29,061102
12595,112747 13404,872213 -27,126002
12645,112747 13404,872213 -25,278605
12695,112747 13404,872213 -23,516220
12745,112747 13404,872213 -21,836027
12795,112747 13404,872213 -20,235139
12845,112747 13404,872213 -18,710642
12895,112747 13404,872213 -17,259622
12945,112747 13404,872213 -15,879191
12995,112747 13404,872213 -14,566495
13045,112747 13404,872213 -13,318726
13095,112747 13404,872213 -12,133125
13145,112747 13404,872213 -11,006977
13195,112747 13404,872213 -9,937616
13245,112747 13404,872213 -8,922415
13295,112747 13404,872213 -7,958786
13345,112747 13404,872213 -7,044176
13395,112747 13404,872213 -6,176063
13445,112747 13404,872213 -5,351953
13495,112747 13404,872213 -4,569380
13545,112747 13404,872213 -3,825910
13595,112747 13404,872213 -0,222524
13645,112747 13404,872213 0,472931
13695,112747 13404,872213 1,135185
13745,112747 13404,872213 1,766863
13795,112747 13404,872213 2,370530
13845,112747 13404,872213 2,948684
13895,112747 13404,872213 3,503746
13945,112747 13404,872213 4,038051
13995,112747 13404,872213 4,553841
6545,112747 13454,872213 -105,885762
6595,112747 13454,872213 -112,716177
6645,112747 13454,872213 -122,615758
6695,112747 13454,872213 -128,803322
6745,112747 13454,872213 -134,764333
6795,112747 13454,872213 -140,455093
6845,112747 13454,872213 -145,829239
6895,112747 13454,872213 -150,838076
6945,112747 13454,872213 -155,431043
6995,112747 13454,872213 -159,556329
7045,112747 13454,872213 -163,161649
7095,112747 13454,872213 -166,195191
7145,112747 13454,872213 -168,606728
7195,112747 13454,872213 -170,348885
7245,112747 13454,872213 -171,378540
7295,112747 13454,872213 -171,658313
7345,112747 13454,872213 -171,158098
7395,112747 13454,872213 -169,856568
7445,112747 13454,872213 -167,742569
7495,112747 13454,872213 -164,816325
7545,112747 13454,872213 -161,090362
7595,112747 13454,872213 -156,590066
7645,112747 13454,872213 -151,353822
7695,112747 13454,872213 -145,432664
7745,112747 13454,872213 -138,889450
7795,112747 13454,872213 -131,797558
7845,112747 13454,872213 -124,239158
7895,112747 13454,872213 -116,303151
7945,112747 13454,872213 -108,082866
7995,112747 13454,872213 -99,673648
8045,112747 13454,872213 -91,170458
8095,112747 13454,872213 -82,665594
8145,112747 13454,872213 -74,246650
8195,112747 13454,872213 -65,994776
8245,112747 13454,872213 -57,983300
8295,112747 13454,872213 -50,276723
8345,112747 13454,872213 -42,930095
8395,112747 13454,872213 -35,988734
8445,112747 13454,872213 -29,488254
8495,112747 13454,872213 -23,454840
8545,112747 13454,872213 -17,905722
8595,112747 13454,872213 -12,849785
8645,112747 13454,872213 -8,288267
8695,112747 13454,872213 -4,215498
8745,112747 13454,872213 -0,619646
8795,112747 13454,872213 2,516546
8845,112747 13454,872213 5,215053
8895,112747 13454,872213 7,501892
8945,112747 13454,872213 9,406469
8995,112747 13454,872213 10,786620
9045,112747 13454,872213 12,009128
9095,112747 13454,872213 12,956442
9145,112747 13454,872213 13,663904
9195,112747 13454,872213 14,166704
9245,112747 13454,872213 14,499012
9295,112747 13454,872213 14,693028
9345,112747 13454,872213 14,777962
9395,112747 13454,872213 14,778978
9445,112747 13454,872213 14,716146
9495,112747 13454,872213 14,603483
9545,112747 13454,872213 14,448128
9595,112747 13454,872213 14,249748
9645,112747 13454,872213 14,000228
9695,112747 13454,872213 13,683700
9745,112747 13454,872213 13,276922
9795,112747 13454,872213 12,750033
9845,112747 13454,872213 12,067622
9895,112747 13454,872213 11,190096
9945,112747 13454,872213 10,075271
9995,112747 13454,872213 8,680119
10045,112747 13454,872213 6,962628
10095,112747 13454,872213 4,883706
10145,112747 13454,872213 2,409106
10195,112747 13454,872213 -0,488667
10245,112747 13454,872213 -3,828494
10295,112747 13454,872213 -7,618857
10345,112747 13454,872213 -11,856177
10395,112747 13454,872213 -16,523360
10445,112747 13454,872213 -21,588633
10495,112747 13454,872213 -27,004815
10545,112747 13454,872213 -32,709175
10595,112747 13454,872213 -38,624013
10645,112747 13454,872213 -44,658117
10695,112747 13454,872213 -50,709163
10745,112747 13454,872213 -56,667067
10795,112747 13454,872213 -62,418169
10845,112747 13454,872213 -67,850023
10895,112747 13454,872213 -72,856456
10945,112747 13454,872213 -77,342473
10995,112747 13454,872213 -81,228584
11045,112747 13454,872213 -84,454151
11095,112747 13454,872213 -86,979475
11145,112747 13454,872213 -88,786481
11195,112747 13454,872213 -89,878027
11245,112747 13454,872213 -90,276009
11295,112747 13454,872213 -90,018549
11345,112747 13454,872213 -89,156609
11395,112747 13454,872213 -87,750370
11445,112747 13454,872213 -85,865697
11495,112747 13454,872213 -83,570913
11545,112747 13454,872213 -80,934049
11595,112747 13454,872213 -80,874352
11645,112747 13454,872213 -78,444561
11695,112747 13454,872213 -75,894099
11745,112747 13454,872213 -73,261338
11795,112747 13454,872213 -70,579714
11845,112747 13454,872213 -67,877832
11895,112747 13454,872213 -65,179727
11945,112747 13454,872213 -62,505215
11995,112747 13454,872213 -59,870310
12045,112747 13454,872213 -57,287665
12095,112747 13454,872213 -54,767006
12145,112747 13454,872213 -52,315556
12195,112747 13454,872213 -49,938424
12245,112747 13454,872213 -47,638967
12295,112747 13454,872213 -45,419104
12345,112747 13454,872213 -37,606535
12395,112747 13454,872213 -35,290102
12445,112747 13454,872213 -33,068332
12495,112747 13454,872213 -30,940330
12545,112747 13454,872213 -28,904637
12595,112747 13454,872213 -26,959357
12645,112747 13454,872213 -25,102276
12695,112747 13454,872213 -23,330947
12745,112747 13454,872213 -21,642765
12795,112747 13454,872213 -20,035023
12845,112747 13454,872213 -18,504951
12895,112747 13454,872213 -17,049756
12945,112747 13454,872213 -15,666635
12995,112747 13454,872213 -14,352798
13045,112747 13454,872213 -13,105471
13095,112747 13454,872213 -11,921905
13145,112747 13454,872213 -10,799377
13195,112747 13454,872213 -9,735189
13245,112747 13454,872213 -8,726664
13295,112747 13454,872213 -7,771152
13345,112747 13454,872213 -6,866017
13395,112747 13454,872213 -6,008647
13445,112747 13454,872213 -5,196445
13495,112747 13454,872213 -4,426836
13545,112747 13454,872213 -3,697266
13595,112747 13454,872213 -0,188400
13645,112747 13454,872213 0,488316
13695,112747 13454,872213 1,131381
13745,112747 13454,872213 1,743559
13795,112747 13454,872213 2,327551
13845,112747 13454,872213 2,885986
13895,112747 13454,872213 3,421406
13945,112747 13454,872213 3,936260
13995,112747 13454,872213 4,432895
6545,112747 13504,872213 -113,730344
6595,112747 13504,872213 -120,746194
6645,112747 13504,872213 -130,505599
6695,112747 13504,872213 -136,894839
6745,112747 13504,872213 -143,062769
6795,112747 13504,872213 -148,964508
6845,112747 13504,872213 -154,552196
6895,112747 13504,872213 -159,775298
6945,112747 13504,872213 -164,581048
6995,112747 13504,872213 -168,915052
7045,112747 13504,872213 -172,722068
7095,112747 13504,872213 -175,946966
7145,112747 13504,872213 -178,535878
7195,112747 13504,872213 -180,437526
7245,112747 13504,872213 -181,604703
7295,112747 13504,872213 -181,995876
7345,112747 13504,872213 -181,576851
7395,112747 13504,872213 -180,322426
7445,112747 13504,872213 -178,217961
7495,112747 13504,872213 -175,260753
7545,112747 13504,872213 -171,461130
7595,112747 13504,872213 -166,843160
7645,112747 13504,872213 -161,444907
7695,112747 13504,872213 -155,318170
7745,112747 13504,872213 -148,527680
7795,112747 13504,872213 -141,149767
7845,112747 13504,872213 -133,270560
7895,112747 13504,872213 -124,983782
7945,112747 13504,872213 -116,388275
7995,112747 13504,872213 -107,585382
8045,112747 13504,872213 -98,676319
8095,112747 13504,872213 -89,759681
8145,112747 13504,872213 -80,929183
8195,112747 13504,872213 -72,271745
8245,112747 13504,872213 -63,865955
8295,112747 13504,872213 -55,780958
8345,112747 13504,872213 -48,075754
8395,112747 13504,872213 -40,798883
8445,112747 13504,872213 -33,988443
8495,112747 13504,872213 -27,672391
8545,112747 13504,872213 -21,869054
8595,112747 13504,872213 -16,587791
8645,112747 13504,872213 -11,829753
8695,112747 13504,872213 -7,588681
8745,112747 13504,872213 -3,851717
8795,112747 13504,872213 -0,600190
8845,112747 13504,872213 2,189624
8895,112747 13504,872213 4,545782
8945,112747 13504,872213 6,499982
8995,112747 13504,872213 7,962770
9045,112747 13504,872213 9,203353
9095,112747 13504,872213 10,157261
9145,112747 13504,872213 10,862745
9195,112747 13504,872213 11,357988
9245,112747 13504,872213 11,680190
9295,112747 13504,872213 11,864564
9345,112747 13504,872213 11,943248
9395,112747 13504,872213 11,944178
9445,112747 13504,872213 11,889958
9495,112747 13504,872213 11,796815
9545,112747 13504,872213 11,673702
9595,112747 13504,872213 11,521633
9645,112747 13504,872213 11,333329
9695,112747 13504,872213 11,093223
9745,112747 13504,872213 10,777846
9795,112747 13504,872213 10,356617
9845,112747 13504,872213 9,792986
9895,112747 13504,872213 9,045883
9945,112747 13504,872213 8,071425
9995,112747 13504,872213 6,824780
10045,112747 13504,872213 5,262140
10095,112747 13504,872213 3,342739
10145,112747 13504,872213 1,030861
10195,112747 13504,872213 -1,702183
10245,112747 13504,872213 -4,876165
10295,112747 13504,872213 -8,500153
10345,112747 13504,872213 -12,570886
10395,112747 13504,872213 -17,071390
10445,112747 13504,872213 -21,969919
10495,112747 13504,872213 -27,219359
10545,112747 13504,872213 -32,757216
10595,112747 13504,872213 -38,506347
10645,112747 13504,872213 -44,376525
10695,112747 13504,872213 -50,266927
10745,112747 13504,872213 -56,069495
10795,112747 13504,872213 -61,673070
10845,112747 13504,872213 -66,968046
10895,112747 13504,872213 -71,851236
10945,112747 13504,872213 -76,230530
10995,112747 13504,872213 -80,028960
11045,112747 13504,872213 -83,187812
11095,112747 13504,872213 -85,668525
11145,112747 13504,872213 -87,453270
11195,112747 13504,872213 -88,544239
11245,112747 13504,872213 -88,961824
11295,112747 13504,872213 -88,741942
11345,112747 13504,872213 -87,932835
11395,112747 13504,872213 -86,591658
11445,112747 13504,872213 -84,781144
11495,112747 13504,872213 -82,566560
11545,112747 13504,872213 -80,013098
11595,112747 13504,872213 -80,219811
11645,112747 13504,872213 -77,854312
11695,112747 13504,872213 -75,364964
11745,112747 13504,872213 -72,789087
11795,112747 13504,872213 -70,159373
11845,112747 13504,872213 -67,503954
11895,112747 13504,872213 -64,846625
11945,112747 13504,872213 -62,207160
11995,112747 13504,872213 -59,601690
12045,112747 13504,872213 -57,043105
12095,112747 13504,872213 -54,541459
12145,112747 13504,872213 -52,104368
12195,112747 13504,872213 -49,737376
12245,112747 13504,872213 -47,444294
12295,112747 13504,872213 -45,227503
12345,112747 13504,872213 -37,369281
12395,112747 13504,872213 -35,054307
12445,112747 13504,872213 -32,832323
12495,112747 13504,872213 -30,702872
12545,112747 13504,872213 -28,664893
12595,112747 13504,872213 -26,716862
12645,112747 13504,872213 -24,856895
12695,112747 13504,872213 -23,082844
12745,112747 13504,872213 -21,392364
12795,112747 13504,872213 -19,782971
12845,112747 13504,872213 -18,252089
12895,112747 13504,872213 -16,797079
12945,112747 13504,872213 -15,415265
12995,112747 13504,872213 -14,103950
13045,112747 13504,872213 -12,860429
13095,112747 13504,872213 -11,681992
13145,112747 13504,872213 -10,565930
13195,112747 13504,872213 -9,509537
13245,112747 13504,872213 -8,510109
13295,112747 13504,872213 -7,564946
13345,112747 13504,872213 -6,671350
13395,112747 13504,872213 -5,826627
13445,112747 13504,872213 -5,028093
13495,112747 13504,872213 -4,273068
13545,112747 13504,872213 -3,558892
13595,112747 13504,872213 -0,147237
13645,112747 13504,872213 0,509385
13695,112747 13504,872213 1,132035
13745,112747 13504,872213 1,723611
13795,112747 13504,872213 2,286948
13845,112747 13504,872213 2,824796
13895,112747 13504,872213 3,339818
13945,112747 13504,872213 3,834570
13995,112747 13504,872213 4,311498
6545,112747 13554,872213 -121,076456
6595,112747 13554,872213 -128,263577
6645,112747 13554,872213 -137,904145
6695,112747 13554,872213 -144,482411
6745,112747 13554,872213 -150,845178
6795,112747 13554,872213 -156,946555
6845,112747 13554,872213 -162,737371
6895,112747 13554,872213 -168,165449
6945,112747 13554,872213 -173,176022
6995,112747 13554,872213 -177,712317
7045,112747 13554,872213 -181,716334
7095,112747 13554,872213 -185,129805
7145,112747 13554,872213 -187,895384
7195,112747 13554,872213 -189,958012
7245,112747 13554,872213 -191,266482
7295,112747 13554,872213 -191,775136
7345,112747 13554,872213 -191,445659
7395,112747 13554,872213 -190,248883
7445,112747 13554,872213 -188,166520
7495,112747 13554,872213 -185,192717
7545,112747 13554,872213 -181,335320
7595,112747 13554,872213 -176,616748
7645,112747 13554,872213 -171,074386
7695,112747 13554,872213 -164,760411
7745,112747 13554,872213 -157,741043
7795,112747 13554,872213 -150,095203
7845,112747 13554,872213 -141,912635
7895,112747 13554,872213 -133,291593
7945,112747 13554,872213 -124,336187
7995,112747 13554,872213 -115,153568
8045,112747 13554,872213 -105,851075
8095,112747 13554,872213 -96,533517
8145,112747 13554,872213 -87,300698
8195,112747 13554,872213 -78,245312
8245,112747 13554,872213 -69,451246
8295,112747 13554,872213 -60,992349
8345,112747 13554,872213 -52,931652
8395,112747 13554,872213 -45,321004
8445,112747 13554,872213 -38,201085
8495,112747 13554,872213 -31,601722
8545,112747 13554,872213 -25,542438
8595,112747 13554,872213 -20,033169
8645,112747 13554,872213 -15,075079
8695,112747 13554,872213 -10,661427
8745,112747 13554,872213 -6,778431
8795,112747 13554,872213 -3,406119
8845,112747 13554,872213 -0,519137
8895,112747 13554,872213 1,912486
8945,112747 13554,872213 3,922602
8995,112747 13554,872213 5,466317
9045,112747 13554,872213 6,730913
9095,112747 13554,872213 7,697024
9145,112747 13554,872213 8,405640
9195,112747 13554,872213 8,897765
9245,112747 13554,872213 9,213465
9295,112747 13554,872213 9,390812
9345,112747 13554,872213 9,464739
9395,112747 13554,872213 9,465848
9445,112747 13554,872213 9,419204
9495,112747 13554,872213 9,343219
9545,112747 13554,872213 9,248675
9595,112747 13554,872213 9,138005
9645,112747 13554,872213 9,004890
9695,112747 13554,872213 8,834232
9745,112747 13554,872213 8,602558
9795,112747 13554,872213 8,278832
9845,112747 13554,872213 7,825657
9895,112747 13554,872213 7,200821
9945,112747 13554,872213 6,359091
9995,112747 13554,872213 5,254198
10045,112747 13554,872213 3,840919
10095,112747 13554,872213 2,077191
10145,112747 13554,872213 -0,073799
10195,112747 13554,872213 -2,641587
10245,112747 13554,872213 -5,646520
10295,112747 13554,872213 -9,097986
10345,112747 13554,872213 -12,992857
10395,112747 13554,872213 -17,314184
10445,112747 13554,872213 -22,030281
10495,112747 13554,872213 -27,094263
10545,112747 13554,872213 -32,444197
10595,112747 13554,872213 -38,003975
10645,112747 13554,872213 -43,684996
10695,112747 13554,872213 -49,388700
10745,112747 13554,872213 -55,009920
10795,112747 13554,872213 -60,440909
10845,112747 13554,872213 -65,575813
10895,112747 13554,872213 -70,315275
10945,112747 13554,872213 -74,570799
10995,112747 13554,872213 -78,268517
11045,112747 13554,872213 -81,352026
11095,112747 13554,872213 -83,784097
11145,112747 13554,872213 -85,547149
11195,112747 13554,872213 -86,642546
11245,112747 13554,872213 -87,088864
11295,112747 13554,872213 -86,919398
11345,112747 13554,872213 -86,179181
11395,112747 13554,872213 -84,921812
11445,112747 13554,872213 -83,206355
11495,112747 13554,872213 -81,094493
11545,112747 13554,872213 -78,648085
11595,112747 13554,872213 -79,235791
11645,112747 13554,872213 -76,953944
11695,112747 13554,872213 -74,544952
11745,112747 13554,872213 -72,044878
11795,112747 13554,872213 -69,485497
11845,112747 13554,872213 -66,894334
11895,112747 13554,872213 -64,294841
11945,112747 13554,872213 -61,706674
11995,112747 13554,872213 -59,146030
12045,112747 13554,872213 -56,626006
12095,112747 13554,872213 -54,156974
12145,112747 13554,872213 -51,746945
12195,112747 13554,872213 -49,401908
12245,112747 13554,872213 -47,126153
12295,112747 13554,872213 -44,922553
12345,112747 13554,872213 -37,013602
12395,112747 13554,872213 -34,710125
12445,112747 13554,872213 -32,497200
12495,112747 13554,872213 -30,374847
12545,112747 13554,872213 -28,342454
12595,112747 13554,872213 -26,398909
12645,112747 13554,872213 -24,542708
12695,112747 13554,872213 -22,772040
12745,112747 13554,872213 -21,084865
12795,112747 13554,872213 -19,478964
12845,112747 13554,872213 -17,951991
12895,112747 13554,872213 -16,501500
12945,112747 13554,872213 -15,124975
12995,112747 13554,872213 -13,819846
13045,112747 13554,872213 -12,583501
13095,112747 13554,872213 -11,413298
13145,112747 13554,872213 -10,306567
13195,112747 13554,872213 -9,260614
13245,112747 13554,872213 -8,272726
13295,112747 13554,872213 -7,340171
13345,112747 13554,872213 -6,460201
13395,112747 13554,872213 -5,630058
13445,112747 13554,872213 -4,846974
13495,112747 13554,872213 -4,108180
13545,112747 13554,872213 -3,410912
13595,112747 13554,872213 -0,099249
13645,112747 13554,872213 0,535920
13695,112747 13554,872213 1,136927
13745,112747 13554,872213 1,706804
13795,112747 13554,872213 2,248509
13845,112747 13554,872213 2,764914
13895,112747 13554,872213 3,258794
13945,112747 13554,872213 3,732808
13995,112747 13554,872213 4,189496
6545,112747 13604,872213 -127,900598
6595,112747 13604,872213 -135,242350
6645,112747 13604,872213 -144,781363
6695,112747 13604,872213 -151,532981
6745,112747 13604,872213 -158,075279
6795,112747 13604,872213 -164,361539
6845,112747 13604,872213 -170,341485
6895,112747 13604,872213 -175,961516
6945,112747 13604,872213 -181,165100
6995,112747 13604,872213 -185,893333
7045,112747 13604,872213 -190,085701
7095,112747 13604,872213 -193,681049
7145,112747 13604,872213 -196,618776
7195,112747 13604,872213 -198,840249
7245,112747 13604,872213 -200,290427
7295,112747 13604,872213 -200,919647
7345,112747 13604,872213 -200,685534
7395,112747 13604,872213 -199,554946
7445,112747 13604,872213 -197,505868
7495,112747 13604,872213 -194,529137
7545,112747 13604,872213 -190,629889
7595,112747 13604,872213 -185,828597
7645,112747 13604,872213 -180,161609
7695,112747 13604,872213 -173,681085
7745,112747 13604,872213 -166,454310
7795,112747 13604,872213 -158,562362
7845,112747 13604,872213 -150,098186
7895,112747 13604,872213 -141,164168
7945,112747 13604,872213 -131,869338
7995,112747 13604,872213 -122,326350
8045,112747 13604,872213 -112,648419
8095,112747 13604,872213 -102,946378
8145,112747 13604,872213 -93,325988
8195,112747 13604,872213 -83,885632
8245,112747 13604,872213 -74,714462
8295,112747 13604,872213 -65,891034
8345,112747 13604,872213 -57,482440
8395,112747 13604,872213 -49,543899
8445,112747 13604,872213 -42,118750
8495,112747 13604,872213 -35,238780
8545,112747 13604,872213 -28,924810
8595,112747 13604,872213 -23,187462
8645,112747 13604,872213 -18,028030
8695,112747 13604,872213 -13,439409
8745,112747 13604,872213 -9,407024
8795,112747 13604,872213 -5,909738
8845,112747 13604,872213 -2,920710
8895,112747 13604,872213 -0,408210
8945,112747 13604,872213 1,663607
8995,112747 13604,872213 3,286729
9045,112747 13604,872213 4,581142
9095,112747 13604,872213 5,565061
9145,112747 13604,872213 6,282009
9195,112747 13604,872213 6,775607
9245,112747 13604,872213 7,088577
9295,112747 13604,872213 7,261659
9345,112747 13604,872213 7,332407
9395,112747 13604,872213 7,333942
9445,112747 13604,872213 7,293685
9495,112747 13604,872213 7,232168
9545,112747 13604,872213 7,162001
9595,112747 13604,872213 7,087087
9645,112747 13604,872213 7,002179
9695,112747 13604,872213 6,892830
9745,112747 13604,872213 6,735794
9795,112747 13604,872213 6,499866
9845,112747 13604,872213 6,147137
9895,112747 13604,872213 5,634617
9945,112747 13604,872213 4,916117
9995,112747 13604,872213 3,944341
10045,112747 13604,872213 2,673059
10095,112747 13604,872213 1,059317
10145,112747 13604,872213 -0,934409
10195,112747 13604,872213 -3,338150
10245,112747 13604,872213 -6,172524
10295,112747 13604,872213 -9,447010
10345,112747 13604,872213 -13,158459
10395,112747 13604,872213 -17,289913
10445,112747 13604,872213 -21,809820
10495,112747 13604,872213 -26,671745
10545,112747 13604,872213 -31,814680
10595,112747 13604,872213 -37,164050
10645,112747 13604,872213 -42,633501
10695,112747 13604,872213 -48,127459
10745,112747 13604,872213 -53,544429
10795,112747 13604,872213 -58,780874
10845,112747 13604,872213 -63,735453
10895,112747 13604,872213 -68,313328
10945,112747 13604,872213 -72,430194
10995,112747 13604,872213 -76,015711
11045,112747 13604,872213 -79,016068
11095,112747 13604,872213 -81,395494
11145,112747 13604,872213 -83,136642
11195,112747 13604,872213 -84,239902
11245,112747 13604,872213 -84,721794
11295,112747 13604,872213 -84,612673
11345,112747 13604,872213 -83,953991
11395,112747 13604,872213 -82,795394
11445,112747 13604,872213 -81,191864
11495,112747 13604,872213 -79,201099
11545,112747 13604,872213 -76,881239
11595,112747 13604,872213 -77,951767
11645,112747 13604,872213 -75,769841
11695,112747 13604,872213 -73,457522
11745,112747 13604,872213 -71,049436
11795,112747 13604,872213 -68,576288
11845,112747 13604,872213 -66,064866
11895,112747 13604,872213 -63,538178
11945,112747 13604,872213 -61,015683
11995,112747 13604,872213 -58,513583
12045,112747 13604,872213 -56,045140
12095,112747 13604,872213 -53,621018
12145,112747 13604,872213 -51,249608
12195,112747 13604,872213 -48,937346
12245,112747 13604,872213 -46,689007
12295,112747 13604,872213 -44,507970
12345,112747 13604,872213 -36,542961
12395,112747 13604,872213 -34,260464
12445,112747 13604,872213 -32,065400
12495,112747 13604,872213 -29,958298
12545,112747 13604,872213 -27,939030
12595,112747 13604,872213 -26,006933
12645,112747 13604,872213 -24,160917
12695,112747 13604,872213 -22,399550
12745,112747 13604,872213 -20,721129
12795,112747 13604,872213 -19,123740
12845,112747 13604,872213 -17,605297
12895,112747 13604,872213 -16,163582
12945,112747 13604,872213 -14,796268
12995,112747 13604,872213 -13,500940
13045,112747 13604,872213 -12,275109
13095,112747 13604,872213 -11,116223
13145,112747 13604,872213 -10,021670
13195,112747 13604,872213 -8,988792
13245,112747 13604,872213 -8,014881
13295,112747 13604,872213 -7,097190
13345,112747 13604,872213 -6,232935
13395,112747 13604,872213 -5,419301
13445,112747 13604,872213 -4,653450
13495,112747 13604,872213 -3,932531
13545,112747 13604,872213 -3,253686
13595,112747 13604,872213 -0,044861
13645,112747 13604,872213 0,567513
13695,112747 13604,872213 1,145672
13745,112747 13604,872213 1,692773
13795,112747 13604,872213 2,211896
13845,112747 13604,872213 2,706028
13895,112747 13604,872213 3,178049
13945,112747 13604,872213 3,630720
13995,112747 13604,872213 4,066667
6545,112747 13654,872213 -134,181881
6595,112747 13654,872213 -141,659298
6645,112747 13654,872213 -151,109905
6695,112747 13654,872213 -158,016293
6745,112747 13654,872213 -164,719697
6795,112747 13654,872213 -171,172760
6845,112747 13654,872213 -177,324313
6895,112747 13654,872213 -183,119572
6945,112747 13654,872213 -188,500503
6995,112747 13654,872213 -193,406352
7045,112747 13654,872213 -197,774387
7095,112747 13654,872213 -201,540865
7145,112747 13654,872213 -204,642227
7195,112747 13654,872213 -207,016551
7245,112747 13654,872213 -208,605213
7295,112747 13654,872213 -209,354760
7345,112747 13654,872213 -209,218913
7395,112747 13654,872213 -208,160647
7445,112747 13654,872213 -206,154229
7495,112747 13654,872213 -203,187115
7545,112747 13654,872213 -199,261566
7595,112747 13654,872213 -194,395859
7645,112747 13654,872213 -188,624973
7695,112747 13654,872213 -182,000653
7745,112747 13654,872213 -174,590799
7795,112747 13654,872213 -166,478160
7845,112747 13654,872213 -157,758384
7895,112747 13654,872213 -148,537502
7945,112747 13654,872213 -138,928994
7995,112747 13654,872213 -129,050598
8045,112747 13654,872213 -119,021036
8095,112747 13654,872213 -108,956854
8145,112747 13654,872213 -98,969525
8195,112747 13654,872213 -89,162940
8245,112747 13654,872213 -79,631392
8295,112747 13654,872213 -70,458075
8345,112747 13654,872213 -61,714124
8395,112747 13654,872213 -53,458144
8445,112747 13654,872213 -45,736183
8495,112747 13654,872213 -38,582069
8545,112747 13654,872213 -32,018019
8595,112747 13654,872213 -26,055454
8645,112747 13654,872213 -20,695926
8695,112747 13654,872213 -15,932108
8745,112747 13654,872213 -11,748780
8795,112747 13654,872213 -8,123799
8845,112747 13654,872213 -5,029005
8895,112747 13654,872213 -2,431092
8945,112747 13654,872213 -0,292415
8995,112747 13654,872213 1,408858
9045,112747 13654,872213 2,738716
9095,112747 13654,872213 3,746033
9145,112747 13654,872213 4,476630
9195,112747 13654,872213 4,976493
9245,112747 13654,872213 5,290765
9295,112747 13654,872213 5,462614
9345,112747 13654,872213 5,532001
9395,112747 13654,872213 5,534379
9445,112747 13654,872213 5,499376
9495,112747 13654,872213 5,449550
9545,112747 13654,872213 5,399299
9595,112747 13654,872213 5,354030
9645,112747 13654,872213 5,309667
9695,112747 13654,872213 5,252590
9745,112747 13654,872213 5,160022
9795,112747 13654,872213 5,000895
9845,112747 13654,872213 4,737149
9895,112747 13654,872213 4,325411
9945,112747 13654,872213 3,718968
9995,112747 13654,872213 2,869937
10045,112747 13654,872213 1,731524
10095,112747 13654,872213 0,260309
10145,112747 13654,872213 -1,581549
10195,112747 13654,872213 -3,824228
10245,112747 13654,872213 -6,488338
10295,112747 13654,872213 -9,583249
10345,112747 13654,872213 -13,105688
10395,112747 13654,872213 -17,038698
10445,112747 13654,872213 -21,350998
10495,112747 13654,872213 -25,996865
10545,112747 13654,872213 -30,916599
10595,112747 13654,872213 -36,037663
10645,112747 13654,872213 -41,276539
10695,112747 13654,872213 -46,541289
10745,112747 13654,872213 -51,734763
10795,112747 13654,872213 -56,758289
10845,112747 13654,872213 -61,515643
10895,112747 13654,872213 -65,917026
10945,112747 13654,872213 -69,882729
10995,112747 13654,872213 -73,346237
11045,112747 13654,872213 -76,256511
11095,112747 13654,872213 -78,579303
11145,112747 13654,872213 -80,297472
11195,112747 13654,872213 -81,410331
11245,112747 13654,872213 -81,932177
11295,112747 13654,872213 -81,890213
11345,112747 13654,872213 -81,322069
11395,112747 13654,872213 -80,273170
11445,112747 13654,872213 -78,794145
11495,112747 13654,872213 -76,938427
11545,112747 13654,872213 -74,760162
11595,112747 13654,872213 -76,401095
11645,112747 13654,872213 -74,332049
11695,112747 13654,872213 -72,129575
11745,112747 13654,872213 -69,826711
11795,112747 13654,872213 -67,452957
11845,112747 13654,872213 -65,034248
11895,112747 13654,872213 -62,593047
11945,112747 13654,872213 -60,148531
11995,112747 13654,872213 -57,716836
12045,112747 13654,872213 -55,311341
12095,112747 13654,872213 -52,942958
12145,112747 13654,872213 -50,620433
12195,112747 13654,872213 -48,350631
12245,112747 13654,872213 -46,138804
12295,112747 13654,872213 -43,988842
12345,112747 13654,872213 -35,962256
12395,112747 13654,872213 -33,709557
12445,112747 13654,872213 -31,540584
12495,112747 13654,872213 -29,456397
12545,112747 13654,872213 -27,457375
12595,112747 13654,872213 -25,543333
12645,112747 13654,872213 -23,713623
12695,112747 13654,872213 -21,967221
12745,112747 13654,872213 -20,302794
12795,112747 13654,872213 -18,718757
12845,112747 13654,872213 -17,213318
12895,112747 13654,872213 -15,784512
12945,112747 13654,872213 -14,430228
12995,112747 13654,872213 -13,148234
13045,112747 13654,872213 -11,936183
13095,112747 13654,872213 -10,791636
13145,112747 13654,872213 -9,712062
13195,112747 13654,872213 -8,694851
13245,112747 13654,872213 -7,737319
13295,112747 13654,872213 -6,836717
13345,112747 13654,872213 -5,990236
13395,112747 13654,872213 -5,195016
13445,112747 13654,872213 -4,448158
13495,112747 13654,872213 -3,746735
13545,112747 13654,872213 -3,087802
13595,112747 13654,872213 0,015303
13645,112747 13654,872213 0,603579
13695,112747 13654,872213 1,157725
13745,112747 13654,872213 1,681017
13795,112747 13654,872213 2,176650
13845,112747 13654,872213 2,647723
13895,112747 13654,872213 3,097216
13945,112747 13654,872213 3,527984
13995,112747 13654,872213 3,942734
6545,112747 13704,872213 -139,902491
6595,112747 13704,872213 -147,494491
6645,112747 13704,872213 -156,865755
6695,112747 13704,872213 -163,905626
6745,112747 13704,872213 -170,748785
6795,112747 13704,872213 -177,347428
6845,112747 13704,872213 -183,649711
6895,112747 13704,872213 -189,599923
6945,112747 13704,872213 -195,138806
6995,112747 13704,872213 -200,204069
7045,112747 13704,872213 -204,731098
7095,112747 13704,872213 -208,653910
7145,112747 13704,872213 -211,906353
7195,112747 13704,872213 -214,423566
7245,112747 13704,872213 -216,143685
7295,112747 13704,872213 -217,009771
7345,112747 13704,872213 -216,971899
7395,112747 13704,872213 -215,989351
7445,112747 13704,872213 -214,032791
7495,112747 13704,872213 -211,086310
7545,112747 13704,872213 -207,149214
7595,112747 13704,872213 -202,237395
7645,112747 13704,872213 -196,384176
7695,112747 13704,872213 -189,640500
7745,112747 13704,872213 -182,074418
7795,112747 13704,872213 -173,769826
7845,112747 13704,872213 -164,824506
7895,112747 13704,872213 -155,347555
7945,112747 13704,872213 -145,456333
7995,112747 13704,872213 -135,273114
8045,112747 13704,872213 -124,921631
8095,112747 13704,872213 -114,523710
8145,112747 13704,872213 -104,196167
8195,112747 13704,872213 -94,048110
8245,112747 13704,872213 -84,178751
8295,112747 13704,872213 -74,675775
8345,112747 13704,872213 -65,614272
8395,112747 13704,872213 -57,056205
8445,112747 13704,872213 -49,050351
8495,112747 13704,872213 -41,632634
8545,112747 13704,872213 -34,826761
8595,112747 13704,872213 -28,645068
8645,112747 13704,872213 -23,089505
8695,112747 13704,872213 -18,152674
8745,112747 13704,872213 -13,818883
8795,112747 13704,872213 -10,065160
8845,112747 13704,872213 -6,862228
8895,112747 13704,872213 -4,175405
8945,112747 13704,872213 -1,965470
8995,112747 13704,872213 -0,187029
9045,112747 13704,872213 1,183643
9095,112747 13704,872213 2,219882
9145,112747 13704,872213 2,969532
9195,112747 13704,872213 3,480670
9245,112747 13704,872213 3,800576
9295,112747 13704,872213 3,974574
9345,112747 13704,872213 4,044774
9395,112747 13704,872213 4,048733
9445,112747 13704,872213 4,018097
9495,112747 13704,872213 3,977317
9545,112747 13704,872213 3,942510
9595,112747 13704,872213 3,920586
9645,112747 13704,872213 3,908730
9695,112747 13704,872213 3,894310
9745,112747 13704,872213 3,855264
9795,112747 13704,872213 3,760978
9845,112747 13704,872213 3,573616
9895,112747 13704,872213 3,249854
9945,112747 13704,872213 2,742907
9995,112747 13704,872213 2,004774
10045,112747 13704,872213 0,988561
10095,112747 13704,872213 -0,349180
10145,112747 13704,872213 -2,046213
10195,112747 13704,872213 -4,132530
10245,112747 13704,872213 -6,628479
10295,112747 13704,872213 -9,543155
10345,112747 13704,872213 -12,873113
10395,112747 13704,872213 -16,601453
10445,112747 13704,872213 -20,697348
10495,112747 13704,872213 -25,116079
10545,112747 13704,872213 -29,799653
10595,112747 13704,872213 -34,678051
10645,112747 13704,872213 -39,671126
10695,112747 13704,872213 -44,691138
10745,112747 13704,872213 -49,645827
10795,112747 13704,872213 -54,441890
10845,112747 13704,872213 -58,988657
10895,112747 13704,872213 -63,201709
10945,112747 13704,872213 -67,006195
10995,112747 13704,872213 -70,339592
11045,112747 13704,872213 -73,153714
11095,112747 13704,872213 -75,415864
11145,112747 13704,872213 -77,109079
11195,112747 13704,872213 -78,231534
11245,112747 13704,872213 -78,795219
11295,112747 13704,872213 -78,824078
11345,112747 13704,872213 -78,351799
11395,112747 13704,872213 -77,419457
11445,112747 13704,872213 -76,073180
11495,112747 13704,872213 -74,361981
11545,112747 13704,872213 -72,335848
11595,112747 13704,872213 -74,619703
11645,112747 13704,872213 -72,673117
11695,112747 13704,872213 -70,590436
11745,112747 13704,872213 -68,402987
11795,112747 13704,872213 -66,138954
11845,112747 13704,872213 -63,823312
11895,112747 13704,872213 -61,477881
11945,112747 13704,872213 -59,121469
11995,112747 13704,872213 -56,770077
12045,112747 13704,872213 -54,437130
12095,112747 13704,872213 -52,133741
12145,112747 13704,872213 -49,868970
12195,112747 13704,872213 -47,650078
12245,112747 13704,872213 -45,482775
12295,112747 13704,872213 -43,371446
12345,112747 13704,872213 -35,277655
12395,112747 13704,872213 -33,062819
12445,112747 13704,872213 -30,927513
12495,112747 13704,872213 -28,873339
12545,112747 13704,872213 -26,901197
12595,112747 13704,872213 -25,011397
12645,112747 13704,872213 -23,203755
12695,112747 13704,872213 -21,477675
12745,112747 13704,872213 -19,832216
12795,112747 13704,872213 -18,266146
12845,112747 13704,872213 -16,777991
12895,112747 13704,872213 -15,366063
12945,112747 13704,872213 -14,028489
12995,112747 13704,872213 -12,763238
13045,112747 13704,872213 -11,568130
13095,112747 13704,872213 -10,440855
13145,112747 13704,872213 -9,378979
13195,112747 13704,872213 -8,379958
13245,112747 13704,872213 -7,441145
13295,112747 13704,872213 -6,559799
13345,112747 13704,872213 -5,733099
13395,112747 13704,872213 -4,958149
13445,112747 13704,872213 -4,231997
13495,112747 13704,872213 -3,551646
13545,112747 13704,872213 -2,914070
13595,112747 13704,872213 0,080433
13645,112747 13704,872213 0,643372
13695,112747 13704,872213 1,172401
13745,112747 13704,872213 1,670912
13795,112747 13704,872213 2,142211
13845,112747 13704,872213 2,589499
13895,112747 13704,872213 3,015856
13945,112747 13704,872213 3,424219
13995,112747 13704,872213 3,817376
6545,112747 13754,872213 -145,048103
6595,112747 13754,872213 -152,731752
6645,112747 13754,872213 -162,028834
6695,112747 13754,872213 -169,178474
6745,112747 13754,872213 -176,137400
6795,112747 13754,872213 -182,857544
6845,112747 13754,872213 -189,286610
6895,112747 13754,872213 -195,368213
6945,112747 13754,872213 -201,042175
6995,112747 13754,872213 -206,244997
7045,112747 13754,872213 -210,910549
7095,112747 13754,872213 -214,971005
7145,112747 13754,872213 -218,358031
7195,112747 13754,872213 -221,004251
7245,112747 13754,872213 -222,844978
7295,112747 13754,872213 -223,820179
7345,112747 13754,872213 -223,876640
7395,112747 13754,872213 -222,970247
7445,112747 13754,872213 -221,068271
7495,112747 13754,872213 -218,151563
7545,112747 13754,872213 -214,216478
7595,112747 13754,872213 -209,276416
7645,112747 13754,872213 -203,362806
7695,112747 13754,872213 -196,525442
7745,112747 13754,872213 -188,832061
7795,112747 13754,872213 -180,367155
7845,112747 13754,872213 -171,230024
7895,112747 13754,872213 -161,532170
7945,112747 13754,872213 -151,394157
7995,112747 13754,872213 -140,942137
8045,112747 13754,872213 -130,304233
8095,112747 13754,872213 -119,606984
8145,112747 13754,872213 -108,972057
8195,112747 13754,872213 -98,513368
8245,112747 13754,872213 -88,334725
8295,112747 13754,872213 -78,528063
8345,112747 13754,872213 -69,172268
8395,112747 13754,872213 -60,332575
8445,112747 13754,872213 -52,060469
8495,112747 13754,872213 -44,394004
8545,112747 13754,872213 -37,358452
8595,112747 13754,872213 -30,967181
8645,112747 13754,872213 -25,222682
8695,112747 13754,872213 -20,117655
8745,112747 13754,872213 -15,636120
8795,112747 13754,872213 -11,754486
8845,112747 13754,872213 -8,442569
8895,112747 13754,872213 -5,664550
8945,112747 13754,872213 -3,379875
8995,112747 13754,872213 -1,525028
9045,112747 13754,872213 -0,108549
9095,112747 13754,872213 0,961976
9145,112747 13754,872213 1,736109
9195,112747 13754,872213 2,263707
9245,112747 13754,872213 2,593873
9295,112747 13754,872213 2,773780
9345,112747 13754,872213 2,847393
9395,112747 13754,872213 2,854103
9445,112747 13754,872213 2,827352
9495,112747 13754,872213 2,793308
9545,112747 13754,872213 2,769702
9595,112747 13754,872213 2,764927
9645,112747 13754,872213 2,777485
9695,112747 13754,872213 2,795886
9745,112747 13754,872213 2,799022
9795,112747 13754,872213 2,757052
9845,112747 13754,872213 2,632755
9895,112747 13754,872213 2,383292
9945,112747 13754,872213 1,962283
9995,112747 13754,872213 1,322092
10045,112747 13754,872213 0,416199
10095,112747 13754,872213 -0,798431
10145,112747 13754,872213 -2,359100
10195,112747 13754,872213 -4,295300
10245,112747 13754,872213 -6,626893
10295,112747 13754,872213 -9,362580
10345,112747 13754,872213 -12,498733
10395,112747 13754,872213 -16,018616
10445,112747 13754,872213 -19,892066
10495,112747 13754,872213 -24,075682
10545,112747 13754,872213 -28,513568
10595,112747 13754,872213 -33,138662
10645,112747 13754,872213 -37,874656
10695,112747 13754,872213 -42,638455
10745,112747 13754,872213 -47,343103
10795,112747 13754,872213 -51,901017
10845,112747 13754,872213 -56,227347
10895,112747 13754,872213 -60,243252
10945,112747 13754,872213 -63,878851
10995,112747 13754,872213 -67,075666
11045,112747 13754,872213 -69,788383
11095,112747 13754,872213 -71,985846
11145,112747 13754,872213 -73,651254
11195,112747 13754,872213 -74,781628
11245,112747 13754,872213 -75,386643
11295,112747 13754,872213 -75,486980
11345,112747 13754,872213 -75,112380
11395,112747 13754,872213 -74,299554
11445,112747 13754,872213 -73,090104
11495,112747 13754,872213 -71,528580
11545,112747 13754,872213 -69,660746
11595,112747 13754,872213 -72,644806
11645,112747 13754,872213 -70,826949
11695,112747 13754,872213 -68,870830
11745,112747 13754,872213 -66,805980
11795,112747 13754,872213 -64,659171
11845,112747 13754,872213 -62,454325
11895,112747 13754,872213 -60,212528
11945,112747 13754,872213 -57,952137
11995,112747 13754,872213 -55,688933
12045,112747 13754,872213 -53,436323
12095,112747 13754,872213 -51,205555
12145,112747 13754,872213 -49,005951
12195,112747 13754,872213 -46,845125
12245,112747 13754,872213 -44,729212
12295,112747 13754,872213 -42,663065
12345,112747 13754,872213 -34,496420
12395,112747 13754,872213 -32,326693
12445,112747 13754,872213 -30,231913
12495,112747 13754,872213 -28,214226
12545,112747 13754,872213 -26,275055
12595,112747 13754,872213 -24,415213
12645,112747 13754,872213 -22,634991
12695,112747 13754,872213 -20,934233
12745,112747 13754,872213 -19,312409
12795,112747 13754,872213 -17,768658
12845,112747 13754,872213 -16,301837
12895,112747 13754,872213 -14,910554
12945,112747 13754,872213 -13,593195
12995,112747 13754,872213 -12,347945
13045,112747 13754,872213 -11,172808
13095,112747 13754,872213 -10,065618
13145,112747 13754,872213 -9,024053
13195,112747 13754,872213 -8,045648
13245,112747 13754,872213 -7,127804
13295,112747 13754,872213 -6,267802
13345,112747 13754,872213 -5,462813
13395,112747 13754,872213 -4,709917
13445,112747 13754,872213 -4,006113
13495,112747 13754,872213 -3,348342
13545,112747 13754,872213 -2,733502
13595,112747 13754,872213 0,149557
13645,112747 13754,872213 0,686001
13695,112747 13754,872213 1,188891
13745,112747 13754,872213 1,661729
13795,112747 13754,872213 2,107926
13845,112747 13754,872213 2,530783
13895,112747 13754,872213 2,933469
13945,112747 13754,872213 3,319004
13995,112747 13754,872213 3,690243
6545,112747 13804,872213 -149,608230
6595,112747 13804,872213 -157,359065
6645,112747 13804,872213 -166,583528
6695,112747 13804,872213 -173,817160
6745,112747 13804,872213 -180,865599
6795,112747 13804,872213 -187,680691
6845,112747 13804,872213 -194,209906
6895,112747 13804,872213 -200,396447
6945,112747 13804,872213 -206,179515
6995,112747 13804,872213 -211,494753
7045,112747 13804,872213 -216,274905
7095,112747 13804,872213 -220,450727
7145,112747 13804,872213 -223,952163
7195,112747 13804,872213 -226,709800
7245,112747 13804,872213 -228,656610
7295,112747 13804,872213 -229,729944
7345,112747 13804,872213 -229,873744
7395,112747 13804,872213 -229,040886
7445,112747 13804,872213 -227,195575
7495,112747 13804,872213 -224,315636
7545,112747 13804,872213 -220,394584
7595,112747 13804,872213 -215,443297
7645,112747 13804,872213 -209,491150
7695,112747 13804,872213 -202,586477
7745,112747 13804,872213 -194,796266
7795,112747 13804,872213 -186,205046
7845,112747 13804,872213 -176,912982
7895,112747 13804,872213 -167,033255
7945,112747 13804,872213 -156,688876
7995,112747 13804,872213 -146,009111
8045,112747 13804,872213 -135,125727
8095,112747 13804,872213 -124,169291
8145,112747 13804,872213 -113,265705
8195,112747 13804,872213 -102,533160
8245,112747 13804,872213 -92,079631
8295,112747 13804,872213 -82,000965
8345,112747 13804,872213 -72,379607
8395,112747 13804,872213 -63,283914
8445,112747 13804,872213 -54,768008
8495,112747 13804,872213 -46,872074
8545,112747 13804,872213 -39,623009
8595,112747 13804,872213 -33,035319
8645,112747 13804,872213 -27,112181
8695,112747 13804,872213 -21,846573
8745,112747 13804,872213 -17,222427
8795,112747 13804,872213 -13,215753
8845,112747 13804,872213 -9,795702
8895,112747 13804,872213 -6,925572
8945,112747 13804,872213 -4,563747
8995,112747 13804,872213 -2,633148
9045,112747 13804,872213 -1,166381
9095,112747 13804,872213 -0,056495
9145,112747 13804,872213 0,747467
9195,112747 13804,872213 1,296804
9245,112747 13804,872213 1,642100
9295,112747 13804,872213 1,832037
9345,112747 13804,872213 1,912108
9395,112747 13804,872213 1,923241
9445,112747 13804,872213 1,900410
9495,112747 13804,872213 1,871297
9545,112747 13804,872213 1,855111
9595,112747 13804,872213 1,861670
9645,112747 13804,872213 1,890834
9695,112747 13804,872213 1,932383
9745,112747 13804,872213 1,966392
9795,112747 13804,872213 1,964106
9845,112747 13804,872213 1,889305
9895,112747 13804,872213 1,700079
9945,112747 13804,872213 1,350929
9995,112747 13804,872213 0,795072
10045,112747 13804,872213 -0,013167
10095,112747 13804,872213 -1,115981
10145,112747 13804,872213 -2,549839
10195,112747 13804,872213 -4,343450
10245,112747 13804,872213 -6,515999
10295,112747 13804,872213 -9,075715
10345,112747 13804,872213 -12,018816
10395,112747 13804,872213 -15,328864
10445,112747 13804,872213 -18,976598
10495,112747 13804,872213 -22,920244
10545,112747 13804,872213 -27,106366
10595,112747 13804,872213 -31,471245
10645,112747 13804,872213 -35,942785
10695,112747 13804,872213 -40,442877
10745,112747 13804,872213 -44,890146
10795,112747 13804,872213 -49,202928
10845,112747 13804,872213 -53,302318
10895,112747 13804,872213 -57,115100
10945,112747 13804,872213 -60,576364
10995,112747 13804,872213 -63,631646
11045,112747 13804,872213 -66,238462
11095,112747 13804,872213 -68,367166
11145,112747 13804,872213 -70,001122
11195,112747 13804,872213 -71,136227
11245,112747 13804,872213 -71,779897
11295,112747 13804,872213 -71,949638
11345,112747 13804,872213 -71,671336
11395,112747 13804,872213 -70,977428
11445,112747 13804,872213 -69,905069
11495,112747 13804,872213 -68,494398
11545,112747 13804,872213 -66,786982
11595,112747 13804,872213 -70,513696
11645,112747 13804,872213 -68,827719
11695,112747 13804,872213 -67,001921
11745,112747 13804,872213 -65,063977
11795,112747 13804,872213 -63,039179
11845,112747 13804,872213 -60,950317
11895,112747 13804,872213 -58,817663
11945,112747 13804,872213 -56,659037
11995,112747 13804,872213 -54,489923
12045,112747 13804,872213 -52,323632
12095,112747 13804,872213 -50,171480
12145,112747 13804,872213 -48,042988
12195,112747 13804,872213 -45,946073
12245,112747 13804,872213 -43,887244
12295,112747 13804,872213 -41,871786
12345,112747 13804,872213 -33,626717
12395,112747 13804,872213 -31,508483
12445,112747 13804,872213 -29,460331
12495,112747 13804,872213 -27,484937
12545,112747 13804,872213 -25,584243
12595,112747 13804,872213 -23,759564
12645,112747 13804,872213 -22,011665
12695,112747 13804,872213 -20,340843
12745,112747 13804,872213 -18,746979
12795,112747 13804,872213 -17,229597
12845,112747 13804,872213 -15,787898
12895,112747 13804,872213 -14,420799
12945,112747 13804,872213 -13,126956
12995,112747 13804,872213 -11,904785
13045,112747 13804,872213 -10,752485
13095,112747 13804,872213 -9,668048
13145,112747 13804,872213 -8,649276
13195,112747 13804,872213 -7,693792
13245,112747 13804,872213 -6,799057
13295,112747 13804,872213 -5,962379
13345,112747 13804,872213 -5,180935
13395,112747 13804,872213 -4,451781
13445,112747 13804,872213 -3,771878
13495,112747 13804,872213 -3,138109
13545,112747 13804,872213 -2,547300
13595,112747 13804,872213 0,221559
13645,112747 13804,872213 0,730452
13695,112747 13804,872213 1,206280
13745,112747 13804,872213 1,652650
13795,112747 13804,872213 2,073075
13845,112747 13804,872213 2,470948
13895,112747 13804,872213 2,849521
13945,112747 13804,872213 3,211888
13995,112747 13804,872213 3,560968
6545,112747 13854,872213 -153,576505
6595,112747 13854,872213 -161,368894
6645,112747 13854,872213 -170,519122
6695,112747 13854,872213 -177,809331
6745,112747 13854,872213 -184,919213
6795,112747 13854,872213 -191,800697
6845,112747 13854,872213 -198,401230
6895,112747 13854,872213 -204,663858
6945,112747 13854,872213 -210,527466
6995,112747 13854,872213 -215,927191
7045,112747 13854,872213 -220,795055
7095,112747 13854,872213 -225,060846
7145,112747 13854,872213 -228,653274
7195,112747 13854,872213 -231,501411
7245,112747 13854,872213 -233,536429
7295,112747 13854,872213 -234,693604
7345,112747 13854,872213 -234,914553
7395,112747 13854,872213 -234,149629
7445,112747 13854,872213 -232,360376
7495,112747 13854,872213 -229,521917
7545,112747 13854,872213 -225,625127
7595,112747 13854,872213 -220,678428
7645,112747 13854,872213 -214,709052
7695,112747 13854,872213 -207,763629
7745,112747 13854,872213 -199,907998
7795,112747 13854,872213 -191,226178
7845,112747 13854,872213 -181,818530
7895,112747 13854,872213 -171,799150
7945,112747 13854,872213 -161,292671
7995,112747 13854,872213 -150,430615
8045,112747 13854,872213 -139,347555
8095,112747 13854,872213 -128,177281
8145,112747 13854,872213 -117,049194
8195,112747 13854,872213 -106,085120
8245,112747 13854,872213 -95,396654
8295,112747 13854,872213 -85,083126
8345,112747 13854,872213 -75,230215
8395,112747 13854,872213 -65,909182
8445,112747 13854,872213 -57,176664
8495,112747 13854,872213 -49,074936
8545,112747 13854,872213 -41,632553
8595,112747 13854,872213 -34,865254
8645,112747 13854,872213 -28,777044
8695,112747 13854,872213 -23,361357
8745,112747 13854,872213 -18,602251
8795,112747 13854,872213 -14,475574
8845,112747 13854,872213 -10,950070
8895,112747 13854,872213 -7,988428
8945,112747 13854,872213 -5,548261
8995,112747 13854,872213 -3,542606
9045,112747 13854,872213 -2,021740
9095,112747 13854,872213 -0,867850
9145,112747 13854,872213 -0,028933
9195,112747 13854,872213 0,547397
9245,112747 13854,872213 0,912840
9295,112747 13854,872213 1,117226
9345,112747 13854,872213 1,207225
9395,112747 13854,872213 1,224977
9445,112747 13854,872213 1,206700
9495,112747 13854,872213 1,181355
9545,112747 13854,872213 1,169466
9595,112747 13854,872213 1,182195
9645,112747 13854,872213 1,220768
9695,112747 13854,872213 1,276348
9745,112747 13854,872213 1,330395
9795,112747 13854,872213 1,355540
9845,112747 13854,872213 1,316934
9895,112747 13854,872213 1,174032
9945,112747 13854,872213 0,882677
9995,112747 13854,872213 0,397413
10045,112747 13854,872213 -0,326136
10095,112747 13854,872213 -1,328912
10145,112747 13854,872213 -2,646214
10195,112747 13854,872213 -4,305713
10245,112747 13854,872213 -6,325767
10295,112747 13854,872213 -8,714087
10345,112747 13854,872213 -11,466796
10395,112747 13854,872213 -14,567917
10445,112747 13854,872213 -17,989321
10495,112747 13854,872213 -21,691156
10545,112747 13854,872213 -25,622765
10595,112747 13854,872213 -29,724088
10645,112747 13854,872213 -33,927520
10695,112747 13854,872213 -38,160162
10745,112747 13854,872213 -42,346366
10795,112747 13854,872213 -46,410453
10845,112747 13854,872213 -50,279459
10895,112747 13854,872213 -53,885730
10945,112747 13854,872213 -57,169230
10995,112747 13854,872213 -60,079409
11045,112747 13854,872213 -62,576535
11095,112747 13854,872213 -64,632437
11145,112747 13854,872213 -66,230654
11195,112747 13854,872213 -67,366031
11245,112747 13854,872213 -68,043847
11295,112747 13854,872213 -68,278582
11345,112747 13854,872213 -68,092443
11395,112747 13854,872213 -67,513770
11445,112747 13854,872213 -66,575429
11495,112747 13854,872213 -65,313286
11545,112747 13854,872213 -63,764812
11595,112747 13854,872213 -68,262683
11645,112747 13854,872213 -66,708904
11695,112747 13854,872213 -65,014429
11745,112747 13854,872213 -63,205048
11795,112747 13854,872213 -61,304526
11845,112747 13854,872213 -59,334456
11895,112747 13854,872213 -57,314226
11945,112747 13854,872213 -55,261042
11995,112747 13854,872213 -53,190015
12045,112747 13854,872213 -51,114280
12095,112747 13854,872213 -49,045151
12145,112747 13854,872213 -46,992278
12195,112747 13854,872213 -44,963819
12245,112747 13854,872213 -42,966605
12295,112747 13854,872213 -41,006306
12345,112747 13854,872213 -32,677419
12395,112747 13854,872213 -30,616181
12445,112747 13854,872213 -28,619978
12495,112747 13854,872213 -26,691993
12545,112747 13854,872213 -24,834674
12595,112747 13854,872213 -23,049824
12645,112747 13854,872213 -21,338681
12695,112747 13854,872213 -19,701987
12745,112747 13854,872213 -18,140043
12795,112747 13854,872213 -16,652757
12845,112747 13854,872213 -15,239683
12895,112747 13854,872213 -13,900052
12945,112747 13854,872213 -12,632798
12995,112747 13854,872213 -11,436580
13045,112747 13854,872213 -10,309800
13095,112747 13854,872213 -9,250617
13145,112747 13854,872213 -8,256966
13195,112747 13854,872213 -7,326567
13245,112747 13854,872213 -6,456947
13295,112747 13854,872213 -5,645451
13345,112747 13854,872213 -4,889263
13395,112747 13854,872213 -4,185428
13445,112747 13854,872213 -3,530869
13495,112747 13854,872213 -2,922415
13545,112747 13854,872213 -2,356828
13595,112747 13854,872213 0,295209
13645,112747 13854,872213 0,775614
13695,112747 13854,872213 1,223575
13745,112747 13854,872213 1,642799
13795,112747 13854,872213 2,036891
13845,112747 13854,872213 2,409331
13895,112747 13854,872213 2,763452
13945,112747 13854,872213 3,102412
13995,112747 13854,872213 3,429187
6545,112747 13904,872213 -156,950865
6595,112747 13904,872213 -164,758407
6645,112747 13904,872213 -173,830124
6695,112747 13904,872213 -181,148337
6745,112747 13904,872213 -188,290289
6795,112747 13904,872213 -195,208149
6845,112747 13904,872213 -201,849539
6895,112747 13904,872213 -208,157599
6945,112747 13904,872213 -214,071194
6995,112747 13904,872213 -219,525310
7045,112747 13904,872213 -224,451651
7095,112747 13904,872213 -228,779501
7145,112747 13904,872213 -232,436841
7195,112747 13904,872213 -235,351783
7245,112747 13904,872213 -237,454274
7295,112747 13904,872213 -238,678109
7345,112747 13904,872213 -238,963163
7395,112747 13904,872213 -238,257818
7445,112747 13904,872213 -236,521451
7495,112747 13904,872213 -233,726890
7545,112747 13904,872213 -229,862661
7595,112747 13904,872213 -224,934884
7645,112747 13904,872213 -218,968642
7695,112747 13904,872213 -212,008687
7745,112747 13904,872213 -204,119356
7795,112747 13904,872213 -195,383648
7845,112747 13904,872213 -185,901454
7895,112747 13904,872213 -175,787008
7945,112747 13904,872213 -165,165689
7995,112747 13904,872213 -154,170365
8045,112747 13904,872213 -142,937484
8095,112747 13904,872213 -131,603160
8145,112747 13904,872213 -120,299461
8195,112747 13904,872213 -109,151093
8245,112747 13904,872213 -98,272630
8295,112747 13904,872213 -87,766355
8345,112747 13904,872213 -77,720777
8395,112747 13904,872213 -68,209768
8445,112747 13904,872213 -59,292296
8495,112747 13904,872213 -51,012646
8545,112747 13904,872213 -43,401031
8595,112747 13904,872213 -36,474495
8645,112747 13904,872213 -30,238002
8695,112747 13904,872213 -24,685624
8745,112747 13904,872213 -19,801761
8795,112747 13904,872213 -15,562343
8845,112747 13904,872213 -11,935980
8895,112747 13904,872213 -8,885040
8945,112747 13904,872213 -6,366679
8995,112747 13904,872213 -4,286880
9045,112747 13904,872213 -2,708923
9095,112747 13904,872213 -1,506975
9145,112747 13904,872213 -0,628345
9195,112747 13904,872213 -0,019934
9245,112747 13904,872213 0,370697
9295,112747 13904,872213 0,594152
9345,112747 13904,872213 0,697913
9395,112747 13904,872213 0,724986
9445,112747 13904,872213 0,712529
9495,112747 13904,872213 0,690529
9545,112747 13904,872213 0,680638
9595,112747 13904,872213 0,695256
9645,112747 13904,872213 0,736960
9695,112747 13904,872213 0,798379
9745,112747 13904,872213 0,862540
9795,112747 13904,872213 0,903727
9845,112747 13904,872213 0,888812
9895,112747 13904,872213 0,779014
9945,112747 13904,872213 0,531958
9995,112747 13904,872213 0,103956
10045,112747 13904,872213 -0,547650
10095,112747 13904,872213 -1,462177
10145,112747 13904,872213 -2,673451
10195,112747 13904,872213 -4,207892
10245,112747 13904,872213 -6,082915
10295,112747 13904,872213 -8,305697
10345,112747 13904,872213 -10,872350
10395,112747 13904,872213 -13,767516
10445,112747 13904,872213 -16,964427
10495,112747 13904,872213 -20,425409
10545,112747 13904,872213 -24,102843
10595,112747 13904,872213 -27,940565
10645,112747 13904,872213 -31,875644
10695,112747 13904,872213 -35,840500
10745,112747 13904,872213 -39,765242
10795,112747 13904,872213 -43,580131
10845,112747 13904,872213 -47,218028
10895,112747 13904,872213 -50,616691
10945,112747 13904,872213 -53,720794
10995,112747 13904,872213 -56,483554
11045,112747 13904,872213 -58,867886
11095,112747 13904,872213 -60,847053
11145,112747 13904,872213 -62,404802
11195,112747 13904,872213 -63,535028
11245,112747 13904,872213 -64,241033
11295,112747 13904,872213 -64,534484
11345,112747 13904,872213 -64,434139
11395,112747 13904,872213 -63,964482
11445,112747 13904,872213 -63,154318
11495,112747 13904,872213 -62,035437
11545,112747 13904,872213 -60,641376
11595,112747 13904,872213 -65,926207
11645,112747 13904,872213 -64,502470
11695,112747 13904,872213 -62,937888
11745,112747 13904,872213 -61,256367
11795,112747 13904,872213 -59,480112
11845,112747 13904,872213 -57,629483
11895,112747 13904,872213 -55,722919
11945,112747 13904,872213 -53,776945
11995,112747 13904,872213 -51,806224
12045,112747 13904,872213 -49,823644
12095,112747 13904,872213 -47,840439
12145,112747 13904,872213 -45,866318
12195,112747 13904,872213 -43,909612
12245,112747 13904,872213 -41,977417
12295,112747 13904,872213 -40,075732
12345,112747 13904,872213 -31,657915
12395,112747 13904,872213 -29,658299
12445,112747 13904,872213 -27,718580
12495,112747 13904,872213 -25,842422
12545,112747 13904,872213 -24,032753
12595,112747 13904,872213 -22,291848
12645,112747 13904,872213 -20,621404
12695,112747 13904,872213 -19,022600
12745,112747 13904,872213 -17,496150
12795,112747 13904,872213 -16,042347
12845,112747 13904,872213 -14,661094
12895,112747 13904,872213 -13,351942
12945,112747 13904,872213 -12,114106
12995,112747 13904,872213 -10,946493
13045,112747 13904,872213 -9,847714
13095,112747 13904,872213 -8,816101
13145,112747 13904,872213 -7,849726
13195,112747 13904,872213 -6,946416
13245,112747 13904,872213 -6,103766
13295,112747 13904,872213 -5,319165
13345,112747 13904,872213 -4,589810
13395,112747 13904,872213 -3,912736
13445,112747 13904,872213 -3,284835
13495,112747 13904,872213 -2,702888
13545,112747 13904,872213 -2,163592
13595,112747 13904,872213 0,369188
13645,112747 13904,872213 0,820307
13695,112747 13904,872213 1,239729
13745,112747 13904,872213 1,631255
13795,112747 13904,872213 1,998579
13845,112747 13904,872213 2,345262
13895,112747 13904,872213 2,674705
13945,112747 13904,872213 2,990128
13995,112747 13904,872213 3,294554
6545,112747 13954,872213 -159,733645
6595,112747 13954,872213 -167,529593
6645,112747 13954,872213 -176,516451
6695,112747 13954,872213 -183,833458
6745,112747 13954,872213 -190,977362
6795,112747 13954,872213 -197,900715
6845,112747 13954,872213 -204,551504
6895,112747 13954,872213 -210,873197
6945,112747 13954,872213 -216,804932
6995,112747 13954,872213 -222,281885
7045,112747 13954,872213 -227,235848
7095,112747 13954,872213 -231,596056
7145,112747 13954,872213 -235,290285
7195,112747 13954,872213 -238,246241
7245,112747 13954,872213 -240,393255
7295,112747 13954,872213 -241,664258
7345,112747 13954,872213 -241,998014
7395,112747 13954,872213 -241,341535
7445,112747 13954,872213 -239,652592
7495,112747 13954,872213 -236,902193
7545,112747 13954,872213 -233,076886
7595,112747 13954,872213 -228,180722
7645,112747 13954,872213 -222,236711
7695,112747 13954,872213 -215,287621
7745,112747 13954,872213 -207,396004
7795,112747 13954,872213 -198,643369
7845,112747 13954,872213 -189,128506
7895,112747 13954,872213 -178,965010
7945,112747 13954,872213 -168,278125
7995,112747 13954,872213 -157,201107
8045,112747 13954,872213 -145,871299
8095,112747 13954,872213 -134,426170
8145,112747 13954,872213 -122,999532
8195,112747 13954,872213 -111,718138
8245,112747 13954,872213 -100,698803
8295,112747 13954,872213 -90,046154
8345,112747 13954,872213 -79,851034
8395,112747 13954,872213 -70,189569
8445,112747 13954,872213 -61,122816
8495,112747 13954,872213 -52,696935
8545,112747 13954,872213 -44,943761
8595,112747 13954,872213 -37,881691
8645,112747 13954,872213 -31,516761
8695,112747 13954,872213 -25,843851
8745,112747 13954,872213 -20,847919
8795,112747 13954,872213 -16,505230
8845,112747 13954,872213 -12,784533
8895,112747 13954,872213 -9,648182
8945,112747 13954,872213 -7,053189
8995,112747 13954,872213 -4,900545
9045,112747 13954,872213 -3,263458
9095,112747 13954,872213 -2,010130
9145,112747 13954,872213 -1,087551
9195,112747 13954,872213 -0,442287
9245,112747 13954,872213 -0,021539
9295,112747 13954,872213 0,225686
9345,112747 13954,872213 0,347311
9395,112747 13954,872213 0,386864
9445,112747 13954,872213 0,382124
9495,112747 13954,872213 0,363841
9545,112747 13954,872213 0,354591
9595,112747 13954,872213 0,367888
9645,112747 13954,872213 0,407626
9695,112747 13954,872213 0,467951
9745,112747 13954,872213 0,533605
9795,112747 13954,872213 0,580758
9845,112747 13954,872213 0,578312
9895,112747 13954,872213 0,489610
9945,112747 13954,872213 0,274449
9995,112747 13954,872213 -0,108695
10045,112747 13954,872213 -0,700389
10095,112747 13954,872213 -1,538000
10145,112747 13954,872213 -2,653625
10195,112747 13954,872213 -4,072260
10245,112747 13954,872213 -5,810293
10295,112747 13954,872213 -7,874379
10345,112747 13954,872213 -10,260704
10395,112747 13954,872213 -12,954689
10445,112747 13954,872213 -15,931118
10495,112747 13954,872213 -19,154706
10545,112747 13954,872213 -22,581067
10595,112747 13954,872213 -26,158080
10645,112747 13954,872213 -29,827579
10695,112747 13954,872213 -33,527310
10745,112747 13954,872213 -37,193068
10795,112747 13954,872213 -40,760911
10845,112747 13954,872213 -44,169334
10895,112747 13954,872213 -47,361286
10945,112747 13954,872213 -50,285940
10995,112747 13954,872213 -52,900102
11045,112747 13954,872213 -55,169218
11095,112747 13954,872213 -57,067945
11145,112747 13954,872213 -58,580283
11195,112747 13954,872213 -59,699300
11245,112747 13954,872213 -60,426519
11295,112747 13954,872213 -60,771034
11345,112747 13954,872213 -60,748434
11395,112747 13954,872213 -60,379627
11445,112747 13954,872213 -59,689632
11495,112747 13954,872213 -58,706408
11545,112747 13954,872213 -57,459768
11595,112747 13954,872213 -63,536153
11645,112747 13954,872213 -62,238224
11695,112747 13954,872213 -60,800040
11745,112747 13954,872213 -59,243642
11795,112747 13954,872213 -57,589677
11845,112747 13954,872213 -55,857235
11895,112747 13954,872213 -54,063767
11945,112747 13954,872213 -52,225058
11995,112747 13954,872213 -50,355254
12045,112747 13954,872213 -48,466926
12095,112747 13954,872213 -46,571155
12145,112747 13954,872213 -44,677639
12195,112747 13954,872213 -42,794816
12245,112747 13954,872213 -40,929977
12295,112747 13954,872213 -39,089394
12345,112747 13954,872213 -30,577916
12395,112747 13954,872213 -28,643688
12445,112747 13954,872213 -26,764219
12495,112747 13954,872213 -24,943614
12545,112747 13954,872213 -23,185252
12595,112747 13954,872213 -21,491856
12645,112747 13954,872213 -19,865562
12695,112747 13954,872213 -18,307970
12745,112747 13954,872213 -16,820196
12795,112747 13954,872213 -15,402908
12845,112747 13954,872213 -14,056358
12895,112747 13954,872213 -12,780411
12945,112747 13954,872213 -11,574565
12995,112747 13954,872213 -10,437973
13045,112747 13954,872213 -9,369458
13095,112747 13954,872213 -8,367529
13145,112747 13954,872213 -7,430401
13195,112747 13954,872213 -6,556004
13245,112747 13954,872213 -5,742013
13295,112747 13954,872213 -4,985860
13345,112747 13954,872213 -4,284761
13395,112747 13954,872213 -3,635742
13445,112747 13954,872213 -3,035670
13495,112747 13954,872213 -2,481279
13545,112747 13954,872213 -1,969206
13595,112747 13954,872213 0,442126
13645,112747 13954,872213 0,863312
13695,112747 13954,872213 1,253671
13745,112747 13954,872213 1,617091
13795,112747 13954,872213 1,957348
13845,112747 13954,872213 2,278078
13895,112747 13954,872213 2,582743
13945,112747 13954,872213 2,874618
13995,112747 13954,872213 3,156764
6545,112747 14004,872213 -174,405613
6595,112747 14004,872213 -181,047146
6645,112747 14004,872213 -188,729001
6695,112747 14004,872213 -194,933673
6745,112747 14004,872213 -200,983250
6795,112747 14004,872213 -206,839196
6845,112747 14004,872213 -212,459331
6895,112747 14004,872213 -217,797827
6945,112747 14004,872213 -222,805302
6995,112747 14004,872213 -227,429044
7045,112747 14004,872213 -231,613376
7095,112747 14004,872213 -235,300208
7145,112747 14004,872213 -238,429790
7195,112747 14004,872213 -240,941683
7245,112747 14004,872213 -242,775973
7295,112747 14004,872213 -243,874721
7345,112747 14004,872213 -244,183630
7395,112747 14004,872213 -243,653907
7445,112747 14004,872213 -242,244256
7495,112747 14004,872213 -239,922922
7545,112747 14004,872213 -236,669690
7595,112747 14004,872213 -232,477708
7645,112747 14004,872213 -227,355020
7695,112747 14004,872213 -221,325659
7745,112747 14004,872213 -214,430194
7795,112747 14004,872213 -206,725635
7845,112747 14004,872213 -198,284644
7895,112747 14004,872213 -189,194056
7945,112747 14004,872213 -179,552741
7995,112747 14004,872213 -169,468948
8045,112747 14004,872213 -159,057232
8095,112747 14004,872213 -148,435188
8145,112747 14004,872213 -137,720148
8195,112747 14004,872213 -127,026038
8245,112747 14004,872213 -116,460558
8295,112747 14004,872213 -106,122801
8345,112747 14004,872213 -96,101391
8395,112747 14004,872213 -86,473186
8445,112747 14004,872213 -77,302513
8495,112747 14004,872213 -68,640925
8545,112747 14004,872213 -60,527378
8595,112747 14004,872213 -52,988779
8645,112747 14004,872213 -46,040787
8695,112747 14004,872213 -39,688814
8745,112747 14004,872213 -33,929120
8795,112747 14004,872213 -28,749976
8845,112747 14004,872213 -24,132811
8895,112747 14004,872213 -20,053338
8945,112747 14004,872213 -16,482640
8995,112747 14004,872213 -13,251284
9045,112747 14004,872213 -10,636337
9095,112747 14004,872213 -8,416947
9145,112747 14004,872213 -6,556623
9195,112747 14004,872213 -5,018958
9245,112747 14004,872213 -3,768414
9295,112747 14004,872213 -2,771103
9345,112747 14004,872213 -1,995568
9395,112747 14004,872213 -1,413547
9445,112747 14004,872213 -1,000676
9495,112747 14004,872213 -0,737124
9545,112747 14004,872213 -0,608092
9595,112747 14004,872213 -0,604150
9645,112747 14004,872213 -0,721347
9695,112747 14004,872213 -0,961091
9745,112747 14004,872213 -1,329749
9795,112747 14004,872213 -1,837982
9845,112747 14004,872213 -2,499828
9895,112747 14004,872213 -3,331578
9945,112747 14004,872213 -4,350483
9995,112747 14004,872213 -5,573385
10045,112747 14004,872213 -7,015319
10095,112747 14004,872213 -8,688182
10145,112747 14004,872213 -10,599528
10195,112747 14004,872213 -12,751550
10245,112747 14004,872213 -15,140311
10295,112747 14004,872213 -17,755245
10345,112747 14004,872213 -20,578972
10395,112747 14004,872213 -23,587422
10445,112747 14004,872213 -26,750277
10495,112747 14004,872213 -30,031710
10545,112747 14004,872213 -33,391387
10595,112747 14004,872213 -36,785698
10645,112747 14004,872213 -40,169141
10695,112747 14004,872213 -43,495800
10745,112747 14004,872213 -46,720842
10795,112747 14004,872213 -49,801940
10845,112747 14004,872213 -52,700561
10895,112747 14004,872213 -55,383042
10945,112747 14004,872213 -57,821415
10995,112747 14004,872213 -59,993936
11045,112747 14004,872213 -61,885324
11095,112747 14004,872213 -63,486716
11145,112747 14004,872213 -64,795358
11195,112747 14004,872213 -65,814095
11245,112747 14004,872213 -66,550699
11295,112747 14004,872213 -67,017086
11345,112747 14004,872213 -67,228494
11395,112747 14004,872213 -67,202650
11445,112747 14004,872213 -66,958976
11495,112747 14004,872213 -66,517864
11545,112747 14004,872213 -65,900036
11595,112747 14004,872213 -73,548256
11645,112747 14004,872213 -73,010106
11695,112747 14004,872213 -72,387356
11745,112747 14004,872213 -71,691198
11795,112747 14004,872213 -70,931445
11845,112747 14004,872213 -70,116557
11895,112747 14004,872213 -69,253693
11945,112747 14004,872213 -68,348797
11995,112747 14004,872213 -67,406701
12045,112747 14004,872213 -66,431247
12095,112747 14004,872213 -65,425411
12145,112747 14004,872213 -64,391438
12195,112747 14004,872213 -63,330973
12245,112747 14004,872213 -62,245194
12295,112747 14004,872213 -61,134938
12345,112747 14004,872213 -53,744041
12395,112747 14004,872213 -52,466083
12445,112747 14004,872213 -51,179247
12495,112747 14004,872213 -49,884765
12545,112747 14004,872213 -48,583894
12595,112747 14004,872213 -47,277988
12645,112747 14004,872213 -45,968572
12695,112747 14004,872213 -44,657385
12745,112747 14004,872213 -43,346429
12795,112747 14004,872213 -42,037991
12845,112747 14004,872213 -40,734655
12895,112747 14004,872213 -39,439302
12945,112747 14004,872213 -38,155100
12995,112747 14004,872213 -36,885472
13045,112747 14004,872213 -35,634064
13095,112747 14004,872213 -34,404694
13145,112747 14004,872213 -33,201301
13195,112747 14004,872213 -32,027878
13245,112747 14004,872213 -30,888412
13295,112747 14004,872213 -29,786813
13345,112747 14004,872213 -28,726848
13395,112747 14004,872213 -27,712077
13445,112747 14004,872213 -26,745789
13495,112747 14004,872213 -25,830956
13545,112747 14004,872213 -24,970180
13595,112747 14004,872213 -22,744365
13645,112747 14004,872213 -22,004958
13695,112747 14004,872213 -21,324687
13745,112747 14004,872213 -20,704052
13795,112747 14004,872213 -20,143127
13845,112747 14004,872213 -19,641579
13895,112747 14004,872213 -19,198696
13945,112747 14004,872213 -18,813408
13995,112747 14004,872213 -18,484332
6545,112747 14054,872213 -175,834446
6595,112747 14054,872213 -182,413429
6645,112747 14054,872213 -189,999925
6695,112747 14054,872213 -196,147862
6745,112747 14054,872213 -202,142362
6795,112747 14054,872213 -207,945452
6845,112747 14054,872213 -213,515560
6895,112747 14054,872213 -218,807503
6945,112747 14054,872213 -223,772575
6995,112747 14054,872213 -228,358753
7045,112747 14054,872213 -232,511053
7095,112747 14054,872213 -236,172058
7145,112747 14054,872213 -239,282644
7195,112747 14054,872213 -241,782921
7245,112747 14054,872213 -243,613417
7295,112747 14054,872213 -244,716483
7345,112747 14054,872213 -245,037926
7395,112747 14054,872213 -244,528836
7445,112747 14054,872213 -243,147541
7495,112747 14054,872213 -240,861628
7545,112747 14054,872213 -237,649930
7595,112747 14054,872213 -233,504350
7645,112747 14054,872213 -228,431414
7695,112747 14054,872213 -222,453403
7745,112747 14054,872213 -215,608963
7795,112747 14054,872213 -207,953079
7845,112747 14054,872213 -199,556381
7895,112747 14054,872213 -190,503754
7945,112747 14054,872213 -180,892303
7995,112747 14054,872213 -170,828767
8045,112747 14054,872213 -160,426533
8095,112747 14054,872213 -149,802405
8145,112747 14054,872213 -139,073329
8195,112747 14054,872213 -128,353250
8245,112747 14054,872213 -117,750260
8295,112747 14054,872213 -107,364177
8345,112747 14054,872213 -97,284625
8395,112747 14054,872213 -87,589661
8445,112747 14054,872213 -78,344952
8495,112747 14054,872213 -69,603453
8545,112747 14054,872213 -61,405537
8595,112747 14054,872213 -53,779483
8645,112747 14054,872213 -46,742252
8695,112747 14054,872213 -40,300452
8745,112747 14054,872213 -34,451431
8795,112747 14054,872213 -29,184425
8845,112747 14054,872213 -24,481722
8895,112747 14054,872213 -20,319794
8945,112747 14054,872213 -16,670394
8995,112747 14054,872213 -13,366557
9045,112747 14054,872213 -10,682760
9095,112747 14054,872213 -8,399658
9145,112747 14054,872213 -6,481266
9195,112747 14054,872213 -4,891653
9245,112747 14054,872213 -3,595712
9295,112747 14054,872213 -2,559924
9345,112747 14054,872213 -1,753106
9395,112747 14054,872213 -1,147138
9445,112747 14054,872213 -0,717627
9495,112747 14054,872213 -0,444500
9545,112747 14054,872213 -0,312464
9595,112747 14054,872213 -0,311307
9645,112747 14054,872213 -0,435994
9695,112747 14054,872213 -0,686536
9745,112747 14054,872213 -1,067606
9795,112747 14054,872213 -1,587902
9845,112747 14054,872213 -2,259288
9895,112747 14054,872213 -3,095730
9945,112747 14054,872213 -4,112091
9995,112747 14054,872213 -5,322853
10045,112747 14054,872213 -6,740821
10095,112747 14054,872213 -8,375893
10145,112747 14054,872213 -10,233960
10195,112747 14054,872213 -12,315983
10245,112747 14054,872213 -14,617315
10295,112747 14054,872213 -17,127270
10345,112747 14054,872213 -19,828997
10395,112747 14054,872213 -22,699630
10445,112747 14054,872213 -25,710732
10495,112747 14054,872213 -28,828996
10545,112747 14054,872213 -32,017185
10595,112747 14054,872213 -35,235252
10645,112747 14054,872213 -38,441587
10695,112747 14054,872213 -41,594336
10745,112747 14054,872213 -44,652715
10795,112747 14054,872213 -47,578253
10845,112747 14054,872213 -50,335908
10895,112747 14054,872213 -52,894994
10945,112747 14054,872213 -55,229884
10995,112747 14054,872213 -57,320467
11045,112747 14054,872213 -59,152352
11095,112747 14054,872213 -60,716830
11145,112747 14054,872213 -62,010623
11195,112747 14054,872213 -63,035448
11245,112747 14054,872213 -63,797448
11295,112747 14054,872213 -64,306531
11345,112747 14054,872213 -64,575661
11395,112747 14054,872213 -64,620145
11445,112747 14054,872213 -64,456943
11495,112747 14054,872213 -64,104027
11545,112747 14054,872213 -63,579821
11595,112747 14054,872213 -71,996124
11645,112747 14054,872213 -71,524263
11695,112747 14054,872213 -70,965307
11745,112747 14054,872213 -70,329529
11795,112747 14054,872213 -69,626004
11845,112747 14054,872213 -68,862611
11895,112747 14054,872213 -68,046078
11945,112747 14054,872213 -67,182050
11995,112747 14054,872213 -66,275172
12045,112747 14054,872213 -65,329198
12095,112747 14054,872213 -64,347099
12145,112747 14054,872213 -63,331183
12195,112747 14054,872213 -62,283215
12245,112747 14054,872213 -61,204538
12295,112747 14054,872213 -60,096192
12345,112747 14054,872213 -52,551494
12395,112747 14054,872213 -51,280664
12445,112747 14054,872213 -49,996484
12495,112747 14054,872213 -48,700526
12545,112747 14054,872213 -47,394402
12595,112747 14054,872213 -46,079835
12645,112747 14054,872213 -44,758724
12695,112747 14054,872213 -43,433196
12745,112747 14054,872213 -42,105642
12795,112747 14054,872213 -40,778743
12845,112747 14054,872213 -39,455480
12895,112747 14054,872213 -38,139131
12945,112747 14054,872213 -36,833255
12995,112747 14054,872213 -35,541662
13045,112747 14054,872213 -34,268374
13095,112747 14054,872213 -33,017573
13145,112747 14054,872213 -31,793542
13195,112747 14054,872213 -30,600601
13245,112747 14054,872213 -29,443035
13295,112747 14054,872213 -28,325027
13345,112747 14054,872213 -27,250580
13395,112747 14054,872213 -26,223460
13445,112747 14054,872213 -25,247123
13495,112747 14054,872213 -24,324671
13545,112747 14054,872213 -23,458796
13595,112747 14054,872213 -21,280151
13645,112747 14054,872213 -20,544032
13695,112747 14054,872213 -19,869364
13745,112747 14054,872213 -19,256571
13795,112747 14054,872213 -18,705631
13845,112747 14054,872213 -18,216093
13895,112747 14054,872213 -17,787108
13945,112747 14054,872213 -17,417461
13995,112747 14054,872213 -17,105609
6545,112747 14104,872213 -178,337118
6595,112747 14104,872213 -184,781763
6645,112747 14104,872213 -192,195634
6695,112747 14104,872213 -198,171376
6745,112747 14104,872213 -203,978899
6795,112747 14104,872213 -209,583568
6845,112747 14104,872213 -214,947643
6895,112747 14104,872213 -220,030243
6945,112747 14104,872213 -224,787389
6995,112747 14104,872213 -229,172136
7045,112747 14104,872213 -233,134822
7095,112747 14104,872213 -236,623458
7145,112747 14104,872213 -239,584270
7195,112747 14104,872213 -241,962432
7245,112747 14104,872213 -243,702999
7295,112747 14104,872213 -244,752045
7345,112747 14104,872213 -245,058024
7395,112747 14104,872213 -244,573318
7445,112747 14104,872213 -243,255964
7495,112747 14104,872213 -241,071496
7545,112747 14104,872213 -237,994837
7595,112747 14104,872213 -234,012147
7645,112747 14104,872213 -229,122515
7695,112747 14104,872213 -223,339385
7745,112747 14104,872213 -216,691574
7795,112747 14104,872213 -209,223785
7845,112747 14104,872213 -200,996513
7895,112747 14104,872213 -192,085292
7945,112747 14104,872213 -182,579262
7995,112747 14104,872213 -172,579109
8045,112747 14104,872213 -162,194452
8095,112747 14104,872213 -151,540828
8145,112747 14104,872213 -140,736435
8195,112747 14104,872213 -129,898815
8245,112747 14104,872213 -119,141684
8295,112747 14104,872213 -108,572041
8345,112747 14104,872213 -98,287724
8395,112747 14104,872213 -88,375479
8445,112747 14104,872213 -78,909603
8495,112747 14104,872213 -69,951153
8545,112747 14104,872213 -61,547690
8595,112747 14104,872213 -53,733491
8645,112747 14104,872213 -46,530152
8695,112747 14104,872213 -39,947483
8745,112747 14104,872213 -33,984628
8795,112747 14104,872213 -28,631297
8845,112747 14104,872213 -23,869084
8895,112747 14104,872213 -19,672782
8945,112747 14104,872213 -16,011678
8995,112747 14104,872213 -12,722509
9045,112747 14104,872213 -10,062425
9095,112747 14104,872213 -7,815333
9145,112747 14104,872213 -5,941775
9195,112747 14104,872213 -4,402422
9245,112747 14104,872213 -3,158951
9295,112747 14104,872213 -2,174874
9345,112747 14104,872213 -1,416342
9395,112747 14104,872213 -0,852884
9445,112747 14104,872213 -0,458089
9495,112747 14104,872213 -0,210181
9545,112747 14104,872213 -0,092469
9595,112747 14104,872213 -0,093630
9645,112747 14104,872213 -0,207793
9695,112747 14104,872213 -0,434399
9745,112747 14104,872213 -0,777813
9795,112747 14104,872213 -1,246695
9845,112747 14104,872213 -1,853141
9895,112747 14104,872213 -2,611611
9945,112747 14104,872213 -3,537718
9995,112747 14104,872213 -4,646918
10045,112747 14104,872213 -5,953176
10095,112747 14104,872213 -7,467685
10145,112747 14104,872213 -9,197703
10195,112747 14104,872213 -11,145583
10245,112747 14104,872213 -13,308044
10295,112747 14104,872213 -15,675716
10345,112747 14104,872213 -18,233001
10395,112747 14104,872213 -20,958244
10445,112747 14104,872213 -23,824202
10495,112747 14104,872213 -26,798792
10545,112747 14104,872213 -29,846072
10595,112747 14104,872213 -32,927389
10645,112747 14104,872213 -36,002652
10695,112747 14104,872213 -39,031628
10745,112747 14104,872213 -41,975227
10795,112747 14104,872213 -44,796678
10845,112747 14104,872213 -47,462559
10895,112747 14104,872213 -49,943630
10945,112747 14104,872213 -52,215444
10995,112747 14104,872213 -54,258718
11045,112747 14104,872213 -56,059474
11095,112747 14104,872213 -57,608966
11145,112747 14104,872213 -58,903417
11195,112747 14104,872213 -59,943609
11245,112747 14104,872213 -60,734359
11295,112747 14104,872213 -61,283929
11345,112747 14104,872213 -61,603394
11395,112747 14104,872213 -61,706018
11445,112747 14104,872213 -61,606648
11495,112747 14104,872213 -61,321163
11545,112747 14104,872213 -60,865971
11595,112747 14104,872213 -70,143171
11645,112747 14104,872213 -69,716445
11695,112747 14104,872213 -69,197947
11745,112747 14104,872213 -68,597156
11795,112747 14104,872213 -67,922520
11845,112747 14104,872213 -67,181452
11895,112747 14104,872213 -66,380365
11945,112747 14104,872213 -65,524726
11995,112747 14104,872213 -64,619128
12045,112747 14104,872213 -63,667380
12095,112747 14104,872213 -62,672605
12145,112747 14104,872213 -61,637345
12195,112747 14104,872213 -60,563671
12245,112747 14104,872213 -59,453294
12295,112747 14104,872213 -58,307674
12345,112747 14104,872213 -50,388800
12395,112747 14104,872213 -49,080142
12445,112747 14104,872213 -47,754707
12495,112747 14104,872213 -46,414762
12545,112747 14104,872213 -45,062627
12595,112747 14104,872213 -43,700735
12645,112747 14104,872213 -42,331690
12695,112747 14104,872213 -40,958312
12745,112747 14104,872213 -39,583664
12795,112747 14104,872213 -38,211067
12845,112747 14104,872213 -36,844106
12895,112747 14104,872213 -35,486614
12945,112747 14104,872213 -34,142649
12995,112747 14104,872213 -32,816458
13045,112747 14104,872213 -31,512426
13095,112747 14104,872213 -30,235024
13145,112747 14104,872213 -28,988740
13195,112747 14104,872213 -27,778013
13245,112747 14104,872213 -26,607163
13295,112747 14104,872213 -25,480320
13345,112747 14104,872213 -24,401358
13395,112747 14104,872213 -23,373831
13445,112747 14104,872213 -22,400921
13495,112747 14104,872213 -21,485389
13545,112747 14104,872213 -20,629542
13595,112747 14104,872213 -19,835209
13645,112747 14104,872213 -19,103722
13695,112747 14104,872213 -18,435918
13745,112747 14104,872213 -17,832146
13795,112747 14104,872213 -17,292281
13845,112747 14104,872213 -16,815752
13895,112747 14104,872213 -16,401572
13945,112747 14104,872213 -16,048376
13995,112747 14104,872213 -15,754464
6545,112747 14154,872213 -178,812552
6595,112747 14154,872213 -185,153776
6645,112747 14154,872213 -192,461629
6695,112747 14154,872213 -198,336973
6745,112747 14154,872213 -204,044840
6795,112747 14154,872213 -209,551254
6845,112747 14154,872213 -214,819211
6895,112747 14154,872213 -219,808644
6945,112747 14154,872213 -224,476470
6995,112747 14154,872213 -228,776715
7045,112747 14154,872213 -232,660761
7095,112747 14154,872213 -236,077716
7145,112747 14154,872213 -238,974947
7195,112747 14154,872213 -241,298786
7245,112747 14154,872213 -242,995428
7295,112747 14154,872213 -244,012038
7345,112747 14154,872213 -244,298060
7395,112747 14154,872213 -243,806718
7445,112747 14154,872213 -242,496686
7495,112747 14154,872213 -240,333876
7545,112747 14154,872213 -237,293273
7595,112747 14154,872213 -233,360735
7645,112747 14154,872213 -228,534658
7695,112747 14154,872213 -222,827371
7745,112747 14154,872213 -216,266171
7795,112747 14154,872213 -208,893855
7845,112747 14154,872213 -200,768681
7895,112747 14154,872213 -191,963693
7945,112747 14154,872213 -182,565386
7995,112747 14154,872213 -172,671752
8045,112747 14154,872213 -162,389792
8095,112747 14154,872213 -151,832606
8145,112747 14154,872213 -141,116237
8195,112747 14154,872213 -130,356441
8245,112747 14154,872213 -119,665561
8295,112747 14154,872213 -109,149673
8345,112747 14154,872213 -98,906134
8395,112747 14154,872213 -89,021633
8445,112747 14154,872213 -79,570783
8495,112747 14154,872213 -70,615278
8545,112747 14154,872213 -62,203569
8595,112747 14154,872213 -54,371012
8645,112747 14154,872213 -47,140408
8695,112747 14154,872213 -40,522847
8745,112747 14154,872213 -34,518777
8795,112747 14154,872213 -29,119213
8845,112747 14154,872213 -24,307020
8895,112747 14154,872213 -20,058222
8945,112747 14154,872213 -16,343288
8995,112747 14154,872213 -12,997462
9045,112747 14154,872213 -10,285153
9095,112747 14154,872213 -7,987515
9145,112747 14154,872213 -6,066064
9195,112747 14154,872213 -4,482389
9245,112747 14154,872213 -3,199005
9295,112747 14154,872213 -2,180165
9345,112747 14154,872213 -1,392624
9395,112747 14154,872213 -0,806350
9445,112747 14154,872213 -0,395151
9495,112747 14154,872213 -0,137218
9545,112747 14154,872213 -0,015530
9595,112747 14154,872213 -0,018106
9645,112747 14154,872213 -0,138068
9695,112747 14154,872213 -0,373499
9745,112747 14154,872213 -0,727071
9795,112747 14154,872213 -1,205454
9845,112747 14154,872213 -1,818510
9895,112747 14154,872213 -2,578310
9945,112747 14154,872213 -3,498013
9995,112747 14154,872213 -4,590662
10045,112747 14154,872213 -5,867973
10095,112747 14154,872213 -7,339165
10145,112747 14154,872213 -9,009916
10195,112747 14154,872213 -10,881490
10245,112747 14154,872213 -12,950089
10295,112747 14154,872213 -15,206465
10345,112747 14154,872213 -17,635813
10395,112747 14154,872213 -20,217941
10445,112747 14154,872213 -22,927714
10495,112747 14154,872213 -25,735732
10545,112747 14154,872213 -28,609217
10595,112747 14154,872213 -31,513038
10645,112747 14154,872213 -34,410837
10695,112747 14154,872213 -37,266170
10745,112747 14154,872213 -40,043628
10795,112747 14154,872213 -42,709867
10845,112747 14154,872213 -45,234499
10895,112747 14154,872213 -47,590815
10945,112747 14154,872213 -49,756323
10995,112747 14154,872213 -51,713072
11045,112747 14154,872213 -53,447784
11095,112747 14154,872213 -54,951806
11145,112747 14154,872213 -56,220896
11195,112747 14154,872213 -57,254884
11245,112747 14154,872213 -58,057232
11295,112747 14154,872213 -58,634536
11345,112747 14154,872213 -58,995989
11395,112747 14154,872213 -59,152843
11445,112747 14154,872213 -59,117883
11495,112747 14154,872213 -58,904945
11545,112747 14154,872213 -58,528470
11595,112747 14154,872213 -68,558540
11645,112747 14154,872213 -68,188746
11695,112747 14154,872213 -67,725741
11745,112747 14154,872213 -67,178138
11795,112747 14154,872213 -66,553655
11845,112747 14154,872213 -65,859114
11895,112747 14154,872213 -65,100458
11945,112747 14154,872213 -64,282798
11995,112747 14154,872213 -63,410471
12045,112747 14154,872213 -62,487122
12095,112747 14154,872213 -61,515786
12145,112747 14154,872213 -60,498987
12195,112747 14154,872213 -59,438837
12245,112747 14154,872213 -58,337138
12295,112747 14154,872213 -57,195483
12345,112747 14154,872213 -49,113719
12395,112747 14154,872213 -47,817333
12445,112747 14154,872213 -46,500076
12495,112747 14154,872213 -45,164508
12545,112747 14154,872213 -43,813262
12595,112747 14154,872213 -42,449106
12645,112747 14154,872213 -41,074993
12695,112747 14154,872213 -39,694104
12745,112747 14154,872213 -38,309873
12795,112747 14154,872213 -36,926001
12845,112747 14154,872213 -35,546451
12895,112747 14154,872213 -34,175437
12945,112747 14154,872213 -32,817395
12995,112747 14154,872213 -31,476936
13045,112747 14154,872213 -30,158803
13095,112747 14154,872213 -28,867802
13145,112747 14154,872213 -27,608739
13195,112747 14154,872213 -26,386344
13245,112747 14154,872213 -25,205200
13295,112747 14154,872213 -24,069666
13345,112747 14154,872213 -22,983811
13395,112747 14154,872213 -21,951349
13445,112747 14154,872213 -20,975580
13495,112747 14154,872213 -20,059351
13545,112747 14154,872213 -19,205014
13595,112747 14154,872213 -18,414407
13645,112747 14154,872213 -17,688838
13695,112747 14154,872213 -17,029093
13745,112747 14154,872213 -16,435438
13795,112747 14154,872213 -15,907644
13845,112747 14154,872213 -15,445017
13895,112747 14154,872213 -15,046431
13945,112747 14154,872213 -14,710373
13995,112747 14154,872213 -14,434982
6545,112747 14204,872213 -178,845109
6595,112747 14204,872213 -185,066429
6645,112747 14204,872213 -192,265853
6695,112747 14204,872213 -198,022397
6745,112747 14204,872213 -203,611544
6795,112747 14204,872213 -209,000030
6845,112747 14204,872213 -214,151656
6895,112747 14204,872213 -219,027269
6945,112747 14204,872213 -223,584803
6995,112747 14204,872213 -227,779411
7045,112747 14204,872213 -231,563700
7095,112747 14204,872213 -234,888101
7145,112747 14204,872213 -237,701378
7195,112747 14204,872213 -239,951316
7245,112747 14204,872213 -241,585587
7295,112747 14204,872213 -242,552813
7345,112747 14204,872213 -242,803831
7395,112747 14204,872213 -242,293133
7445,112747 14204,872213 -240,980471
7495,112747 14204,872213 -238,832574
7545,112747 14204,872213 -235,824919
7595,112747 14204,872213 -231,943464
7645,112747 14204,872213 -227,186254
7695,112747 14204,872213 -221,564786
7745,112747 14204,872213 -215,105018
7795,112747 14204,872213 -207,847917
7845,112747 14204,872213 -199,849461
7895,112747 14204,872213 -191,180026
7945,112747 14204,872213 -181,923151
7995,112747 14204,872213 -172,173701
8045,112747 14204,872213 -162,035503
8095,112747 14204,872213 -151,618576
8145,112747 14204,872213 -141,036095
8195,112747 14204,872213 -130,401273
8245,112747 14204,872213 -119,824320
8295,112747 14204,872213 -109,409646
8345,112747 14204,872213 -99,253436
8395,112747 14204,872213 -89,441698
8445,112747 14204,872213 -80,048827
8495,112747 14204,872213 -71,136716
8545,112747 14204,872213 -62,754371
8595,112747 14204,872213 -54,937993
8645,112747 14204,872213 -47,711451
8695,112747 14204,872213 -41,087066
8745,112747 14204,872213 -35,066619
8795,112747 14204,872213 -29,642519
8845,112747 14204,872213 -24,799047
8895,112747 14204,872213 -20,513640
8945,112747 14204,872213 -16,758159
8995,112747 14204,872213 -13,364056
9045,112747 14204,872213 -10,608535
9095,112747 14204,872213 -8,267495
9145,112747 14204,872213 -6,303639
9195,112747 14204,872213 -4,679674
9245,112747 14204,872213 -3,359145
9295,112747 14204,872213 -2,307217
9345,112747 14204,872213 -1,491404
9395,112747 14204,872213 -0,882248
9445,112747 14204,872213 -0,453900
9495,112747 14204,872213 -0,184622
9545,112747 14204,872213 -0,057154
9595,112747 14204,872213 -0,058937
9645,112747 14204,872213 -0,182158
9695,112747 14204,872213 -0,423610
9745,112747 14204,872213 -0,784333
9795,112747 14204,872213 -1,269072
9845,112747 14204,872213 -1,885524
9895,112747 14204,872213 -2,643441
9945,112747 14204,872213 -3,553609
9995,112747 14204,872213 -4,626750
10045,112747 14204,872213 -5,872429
10095,112747 14204,872213 -7,297999
10145,112747 14204,872213 -8,907666
10195,112747 14204,872213 -10,701710
10245,112747 14204,872213 -12,675911
10295,112747 14204,872213 -14,821221
10345,112747 14204,872213 -17,123672
10395,112747 14204,872213 -19,564541
10445,112747 14204,872213 -22,120759
10495,112747 14204,872213 -24,765518
10545,112747 14204,872213 -27,469060
10595,112747 14204,872213 -30,199585
10645,112747 14204,872213 -32,924236
10695,112747 14204,872213 -35,610104
10745,112747 14204,872213 -38,225197
10795,112747 14204,872213 -40,739338
10845,112747 14204,872213 -43,124942
10895,112747 14204,872213 -45,357642
10945,112747 14204,872213 -47,416758
10995,112747 14204,872213 -49,285591
11045,112747 14204,872213 -50,951547
11095,112747 14204,872213 -52,406105
11145,112747 14204,872213 -53,644653
11195,112747 14204,872213 -54,666208
11245,112747 14204,872213 -55,473052
11295,112747 14204,872213 -56,070309
11345,112747 14204,872213 -56,465494
11395,112747 14204,872213 -56,668049
11445,112747 14204,872213 -56,688893
11495,112747 14204,872213 -56,539995
11545,112747 14204,872213 -56,233988
11595,112747 14204,872213 -66,994294
11645,112747 14204,872213 -66,675828
11695,112747 14204,872213 -66,263199
11745,112747 14204,872213 -65,764176
11795,112747 14204,872213 -65,185762
11845,112747 14204,872213 -64,534186
11895,112747 14204,872213 -63,814913
11945,112747 14204,872213 -63,032676
11995,112747 14204,872213 -62,191537
12045,112747 14204,872213 -61,294943
12095,112747 14204,872213 -60,345812
12145,112747 14204,872213 -59,346616
12195,112747 14204,872213 -58,299471
12245,112747 14204,872213 -57,206236
12295,112747 14204,872213 -56,068607
12345,112747 14204,872213 -47,822906
12395,112747 14204,872213 -46,539981
12445,112747 14204,872213 -45,232288
12495,112747 14204,872213 -43,902648
12545,112747 14204,872213 -42,553982
12595,112747 14204,872213 -41,189367
12645,112747 14204,872213 -39,812082
12695,112747 14204,872213 -38,425652
12745,112747 14204,872213 -37,033862
12795,112747 14204,872213 -35,640775
12845,112747 14204,872213 -34,250722
12895,112747 14204,872213 -32,868284
12945,112747 14204,872213 -31,498259
12995,112747 14204,872213 -30,145618
13045,112747 14204,872213 -28,815446
13095,112747 14204,872213 -27,512881
13145,112747 14204,872213 -26,243034
13195,112747 14204,872213 -25,010919
13245,112747 14204,872213 -23,821374
13295,112747 14204,872213 -22,678981
13345,112747 14204,872213 -21,587997
13395,112747 14204,872213 -20,552285
13445,112747 14204,872213 -19,575263
13495,112747 14204,872213 -18,659852
13545,112747 14204,872213 -17,808444
13595,112747 14204,872213 -17,022882
13645,112747 14204,872213 -16,304448
13695,112747 14204,872213 -15,653868
13745,112747 14204,872213 -15,071326
13795,112747 14204,872213 -14,556487
13845,112747 14204,872213 -14,108532
13895,112747 14204,872213 -13,726197
13945,112747 14204,872213 -13,407818
13995,112747 14204,872213 -13,151381
6545,112747 14254,872213 -178,457140
6595,112747 14254,872213 -184,543402
6645,112747 14254,872213 -191,632952
6695,112747 14254,872213 -197,253855
6745,112747 14254,872213 -202,706863
6795,112747 14254,872213 -207,959472
6845,112747 14254,872213 -212,976360
6895,112747 14254,872213 -217,719374
6945,112747 14254,872213 -222,147577
6995,112747 14254,872213 -226,217385
7045,112747 14254,872213 -229,882800
7095,112747 14254,872213 -233,095770
7145,112747 14254,872213 -235,806687
7195,112747 14254,872213 -237,965051
7245,112747 14254,872213 -239,520306
7295,112747 14254,872213 -240,422863
7345,112747 14254,872213 -240,625303
7395,112747 14254,872213 -240,083765
7445,112747 14254,872213 -238,759471
7495,112747 14254,872213 -236,620367
7545,112747 14254,872213 -233,642809
7595,112747 14254,872213 -229,813217
7645,112747 14254,872213 -225,129611
7695,112747 14254,872213 -219,602921
7745,112747 14254,872213 -213,257958
7795,112747 14254,872213 -206,133957
7845,112747 14254,872213 -198,284605
7895,112747 14254,872213 -189,777488
7945,112747 14254,872213 -180,692946
7995,112747 14254,872213 -171,122354
8045,112747 14254,872213 -161,165901
8095,112747 14254,872213 -150,929960
8145,112747 14254,872213 -140,524207
8195,112747 14254,872213 -130,058634
8245,112747 14254,872213 -119,640619
8295,112747 14254,872213 -109,372214
8345,112747 14254,872213 -99,347774
8395,112747 14254,872213 -89,652023
8445,112747 14254,872213 -80,358609
8495,112747 14254,872213 -71,529179
8545,112747 14254,872213 -63,212943
8595,112747 14254,872213 -55,446689
8645,112747 14254,872213 -48,255188
8695,112747 14254,872213 -41,651906
8745,112747 14254,872213 -35,639951
8795,112747 14254,872213 -30,213180
8845,112747 14254,872213 -25,357402
8895,112747 14254,872213 -21,051617
8945,112747 14254,872213 -17,269255
8995,112747 14254,872213 -13,835310
9045,112747 14254,872213 -11,045993
9095,112747 14254,872213 -8,669062
9145,112747 14254,872213 -6,668598
9195,112747 14254,872213 -5,008609
9245,112747 14254,872213 -3,653833
9295,112747 14254,872213 -2,570501
9345,112747 14254,872213 -1,727030
9395,112747 14254,872213 -1,094657
9445,112747 14254,872213 -0,647990
9495,112747 14254,872213 -0,365462
9545,112747 14254,872213 -0,229670
9595,112747 14254,872213 -0,227565
9645,112747 14254,872213 -0,350490
9695,112747 14254,872213 -0,594032
9745,112747 14254,872213 -0,957700
9795,112747 14254,872213 -1,444408
9845,112747 14254,872213 -2,059801
9895,112747 14254,872213 -2,811430
9945,112747 14254,872213 -3,707831
9995,112747 14254,872213 -4,757539
10045,112747 14254,872213 -5,968101
10095,112747 14254,872213 -7,345140
10145,112747 14254,872213 -8,891514
10195,112747 14254,872213 -10,606632
10245,112747 14254,872213 -12,485944
10295,112747 14254,872213 -14,520658
10345,112747 14254,872213 -16,697661
10395,112747 14254,872213 -18,999676
10445,112747 14254,872213 -21,405621
10495,112747 14254,872213 -23,891152
10545,112747 14254,872213 -26,429354
10595,112747 14254,872213 -28,991539
10645,112747 14254,872213 -31,548101
10695,112747 14254,872213 -34,069395
10745,112747 14254,872213 -36,526576
10795,112747 14254,872213 -38,892378
10845,112747 14254,872213 -41,141788
10895,112747 14254,872213 -43,252594
10945,112747 14254,872213 -45,205797
10995,112747 14254,872213 -46,985871
11045,112747 14254,872213 -48,580885
11095,112747 14254,872213 -49,982493
11145,112747 14254,872213 -51,185801
11195,112747 14254,872213 -52,189143
11245,112747 14254,872213 -52,993784
11295,112747 14254,872213 -53,603561
11345,112747 14254,872213 -54,024505
11395,112747 14254,872213 -54,264446
11445,112747 14254,872213 -54,332623
11495,112747 14254,872213 -54,239315
11545,112747 14254,872213 -53,995501
11595,112747 14254,872213 -65,460302
11645,112747 14254,872213 -65,187334
11695,112747 14254,872213 -64,819697
11745,112747 14254,872213 -64,364351
11795,112747 14254,872213 -63,827605
11845,112747 14254,872213 -63,215098
11895,112747 14254,872213 -62,531813
11945,112747 14254,872213 -61,782098
11995,112747 14254,872213 -60,969715
12045,112747 14254,872213 -60,097894
12095,112747 14254,872213 -59,169408
12145,112747 14254,872213 -58,186647
12195,112747 14254,872213 -57,151702
12245,112747 14254,872213 -56,066460
12295,112747 14254,872213 -54,932687
12345,112747 14254,872213 -46,522811
12395,112747 14254,872213 -45,254282
12445,112747 14254,872213 -43,957314
12495,112747 14254,872213 -42,634963
12545,112747 14254,872213 -41,290411
12595,112747 14254,872213 -39,927015
12645,112747 14254,872213 -38,548359
12695,112747 14254,872213 -37,158287
12745,112747 14254,872213 -35,760918
12795,112747 14254,872213 -34,360657
12845,112747 14254,872213 -32,962183
12895,112747 14254,872213 -31,570429
12945,112747 14254,872213 -30,190543
12995,112747 14254,872213 -28,827837
13045,112747 14254,872213 -27,487729
13095,112747 14254,872213 -26,175671
13145,112747 14254,872213 -24,897074
13195,112747 14254,872213 -23,657222
13245,112747 14254,872213 -22,461197
13295,112747 14254,872213 -21,313793
13345,112747 14254,872213 -20,219447
13395,112747 14254,872213 -19,182164
13445,112747 14254,872213 -18,205469
13495,112747 14254,872213 -17,292351
13545,112747 14254,872213 -16,445237
13595,112747 14254,872213 -15,665969
13645,112747 14254,872213 -14,955799
13695,112747 14254,872213 -14,315390
13745,112747 14254,872213 -13,744842
13795,112747 14254,872213 -13,243713
13845,112747 14254,872213 -12,811059
13895,112747 14254,872213 -12,445481
13945,112747 14254,872213 -12,145168
13995,112747 14254,872213 -11,907954
6545,112747 14304,872213 -177,672666
6595,112747 14304,872213 -183,610208
6645,112747 14304,872213 -190,589728
6695,112747 14304,872213 -196,059911
6745,112747 14304,872213 -201,361229
6795,112747 14304,872213 -206,461982
6845,112747 14304,872213 -211,327790
6895,112747 14304,872213 -215,921578
6945,112747 14304,872213 -220,203643
6995,112747 14304,872213 -224,131784
7045,112747 14304,872213 -227,661545
7095,112747 14304,872213 -230,746562
7145,112747 14304,872213 -233,339055
7195,112747 14304,872213 -235,390468
7245,112747 14304,872213 -236,852271
7295,112747 14304,872213 -237,676941
7345,112747 14304,872213 -237,819113
7395,112747 14304,872213 -237,236893
7445,112747 14304,872213 -235,893310
7495,112747 14304,872213 -233,757868
7545,112747 14304,872213 -230,808137
7595,112747 14304,872213 -227,031322
7645,112747 14304,872213 -222,425705
7695,112747 14304,872213 -217,001890
7745,112747 14304,872213 -210,783722
7795,112747 14304,872213 -203,808813
7845,112747 14304,872213 -196,128577
7895,112747 14304,872213 -187,807733
7945,112747 14304,872213 -178,923242
7995,112747 14304,872213 -169,562707
8045,112747 14304,872213 -159,822296
8095,112747 14304,872213 -149,804273
8145,112747 14304,872213 -139,614276
8195,112747 14304,872213 -129,358485
8245,112747 14304,872213 -119,140828
8295,112747 14304,872213 -109,060381
8345,112747 14304,872213 -99,209064
8395,112747 14304,872213 -89,669754
8445,112747 14304,872213 -80,514847
8495,112747 14304,872213 -71,805310
8545,112747 14304,872213 -63,590198
8595,112747 14304,872213 -55,906615
8645,112747 14304,872213 -48,780041
8695,112747 14304,872213 -42,224975
8745,112747 14304,872213 -36,245809
8795,112747 14304,872213 -30,837873
8845,112747 14304,872213 -25,988572
8895,112747 14304,872213 -21,678584
8945,112747 14304,872213 -17,883056
8995,112747 14304,872213 -14,417497
9045,112747 14304,872213 -11,603956
9095,112747 14304,872213 -9,198814
9145,112747 14304,872213 -7,167696
9195,112747 14304,872213 -5,476063
9245,112747 14304,872213 -4,089997
9295,112747 14304,872213 -2,976929
9345,112747 14304,872213 -2,106300
9395,112747 14304,872213 -1,450157
9445,112747 14304,872213 -0,983668
9495,112747 14304,872213 -0,685537
9545,112747 14304,872213 -0,538312
9595,112747 14304,872213 -0,528554
9645,112747 14304,872213 -0,646861
9695,112747 14304,872213 -0,887729
9745,112747 14304,872213 -1,249250
9795,112747 14304,872213 -1,732643
9845,112747 14304,872213 -2,341639
9895,112747 14304,872213 -3,081742
9945,112747 14304,872213 -3,959398
9995,112747 14304,872213 -4,981117
10045,112747 14304,872213 -6,152589
10095,112747 14304,872213 -7,477855
10145,112747 14304,872213 -8,958565
10195,112747 14304,872213 -10,593366
10245,112747 14304,872213 -12,377461
10295,112747 14304,872213 -14,302351
10345,112747 14304,872213 -16,355777
10395,112747 14304,872213 -18,521852
10445,112747 14304,872213 -20,781377
10495,112747 14304,872213 -23,112318
10545,112747 14304,872213 -25,490402
10595,112747 14304,872213 -27,889815
10645,112747 14304,872213 -30,283944
10695,112747 14304,872213 -32,646133
10745,112747 14304,872213 -34,950415
10795,112747 14304,872213 -37,172181
10845,112747 14304,872213 -39,288770
10895,112747 14304,872213 -41,279947
10945,112747 14304,872213 -43,128262
10995,112747 14304,872213 -44,819291
11045,112747 14304,872213 -46,341749
11095,112747 14304,872213 -47,687495
11145,112747 14304,872213 -48,851437
11195,112747 14304,872213 -49,831349
11245,112747 14304,872213 -50,627627
11295,112747 14304,872213 -51,242994
11345,112747 14304,872213 -51,682181
11395,112747 14304,872213 -51,951588
11445,112747 14304,872213 -52,058957
11495,112747 14304,872213 -52,013043
11545,112747 14304,872213 -51,823323
11595,112747 14304,872213 -63,964806
11645,112747 14304,872213 -63,731435
11695,112747 14304,872213 -63,403298
11745,112747 14304,872213 -62,986582
11795,112747 14304,872213 -62,486923
11845,112747 14304,872213 -61,909388
11895,112747 14304,872213 -61,258477
11945,112747 14304,872213 -60,538148
11995,112747 14304,872213 -59,751850
12045,112747 14304,872213 -58,902582
12095,112747 14304,872213 -57,992947
12145,112747 14304,872213 -57,025229
12195,112747 14304,872213 -56,001470
12245,112747 14304,872213 -54,923556
12295,112747 14304,872213 -53,793299
12345,112747 14304,872213 -45,219789
12395,112747 14304,872213 -43,966380
12445,112747 14304,872213 -42,681119
12495,112747 14304,872213 -41,367266
12545,112747 14304,872213 -40,028234
12595,112747 14304,872213 -38,667637
12645,112747 14304,872213 -37,289338
12695,112747 14304,872213 -35,897475
12745,112747 14304,872213 -34,496478
12795,112747 14304,872213 -33,091074
12845,112747 14304,872213 -31,686269
12895,112747 14304,872213 -30,287329
12945,112747 14304,872213 -28,899732
12995,112747 14304,872213 -27,529115
13045,112747 14304,872213 -26,181213
13095,112747 14304,872213 -24,861777
13145,112747 14304,872213 -23,576499
13195,112747 14304,872213 -22,330922
13245,112747 14304,872213 -21,130358
13295,112747 14304,872213 -19,979803
13345,112747 14304,872213 -18,883858
13395,112747 14304,872213 -17,846664
13445,112747 14304,872213 -16,871841
13495,112747 14304,872213 -15,962442
13545,112747 14304,872213 -15,120920
13595,112747 14304,872213 -14,349112
13645,112747 14304,872213 -13,648233
13695,112747 14304,872213 -13,018887
13745,112747 14304,872213 -12,461085
13795,112747 14304,872213 -11,974279
13845,112747 14304,872213 -11,557405
13895,112747 14304,872213 -11,208929
13945,112747 14304,872213 -10,926898
13995,112747 14304,872213 -10,708999
6545,112747 14354,872213 -176,517051
6595,112747 14354,872213 -182,293823
6645,112747 14354,872213 -189,164690
6695,112747 14354,872213 -194,470992
6745,112747 14354,872213 -199,607097
6795,112747 14354,872213 -204,542162
6845,112747 14354,872213 -209,242800
6895,112747 14354,872213 -213,673095
6945,112747 14354,872213 -217,794661
6995,112747 14354,872213 -221,566792
7045,112747 14354,872213 -224,946697
7095,112747 14354,872213 -227,889851
7145,112747 14354,872213 -230,350469
7195,112747 14354,872213 -232,282126
7245,112747 14354,872213 -233,638531
7295,112747 14354,872213 -234,374460
7345,112747 14354,872213 -234,446848
7395,112747 14354,872213 -233,816036
7445,112747 14354,872213 -232,447133
7495,112747 14354,872213 -230,311481
7545,112747 14354,872213 -227,388144
7595,112747 14354,872213 -223,665372
7645,112747 14354,872213 -219,141955
7695,112747 14354,872213 -213,828377
7745,112747 14354,872213 -207,747684
7795,112747 14354,872213 -200,935968
7845,112747 14354,872213 -193,442412
7895,112747 14354,872213 -185,328825
7945,112747 14354,872213 -176,668668
7995,112747 14354,872213 -167,545566
8045,112747 14354,872213 -158,051373
8095,112747 14354,872213 -148,283875
8145,112747 14354,872213 -138,344236
8195,112747 14354,872213 -128,334335
8245,112747 14354,872213 -118,354131
8295,112747 14354,872213 -108,499182
8345,112747 14354,872213 -98,858446
8395,112747 14354,872213 -89,512445
8445,112747 14354,872213 -80,531856
8495,112747 14354,872213 -71,976553
8545,112747 14354,872213 -63,895091
8595,112747 14354,872213 -56,324610
8645,112747 14354,872213 -49,291092
8695,112747 14354,872213 -42,809933
8745,112747 14354,872213 -36,886739
8795,112747 14354,872213 -31,518294
8845,112747 14354,872213 -26,693639
8895,112747 14354,872213 -22,395208
8945,112747 14354,872213 -18,599970
8995,112747 14354,872213 -15,110574
9045,112747 14354,872213 -12,282315
9095,112747 14354,872213 -9,856636
9145,112747 14354,872213 -7,800841
9195,112747 14354,872213 -6,081978
9245,112747 14354,872213 -4,667594
9295,112747 14354,872213 -3,526437
9345,112747 14354,872213 -2,629079
9395,112747 14354,872213 -1,948477
9445,112747 14354,872213 -1,460455
9495,112747 14354,872213 -1,144085
9545,112747 14354,872213 -0,981962
9595,112747 14354,872213 -0,960360
9645,112747 14354,872213 -1,069247
9695,112747 14354,872213 -1,302152
9745,112747 14354,872213 -1,655890
9795,112747 14354,872213 -2,130140
9845,112747 14354,872213 -2,726886
9895,112747 14354,872213 -3,449760
9945,112747 14354,872213 -4,303301
9995,112747 14354,872213 -5,292174
10045,112747 14354,872213 -6,420389
10095,112747 14354,872213 -7,690568
10145,112747 14354,872213 -9,103287
10195,112747 14354,872213 -10,656539
10245,112747 14354,872213 -12,345347
10295,112747 14354,872213 -14,161534
10345,112747 14354,872213 -16,093669
10395,112747 14354,872213 -18,127179
10445,112747 14354,872213 -20,244625
10495,112747 14354,872213 -22,426106
10545,112747 14354,872213 -24,649782
10595,112747 14354,872213 -26,892469
10645,112747 14354,872213 -29,130281
10695,112747 14354,872213 -31,339283
10745,112747 14354,872213 -33,496121
10795,112747 14354,872213 -35,578602
10845,112747 14354,872213 -37,566207
10895,112747 14354,872213 -39,440505
10945,112747 14354,872213 -41,185475
10995,112747 14354,872213 -42,787723
11045,112747 14354,872213 -44,236591
11095,112747 14354,872213 -45,524174
11145,112747 14354,872213 -46,645254
11195,112747 14354,872213 -47,597153
11245,112747 14354,872213 -48,379537
11295,112747 14354,872213 -48,994174
11345,112747 14354,872213 -49,444662
11395,112747 14354,872213 -49,736146
11445,112747 14354,872213 -49,875036
11495,112747 14354,872213 -49,868726
11545,112747 14354,872213 -49,725337
11595,112747 14354,872213 -62,514519
11645,112747 14354,872213 -62,314906
11695,112747 14354,872213 -62,020797
11745,112747 14354,872213 -61,637644
11795,112747 14354,872213 -61,170440
11845,112747 14354,872213 -60,623693
11895,112747 14354,872213 -60,001434
11945,112747 14354,872213 -59,307227
11995,112747 14354,872213 -58,544206
12045,112747 14354,872213 -57,715120
12095,112747 14354,872213 -56,822392
12145,112747 14354,872213 -55,868181
12195,112747 14354,872213 -54,854457
12245,112747 14354,872213 -53,783082
12295,112747 14354,872213 -52,655890
12345,112747 14354,872213 -43,920010
12395,112747 14354,872213 -42,682286
12445,112747 14354,872213 -41,409574
12495,112747 14354,872213 -40,105310
12545,112747 14354,872213 -38,773110
12595,112747 14354,872213 -37,416820
12645,112747 14354,872213 -36,040554
12695,112747 14354,872213 -34,648720
12745,112747 14354,872213 -33,246034
12795,112747 14354,872213 -31,837520
12845,112747 14354,872213 -30,428492
12895,112747 14354,872213 -29,024522
12945,112747 14354,872213 -27,631400
12995,112747 14354,872213 -26,255068
13045,112747 14354,872213 -24,901554
13095,112747 14354,872213 -23,576892
13145,112747 14354,872213 -22,287037
13195,112747 14354,872213 -21,037774
13245,112747 14354,872213 -19,834628
13295,112747 14354,872213 -18,682782
13345,112747 14354,872213 -17,586992
13395,112747 14354,872213 -16,551520
13445,112747 14354,872213 -15,580072
13495,112747 14354,872213 -14,675756
13545,112747 14354,872213 -13,841045
13595,112747 14354,872213 -13,077768
13645,112747 14354,872213 -12,387100
13695,112747 14354,872213 -11,769581
13745,112747 14354,872213 -11,225138
13795,112747 14354,872213 -10,753118
13845,112747 14354,872213 -10,352341
13895,112747 14354,872213 -10,021141
13945,112747 14354,872213 -9,757431
13995,112747 14354,872213 -9,558759
6545,112747 14404,872213 -175,016655
6595,112747 14404,872213 -180,622302
6645,112747 14404,872213 -187,387594
6695,112747 14404,872213 -192,518868
6745,112747 14404,872213 -197,478377
6795,112747 14404,872213 -202,236174
6845,112747 14404,872213 -206,759927
6895,112747 14404,872213 -211,014939
6945,112747 14404,872213 -214,964224
6995,112747 14404,872213 -218,568662
7045,112747 14404,872213 -221,787234
7095,112747 14404,872213 -224,577373
7145,112747 14404,872213 -226,895427
7195,112747 14404,872213 -228,697257
7245,112747 14404,872213 -229,938974
7295,112747 14404,872213 -230,577835
7345,112747 14404,872213 -230,573270
7395,112747 14404,872213 -229,888057
7445,112747 14404,872213 -228,489600
7495,112747 14404,872213 -226,351292
7545,112747 14404,872213 -223,453902
7595,112747 14404,872213 -219,786935
7645,112747 14404,872213 -215,349877
7695,112747 14404,872213 -210,153266
7745,112747 14404,872213 -204,219482
7795,112747 14404,872213 -197,583199
7845,112747 14404,872213 -190,291413
7895,112747 14404,872213 -182,403022
7945,112747 14404,872213 -173,987912
7995,112747 14404,872213 -165,125592
8045,112747 14404,872213 -155,903399
8095,112747 14404,872213 -146,414365
8145,112747 14404,872213 -136,754849
8195,112747 14404,872213 -127,022050
8245,112747 14404,872213 -117,311535
8295,112747 14404,872213 -107,714905
8345,112747 14404,872213 -98,317705
8395,112747 14404,872213 -89,197664
8445,112747 14404,872213 -80,423327
8495,112747 14404,872213 -72,053099
8545,112747 14404,872213 -64,134707
8595,112747 14404,872213 -56,705053
8645,112747 14404,872213 -49,790410
8695,112747 14404,872213 -43,406915
8745,112747 14404,872213 -37,561289
8795,112747 14404,872213 -32,251728
8845,112747 14404,872213 -27,468910
8895,112747 14404,872213 -23,197060
8945,112747 14404,872213 -19,415045
8995,112747 14404,872213 -15,908938
9045,112747 14404,872213 -13,075210
9095,112747 14404,872213 -10,636517
9145,112747 14404,872213 -8,561945
9195,112747 14404,872213 -6,820235
9245,112747 14404,872213 -5,380501
9295,112747 14404,872213 -4,212902
9345,112747 14404,872213 -3,289232
9395,112747 14404,872213 -2,583449
9445,112747 14404,872213 -2,072119
9495,112747 14404,872213 -1,734771
9545,112747 14404,872213 -1,554147
9595,112747 14404,872213 -1,516342
9645,112747 14404,872213 -1,610811
9695,112747 14404,872213 -1,830255
9745,112747 14404,872213 -2,170366
9795,112747 14404,872213 -2,629447
9845,112747 14404,872213 -3,207920
9895,112747 14404,872213 -3,907737
9945,112747 14404,872213 -4,731723
9995,112747 14404,872213 -5,682893
10045,112747 14404,872213 -6,763758
10095,112747 14404,872213 -7,975680
10145,112747 14404,872213 -9,318297
10195,112747 14404,872213 -10,789050
10245,112747 14404,872213 -12,382838
10295,112747 14404,872213 -14,091815
10345,112747 14404,872213 -15,905338
10395,112747 14404,872213 -17,810061
10445,112747 14404,872213 -19,790163
10495,112747 14404,872213 -21,827698
10545,112747 14404,872213 -23,903041
10595,112747 14404,872213 -25,995393
10645,112747 14404,872213 -28,083337
10695,112747 14404,872213 -30,145398
10745,112747 14404,872213 -32,160583
10795,112747 14404,872213 -34,108885
10845,112747 14404,872213 -35,971724
10895,112747 14404,872213 -37,732317
10945,112747 14404,872213 -39,375957
10995,112747 14404,872213 -40,890210
11045,112747 14404,872213 -42,265025
11095,112747 14404,872213 -43,492758
11145,112747 14404,872213 -44,568127
11195,112747 14404,872213 -45,488102
11245,112747 14404,872213 -46,251743
11295,112747 14404,872213 -46,860003
11345,112747 14404,872213 -47,315503
11395,112747 14404,872213 -47,622292
11445,112747 14404,872213 -47,785606
11495,112747 14404,872213 -47,811627
11545,112747 14404,872213 -47,707259
11595,112747 14404,872213 -61,114736
11645,112747 14404,872213 -60,943215
11695,112747 14404,872213 -60,677789
11745,112747 14404,872213 -60,323220
11795,112747 14404,872213 -59,883887
11845,112747 14404,872213 -59,363765
11895,112747 14404,872213 -58,766424
11945,112747 14404,872213 -58,095042
11995,112747 14404,872213 -57,352435
12045,112747 14404,872213 -56,541100
12095,112747 14404,872213 -55,663265
12145,112747 14404,872213 -54,720950
12195,112747 14404,872213 -53,716039
12245,112747 14404,872213 -52,650350
12295,112747 14404,872213 -51,525718
12345,112747 14404,872213 -42,629389
12395,112747 14404,872213 -41,407798
12445,112747 14404,872213 -40,148376
12495,112747 14404,872213 -38,854707
12545,112747 14404,872213 -37,530587
12595,112747 14404,872213 -36,180063
12645,112747 14404,872213 -34,807474
12695,112747 14404,872213 -33,417474
12745,112747 14404,872213 -32,015039
12795,112747 14404,872213 -30,605464
12845,112747 14404,872213 -29,194343
12895,112747 14404,872213 -27,787535
12945,112747 14404,872213 -26,391112
12995,112747 14404,872213 -25,011299
13045,112747 14404,872213 -23,654396
13095,112747 14404,872213 -22,326697
13145,112747 14404,872213 -21,034399
13195,112747 14404,872213 -19,783508
13245,112747 14404,872213 -18,579748
13295,112747 14404,872213 -17,428469
13345,112747 14404,872213 -16,334568
13395,112747 14404,872213 -15,302415
13445,112747 14404,872213 -14,335794
13495,112747 14404,872213 -13,437855
13545,112747 14404,872213 -12,611090
13595,112747 14404,872213 -11,857310
13645,112747 14404,872213 -11,177653
13695,112747 14404,872213 -10,572594
13745,112747 14404,872213 -10,041977
13795,112747 14404,872213 -9,585049
13845,112747 14404,872213 -9,200516
13895,112747 14404,872213 -8,886592
13945,112747 14404,872213 -8,641062
13995,112747 14404,872213 -8,461343
6545,112747 14454,872213 -173,198492
6595,112747 14454,872213 -178,624401
6645,112747 14454,872213 -185,288992
6695,112747 14454,872213 -190,236152
6745,112747 14454,872213 -195,009861
6795,112747 14454,872213 -199,581114
6845,112747 14454,872213 -203,918683
6895,112747 14454,872213 -207,989149
6945,112747 14454,872213 -211,756996
6995,112747 14454,872213 -215,184762
7045,112747 14454,872213 -218,233291
7095,112747 14454,872213 -220,862069
7145,112747 14454,872213 -223,029681
7195,112747 14454,872213 -224,694387
7245,112747 14454,872213 -225,814828
7295,112747 14454,872213 -226,350871
7345,112747 14454,872213 -226,264579
7395,112747 14454,872213 -225,521312
7445,112747 14454,872213 -224,090916
7495,112747 14454,872213 -221,948986
7545,112747 14454,872213 -219,078149
7595,112747 14454,872213 -215,469307
7645,112747 14454,872213 -211,122783
7695,112747 14454,872213 -206,049294
7745,112747 14454,872213 -200,270665
7795,112747 14454,872213 -193,820232
7845,112747 14454,872213 -186,742864
7895,112747 14454,872213 -179,094559
7945,112747 14454,872213 -170,941607
7995,112747 14454,872213 -162,359324
8045,112747 14454,872213 -153,430403
8095,112747 14454,872213 -144,242944
8145,112747 14454,872213 -134,888272
8195,112747 14454,872213 -125,458625
8245,112747 14454,872213 -116,044869
8295,112747 14454,872213 -106,734302
8345,112747 14454,872213 -97,608697
8395,112747 14454,872213 -88,742631
8445,112747 14454,872213 -80,202161
8495,112747 14454,872213 -72,043896
8545,112747 14454,872213 -64,314437
8595,112747 14454,872213 -57,050190
8645,112747 14454,872213 -50,277506
8695,112747 14454,872213 -44,013097
8745,112747 14454,872213 -38,264684
8795,112747 14454,872213 -33,031801
8845,112747 14454,872213 -28,306732
8895,112747 14454,872213 -24,075500
8945,112747 14454,872213 -20,318901
8995,112747 14454,872213 -16,802405
9045,112747 14454,872213 -13,972050
9095,112747 14454,872213 -11,527598
9145,112747 14454,872213 -9,439997
9195,112747 14454,872213 -7,679754
9245,112747 14454,872213 -6,217632
9295,112747 14454,872213 -5,025274
9345,112747 14454,872213 -4,075774
9395,112747 14454,872213 -3,344163
9445,112747 14454,872213 -2,807829
9495,112747 14454,872213 -2,446845
9545,112747 14454,872213 -2,244193
9595,112747 14454,872213 -2,185895
9645,112747 14454,872213 -2,261023
9695,112747 14454,872213 -2,461587
9745,112747 14454,872213 -2,782315
9795,112747 14454,872213 -3,220314
9845,112747 14454,872213 -3,774629
9895,112747 14454,872213 -4,445731
9945,112747 14454,872213 -5,234934
9995,112747 14454,872213 -6,143792
10045,112747 14454,872213 -7,173500
10095,112747 14454,872213 -8,324318
10145,112747 14454,872213 -9,595076
10195,112747 14454,872213 -10,982748
10245,112747 14454,872213 -12,482159
10295,112747 14454,872213 -14,085792
10345,112747 14454,872213 -15,783744
10395,112747 14454,872213 -17,563794
10445,112747 14454,872213 -19,411597
10495,112747 14454,872213 -21,310980
10545,112747 14454,872213 -23,244314
10595,112747 14454,872213 -25,192950
10645,112747 14454,872213 -27,137692
10695,112747 14454,872213 -29,059275
10745,112747 14454,872213 -30,938830
10795,112747 14454,872213 -32,758317
10845,112747 14454,872213 -34,500915
10895,112747 14454,872213 -36,151334
10945,112747 14454,872213 -37,696074
10995,112747 14454,872213 -39,123597
11045,112747 14454,872213 -40,424437
11095,112747 14454,872213 -41,591228
11145,112747 14454,872213 -42,618680
11195,112747 14454,872213 -43,503495
11245,112747 14454,872213 -44,244239
11295,112747 14454,872213 -44,841177
11345,112747 14454,872213 -45,296095
11395,112747 14454,872213 -45,612088
11445,112747 14454,872213 -45,793363
11495,112747 14454,872213 -45,845030
11545,112747 14454,872213 -45,772906
11595,112747 14454,872213 -59,769473
11645,112747 14454,872213 -59,620634
11695,112747 14454,872213 -59,378761
11745,112747 14454,872213 -59,047972
11795,112747 14454,872213 -58,632064
11845,112747 14454,872213 -58,134504
11895,112747 14454,872213 -57,558419
11945,112747 14454,872213 -56,906611
11995,112747 14454,872213 -56,181582
12045,112747 14454,872213 -55,385574
12095,112747 14454,872213 -54,520615
12145,112747 14454,872213 -53,588578
12195,112747 14454,872213 -52,591244
12245,112747 14454,872213 -51,530379
12295,112747 14454,872213 -50,407800
12345,112747 14454,872213 -41,353514
12395,112747 14454,872213 -40,148429
12445,112747 14454,872213 -38,902972
12495,112747 14454,872213 -37,620853
12545,112747 14454,872213 -36,306019
12595,112747 14454,872213 -34,962693
12645,112747 14454,872213 -33,595415
12695,112747 14454,872213 -32,209055
12745,112747 14454,872213 -30,808821
12795,112747 14454,872213 -29,400254
12845,112747 14454,872213 -27,989201
12895,112747 14454,872213 -26,581779
12945,112747 14454,872213 -25,184318
12995,112747 14454,872213 -23,803297
13045,112747 14454,872213 -22,445265
13095,112747 14454,872213 -21,116749
13145,112747 14454,872213 -19,824167
13195,112747 14454,872213 -18,573723
13245,112747 14454,872213 -17,371318
13295,112747 14454,872213 -16,222454
13345,112747 14454,872213 -15,132150
13395,112747 14454,872213 -14,104872
13445,112747 14454,872213 -13,144468
13495,112747 14454,872213 -12,254127
13545,112747 14454,872213 -11,436348
13595,112747 14454,872213 -10,692926
13645,112747 14454,872213 -10,024956
13695,112747 14454,872213 -9,432852
13745,112747 14454,872213 -8,916378
13795,112747 14454,872213 -8,474687
13845,112747 14454,872213 -8,106379
13895,112747 14454,872213 -7,809555
13945,112747 14454,872213 -7,581882
13995,112747 14454,872213 -7,420657
6545,112747 14504,872213 -171,089902
6595,112747 14504,872213 -176,329203
6645,112747 14504,872213 -182,899784
6695,112747 14504,872213 -187,655799
6745,112747 14504,872213 -192,236680
6795,112747 14504,872213 -196,614402
6845,112747 14504,872213 -200,758887
6895,112747 14504,872213 -204,638047
6945,112747 14504,872213 -208,217889
6995,112747 14504,872213 -211,462675
7045,112747 14504,872213 -214,335174
7095,112747 14504,872213 -216,796998
7145,112747 14504,872213 -218,809045
7195,112747 14504,872213 -220,332051
7245,112747 14504,872213 -221,327269
7295,112747 14504,872213 -221,757257
7345,112747 14504,872213 -221,586800
7395,112747 14504,872213 -220,783925
7445,112747 14504,872213 -219,321009
7495,112747 14504,872213 -217,175938
7545,112747 14504,872213 -214,333285
7595,112747 14504,872213 -210,785438
7645,112747 14504,872213 -206,533646
7695,112747 14504,872213 -201,588885
7745,112747 14504,872213 -195,972504
7795,112747 14504,872213 -189,716573
7845,112747 14504,872213 -182,863885
7895,112747 14504,872213 -175,467577
7945,112747 14504,872213 -167,590353
7995,112747 14504,872213 -159,303318
8045,112747 14504,872213 -150,684465
8095,112747 14504,872213 -141,816871
8145,112747 14504,872213 -132,786688
8195,112747 14504,872213 -123,681025
8245,112747 14504,872213 -114,585827
8295,112747 14504,872213 -105,583850
8345,112747 14504,872213 -96,752828
8395,112747 14504,872213 -88,163899
8445,112747 14504,872213 -79,880355
8495,112747 14504,872213 -71,956726
8545,112747 14504,872213 -64,438227
8595,112747 14504,872213 -57,360535
8645,112747 14504,872213 -50,749874
8695,112747 14504,872213 -44,623364
8745,112747 14504,872213 -38,989592
8795,112747 14504,872213 -33,849340
8845,112747 14504,872213 -29,196434
8895,112747 14504,872213 -25,018671
8945,112747 14504,872213 -21,298774
8995,112747 14504,872213 -17,777316
9045,112747 14504,872213 -14,958655
9095,112747 14504,872213 -12,515350
9145,112747 14504,872213 -10,420258
9195,112747 14504,872213 -8,645709
9245,112747 14504,872213 -7,164164
9295,112747 14504,872213 -5,948810
9345,112747 14504,872213 -4,974095
9395,112747 14504,872213 -4,216189
9445,112747 14504,872213 -3,653371
9495,112747 14504,872213 -3,266332
9545,112747 14504,872213 -3,038388
9595,112747 14504,872213 -2,955595
9645,112747 14504,872213 -3,006760
9695,112747 14504,872213 -3,183349
9745,112747 14504,872213 -3,479286
9795,112747 14504,872213 -3,890656
9845,112747 14504,872213 -4,415320
9895,112747 14504,872213 -5,052462
9945,112747 14504,872213 -5,802080
9995,112747 14504,872213 -6,664462
10045,112747 14504,872213 -7,639657
10095,112747 14504,872213 -8,726977
10145,112747 14504,872213 -9,924558
10195,112747 14504,872213 -11,228994
10245,112747 14504,872213 -12,635066
10295,112747 14504,872213 -14,135582
10345,112747 14504,872213 -15,721318
10395,112747 14504,872213 -17,381078
10445,112747 14504,872213 -19,101852
10495,112747 14504,872213 -20,869054
10545,112747 14504,872213 -22,666848
10595,112747 14504,872213 -24,478509
10645,112747 14504,872213 -26,286826
10695,112747 14504,872213 -28,074511
10745,112747 14504,872213 -29,824596
10795,112747 14504,872213 -31,520811
10845,112747 14504,872213 -33,147917
10895,112747 14504,872213 -34,691981
10945,112747 14504,872213 -36,140606
10995,112747 14504,872213 -37,483091
11045,112747 14504,872213 -38,710528
11095,112747 14504,872213 -39,815843
11145,112747 14504,872213 -40,793785
11195,112747 14504,872213 -41,640862
11245,112747 14504,872213 -42,355240
11295,112747 14504,872213 -42,936616
11345,112747 14504,872213 -43,386059
11395,112747 14504,872213 -43,705846
11445,112747 14504,872213 -43,899285
11495,112747 14504,872213 -43,970542
11545,112747 14504,872213 -43,924469
11595,112747 14504,872213 -58,481608
11645,112747 14504,872213 -58,350362
11695,112747 14504,872213 -58,127195
11745,112747 14504,872213 -57,815621
11795,112747 14504,872213 -57,418898
11845,112747 14504,872213 -56,940008
11895,112747 14504,872213 -56,381658
11945,112747 14504,872213 -55,746285
11995,112747 14504,872213 -55,036088
12045,112747 14504,872213 -54,253054
12095,112747 14504,872213 -53,399011
12145,112747 14504,872213 -52,475678
12195,112747 14504,872213 -51,484730
12245,112747 14504,872213 -50,427864
12295,112747 14504,872213 -49,306873
12345,112747 14504,872213 -40,097596
12395,112747 14504,872213 -38,909347
12445,112747 14504,872213 -37,678498
12495,112747 14504,872213 -36,408856
12545,112747 14504,872213 -35,104495
12595,112747 14504,872213 -33,769793
12645,112747 14504,872213 -32,409459
12695,112747 14504,872213 -31,028553
12745,112747 14504,872213 -29,632490
12795,112747 14504,872213 -28,227026
12845,112747 14504,872213 -26,818233
12895,112747 14504,872213 -25,412456
12945,112747 14504,872213 -24,016255
12995,112747 14504,872213 -22,636336
13045,112747 14504,872213 -21,279465
13095,112747 14504,872213 -19,952379
13145,112747 14504,872213 -18,661688
13195,112747 14504,872213 -17,413773
13245,112747 14504,872213 -16,214688
13295,112747 14504,872213 -15,070066
13345,112747 14504,872213 -13,985034
13395,112747 14504,872213 -12,964137
13445,112747 14504,872213 -12,011278
13495,112747 14504,872213 -11,129674
13545,112747 14504,872213 -10,321826
13595,112747 14504,872213 -9,589508
13645,112747 14504,872213 -8,933777
13695,112747 14504,872213 -8,354986
13745,112747 14504,872213 -7,852823
13795,112747 14504,872213 -7,426356
13845,112747 14504,872213 -7,074088
13895,112747 14504,872213 -6,794015
13945,112747 14504,872213 -6,583699
13995,112747 14504,872213 -6,440331
6545,112747 14554,872213 -168,718227
6595,112747 14554,872213 -173,765770
6645,112747 14554,872213 -180,250807
6695,112747 14554,872213 -184,810654
6745,112747 14554,872213 -189,193794
6795,112747 14554,872213 -193,373220
6845,112747 14554,872213 -197,320043
6895,112747 14554,872213 -201,003550
6945,112747 14554,872213 -204,391315
6995,112747 14554,872213 -207,449370
7045,112747 14554,872213 -210,142457
7095,112747 14554,872213 -212,434359
7145,112747 14554,872213 -214,288332
7195,112747 14554,872213 -215,667636
7245,112747 14554,872213 -216,536170
7295,112747 14554,872213 -216,859230
7345,112747 14554,872213 -216,604355
7395,112747 14554,872213 -215,742274
7445,112747 14554,872213 -214,247928
7495,112747 14554,872213 -212,101526
7545,112747 14554,872213 -209,289618
7595,112747 14554,872213 -205,806117
7645,112747 14554,872213 -201,653234
7695,112747 14554,872213 -196,842252
7745,112747 14554,872213 -191,394091
7795,112747 14554,872213 -185,339607
7845,112747 14554,872213 -178,719571
7895,112747 14554,872213 -171,584309
7945,112747 14554,872213 -163,992982
7995,112747 14554,872213 -156,012512
8045,112747 14554,872213 -147,716205
8095,112747 14554,872213 -139,182094
8145,112747 14554,872213 -130,491114
8195,112747 14554,872213 -121,725158
8245,112747 14554,872213 -112,965137
8295,112747 14554,872213 -104,289113
8345,112747 14554,872213 -95,770601
8395,112747 14554,872213 -87,477105
8445,112747 14554,872213 -79,468929
8495,112747 14554,872213 -71,798309
8545,112747 14554,872213 -64,508852
8595,112747 14554,872213 -57,635300
8645,112747 14554,872213 -51,203560
8695,112747 14554,872213 -45,230996
8745,112747 14554,872213 -39,726922
8795,112747 14554,872213 -34,693256
8845,112747 14554,872213 -30,125288
8895,112747 14554,872213 -26,012528
8945,112747 14554,872213 -22,339598
8995,112747 14554,872213 -18,817668
9045,112747 14554,872213 -16,018419
9095,112747 14554,872213 -13,582759
9145,112747 14554,872213 -11,485475
9195,112747 14554,872213 -9,700746
9245,112747 14554,872213 -8,202761
9295,112747 14554,872213 -6,966289
9345,112747 14554,872213 -5,967175
9395,112747 14554,872213 -5,182775
9445,112747 14554,872213 -4,592316
9495,112747 14554,872213 -4,177180
9545,112747 14554,872213 -3,921098
9595,112747 14554,872213 -3,810261
9645,112747 14554,872213 -3,833332
9695,112747 14554,872213 -3,981370
9745,112747 14554,872213 -4,247651
9795,112747 14554,872213 -4,627410
9845,112747 14554,872213 -5,117508
9895,112747 14554,872213 -5,716031
9945,112747 14554,872213 -6,421854
9995,112747 14554,872213 -7,234176
10045,112747 14554,872213 -8,152066
10095,112747 14554,872213 -9,174027
10145,112747 14554,872213 -10,297611
10195,112747 14554,872213 -11,519099
10245,112747 14554,872213 -12,833263
10295,112747 14554,872213 -14,233215
10345,112747 14554,872213 -15,710357
10395,112747 14554,872213 -17,254414
10445,112747 14554,872213 -18,853568
10495,112747 14554,872213 -20,494655
10545,112747 14554,872213 -22,163433
10595,112747 14554,872213 -23,844888
10645,112747 14554,872213 -25,523576
10695,112747 14554,872213 -27,183970
10745,112747 14554,872213 -28,810802
10795,112747 14554,872213 -30,389385
10845,112747 14554,872213 -31,905900
10895,112747 14554,872213 -33,347645
10945,112747 14554,872213 -34,703233
10995,112747 14554,872213 -35,962736
11045,112747 14554,872213 -37,117782
11095,112747 14554,872213 -38,161598
11145,112747 14554,872213 -39,089007
11195,112747 14554,872213 -39,896387
11245,112747 14554,872213 -40,581591
11295,112747 14554,872213 -41,143842
11345,112747 14554,872213 -41,583610
11395,112747 14554,872213 -41,902467
11445,112747 14554,872213 -42,102943
11495,112747 14554,872213 -42,188376
11545,112747 14554,872213 -42,162767
11595,112747 14554,872213 -57,253028
11645,112747 14554,872213 -57,134651
11695,112747 14554,872213 -56,925670
11745,112747 14554,872213 -56,629042
11795,112747 14554,872213 -56,247520
11845,112747 14554,872213 -55,783633
11895,112747 14554,872213 -55,239689
11945,112747 14554,872213 -54,617780
11995,112747 14554,872213 -53,919808
12045,112747 14554,872213 -53,147517
12095,112747 14554,872213 -52,302536
12145,112747 14554,872213 -51,386429
12195,112747 14554,872213 -50,400759
12245,112747 14554,872213 -49,347149
12295,112747 14554,872213 -48,227356
12345,112747 14554,872213 -38,866420
12395,112747 14554,872213 -37,695330
12445,112747 14554,872213 -36,479719
12495,112747 14554,872213 -35,223476
12545,112747 14554,872213 -33,930777
12595,112747 14554,872213 -32,606127
12645,112747 14554,872213 -31,254380
12695,112747 14554,872213 -29,880760
12745,112747 14554,872213 -28,490858
12795,112747 14554,872213 -27,090618
12845,112747 14554,872213 -25,686305
12895,112747 14554,872213 -24,284462
12945,112747 14554,872213 -22,891850
12995,112747 14554,872213 -21,515368
13045,112747 14554,872213 -20,161973
13095,112747 14554,872213 -18,838580
13145,112747 14554,872213 -17,551965
13195,112747 14554,872213 -16,308658
13245,112747 14554,872213 -15,114845
13295,112747 14554,872213 -13,976268
13345,112747 14554,872213 -12,898143
13395,112747 14554,872213 -11,885080
13445,112747 14554,872213 -10,941024
13495,112747 14554,872213 -10,069210
13545,112747 14554,872213 -9,272139
13595,112747 14554,872213 -8,551563
13645,112747 14554,872213 -7,908497
13695,112747 14554,872213 -7,343241
13745,112747 14554,872213 -6,855413
13795,112747 14554,872213 -6,444004
13845,112747 14554,872213 -6,107429
13895,112747 14554,872213 -5,843596
13945,112747 14554,872213 -5,649972
13995,112747 14554,872213 -5,523653
6545,112747 14604,872213 -166,110525
6595,112747 14604,872213 -170,962816
6645,112747 14604,872213 -177,372455
6695,112747 14604,872213 -181,733031
6745,112747 14604,872213 -185,915533
6795,112747 14604,872213 -189,894007
6845,112747 14604,872213 -193,640786
6895,112747 14604,872213 -197,126567
6945,112747 14604,872213 -200,320522
6995,112747 14604,872213 -203,190485
7045,112747 14604,872213 -205,703197
7095,112747 14604,872213 -207,824638
7145,112747 14604,872213 -209,520438
7195,112747 14604,872213 -210,756390
7245,112747 14604,872213 -211,499050
7295,112747 14604,872213 -211,716446
7345,112747 14604,872213 -211,378863
7395,112747 14604,872213 -210,459721
7445,112747 14604,872213 -208,936507
7495,112747 14604,872213 -206,791735
7545,112747 14604,872213 -204,013917
7595,112747 14604,872213 -200,598479
7645,112747 14604,872213 -196,548593
7695,112747 14604,872213 -191,875855
7745,112747 14604,872213 -186,600782
7795,112747 14604,872213 -180,753051
7845,112747 14604,872213 -174,371463
7895,112747 14604,872213 -167,503597
7945,112747 14604,872213 -160,205136
7995,112747 14604,872213 -152,538894
8045,112747 14604,872213 -144,573546
8095,112747 14604,872213 -136,382136
8145,112747 14604,872213 -128,040406
8195,112747 14604,872213 -119,625036
8245,112747 14604,872213 -111,211871
8295,112747 14604,872213 -102,874216
8345,112747 14604,872213 -94,681272
8395,112747 14604,872213 -86,696781
8445,112747 14604,872213 -78,977914
8495,112747 14604,872213 -71,574445
8545,112747 14604,872213 -64,528204
8595,112747 14604,872213 -57,872818
8645,112747 14604,872213 -51,633711
8695,112747 14604,872213 -45,828333
8745,112747 14604,872213 -40,466585
8795,112747 14604,872213 -35,551398
8845,112747 14604,872213 -31,079426
8895,112747 14604,872213 -27,041816
8945,112747 14604,872213 -23,425025
8995,112747 14604,872213 -19,906183
9045,112747 14604,872213 -17,133414
9095,112747 14604,872213 -14,711453
9145,112747 14604,872213 -12,617011
9195,112747 14604,872213 -10,826119
9245,112747 14604,872213 -9,314707
9295,112747 14604,872213 -8,059141
9345,112747 14604,872213 -7,036689
9395,112747 14604,872213 -6,225929
9445,112747 14604,872213 -5,607083
9495,112747 14604,872213 -5,162280
9545,112747 14604,872213 -4,875744
9595,112747 14604,872213 -4,733894
9645,112747 14604,872213 -4,725362
9695,112747 14604,872213 -4,840928
9745,112747 14604,872213 -5,073369
9795,112747 14604,872213 -5,417236
9845,112747 14604,872213 -5,868561
9895,112747 14604,872213 -6,424515
9945,112747 14604,872213 -7,083021
9995,112747 14604,872213 -7,842364
10045,112747 14604,872213 -8,700782
10095,112747 14604,872213 -9,656097
10145,112747 14604,872213 -10,705377
10195,112747 14604,872213 -11,844653
10245,112747 14604,872213 -13,068707
10295,112747 14604,872213 -14,370943
10345,112747 14604,872213 -15,743323
10395,112747 14604,872213 -17,176401
10445,112747 14604,872213 -18,659418
10495,112747 14604,872213 -20,180471
10545,112747 14604,872213 -21,726730
10595,112747 14604,872213 -23,284697
10645,112747 14604,872213 -24,840495
10695,112747 14604,872213 -26,380161
10745,112747 14604,872213 -27,889939
10795,112747 14604,872213 -29,356554
10845,112747 14604,872213 -30,767465
10895,112747 14604,872213 -32,111082
10945,112747 14604,872213 -33,376936
10995,112747 14604,872213 -34,555819
11045,112747 14604,872213 -35,639868
11095,112747 14604,872213 -36,622612
11145,112747 14604,872213 -37,498982
11195,112747 14604,872213 -38,265277
11245,112747 14604,872213 -38,919110
11295,112747 14604,872213 -39,459320
11345,112747 14604,872213 -39,885871
11395,112747 14604,872213 -40,199739
11445,112747 14604,872213 -40,402780
11495,112747 14604,872213 -40,497614
11545,112747 14604,872213 -40,487490
11595,112747 14604,872213 -56,084768
11645,112747 14604,872213 -55,974929
11695,112747 14604,872213 -55,775976
11745,112747 14604,872213 -55,490353
11795,112747 14604,872213 -55,120343
11845,112747 14604,872213 -54,668055
11895,112747 14604,872213 -54,135422
11945,112747 14604,872213 -53,524212
11995,112747 14604,872213 -52,836044
12045,112747 14604,872213 -52,072427
12095,112747 14604,872213 -51,234798
12145,112747 14604,872213 -50,324568
12195,112747 14604,872213 -49,343187
12245,112747 14604,872213 -48,292202
12295,112747 14604,872213 -47,173328
12345,112747 14604,872213 -37,664317
12395,112747 14604,872213 -36,510718
12445,112747 14604,872213 -35,310989
12495,112747 14604,872213 -34,069076
12545,112747 14604,872213 -32,789238
12595,112747 14604,872213 -31,476081
12645,112747 14604,872213 -30,134580
12695,112747 14604,872213 -28,770096
12745,112747 14604,872213 -27,388367
12795,112747 14604,872213 -25,995492
12845,112747 14604,872213 -24,597902
12895,112747 14604,872213 -23,202307
12945,112747 14604,872213 -21,815632
12995,112747 14604,872213 -20,444941
13045,112747 14604,872213 -19,097348
13095,112747 14604,872213 -17,779917
13145,112747 14604,872213 -16,499560
13195,112747 14604,872213 -15,262929
13245,112747 14604,872213 -14,076317
13295,112747 14604,872213 -12,945553
13345,112747 14604,872213 -11,875923
13395,112747 14604,872213 -10,872086
13445,112747 14604,872213 -9,938016
13495,112747 14604,872213 -9,076962
13545,112747 14604,872213 -8,291416
13595,112747 14604,872213 -7,583109
13645,112747 14604,872213 -6,953016
13695,112747 14604,872213 -6,401388
13745,112747 14604,872213 -5,927783
13795,112747 14604,872213 -5,531122
13845,112747 14604,872213 -5,209747
13895,112747 14604,872213 -4,961490
13945,112747 14604,872213 -4,783737
13995,112747 14604,872213 -4,673507
6545,112747 14654,872213 -163,293297
6595,112747 14654,872213 -167,948418
6645,112747 14654,872213 -174,294341
6695,112747 14654,872213 -178,454343
6745,112747 14654,872213 -182,435194
6795,112747 14654,872213 -186,212019
6845,112747 14654,872213 -189,758404
6895,112747 14654,872213 -193,046476
6945,112747 14654,872213 -196,047030
6995,112747 14654,872213 -198,729715
7045,112747 14654,872213 -201,063281
7095,112747 14654,872213 -203,015904
7145,112747 14654,872213 -204,555582
7195,112747 14654,872213 -205,650623
7245,112747 14654,872213 -206,270213
7295,112747 14654,872213 -206,385072
7345,112747 14654,872213 -205,968188
7395,112747 14654,872213 -204,995615
7445,112747 14654,872213 -203,447326
7495,112747 14654,872213 -201,308082
7545,112747 14654,872213 -198,568298
7595,112747 14654,872213 -195,224865
7645,112747 14654,872213 -191,281875
7695,112747 14654,872213 -186,751222
7745,112747 14654,872213 -181,653018
7795,112747 14654,872213 -176,015786
7845,112747 14654,872213 -169,876406
7895,112747 14654,872213 -163,279779
7945,112747 14654,872213 -156,278204
7995,112747 14654,872213 -148,930486
8045,112747 14654,872213 -141,300782
8095,112747 14654,872213 -133,457245
8145,112747 14654,872213 -125,470519
8195,112747 14654,872213 -117,412143
8245,112747 14654,872213 -109,352938
8295,112747 14654,872213 -101,361465
8345,112747 14654,872213 -93,502590
8395,112747 14654,872213 -85,836238
8445,112747 14654,872213 -78,416361
8495,112747 14654,872213 -71,290162
8545,112747 14654,872213 -64,497562
8595,112747 14654,872213 -58,070935
8645,112747 14654,872213 -52,035075
8695,112747 14654,872213 -46,407370
8745,112747 14654,872213 -41,198173
8795,112747 14654,872213 -36,411301
8845,112747 14654,872213 -32,044659
8895,112747 14654,872213 -28,090933
8945,112747 14654,872213 -24,538334
8995,112747 14654,872213 -21,025256
9045,112747 14654,872213 -18,285360
9095,112747 14654,872213 -15,882685
9145,112747 14654,872213 -13,795841
9195,112747 14654,872213 -12,002690
9245,112747 14654,872213 -10,480896
9295,112747 14654,872213 -9,208422
9345,112747 14654,872213 -8,163969
9395,112747 14654,872213 -7,327354
9445,112747 14654,872213 -6,679830
9495,112747 14654,872213 -6,204326
9545,112747 14654,872213 -5,885620
9595,112747 14654,872213 -5,710444
9645,112747 14654,872213 -5,667501
9695,112747 14654,872213 -5,747413
9745,112747 14654,872213 -5,942598
9795,112747 14654,872213 -6,247070
9845,112747 14654,872213 -6,656197
9895,112747 14654,872213 -7,166397
9945,112747 14654,872213 -7,774810
9995,112747 14654,872213 -8,478954
10045,112747 14654,872213 -9,276382
10095,112747 14654,872213 -10,164349
10145,112747 14654,872213 -11,139526
10195,112747 14654,872213 -12,197747
10245,112747 14654,872213 -13,333827
10295,112747 14654,872213 -14,541438
10345,112747 14654,872213 -15,813050
10395,112747 14654,872213 -17,139951
10445,112747 14654,872213 -18,512323
10495,112747 14654,872213 -19,919374
10545,112747 14654,872213 -21,349520
10595,112747 14654,872213 -22,790603
10645,112747 14654,872213 -24,230130
10695,112747 14654,872213 -25,655522
10745,112747 14654,872213 -27,054364
10795,112747 14654,872213 -28,414643
10845,112747 14654,872213 -29,724962
10895,112747 14654,872213 -30,974731
10945,112747 14654,872213 -32,154322
10995,112747 14654,872213 -33,255190
11045,112747 14654,872213 -34,269954
11095,112747 14654,872213 -35,192448
11145,112747 14654,872213 -36,017731
11195,112747 14654,872213 -36,742069
11245,112747 14654,872213 -37,362895
11295,112747 14654,872213 -37,878741
11345,112747 14654,872213 -38,289154
11395,112747 14654,872213 -38,594600
11445,112747 14654,872213 -38,796363
11495,112747 14654,872213 -38,896436
11545,112747 14654,872213 -38,897414
11595,112747 14654,872213 -54,977145
11645,112747 14654,872213 -54,871923
11695,112747 14654,872213 -54,679220
11745,112747 14654,872213 -54,401008
11795,112747 14654,872213 -54,039142
11845,112747 14654,872213 -53,595340
11895,112747 14654,872213 -53,071188
11945,112747 14654,872213 -52,468147
11995,112747 14654,872213 -51,787575
12045,112747 14654,872213 -51,030756
12095,112747 14654,872213 -50,198942
12145,112747 14654,872213 -49,293399
12195,112747 14654,872213 -48,315466
12245,112747 14654,872213 -47,266611
12295,112747 14654,872213 -46,148504
12345,112747 14654,872213 -36,495137
12395,112747 14654,872213 -35,359392
12445,112747 14654,872213 -34,176212
12495,112747 14654,872213 -32,949581
12545,112747 14654,872213 -31,683819
12595,112747 14654,872213 -30,383613
12645,112747 14654,872213 -29,054034
12695,112747 14654,872213 -27,700550
12745,112747 14654,872213 -26,329019
12795,112747 14654,872213 -24,945667
12845,112747 14654,872213 -23,557056
12895,112747 14654,872213 -22,170031
12945,112747 14654,872213 -20,791650
12995,112747 14654,872213 -19,429109
13045,112747 14654,872213 -18,089644
13095,112747 14654,872213 -16,780436
13145,112747 14654,872213 -15,508504
13195,112747 14654,872213 -14,280595
13245,112747 14654,872213 -13,103078
13295,112747 14654,872213 -11,981853
13345,112747 14654,872213 -10,922251
13395,112747 14654,872213 -9,928968
13445,112747 14654,872213 -9,005995
13495,112747 14654,872213 -8,156584
13545,112747 14654,872213 -7,383217
13595,112747 14654,872213 -6,687600
13645,112747 14654,872213 -6,070676
13695,112747 14654,872213 -5,532649
13745,112747 14654,872213 -5,073027
13795,112747 14654,872213 -4,690675
13845,112747 14654,872213 -4,383874
13895,112747 14654,872213 -4,150391
13945,112747 14654,872213 -3,987552
13995,112747 14654,872213 -3,892314
6545,112747 14704,872213 -160,292258
6595,112747 14704,872213 -164,749762
6645,112747 14704,872213 -171,045010
6695,112747 14704,872213 -175,004790
6745,112747 14704,872213 -178,784698
6795,112747 14704,872213 -182,360962
6845,112747 14704,872213 -185,708439
6895,112747 14704,872213 -188,800702
6945,112747 14704,872213 -191,610176
6995,112747 14704,872213 -194,108325
7045,112747 14704,872213 -196,265902
7095,112747 14704,872213 -198,053257
7145,112747 14704,872213 -199,440726
7195,112747 14704,872213 -200,399090
7245,112747 14704,872213 -200,900106
7295,112747 14704,872213 -200,917119
7345,112747 14704,872213 -200,425739
7395,112747 14704,872213 -199,404566
7445,112747 14704,872213 -197,835965
7495,112747 14704,872213 -195,706849
7545,112747 14704,872213 -193,009446
7595,112747 14704,872213 -189,742028
7645,112747 14704,872213 -185,909548
7695,112747 14704,872213 -181,524151
7745,112747 14704,872213 -176,605529
7795,112747 14704,872213 -171,181066
7845,112747 14704,872213 -165,285770
7895,112747 14704,872213 -158,961942
7945,112747 14704,872213 -152,258603
7995,112747 14704,872213 -145,230678
8045,112747 14704,872213 -137,937947
8095,112747 14704,872213 -130,443827
8145,112747 14704,872213 -122,814006
8195,112747 14704,872213 -115,115008
8245,112747 14704,872213 -107,412742
8295,112747 14704,872213 -99,771098
8345,112747 14704,872213 -92,250650
8395,112747 14704,872213 -84,907513
8445,112747 14704,872213 -77,792393
8495,112747 14704,872213 -70,949860
8545,112747 14704,872213 -64,417840
8595,112747 14704,872213 -58,227346
8645,112747 14704,872213 -52,402417
8695,112747 14704,872213 -46,960255
8745,112747 14704,872213 -41,911530
8795,112747 14704,872213 -37,260819
8845,112747 14704,872213 -33,007156
8895,112747 14704,872213 -29,144656
8945,112747 14704,872213 -25,663187
8995,112747 14704,872213 -22,157738
9045,112747 14704,872213 -19,456424
9095,112747 14704,872213 -17,078149
9145,112747 14704,872213 -15,003370
9195,112747 14704,872213 -13,211746
9245,112747 14704,872213 -11,682645
9295,112747 14704,872213 -10,395609
9345,112747 14704,872213 -9,330769
9395,112747 14704,872213 -8,469191
9445,112747 14704,872213 -7,793178
9495,112747 14704,872213 -7,286495
9545,112747 14704,872213 -6,934533
9595,112747 14704,872213 -6,724408
9645,112747 14704,872213 -6,644984
9695,112747 14704,872213 -6,686836
9745,112747 14704,872213 -6,842145
9795,112747 14704,872213 -7,104529
9845,112747 14704,872213 -7,468836
9895,112747 14704,872213 -7,930883
9945,112747 14704,872213 -8,487175
9995,112747 14704,872213 -9,134607
10045,112747 14704,872213 -9,870165
10095,112747 14704,872213 -10,690646
10145,112747 14704,872213 -11,592399
10195,112747 14704,872213 -12,571113
10245,112747 14704,872213 -13,621648
10295,112747 14704,872213 -14,737925
10345,112747 14704,872213 -15,912872
10395,112747 14704,872213 -17,138428
10445,112747 14704,872213 -18,405601
10495,112747 14704,872213 -19,704581
10545,112747 14704,872213 -21,024879
10595,112747 14704,872213 -22,355516
10645,112747 14704,872213 -23,685218
10695,112747 14704,872213 -25,002631
10745,112747 14704,872213 -26,296529
10795,112747 14704,872213 -27,556018
10845,112747 14704,872213 -28,770728
10895,112747 14704,872213 -29,930969
10945,112747 14704,872213 -31,027878
10995,112747 14704,872213 -32,053522
11045,112747 14704,872213 -33,000976
11095,112747 14704,872213 -33,864372
11145,112747 14704,872213 -34,638917
11195,112747 14704,872213 -35,320881
11245,112747 14704,872213 -35,907570
11295,112747 14704,872213 -36,397272
11345,112747 14704,872213 -36,789190
11395,112747 14704,872213 -37,083368
11445,112747 14704,872213 -37,280596
11495,112747 14704,872213 -37,382330
11545,112747 14704,872213 -37,390593
11595,112747 14704,872213 -53,929878
11645,112747 14704,872213 -53,825765
11695,112747 14704,872213 -53,635920
11745,112747 14704,872213 -53,361889
11795,112747 14704,872213 -53,005132
11845,112747 14704,872213 -52,567010
11895,112747 14704,872213 -52,048789
11945,112747 14704,872213 -51,451647
11995,112747 14704,872213 -50,776695
12045,112747 14704,872213 -50,025010
12095,112747 14704,872213 -49,197670
12145,112747 14704,872213 -48,295802
12195,112747 14704,872213 -47,320638
12245,112747 14704,872213 -46,273572
12295,112747 14704,872213 -45,156225
12345,112747 14704,872213 -35,362236
12395,112747 14704,872213 -34,244749
12445,112747 14704,872213 -33,078815
12495,112747 14704,872213 -31,868443
12545,112747 14704,872213 -30,617994
12595,112747 14704,872213 -29,332212
12645,112747 14704,872213 -28,016241
12695,112747 14704,872213 -26,675630
12745,112747 14704,872213 -25,316328
12795,112747 14704,872213 -23,944659
12845,112747 14704,872213 -22,567284
12895,112747 14704,872213 -21,191149
12945,112747 14704,872213 -19,823412
12995,112747 14704,872213 -18,471366
13045,112747 14704,872213 -17,142338
13095,112747 14704,872213 -15,843593
13145,112747 14704,872213 -14,582224
13195,112747 14704,872213 -13,365043
13245,112747 14704,872213 -12,198476
13295,112747 14704,872213 -11,088461
13345,112747 14704,872213 -10,040363
13395,112747 14704,872213 -9,058892
13445,112747 14704,872213 -8,148050
13495,112747 14704,872213 -7,311082
13545,112747 14704,872213 -6,550455
13595,112747 14704,872213 -5,867854
13645,112747 14704,872213 -5,264189
13695,112747 14704,872213 -4,739630
13745,112747 14704,872213 -4,293642
13795,112747 14704,872213 -3,925044
13845,112747 14704,872213 -3,632073
13895,112747 14704,872213 -3,412449
13945,112747 14704,872213 -3,263451
13995,112747 14704,872213 -3,181990
6545,112747 14754,872213 -157,132136
6595,112747 14754,872213 -161,392926
6645,112747 14754,872213 -167,651696
6695,112747 14754,872213 -171,413102
6745,112747 14754,872213 -174,994319
6795,112747 14754,872213 -178,372699
6845,112747 14754,872213 -181,524379
6895,112747 14754,872213 -184,424383
6945,112747 14754,872213 -187,046762
6995,112747 14754,872213 -189,364784
7045,112747 14754,872213 -191,351175
7095,112747 14754,872213 -192,978427
7145,112747 14754,872213 -194,219161
7195,112747 14754,872213 -195,046561
7245,112747 14754,872213 -195,434877
7295,112747 14754,872213 -195,359986
7345,112747 14754,872213 -194,800010
7395,112747 14754,872213 -193,735981
7445,112747 14754,872213 -192,152535
7495,112747 14754,872213 -190,038613
7545,112747 14754,872213 -187,388142
7595,112747 14754,872213 -184,200672
7645,112747 14754,872213 -180,481929
7695,112747 14754,872213 -176,244252
7745,112747 14754,872213 -171,506886
7795,112747 14754,872213 -166,296087
7845,112747 14754,872213 -160,645032
7895,112747 14754,872213 -154,593510
7945,112747 14754,872213 -148,187385
7995,112747 14754,872213 -141,477849
8045,112747 14754,872213 -134,520480
8095,112747 14754,872213 -127,374139
8145,112747 14754,872213 -120,099743
8195,112747 14754,872213 -112,758981
8245,112747 14754,872213 -105,413003
8295,112747 14754,872213 -98,121160
8345,112747 14754,872213 -90,939828
8395,112747 14754,872213 -83,921371
8445,112747 14754,872213 -77,113269
8495,112747 14754,872213 -70,557445
8545,112747 14754,872213 -64,289781
8595,112747 14754,872213 -58,339853
8645,112747 14754,872213 -52,730850
8695,112747 14754,872213 -47,479674
8745,112747 14754,872213 -42,597189
8795,112747 14754,872213 -38,088608
8845,112747 14754,872213 -33,953971
8895,112747 14754,872213 -30,188702
8945,112747 14754,872213 -26,784218
8995,112747 14754,872213 -23,287543
9045,112747 14754,872213 -20,629849
9095,112747 14754,872213 -18,280611
9145,112747 14754,872213 -16,222070
9195,112747 14754,872213 -14,435625
9245,112747 14754,872213 -12,902305
9295,112747 14754,872213 -11,603204
9345,112747 14754,872213 -10,519859
9395,112747 14754,872213 -9,634584
9445,112747 14754,872213 -8,930739
9495,112747 14754,872213 -8,392954
9545,112747 14754,872213 -8,007273
9595,112747 14754,872213 -7,761259
9645,112747 14754,872213 -7,644018
9695,112747 14754,872213 -7,646173
9745,112747 14754,872213 -7,759777
9795,112747 14754,872213 -7,978179
9845,112747 14754,872213 -8,295836
9895,112747 14754,872213 -8,708099
9945,112747 14754,872213 -9,210971
9995,112747 14754,872213 -9,800847
10045,112747 14754,872213 -10,474263
10095,112747 14754,872213 -11,227645
10145,112747 14754,872213 -12,057094
10195,112747 14754,872213 -12,958193
10245,112747 14754,872213 -13,925861
10295,112747 14754,872213 -14,954251
10345,112747 14754,872213 -16,036700
10395,112747 14754,872213 -17,165723
10445,112747 14754,872213 -18,333059
10495,112747 14754,872213 -19,529755
10545,112747 14754,872213 -20,746288
10595,112747 14754,872213 -21,972712
10645,112747 14754,872213 -23,198829
10695,112747 14754,872213 -24,414361
10745,112747 14754,872213 -25,609136
10795,112747 14754,872213 -26,773257
10845,112747 14754,872213 -27,897268
10895,112747 14754,872213 -28,972293
10945,112747 14754,872213 -29,990161
10995,112747 14754,872213 -30,943505
11045,112747 14754,872213 -31,825828
11095,112747 14754,872213 -32,631555
11145,112747 14754,872213 -33,356051
11195,112747 14754,872213 -33,995620
11245,112747 14754,872213 -34,547485
11295,112747 14754,872213 -35,009747
11345,112747 14754,872213 -35,381330
11395,112747 14754,872213 -35,661923
11445,112747 14754,872213 -35,851904
11495,112747 14754,872213 -35,952263
11545,112747 14754,872213 -35,964529
11595,112747 14754,872213 -52,942203
11645,112747 14754,872213 -52,836098
11695,112747 14754,872213 -52,646106
11745,112747 14754,872213 -52,373388
11795,112747 14754,872213 -52,019044
11845,112747 14754,872213 -51,584111
11895,112747 14754,872213 -51,069560
11945,112747 14754,872213 -50,476312
11995,112747 14754,872213 -49,805251
12045,112747 14754,872213 -49,057261
12095,112747 14754,872213 -48,233260
12145,112747 14754,872213 -47,334245
12195,112747 14754,872213 -46,361348
12245,112747 14754,872213 -45,315891
12295,112747 14754,872213 -44,199451
12345,112747 14754,872213 -34,268472
12395,112747 14754,872213 -33,169692
12445,112747 14754,872213 -32,021738
12495,112747 14754,872213 -30,828626
12545,112747 14754,872213 -29,594742
12595,112747 14754,872213 -28,324866
12645,112747 14754,872213 -27,024192
12695,112747 14754,872213 -25,698325
12745,112747 14754,872213 -24,353276
12795,112747 14754,872213 -22,995438
12845,112747 14754,872213 -21,631539
12895,112747 14754,872213 -20,268594
12945,112747 14754,872213 -18,913827
12995,112747 14754,872213 -17,574592
13045,112747 14754,872213 -16,258275
13095,112747 14754,872213 -14,972192
13145,112747 14754,872213 -13,723481
13195,112747 14754,872213 -12,518987
13245,112747 14754,872213 -11,365166
13295,112747 14754,872213 -10,267974
13345,112747 14754,872213 -9,232786
13395,112747 14754,872213 -8,264317
13445,112747 14754,872213 -7,366562
13495,112747 14754,872213 -6,542755
13545,112747 14754,872213 -5,795346
13595,112747 14754,872213 -5,125997
13645,112747 14754,872213 -4,535593
13695,112747 14754,872213 -4,024273
13745,112747 14754,872213 -3,591474
13795,112747 14754,872213 -3,235982
13845,112747 14754,872213 -2,956002
13895,112747 14754,872213 -2,749224
13945,112747 14754,872213 -2,612898
13995,112747 14754,872213 -2,543909
6545,112747 14804,872213 -192,571280
6595,112747 14804,872213 -194,487001
6645,112747 14804,872213 -198,102155
6695,112747 14804,872213 -199,763418
6745,112747 14804,872213 -201,344681
6795,112747 14804,872213 -202,831413
6845,112747 14804,872213 -204,207841
6895,112747 14804,872213 -205,456936
6945,112747 14804,872213 -206,560435
6995,112747 14804,872213 -207,498885
7045,112747 14804,872213 -208,251722
7095,112747 14804,872213 -208,797398
7145,112747 14804,872213 -209,113547
7195,112747 14804,872213 -209,177209
7245,112747 14804,872213 -208,965115
7295,112747 14804,872213 -208,454023
7345,112747 14804,872213 -207,621135
7395,112747 14804,872213 -206,444559
7445,112747 14804,872213 -204,903837
7495,112747 14804,872213 -202,980526
7545,112747 14804,872213 -200,658809
7595,112747 14804,872213 -197,926129
7645,112747 14804,872213 -194,773818
7695,112747 14804,872213 -191,197696
7745,112747 14804,872213 -187,198612
7795,112747 14804,872213 -182,782893
7845,112747 14804,872213 -177,962672
7895,112747 14804,872213 -172,756063
7945,112747 14804,872213 -167,187168
7995,112747 14804,872213 -161,285888
8045,112747 14804,872213 -155,087548
8095,112747 14804,872213 -148,632328
8145,112747 14804,872213 -141,964524
8195,112747 14804,872213 -135,131661
8245,112747 14804,872213 -128,183505
8295,112747 14804,872213 -121,171005
8345,112747 14804,872213 -114,145219
8395,112747 14804,872213 -107,156266
8445,112747 14804,872213 -100,252354
8495,112747 14804,872213 -93,478912
8545,112747 14804,872213 -86,877856
8595,112747 14804,872213 -80,487018
8645,112747 14804,872213 -74,339728
8695,112747 14804,872213 -68,464565
8745,112747 14804,872213 -62,885257
8795,112747 14804,872213 -57,620724
8845,112747 14804,872213 -52,685241
8895,112747 14804,872213 -48,088688
8945,112747 14804,872213 -43,836891
8995,112747 14804,872213 -39,125224
9045,112747 14804,872213 -35,659131
9095,112747 14804,872213 -32,524319
9145,112747 14804,872213 -29,714626
9195,112747 14804,872213 -27,222092
9245,112747 14804,872213 -25,037289
9295,112747 14804,872213 -23,149631
9345,112747 14804,872213 -21,547634
9395,112747 14804,872213 -20,219161
9445,112747 14804,872213 -19,151610
9495,112747 14804,872213 -18,332083
9545,112747 14804,872213 -17,747517
9595,112747 14804,872213 -17,384782
9645,112747 14804,872213 -17,230751
9695,112747 14804,872213 -17,272355
9745,112747 14804,872213 -17,496603
9795,112747 14804,872213 -17,890596
9845,112747 14804,872213 -18,441528
9895,112747 14804,872213 -19,136673
9945,112747 14804,872213 -19,963373
9995,112747 14804,872213 -20,909026
10045,112747 14804,872213 -21,961080
10095,112747 14804,872213 -23,107026
10145,112747 14804,872213 -24,334409
10195,112747 14804,872213 -25,630849
10245,112747 14804,872213 -26,984069
10295,112747 14804,872213 -28,381941
10345,112747 14804,872213 -29,812536
10395,112747 14804,872213 -31,264194
10445,112747 14804,872213 -32,725584
10495,112747 14804,872213 -34,185785
10545,112747 14804,872213 -35,634356
10595,112747 14804,872213 -37,061407
10645,112747 14804,872213 -38,457668
10695,112747 14804,872213 -39,814539
10745,112747 14804,872213 -41,124145
10795,112747 14804,872213 -42,379361
10845,112747 14804,872213 -43,573839
10895,112747 14804,872213 -44,702011
10945,112747 14804,872213 -45,759083
10995,112747 14804,872213 -46,741012
11045,112747 14804,872213 -47,644475
11095,112747 14804,872213 -48,466826
11145,112747 14804,872213 -49,206043
11195,112747 14804,872213 -49,860670
11245,112747 14804,872213 -50,429751
11295,112747 14804,872213 -50,912769
11345,112747 14804,872213 -51,309574
11395,112747 14804,872213 -51,620320
11445,112747 14804,872213 -51,845400
11495,112747 14804,872213 -51,985388
11545,112747 14804,872213 -52,040985
11595,112747 14804,872213 -52,012971
11645,112747 14804,872213 -51,902168
11695,112747 14804,872213 -51,709401
11745,112747 14804,872213 -51,435483
11795,112747 14804,872213 -51,081192
11845,112747 14804,872213 -50,647269
11895,112747 14804,872213 -50,134422
11945,112747 14804,872213 -49,543333
11995,112747 14804,872213 -48,874683
12045,112747 14804,872213 -48,129180
12095,112747 14804,872213 -47,307594
12145,112747 14804,872213 -46,410805
12195,112747 14804,872213 -45,439852
12245,112747 14804,872213 -44,395990
12295,112747 14804,872213 -43,280754
12345,112747 14804,872213 -33,216210
12395,112747 14804,872213 -32,136632
12445,112747 14804,872213 -31,007422
12495,112747 14804,872213 -29,832591
12545,112747 14804,872213 -28,616533
12595,112747 14804,872213 -27,364046
12645,112747 14804,872213 -26,080350
12695,112747 14804,872213 -24,771081
12745,112747 14804,872213 -23,442288
12795,112747 14804,872213 -22,100400
12845,112747 14804,872213 -20,752183
12895,112747 14804,872213 -19,404686
12945,112747 14804,872213 -18,065169
12995,112747 14804,872213 -16,741014
13045,112747 14804,872213 -15,439630
13095,112747 14804,872213 -14,168353
13145,112747 14804,872213 -12,934331
13195,112747 14804,872213 -11,744420
13245,112747 14804,872213 -10,605074
13295,112747 14804,872213 -9,522248
13345,112747 14804,872213 -8,501307
13395,112747 14804,872213 -7,546953
13445,112747 14804,872213 -6,663166
13495,112747 14804,872213 -5,853161
13545,112747 14804,872213 -5,119369
13595,112747 14804,872213 -4,463431
13645,112747 14804,872213 -3,886210
13695,112747 14804,872213 -3,387824
13745,112747 14804,872213 -2,967691
13795,112747 14804,872213 -2,624579
13845,112747 14804,872213 -2,356678
13895,112747 14804,872213 -2,161662
13945,112747 14804,872213 -2,036772
13995,112747 14804,872213 -1,978883
6545,112747 14854,872213 -190,320148
6595,112747 14854,872213 -192,121385
6645,112747 14854,872213 -195,756971
6695,112747 14854,872213 -197,299180
6745,112747 14854,872213 -198,758723
6795,112747 14854,872213 -200,121597
6845,112747 14854,872213 -201,372671
6895,112747 14854,872213 -202,495684
6945,112747 14854,872213 -203,473280
6995,112747 14854,872213 -204,287055
7045,112747 14854,872213 -204,917651
7095,112747 14854,872213 -205,344881
7145,112747 14854,872213 -205,547899
7195,112747 14854,872213 -205,505418
7245,112747 14854,872213 -205,195983
7295,112747 14854,872213 -204,598293
7345,112747 14854,872213 -203,691589
7395,112747 14854,872213 -202,456079
7445,112747 14854,872213 -200,873429
7495,112747 14854,872213 -198,927285
7545,112747 14854,872213 -196,603823
7595,112747 14854,872213 -193,892316
7645,112747 14854,872213 -190,785687
7695,112747 14854,872213 -187,281038
7745,112747 14854,872213 -183,380115
7795,112747 14854,872213 -179,089690
7845,112747 14854,872213 -174,421835
7895,112747 14854,872213 -169,394060
7945,112747 14854,872213 -164,029295
7995,112747 14854,872213 -158,355710
8045,112747 14854,872213 -152,406362
8095,112747 14854,872213 -146,218679
8145,112747 14854,872213 -139,833795
8195,112747 14854,872213 -133,295754
8245,112747 14854,872213 -126,650627
8295,112747 14854,872213 -119,945570
8345,112747 14854,872213 -113,227861
8395,112747 14854,872213 -106,543963
8445,112747 14854,872213 -99,938653
8495,112747 14854,872213 -93,454231
8545,112747 14854,872213 -87,129859
8595,112747 14854,872213 -81,001026
8645,112747 14854,872213 -75,099160
8695,112747 14854,872213 -69,451379
8745,112747 14854,872213 -64,080386
8795,112747 14854,872213 -59,004481
8845,112747 14854,872213 -54,237687
8895,112747 14854,872213 -49,789960
8945,112747 14854,872213 -45,667479
8995,112747 14854,872213 -40,968637
9045,112747 14854,872213 -37,595832
9095,112747 14854,872213 -34,537438
9145,112747 14854,872213 -31,788169
9195,112747 14854,872213 -29,340977
9245,112747 14854,872213 -27,187364
9295,112747 14854,872213 -25,317654
9345,112747 14854,872213 -23,721254
9395,112747 14854,872213 -22,386870
9445,112747 14854,872213 -21,302698
9495,112747 14854,872213 -20,456579
9545,112747 14854,872213 -19,836136
9595,112747 14854,872213 -19,428867
9645,112747 14854,872213 -19,222227
9695,112747 14854,872213 -19,203682
9745,112747 14854,872213 -19,360745
9795,112747 14854,872213 -19,680994
9845,112747 14854,872213 -20,152089
9895,112747 14854,872213 -20,761764
9945,112747 14854,872213 -21,497835
9995,112747 14854,872213 -22,348188
10045,112747 14854,872213 -23,300785
10095,112747 14854,872213 -24,343663
10145,112747 14854,872213 -25,464950
10195,112747 14854,872213 -26,652884
10245,112747 14854,872213 -27,895840
10295,112747 14854,872213 -29,182371
10345,112747 14854,872213 -30,501252
10395,112747 14854,872213 -31,841534
10445,112747 14854,872213 -33,192605
10495,112747 14854,872213 -34,544246
10545,112747 14854,872213 -35,886695
10595,112747 14854,872213 -37,210705
10645,112747 14854,872213 -38,507595
10695,112747 14854,872213 -39,769302
10745,112747 14854,872213 -40,988410
10795,112747 14854,872213 -42,158186
10845,112747 14854,872213 -43,272588
10895,112747 14854,872213 -44,326274
10945,112747 14854,872213 -45,314590
10995,112747 14854,872213 -46,233557
11045,112747 14854,872213 -47,079836
11095,112747 14854,872213 -47,850696
11145,112747 14854,872213 -48,543962
11195,112747 14854,872213 -49,157973
11245,112747 14854,872213 -49,691519
11295,112747 14854,872213 -50,143788
11345,112747 14854,872213 -50,514305
11395,112747 14854,872213 -50,802877
11445,112747 14854,872213 -51,009539
11495,112747 14854,872213 -51,134497
11545,112747 14854,872213 -51,178088
11595,112747 14854,872213 -51,140732
11645,112747 14854,872213 -51,022902
11695,112747 14854,872213 -50,825096
11745,112747 14854,872213 -50,547811
11795,112747 14854,872213 -50,191539
11845,112747 14854,872213 -49,756756
11895,112747 14854,872213 -49,243931
11945,112747 14854,872213 -48,653536
11995,112747 14854,872213 -47,986065
12045,112747 14854,872213 -47,242068
12095,112747 14854,872213 -46,422184
12145,112747 14854,872213 -45,527186
12195,112747 14854,872213 -44,558030
12245,112747 14854,872213 -43,515912
12295,112747 14854,872213 -42,402327
12345,112747 14854,872213 -32,207331
12395,112747 14854,872213 -31,147489
12445,112747 14854,872213 -30,037814
12495,112747 14854,872213 -28,882298
12545,112747 14854,872213 -27,685327
12595,112747 14854,872213 -26,451699
12645,112747 14854,872213 -25,186637
12695,112747 14854,872213 -23,895790
12745,112747 14854,872213 -22,585213
12795,112747 14854,872213 -21,261345
12845,112747 14854,872213 -19,930961
12895,112747 14854,872213 -18,601114
12945,112747 14854,872213 -17,279062
12995,112747 14854,872213 -15,972185
13045,112747 14854,872213 -14,687884
13095,112747 14854,872213 -13,433480
13145,112747 14854,872213 -12,216105
13195,112747 14854,872213 -11,042592
13245,112747 14854,872213 -9,919374
13295,112747 14854,872213 -8,852377
13345,112747 14854,872213 -7,846941
13395,112747 14854,872213 -6,907739
13445,112747 14854,872213 -6,038727
13495,112747 14854,872213 -5,243094
13545,112747 14854,872213 -4,523248
13595,112747 14854,872213 -3,880811
13645,112747 14854,872213 -3,316630
13695,112747 14854,872213 -2,830812
13745,112747 14854,872213 -2,422765
13795,112747 14854,872213 -2,091255
13845,112747 14854,872213 -1,834467
13895,112747 14854,872213 -1,650083
13945,112747 14854,872213 -1,535347
13995,112747 14854,872213 -1,487144
6545,112747 14904,872213 -188,002564
6595,112747 14904,872213 -189,690168
6645,112747 14904,872213 -193,356217
6695,112747 14904,872213 -194,781099
6745,112747 14904,872213 -196,121034
6795,112747 14904,872213 -197,362571
6845,112747 14904,872213 -198,491237
6895,112747 14904,872213 -199,491558
6945,112747 14904,872213 -200,347090
6995,112747 14904,872213 -201,040482
7045,112747 14904,872213 -201,553571
7095,112747 14904,872213 -201,867512
7145,112747 14904,872213 -201,962944
7195,112747 14904,872213 -201,820207
7245,112747 14904,872213 -201,419596
7295,112747 14904,872213 -200,741673
7345,112747 14904,872213 -199,767618
7395,112747 14904,872213 -198,479634
7445,112747 14904,872213 -196,861380
7495,112747 14904,872213 -194,898456
7545,112747 14904,872213 -192,578885
7595,112747 14904,872213 -189,893625
7645,112747 14904,872213 -186,837049
7695,112747 14904,872213 -183,407407
7745,112747 14904,872213 -179,607227
7795,112747 14904,872213 -175,443638
7845,112747 14904,872213 -170,928593
7895,112747 14904,872213 -166,078974
7945,112747 14904,872213 -160,916560
7995,112747 14904,872213 -155,467847
8045,112747 14904,872213 -149,763724
8095,112747 14904,872213 -143,839004
8145,112747 14904,872213 -137,731822
8195,112747 14904,872213 -131,482928
8245,112747 14904,872213 -125,134898
8295,112747 14904,872213 -118,731292
8345,112747 14904,872213 -112,315802
8395,112747 14904,872213 -105,931413
8445,112747 14904,872213 -99,619617
8495,112747 14904,872213 -93,419711
8545,112747 14904,872213 -87,368188
8595,112747 14904,872213 -81,498249
8645,112747 14904,872213 -75,839440
8695,112747 14904,872213 -70,417413
8745,112747 14904,872213 -65,253810
8795,112747 14904,872213 -60,366253
8845,112747 14904,872213 -55,768442
8895,112747 14904,872213 -51,470328
8945,112747 14904,872213 -47,478352
8995,112747 14904,872213 -42,786378
9045,112747 14904,872213 -39,508136
9095,112747 14904,872213 -36,527581
9145,112747 14904,872213 -33,840235
9195,112747 14904,872213 -31,439913
9245,112747 14904,872213 -29,318996
9295,112747 14904,872213 -27,468694
9345,112747 14904,872213 -25,879280
9395,112747 14904,872213 -24,540297
9445,112747 14904,872213 -23,440738
9495,112747 14904,872213 -22,569198
9545,112747 14904,872213 -21,914001
9595,112747 14904,872213 -21,463307
9645,112747 14904,872213 -21,205184
9695,112747 14904,872213 -21,127673
9745,112747 14904,872213 -21,218832
9795,112747 14904,872213 -21,466760
9845,112747 14904,872213 -21,859620
9895,112747 14904,872213 -22,385650
9945,112747 14904,872213 -23,033165
9995,112747 14904,872213 -23,790566
10045,112747 14904,872213 -24,646345
10095,112747 14904,872213 -25,589090
10145,112747 14904,872213 -26,607506
10195,112747 14904,872213 -27,690431
10245,112747 14904,872213 -28,826864
10295,112747 14904,872213 -30,005999
10345,112747 14904,872213 -31,217264
10395,112747 14904,872213 -32,450371
10445,112747 14904,872213 -33,695359
10495,112747 14904,872213 -34,942648
10545,112747 14904,872213 -36,183088
10595,112747 14904,872213 -37,408007
10645,112747 14904,872213 -38,609258
10695,112747 14904,872213 -39,779249
10745,112747 14904,872213 -40,910982
10795,112747 14904,872213 -41,998069
10845,112747 14904,872213 -43,034744
10895,112747 14904,872213 -44,015868
10945,112747 14904,872213 -44,936919
10995,112747 14904,872213 -45,793975
11045,112747 14904,872213 -46,583691
11095,112747 14904,872213 -47,303264
11145,112747 14904,872213 -47,950395
11195,112747 14904,872213 -48,523242
11245,112747 14904,872213 -49,020377
11295,112747 14904,872213 -49,440733
11345,112747 14904,872213 -49,783553
11395,112747 14904,872213 -50,048341
11445,112747 14904,872213 -50,234814
11495,112747 14904,872213 -50,342860
11545,112747 14904,872213 -50,372491
11595,112747 14904,872213 -50,323810
11645,112747 14904,872213 -50,196984
11695,112747 14904,872213 -49,992216
11745,112747 14904,872213 -49,709728
11795,112747 14904,872213 -49,349754
11845,112747 14904,872213 -48,912536
11895,112747 14904,872213 -48,398331
11945,112747 14904,872213 -47,807420
11995,112747 14904,872213 -47,140135
12045,112747 14904,872213 -46,396887
12095,112747 14904,872213 -45,578196
12145,112747 14904,872213 -44,684741
12195,112747 14904,872213 -43,717406
12245,112747 14904,872213 -42,677333
12295,112747 14904,872213 -41,565983
12345,112747 14904,872213 -31,243249
12395,112747 14904,872213 -30,203713
12445,112747 14904,872213 -29,114379
12495,112747 14904,872213 -27,979212
12545,112747 14904,872213 -26,802574
12595,112747 14904,872213 -25,589247
12645,112747 14904,872213 -24,344440
12695,112747 14904,872213 -23,073787
12745,112747 14904,872213 -21,783327
12795,112747 14904,872213 -20,479483
12845,112747 14904,872213 -19,169007
12895,112747 14904,872213 -17,858928
12945,112747 14904,872213 -16,556472
12995,112747 14904,872213 -15,268982
13045,112747 14904,872213 -14,003821
13095,112747 14904,872213 -12,768265
13145,112747 14904,872213 -11,569401
13195,112747 14904,872213 -10,414012
13245,112747 14904,872213 -9,308483
13295,112747 14904,872213 -8,258694
13345,112747 14904,872213 -7,269938
13395,112747 14904,872213 -6,346849
13445,112747 14904,872213 -5,493344
13495,112747 14904,872213 -4,712583
13545,112747 14904,872213 -4,006950
13595,112747 14904,872213 -3,378049
13645,112747 14904,872213 -2,826716
13695,112747 14904,872213 -2,353055
13745,112747 14904,872213 -1,956476
13795,112747 14904,872213 -1,635753
13845,112747 14904,872213 -1,389089
13895,112747 14904,872213 -1,214182
13945,112747 14904,872213 -1,108300
13995,112747 14904,872213 -1,068356
6545,112747 14954,872213 -185,630171
6595,112747 14954,872213 -187,205669
6645,112747 14954,872213 -190,912584
6695,112747 14954,872213 -192,222577
6745,112747 14954,872213 -193,445739
6795,112747 14954,872213 -194,569189
6845,112747 14954,872213 -195,579133
6895,112747 14954,872213 -196,460886
6945,112747 14954,872213 -197,198921
6995,112747 14954,872213 -197,776930
7045,112747 14954,872213 -198,177930
7095,112747 14954,872213 -198,384387
7145,112747 14954,872213 -198,378384
7195,112747 14954,872213 -198,141827
7245,112747 14954,872213 -197,656692
7295,112747 14954,872213 -196,905311
7345,112747 14954,872213 -195,870700
7395,112747 14954,872213 -194,536931
7445,112747 14954,872213 -192,889530
7495,112747 14954,872213 -190,915900
7545,112747 14954,872213 -188,605768
7595,112747 14954,872213 -185,951623
7645,112747 14954,872213 -182,949144
7695,112747 14954,872213 -179,597597
7745,112747 14954,872213 -175,900177
7795,112747 14954,872213 -171,864282
7845,112747 14954,872213 -167,501689
7895,112747 14954,872213 -162,828637
7945,112747 14954,872213 -157,865773
7995,112747 14954,872213 -152,637983
8045,112747 14954,872213 -147,174092
8095,112747 14954,872213 -141,506436
8145,112747 14954,872213 -135,670323
8195,112747 14954,872213 -129,703402
8245,112747 14954,872213 -123,644959
8295,112747 14954,872213 -117,535173
8345,112747 14954,872213 -111,414352
8395,112747 14954,872213 -105,322191
8445,112747 14954,872213 -99,297069
8495,112747 14954,872213 -93,375416
8545,112747 14954,872213 -87,591165
8595,112747 14954,872213 -81,975303
8645,112747 14954,872213 -76,555537
8695,112747 14954,872213 -71,356061
8745,112747 14954,872213 -66,397436
8795,112747 14954,872213 -61,696569
8845,112747 14954,872213 -57,266779
8895,112747 14954,872213 -53,117936
8945,112747 14954,872213 -49,256664
8995,112747 14954,872213 -44,565076
9045,112747 14954,872213 -41,381968
9095,112747 14954,872213 -38,480104
9145,112747 14954,872213 -35,855752
9195,112747 14954,872213 -33,503528
9245,112747 14954,872213 -31,416650
9295,112747 14954,872213 -29,587172
9345,112747 14954,872213 -28,006206
9395,112747 14954,872213 -26,664113
9445,112747 14954,872213 -25,550677
9495,112747 14954,872213 -24,655245
9545,112747 14954,872213 -23,966857
9595,112747 14954,872213 -23,474345
9645,112747 14954,872213 -23,166415
9695,112747 14954,872213 -23,031709
9745,112747 14954,872213 -23,058856
9795,112747 14954,872213 -23,236508
9845,112747 14954,872213 -23,553360
9895,112747 14954,872213 -23,998176
9945,112747 14954,872213 -24,559794
9995,112747 14954,872213 -25,227142
10045,112747 14954,872213 -25,989249
10095,112747 14954,872213 -26,835256
10145,112747 14954,872213 -27,754431
10195,112747 14954,872213 -28,736192
10245,112747 14954,872213 -29,770133
10295,112747 14954,872213 -30,846053
10345,112747 14954,872213 -31,953989
10395,112747 14954,872213 -33,084259
10445,112747 14954,872213 -34,227502
10495,112747 14954,872213 -35,374717
10545,112747 14954,872213 -36,517309
10595,112747 14954,872213 -37,647127
10645,112747 14954,872213 -38,756497
10695,112747 14954,872213 -39,838259
10745,112747 14954,872213 -40,885783
10795,112747 14954,872213 -41,892995
10845,112747 14954,872213 -42,854378
10895,112747 14954,872213 -43,764978
10945,112747 14954,872213 -44,620394
10995,112747 14954,872213 -45,416762
11045,112747 14954,872213 -46,150738
11095,112747 14954,872213 -46,819461
11145,112747 14954,872213 -47,420528
11195,112747 14954,872213 -47,951947
11245,112747 14954,872213 -48,412100
11295,112747 14954,872213 -48,799701
11345,112747 14954,872213 -49,113749
11395,112747 14954,872213 -49,353484
11445,112747 14954,872213 -49,518349
11495,112747 14954,872213 -49,607949
11545,112747 14954,872213 -49,622013
11595,112747 14954,872213 -49,560369
11645,112747 14954,872213 -49,422911
11695,112747 14954,872213 -49,209583
11745,112747 14954,872213 -48,920365
11795,112747 14954,872213 -48,555265
11845,112747 14954,872213 -48,114316
11895,112747 14954,872213 -47,597589
11945,112747 14954,872213 -47,005202
11995,112747 14954,872213 -46,337341
12045,112747 14954,872213 -45,594293
12095,112747 14954,872213 -44,776479
12145,112747 14954,872213 -43,884495
12195,112747 14954,872213 -42,919162
12245,112747 14954,872213 -41,881578
12295,112747 14954,872213 -40,773173
12345,112747 14954,872213 -30,324936
12395,112747 14954,872213 -29,306296
12445,112747 14954,872213 -28,238115
12495,112747 14954,872213 -27,124318
12545,112747 14954,872213 -25,969233
12595,112747 14954,872213 -24,777607
12645,112747 14954,872213 -23,554618
12695,112747 14954,872213 -22,305862
12745,112747 14954,872213 -21,037343
12795,112747 14954,872213 -19,755437
12845,112747 14954,872213 -18,466851
12895,112747 14954,872213 -17,178555
12945,112747 14954,872213 -15,897718
12995,112747 14954,872213 -14,631617
13045,112747 14954,872213 -13,387543
13095,112747 14954,872213 -12,172702
13145,112747 14954,872213 -10,994103
13195,112747 14954,872213 -9,858460
13245,112747 14954,872213 -8,772083
13295,112747 14954,872213 -7,740784
13345,112747 14954,872213 -6,769797
13395,112747 14954,872213 -5,863700
13445,112747 14954,872213 -5,026365
13495,112747 14954,872213 -4,260915
13545,112747 14954,872213 -3,569709
13595,112747 14954,872213 -2,954333
13645,112747 14954,872213 -2,415620
13695,112747 14954,872213 -1,953676
13745,112747 14954,872213 -1,567927
13795,112747 14954,872213 -1,257167
13845,112747 14954,872213 -1,019628
13895,112747 14954,872213 -0,853044
13945,112747 14954,872213 -0,754723
13995,112747 14954,872213 -0,721621
6545,112747 15004,872213 -183,214000
6595,112747 15004,872213 -184,679512
6645,112747 15004,872213 -188,437944
6695,112747 15004,872213 -189,636089
6745,112747 15004,872213 -190,745924
6795,112747 15004,872213 -191,755151
6845,112747 15004,872213 -192,650660
6895,112747 15004,872213 -193,418564
6945,112747 15004,872213 -194,044242
6995,112747 15004,872213 -194,512420
7045,112747 15004,872213 -194,807265
7095,112747 15004,872213 -194,912518
7145,112747 15004,872213 -194,811654
7195,112747 15004,872213 -194,488082
7245,112747 15004,872213 -193,925374
7295,112747 15004,872213 -193,107535
7345,112747 15004,872213 -192,019308
7395,112747 15004,872213 -190,646507
7445,112747 15004,872213 -188,976384
7495,112747 15004,872213 -186,998004
7545,112747 15004,872213 -184,702642
7595,112747 15004,872213 -182,084171
7645,112747 15004,872213 -179,139432
7695,112747 15004,872213 -175,868577
7745,112747 15004,872213 -172,275359
7795,112747 15004,872213 -168,367359
7845,112747 15004,872213 -164,156132
7895,112747 15004,872213 -159,657253
7945,112747 15004,872213 -154,890265
7995,112747 15004,872213 -149,878512
8045,112747 15004,872213 -144,648858
8095,112747 15004,872213 -139,231306
8145,112747 15004,872213 -133,658509
8195,112747 15004,872213 -127,965210
8245,112747 15004,872213 -122,187617
8295,112747 15004,872213 -116,362740
8345,112747 15004,872213 -110,527717
8395,112747 15004,872213 -104,719151
8445,112747 15004,872213 -98,972486
8495,112747 15004,872213 -93,321434
8545,112747 15004,872213 -87,797492
8595,112747 15004,872213 -82,429521
8645,112747 15004,872213 -77,243445
8695,112747 15004,872213 -72,262027
8745,112747 15004,872213 -67,504746
8795,112747 15004,872213 -62,987765
8845,112747 15004,872213 -58,723975
8895,112747 15004,872213 -54,723102
8945,112747 15004,872213 -50,991883
8995,112747 15004,872213 -46,293827
9045,112747 15004,872213 -43,205812
9095,112747 15004,872213 -40,382996
9145,112747 15004,872213 -37,822326
9195,112747 15004,872213 -35,519164
9245,112747 15004,872213 -33,467507
9295,112747 15004,872213 -31,660213
9345,112747 15004,872213 -30,089200
9395,112747 15004,872213 -28,745621
9445,112747 15004,872213 -27,620032
9495,112747 15004,872213 -26,702528
9545,112747 15004,872213 -25,982861
9595,112747 15004,872213 -25,450542
9645,112747 15004,872213 -25,094924
9695,112747 15004,872213 -24,905268
9745,112747 15004,872213 -24,870791
9795,112747 15004,872213 -24,980712
9845,112747 15004,872213 -25,224279
9895,112747 15004,872213 -25,590795
9945,112747 15004,872213 -26,069633
9995,112747 15004,872213 -26,650256
10045,112747 15004,872213 -27,322229
10095,112747 15004,872213 -28,075237
10145,112747 15004,872213 -28,899099
10195,112747 15004,872213 -29,783794
10245,112747 15004,872213 -30,719480
10295,112747 15004,872213 -31,696525
10345,112747 15004,872213 -32,705534
10395,112747 15004,872213 -33,737387
10445,112747 15004,872213 -34,783272
10495,112747 15004,872213 -35,834719
10545,112747 15004,872213 -36,883635
10595,112747 15004,872213 -37,922340
10645,112747 15004,872213 -38,943592
10695,112747 15004,872213 -39,940616
10745,112747 15004,872213 -40,907119
10795,112747 15004,872213 -41,837309
10845,112747 15004,872213 -42,725897
10895,112747 15004,872213 -43,568097
10945,112747 15004,872213 -44,359623
10995,112747 15004,872213 -45,096672
11045,112747 15004,872213 -45,775903
11095,112747 15004,872213 -46,394415
11145,112747 15004,872213 -46,949718
11195,112747 15004,872213 -47,439694
11245,112747 15004,872213 -47,862566
11295,112747 15004,872213 -48,216859
11345,112747 15004,872213 -48,501361
11395,112747 15004,872213 -48,715087
11445,112747 15004,872213 -48,857240
11495,112747 15004,872213 -48,927181
11545,112747 15004,872213 -48,924394
11595,112747 15004,872213 -48,848461
11645,112747 15004,872213 -48,699044
11695,112747 15004,872213 -48,475859
11745,112747 15004,872213 -48,178674
11795,112747 15004,872213 -47,807298
11845,112747 15004,872213 -47,361587
11895,112747 15004,872213 -46,841446
11945,112747 15004,872213 -46,246850
11995,112747 15004,872213 -45,577862
12045,112747 15004,872213 -44,834664
12095,112747 15004,872213 -44,017589
12145,112747 15004,872213 -43,127165
12195,112747 15004,872213 -42,164160
12245,112747 15004,872213 -41,129634
12295,112747 15004,872213 -40,024993
12345,112747 15004,872213 -29,452949
12395,112747 15004,872213 -28,455806
12445,112747 15004,872213 -27,409581
12495,112747 15004,872213 -26,318149
12545,112747 15004,872213 -25,185791
12595,112747 15004,872213 -24,017208
12645,112747 15004,872213 -22,817524
12695,112747 15004,872213 -21,592285
12745,112747 15004,872213 -20,347431
12795,112747 15004,872213 -19,089273
12845,112747 15004,872213 -17,824440
12895,112747 15004,872213 -16,559824
12945,112747 15004,872213 -15,302505
12995,112747 15004,872213 -14,059666
13045,112747 15004,872213 -12,838500
13095,112747 15004,872213 -11,646113
13145,112747 15004,872213 -10,489416
13195,112747 15004,872213 -9,375022
13245,112747 15004,872213 -8,309150
13295,112747 15004,872213 -7,297526
13345,112747 15004,872213 -6,345305
13395,112747 15004,872213 -5,457000
13445,112747 15004,872213 -4,636427
13495,112747 15004,872213 -3,886670
13545,112747 15004,872213 -3,210056
13595,112747 15004,872213 -2,608161
13645,112747 15004,872213 -2,081816
13695,112747 15004,872213 -1,631139
13745,112747 15004,872213 -1,255578
13795,112747 15004,872213 -0,953964
13845,112747 15004,872213 -0,724568
13895,112747 15004,872213 -0,565176
13945,112747 15004,872213 -0,473151
13995,112747 15004,872213 -0,445509
6545,112747 15054,872213 -180,764418
6595,112747 15054,872213 -182,122577
6645,112747 15054,872213 -185,943304
6695,112747 15054,872213 -187,033148
6745,112747 15054,872213 -188,033603
6795,112747 15054,872213 -188,932964
6845,112747 15054,872213 -189,718809
6895,112747 15054,872213 -190,378041
6945,112747 15054,872213 -190,896939
6995,112747 15054,872213 -191,261237
7045,112747 15054,872213 -191,456224
7095,112747 15054,872213 -191,466869
7145,112747 15054,872213 -191,277983
7195,112747 15054,872213 -190,874403
7245,112747 15054,872213 -190,241210
7295,112747 15054,872213 -189,363983
7345,112747 15054,872213 -188,229072
7395,112747 15054,872213 -186,823907
7445,112747 15054,872213 -185,137327
7495,112747 15054,872213 -183,159912
7545,112747 15054,872213 -180,884339
7595,112747 15054,872213 -178,305716
7645,112747 15054,872213 -175,421909
7695,112747 15054,872213 -172,233831
7745,112747 15054,872213 -168,745690
7795,112747 15054,872213 -164,965174
7845,112747 15054,872213 -160,903566
7895,112747 15054,872213 -156,575771
7945,112747 15054,872213 -152,000258
7995,112747 15054,872213 -147,198894
8045,112747 15054,872213 -142,196693
8095,112747 15054,872213 -137,021463
8145,112747 15054,872213 -131,703376
8195,112747 15054,872213 -126,274463
8245,112747 15054,872213 -120,768063
8295,112747 15054,872213 -115,218233
8345,112747 15054,872213 -109,659152
8395,112747 15054,872213 -104,124532
8445,112747 15054,872213 -98,647063
8495,112747 15054,872213 -93,257904
8545,112747 15054,872213 -87,986240
8595,112747 15054,872213 -82,858910
8645,112747 15054,872213 -77,900121
8695,112747 15054,872213 -73,131244
8745,112747 15054,872213 -68,570686
8795,112747 15054,872213 -64,233851
8845,112747 15054,872213 -60,133166
8895,112747 15054,872213 -56,278164
8945,112747 15054,872213 -52,675626
8995,112747 15054,872213 -47,964016
9045,112747 15054,872213 -44,970529
9095,112747 15054,872213 -42,226687
9145,112747 15054,872213 -39,730052
9195,112747 15054,872213 -37,476667
9245,112747 15054,872213 -35,461259
9295,112747 15054,872213 -33,677442
9345,112747 15054,872213 -32,117897
9395,112747 15054,872213 -30,774543
9445,112747 15054,872213 -29,638684
9495,112747 15054,872213 -28,701142
9545,112747 15054,872213 -27,952376
9595,112747 15054,872213 -27,382573
9645,112747 15054,872213 -26,981733
9695,112747 15054,872213 -26,739739
9745,112747 15054,872213 -26,646406
9795,112747 15054,872213 -26,691529
9845,112747 15054,872213 -26,864915
9895,112747 15054,872213 -27,156413
9945,112747 15054,872213 -27,555936
9995,112747 15054,872213 -28,053479
10045,112747 15054,872213 -28,639142
10095,112747 15054,872213 -29,303140
10145,112747 15054,872213 -30,035829
10195,112747 15054,872213 -30,827724
10245,112747 15054,872213 -31,669521
10295,112747 15054,872213 -32,552122
10345,112747 15054,872213 -33,466666
10395,112747 15054,872213 -34,404551
10445,112747 15054,872213 -35,357471
10495,112747 15054,872213 -36,317442
10545,112747 15054,872213 -37,276832
10595,112747 15054,872213 -38,228388
10645,112747 15054,872213 -39,165260
10695,112747 15054,872213 -40,081024
10745,112747 15054,872213 -40,969693
10795,112747 15054,872213 -41,825732
10845,112747 15054,872213 -42,644060
10895,112747 15054,872213 -43,420051
10945,112747 15054,872213 -44,149526
10995,112747 15054,872213 -44,828742
11045,112747 15054,872213 -45,454371
11095,112747 15054,872213 -46,023485
11145,112747 15054,872213 -46,533522
11195,112747 15054,872213 -46,982261
11245,112747 15054,872213 -47,367793
11295,112747 15054,872213 -47,688482
11345,112747 15054,872213 -47,942937
11395,112747 15054,872213 -48,129979
11445,112747 15054,872213 -48,248605
11495,112747 15054,872213 -48,297965
11545,112747 15054,872213 -48,277331
11595,112747 15054,872213 -48,186076
11645,112747 15054,872213 -48,023655
11695,112747 15054,872213 -47,789592
11745,112747 15054,872213 -47,483468
11795,112747 15054,872213 -47,104925
11845,112747 15054,872213 -46,653659
11895,112747 15054,872213 -46,129438
11945,112747 15054,872213 -45,532115
11995,112747 15054,872213 -44,861648
12045,112747 15054,872213 -44,118127
12095,112747 15054,872213 -43,301817
12145,112747 15054,872213 -42,413186
12195,112747 15054,872213 -41,452961
12245,112747 15054,872213 -40,422172
12295,112747 15054,872213 -39,322203
12345,112747 15054,872213 -28,627459
12395,112747 15054,872213 -27,652411
12445,112747 15054,872213 -26,628921
12495,112747 15054,872213 -25,560808
12545,112747 15054,872213 -24,452294
12595,112747 15054,872213 -23,308019
12645,112747 15054,872213 -22,133042
12695,112747 15054,872213 -20,932834
12745,112747 15054,872213 -19,713255
12795,112747 15054,872213 -18,480527
12845,112747 15054,872213 -17,241181
12895,112747 15054,872213 -16,002003
12945,112747 15054,872213 -14,769958
12995,112747 15054,872213 -13,552111
13045,112747 15054,872213 -12,355532
13095,112747 15054,872213 -11,187201
13145,112747 15054,872213 -10,053905
13195,112747 15054,872213 -8,962140
13245,112747 15054,872213 -7,918009
13295,112747 15054,872213 -6,927137
13345,112747 15054,872213 -5,994587
13395,112747 15054,872213 -5,124792
13445,112747 15054,872213 -4,321508
13495,112747 15054,872213 -3,587770
13545,112747 15054,872213 -2,925879
13595,112747 15054,872213 -2,337396
13645,112747 15054,872213 -1,823155
13695,112747 15054,872213 -1,383295
13745,112747 15054,872213 -1,017296
13795,112747 15054,872213 -0,724032
13845,112747 15054,872213 -0,501833
13895,112747 15054,872213 -0,348544
13945,112747 15054,872213 -0,261601
13995,112747 15054,872213 -0,238093
6545,112747 15104,872213 -178,291100
6595,112747 15104,872213 -179,544976
6645,112747 15104,872213 -183,438785
6695,112747 15104,872213 -184,424286
6745,112747 15104,872213 -185,319709
6795,112747 15104,872213 -186,113944
6845,112747 15104,872213 -186,795258
6895,112747 15104,872213 -187,351335
6945,112747 15104,872213 -187,769336
6995,112747 15104,872213 -188,035976
7045,112747 15104,872213 -188,137626
7095,112747 15104,872213 -188,060435
7145,112747 15104,872213 -187,790486
7195,112747 15104,872213 -187,313966
7245,112747 15104,872213 -186,617377
7295,112747 15104,872213 -185,687764
7345,112747 15104,872213 -184,512969
7395,112747 15104,872213 -183,081909
7445,112747 15104,872213 -181,384871
7495,112747 15104,872213 -179,413810
7545,112747 15104,872213 -177,162659
7595,112747 15104,872213 -174,627624
7645,112747 15104,872213 -171,807461
7695,112747 15104,872213 -168,703731
7745,112747 15104,872213 -165,320998
7795,112747 15104,872213 -161,666988
7845,112747 15104,872213 -157,752674
7895,112747 15104,872213 -153,592288
7945,112747 15104,872213 -149,203254
7995,112747 15104,872213 -144,606035
8045,112747 15104,872213 -139,823899
8095,112747 15104,872213 -134,882603
8145,112747 15104,872213 -129,810003
8195,112747 15104,872213 -124,635610
8245,112747 15104,872213 -119,390098
8295,112747 15104,872213 -114,104782
8345,112747 15104,872213 -108,811092
8395,112747 15104,872213 -103,540049
8445,112747 15104,872213 -98,321773
8495,112747 15104,872213 -93,185030
8545,112747 15104,872213 -88,156830
8595,112747 15104,872213 -83,262095
8645,112747 15104,872213 -78,523395
8695,112747 15104,872213 -73,960752
8745,112747 15104,872213 -69,591525
8795,112747 15104,872213 -65,430355
8845,112747 15104,872213 -61,489178
8895,112747 15104,872213 -57,777291
8945,112747 15104,872213 -54,301466
8995,112747 15104,872213 -49,569095
9045,112747 15104,872213 -46,669130
9095,112747 15104,872213 -44,003817
9145,112747 15104,872213 -41,571269
9195,112747 15104,872213 -39,368152
9245,112747 15104,872213 -37,389868
9295,112747 15104,872213 -35,630735
9345,112747 15104,872213 -34,084159
9395,112747 15104,872213 -32,742784
9445,112747 15104,872213 -31,598634
9495,112747 15104,872213 -30,643241
9545,112747 15104,872213 -29,867748
9595,112747 15104,872213 -29,263008
9645,112747 15104,872213 -28,819665
9695,112747 15104,872213 -28,528218
9745,112747 15104,872213 -28,379079
9795,112747 15104,872213 -28,362619
9845,112747 15104,872213 -28,469207
9895,112747 15104,872213 -28,689236
9945,112747 15104,872213 -29,013156
9995,112747 15104,872213 -29,431490
10045,112747 15104,872213 -29,934860
10095,112747 15104,872213 -30,514001
10145,112747 15104,872213 -31,159788
10195,112747 15104,872213 -31,863248
10245,112747 15104,872213 -32,615588
10295,112747 15104,872213 -33,408215
10345,112747 15104,872213 -34,232763
10395,112747 15104,872213 -35,081116
10445,112747 15104,872213 -35,945435
10495,112747 15104,872213 -36,818182
10545,112747 15104,872213 -37,692147
10595,112747 15104,872213 -38,560468
10645,112747 15104,872213 -39,416656
10695,112747 15104,872213 -40,254604
10745,112747 15104,872213 -41,068606
10795,112747 15104,872213 -41,853365
10845,112747 15104,872213 -42,603992
10895,112747 15104,872213 -43,316010
10945,112747 15104,872213 -43,985344
10995,112747 15104,872213 -44,608311
11045,112747 15104,872213 -45,181606
11095,112747 15104,872213 -45,702281
11145,112747 15104,872213 -46,167722
11195,112747 15104,872213 -46,575625
11245,112747 15104,872213 -46,923970
11295,112747 15104,872213 -47,210987
11345,112747 15104,872213 -47,435135
11395,112747 15104,872213 -47,595069
11445,112747 15104,872213 -47,689611
11495,112747 15104,872213 -47,717732
11545,112747 15104,872213 -47,678520
11595,112747 15104,872213 -47,571170
11645,112747 15104,872213 -47,394961
11695,112747 15104,872213 -47,149249
11745,112747 15104,872213 -46,833460
11795,112747 15104,872213 -46,447087
11845,112747 15104,872213 -45,989698
11895,112747 15104,872213 -45,460941
11945,112747 15104,872213 -44,860565
11995,112747 15104,872213 -44,188441
12045,112747 15104,872213 -43,444589
12095,112747 15104,872213 -42,629212
12145,112747 15104,872213 -41,742734
12195,112747 15104,872213 -40,785849
12245,112747 15104,872213 -39,759563
12295,112747 15104,872213 -38,665246
12345,112747 15104,872213 -27,848287
12395,112747 15104,872213 -26,895915
12445,112747 15104,872213 -25,895904
12495,112747 15104,872213 -24,852009
12545,112747 15104,872213 -23,768383
12595,112747 15104,872213 -22,649593
12645,112747 15104,872213 -21,500617
12695,112747 15104,872213 -20,326835
12745,112747 15104,872213 -19,134012
12795,112747 15104,872213 -17,928256
12845,112747 15104,872213 -16,715982
12895,112747 15104,872213 -15,503845
12945,112747 15104,872213 -14,298675
12995,112747 15104,872213 -13,107393
13045,112747 15104,872213 -11,936924
13095,112747 15104,872213 -10,794100
13145,112747 15104,872213 -9,685564
13195,112747 15104,872213 -8,617672
13245,112747 15104,872213 -7,596397
13295,112747 15104,872213 -6,627244
13345,112747 15104,872213 -5,715171
13395,112747 15104,872213 -4,864525
13445,112747 15104,872213 -4,078990
13495,112747 15104,872213 -3,361551
13545,112747 15104,872213 -2,714479
13595,112747 15104,872213 -2,139322
13645,112747 15104,872213 -1,636923
13695,112747 15104,872213 -1,207444
13745,112747 15104,872213 -0,850406
13795,112747 15104,872213 -0,564739
13845,112747 15104,872213 -0,348838
13895,112747 15104,872213 -0,200625
13945,112747 15104,872213 -0,117617
13995,112747 15104,872213 -0,096992
6545,112747 15154,872213 -175,803010
6595,112747 15154,872213 -176,956029
6645,112747 15154,872213 -180,933615
6695,112747 15154,872213 -181,819053
6745,112747 15154,872213 -182,614096
6795,112747 15154,872213 -183,308231
6845,112747 15154,872213 -183,890405
6895,112747 15154,872213 -184,349072
6945,112747 15154,872213 -184,672249
6995,112747 15154,872213 -184,847603
7045,112747 15154,872213 -184,862543
7095,112747 15154,872213 -184,704343
7145,112747 15154,872213 -184,360290
7195,112747 15154,872213 -183,817844
7245,112747 15154,872213 -183,064831
7295,112747 15154,872213 -182,089659
7345,112747 15154,872213 -180,881545
7395,112747 15154,872213 -179,430767
7445,112747 15154,872213 -177,728927
7495,112747 15154,872213 -175,769218
7545,112747 15154,872213 -173,546691
7595,112747 15154,872213 -171,058518
7645,112747 15154,872213 -168,304224
7695,112747 15154,872213 -165,285907
7745,112747 15154,872213 -162,008404
7795,112747 15154,872213 -158,479415
7845,112747 15154,872213 -154,709572
7895,112747 15154,872213 -150,712432
7945,112747 15154,872213 -146,504413
7995,112747 15154,872213 -142,104645
8045,112747 15154,872213 -137,534755
8095,112747 15154,872213 -132,818584
8145,112747 15154,872213 -127,981836
8195,112747 15154,872213 -123,051687
8245,112747 15154,872213 -118,056342
8295,112747 15154,872213 -113,024581
8345,112747 15154,872213 -107,985287
8395,112747 15154,872213 -102,966986
8445,112747 15154,872213 -97,997410
8495,112747 15154,872213 -93,103090
8545,112747 15154,872213 -88,308999
8595,112747 15154,872213 -83,638254
8645,112747 15154,872213 -79,111867
8695,112747 15154,872213 -74,748572
8745,112747 15154,872213 -70,564703
8795,112747 15154,872213 -66,574145
8845,112747 15154,872213 -62,788327
8895,112747 15154,872213 -59,216276
8945,112747 15154,872213 -55,864705
8995,112747 15154,872213 -51,104345
9045,112747 15154,872213 -48,296527
9095,112747 15154,872213 -45,708979
9145,112747 15154,872213 -43,340308
9195,112747 15154,872213 -41,187743
9245,112747 15154,872213 -39,247304
9295,112747 15154,872213 -37,513967
9345,112747 15154,872213 -35,981814
9395,112747 15154,872213 -34,644177
9445,112747 15154,872213 -33,493768
9495,112747 15154,872213 -32,522795
9545,112747 15154,872213 -31,723070
9595,112747 15154,872213 -31,086093
9645,112747 15154,872213 -30,603135
9695,112747 15154,872213 -30,265305
9745,112747 15154,872213 -30,063603
9795,112747 15154,872213 -29,988972
9845,112747 15154,872213 -30,032332
9895,112747 15154,872213 -30,184619
9945,112747 15154,872213 -30,436809
9995,112747 15154,872213 -30,779945
10045,112747 15154,872213 -31,205159
10095,112747 15154,872213 -31,703691
10145,112747 15154,872213 -32,266910
10195,112747 15154,872213 -32,886339
10245,112747 15154,872213 -33,553668
10295,112747 15154,872213 -34,260780
10345,112747 15154,872213 -34,999774
10395,112747 15154,872213 -35,762984
10445,112747 15154,872213 -36,543004
10495,112747 15154,872213 -37,332712
10545,112747 15154,872213 -38,125283
10595,112747 15154,872213 -38,914219
10645,112747 15154,872213 -39,693355
10695,112747 15154,872213 -40,456883
10745,112747 15154,872213 -41,199353
10795,112747 15154,872213 -41,915688
10845,112747 15154,872213 -42,601178
10895,112747 15154,872213 -43,251488
10945,112747 15154,872213 -43,862644
10995,112747 15154,872213 -44,431026
11045,112747 15154,872213 -44,953355
11095,112747 15154,872213 -45,426677
11145,112747 15154,872213 -45,848340
11195,112747 15154,872213 -46,215976
11245,112747 15154,872213 -46,527472
11295,112747 15154,872213 -46,780952
11345,112747 15154,872213 -46,974747
11395,112747 15154,872213 -47,107373
11445,112747 15154,872213 -47,177506
11495,112747 15154,872213 -47,183963
11545,112747 15154,872213 -47,125681
11595,112747 15154,872213 -47,001699
11645,112747 15154,872213 -46,811150
11695,112747 15154,872213 -46,553247
11745,112747 15154,872213 -46,227285
11795,112747 15154,872213 -45,832633
11845,112747 15154,872213 -45,368749
11895,112747 15154,872213 -44,835184
11945,112747 15154,872213 -44,231604
11995,112747 15154,872213 -43,557806
12045,112747 15154,872213 -42,813754
12095,112747 15154,872213 -41,999603
12145,112747 15154,872213 -41,115746
12195,112747 15154,872213 -40,162849
12245,112747 15154,872213 -39,141902
12295,112747 15154,872213 -38,054265
12345,112747 15154,872213 -27,114938
12395,112747 15154,872213 -26,185794
12445,112747 15154,872213 -25,209957
12495,112747 15154,872213 -24,191109
12545,112747 15154,872213 -23,133329
12595,112747 15154,872213 -22,041097
12645,112747 15154,872213 -20,919298
12695,112747 15154,872213 -19,773209
12745,112747 15154,872213 -18,608476
12795,112747 15154,872213 -17,431083
12845,112747 15154,872213 -16,247304
12895,112747 15154,872213 -15,063647
12945,112747 15154,872213 -13,886784
12995,112747 15154,872213 -12,723473
13045,112747 15154,872213 -11,580473
13095,112747 15154,872213 -10,464448
13145,112747 15154,872213 -9,381879
13195,112747 15154,872213 -8,338964
13245,112747 15154,872213 -7,341530
13295,112747 15154,872213 -6,394950
13345,112747 15154,872213 -5,504065
13395,112747 15154,872213 -4,673125
13445,112747 15154,872213 -3,905737
13495,112747 15154,872213 -3,204833
13545,112747 15154,872213 -2,572649
13595,112747 15154,872213 -2,010723
13645,112747 15154,872213 -1,519910
13695,112747 15154,872213 -1,100400
13745,112747 15154,872213 -0,751763
13795,112747 15154,872213 -0,472991
13845,112747 15154,872213 -0,262555
13895,112747 15154,872213 -0,118464
13945,112747 15154,872213 -0,038329
13995,112747 15154,872213 -0,019428
6545,112747 15204,872213 -173,308389
6595,112747 15204,872213 -174,364266
6645,112747 15204,872213 -178,436141
6695,112747 15204,872213 -179,226034
6745,112747 15204,872213 -179,925567
6795,112747 15204,872213 -180,524820
6845,112747 15204,872213 -181,013410
6895,112747 15204,872213 -181,380539
6945,112747 15204,872213 -181,615058
6995,112747 15204,872213 -181,705545
7045,112747 15204,872213 -181,640403
7095,112747 15204,872213 -181,407974
7145,112747 15204,872213 -180,996677
7195,112747 15204,872213 -180,395163
7245,112747 15204,872213 -179,592492
7295,112747 15204,872213 -178,578328
7345,112747 15204,872213 -177,343149
7395,112747 15204,872213 -175,878473
7445,112747 15204,872213 -174,177089
7495,112747 15204,872213 -172,233296
7545,112747 15204,872213 -170,043137
7595,112747 15204,872213 -167,604624
7645,112747 15204,872213 -164,917940
7695,112747 15204,872213 -161,985623
7745,112747 15204,872213 -158,812702
7795,112747 15204,872213 -155,406802
7845,112747 15204,872213 -151,778184
7895,112747 15204,872213 -147,939740
7945,112747 15204,872213 -143,906919
7995,112747 15204,872213 -139,697587
8045,112747 15204,872213 -135,331837
8095,112747 15204,872213 -130,831723
8145,112747 15204,872213 -126,220956
8195,112747 15204,872213 -121,524551
8245,112747 15204,872213 -116,768434
8295,112747 15204,872213 -111,979046
8345,112747 15204,872213 -107,182919
8395,112747 15204,872213 -102,406272
8445,112747 15204,872213 -97,674623
8495,112747 15204,872213 -93,012428
8545,112747 15204,872213 -88,442760
8595,112747 15204,872213 -83,987039
8645,112747 15204,872213 -79,664808
8695,112747 15204,872213 -75,493569
8745,112747 15204,872213 -71,488671
8795,112747 15204,872213 -67,663251
8845,112747 15204,872213 -64,028224
8895,112747 15204,872213 -60,592319
8945,112747 15204,872213 -57,362153
8995,112747 15204,872213 -52,566636
9045,112747 15204,872213 -49,849283
9095,112747 15204,872213 -47,338468
9145,112747 15204,872213 -45,033231
9195,112747 15204,872213 -42,931311
9245,112747 15204,872213 -41,029291
9295,112747 15204,872213 -39,322753
9345,112747 15204,872213 -37,806409
9395,112747 15204,872213 -36,474238
9445,112747 15204,872213 -35,319603
9495,112747 15204,872213 -34,335361
9545,112747 15204,872213 -33,513960
9595,112747 15204,872213 -32,847527
9645,112747 15204,872213 -32,327943
9695,112747 15204,872213 -31,946911
9745,112747 15204,872213 -31,696006
9795,112747 15204,872213 -31,566729
9845,112747 15204,872213 -31,550546
9895,112747 15204,872213 -31,638919
9945,112747 15204,872213 -31,823343
9995,112747 15204,872213 -32,095365
10045,112747 15204,872213 -32,446612
10095,112747 15204,872213 -32,868812
10145,112747 15204,872213 -33,353813
10195,112747 15204,872213 -33,893605
10245,112747 15204,872213 -34,480338
10295,112747 15204,872213 -35,106347
10345,112747 15204,872213 -35,764163
10395,112747 15204,872213 -36,446545
10445,112747 15204,872213 -37,146490
10495,112747 15204,872213 -37,857255
10545,112747 15204,872213 -38,572379
10595,112747 15204,872213 -39,285694
10645,112747 15204,872213 -39,991341
10695,112747 15204,872213 -40,683782
10745,112747 15204,872213 -41,357809
10795,112747 15204,872213 -42,008547
10845,112747 15204,872213 -42,631459
10895,112747 15204,872213 -43,222341
10945,112747 15204,872213 -43,777319
10995,112747 15204,872213 -44,292839
11045,112747 15204,872213 -44,765655
11095,112747 15204,872213 -45,192815
11145,112747 15204,872213 -45,571645
11195,112747 15204,872213 -45,899725
11245,112747 15204,872213 -46,174874
11295,112747 15204,872213 -46,395127
11345,112747 15204,872213 -46,558711
11395,112747 15204,872213 -46,664027
11445,112747 15204,872213 -46,709631
11495,112747 15204,872213 -46,694212
11545,112747 15204,872213 -46,616576
11595,112747 15204,872213 -46,475638
11645,112747 15204,872213 -46,270405
11695,112747 15204,872213 -45,999974
11745,112747 15204,872213 -45,663527
11795,112747 15204,872213 -45,260335
11845,112747 15204,872213 -44,789764
11895,112747 15204,872213 -44,251287
11945,112747 15204,872213 -43,644501
11995,112747 15204,872213 -42,969149
12045,112747 15204,872213 -42,225150
12095,112747 15204,872213 -41,412625
12145,112747 15204,872213 -40,531942
12195,112747 15204,872213 -39,583750
12245,112747 15204,872213 -38,569029
12295,112747 15204,872213 -37,489131
12345,112747 15204,872213 -26,426638
12395,112747 15204,872213 -25,521231
12445,112747 15204,872213 -24,570201
12495,112747 15204,872213 -23,577152
12545,112747 15204,872213 -22,546078
12595,112747 15204,872213 -21,481364
12645,112747 15204,872213 -20,387790
12695,112747 15204,872213 -19,270515
12745,112747 15204,872213 -18,135055
12795,112747 15204,872213 -16,987251
12845,112747 15204,872213 -15,833221
12895,112747 15204,872213 -14,679308
12945,112747 15204,872213 -13,532008
12995,112747 15204,872213 -12,397899
13045,112747 15204,872213 -11,283555
13095,112747 15204,872213 -10,195457
13145,112747 15204,872213 -9,139905
13195,112747 15204,872213 -8,122927
13245,112747 15204,872213 -7,150190
13295,112747 15204,872213 -6,226921
13345,112747 15204,872213 -5,35783